subdivision,year,month,season,actual,final_probability,risk_probability,risk_level,risk_alert,alert_priority,policy_threshold,prediction_status
0,2000,4,PRE_MONSOON,0,0.007050043,0.007050043,LOW,0,LOW,0.09,TRUE_NEGATIVE
1,2000,4,PRE_MONSOON,0,0.027199496,0.027199496,LOW,0,LOW,0.09,TRUE_NEGATIVE
2,2000,4,PRE_MONSOON,0,0.020259243,0.020259243,LOW,0,LOW,0.09,TRUE_NEGATIVE
3,2000,4,PRE_MONSOON,0,0.006708386,0.006708386,LOW,0,LOW,0.09,TRUE_NEGATIVE
4,2000,4,PRE_MONSOON,0,0.0071235597,0.0071235597,LOW,0,LOW,0.09,TRUE_NEGATIVE
5,2000,4,PRE_MONSOON,0,0.0057385983,0.0057385983,LOW,0,LOW,0.09,TRUE_NEGATIVE
6,2000,4,PRE_MONSOON,0,0.005834556,0.005834556,LOW,0,LOW,0.09,TRUE_NEGATIVE
7,2000,4,PRE_MONSOON,0,0.008016407,0.008016407,LOW,0,LOW,0.09,TRUE_NEGATIVE
8,2000,4,PRE_MONSOON,0,0.005951509,0.005951509,LOW,0,LOW,0.09,TRUE_NEGATIVE
9,2000,4,PRE_MONSOON,0,0.009633415,0.009633415,LOW,0,LOW,0.09,TRUE_NEGATIVE
10,2000,4,PRE_MONSOON,0,0.0061510066,0.0061510066,LOW,0,LOW,0.09,TRUE_NEGATIVE
11,2000,4,PRE_MONSOON,0,0.0050764857,0.0050764857,LOW,0,LOW,0.09,TRUE_NEGATIVE
12,2000,4,PRE_MONSOON,0,0.0057037356,0.0057037356,LOW,0,LOW,0.09,TRUE_NEGATIVE
13,2000,4,PRE_MONSOON,0,0.029529516,0.029529516,LOW,0,LOW,0.09,TRUE_NEGATIVE
14,2000,4,PRE_MONSOON,0,0.02383661,0.02383661,LOW,0,LOW,0.09,TRUE_NEGATIVE
15,2000,4,PRE_MONSOON,0,0.014306013,0.014306013,LOW,0,LOW,0.09,TRUE_NEGATIVE
16,2000,4,PRE_MONSOON,0,0.008711623,0.008711623,LOW,0,LOW,0.09,TRUE_NEGATIVE
17,2000,4,PRE_MONSOON,0,0.006325879,0.006325879,LOW,0,LOW,0.09,TRUE_NEGATIVE
18,2000,4,PRE_MONSOON,0,0.013555931,0.013555931,LOW,0,LOW,0.09,TRUE_NEGATIVE
19,2000,4,PRE_MONSOON,0,0.00617103,0.00617103,LOW,0,LOW,0.09,TRUE_NEGATIVE
20,2000,4,PRE_MONSOON,0,0.005357332,0.005357332,LOW,0,LOW,0.09,TRUE_NEGATIVE
21,2000,4,PRE_MONSOON,0,0.015241212,0.015241212,LOW,0,LOW,0.09,TRUE_NEGATIVE
22,2000,4,PRE_MONSOON,0,0.005574258,0.005574258,LOW,0,LOW,0.09,TRUE_NEGATIVE
23,2000,4,PRE_MONSOON,0,0.006087811,0.006087811,LOW,0,LOW,0.09,TRUE_NEGATIVE
24,2000,4,PRE_MONSOON,0,0.0061491644,0.0061491644,LOW,0,LOW,0.09,TRUE_NEGATIVE
25,2000,4,PRE_MONSOON,0,0.0051041413,0.0051041413,LOW,0,LOW,0.09,TRUE_NEGATIVE
26,2000,4,PRE_MONSOON,0,0.005167687,0.005167687,LOW,0,LOW,0.09,TRUE_NEGATIVE
27,2000,4,PRE_MONSOON,0,0.005989101,0.005989101,LOW,0,LOW,0.09,TRUE_NEGATIVE
28,2000,4,PRE_MONSOON,0,0.02885329,0.02885329,LOW,0,LOW,0.09,TRUE_NEGATIVE
29,2000,4,PRE_MONSOON,0,0.0058900774,0.0058900774,LOW,0,LOW,0.09,TRUE_NEGATIVE
30,2000,4,PRE_MONSOON,0,0.0050893654,0.0050893654,LOW,0,LOW,0.09,TRUE_NEGATIVE
31,2000,4,PRE_MONSOON,0,0.0060400055,0.0060400055,LOW,0,LOW,0.09,TRUE_NEGATIVE
32,2000,4,PRE_MONSOON,0,0.005023554,0.005023554,LOW,0,LOW,0.09,TRUE_NEGATIVE
33,2000,4,PRE_MONSOON,0,0.005033309,0.005033309,LOW,0,LOW,0.09,TRUE_NEGATIVE
34,2000,4,PRE_MONSOON,0,0.005819019,0.005819019,LOW,0,LOW,0.09,TRUE_NEGATIVE
35,2000,4,PRE_MONSOON,0,0.0050462326,0.0050462326,LOW,0,LOW,0.09,TRUE_NEGATIVE
0,2000,3,PRE_MONSOON,0,0.009351901,0.009351901,LOW,0,LOW,0.09,TRUE_NEGATIVE
1,2000,3,PRE_MONSOON,0,0.05715204,0.05715204,MODERATE,0,MODERATE,0.09,TRUE_NEGATIVE
2,2000,3,PRE_MONSOON,0,0.0656917,0.0656917,MODERATE,0,MODERATE,0.09,TRUE_NEGATIVE
3,2000,3,PRE_MONSOON,0,0.014715072,0.014715072,LOW,0,LOW,0.09,TRUE_NEGATIVE
4,2000,3,PRE_MONSOON,0,0.008868685,0.008868685,LOW,0,LOW,0.09,TRUE_NEGATIVE
5,2000,3,PRE_MONSOON,0,0.0061122975,0.0061122975,LOW,0,LOW,0.09,TRUE_NEGATIVE
6,2000,3,PRE_MONSOON,0,0.0069160755,0.0069160755,LOW,0,LOW,0.09,TRUE_NEGATIVE
7,2000,3,PRE_MONSOON,0,0.007158663,0.007158663,LOW,0,LOW,0.09,TRUE_NEGATIVE
8,2000,3,PRE_MONSOON,0,0.005866445,0.005866445,LOW,0,LOW,0.09,TRUE_NEGATIVE
9,2000,3,PRE_MONSOON,0,0.009417224,0.009417224,LOW,0,LOW,0.09,TRUE_NEGATIVE
10,2000,3,PRE_MONSOON,0,0.036194056,0.036194056,LOW,0,LOW,0.09,TRUE_NEGATIVE
11,2000,3,PRE_MONSOON,0,0.0052528433,0.0052528433,LOW,0,LOW,0.09,TRUE_NEGATIVE
12,2000,3,PRE_MONSOON,0,0.005498169,0.005498169,LOW,0,LOW,0.09,TRUE_NEGATIVE
13,2000,3,PRE_MONSOON,0,0.026590034,0.026590034,LOW,0,LOW,0.09,TRUE_NEGATIVE
14,2000,3,PRE_MONSOON,0,0.019412607,0.019412607,LOW,0,LOW,0.09,TRUE_NEGATIVE
15,2000,3,PRE_MONSOON,0,0.020446759,0.020446759,LOW,0,LOW,0.09,TRUE_NEGATIVE
16,2000,3,PRE_MONSOON,0,0.03557254,0.03557254,LOW,0,LOW,0.09,TRUE_NEGATIVE
17,2000,3,PRE_MONSOON,0,0.0063762856,0.0063762856,LOW,0,LOW,0.09,TRUE_NEGATIVE
18,2000,3,PRE_MONSOON,0,0.015007022,0.015007022,LOW,0,LOW,0.09,TRUE_NEGATIVE
19,2000,3,PRE_MONSOON,0,0.0070503866,0.0070503866,LOW,0,LOW,0.09,TRUE_NEGATIVE
20,2000,3,PRE_MONSOON,0,0.0063713063,0.0063713063,LOW,0,LOW,0.09,TRUE_NEGATIVE
21,2000,3,PRE_MONSOON,0,0.031622592,0.031622592,LOW,0,LOW,0.09,TRUE_NEGATIVE
22,2000,3,PRE_MONSOON,0,0.0071396045,0.0071396045,LOW,0,LOW,0.09,TRUE_NEGATIVE
23,2000,3,PRE_MONSOON,0,0.00897323,0.00897323,LOW,0,LOW,0.09,TRUE_NEGATIVE
24,2000,3,PRE_MONSOON,0,0.0059987656,0.0059987656,LOW,0,LOW,0.09,TRUE_NEGATIVE
25,2000,3,PRE_MONSOON,0,0.0056580645,0.0056580645,LOW,0,LOW,0.09,TRUE_NEGATIVE
26,2000,3,PRE_MONSOON,0,0.0051079565,0.0051079565,LOW,0,LOW,0.09,TRUE_NEGATIVE
27,2000,3,PRE_MONSOON,0,0.012949495,0.012949495,LOW,0,LOW,0.09,TRUE_NEGATIVE
28,2000,3,PRE_MONSOON,0,0.0921341,0.0921341,ELEVATED,1,ELEVATED,0.09,FALSE_POSITIVE
29,2000,3,PRE_MONSOON,0,0.0065123383,0.0065123383,LOW,0,LOW,0.09,TRUE_NEGATIVE
30,2000,3,PRE_MONSOON,0,0.005706916,0.005706916,LOW,0,LOW,0.09,TRUE_NEGATIVE
31,2000,3,PRE_MONSOON,0,0.0073911455,0.0073911455,LOW,0,LOW,0.09,TRUE_NEGATIVE
32,2000,3,PRE_MONSOON,0,0.005647861,0.005647861,LOW,0,LOW,0.09,TRUE_NEGATIVE
33,2000,3,PRE_MONSOON,0,0.005243063,0.005243063,LOW,0,LOW,0.09,TRUE_NEGATIVE
34,2000,3,PRE_MONSOON,0,0.005356189,0.005356189,LOW,0,LOW,0.09,TRUE_NEGATIVE
35,2000,3,PRE_MONSOON,0,0.005260907,0.005260907,LOW,0,LOW,0.09,TRUE_NEGATIVE
0,2000,7,MONSOON,0,0.031341147,0.031341147,LOW,0,LOW,0.09,TRUE_NEGATIVE
1,2000,7,MONSOON,0,0.029111275,0.029111275,LOW,0,LOW,0.09,TRUE_NEGATIVE
2,2000,7,MONSOON,0,0.08306708,0.08306708,MODERATE,0,MODERATE,0.09,TRUE_NEGATIVE
3,2000,7,MONSOON,0,0.04372508,0.04372508,LOW,0,LOW,0.09,TRUE_NEGATIVE
4,2000,7,MONSOON,0,0.04129219,0.04129219,LOW,0,LOW,0.09,TRUE_NEGATIVE
5,2000,7,MONSOON,0,0.032704193,0.032704193,LOW,0,LOW,0.09,TRUE_NEGATIVE
6,2000,7,MONSOON,0,0.053730812,0.053730812,MODERATE,0,MODERATE,0.09,TRUE_NEGATIVE
7,2000,7,MONSOON,0,0.026276149,0.026276149,LOW,0,LOW,0.09,TRUE_NEGATIVE
8,2000,7,MONSOON,0,0.0062852306,0.0062852306,LOW,0,LOW,0.09,TRUE_NEGATIVE
9,2000,7,MONSOON,0,0.023269974,0.023269974,LOW,0,LOW,0.09,TRUE_NEGATIVE
10,2000,7,MONSOON,0,0.094516866,0.094516866,ELEVATED,1,ELEVATED,0.09,FALSE_POSITIVE
11,2000,7,MONSOON,0,0.0062936824,0.0062936824,LOW,0,LOW,0.09,TRUE_NEGATIVE
12,2000,7,MONSOON,0,0.0070022,0.0070022,LOW,0,LOW,0.09,TRUE_NEGATIVE
13,2000,7,MONSOON,0,0.03128176,0.03128176,LOW,0,LOW,0.09,TRUE_NEGATIVE
14,2000,7,MONSOON,0,0.035613805,0.035613805,LOW,0,LOW,0.09,TRUE_NEGATIVE
15,2000,7,MONSOON,0,0.047165245,0.047165245,LOW,0,LOW,0.09,TRUE_NEGATIVE
16,2000,7,MONSOON,0,0.07369523,0.07369523,MODERATE,0,MODERATE,0.09,TRUE_NEGATIVE
17,2000,7,MONSOON,0,0.04752515,0.04752515,LOW,0,LOW,0.09,TRUE_NEGATIVE
18,2000,7,MONSOON,0,0.026694201,0.026694201,LOW,0,LOW,0.09,TRUE_NEGATIVE
19,2000,7,MONSOON,0,0.0605778,0.0605778,MODERATE,0,MODERATE,0.09,TRUE_NEGATIVE
20,2000,7,MONSOON,0,0.040691316,0.040691316,LOW,0,LOW,0.09,TRUE_NEGATIVE
21,2000,7,MONSOON,0,0.07443774,0.07443774,MODERATE,0,MODERATE,0.09,TRUE_NEGATIVE
22,2000,7,MONSOON,0,0.053705804,0.053705804,MODERATE,0,MODERATE,0.09,TRUE_NEGATIVE
23,2000,7,MONSOON,0,0.031698532,0.031698532,LOW,0,LOW,0.09,TRUE_NEGATIVE
24,2000,7,MONSOON,0,0.008200555,0.008200555,LOW,0,LOW,0.09,TRUE_NEGATIVE
25,2000,7,MONSOON,0,0.025498444,0.025498444,LOW,0,LOW,0.09,TRUE_NEGATIVE
26,2000,7,MONSOON,0,0.0070251543,0.0070251543,LOW,0,LOW,0.09,TRUE_NEGATIVE
27,2000,7,MONSOON,0,0.058392555,0.058392555,MODERATE,0,MODERATE,0.09,TRUE_NEGATIVE
28,2000,7,MONSOON,0,0.12980467,0.12980467,HIGH,1,HIGH,0.09,FALSE_POSITIVE
29,2000,7,MONSOON,0,0.018789701,0.018789701,LOW,0,LOW,0.09,TRUE_NEGATIVE
30,2000,7,MONSOON,0,0.029843561,0.029843561,LOW,0,LOW,0.09,TRUE_NEGATIVE
31,2000,7,MONSOON,0,0.015656225,0.015656225,LOW,0,LOW,0.09,TRUE_NEGATIVE
32,2000,7,MONSOON,0,0.01902609,0.01902609,LOW,0,LOW,0.09,TRUE_NEGATIVE
33,2000,7,MONSOON,0,0.02232694,0.02232694,LOW,0,LOW,0.09,TRUE_NEGATIVE
34,2000,7,MONSOON,0,0.0066440986,0.0066440986,LOW,0,LOW,0.09,TRUE_NEGATIVE
35,2000,7,MONSOON,0,0.010561551,0.010561551,LOW,0,LOW,0.09,TRUE_NEGATIVE
0,2000,0,UNKNOWN,0,0.06287676,0.06287676,MODERATE,0,MODERATE,0.09,TRUE_NEGATIVE
1,2000,0,UNKNOWN,0,0.04332072,0.04332072,LOW,0,LOW,0.09,TRUE_NEGATIVE
2,2000,0,UNKNOWN,0,0.09188442,0.09188442,ELEVATED,1,ELEVATED,0.09,FALSE_POSITIVE
3,2000,0,UNKNOWN,0,0.08544109,0.08544109,MODERATE,0,MODERATE,0.09,TRUE_NEGATIVE
4,2000,0,UNKNOWN,0,0.13104011,0.13104011,HIGH,1,HIGH,0.09,FALSE_POSITIVE
5,2000,0,UNKNOWN,0,0.067914076,0.067914076,MODERATE,0,MODERATE,0.09,TRUE_NEGATIVE
6,2000,0,UNKNOWN,0,0.08731876,0.08731876,MODERATE,0,MODERATE,0.09,TRUE_NEGATIVE
7,2000,0,UNKNOWN,0,0.11604828,0.11604828,HIGH,1,HIGH,0.09,FALSE_POSITIVE
8,2000,0,UNKNOWN,0,0.008530116,0.008530116,LOW,0,LOW,0.09,TRUE_NEGATIVE
9,2000,0,UNKNOWN,0,0.06840834,0.06840834,MODERATE,0,MODERATE,0.09,TRUE_NEGATIVE
10,2000,0,UNKNOWN,0,0.07828008,0.07828008,MODERATE,0,MODERATE,0.09,TRUE_NEGATIVE
11,2000,0,UNKNOWN,0,0.015244411,0.015244411,LOW,0,LOW,0.09,TRUE_NEGATIVE
12,2000,0,UNKNOWN,0,0.02039286,0.02039286,LOW,0,LOW,0.09,TRUE_NEGATIVE
13,2000,0,UNKNOWN,0,0.055483405,0.055483405,MODERATE,0,MODERATE,0.09,TRUE_NEGATIVE
14,2000,0,UNKNOWN,0,0.05249813,0.05249813,MODERATE,0,MODERATE,0.09,TRUE_NEGATIVE
15,2000,0,UNKNOWN,0,0.087722994,0.087722994,MODERATE,0,MODERATE,0.09,TRUE_NEGATIVE
16,2000,0,UNKNOWN,1,0.09120838,0.09120838,ELEVATED,1,ELEVATED,0.09,TRUE_POSITIVE
17,2000,0,UNKNOWN,0,0.11275726,0.11275726,HIGH,1,HIGH,0.09,FALSE_POSITIVE
18,2000,0,UNKNOWN,1,0.060644742,0.060644742,MODERATE,0,MODERATE,0.09,FALSE_NEGATIVE
19,2000,0,UNKNOWN,0,0.11156481,0.11156481,HIGH,1,HIGH,0.09,FALSE_POSITIVE
20,2000,0,UNKNOWN,0,0.11666506,0.11666506,HIGH,1,HIGH,0.09,FALSE_POSITIVE
21,2000,0,UNKNOWN,0,0.05887886,0.05887886,MODERATE,0,MODERATE,0.09,TRUE_NEGATIVE
22,2000,0,UNKNOWN,0,0.09173191,0.09173191,ELEVATED,1,ELEVATED,0.09,FALSE_POSITIVE
23,2000,0,UNKNOWN,0,0.10770956,0.10770956,HIGH,1,HIGH,0.09,FALSE_POSITIVE
24,2000,0,UNKNOWN,0,0.04180072,0.04180072,LOW,0,LOW,0.09,TRUE_NEGATIVE
25,2000,0,UNKNOWN,0,0.063596934,0.063596934,MODERATE,0,MODERATE,0.09,TRUE_NEGATIVE
26,2000,0,UNKNOWN,0,0.006481308,0.006481308,LOW,0,LOW,0.09,TRUE_NEGATIVE
27,2000,0,UNKNOWN,0,0.11332113,0.11332113,HIGH,1,HIGH,0.09,FALSE_POSITIVE
28,2000,0,UNKNOWN,0,0.13078149,0.13078149,HIGH,1,HIGH,0.09,FALSE_POSITIVE
29,2000,0,UNKNOWN,0,0.03730217,0.03730217,LOW,0,LOW,0.09,TRUE_NEGATIVE
30,2000,0,UNKNOWN,0,0.08270546,0.08270546,MODERATE,0,MODERATE,0.09,TRUE_NEGATIVE
31,2000,0,UNKNOWN,0,0.079097904,0.079097904,MODERATE,0,MODERATE,0.09,TRUE_NEGATIVE
32,2000,0,UNKNOWN,0,0.10862045,0.10862045,HIGH,1,HIGH,0.09,FALSE_POSITIVE
33,2000,0,UNKNOWN,0,0.038231038,0.038231038,LOW,0,LOW,0.09,TRUE_NEGATIVE
34,2000,0,UNKNOWN,0,0.009474877,0.009474877,LOW,0,LOW,0.09,TRUE_NEGATIVE
35,2000,0,UNKNOWN,0,0.05181136,0.05181136,MODERATE,0,MODERATE,0.09,TRUE_NEGATIVE
0,2000,8,MONSOON,0,0.081230655,0.081230655,MODERATE,0,MODERATE,0.09,TRUE_NEGATIVE
1,2000,8,MONSOON,0,0.05309326,0.05309326,MODERATE,0,MODERATE,0.09,TRUE_NEGATIVE
2,2000,8,MONSOON,0,0.09156445,0.09156445,ELEVATED,1,ELEVATED,0.09,FALSE_POSITIVE
3,2000,8,MONSOON,0,0.13211271,0.13211271,HIGH,1,HIGH,0.09,FALSE_POSITIVE
4,2000,8,MONSOON,1,0.15445533,0.15445533,CRITICAL,1,CRITICAL,0.09,TRUE_POSITIVE
5,2000,8,MONSOON,0,0.10641686,0.10641686,HIGH,1,HIGH,0.09,FALSE_POSITIVE
6,2000,8,MONSOON,0,0.13694818,0.13694818,HIGH,1,HIGH,0.09,FALSE_POSITIVE
7,2000,8,MONSOON,0,0.111912996,0.111912996,HIGH,1,HIGH,0.09,FALSE_POSITIVE
8,2000,8,MONSOON,0,0.0101289395,0.0101289395,LOW,0,LOW,0.09,TRUE_NEGATIVE
9,2000,8,MONSOON,0,0.07100457,0.07100457,MODERATE,0,MODERATE,0.09,TRUE_NEGATIVE
10,2000,8,MONSOON,1,0.11360279,0.11360279,HIGH,1,HIGH,0.09,TRUE_POSITIVE
11,2000,8,MONSOON,0,0.023249906,0.023249906,LOW,0,LOW,0.09,TRUE_NEGATIVE
12,2000,8,MONSOON,0,0.026586257,0.026586257,LOW,0,LOW,0.09,TRUE_NEGATIVE
13,2000,8,MONSOON,1,0.046750654,0.046750654,LOW,0,LOW,0.09,FALSE_NEGATIVE
14,2000,8,MONSOON,0,0.06638613,0.06638613,MODERATE,0,MODERATE,0.09,TRUE_NEGATIVE
15,2000,8,MONSOON,1,0.10898521,0.10898521,HIGH,1,HIGH,0.09,TRUE_POSITIVE
16,2000,8,MONSOON,1,0.12104676,0.12104676,HIGH,1,HIGH,0.09,TRUE_POSITIVE
17,2000,8,MONSOON,0,0.15282215,0.15282215,CRITICAL,1,CRITICAL,0.09,FALSE_POSITIVE
18,2000,8,MONSOON,1,0.12588336,0.12588336,HIGH,1,HIGH,0.09,TRUE_POSITIVE
19,2000,8,MONSOON,0,0.12041177,0.12041177,HIGH,1,HIGH,0.09,FALSE_POSITIVE
20,2000,8,MONSOON,0,0.115161315,0.115161315,HIGH,1,HIGH,0.09,FALSE_POSITIVE
21,2000,8,MONSOON,0,0.07781709,0.07781709,MODERATE,0,MODERATE,0.09,TRUE_NEGATIVE
22,2000,8,MONSOON,0,0.113139145,0.113139145,HIGH,1,HIGH,0.09,FALSE_POSITIVE
23,2000,8,MONSOON,0,0.13261397,0.13261397,HIGH,1,HIGH,0.09,FALSE_POSITIVE
24,2000,8,MONSOON,0,0.044969812,0.044969812,LOW,0,LOW,0.09,TRUE_NEGATIVE
25,2000,8,MONSOON,0,0.0919576,0.0919576,ELEVATED,1,ELEVATED,0.09,FALSE_POSITIVE
26,2000,8,MONSOON,0,0.0058037974,0.0058037974,LOW,0,LOW,0.09,TRUE_NEGATIVE
27,2000,8,MONSOON,0,0.14406478,0.14406478,HIGH,1,HIGH,0.09,FALSE_POSITIVE
28,2000,8,MONSOON,0,0.12740077,0.12740077,HIGH,1,HIGH,0.09,FALSE_POSITIVE
29,2000,8,MONSOON,0,0.05487992,0.05487992,MODERATE,0,MODERATE,0.09,TRUE_NEGATIVE
30,2000,8,MONSOON,0,0.07957685,0.07957685,MODERATE,0,MODERATE,0.09,TRUE_NEGATIVE
31,2000,8,MONSOON,0,0.113132544,0.113132544,HIGH,1,HIGH,0.09,FALSE_POSITIVE
32,2000,8,MONSOON,0,0.10451161,0.10451161,HIGH,1,HIGH,0.09,FALSE_POSITIVE
33,2000,8,MONSOON,1,0.03866101,0.03866101,LOW,0,LOW,0.09,FALSE_NEGATIVE
34,2000,8,MONSOON,0,0.011262164,0.011262164,LOW,0,LOW,0.09,TRUE_NEGATIVE
35,2000,8,MONSOON,0,0.07139503,0.07139503,MODERATE,0,MODERATE,0.09,TRUE_NEGATIVE
0,2000,6,MONSOON,0,0.08285597,0.08285597,MODERATE,0,MODERATE,0.09,TRUE_NEGATIVE
1,2000,6,MONSOON,0,0.035918348,0.035918348,LOW,0,LOW,0.09,TRUE_NEGATIVE
2,2000,6,MONSOON,0,0.079845294,0.079845294,MODERATE,0,MODERATE,0.09,TRUE_NEGATIVE
3,2000,6,MONSOON,0,0.13222179,0.13222179,HIGH,1,HIGH,0.09,FALSE_POSITIVE
4,2000,6,MONSOON,1,0.14034474,0.14034474,HIGH,1,HIGH,0.09,TRUE_POSITIVE
5,2000,6,MONSOON,0,0.10683325,0.10683325,HIGH,1,HIGH,0.09,FALSE_POSITIVE
6,2000,6,MONSOON,0,0.12045794,0.12045794,HIGH,1,HIGH,0.09,FALSE_POSITIVE
7,2000,6,MONSOON,0,0.12095135,0.12095135,HIGH,1,HIGH,0.09,FALSE_POSITIVE
8,2000,6,MONSOON,0,0.008907022,0.008907022,LOW,0,LOW,0.09,TRUE_NEGATIVE
9,2000,6,MONSOON,0,0.090581626,0.090581626,ELEVATED,1,ELEVATED,0.09,FALSE_POSITIVE
10,2000,6,MONSOON,1,0.06616506,0.06616506,MODERATE,0,MODERATE,0.09,FALSE_NEGATIVE
11,2000,6,MONSOON,0,0.05398045,0.05398045,MODERATE,0,MODERATE,0.09,TRUE_NEGATIVE
12,2000,6,MONSOON,0,0.01434756,0.01434756,LOW,0,LOW,0.09,TRUE_NEGATIVE
13,2000,6,MONSOON,1,0.0805466,0.0805466,MODERATE,0,MODERATE,0.09,FALSE_NEGATIVE
14,2000,6,MONSOON,0,0.0644084,0.0644084,MODERATE,0,MODERATE,0.09,TRUE_NEGATIVE
15,2000,6,MONSOON,1,0.09834033,0.09834033,ELEVATED,1,ELEVATED,0.09,TRUE_POSITIVE
16,2000,6,MONSOON,1,0.092534125,0.092534125,ELEVATED,1,ELEVATED,0.09,TRUE_POSITIVE
17,2000,6,MONSOON,0,0.13069105,0.13069105,HIGH,1,HIGH,0.09,FALSE_POSITIVE
18,2000,6,MONSOON,1,0.107271716,0.107271716,HIGH,1,HIGH,0.09,TRUE_POSITIVE
19,2000,6,MONSOON,0,0.113738954,0.113738954,HIGH,1,HIGH,0.09,FALSE_POSITIVE
20,2000,6,MONSOON,0,0.10951802,0.10951802,HIGH,1,HIGH,0.09,FALSE_POSITIVE
21,2000,6,MONSOON,0,0.10118089,0.10118089,HIGH,1,HIGH,0.09,FALSE_POSITIVE
22,2000,6,MONSOON,0,0.12472798,0.12472798,HIGH,1,HIGH,0.09,FALSE_POSITIVE
23,2000,6,MONSOON,0,0.13028398,0.13028398,HIGH,1,HIGH,0.09,FALSE_POSITIVE
24,2000,6,MONSOON,0,0.019694027,0.019694027,LOW,0,LOW,0.09,TRUE_NEGATIVE
25,2000,6,MONSOON,0,0.09569892,0.09569892,ELEVATED,1,ELEVATED,0.09,FALSE_POSITIVE
26,2000,6,MONSOON,0,0.0061882115,0.0061882115,LOW,0,LOW,0.09,TRUE_NEGATIVE
27,2000,6,MONSOON,0,0.14386988,0.14386988,HIGH,1,HIGH,0.09,FALSE_POSITIVE
28,2000,6,MONSOON,0,0.09184556,0.09184556,ELEVATED,1,ELEVATED,0.09,FALSE_POSITIVE
29,2000,6,MONSOON,0,0.09578496,0.09578496,ELEVATED,1,ELEVATED,0.09,FALSE_POSITIVE
30,2000,6,MONSOON,0,0.08668262,0.08668262,MODERATE,0,MODERATE,0.09,TRUE_NEGATIVE
31,2000,6,MONSOON,0,0.10850799,0.10850799,HIGH,1,HIGH,0.09,FALSE_POSITIVE
32,2000,6,MONSOON,1,0.1233274,0.1233274,HIGH,1,HIGH,0.09,TRUE_POSITIVE
33,2000,6,MONSOON,1,0.09139644,0.09139644,ELEVATED,1,ELEVATED,0.09,TRUE_POSITIVE
34,2000,6,MONSOON,0,0.009793985,0.009793985,LOW,0,LOW,0.09,TRUE_NEGATIVE
35,2000,6,MONSOON,0,0.086140774,0.086140774,MODERATE,0,MODERATE,0.09,TRUE_NEGATIVE
0,2000,5,PRE_MONSOON,0,0.12615614,0.12615614,HIGH,1,HIGH,0.09,FALSE_POSITIVE
1,2000,5,PRE_MONSOON,0,0.041258667,0.041258667,LOW,0,LOW,0.09,TRUE_NEGATIVE
2,2000,5,PRE_MONSOON,0,0.11291208,0.11291208,HIGH,1,HIGH,0.09,FALSE_POSITIVE
3,2000,5,PRE_MONSOON,0,0.0710093,0.0710093,MODERATE,0,MODERATE,0.09,TRUE_NEGATIVE
4,2000,5,PRE_MONSOON,1,0.11126058,0.11126058,HIGH,1,HIGH,0.09,TRUE_POSITIVE
5,2000,5,PRE_MONSOON,0,0.094907194,0.094907194,ELEVATED,1,ELEVATED,0.09,FALSE_POSITIVE
6,2000,5,PRE_MONSOON,0,0.055380598,0.055380598,MODERATE,0,MODERATE,0.09,TRUE_NEGATIVE
7,2000,5,PRE_MONSOON,0,0.087276794,0.087276794,MODERATE,0,MODERATE,0.09,TRUE_NEGATIVE
8,2000,5,PRE_MONSOON,0,0.011255206,0.011255206,LOW,0,LOW,0.09,TRUE_NEGATIVE
9,2000,5,PRE_MONSOON,0,0.06550725,0.06550725,MODERATE,0,MODERATE,0.09,TRUE_NEGATIVE
10,2000,5,PRE_MONSOON,1,0.0503615,0.0503615,MODERATE,0,MODERATE,0.09,FALSE_NEGATIVE
11,2000,5,PRE_MONSOON,0,0.041777536,0.041777536,LOW,0,LOW,0.09,TRUE_NEGATIVE
12,2000,5,PRE_MONSOON,0,0.007916454,0.007916454,LOW,0,LOW,0.09,TRUE_NEGATIVE
13,2000,5,PRE_MONSOON,1,0.049599037,0.049599037,LOW,0,LOW,0.09,FALSE_NEGATIVE
14,2000,5,PRE_MONSOON,0,0.061276287,0.061276287,MODERATE,0,MODERATE,0.09,TRUE_NEGATIVE
15,2000,5,PRE_MONSOON,1,0.055165216,0.055165216,MODERATE,0,MODERATE,0.09,FALSE_NEGATIVE
16,2000,5,PRE_MONSOON,0,0.11506436,0.11506436,HIGH,1,HIGH,0.09,FALSE_POSITIVE
17,2000,5,PRE_MONSOON,0,0.095414184,0.095414184,ELEVATED,1,ELEVATED,0.09,FALSE_POSITIVE
18,2000,5,PRE_MONSOON,0,0.08126946,0.08126946,MODERATE,0,MODERATE,0.09,TRUE_NEGATIVE
19,2000,5,PRE_MONSOON,0,0.10346779,0.10346779,HIGH,1,HIGH,0.09,FALSE_POSITIVE
20,2000,5,PRE_MONSOON,0,0.0978325,0.0978325,ELEVATED,1,ELEVATED,0.09,FALSE_POSITIVE
21,2000,5,PRE_MONSOON,0,0.09916828,0.09916828,ELEVATED,1,ELEVATED,0.09,FALSE_POSITIVE
22,2000,5,PRE_MONSOON,0,0.1029785,0.1029785,HIGH,1,HIGH,0.09,FALSE_POSITIVE
23,2000,5,PRE_MONSOON,0,0.06514032,0.06514032,MODERATE,0,MODERATE,0.09,TRUE_NEGATIVE
24,2000,5,PRE_MONSOON,0,0.008875633,0.008875633,LOW,0,LOW,0.09,TRUE_NEGATIVE
25,2000,5,PRE_MONSOON,0,0.09731703,0.09731703,ELEVATED,1,ELEVATED,0.09,FALSE_POSITIVE
26,2000,5,PRE_MONSOON,0,0.006140551,0.006140551,LOW,0,LOW,0.09,TRUE_NEGATIVE
27,2000,5,PRE_MONSOON,0,0.12514198,0.12514198,HIGH,1,HIGH,0.09,FALSE_POSITIVE
28,2000,5,PRE_MONSOON,0,0.08019572,0.08019572,MODERATE,0,MODERATE,0.09,TRUE_NEGATIVE
29,2000,5,PRE_MONSOON,0,0.09884728,0.09884728,ELEVATED,1,ELEVATED,0.09,FALSE_POSITIVE
30,2000,5,PRE_MONSOON,0,0.044413224,0.044413224,LOW,0,LOW,0.09,TRUE_NEGATIVE
31,2000,5,PRE_MONSOON,0,0.054332845,0.054332845,MODERATE,0,MODERATE,0.09,TRUE_NEGATIVE
32,2000,5,PRE_MONSOON,1,0.07354978,0.07354978,MODERATE,0,MODERATE,0.09,FALSE_NEGATIVE
33,2000,5,PRE_MONSOON,1,0.06870747,0.06870747,MODERATE,0,MODERATE,0.09,FALSE_NEGATIVE
34,2000,5,PRE_MONSOON,0,0.008604273,0.008604273,LOW,0,LOW,0.09,TRUE_NEGATIVE
35,2000,5,PRE_MONSOON,0,0.07313984,0.07313984,MODERATE,0,MODERATE,0.09,TRUE_NEGATIVE
0,2000,1,WINTER,0,0.086346254,0.086346254,MODERATE,0,MODERATE,0.09,TRUE_NEGATIVE
1,2000,1,WINTER,0,0.04283009,0.04283009,LOW,0,LOW,0.09,TRUE_NEGATIVE
2,2000,1,WINTER,0,0.09132233,0.09132233,ELEVATED,1,ELEVATED,0.09,FALSE_POSITIVE
3,2000,1,WINTER,0,0.02680537,0.02680537,LOW,0,LOW,0.09,TRUE_NEGATIVE
4,2000,1,WINTER,0,0.029869014,0.029869014,LOW,0,LOW,0.09,TRUE_NEGATIVE
5,2000,1,WINTER,0,0.042078618,0.042078618,LOW,0,LOW,0.09,TRUE_NEGATIVE
6,2000,1,WINTER,0,0.063976586,0.063976586,MODERATE,0,MODERATE,0.09,TRUE_NEGATIVE
7,2000,1,WINTER,0,0.0137962205,0.0137962205,LOW,0,LOW,0.09,TRUE_NEGATIVE
8,2000,1,WINTER,0,0.013394589,0.013394589,LOW,0,LOW,0.09,TRUE_NEGATIVE
9,2000,1,WINTER,0,0.020857166,0.020857166,LOW,0,LOW,0.09,TRUE_NEGATIVE
10,2000,1,WINTER,0,0.031061593,0.031061593,LOW,0,LOW,0.09,TRUE_NEGATIVE
11,2000,1,WINTER,0,0.015659591,0.015659591,LOW,0,LOW,0.09,TRUE_NEGATIVE
12,2000,1,WINTER,0,0.0072684386,0.0072684386,LOW,0,LOW,0.09,TRUE_NEGATIVE
13,2000,1,WINTER,0,0.014911034,0.014911034,LOW,0,LOW,0.09,TRUE_NEGATIVE
14,2000,1,WINTER,0,0.031391446,0.031391446,LOW,0,LOW,0.09,TRUE_NEGATIVE
15,2000,1,WINTER,0,0.020952646,0.020952646,LOW,0,LOW,0.09,TRUE_NEGATIVE
16,2000,1,WINTER,0,0.09187247,0.09187247,ELEVATED,1,ELEVATED,0.09,FALSE_POSITIVE
17,2000,1,WINTER,0,0.04642258,0.04642258,LOW,0,LOW,0.09,TRUE_NEGATIVE
18,2000,1,WINTER,0,0.028204229,0.028204229,LOW,0,LOW,0.09,TRUE_NEGATIVE
19,2000,1,WINTER,0,0.03772953,0.03772953,LOW,0,LOW,0.09,TRUE_NEGATIVE
20,2000,1,WINTER,0,0.03296948,0.03296948,LOW,0,LOW,0.09,TRUE_NEGATIVE
21,2000,1,WINTER,0,0.055140924,0.055140924,MODERATE,0,MODERATE,0.09,TRUE_NEGATIVE
22,2000,1,WINTER,0,0.058427237,0.058427237,MODERATE,0,MODERATE,0.09,TRUE_NEGATIVE
23,2000,1,WINTER,0,0.026327996,0.026327996,LOW,0,LOW,0.09,TRUE_NEGATIVE
24,2000,1,WINTER,0,0.008586212,0.008586212,LOW,0,LOW,0.09,TRUE_NEGATIVE
25,2000,1,WINTER,0,0.046679262,0.046679262,LOW,0,LOW,0.09,TRUE_NEGATIVE
26,2000,1,WINTER,0,0.006704517,0.006704517,LOW,0,LOW,0.09,TRUE_NEGATIVE
27,2000,1,WINTER,0,0.05135862,0.05135862,MODERATE,0,MODERATE,0.09,TRUE_NEGATIVE
28,2000,1,WINTER,0,0.033802655,0.033802655,LOW,0,LOW,0.09,TRUE_NEGATIVE
29,2000,1,WINTER,0,0.07486026,0.07486026,MODERATE,0,MODERATE,0.09,TRUE_NEGATIVE
30,2000,1,WINTER,0,0.010646778,0.010646778,LOW,0,LOW,0.09,TRUE_NEGATIVE
31,2000,1,WINTER,0,0.018707937,0.018707937,LOW,0,LOW,0.09,TRUE_NEGATIVE
32,2000,1,WINTER,1,0.014483596,0.014483596,LOW,0,LOW,0.09,FALSE_NEGATIVE
33,2000,1,WINTER,0,0.011989647,0.011989647,LOW,0,LOW,0.09,TRUE_NEGATIVE
34,2000,1,WINTER,0,0.0073101623,0.0073101623,LOW,0,LOW,0.09,TRUE_NEGATIVE
35,2000,1,WINTER,0,0.010752242,0.010752242,LOW,0,LOW,0.09,TRUE_NEGATIVE
0,2000,11,POST_MONSOON,0,0.05065599,0.05065599,MODERATE,0,MODERATE,0.09,TRUE_NEGATIVE
1,2000,11,POST_MONSOON,0,0.0195283,0.0195283,LOW,0,LOW,0.09,TRUE_NEGATIVE
2,2000,11,POST_MONSOON,0,0.029043704,0.029043704,LOW,0,LOW,0.09,TRUE_NEGATIVE
3,2000,11,POST_MONSOON,0,0.0068381303,0.0068381303,LOW,0,LOW,0.09,TRUE_NEGATIVE
4,2000,11,POST_MONSOON,0,0.0072109518,0.0072109518,LOW,0,LOW,0.09,TRUE_NEGATIVE
5,2000,11,POST_MONSOON,0,0.009769787,0.009769787,LOW,0,LOW,0.09,TRUE_NEGATIVE
6,2000,11,POST_MONSOON,0,0.037283022,0.037283022,LOW,0,LOW,0.09,TRUE_NEGATIVE
7,2000,11,POST_MONSOON,0,0.0060475795,0.0060475795,LOW,0,LOW,0.09,TRUE_NEGATIVE
8,2000,11,POST_MONSOON,0,0.0061783865,0.0061783865,LOW,0,LOW,0.09,TRUE_NEGATIVE
9,2000,11,POST_MONSOON,0,0.0066129426,0.0066129426,LOW,0,LOW,0.09,TRUE_NEGATIVE
10,2000,11,POST_MONSOON,0,0.0094897915,0.0094897915,LOW,0,LOW,0.09,TRUE_NEGATIVE
11,2000,11,POST_MONSOON,0,0.005752654,0.005752654,LOW,0,LOW,0.09,TRUE_NEGATIVE
12,2000,11,POST_MONSOON,0,0.005919607,0.005919607,LOW,0,LOW,0.09,TRUE_NEGATIVE
13,2000,11,POST_MONSOON,0,0.0072375657,0.0072375657,LOW,0,LOW,0.09,TRUE_NEGATIVE
14,2000,11,POST_MONSOON,0,0.01410436,0.01410436,LOW,0,LOW,0.09,TRUE_NEGATIVE
15,2000,11,POST_MONSOON,0,0.007391961,0.007391961,LOW,0,LOW,0.09,TRUE_NEGATIVE
16,2000,11,POST_MONSOON,0,0.028788785,0.028788785,LOW,0,LOW,0.09,TRUE_NEGATIVE
17,2000,11,POST_MONSOON,0,0.015401641,0.015401641,LOW,0,LOW,0.09,TRUE_NEGATIVE
18,2000,11,POST_MONSOON,0,0.009369636,0.009369636,LOW,0,LOW,0.09,TRUE_NEGATIVE
19,2000,11,POST_MONSOON,0,0.009776145,0.009776145,LOW,0,LOW,0.09,TRUE_NEGATIVE
20,2000,11,POST_MONSOON,0,0.009499437,0.009499437,LOW,0,LOW,0.09,TRUE_NEGATIVE
21,2000,11,POST_MONSOON,0,0.019178882,0.019178882,LOW,0,LOW,0.09,TRUE_NEGATIVE
22,2000,11,POST_MONSOON,0,0.012008584,0.012008584,LOW,0,LOW,0.09,TRUE_NEGATIVE
23,2000,11,POST_MONSOON,0,0.006359074,0.006359074,LOW,0,LOW,0.09,TRUE_NEGATIVE
24,2000,11,POST_MONSOON,0,0.0063384655,0.0063384655,LOW,0,LOW,0.09,TRUE_NEGATIVE
25,2000,11,POST_MONSOON,0,0.018797157,0.018797157,LOW,0,LOW,0.09,TRUE_NEGATIVE
26,2000,11,POST_MONSOON,0,0.0059095114,0.0059095114,LOW,0,LOW,0.09,TRUE_NEGATIVE
27,2000,11,POST_MONSOON,0,0.009260884,0.009260884,LOW,0,LOW,0.09,TRUE_NEGATIVE
28,2000,11,POST_MONSOON,0,0.012429936,0.012429936,LOW,0,LOW,0.09,TRUE_NEGATIVE
29,2000,11,POST_MONSOON,0,0.05832037,0.05832037,MODERATE,0,MODERATE,0.09,TRUE_NEGATIVE
30,2000,11,POST_MONSOON,0,0.0054448447,0.0054448447,LOW,0,LOW,0.09,TRUE_NEGATIVE
31,2000,11,POST_MONSOON,0,0.0061894166,0.0061894166,LOW,0,LOW,0.09,TRUE_NEGATIVE
32,2000,11,POST_MONSOON,0,0.005302722,0.005302722,LOW,0,LOW,0.09,TRUE_NEGATIVE
33,2000,11,POST_MONSOON,0,0.0060400027,0.0060400027,LOW,0,LOW,0.09,TRUE_NEGATIVE
34,2000,11,POST_MONSOON,0,0.006380124,0.006380124,LOW,0,LOW,0.09,TRUE_NEGATIVE
35,2000,11,POST_MONSOON,0,0.0061993585,0.0061993585,LOW,0,LOW,0.09,TRUE_NEGATIVE
0,2000,10,POST_MONSOON,0,0.019403677,0.019403677,LOW,0,LOW,0.09,TRUE_NEGATIVE
1,2000,10,POST_MONSOON,0,0.0058966395,0.0058966395,LOW,0,LOW,0.09,TRUE_NEGATIVE
2,2000,10,POST_MONSOON,0,0.0061191,0.0061191,LOW,0,LOW,0.09,TRUE_NEGATIVE
3,2000,10,POST_MONSOON,0,0.005273559,0.005273559,LOW,0,LOW,0.09,TRUE_NEGATIVE
4,2000,10,POST_MONSOON,0,0.0050701103,0.0050701103,LOW,0,LOW,0.09,TRUE_NEGATIVE
5,2000,10,POST_MONSOON,0,0.0051110666,0.0051110666,LOW,0,LOW,0.09,TRUE_NEGATIVE
6,2000,10,POST_MONSOON,0,0.006217152,0.006217152,LOW,0,LOW,0.09,TRUE_NEGATIVE
7,2000,10,POST_MONSOON,0,0.0050030183,0.0050030183,LOW,0,LOW,0.09,TRUE_NEGATIVE
8,2000,10,POST_MONSOON,0,0.005324121,0.005324121,LOW,0,LOW,0.09,TRUE_NEGATIVE
9,2000,10,POST_MONSOON,0,0.005030034,0.005030034,LOW,0,LOW,0.09,TRUE_NEGATIVE
10,2000,10,POST_MONSOON,0,0.0054506497,0.0054506497,LOW,0,LOW,0.09,TRUE_NEGATIVE
11,2000,10,POST_MONSOON,0,0.005346029,0.005346029,LOW,0,LOW,0.09,TRUE_NEGATIVE
12,2000,10,POST_MONSOON,0,0.0051398184,0.0051398184,LOW,0,LOW,0.09,TRUE_NEGATIVE
13,2000,10,POST_MONSOON,0,0.011470392,0.011470392,LOW,0,LOW,0.09,TRUE_NEGATIVE
14,2000,10,POST_MONSOON,0,0.017702868,0.017702868,LOW,0,LOW,0.09,TRUE_NEGATIVE
15,2000,10,POST_MONSOON,0,0.005395875,0.005395875,LOW,0,LOW,0.09,TRUE_NEGATIVE
16,2000,10,POST_MONSOON,0,0.016476503,0.016476503,LOW,0,LOW,0.09,TRUE_NEGATIVE
17,2000,10,POST_MONSOON,0,0.005743623,0.005743623,LOW,0,LOW,0.09,TRUE_NEGATIVE
18,2000,10,POST_MONSOON,0,0.005585908,0.005585908,LOW,0,LOW,0.09,TRUE_NEGATIVE
19,2000,10,POST_MONSOON,0,0.005318876,0.005318876,LOW,0,LOW,0.09,TRUE_NEGATIVE
20,2000,10,POST_MONSOON,0,0.005472736,0.005472736,LOW,0,LOW,0.09,TRUE_NEGATIVE
21,2000,10,POST_MONSOON,0,0.0057186363,0.0057186363,LOW,0,LOW,0.09,TRUE_NEGATIVE
22,2000,10,POST_MONSOON,0,0.0052120322,0.0052120322,LOW,0,LOW,0.09,TRUE_NEGATIVE
23,2000,10,POST_MONSOON,0,0.0050022583,0.0050022583,LOW,0,LOW,0.09,TRUE_NEGATIVE
24,2000,10,POST_MONSOON,0,0.005406772,0.005406772,LOW,0,LOW,0.09,TRUE_NEGATIVE
25,2000,10,POST_MONSOON,0,0.0068303957,0.0068303957,LOW,0,LOW,0.09,TRUE_NEGATIVE
26,2000,10,POST_MONSOON,0,0.0054276693,0.0054276693,LOW,0,LOW,0.09,TRUE_NEGATIVE
27,2000,10,POST_MONSOON,0,0.005183058,0.005183058,LOW,0,LOW,0.09,TRUE_NEGATIVE
28,2000,10,POST_MONSOON,0,0.0051140594,0.0051140594,LOW,0,LOW,0.09,TRUE_NEGATIVE
29,2000,10,POST_MONSOON,0,0.02661733,0.02661733,LOW,0,LOW,0.09,TRUE_NEGATIVE
30,2000,10,POST_MONSOON,0,0.0047459747,0.0047459747,LOW,0,LOW,0.09,TRUE_NEGATIVE
31,2000,10,POST_MONSOON,0,0.004901792,0.004901792,LOW,0,LOW,0.09,TRUE_NEGATIVE
32,2000,10,POST_MONSOON,0,0.004720896,0.004720896,LOW,0,LOW,0.09,TRUE_NEGATIVE
33,2000,10,POST_MONSOON,0,0.004824868,0.004824868,LOW,0,LOW,0.09,TRUE_NEGATIVE
34,2000,10,POST_MONSOON,0,0.0050311894,0.0050311894,LOW,0,LOW,0.09,TRUE_NEGATIVE
35,2000,10,POST_MONSOON,0,0.0048165936,0.0048165936,LOW,0,LOW,0.09,TRUE_NEGATIVE
0,2000,9,MONSOON,0,0.005833804,0.005833804,LOW,0,LOW,0.09,TRUE_NEGATIVE
1,2000,9,MONSOON,0,0.006028417,0.006028417,LOW,0,LOW,0.09,TRUE_NEGATIVE
2,2000,9,MONSOON,0,0.006122929,0.006122929,LOW,0,LOW,0.09,TRUE_NEGATIVE
3,2000,9,MONSOON,0,0.004950987,0.004950987,LOW,0,LOW,0.09,TRUE_NEGATIVE
4,2000,9,MONSOON,0,0.0052731037,0.0052731037,LOW,0,LOW,0.09,TRUE_NEGATIVE
5,2000,9,MONSOON,0,0.006264385,0.006264385,LOW,0,LOW,0.09,TRUE_NEGATIVE
6,2000,9,MONSOON,0,0.0057463464,0.0057463464,LOW,0,LOW,0.09,TRUE_NEGATIVE
7,2000,9,MONSOON,0,0.005100834,0.005100834,LOW,0,LOW,0.09,TRUE_NEGATIVE
8,2000,9,MONSOON,0,0.004911925,0.004911925,LOW,0,LOW,0.09,TRUE_NEGATIVE
9,2000,9,MONSOON,0,0.004925618,0.004925618,LOW,0,LOW,0.09,TRUE_NEGATIVE
10,2000,9,MONSOON,0,0.005715584,0.005715584,LOW,0,LOW,0.09,TRUE_NEGATIVE
11,2000,9,MONSOON,0,0.004923821,0.004923821,LOW,0,LOW,0.09,TRUE_NEGATIVE
12,2000,9,MONSOON,0,0.0051194434,0.0051194434,LOW,0,LOW,0.09,TRUE_NEGATIVE
13,2000,9,MONSOON,0,0.01648366,0.01648366,LOW,0,LOW,0.09,TRUE_NEGATIVE
14,2000,9,MONSOON,0,0.036652274,0.036652274,LOW,0,LOW,0.09,TRUE_NEGATIVE
15,2000,9,MONSOON,0,0.0050811507,0.0050811507,LOW,0,LOW,0.09,TRUE_NEGATIVE
16,2000,9,MONSOON,0,0.0062344666,0.0062344666,LOW,0,LOW,0.09,TRUE_NEGATIVE
17,2000,9,MONSOON,0,0.0064742495,0.0064742495,LOW,0,LOW,0.09,TRUE_NEGATIVE
18,2000,9,MONSOON,0,0.005060469,0.005060469,LOW,0,LOW,0.09,TRUE_NEGATIVE
19,2000,9,MONSOON,0,0.005534306,0.005534306,LOW,0,LOW,0.09,TRUE_NEGATIVE
20,2000,9,MONSOON,0,0.0058885417,0.0058885417,LOW,0,LOW,0.09,TRUE_NEGATIVE
21,2000,9,MONSOON,0,0.0053734067,0.0053734067,LOW,0,LOW,0.09,TRUE_NEGATIVE
22,2000,9,MONSOON,0,0.005364581,0.005364581,LOW,0,LOW,0.09,TRUE_NEGATIVE
23,2000,9,MONSOON,0,0.005493589,0.005493589,LOW,0,LOW,0.09,TRUE_NEGATIVE
24,2000,9,MONSOON,0,0.005146108,0.005146108,LOW,0,LOW,0.09,TRUE_NEGATIVE
25,2000,9,MONSOON,0,0.005870565,0.005870565,LOW,0,LOW,0.09,TRUE_NEGATIVE
26,2000,9,MONSOON,0,0.0051060473,0.0051060473,LOW,0,LOW,0.09,TRUE_NEGATIVE
27,2000,9,MONSOON,0,0.0049210535,0.0049210535,LOW,0,LOW,0.09,TRUE_NEGATIVE
28,2000,9,MONSOON,0,0.0055165235,0.0055165235,LOW,0,LOW,0.09,TRUE_NEGATIVE
29,2000,9,MONSOON,0,0.0072963755,0.0072963755,LOW,0,LOW,0.09,TRUE_NEGATIVE
30,2000,9,MONSOON,0,0.0050092144,0.0050092144,LOW,0,LOW,0.09,TRUE_NEGATIVE
31,2000,9,MONSOON,0,0.0048023337,0.0048023337,LOW,0,LOW,0.09,TRUE_NEGATIVE
32,2000,9,MONSOON,0,0.00528592,0.00528592,LOW,0,LOW,0.09,TRUE_NEGATIVE
33,2000,9,MONSOON,0,0.0047809365,0.0047809365,LOW,0,LOW,0.09,TRUE_NEGATIVE
34,2000,9,MONSOON,0,0.004978175,0.004978175,LOW,0,LOW,0.09,TRUE_NEGATIVE
35,2000,9,MONSOON,0,0.004936685,0.004936685,LOW,0,LOW,0.09,TRUE_NEGATIVE
0,2000,2,WINTER,0,0.006855124,0.006855124,LOW,0,LOW,0.09,TRUE_NEGATIVE
1,2000,2,WINTER,0,0.01562853,0.01562853,LOW,0,LOW,0.09,TRUE_NEGATIVE
2,2000,2,WINTER,0,0.015249266,0.015249266,LOW,0,LOW,0.09,TRUE_NEGATIVE
3,2000,2,WINTER,0,0.005221926,0.005221926,LOW,0,LOW,0.09,TRUE_NEGATIVE
4,2000,2,WINTER,0,0.0049381703,0.0049381703,LOW,0,LOW,0.09,TRUE_NEGATIVE
5,2000,2,WINTER,0,0.0050460054,0.0050460054,LOW,0,LOW,0.09,TRUE_NEGATIVE
6,2000,2,WINTER,0,0.0060500735,0.0060500735,LOW,0,LOW,0.09,TRUE_NEGATIVE
7,2000,2,WINTER,0,0.0050841356,0.0050841356,LOW,0,LOW,0.09,TRUE_NEGATIVE
8,2000,2,WINTER,0,0.005293937,0.005293937,LOW,0,LOW,0.09,TRUE_NEGATIVE
9,2000,2,WINTER,0,0.0054317145,0.0054317145,LOW,0,LOW,0.09,TRUE_NEGATIVE
10,2000,2,WINTER,0,0.005363525,0.005363525,LOW,0,LOW,0.09,TRUE_NEGATIVE
11,2000,2,WINTER,0,0.004915828,0.004915828,LOW,0,LOW,0.09,TRUE_NEGATIVE
12,2000,2,WINTER,0,0.0053871986,0.0053871986,LOW,0,LOW,0.09,TRUE_NEGATIVE
13,2000,2,WINTER,0,0.044929944,0.044929944,LOW,0,LOW,0.09,TRUE_NEGATIVE
14,2000,2,WINTER,0,0.03304197,0.03304197,LOW,0,LOW,0.09,TRUE_NEGATIVE
15,2000,2,WINTER,0,0.0050971336,0.0050971336,LOW,0,LOW,0.09,TRUE_NEGATIVE
16,2000,2,WINTER,0,0.0072017647,0.0072017647,LOW,0,LOW,0.09,TRUE_NEGATIVE
17,2000,2,WINTER,0,0.005668766,0.005668766,LOW,0,LOW,0.09,TRUE_NEGATIVE
18,2000,2,WINTER,0,0.007368423,0.007368423,LOW,0,LOW,0.09,TRUE_NEGATIVE
19,2000,2,WINTER,0,0.0051133847,0.0051133847,LOW,0,LOW,0.09,TRUE_NEGATIVE
20,2000,2,WINTER,0,0.0051338165,0.0051338165,LOW,0,LOW,0.09,TRUE_NEGATIVE
21,2000,2,WINTER,0,0.0076720365,0.0076720365,LOW,0,LOW,0.09,TRUE_NEGATIVE
22,2000,2,WINTER,0,0.004983539,0.004983539,LOW,0,LOW,0.09,TRUE_NEGATIVE
23,2000,2,WINTER,0,0.005010798,0.005010798,LOW,0,LOW,0.09,TRUE_NEGATIVE
24,2000,2,WINTER,0,0.0058713835,0.0058713835,LOW,0,LOW,0.09,TRUE_NEGATIVE
25,2000,2,WINTER,0,0.006124192,0.006124192,LOW,0,LOW,0.09,TRUE_NEGATIVE
26,2000,2,WINTER,0,0.0049217422,0.0049217422,LOW,0,LOW,0.09,TRUE_NEGATIVE
27,2000,2,WINTER,0,0.005180401,0.005180401,LOW,0,LOW,0.09,TRUE_NEGATIVE
28,2000,2,WINTER,0,0.005782154,0.005782154,LOW,0,LOW,0.09,TRUE_NEGATIVE
29,2000,2,WINTER,0,0.0068980143,0.0068980143,LOW,0,LOW,0.09,TRUE_NEGATIVE
30,2000,2,WINTER,0,0.004878704,0.004878704,LOW,0,LOW,0.09,TRUE_NEGATIVE
31,2000,2,WINTER,0,0.0064532,0.0064532,LOW,0,LOW,0.09,TRUE_NEGATIVE
32,2000,2,WINTER,0,0.0048291236,0.0048291236,LOW,0,LOW,0.09,TRUE_NEGATIVE
33,2000,2,WINTER,0,0.0048136595,0.0048136595,LOW,0,LOW,0.09,TRUE_NEGATIVE
34,2000,2,WINTER,0,0.0049802633,0.0049802633,LOW,0,LOW,0.09,TRUE_NEGATIVE
35,2000,2,WINTER,0,0.0049898946,0.0049898946,LOW,0,LOW,0.09,TRUE_NEGATIVE
0,2001,4,PRE_MONSOON,0,0.007206441,0.007206441,LOW,0,LOW,0.09,TRUE_NEGATIVE
1,2001,4,PRE_MONSOON,0,0.022559626,0.022559626,LOW,0,LOW,0.09,TRUE_NEGATIVE
2,2001,4,PRE_MONSOON,0,0.032202944,0.032202944,LOW,0,LOW,0.09,TRUE_NEGATIVE
3,2001,4,PRE_MONSOON,0,0.0074230516,0.0074230516,LOW,0,LOW,0.09,TRUE_NEGATIVE
4,2001,4,PRE_MONSOON,0,0.009135331,0.009135331,LOW,0,LOW,0.09,TRUE_NEGATIVE
5,2001,4,PRE_MONSOON,0,0.0059958636,0.0059958636,LOW,0,LOW,0.09,TRUE_NEGATIVE
6,2001,4,PRE_MONSOON,0,0.0056960145,0.0056960145,LOW,0,LOW,0.09,TRUE_NEGATIVE
7,2001,4,PRE_MONSOON,0,0.0077632354,0.0077632354,LOW,0,LOW,0.09,TRUE_NEGATIVE
8,2001,4,PRE_MONSOON,0,0.0056390655,0.0056390655,LOW,0,LOW,0.09,TRUE_NEGATIVE
9,2001,4,PRE_MONSOON,0,0.0115354275,0.0115354275,LOW,0,LOW,0.09,TRUE_NEGATIVE
10,2001,4,PRE_MONSOON,0,0.009510058,0.009510058,LOW,0,LOW,0.09,TRUE_NEGATIVE
11,2001,4,PRE_MONSOON,0,0.0051387623,0.0051387623,LOW,0,LOW,0.09,TRUE_NEGATIVE
12,2001,4,PRE_MONSOON,0,0.005629333,0.005629333,LOW,0,LOW,0.09,TRUE_NEGATIVE
13,2001,4,PRE_MONSOON,0,0.048626274,0.048626274,LOW,0,LOW,0.09,TRUE_NEGATIVE
14,2001,4,PRE_MONSOON,0,0.03865193,0.03865193,LOW,0,LOW,0.09,TRUE_NEGATIVE
15,2001,4,PRE_MONSOON,0,0.008828401,0.008828401,LOW,0,LOW,0.09,TRUE_NEGATIVE
16,2001,4,PRE_MONSOON,0,0.007995634,0.007995634,LOW,0,LOW,0.09,TRUE_NEGATIVE
17,2001,4,PRE_MONSOON,0,0.0068813297,0.0068813297,LOW,0,LOW,0.09,TRUE_NEGATIVE
18,2001,4,PRE_MONSOON,0,0.011674388,0.011674388,LOW,0,LOW,0.09,TRUE_NEGATIVE
19,2001,4,PRE_MONSOON,0,0.0056976564,0.0056976564,LOW,0,LOW,0.09,TRUE_NEGATIVE
20,2001,4,PRE_MONSOON,0,0.005503524,0.005503524,LOW,0,LOW,0.09,TRUE_NEGATIVE
21,2001,4,PRE_MONSOON,0,0.02501354,0.02501354,LOW,0,LOW,0.09,TRUE_NEGATIVE
22,2001,4,PRE_MONSOON,0,0.0055544167,0.0055544167,LOW,0,LOW,0.09,TRUE_NEGATIVE
23,2001,4,PRE_MONSOON,0,0.0065921727,0.0065921727,LOW,0,LOW,0.09,TRUE_NEGATIVE
24,2001,4,PRE_MONSOON,0,0.0068814503,0.0068814503,LOW,0,LOW,0.09,TRUE_NEGATIVE
25,2001,4,PRE_MONSOON,0,0.0059567275,0.0059567275,LOW,0,LOW,0.09,TRUE_NEGATIVE
26,2001,4,PRE_MONSOON,0,0.005184602,0.005184602,LOW,0,LOW,0.09,TRUE_NEGATIVE
27,2001,4,PRE_MONSOON,0,0.0063665113,0.0063665113,LOW,0,LOW,0.09,TRUE_NEGATIVE
28,2001,4,PRE_MONSOON,0,0.03929943,0.03929943,LOW,0,LOW,0.09,TRUE_NEGATIVE
29,2001,4,PRE_MONSOON,0,0.0074082715,0.0074082715,LOW,0,LOW,0.09,TRUE_NEGATIVE
30,2001,4,PRE_MONSOON,0,0.005261234,0.005261234,LOW,0,LOW,0.09,TRUE_NEGATIVE
31,2001,4,PRE_MONSOON,0,0.007108329,0.007108329,LOW,0,LOW,0.09,TRUE_NEGATIVE
32,2001,4,PRE_MONSOON,0,0.0050957287,0.0050957287,LOW,0,LOW,0.09,TRUE_NEGATIVE
33,2001,4,PRE_MONSOON,0,0.0050781863,0.0050781863,LOW,0,LOW,0.09,TRUE_NEGATIVE
34,2001,4,PRE_MONSOON,0,0.0060177515,0.0060177515,LOW,0,LOW,0.09,TRUE_NEGATIVE
35,2001,4,PRE_MONSOON,0,0.0052324296,0.0052324296,LOW,0,LOW,0.09,TRUE_NEGATIVE
0,2001,3,PRE_MONSOON,0,0.00945072,0.00945072,LOW,0,LOW,0.09,TRUE_NEGATIVE
1,2001,3,PRE_MONSOON,0,0.028382778,0.028382778,LOW,0,LOW,0.09,TRUE_NEGATIVE
2,2001,3,PRE_MONSOON,0,0.06286368,0.06286368,MODERATE,0,MODERATE,0.09,TRUE_NEGATIVE
3,2001,3,PRE_MONSOON,0,0.016990421,0.016990421,LOW,0,LOW,0.09,TRUE_NEGATIVE
4,2001,3,PRE_MONSOON,0,0.010436528,0.010436528,LOW,0,LOW,0.09,TRUE_NEGATIVE
5,2001,3,PRE_MONSOON,0,0.006244661,0.006244661,LOW,0,LOW,0.09,TRUE_NEGATIVE
6,2001,3,PRE_MONSOON,0,0.006500675,0.006500675,LOW,0,LOW,0.09,TRUE_NEGATIVE
7,2001,3,PRE_MONSOON,0,0.0075254287,0.0075254287,LOW,0,LOW,0.09,TRUE_NEGATIVE
8,2001,3,PRE_MONSOON,0,0.006154946,0.006154946,LOW,0,LOW,0.09,TRUE_NEGATIVE
9,2001,3,PRE_MONSOON,0,0.011860317,0.011860317,LOW,0,LOW,0.09,TRUE_NEGATIVE
10,2001,3,PRE_MONSOON,0,0.01650929,0.01650929,LOW,0,LOW,0.09,TRUE_NEGATIVE
11,2001,3,PRE_MONSOON,0,0.0052520186,0.0052520186,LOW,0,LOW,0.09,TRUE_NEGATIVE
12,2001,3,PRE_MONSOON,0,0.005627919,0.005627919,LOW,0,LOW,0.09,TRUE_NEGATIVE
13,2001,3,PRE_MONSOON,0,0.037482865,0.037482865,LOW,0,LOW,0.09,TRUE_NEGATIVE
14,2001,3,PRE_MONSOON,0,0.03264457,0.03264457,LOW,0,LOW,0.09,TRUE_NEGATIVE
15,2001,3,PRE_MONSOON,0,0.016408619,0.016408619,LOW,0,LOW,0.09,TRUE_NEGATIVE
16,2001,3,PRE_MONSOON,0,0.026903614,0.026903614,LOW,0,LOW,0.09,TRUE_NEGATIVE
17,2001,3,PRE_MONSOON,0,0.0066808285,0.0066808285,LOW,0,LOW,0.09,TRUE_NEGATIVE
18,2001,3,PRE_MONSOON,0,0.00981116,0.00981116,LOW,0,LOW,0.09,TRUE_NEGATIVE
19,2001,3,PRE_MONSOON,0,0.0062271324,0.0062271324,LOW,0,LOW,0.09,TRUE_NEGATIVE
20,2001,3,PRE_MONSOON,0,0.0062608477,0.0062608477,LOW,0,LOW,0.09,TRUE_NEGATIVE
21,2001,3,PRE_MONSOON,0,0.06768198,0.06768198,MODERATE,0,MODERATE,0.09,TRUE_NEGATIVE
22,2001,3,PRE_MONSOON,0,0.009905408,0.009905408,LOW,0,LOW,0.09,TRUE_NEGATIVE
23,2001,3,PRE_MONSOON,0,0.010816678,0.010816678,LOW,0,LOW,0.09,TRUE_NEGATIVE
24,2001,3,PRE_MONSOON,0,0.0062764776,0.0062764776,LOW,0,LOW,0.09,TRUE_NEGATIVE
25,2001,3,PRE_MONSOON,0,0.005766627,0.005766627,LOW,0,LOW,0.09,TRUE_NEGATIVE
26,2001,3,PRE_MONSOON,0,0.0050827055,0.0050827055,LOW,0,LOW,0.09,TRUE_NEGATIVE
27,2001,3,PRE_MONSOON,1,0.009995199,0.009995199,LOW,0,LOW,0.09,FALSE_NEGATIVE
28,2001,3,PRE_MONSOON,0,0.073468976,0.073468976,MODERATE,0,MODERATE,0.09,TRUE_NEGATIVE
29,2001,3,PRE_MONSOON,0,0.005996415,0.005996415,LOW,0,LOW,0.09,TRUE_NEGATIVE
30,2001,3,PRE_MONSOON,0,0.00566059,0.00566059,LOW,0,LOW,0.09,TRUE_NEGATIVE
31,2001,3,PRE_MONSOON,0,0.009015805,0.009015805,LOW,0,LOW,0.09,TRUE_NEGATIVE
32,2001,3,PRE_MONSOON,0,0.0060719745,0.0060719745,LOW,0,LOW,0.09,TRUE_NEGATIVE
33,2001,3,PRE_MONSOON,0,0.0060948576,0.0060948576,LOW,0,LOW,0.09,TRUE_NEGATIVE
34,2001,3,PRE_MONSOON,0,0.005247009,0.005247009,LOW,0,LOW,0.09,TRUE_NEGATIVE
35,2001,3,PRE_MONSOON,0,0.005310747,0.005310747,LOW,0,LOW,0.09,TRUE_NEGATIVE
0,2001,7,MONSOON,0,0.027357526,0.027357526,LOW,0,LOW,0.09,TRUE_NEGATIVE
1,2001,7,MONSOON,0,0.024484403,0.024484403,LOW,0,LOW,0.09,TRUE_NEGATIVE
2,2001,7,MONSOON,0,0.1331564,0.1331564,HIGH,1,HIGH,0.09,FALSE_POSITIVE
3,2001,7,MONSOON,0,0.040000256,0.040000256,LOW,0,LOW,0.09,TRUE_NEGATIVE
4,2001,7,MONSOON,0,0.022391504,0.022391504,LOW,0,LOW,0.09,TRUE_NEGATIVE
5,2001,7,MONSOON,0,0.029416144,0.029416144,LOW,0,LOW,0.09,TRUE_NEGATIVE
6,2001,7,MONSOON,0,0.06149159,0.06149159,MODERATE,0,MODERATE,0.09,TRUE_NEGATIVE
7,2001,7,MONSOON,0,0.015403611,0.015403611,LOW,0,LOW,0.09,TRUE_NEGATIVE
8,2001,7,MONSOON,0,0.006539073,0.006539073,LOW,0,LOW,0.09,TRUE_NEGATIVE
9,2001,7,MONSOON,0,0.022283744,0.022283744,LOW,0,LOW,0.09,TRUE_NEGATIVE
10,2001,7,MONSOON,0,0.038515612,0.038515612,LOW,0,LOW,0.09,TRUE_NEGATIVE
11,2001,7,MONSOON,0,0.0059041996,0.0059041996,LOW,0,LOW,0.09,TRUE_NEGATIVE
12,2001,7,MONSOON,0,0.0066696485,0.0066696485,LOW,0,LOW,0.09,TRUE_NEGATIVE
13,2001,7,MONSOON,0,0.024862645,0.024862645,LOW,0,LOW,0.09,TRUE_NEGATIVE
14,2001,7,MONSOON,0,0.046231154,0.046231154,LOW,0,LOW,0.09,TRUE_NEGATIVE
15,2001,7,MONSOON,0,0.016806656,0.016806656,LOW,0,LOW,0.09,TRUE_NEGATIVE
16,2001,7,MONSOON,0,0.08079432,0.08079432,MODERATE,0,MODERATE,0.09,TRUE_NEGATIVE
17,2001,7,MONSOON,0,0.064209186,0.064209186,MODERATE,0,MODERATE,0.09,TRUE_NEGATIVE
18,2001,7,MONSOON,0,0.03771537,0.03771537,LOW,0,LOW,0.09,TRUE_NEGATIVE
19,2001,7,MONSOON,0,0.012913323,0.012913323,LOW,0,LOW,0.09,TRUE_NEGATIVE
20,2001,7,MONSOON,0,0.015067194,0.015067194,LOW,0,LOW,0.09,TRUE_NEGATIVE
21,2001,7,MONSOON,0,0.13026422,0.13026422,HIGH,1,HIGH,0.09,FALSE_POSITIVE
22,2001,7,MONSOON,0,0.05101374,0.05101374,MODERATE,0,MODERATE,0.09,TRUE_NEGATIVE
23,2001,7,MONSOON,0,0.019652922,0.019652922,LOW,0,LOW,0.09,TRUE_NEGATIVE
24,2001,7,MONSOON,0,0.008323451,0.008323451,LOW,0,LOW,0.09,TRUE_NEGATIVE
25,2001,7,MONSOON,0,0.036532484,0.036532484,LOW,0,LOW,0.09,TRUE_NEGATIVE
26,2001,7,MONSOON,0,0.0054228785,0.0054228785,LOW,0,LOW,0.09,TRUE_NEGATIVE
27,2001,7,MONSOON,1,0.054649446,0.054649446,MODERATE,0,MODERATE,0.09,FALSE_NEGATIVE
28,2001,7,MONSOON,0,0.12356488,0.12356488,HIGH,1,HIGH,0.09,FALSE_POSITIVE
29,2001,7,MONSOON,0,0.015104686,0.015104686,LOW,0,LOW,0.09,TRUE_NEGATIVE
30,2001,7,MONSOON,0,0.015630636,0.015630636,LOW,0,LOW,0.09,TRUE_NEGATIVE
31,2001,7,MONSOON,0,0.031408913,0.031408913,LOW,0,LOW,0.09,TRUE_NEGATIVE
32,2001,7,MONSOON,0,0.01960825,0.01960825,LOW,0,LOW,0.09,TRUE_NEGATIVE
33,2001,7,MONSOON,0,0.008356284,0.008356284,LOW,0,LOW,0.09,TRUE_NEGATIVE
34,2001,7,MONSOON,0,0.0069328514,0.0069328514,LOW,0,LOW,0.09,TRUE_NEGATIVE
35,2001,7,MONSOON,0,0.012259595,0.012259595,LOW,0,LOW,0.09,TRUE_NEGATIVE
0,2001,0,UNKNOWN,0,0.09197684,0.09197684,ELEVATED,1,ELEVATED,0.09,FALSE_POSITIVE
1,2001,0,UNKNOWN,0,0.044117913,0.044117913,LOW,0,LOW,0.09,TRUE_NEGATIVE
2,2001,0,UNKNOWN,0,0.10983902,0.10983902,HIGH,1,HIGH,0.09,FALSE_POSITIVE
3,2001,0,UNKNOWN,0,0.118508875,0.118508875,HIGH,1,HIGH,0.09,FALSE_POSITIVE
4,2001,0,UNKNOWN,0,0.08386203,0.08386203,MODERATE,0,MODERATE,0.09,TRUE_NEGATIVE
5,2001,0,UNKNOWN,0,0.060791217,0.060791217,MODERATE,0,MODERATE,0.09,TRUE_NEGATIVE
6,2001,0,UNKNOWN,0,0.10636138,0.10636138,HIGH,1,HIGH,0.09,FALSE_POSITIVE
7,2001,0,UNKNOWN,0,0.027302101,0.027302101,LOW,0,LOW,0.09,TRUE_NEGATIVE
8,2001,0,UNKNOWN,0,0.010252443,0.010252443,LOW,0,LOW,0.09,TRUE_NEGATIVE
9,2001,0,UNKNOWN,0,0.06838011,0.06838011,MODERATE,0,MODERATE,0.09,TRUE_NEGATIVE
10,2001,0,UNKNOWN,0,0.09332356,0.09332356,ELEVATED,1,ELEVATED,0.09,FALSE_POSITIVE
11,2001,0,UNKNOWN,0,0.011923378,0.011923378,LOW,0,LOW,0.09,TRUE_NEGATIVE
12,2001,0,UNKNOWN,0,0.011404832,0.011404832,LOW,0,LOW,0.09,TRUE_NEGATIVE
13,2001,0,UNKNOWN,0,0.07318997,0.07318997,MODERATE,0,MODERATE,0.09,TRUE_NEGATIVE
14,2001,0,UNKNOWN,0,0.0668633,0.0668633,MODERATE,0,MODERATE,0.09,TRUE_NEGATIVE
15,2001,0,UNKNOWN,0,0.085459515,0.085459515,MODERATE,0,MODERATE,0.09,TRUE_NEGATIVE
16,2001,0,UNKNOWN,0,0.07084912,0.07084912,MODERATE,0,MODERATE,0.09,TRUE_NEGATIVE
17,2001,0,UNKNOWN,0,0.09996327,0.09996327,ELEVATED,1,ELEVATED,0.09,FALSE_POSITIVE
18,2001,0,UNKNOWN,0,0.09915763,0.09915763,ELEVATED,1,ELEVATED,0.09,FALSE_POSITIVE
19,2001,0,UNKNOWN,0,0.10087181,0.10087181,HIGH,1,HIGH,0.09,FALSE_POSITIVE
20,2001,0,UNKNOWN,1,0.06429552,0.06429552,MODERATE,0,MODERATE,0.09,FALSE_NEGATIVE
21,2001,0,UNKNOWN,0,0.13028656,0.13028656,HIGH,1,HIGH,0.09,FALSE_POSITIVE
22,2001,0,UNKNOWN,1,0.095301606,0.095301606,ELEVATED,1,ELEVATED,0.09,TRUE_POSITIVE
23,2001,0,UNKNOWN,0,0.110982165,0.110982165,HIGH,1,HIGH,0.09,FALSE_POSITIVE
24,2001,0,UNKNOWN,0,0.01422284,0.01422284,LOW,0,LOW,0.09,TRUE_NEGATIVE
25,2001,0,UNKNOWN,0,0.08114489,0.08114489,MODERATE,0,MODERATE,0.09,TRUE_NEGATIVE
26,2001,0,UNKNOWN,0,0.0056684,0.0056684,LOW,0,LOW,0.09,TRUE_NEGATIVE
27,2001,0,UNKNOWN,1,0.11386997,0.11386997,HIGH,1,HIGH,0.09,TRUE_POSITIVE
28,2001,0,UNKNOWN,1,0.1478869,0.1478869,HIGH,1,HIGH,0.09,TRUE_POSITIVE
29,2001,0,UNKNOWN,0,0.03872014,0.03872014,LOW,0,LOW,0.09,TRUE_NEGATIVE
30,2001,0,UNKNOWN,0,0.06776802,0.06776802,MODERATE,0,MODERATE,0.09,TRUE_NEGATIVE
31,2001,0,UNKNOWN,0,0.082231306,0.082231306,MODERATE,0,MODERATE,0.09,TRUE_NEGATIVE
32,2001,0,UNKNOWN,0,0.07247444,0.07247444,MODERATE,0,MODERATE,0.09,TRUE_NEGATIVE
33,2001,0,UNKNOWN,0,0.01669224,0.01669224,LOW,0,LOW,0.09,TRUE_NEGATIVE
34,2001,0,UNKNOWN,0,0.008344388,0.008344388,LOW,0,LOW,0.09,TRUE_NEGATIVE
35,2001,0,UNKNOWN,0,0.03604512,0.03604512,LOW,0,LOW,0.09,TRUE_NEGATIVE
0,2001,8,MONSOON,0,0.085995756,0.085995756,MODERATE,0,MODERATE,0.09,TRUE_NEGATIVE
1,2001,8,MONSOON,0,0.045241874,0.045241874,LOW,0,LOW,0.09,TRUE_NEGATIVE
2,2001,8,MONSOON,0,0.105711184,0.105711184,HIGH,1,HIGH,0.09,FALSE_POSITIVE
3,2001,8,MONSOON,0,0.12870312,0.12870312,HIGH,1,HIGH,0.09,FALSE_POSITIVE
4,2001,8,MONSOON,0,0.10577273,0.10577273,HIGH,1,HIGH,0.09,FALSE_POSITIVE
5,2001,8,MONSOON,0,0.112492,0.112492,HIGH,1,HIGH,0.09,FALSE_POSITIVE
6,2001,8,MONSOON,0,0.13673355,0.13673355,HIGH,1,HIGH,0.09,FALSE_POSITIVE
7,2001,8,MONSOON,0,0.09669765,0.09669765,ELEVATED,1,ELEVATED,0.09,FALSE_POSITIVE
8,2001,8,MONSOON,0,0.019679915,0.019679915,LOW,0,LOW,0.09,TRUE_NEGATIVE
9,2001,8,MONSOON,0,0.08903426,0.08903426,MODERATE,0,MODERATE,0.09,TRUE_NEGATIVE
10,2001,8,MONSOON,0,0.11051418,0.11051418,HIGH,1,HIGH,0.09,FALSE_POSITIVE
11,2001,8,MONSOON,0,0.027306603,0.027306603,LOW,0,LOW,0.09,TRUE_NEGATIVE
12,2001,8,MONSOON,0,0.014470052,0.014470052,LOW,0,LOW,0.09,TRUE_NEGATIVE
13,2001,8,MONSOON,0,0.077453546,0.077453546,MODERATE,0,MODERATE,0.09,TRUE_NEGATIVE
14,2001,8,MONSOON,0,0.0694965,0.0694965,MODERATE,0,MODERATE,0.09,TRUE_NEGATIVE
15,2001,8,MONSOON,0,0.109003134,0.109003134,HIGH,1,HIGH,0.09,FALSE_POSITIVE
16,2001,8,MONSOON,0,0.09161097,0.09161097,ELEVATED,1,ELEVATED,0.09,FALSE_POSITIVE
17,2001,8,MONSOON,0,0.13790676,0.13790676,HIGH,1,HIGH,0.09,FALSE_POSITIVE
18,2001,8,MONSOON,0,0.13967852,0.13967852,HIGH,1,HIGH,0.09,FALSE_POSITIVE
19,2001,8,MONSOON,0,0.12757854,0.12757854,HIGH,1,HIGH,0.09,FALSE_POSITIVE
20,2001,8,MONSOON,1,0.12150421,0.12150421,HIGH,1,HIGH,0.09,TRUE_POSITIVE
21,2001,8,MONSOON,0,0.13693918,0.13693918,HIGH,1,HIGH,0.09,FALSE_POSITIVE
22,2001,8,MONSOON,1,0.08239996,0.08239996,MODERATE,0,MODERATE,0.09,FALSE_NEGATIVE
23,2001,8,MONSOON,0,0.1301066,0.1301066,HIGH,1,HIGH,0.09,FALSE_POSITIVE
24,2001,8,MONSOON,0,0.014233085,0.014233085,LOW,0,LOW,0.09,TRUE_NEGATIVE
25,2001,8,MONSOON,0,0.121243976,0.121243976,HIGH,1,HIGH,0.09,FALSE_POSITIVE
26,2001,8,MONSOON,0,0.0054675112,0.0054675112,LOW,0,LOW,0.09,TRUE_NEGATIVE
27,2001,8,MONSOON,0,0.16456237,0.16456237,CRITICAL,1,CRITICAL,0.09,FALSE_POSITIVE
28,2001,8,MONSOON,1,0.14379977,0.14379977,HIGH,1,HIGH,0.09,TRUE_POSITIVE
29,2001,8,MONSOON,1,0.06356562,0.06356562,MODERATE,0,MODERATE,0.09,FALSE_NEGATIVE
30,2001,8,MONSOON,0,0.118910894,0.118910894,HIGH,1,HIGH,0.09,FALSE_POSITIVE
31,2001,8,MONSOON,0,0.10191782,0.10191782,HIGH,1,HIGH,0.09,FALSE_POSITIVE
32,2001,8,MONSOON,0,0.1330943,0.1330943,HIGH,1,HIGH,0.09,FALSE_POSITIVE
33,2001,8,MONSOON,0,0.049464848,0.049464848,LOW,0,LOW,0.09,TRUE_NEGATIVE
34,2001,8,MONSOON,0,0.01207011,0.01207011,LOW,0,LOW,0.09,TRUE_NEGATIVE
35,2001,8,MONSOON,0,0.070769735,0.070769735,MODERATE,0,MODERATE,0.09,TRUE_NEGATIVE
0,2001,6,MONSOON,0,0.102238245,0.102238245,HIGH,1,HIGH,0.09,FALSE_POSITIVE
1,2001,6,MONSOON,0,0.06626911,0.06626911,MODERATE,0,MODERATE,0.09,TRUE_NEGATIVE
2,2001,6,MONSOON,0,0.12264653,0.12264653,HIGH,1,HIGH,0.09,FALSE_POSITIVE
3,2001,6,MONSOON,0,0.12138208,0.12138208,HIGH,1,HIGH,0.09,FALSE_POSITIVE
4,2001,6,MONSOON,0,0.119670324,0.119670324,HIGH,1,HIGH,0.09,FALSE_POSITIVE
5,2001,6,MONSOON,0,0.10565749,0.10565749,HIGH,1,HIGH,0.09,FALSE_POSITIVE
6,2001,6,MONSOON,0,0.11844812,0.11844812,HIGH,1,HIGH,0.09,FALSE_POSITIVE
7,2001,6,MONSOON,0,0.08829484,0.08829484,MODERATE,0,MODERATE,0.09,TRUE_NEGATIVE
8,2001,6,MONSOON,0,0.044106916,0.044106916,LOW,0,LOW,0.09,TRUE_NEGATIVE
9,2001,6,MONSOON,0,0.081926346,0.081926346,MODERATE,0,MODERATE,0.09,TRUE_NEGATIVE
10,2001,6,MONSOON,0,0.08896855,0.08896855,MODERATE,0,MODERATE,0.09,TRUE_NEGATIVE
11,2001,6,MONSOON,0,0.058404185,0.058404185,MODERATE,0,MODERATE,0.09,TRUE_NEGATIVE
12,2001,6,MONSOON,0,0.023180187,0.023180187,LOW,0,LOW,0.09,TRUE_NEGATIVE
13,2001,6,MONSOON,0,0.07015765,0.07015765,MODERATE,0,MODERATE,0.09,TRUE_NEGATIVE
14,2001,6,MONSOON,0,0.06387624,0.06387624,MODERATE,0,MODERATE,0.09,TRUE_NEGATIVE
15,2001,6,MONSOON,0,0.112926275,0.112926275,HIGH,1,HIGH,0.09,FALSE_POSITIVE
16,2001,6,MONSOON,0,0.108807646,0.108807646,HIGH,1,HIGH,0.09,FALSE_POSITIVE
17,2001,6,MONSOON,0,0.11368109,0.11368109,HIGH,1,HIGH,0.09,FALSE_POSITIVE
18,2001,6,MONSOON,0,0.092235155,0.092235155,ELEVATED,1,ELEVATED,0.09,FALSE_POSITIVE
19,2001,6,MONSOON,0,0.11504314,0.11504314,HIGH,1,HIGH,0.09,FALSE_POSITIVE
20,2001,6,MONSOON,1,0.119498074,0.119498074,HIGH,1,HIGH,0.09,TRUE_POSITIVE
21,2001,6,MONSOON,0,0.0946698,0.0946698,ELEVATED,1,ELEVATED,0.09,FALSE_POSITIVE
22,2001,6,MONSOON,1,0.13604936,0.13604936,HIGH,1,HIGH,0.09,TRUE_POSITIVE
23,2001,6,MONSOON,1,0.14611116,0.14611116,HIGH,1,HIGH,0.09,TRUE_POSITIVE
24,2001,6,MONSOON,0,0.02657611,0.02657611,LOW,0,LOW,0.09,TRUE_NEGATIVE
25,2001,6,MONSOON,0,0.13050649,0.13050649,HIGH,1,HIGH,0.09,FALSE_POSITIVE
26,2001,6,MONSOON,0,0.0068377033,0.0068377033,LOW,0,LOW,0.09,TRUE_NEGATIVE
27,2001,6,MONSOON,0,0.12972867,0.12972867,HIGH,1,HIGH,0.09,FALSE_POSITIVE
28,2001,6,MONSOON,1,0.09465046,0.09465046,ELEVATED,1,ELEVATED,0.09,TRUE_POSITIVE
29,2001,6,MONSOON,1,0.071110465,0.071110465,MODERATE,0,MODERATE,0.09,FALSE_NEGATIVE
30,2001,6,MONSOON,0,0.11099651,0.11099651,HIGH,1,HIGH,0.09,FALSE_POSITIVE
31,2001,6,MONSOON,0,0.0907623,0.0907623,ELEVATED,1,ELEVATED,0.09,FALSE_POSITIVE
32,2001,6,MONSOON,1,0.10144957,0.10144957,HIGH,1,HIGH,0.09,TRUE_POSITIVE
33,2001,6,MONSOON,0,0.06167302,0.06167302,MODERATE,0,MODERATE,0.09,TRUE_NEGATIVE
34,2001,6,MONSOON,0,0.011834051,0.011834051,LOW,0,LOW,0.09,TRUE_NEGATIVE
35,2001,6,MONSOON,0,0.076409906,0.076409906,MODERATE,0,MODERATE,0.09,TRUE_NEGATIVE
0,2001,5,PRE_MONSOON,0,0.099228054,0.099228054,ELEVATED,1,ELEVATED,0.09,FALSE_POSITIVE
1,2001,5,PRE_MONSOON,0,0.087899484,0.087899484,MODERATE,0,MODERATE,0.09,TRUE_NEGATIVE
2,2001,5,PRE_MONSOON,0,0.106065325,0.106065325,HIGH,1,HIGH,0.09,FALSE_POSITIVE
3,2001,5,PRE_MONSOON,0,0.10518917,0.10518917,HIGH,1,HIGH,0.09,FALSE_POSITIVE
4,2001,5,PRE_MONSOON,0,0.10541458,0.10541458,HIGH,1,HIGH,0.09,FALSE_POSITIVE
5,2001,5,PRE_MONSOON,0,0.12314349,0.12314349,HIGH,1,HIGH,0.09,FALSE_POSITIVE
6,2001,5,PRE_MONSOON,0,0.058674764,0.058674764,MODERATE,0,MODERATE,0.09,TRUE_NEGATIVE
7,2001,5,PRE_MONSOON,0,0.05783968,0.05783968,MODERATE,0,MODERATE,0.09,TRUE_NEGATIVE
8,2001,5,PRE_MONSOON,0,0.029760223,0.029760223,LOW,0,LOW,0.09,TRUE_NEGATIVE
9,2001,5,PRE_MONSOON,0,0.056458447,0.056458447,MODERATE,0,MODERATE,0.09,TRUE_NEGATIVE
10,2001,5,PRE_MONSOON,0,0.04583216,0.04583216,LOW,0,LOW,0.09,TRUE_NEGATIVE
11,2001,5,PRE_MONSOON,0,0.052066613,0.052066613,MODERATE,0,MODERATE,0.09,TRUE_NEGATIVE
12,2001,5,PRE_MONSOON,0,0.036993537,0.036993537,LOW,0,LOW,0.09,TRUE_NEGATIVE
13,2001,5,PRE_MONSOON,0,0.05638454,0.05638454,MODERATE,0,MODERATE,0.09,TRUE_NEGATIVE
14,2001,5,PRE_MONSOON,0,0.05620788,0.05620788,MODERATE,0,MODERATE,0.09,TRUE_NEGATIVE
15,2001,5,PRE_MONSOON,0,0.053369943,0.053369943,MODERATE,0,MODERATE,0.09,TRUE_NEGATIVE
16,2001,5,PRE_MONSOON,0,0.07834934,0.07834934,MODERATE,0,MODERATE,0.09,TRUE_NEGATIVE
17,2001,5,PRE_MONSOON,0,0.062942624,0.062942624,MODERATE,0,MODERATE,0.09,TRUE_NEGATIVE
18,2001,5,PRE_MONSOON,0,0.06024439,0.06024439,MODERATE,0,MODERATE,0.09,TRUE_NEGATIVE
19,2001,5,PRE_MONSOON,0,0.11356226,0.11356226,HIGH,1,HIGH,0.09,FALSE_POSITIVE
20,2001,5,PRE_MONSOON,0,0.11209125,0.11209125,HIGH,1,HIGH,0.09,FALSE_POSITIVE
21,2001,5,PRE_MONSOON,0,0.113972664,0.113972664,HIGH,1,HIGH,0.09,FALSE_POSITIVE
22,2001,5,PRE_MONSOON,0,0.14437737,0.14437737,HIGH,1,HIGH,0.09,FALSE_POSITIVE
23,2001,5,PRE_MONSOON,1,0.08215111,0.08215111,MODERATE,0,MODERATE,0.09,FALSE_NEGATIVE
24,2001,5,PRE_MONSOON,0,0.034370683,0.034370683,LOW,0,LOW,0.09,TRUE_NEGATIVE
25,2001,5,PRE_MONSOON,0,0.109042116,0.109042116,HIGH,1,HIGH,0.09,FALSE_POSITIVE
26,2001,5,PRE_MONSOON,0,0.0092596365,0.0092596365,LOW,0,LOW,0.09,TRUE_NEGATIVE
27,2001,5,PRE_MONSOON,0,0.1360581,0.1360581,HIGH,1,HIGH,0.09,FALSE_POSITIVE
28,2001,5,PRE_MONSOON,0,0.1174708,0.1174708,HIGH,1,HIGH,0.09,FALSE_POSITIVE
29,2001,5,PRE_MONSOON,1,0.12419157,0.12419157,HIGH,1,HIGH,0.09,TRUE_POSITIVE
30,2001,5,PRE_MONSOON,0,0.10812721,0.10812721,HIGH,1,HIGH,0.09,FALSE_POSITIVE
31,2001,5,PRE_MONSOON,0,0.050901115,0.050901115,MODERATE,0,MODERATE,0.09,TRUE_NEGATIVE
32,2001,5,PRE_MONSOON,1,0.056921016,0.056921016,MODERATE,0,MODERATE,0.09,FALSE_NEGATIVE
33,2001,5,PRE_MONSOON,0,0.051167183,0.051167183,MODERATE,0,MODERATE,0.09,TRUE_NEGATIVE
34,2001,5,PRE_MONSOON,0,0.008059547,0.008059547,LOW,0,LOW,0.09,TRUE_NEGATIVE
35,2001,5,PRE_MONSOON,0,0.0610663,0.0610663,MODERATE,0,MODERATE,0.09,TRUE_NEGATIVE
0,2001,1,WINTER,0,0.09996618,0.09996618,ELEVATED,1,ELEVATED,0.09,FALSE_POSITIVE
1,2001,1,WINTER,0,0.031215014,0.031215014,LOW,0,LOW,0.09,TRUE_NEGATIVE
2,2001,1,WINTER,0,0.097315125,0.097315125,ELEVATED,1,ELEVATED,0.09,FALSE_POSITIVE
3,2001,1,WINTER,0,0.029380335,0.029380335,LOW,0,LOW,0.09,TRUE_NEGATIVE
4,2001,1,WINTER,0,0.04441057,0.04441057,LOW,0,LOW,0.09,TRUE_NEGATIVE
5,2001,1,WINTER,0,0.035544258,0.035544258,LOW,0,LOW,0.09,TRUE_NEGATIVE
6,2001,1,WINTER,0,0.07314791,0.07314791,MODERATE,0,MODERATE,0.09,TRUE_NEGATIVE
7,2001,1,WINTER,0,0.015549669,0.015549669,LOW,0,LOW,0.09,TRUE_NEGATIVE
8,2001,1,WINTER,0,0.013595374,0.013595374,LOW,0,LOW,0.09,TRUE_NEGATIVE
9,2001,1,WINTER,0,0.018262321,0.018262321,LOW,0,LOW,0.09,TRUE_NEGATIVE
10,2001,1,WINTER,0,0.020703606,0.020703606,LOW,0,LOW,0.09,TRUE_NEGATIVE
11,2001,1,WINTER,0,0.010674343,0.010674343,LOW,0,LOW,0.09,TRUE_NEGATIVE
12,2001,1,WINTER,0,0.01396106,0.01396106,LOW,0,LOW,0.09,TRUE_NEGATIVE
13,2001,1,WINTER,0,0.017557478,0.017557478,LOW,0,LOW,0.09,TRUE_NEGATIVE
14,2001,1,WINTER,0,0.031192468,0.031192468,LOW,0,LOW,0.09,TRUE_NEGATIVE
15,2001,1,WINTER,0,0.01590184,0.01590184,LOW,0,LOW,0.09,TRUE_NEGATIVE
16,2001,1,WINTER,0,0.074913286,0.074913286,MODERATE,0,MODERATE,0.09,TRUE_NEGATIVE
17,2001,1,WINTER,0,0.0727421,0.0727421,MODERATE,0,MODERATE,0.09,TRUE_NEGATIVE
18,2001,1,WINTER,0,0.022708422,0.022708422,LOW,0,LOW,0.09,TRUE_NEGATIVE
19,2001,1,WINTER,0,0.03717522,0.03717522,LOW,0,LOW,0.09,TRUE_NEGATIVE
20,2001,1,WINTER,0,0.035860345,0.035860345,LOW,0,LOW,0.09,TRUE_NEGATIVE
21,2001,1,WINTER,0,0.0543897,0.0543897,MODERATE,0,MODERATE,0.09,TRUE_NEGATIVE
22,2001,1,WINTER,0,0.06652818,0.06652818,MODERATE,0,MODERATE,0.09,TRUE_NEGATIVE
23,2001,1,WINTER,1,0.028996225,0.028996225,LOW,0,LOW,0.09,FALSE_NEGATIVE
24,2001,1,WINTER,0,0.012926458,0.012926458,LOW,0,LOW,0.09,TRUE_NEGATIVE
25,2001,1,WINTER,0,0.06628491,0.06628491,MODERATE,0,MODERATE,0.09,TRUE_NEGATIVE
26,2001,1,WINTER,0,0.009051731,0.009051731,LOW,0,LOW,0.09,TRUE_NEGATIVE
27,2001,1,WINTER,0,0.08302135,0.08302135,MODERATE,0,MODERATE,0.09,TRUE_NEGATIVE
28,2001,1,WINTER,0,0.03981765,0.03981765,LOW,0,LOW,0.09,TRUE_NEGATIVE
29,2001,1,WINTER,1,0.093801856,0.093801856,ELEVATED,1,ELEVATED,0.09,TRUE_POSITIVE
30,2001,1,WINTER,0,0.009763888,0.009763888,LOW,0,LOW,0.09,TRUE_NEGATIVE
31,2001,1,WINTER,0,0.018159214,0.018159214,LOW,0,LOW,0.09,TRUE_NEGATIVE
32,2001,1,WINTER,1,0.009137382,0.009137382,LOW,0,LOW,0.09,FALSE_NEGATIVE
33,2001,1,WINTER,0,0.008037836,0.008037836,LOW,0,LOW,0.09,TRUE_NEGATIVE
34,2001,1,WINTER,0,0.0078691235,0.0078691235,LOW,0,LOW,0.09,TRUE_NEGATIVE
35,2001,1,WINTER,0,0.008443351,0.008443351,LOW,0,LOW,0.09,TRUE_NEGATIVE
0,2001,11,POST_MONSOON,0,0.046748266,0.046748266,LOW,0,LOW,0.09,TRUE_NEGATIVE
1,2001,11,POST_MONSOON,0,0.023444735,0.023444735,LOW,0,LOW,0.09,TRUE_NEGATIVE
2,2001,11,POST_MONSOON,0,0.031546146,0.031546146,LOW,0,LOW,0.09,TRUE_NEGATIVE
3,2001,11,POST_MONSOON,0,0.0069387895,0.0069387895,LOW,0,LOW,0.09,TRUE_NEGATIVE
4,2001,11,POST_MONSOON,0,0.0074709146,0.0074709146,LOW,0,LOW,0.09,TRUE_NEGATIVE
5,2001,11,POST_MONSOON,0,0.007978705,0.007978705,LOW,0,LOW,0.09,TRUE_NEGATIVE
6,2001,11,POST_MONSOON,0,0.036961902,0.036961902,LOW,0,LOW,0.09,TRUE_NEGATIVE
7,2001,11,POST_MONSOON,0,0.0056946916,0.0056946916,LOW,0,LOW,0.09,TRUE_NEGATIVE
8,2001,11,POST_MONSOON,0,0.005597269,0.005597269,LOW,0,LOW,0.09,TRUE_NEGATIVE
9,2001,11,POST_MONSOON,0,0.0062860106,0.0062860106,LOW,0,LOW,0.09,TRUE_NEGATIVE
10,2001,11,POST_MONSOON,0,0.006083228,0.006083228,LOW,0,LOW,0.09,TRUE_NEGATIVE
11,2001,11,POST_MONSOON,0,0.005772116,0.005772116,LOW,0,LOW,0.09,TRUE_NEGATIVE
12,2001,11,POST_MONSOON,0,0.0062417416,0.0062417416,LOW,0,LOW,0.09,TRUE_NEGATIVE
13,2001,11,POST_MONSOON,0,0.0069329794,0.0069329794,LOW,0,LOW,0.09,TRUE_NEGATIVE
14,2001,11,POST_MONSOON,0,0.008512929,0.008512929,LOW,0,LOW,0.09,TRUE_NEGATIVE
15,2001,11,POST_MONSOON,0,0.005790035,0.005790035,LOW,0,LOW,0.09,TRUE_NEGATIVE
16,2001,11,POST_MONSOON,0,0.028893966,0.028893966,LOW,0,LOW,0.09,TRUE_NEGATIVE
17,2001,11,POST_MONSOON,0,0.016169151,0.016169151,LOW,0,LOW,0.09,TRUE_NEGATIVE
18,2001,11,POST_MONSOON,0,0.0064354185,0.0064354185,LOW,0,LOW,0.09,TRUE_NEGATIVE
19,2001,11,POST_MONSOON,0,0.0075866347,0.0075866347,LOW,0,LOW,0.09,TRUE_NEGATIVE
20,2001,11,POST_MONSOON,0,0.00807648,0.00807648,LOW,0,LOW,0.09,TRUE_NEGATIVE
21,2001,11,POST_MONSOON,0,0.011046751,0.011046751,LOW,0,LOW,0.09,TRUE_NEGATIVE
22,2001,11,POST_MONSOON,0,0.0144414725,0.0144414725,LOW,0,LOW,0.09,TRUE_NEGATIVE
23,2001,11,POST_MONSOON,0,0.007181368,0.007181368,LOW,0,LOW,0.09,TRUE_NEGATIVE
24,2001,11,POST_MONSOON,0,0.006446123,0.006446123,LOW,0,LOW,0.09,TRUE_NEGATIVE
25,2001,11,POST_MONSOON,0,0.016054971,0.016054971,LOW,0,LOW,0.09,TRUE_NEGATIVE
26,2001,11,POST_MONSOON,0,0.0060041253,0.0060041253,LOW,0,LOW,0.09,TRUE_NEGATIVE
27,2001,11,POST_MONSOON,0,0.031531006,0.031531006,LOW,0,LOW,0.09,TRUE_NEGATIVE
28,2001,11,POST_MONSOON,0,0.012776769,0.012776769,LOW,0,LOW,0.09,TRUE_NEGATIVE
29,2001,11,POST_MONSOON,1,0.026635727,0.026635727,LOW,0,LOW,0.09,FALSE_NEGATIVE
30,2001,11,POST_MONSOON,0,0.0061081103,0.0061081103,LOW,0,LOW,0.09,TRUE_NEGATIVE
31,2001,11,POST_MONSOON,0,0.005751716,0.005751716,LOW,0,LOW,0.09,TRUE_NEGATIVE
32,2001,11,POST_MONSOON,0,0.005329988,0.005329988,LOW,0,LOW,0.09,TRUE_NEGATIVE
33,2001,11,POST_MONSOON,0,0.005107406,0.005107406,LOW,0,LOW,0.09,TRUE_NEGATIVE
34,2001,11,POST_MONSOON,0,0.006371354,0.006371354,LOW,0,LOW,0.09,TRUE_NEGATIVE
35,2001,11,POST_MONSOON,0,0.005145825,0.005145825,LOW,0,LOW,0.09,TRUE_NEGATIVE
0,2001,10,POST_MONSOON,0,0.02093215,0.02093215,LOW,0,LOW,0.09,TRUE_NEGATIVE
1,2001,10,POST_MONSOON,0,0.0063565494,0.0063565494,LOW,0,LOW,0.09,TRUE_NEGATIVE
2,2001,10,POST_MONSOON,0,0.0061718896,0.0061718896,LOW,0,LOW,0.09,TRUE_NEGATIVE
3,2001,10,POST_MONSOON,0,0.005379274,0.005379274,LOW,0,LOW,0.09,TRUE_NEGATIVE
4,2001,10,POST_MONSOON,0,0.0052228156,0.0052228156,LOW,0,LOW,0.09,TRUE_NEGATIVE
5,2001,10,POST_MONSOON,0,0.0057482678,0.0057482678,LOW,0,LOW,0.09,TRUE_NEGATIVE
6,2001,10,POST_MONSOON,0,0.006061325,0.006061325,LOW,0,LOW,0.09,TRUE_NEGATIVE
7,2001,10,POST_MONSOON,0,0.0050687487,0.0050687487,LOW,0,LOW,0.09,TRUE_NEGATIVE
8,2001,10,POST_MONSOON,0,0.00512979,0.00512979,LOW,0,LOW,0.09,TRUE_NEGATIVE
9,2001,10,POST_MONSOON,0,0.0049712355,0.0049712355,LOW,0,LOW,0.09,TRUE_NEGATIVE
10,2001,10,POST_MONSOON,0,0.0051998207,0.0051998207,LOW,0,LOW,0.09,TRUE_NEGATIVE
11,2001,10,POST_MONSOON,0,0.0051043397,0.0051043397,LOW,0,LOW,0.09,TRUE_NEGATIVE
12,2001,10,POST_MONSOON,0,0.004976038,0.004976038,LOW,0,LOW,0.09,TRUE_NEGATIVE
13,2001,10,POST_MONSOON,0,0.007577908,0.007577908,LOW,0,LOW,0.09,TRUE_NEGATIVE
14,2001,10,POST_MONSOON,0,0.015176072,0.015176072,LOW,0,LOW,0.09,TRUE_NEGATIVE
15,2001,10,POST_MONSOON,0,0.0050832722,0.0050832722,LOW,0,LOW,0.09,TRUE_NEGATIVE
16,2001,10,POST_MONSOON,0,0.023564171,0.023564171,LOW,0,LOW,0.09,TRUE_NEGATIVE
17,2001,10,POST_MONSOON,0,0.0055453447,0.0055453447,LOW,0,LOW,0.09,TRUE_NEGATIVE
18,2001,10,POST_MONSOON,0,0.0054860865,0.0054860865,LOW,0,LOW,0.09,TRUE_NEGATIVE
19,2001,10,POST_MONSOON,0,0.005132721,0.005132721,LOW,0,LOW,0.09,TRUE_NEGATIVE
20,2001,10,POST_MONSOON,0,0.005570152,0.005570152,LOW,0,LOW,0.09,TRUE_NEGATIVE
21,2001,10,POST_MONSOON,0,0.0062861,0.0062861,LOW,0,LOW,0.09,TRUE_NEGATIVE
22,2001,10,POST_MONSOON,0,0.0053752214,0.0053752214,LOW,0,LOW,0.09,TRUE_NEGATIVE
23,2001,10,POST_MONSOON,0,0.00520366,0.00520366,LOW,0,LOW,0.09,TRUE_NEGATIVE
24,2001,10,POST_MONSOON,0,0.0052889674,0.0052889674,LOW,0,LOW,0.09,TRUE_NEGATIVE
25,2001,10,POST_MONSOON,0,0.009826658,0.009826658,LOW,0,LOW,0.09,TRUE_NEGATIVE
26,2001,10,POST_MONSOON,0,0.0051167067,0.0051167067,LOW,0,LOW,0.09,TRUE_NEGATIVE
27,2001,10,POST_MONSOON,0,0.0068071606,0.0068071606,LOW,0,LOW,0.09,TRUE_NEGATIVE
28,2001,10,POST_MONSOON,0,0.0056985505,0.0056985505,LOW,0,LOW,0.09,TRUE_NEGATIVE
29,2001,10,POST_MONSOON,0,0.019146152,0.019146152,LOW,0,LOW,0.09,TRUE_NEGATIVE
30,2001,10,POST_MONSOON,0,0.0049533607,0.0049533607,LOW,0,LOW,0.09,TRUE_NEGATIVE
31,2001,10,POST_MONSOON,0,0.0047650877,0.0047650877,LOW,0,LOW,0.09,TRUE_NEGATIVE
32,2001,10,POST_MONSOON,0,0.0047645676,0.0047645676,LOW,0,LOW,0.09,TRUE_NEGATIVE
33,2001,10,POST_MONSOON,0,0.00490626,0.00490626,LOW,0,LOW,0.09,TRUE_NEGATIVE
34,2001,10,POST_MONSOON,0,0.0049968953,0.0049968953,LOW,0,LOW,0.09,TRUE_NEGATIVE
35,2001,10,POST_MONSOON,0,0.004796355,0.004796355,LOW,0,LOW,0.09,TRUE_NEGATIVE
0,2001,9,MONSOON,0,0.00600363,0.00600363,LOW,0,LOW,0.09,TRUE_NEGATIVE
1,2001,9,MONSOON,0,0.0064218347,0.0064218347,LOW,0,LOW,0.09,TRUE_NEGATIVE
2,2001,9,MONSOON,0,0.0064786556,0.0064786556,LOW,0,LOW,0.09,TRUE_NEGATIVE
3,2001,9,MONSOON,0,0.004862694,0.004862694,LOW,0,LOW,0.09,TRUE_NEGATIVE
4,2001,9,MONSOON,0,0.00525299,0.00525299,LOW,0,LOW,0.09,TRUE_NEGATIVE
5,2001,9,MONSOON,0,0.0051988,0.0051988,LOW,0,LOW,0.09,TRUE_NEGATIVE
6,2001,9,MONSOON,0,0.006059503,0.006059503,LOW,0,LOW,0.09,TRUE_NEGATIVE
7,2001,9,MONSOON,0,0.0049535627,0.0049535627,LOW,0,LOW,0.09,TRUE_NEGATIVE
8,2001,9,MONSOON,0,0.004875466,0.004875466,LOW,0,LOW,0.09,TRUE_NEGATIVE
9,2001,9,MONSOON,0,0.004888499,0.004888499,LOW,0,LOW,0.09,TRUE_NEGATIVE
10,2001,9,MONSOON,0,0.0052720034,0.0052720034,LOW,0,LOW,0.09,TRUE_NEGATIVE
11,2001,9,MONSOON,0,0.00492355,0.00492355,LOW,0,LOW,0.09,TRUE_NEGATIVE
12,2001,9,MONSOON,0,0.0050251274,0.0050251274,LOW,0,LOW,0.09,TRUE_NEGATIVE
13,2001,9,MONSOON,0,0.020860175,0.020860175,LOW,0,LOW,0.09,TRUE_NEGATIVE
14,2001,9,MONSOON,0,0.03559593,0.03559593,LOW,0,LOW,0.09,TRUE_NEGATIVE
15,2001,9,MONSOON,0,0.0052214256,0.0052214256,LOW,0,LOW,0.09,TRUE_NEGATIVE
16,2001,9,MONSOON,0,0.00619604,0.00619604,LOW,0,LOW,0.09,TRUE_NEGATIVE
17,2001,9,MONSOON,0,0.005695736,0.005695736,LOW,0,LOW,0.09,TRUE_NEGATIVE
18,2001,9,MONSOON,0,0.005268401,0.005268401,LOW,0,LOW,0.09,TRUE_NEGATIVE
19,2001,9,MONSOON,0,0.005415181,0.005415181,LOW,0,LOW,0.09,TRUE_NEGATIVE
20,2001,9,MONSOON,0,0.005499342,0.005499342,LOW,0,LOW,0.09,TRUE_NEGATIVE
21,2001,9,MONSOON,0,0.005837362,0.005837362,LOW,0,LOW,0.09,TRUE_NEGATIVE
22,2001,9,MONSOON,0,0.0052733463,0.0052733463,LOW,0,LOW,0.09,TRUE_NEGATIVE
23,2001,9,MONSOON,0,0.0055363746,0.0055363746,LOW,0,LOW,0.09,TRUE_NEGATIVE
24,2001,9,MONSOON,0,0.0050361925,0.0050361925,LOW,0,LOW,0.09,TRUE_NEGATIVE
25,2001,9,MONSOON,0,0.0055180695,0.0055180695,LOW,0,LOW,0.09,TRUE_NEGATIVE
26,2001,9,MONSOON,0,0.0049021645,0.0049021645,LOW,0,LOW,0.09,TRUE_NEGATIVE
27,2001,9,MONSOON,0,0.0056475075,0.0056475075,LOW,0,LOW,0.09,TRUE_NEGATIVE
28,2001,9,MONSOON,0,0.0054893345,0.0054893345,LOW,0,LOW,0.09,TRUE_NEGATIVE
29,2001,9,MONSOON,0,0.013130209,0.013130209,LOW,0,LOW,0.09,TRUE_NEGATIVE
30,2001,9,MONSOON,0,0.0049864296,0.0049864296,LOW,0,LOW,0.09,TRUE_NEGATIVE
31,2001,9,MONSOON,0,0.004926347,0.004926347,LOW,0,LOW,0.09,TRUE_NEGATIVE
32,2001,9,MONSOON,0,0.0049913554,0.0049913554,LOW,0,LOW,0.09,TRUE_NEGATIVE
33,2001,9,MONSOON,0,0.004773351,0.004773351,LOW,0,LOW,0.09,TRUE_NEGATIVE
34,2001,9,MONSOON,0,0.004954143,0.004954143,LOW,0,LOW,0.09,TRUE_NEGATIVE
35,2001,9,MONSOON,0,0.0048275744,0.0048275744,LOW,0,LOW,0.09,TRUE_NEGATIVE
0,2001,2,WINTER,0,0.0067188954,0.0067188954,LOW,0,LOW,0.09,TRUE_NEGATIVE
1,2001,2,WINTER,0,0.008796114,0.008796114,LOW,0,LOW,0.09,TRUE_NEGATIVE
2,2001,2,WINTER,0,0.00918419,0.00918419,LOW,0,LOW,0.09,TRUE_NEGATIVE
3,2001,2,WINTER,0,0.0049442616,0.0049442616,LOW,0,LOW,0.09,TRUE_NEGATIVE
4,2001,2,WINTER,0,0.0052575795,0.0052575795,LOW,0,LOW,0.09,TRUE_NEGATIVE
5,2001,2,WINTER,0,0.004898042,0.004898042,LOW,0,LOW,0.09,TRUE_NEGATIVE
6,2001,2,WINTER,0,0.0057246094,0.0057246094,LOW,0,LOW,0.09,TRUE_NEGATIVE
7,2001,2,WINTER,0,0.0049895416,0.0049895416,LOW,0,LOW,0.09,TRUE_NEGATIVE
8,2001,2,WINTER,0,0.005063209,0.005063209,LOW,0,LOW,0.09,TRUE_NEGATIVE
9,2001,2,WINTER,0,0.005386225,0.005386225,LOW,0,LOW,0.09,TRUE_NEGATIVE
10,2001,2,WINTER,0,0.0051972168,0.0051972168,LOW,0,LOW,0.09,TRUE_NEGATIVE
11,2001,2,WINTER,0,0.0048593977,0.0048593977,LOW,0,LOW,0.09,TRUE_NEGATIVE
12,2001,2,WINTER,0,0.005667997,0.005667997,LOW,0,LOW,0.09,TRUE_NEGATIVE
13,2001,2,WINTER,0,0.038105667,0.038105667,LOW,0,LOW,0.09,TRUE_NEGATIVE
14,2001,2,WINTER,0,0.040111568,0.040111568,LOW,0,LOW,0.09,TRUE_NEGATIVE
15,2001,2,WINTER,0,0.0052692057,0.0052692057,LOW,0,LOW,0.09,TRUE_NEGATIVE
16,2001,2,WINTER,0,0.0065137735,0.0065137735,LOW,0,LOW,0.09,TRUE_NEGATIVE
17,2001,2,WINTER,0,0.0056428905,0.0056428905,LOW,0,LOW,0.09,TRUE_NEGATIVE
18,2001,2,WINTER,0,0.006268598,0.006268598,LOW,0,LOW,0.09,TRUE_NEGATIVE
19,2001,2,WINTER,0,0.005062839,0.005062839,LOW,0,LOW,0.09,TRUE_NEGATIVE
20,2001,2,WINTER,0,0.0049466784,0.0049466784,LOW,0,LOW,0.09,TRUE_NEGATIVE
21,2001,2,WINTER,0,0.008318315,0.008318315,LOW,0,LOW,0.09,TRUE_NEGATIVE
22,2001,2,WINTER,0,0.004932831,0.004932831,LOW,0,LOW,0.09,TRUE_NEGATIVE
23,2001,2,WINTER,0,0.005138682,0.005138682,LOW,0,LOW,0.09,TRUE_NEGATIVE
24,2001,2,WINTER,0,0.005764806,0.005764806,LOW,0,LOW,0.09,TRUE_NEGATIVE
25,2001,2,WINTER,0,0.0054112948,0.0054112948,LOW,0,LOW,0.09,TRUE_NEGATIVE
26,2001,2,WINTER,0,0.0049107927,0.0049107927,LOW,0,LOW,0.09,TRUE_NEGATIVE
27,2001,2,WINTER,0,0.006346946,0.006346946,LOW,0,LOW,0.09,TRUE_NEGATIVE
28,2001,2,WINTER,0,0.005342131,0.005342131,LOW,0,LOW,0.09,TRUE_NEGATIVE
29,2001,2,WINTER,0,0.011122285,0.011122285,LOW,0,LOW,0.09,TRUE_NEGATIVE
30,2001,2,WINTER,0,0.0047601378,0.0047601378,LOW,0,LOW,0.09,TRUE_NEGATIVE
31,2001,2,WINTER,0,0.005790691,0.005790691,LOW,0,LOW,0.09,TRUE_NEGATIVE
32,2001,2,WINTER,0,0.004737648,0.004737648,LOW,0,LOW,0.09,TRUE_NEGATIVE
33,2001,2,WINTER,0,0.0047748643,0.0047748643,LOW,0,LOW,0.09,TRUE_NEGATIVE
34,2001,2,WINTER,0,0.0050658016,0.0050658016,LOW,0,LOW,0.09,TRUE_NEGATIVE
35,2001,2,WINTER,0,0.0049204417,0.0049204417,LOW,0,LOW,0.09,TRUE_NEGATIVE
0,2002,4,PRE_MONSOON,0,0.0079007745,0.0079007745,LOW,0,LOW,0.09,TRUE_NEGATIVE
1,2002,4,PRE_MONSOON,0,0.025194226,0.025194226,LOW,0,LOW,0.09,TRUE_NEGATIVE
2,2002,4,PRE_MONSOON,0,0.029173715,0.029173715,LOW,0,LOW,0.09,TRUE_NEGATIVE
3,2002,4,PRE_MONSOON,0,0.005400393,0.005400393,LOW,0,LOW,0.09,TRUE_NEGATIVE
4,2002,4,PRE_MONSOON,0,0.009294602,0.009294602,LOW,0,LOW,0.09,TRUE_NEGATIVE
5,2002,4,PRE_MONSOON,0,0.0054579596,0.0054579596,LOW,0,LOW,0.09,TRUE_NEGATIVE
6,2002,4,PRE_MONSOON,0,0.0055990475,0.0055990475,LOW,0,LOW,0.09,TRUE_NEGATIVE
7,2002,4,PRE_MONSOON,0,0.0075920504,0.0075920504,LOW,0,LOW,0.09,TRUE_NEGATIVE
8,2002,4,PRE_MONSOON,0,0.0055180877,0.0055180877,LOW,0,LOW,0.09,TRUE_NEGATIVE
9,2002,4,PRE_MONSOON,0,0.008936527,0.008936527,LOW,0,LOW,0.09,TRUE_NEGATIVE
10,2002,4,PRE_MONSOON,0,0.006516143,0.006516143,LOW,0,LOW,0.09,TRUE_NEGATIVE
11,2002,4,PRE_MONSOON,0,0.005350699,0.005350699,LOW,0,LOW,0.09,TRUE_NEGATIVE
12,2002,4,PRE_MONSOON,0,0.0058480143,0.0058480143,LOW,0,LOW,0.09,TRUE_NEGATIVE
13,2002,4,PRE_MONSOON,0,0.040696044,0.040696044,LOW,0,LOW,0.09,TRUE_NEGATIVE
14,2002,4,PRE_MONSOON,0,0.065721825,0.065721825,MODERATE,0,MODERATE,0.09,TRUE_NEGATIVE
15,2002,4,PRE_MONSOON,0,0.00852404,0.00852404,LOW,0,LOW,0.09,TRUE_NEGATIVE
16,2002,4,PRE_MONSOON,0,0.008136172,0.008136172,LOW,0,LOW,0.09,TRUE_NEGATIVE
17,2002,4,PRE_MONSOON,0,0.007229741,0.007229741,LOW,0,LOW,0.09,TRUE_NEGATIVE
18,2002,4,PRE_MONSOON,0,0.007935205,0.007935205,LOW,0,LOW,0.09,TRUE_NEGATIVE
19,2002,4,PRE_MONSOON,0,0.0058665895,0.0058665895,LOW,0,LOW,0.09,TRUE_NEGATIVE
20,2002,4,PRE_MONSOON,0,0.005171326,0.005171326,LOW,0,LOW,0.09,TRUE_NEGATIVE
21,2002,4,PRE_MONSOON,0,0.016446348,0.016446348,LOW,0,LOW,0.09,TRUE_NEGATIVE
22,2002,4,PRE_MONSOON,0,0.0054266835,0.0054266835,LOW,0,LOW,0.09,TRUE_NEGATIVE
23,2002,4,PRE_MONSOON,0,0.0058927527,0.0058927527,LOW,0,LOW,0.09,TRUE_NEGATIVE
24,2002,4,PRE_MONSOON,0,0.006987442,0.006987442,LOW,0,LOW,0.09,TRUE_NEGATIVE
25,2002,4,PRE_MONSOON,0,0.005362856,0.005362856,LOW,0,LOW,0.09,TRUE_NEGATIVE
26,2002,4,PRE_MONSOON,0,0.0052225357,0.0052225357,LOW,0,LOW,0.09,TRUE_NEGATIVE
27,2002,4,PRE_MONSOON,0,0.009523296,0.009523296,LOW,0,LOW,0.09,TRUE_NEGATIVE
28,2002,4,PRE_MONSOON,0,0.023023725,0.023023725,LOW,0,LOW,0.09,TRUE_NEGATIVE
29,2002,4,PRE_MONSOON,0,0.0075173695,0.0075173695,LOW,0,LOW,0.09,TRUE_NEGATIVE
30,2002,4,PRE_MONSOON,0,0.0055272984,0.0055272984,LOW,0,LOW,0.09,TRUE_NEGATIVE
31,2002,4,PRE_MONSOON,0,0.00772812,0.00772812,LOW,0,LOW,0.09,TRUE_NEGATIVE
32,2002,4,PRE_MONSOON,0,0.005256829,0.005256829,LOW,0,LOW,0.09,TRUE_NEGATIVE
33,2002,4,PRE_MONSOON,0,0.0050963745,0.0050963745,LOW,0,LOW,0.09,TRUE_NEGATIVE
34,2002,4,PRE_MONSOON,0,0.0057068598,0.0057068598,LOW,0,LOW,0.09,TRUE_NEGATIVE
35,2002,4,PRE_MONSOON,0,0.0050502494,0.0050502494,LOW,0,LOW,0.09,TRUE_NEGATIVE
0,2002,3,PRE_MONSOON,0,0.01282951,0.01282951,LOW,0,LOW,0.09,TRUE_NEGATIVE
1,2002,3,PRE_MONSOON,0,0.041646346,0.041646346,LOW,0,LOW,0.09,TRUE_NEGATIVE
2,2002,3,PRE_MONSOON,0,0.09051085,0.09051085,ELEVATED,1,ELEVATED,0.09,FALSE_POSITIVE
3,2002,3,PRE_MONSOON,0,0.012083889,0.012083889,LOW,0,LOW,0.09,TRUE_NEGATIVE
4,2002,3,PRE_MONSOON,0,0.01289109,0.01289109,LOW,0,LOW,0.09,TRUE_NEGATIVE
5,2002,3,PRE_MONSOON,0,0.0069975564,0.0069975564,LOW,0,LOW,0.09,TRUE_NEGATIVE
6,2002,3,PRE_MONSOON,0,0.0074009644,0.0074009644,LOW,0,LOW,0.09,TRUE_NEGATIVE
7,2002,3,PRE_MONSOON,0,0.009147463,0.009147463,LOW,0,LOW,0.09,TRUE_NEGATIVE
8,2002,3,PRE_MONSOON,0,0.0053037084,0.0053037084,LOW,0,LOW,0.09,TRUE_NEGATIVE
9,2002,3,PRE_MONSOON,0,0.009597547,0.009597547,LOW,0,LOW,0.09,TRUE_NEGATIVE
10,2002,3,PRE_MONSOON,0,0.018606374,0.018606374,LOW,0,LOW,0.09,TRUE_NEGATIVE
11,2002,3,PRE_MONSOON,0,0.005664308,0.005664308,LOW,0,LOW,0.09,TRUE_NEGATIVE
12,2002,3,PRE_MONSOON,0,0.0056443806,0.0056443806,LOW,0,LOW,0.09,TRUE_NEGATIVE
13,2002,3,PRE_MONSOON,0,0.030853095,0.030853095,LOW,0,LOW,0.09,TRUE_NEGATIVE
14,2002,3,PRE_MONSOON,0,0.043116905,0.043116905,LOW,0,LOW,0.09,TRUE_NEGATIVE
15,2002,3,PRE_MONSOON,0,0.016858313,0.016858313,LOW,0,LOW,0.09,TRUE_NEGATIVE
16,2002,3,PRE_MONSOON,0,0.024816617,0.024816617,LOW,0,LOW,0.09,TRUE_NEGATIVE
17,2002,3,PRE_MONSOON,0,0.0075544165,0.0075544165,LOW,0,LOW,0.09,TRUE_NEGATIVE
18,2002,3,PRE_MONSOON,0,0.009817648,0.009817648,LOW,0,LOW,0.09,TRUE_NEGATIVE
19,2002,3,PRE_MONSOON,0,0.006428629,0.006428629,LOW,0,LOW,0.09,TRUE_NEGATIVE
20,2002,3,PRE_MONSOON,0,0.005627887,0.005627887,LOW,0,LOW,0.09,TRUE_NEGATIVE
21,2002,3,PRE_MONSOON,0,0.08857853,0.08857853,MODERATE,0,MODERATE,0.09,TRUE_NEGATIVE
22,2002,3,PRE_MONSOON,0,0.0059592356,0.0059592356,LOW,0,LOW,0.09,TRUE_NEGATIVE
23,2002,3,PRE_MONSOON,0,0.01270815,0.01270815,LOW,0,LOW,0.09,TRUE_NEGATIVE
24,2002,3,PRE_MONSOON,0,0.0071927328,0.0071927328,LOW,0,LOW,0.09,TRUE_NEGATIVE
25,2002,3,PRE_MONSOON,0,0.0055795866,0.0055795866,LOW,0,LOW,0.09,TRUE_NEGATIVE
26,2002,3,PRE_MONSOON,0,0.0053903908,0.0053903908,LOW,0,LOW,0.09,TRUE_NEGATIVE
27,2002,3,PRE_MONSOON,0,0.0147811575,0.0147811575,LOW,0,LOW,0.09,TRUE_NEGATIVE
28,2002,3,PRE_MONSOON,0,0.070264906,0.070264906,MODERATE,0,MODERATE,0.09,TRUE_NEGATIVE
29,2002,3,PRE_MONSOON,0,0.0070338147,0.0070338147,LOW,0,LOW,0.09,TRUE_NEGATIVE
30,2002,3,PRE_MONSOON,0,0.0056287996,0.0056287996,LOW,0,LOW,0.09,TRUE_NEGATIVE
31,2002,3,PRE_MONSOON,0,0.008280322,0.008280322,LOW,0,LOW,0.09,TRUE_NEGATIVE
32,2002,3,PRE_MONSOON,0,0.00547326,0.00547326,LOW,0,LOW,0.09,TRUE_NEGATIVE
33,2002,3,PRE_MONSOON,0,0.006114795,0.006114795,LOW,0,LOW,0.09,TRUE_NEGATIVE
34,2002,3,PRE_MONSOON,0,0.005164822,0.005164822,LOW,0,LOW,0.09,TRUE_NEGATIVE
35,2002,3,PRE_MONSOON,0,0.005569439,0.005569439,LOW,0,LOW,0.09,TRUE_NEGATIVE
0,2002,7,MONSOON,0,0.03344884,0.03344884,LOW,0,LOW,0.09,TRUE_NEGATIVE
1,2002,7,MONSOON,0,0.020950515,0.020950515,LOW,0,LOW,0.09,TRUE_NEGATIVE
2,2002,7,MONSOON,0,0.10628858,0.10628858,HIGH,1,HIGH,0.09,FALSE_POSITIVE
3,2002,7,MONSOON,0,0.038358472,0.038358472,LOW,0,LOW,0.09,TRUE_NEGATIVE
4,2002,7,MONSOON,0,0.060487237,0.060487237,MODERATE,0,MODERATE,0.09,TRUE_NEGATIVE
5,2002,7,MONSOON,0,0.025849955,0.025849955,LOW,0,LOW,0.09,TRUE_NEGATIVE
6,2002,7,MONSOON,0,0.0671159,0.0671159,MODERATE,0,MODERATE,0.09,TRUE_NEGATIVE
7,2002,7,MONSOON,0,0.028560828,0.028560828,LOW,0,LOW,0.09,TRUE_NEGATIVE
8,2002,7,MONSOON,0,0.0077749016,0.0077749016,LOW,0,LOW,0.09,TRUE_NEGATIVE
9,2002,7,MONSOON,0,0.028765276,0.028765276,LOW,0,LOW,0.09,TRUE_NEGATIVE
10,2002,7,MONSOON,0,0.050084587,0.050084587,MODERATE,0,MODERATE,0.09,TRUE_NEGATIVE
11,2002,7,MONSOON,0,0.007501416,0.007501416,LOW,0,LOW,0.09,TRUE_NEGATIVE
12,2002,7,MONSOON,0,0.007498708,0.007498708,LOW,0,LOW,0.09,TRUE_NEGATIVE
13,2002,7,MONSOON,0,0.02893717,0.02893717,LOW,0,LOW,0.09,TRUE_NEGATIVE
14,2002,7,MONSOON,0,0.038938686,0.038938686,LOW,0,LOW,0.09,TRUE_NEGATIVE
15,2002,7,MONSOON,0,0.032704685,0.032704685,LOW,0,LOW,0.09,TRUE_NEGATIVE
16,2002,7,MONSOON,0,0.06329205,0.06329205,MODERATE,0,MODERATE,0.09,TRUE_NEGATIVE
17,2002,7,MONSOON,0,0.09332257,0.09332257,ELEVATED,1,ELEVATED,0.09,FALSE_POSITIVE
18,2002,7,MONSOON,0,0.028850662,0.028850662,LOW,0,LOW,0.09,TRUE_NEGATIVE
19,2002,7,MONSOON,0,0.047213502,0.047213502,LOW,0,LOW,0.09,TRUE_NEGATIVE
20,2002,7,MONSOON,0,0.04367175,0.04367175,LOW,0,LOW,0.09,TRUE_NEGATIVE
21,2002,7,MONSOON,0,0.099255726,0.099255726,ELEVATED,1,ELEVATED,0.09,FALSE_POSITIVE
22,2002,7,MONSOON,0,0.027664619,0.027664619,LOW,0,LOW,0.09,TRUE_NEGATIVE
23,2002,7,MONSOON,0,0.071374685,0.071374685,MODERATE,0,MODERATE,0.09,TRUE_NEGATIVE
24,2002,7,MONSOON,0,0.010606451,0.010606451,LOW,0,LOW,0.09,TRUE_NEGATIVE
25,2002,7,MONSOON,0,0.020406257,0.020406257,LOW,0,LOW,0.09,TRUE_NEGATIVE
26,2002,7,MONSOON,0,0.0061547332,0.0061547332,LOW,0,LOW,0.09,TRUE_NEGATIVE
27,2002,7,MONSOON,0,0.059078418,0.059078418,MODERATE,0,MODERATE,0.09,TRUE_NEGATIVE
28,2002,7,MONSOON,0,0.113661505,0.113661505,HIGH,1,HIGH,0.09,FALSE_POSITIVE
29,2002,7,MONSOON,0,0.022188593,0.022188593,LOW,0,LOW,0.09,TRUE_NEGATIVE
30,2002,7,MONSOON,0,0.029722953,0.029722953,LOW,0,LOW,0.09,TRUE_NEGATIVE
31,2002,7,MONSOON,0,0.016598143,0.016598143,LOW,0,LOW,0.09,TRUE_NEGATIVE
32,2002,7,MONSOON,0,0.028043294,0.028043294,LOW,0,LOW,0.09,TRUE_NEGATIVE
33,2002,7,MONSOON,0,0.01219643,0.01219643,LOW,0,LOW,0.09,TRUE_NEGATIVE
34,2002,7,MONSOON,0,0.006097744,0.006097744,LOW,0,LOW,0.09,TRUE_NEGATIVE
35,2002,7,MONSOON,0,0.009494373,0.009494373,LOW,0,LOW,0.09,TRUE_NEGATIVE
0,2002,0,UNKNOWN,0,0.07524045,0.07524045,MODERATE,0,MODERATE,0.09,TRUE_NEGATIVE
1,2002,0,UNKNOWN,0,0.032672387,0.032672387,LOW,0,LOW,0.09,TRUE_NEGATIVE
2,2002,0,UNKNOWN,0,0.10936771,0.10936771,HIGH,1,HIGH,0.09,FALSE_POSITIVE
3,2002,0,UNKNOWN,0,0.08788566,0.08788566,MODERATE,0,MODERATE,0.09,TRUE_NEGATIVE
4,2002,0,UNKNOWN,1,0.12354612,0.12354612,HIGH,1,HIGH,0.09,TRUE_POSITIVE
5,2002,0,UNKNOWN,1,0.07241659,0.07241659,MODERATE,0,MODERATE,0.09,FALSE_NEGATIVE
6,2002,0,UNKNOWN,1,0.1171648,0.1171648,HIGH,1,HIGH,0.09,TRUE_POSITIVE
7,2002,0,UNKNOWN,1,0.09700574,0.09700574,ELEVATED,1,ELEVATED,0.09,TRUE_POSITIVE
8,2002,0,UNKNOWN,1,0.022817153,0.022817153,LOW,0,LOW,0.09,FALSE_NEGATIVE
9,2002,0,UNKNOWN,1,0.058252256,0.058252256,MODERATE,0,MODERATE,0.09,FALSE_NEGATIVE
10,2002,0,UNKNOWN,0,0.088116065,0.088116065,MODERATE,0,MODERATE,0.09,TRUE_NEGATIVE
11,2002,0,UNKNOWN,1,0.024327632,0.024327632,LOW,0,LOW,0.09,FALSE_NEGATIVE
12,2002,0,UNKNOWN,1,0.043479834,0.043479834,LOW,0,LOW,0.09,FALSE_NEGATIVE
13,2002,0,UNKNOWN,1,0.049456116,0.049456116,LOW,0,LOW,0.09,FALSE_NEGATIVE
14,2002,0,UNKNOWN,0,0.052467346,0.052467346,MODERATE,0,MODERATE,0.09,TRUE_NEGATIVE
15,2002,0,UNKNOWN,1,0.1034483,0.1034483,HIGH,1,HIGH,0.09,TRUE_POSITIVE
16,2002,0,UNKNOWN,1,0.09234339,0.09234339,ELEVATED,1,ELEVATED,0.09,TRUE_POSITIVE
17,2002,0,UNKNOWN,1,0.11297669,0.11297669,HIGH,1,HIGH,0.09,TRUE_POSITIVE
18,2002,0,UNKNOWN,1,0.10228531,0.10228531,HIGH,1,HIGH,0.09,TRUE_POSITIVE
19,2002,0,UNKNOWN,1,0.093177885,0.093177885,ELEVATED,1,ELEVATED,0.09,TRUE_POSITIVE
20,2002,0,UNKNOWN,1,0.08522295,0.08522295,MODERATE,0,MODERATE,0.09,FALSE_NEGATIVE
21,2002,0,UNKNOWN,0,0.1123928,0.1123928,HIGH,1,HIGH,0.09,FALSE_POSITIVE
22,2002,0,UNKNOWN,1,0.09113172,0.09113172,ELEVATED,1,ELEVATED,0.09,TRUE_POSITIVE
23,2002,0,UNKNOWN,1,0.11606852,0.11606852,HIGH,1,HIGH,0.09,TRUE_POSITIVE
24,2002,0,UNKNOWN,1,0.029011307,0.029011307,LOW,0,LOW,0.09,FALSE_NEGATIVE
25,2002,0,UNKNOWN,0,0.043847136,0.043847136,LOW,0,LOW,0.09,TRUE_NEGATIVE
26,2002,0,UNKNOWN,1,0.0087941345,0.0087941345,LOW,0,LOW,0.09,FALSE_NEGATIVE
27,2002,0,UNKNOWN,1,0.114625916,0.114625916,HIGH,1,HIGH,0.09,TRUE_POSITIVE
28,2002,0,UNKNOWN,0,0.10531677,0.10531677,HIGH,1,HIGH,0.09,FALSE_POSITIVE
29,2002,0,UNKNOWN,1,0.039699048,0.039699048,LOW,0,LOW,0.09,FALSE_NEGATIVE
30,2002,0,UNKNOWN,1,0.0853566,0.0853566,MODERATE,0,MODERATE,0.09,FALSE_NEGATIVE
31,2002,0,UNKNOWN,1,0.037632857,0.037632857,LOW,0,LOW,0.09,FALSE_NEGATIVE
32,2002,0,UNKNOWN,1,0.12892017,0.12892017,HIGH,1,HIGH,0.09,TRUE_POSITIVE
33,2002,0,UNKNOWN,1,0.06895555,0.06895555,MODERATE,0,MODERATE,0.09,FALSE_NEGATIVE
34,2002,0,UNKNOWN,1,0.009900742,0.009900742,LOW,0,LOW,0.09,FALSE_NEGATIVE
35,2002,0,UNKNOWN,1,0.059697535,0.059697535,MODERATE,0,MODERATE,0.09,FALSE_NEGATIVE
0,2002,8,MONSOON,0,0.104171515,0.104171515,HIGH,1,HIGH,0.09,FALSE_POSITIVE
1,2002,8,MONSOON,0,0.04095322,0.04095322,LOW,0,LOW,0.09,TRUE_NEGATIVE
2,2002,8,MONSOON,0,0.09205562,0.09205562,ELEVATED,1,ELEVATED,0.09,FALSE_POSITIVE
3,2002,8,MONSOON,0,0.12597294,0.12597294,HIGH,1,HIGH,0.09,FALSE_POSITIVE
4,2002,8,MONSOON,1,0.12772079,0.12772079,HIGH,1,HIGH,0.09,TRUE_POSITIVE
5,2002,8,MONSOON,1,0.119067185,0.119067185,HIGH,1,HIGH,0.09,TRUE_POSITIVE
6,2002,8,MONSOON,1,0.13374314,0.13374314,HIGH,1,HIGH,0.09,TRUE_POSITIVE
7,2002,8,MONSOON,1,0.1331173,0.1331173,HIGH,1,HIGH,0.09,TRUE_POSITIVE
8,2002,8,MONSOON,1,0.04562564,0.04562564,LOW,0,LOW,0.09,FALSE_NEGATIVE
9,2002,8,MONSOON,1,0.088407315,0.088407315,MODERATE,0,MODERATE,0.09,FALSE_NEGATIVE
10,2002,8,MONSOON,0,0.10885532,0.10885532,HIGH,1,HIGH,0.09,FALSE_POSITIVE
11,2002,8,MONSOON,1,0.0389227,0.0389227,LOW,0,LOW,0.09,FALSE_NEGATIVE
12,2002,8,MONSOON,1,0.04139526,0.04139526,LOW,0,LOW,0.09,FALSE_NEGATIVE
13,2002,8,MONSOON,1,0.080187656,0.080187656,MODERATE,0,MODERATE,0.09,FALSE_NEGATIVE
14,2002,8,MONSOON,0,0.065759785,0.065759785,MODERATE,0,MODERATE,0.09,TRUE_NEGATIVE
15,2002,8,MONSOON,1,0.11210375,0.11210375,HIGH,1,HIGH,0.09,TRUE_POSITIVE
16,2002,8,MONSOON,1,0.10337189,0.10337189,HIGH,1,HIGH,0.09,TRUE_POSITIVE
17,2002,8,MONSOON,1,0.15181288,0.15181288,CRITICAL,1,CRITICAL,0.09,TRUE_POSITIVE
18,2002,8,MONSOON,1,0.13431531,0.13431531,HIGH,1,HIGH,0.09,TRUE_POSITIVE
19,2002,8,MONSOON,1,0.12893775,0.12893775,HIGH,1,HIGH,0.09,TRUE_POSITIVE
20,2002,8,MONSOON,1,0.120893314,0.120893314,HIGH,1,HIGH,0.09,TRUE_POSITIVE
21,2002,8,MONSOON,0,0.105525345,0.105525345,HIGH,1,HIGH,0.09,FALSE_POSITIVE
22,2002,8,MONSOON,1,0.12005366,0.12005366,HIGH,1,HIGH,0.09,TRUE_POSITIVE
23,2002,8,MONSOON,1,0.13238043,0.13238043,HIGH,1,HIGH,0.09,TRUE_POSITIVE
24,2002,8,MONSOON,1,0.01692478,0.01692478,LOW,0,LOW,0.09,FALSE_NEGATIVE
25,2002,8,MONSOON,0,0.11148484,0.11148484,HIGH,1,HIGH,0.09,FALSE_POSITIVE
26,2002,8,MONSOON,1,0.010857785,0.010857785,LOW,0,LOW,0.09,FALSE_NEGATIVE
27,2002,8,MONSOON,1,0.12651147,0.12651147,HIGH,1,HIGH,0.09,TRUE_POSITIVE
28,2002,8,MONSOON,0,0.13658091,0.13658091,HIGH,1,HIGH,0.09,FALSE_POSITIVE
29,2002,8,MONSOON,1,0.027886739,0.027886739,LOW,0,LOW,0.09,FALSE_NEGATIVE
30,2002,8,MONSOON,1,0.10726587,0.10726587,HIGH,1,HIGH,0.09,TRUE_POSITIVE
31,2002,8,MONSOON,1,0.052149113,0.052149113,MODERATE,0,MODERATE,0.09,FALSE_NEGATIVE
32,2002,8,MONSOON,1,0.13963363,0.13963363,HIGH,1,HIGH,0.09,TRUE_POSITIVE
33,2002,8,MONSOON,1,0.08699156,0.08699156,MODERATE,0,MODERATE,0.09,FALSE_NEGATIVE
34,2002,8,MONSOON,1,0.016883764,0.016883764,LOW,0,LOW,0.09,FALSE_NEGATIVE
35,2002,8,MONSOON,1,0.09003242,0.09003242,ELEVATED,1,ELEVATED,0.09,TRUE_POSITIVE
0,2002,6,MONSOON,0,0.09334214,0.09334214,ELEVATED,1,ELEVATED,0.09,FALSE_POSITIVE
1,2002,6,MONSOON,0,0.033416316,0.033416316,LOW,0,LOW,0.09,TRUE_NEGATIVE
2,2002,6,MONSOON,0,0.085818864,0.085818864,MODERATE,0,MODERATE,0.09,TRUE_NEGATIVE
3,2002,6,MONSOON,0,0.13769607,0.13769607,HIGH,1,HIGH,0.09,FALSE_POSITIVE
4,2002,6,MONSOON,1,0.12942638,0.12942638,HIGH,1,HIGH,0.09,TRUE_POSITIVE
5,2002,6,MONSOON,1,0.12107914,0.12107914,HIGH,1,HIGH,0.09,TRUE_POSITIVE
6,2002,6,MONSOON,1,0.12933251,0.12933251,HIGH,1,HIGH,0.09,TRUE_POSITIVE
7,2002,6,MONSOON,1,0.12038662,0.12038662,HIGH,1,HIGH,0.09,TRUE_POSITIVE
8,2002,6,MONSOON,1,0.070408426,0.070408426,MODERATE,0,MODERATE,0.09,FALSE_NEGATIVE
9,2002,6,MONSOON,1,0.10826537,0.10826537,HIGH,1,HIGH,0.09,TRUE_POSITIVE
10,2002,6,MONSOON,0,0.09748274,0.09748274,ELEVATED,1,ELEVATED,0.09,FALSE_POSITIVE
11,2002,6,MONSOON,1,0.06114439,0.06114439,MODERATE,0,MODERATE,0.09,FALSE_NEGATIVE
12,2002,6,MONSOON,1,0.039332133,0.039332133,LOW,0,LOW,0.09,FALSE_NEGATIVE
13,2002,6,MONSOON,1,0.07374576,0.07374576,MODERATE,0,MODERATE,0.09,FALSE_NEGATIVE
14,2002,6,MONSOON,0,0.06145441,0.06145441,MODERATE,0,MODERATE,0.09,TRUE_NEGATIVE
15,2002,6,MONSOON,1,0.095055744,0.095055744,ELEVATED,1,ELEVATED,0.09,TRUE_POSITIVE
16,2002,6,MONSOON,1,0.07664509,0.07664509,MODERATE,0,MODERATE,0.09,FALSE_NEGATIVE
17,2002,6,MONSOON,1,0.1360486,0.1360486,HIGH,1,HIGH,0.09,TRUE_POSITIVE
18,2002,6,MONSOON,1,0.10932465,0.10932465,HIGH,1,HIGH,0.09,TRUE_POSITIVE
19,2002,6,MONSOON,1,0.12450602,0.12450602,HIGH,1,HIGH,0.09,TRUE_POSITIVE
20,2002,6,MONSOON,1,0.112430826,0.112430826,HIGH,1,HIGH,0.09,TRUE_POSITIVE
21,2002,6,MONSOON,0,0.072367124,0.072367124,MODERATE,0,MODERATE,0.09,TRUE_NEGATIVE
22,2002,6,MONSOON,1,0.12570937,0.12570937,HIGH,1,HIGH,0.09,TRUE_POSITIVE
23,2002,6,MONSOON,1,0.1304532,0.1304532,HIGH,1,HIGH,0.09,TRUE_POSITIVE
24,2002,6,MONSOON,1,0.018346256,0.018346256,LOW,0,LOW,0.09,FALSE_NEGATIVE
25,2002,6,MONSOON,0,0.118695125,0.118695125,HIGH,1,HIGH,0.09,FALSE_POSITIVE
26,2002,6,MONSOON,1,0.0195071,0.0195071,LOW,0,LOW,0.09,FALSE_NEGATIVE
27,2002,6,MONSOON,1,0.14173484,0.14173484,HIGH,1,HIGH,0.09,TRUE_POSITIVE
28,2002,6,MONSOON,0,0.1162321,0.1162321,HIGH,1,HIGH,0.09,FALSE_POSITIVE
29,2002,6,MONSOON,1,0.025259724,0.025259724,LOW,0,LOW,0.09,FALSE_NEGATIVE
30,2002,6,MONSOON,1,0.101619974,0.101619974,HIGH,1,HIGH,0.09,TRUE_POSITIVE
31,2002,6,MONSOON,1,0.060538236,0.060538236,MODERATE,0,MODERATE,0.09,FALSE_NEGATIVE
32,2002,6,MONSOON,1,0.09823844,0.09823844,ELEVATED,1,ELEVATED,0.09,TRUE_POSITIVE
33,2002,6,MONSOON,1,0.08742846,0.08742846,MODERATE,0,MODERATE,0.09,FALSE_NEGATIVE
34,2002,6,MONSOON,1,0.017700389,0.017700389,LOW,0,LOW,0.09,FALSE_NEGATIVE
35,2002,6,MONSOON,1,0.07165523,0.07165523,MODERATE,0,MODERATE,0.09,FALSE_NEGATIVE
0,2002,5,PRE_MONSOON,0,0.09733932,0.09733932,ELEVATED,1,ELEVATED,0.09,FALSE_POSITIVE
1,2002,5,PRE_MONSOON,0,0.053059787,0.053059787,MODERATE,0,MODERATE,0.09,TRUE_NEGATIVE
2,2002,5,PRE_MONSOON,1,0.07908146,0.07908146,MODERATE,0,MODERATE,0.09,FALSE_NEGATIVE
3,2002,5,PRE_MONSOON,0,0.109643266,0.109643266,HIGH,1,HIGH,0.09,FALSE_POSITIVE
4,2002,5,PRE_MONSOON,0,0.12507033,0.12507033,HIGH,1,HIGH,0.09,FALSE_POSITIVE
5,2002,5,PRE_MONSOON,1,0.14333147,0.14333147,HIGH,1,HIGH,0.09,TRUE_POSITIVE
6,2002,5,PRE_MONSOON,0,0.11171003,0.11171003,HIGH,1,HIGH,0.09,FALSE_POSITIVE
7,2002,5,PRE_MONSOON,0,0.08972187,0.08972187,MODERATE,0,MODERATE,0.09,TRUE_NEGATIVE
8,2002,5,PRE_MONSOON,0,0.024572447,0.024572447,LOW,0,LOW,0.09,TRUE_NEGATIVE
9,2002,5,PRE_MONSOON,0,0.08733376,0.08733376,MODERATE,0,MODERATE,0.09,TRUE_NEGATIVE
10,2002,5,PRE_MONSOON,0,0.046823002,0.046823002,LOW,0,LOW,0.09,TRUE_NEGATIVE
11,2002,5,PRE_MONSOON,0,0.036084108,0.036084108,LOW,0,LOW,0.09,TRUE_NEGATIVE
12,2002,5,PRE_MONSOON,0,0.011151793,0.011151793,LOW,0,LOW,0.09,TRUE_NEGATIVE
13,2002,5,PRE_MONSOON,0,0.09410188,0.09410188,ELEVATED,1,ELEVATED,0.09,FALSE_POSITIVE
14,2002,5,PRE_MONSOON,0,0.06687046,0.06687046,MODERATE,0,MODERATE,0.09,TRUE_NEGATIVE
15,2002,5,PRE_MONSOON,0,0.09014578,0.09014578,ELEVATED,1,ELEVATED,0.09,FALSE_POSITIVE
16,2002,5,PRE_MONSOON,0,0.10360047,0.10360047,HIGH,1,HIGH,0.09,FALSE_POSITIVE
17,2002,5,PRE_MONSOON,0,0.07836821,0.07836821,MODERATE,0,MODERATE,0.09,TRUE_NEGATIVE
18,2002,5,PRE_MONSOON,0,0.08499341,0.08499341,MODERATE,0,MODERATE,0.09,TRUE_NEGATIVE
19,2002,5,PRE_MONSOON,0,0.11227219,0.11227219,HIGH,1,HIGH,0.09,FALSE_POSITIVE
20,2002,5,PRE_MONSOON,0,0.10858436,0.10858436,HIGH,1,HIGH,0.09,FALSE_POSITIVE
21,2002,5,PRE_MONSOON,0,0.090455815,0.090455815,ELEVATED,1,ELEVATED,0.09,FALSE_POSITIVE
22,2002,5,PRE_MONSOON,1,0.13901578,0.13901578,HIGH,1,HIGH,0.09,TRUE_POSITIVE
23,2002,5,PRE_MONSOON,0,0.10770215,0.10770215,HIGH,1,HIGH,0.09,FALSE_POSITIVE
24,2002,5,PRE_MONSOON,0,0.009721377,0.009721377,LOW,0,LOW,0.09,TRUE_NEGATIVE
25,2002,5,PRE_MONSOON,0,0.14457636,0.14457636,HIGH,1,HIGH,0.09,FALSE_POSITIVE
26,2002,5,PRE_MONSOON,0,0.012203757,0.012203757,LOW,0,LOW,0.09,TRUE_NEGATIVE
27,2002,5,PRE_MONSOON,0,0.14349407,0.14349407,HIGH,1,HIGH,0.09,FALSE_POSITIVE
28,2002,5,PRE_MONSOON,0,0.05375432,0.05375432,MODERATE,0,MODERATE,0.09,TRUE_NEGATIVE
29,2002,5,PRE_MONSOON,1,0.015887577,0.015887577,LOW,0,LOW,0.09,FALSE_NEGATIVE
30,2002,5,PRE_MONSOON,1,0.09971247,0.09971247,ELEVATED,1,ELEVATED,0.09,TRUE_POSITIVE
31,2002,5,PRE_MONSOON,0,0.08096303,0.08096303,MODERATE,0,MODERATE,0.09,TRUE_NEGATIVE
32,2002,5,PRE_MONSOON,0,0.04956825,0.04956825,LOW,0,LOW,0.09,TRUE_NEGATIVE
33,2002,5,PRE_MONSOON,0,0.038884822,0.038884822,LOW,0,LOW,0.09,TRUE_NEGATIVE
34,2002,5,PRE_MONSOON,0,0.00736879,0.00736879,LOW,0,LOW,0.09,TRUE_NEGATIVE
35,2002,5,PRE_MONSOON,0,0.025462983,0.025462983,LOW,0,LOW,0.09,TRUE_NEGATIVE
0,2002,1,WINTER,0,0.09008341,0.09008341,ELEVATED,1,ELEVATED,0.09,FALSE_POSITIVE
1,2002,1,WINTER,0,0.03477493,0.03477493,LOW,0,LOW,0.09,TRUE_NEGATIVE
2,2002,1,WINTER,1,0.09085356,0.09085356,ELEVATED,1,ELEVATED,0.09,TRUE_POSITIVE
3,2002,1,WINTER,0,0.035203587,0.035203587,LOW,0,LOW,0.09,TRUE_NEGATIVE
4,2002,1,WINTER,0,0.045384448,0.045384448,LOW,0,LOW,0.09,TRUE_NEGATIVE
5,2002,1,WINTER,1,0.06470983,0.06470983,MODERATE,0,MODERATE,0.09,FALSE_NEGATIVE
6,2002,1,WINTER,0,0.061710104,0.061710104,MODERATE,0,MODERATE,0.09,TRUE_NEGATIVE
7,2002,1,WINTER,0,0.03112567,0.03112567,LOW,0,LOW,0.09,TRUE_NEGATIVE
8,2002,1,WINTER,0,0.0065737367,0.0065737367,LOW,0,LOW,0.09,TRUE_NEGATIVE
9,2002,1,WINTER,0,0.035067294,0.035067294,LOW,0,LOW,0.09,TRUE_NEGATIVE
10,2002,1,WINTER,0,0.019859564,0.019859564,LOW,0,LOW,0.09,TRUE_NEGATIVE
11,2002,1,WINTER,0,0.013566533,0.013566533,LOW,0,LOW,0.09,TRUE_NEGATIVE
12,2002,1,WINTER,0,0.011484782,0.011484782,LOW,0,LOW,0.09,TRUE_NEGATIVE
13,2002,1,WINTER,0,0.027810238,0.027810238,LOW,0,LOW,0.09,TRUE_NEGATIVE
14,2002,1,WINTER,0,0.027702726,0.027702726,LOW,0,LOW,0.09,TRUE_NEGATIVE
15,2002,1,WINTER,0,0.027116241,0.027116241,LOW,0,LOW,0.09,TRUE_NEGATIVE
16,2002,1,WINTER,0,0.07432026,0.07432026,MODERATE,0,MODERATE,0.09,TRUE_NEGATIVE
17,2002,1,WINTER,0,0.05784753,0.05784753,MODERATE,0,MODERATE,0.09,TRUE_NEGATIVE
18,2002,1,WINTER,0,0.03182424,0.03182424,LOW,0,LOW,0.09,TRUE_NEGATIVE
19,2002,1,WINTER,0,0.038489215,0.038489215,LOW,0,LOW,0.09,TRUE_NEGATIVE
20,2002,1,WINTER,0,0.04960361,0.04960361,LOW,0,LOW,0.09,TRUE_NEGATIVE
21,2002,1,WINTER,0,0.066360585,0.066360585,MODERATE,0,MODERATE,0.09,TRUE_NEGATIVE
22,2002,1,WINTER,1,0.07907601,0.07907601,MODERATE,0,MODERATE,0.09,FALSE_NEGATIVE
23,2002,1,WINTER,0,0.03537651,0.03537651,LOW,0,LOW,0.09,TRUE_NEGATIVE
24,2002,1,WINTER,0,0.010228515,0.010228515,LOW,0,LOW,0.09,TRUE_NEGATIVE
25,2002,1,WINTER,0,0.10924279,0.10924279,HIGH,1,HIGH,0.09,FALSE_POSITIVE
26,2002,1,WINTER,0,0.0075883935,0.0075883935,LOW,0,LOW,0.09,TRUE_NEGATIVE
27,2002,1,WINTER,0,0.10231735,0.10231735,HIGH,1,HIGH,0.09,FALSE_POSITIVE
28,2002,1,WINTER,0,0.075768955,0.075768955,MODERATE,0,MODERATE,0.09,TRUE_NEGATIVE
29,2002,1,WINTER,1,0.018419817,0.018419817,LOW,0,LOW,0.09,FALSE_NEGATIVE
30,2002,1,WINTER,1,0.02071659,0.02071659,LOW,0,LOW,0.09,FALSE_NEGATIVE
31,2002,1,WINTER,0,0.014707752,0.014707752,LOW,0,LOW,0.09,TRUE_NEGATIVE
32,2002,1,WINTER,0,0.010450523,0.010450523,LOW,0,LOW,0.09,TRUE_NEGATIVE
33,2002,1,WINTER,0,0.01294097,0.01294097,LOW,0,LOW,0.09,TRUE_NEGATIVE
34,2002,1,WINTER,0,0.008498396,0.008498396,LOW,0,LOW,0.09,TRUE_NEGATIVE
35,2002,1,WINTER,0,0.009005739,0.009005739,LOW,0,LOW,0.09,TRUE_NEGATIVE
0,2002,11,POST_MONSOON,0,0.04232801,0.04232801,LOW,0,LOW,0.09,TRUE_NEGATIVE
1,2002,11,POST_MONSOON,0,0.016730264,0.016730264,LOW,0,LOW,0.09,TRUE_NEGATIVE
2,2002,11,POST_MONSOON,1,0.031760294,0.031760294,LOW,0,LOW,0.09,FALSE_NEGATIVE
3,2002,11,POST_MONSOON,0,0.0069878455,0.0069878455,LOW,0,LOW,0.09,TRUE_NEGATIVE
4,2002,11,POST_MONSOON,0,0.00899989,0.00899989,LOW,0,LOW,0.09,TRUE_NEGATIVE
5,2002,11,POST_MONSOON,0,0.017095001,0.017095001,LOW,0,LOW,0.09,TRUE_NEGATIVE
6,2002,11,POST_MONSOON,0,0.03449068,0.03449068,LOW,0,LOW,0.09,TRUE_NEGATIVE
7,2002,11,POST_MONSOON,0,0.008634205,0.008634205,LOW,0,LOW,0.09,TRUE_NEGATIVE
8,2002,11,POST_MONSOON,0,0.0064719836,0.0064719836,LOW,0,LOW,0.09,TRUE_NEGATIVE
9,2002,11,POST_MONSOON,0,0.008189261,0.008189261,LOW,0,LOW,0.09,TRUE_NEGATIVE
10,2002,11,POST_MONSOON,0,0.007196925,0.007196925,LOW,0,LOW,0.09,TRUE_NEGATIVE
11,2002,11,POST_MONSOON,0,0.006632964,0.006632964,LOW,0,LOW,0.09,TRUE_NEGATIVE
12,2002,11,POST_MONSOON,0,0.006475026,0.006475026,LOW,0,LOW,0.09,TRUE_NEGATIVE
13,2002,11,POST_MONSOON,0,0.02194563,0.02194563,LOW,0,LOW,0.09,TRUE_NEGATIVE
14,2002,11,POST_MONSOON,0,0.019330911,0.019330911,LOW,0,LOW,0.09,TRUE_NEGATIVE
15,2002,11,POST_MONSOON,0,0.006825351,0.006825351,LOW,0,LOW,0.09,TRUE_NEGATIVE
16,2002,11,POST_MONSOON,0,0.023339555,0.023339555,LOW,0,LOW,0.09,TRUE_NEGATIVE
17,2002,11,POST_MONSOON,0,0.014909116,0.014909116,LOW,0,LOW,0.09,TRUE_NEGATIVE
18,2002,11,POST_MONSOON,0,0.0107823955,0.0107823955,LOW,0,LOW,0.09,TRUE_NEGATIVE
19,2002,11,POST_MONSOON,0,0.009967921,0.009967921,LOW,0,LOW,0.09,TRUE_NEGATIVE
20,2002,11,POST_MONSOON,0,0.012522305,0.012522305,LOW,0,LOW,0.09,TRUE_NEGATIVE
21,2002,11,POST_MONSOON,0,0.017099224,0.017099224,LOW,0,LOW,0.09,TRUE_NEGATIVE
22,2002,11,POST_MONSOON,0,0.011178199,0.011178199,LOW,0,LOW,0.09,TRUE_NEGATIVE
23,2002,11,POST_MONSOON,0,0.0067356043,0.0067356043,LOW,0,LOW,0.09,TRUE_NEGATIVE
24,2002,11,POST_MONSOON,0,0.008134668,0.008134668,LOW,0,LOW,0.09,TRUE_NEGATIVE
25,2002,11,POST_MONSOON,0,0.03929352,0.03929352,LOW,0,LOW,0.09,TRUE_NEGATIVE
26,2002,11,POST_MONSOON,0,0.0073141353,0.0073141353,LOW,0,LOW,0.09,TRUE_NEGATIVE
27,2002,11,POST_MONSOON,0,0.028004782,0.028004782,LOW,0,LOW,0.09,TRUE_NEGATIVE
28,2002,11,POST_MONSOON,0,0.009760201,0.009760201,LOW,0,LOW,0.09,TRUE_NEGATIVE
29,2002,11,POST_MONSOON,0,0.009253807,0.009253807,LOW,0,LOW,0.09,TRUE_NEGATIVE
30,2002,11,POST_MONSOON,0,0.006797071,0.006797071,LOW,0,LOW,0.09,TRUE_NEGATIVE
31,2002,11,POST_MONSOON,0,0.006267345,0.006267345,LOW,0,LOW,0.09,TRUE_NEGATIVE
32,2002,11,POST_MONSOON,0,0.006149683,0.006149683,LOW,0,LOW,0.09,TRUE_NEGATIVE
33,2002,11,POST_MONSOON,0,0.006271275,0.006271275,LOW,0,LOW,0.09,TRUE_NEGATIVE
34,2002,11,POST_MONSOON,0,0.007496682,0.007496682,LOW,0,LOW,0.09,TRUE_NEGATIVE
35,2002,11,POST_MONSOON,0,0.0066738324,0.0066738324,LOW,0,LOW,0.09,TRUE_NEGATIVE
0,2002,10,POST_MONSOON,0,0.011868305,0.011868305,LOW,0,LOW,0.09,TRUE_NEGATIVE
1,2002,10,POST_MONSOON,0,0.0060920306,0.0060920306,LOW,0,LOW,0.09,TRUE_NEGATIVE
2,2002,10,POST_MONSOON,0,0.005795461,0.005795461,LOW,0,LOW,0.09,TRUE_NEGATIVE
3,2002,10,POST_MONSOON,0,0.005099102,0.005099102,LOW,0,LOW,0.09,TRUE_NEGATIVE
4,2002,10,POST_MONSOON,0,0.0049861553,0.0049861553,LOW,0,LOW,0.09,TRUE_NEGATIVE
5,2002,10,POST_MONSOON,0,0.006470212,0.006470212,LOW,0,LOW,0.09,TRUE_NEGATIVE
6,2002,10,POST_MONSOON,0,0.0064693997,0.0064693997,LOW,0,LOW,0.09,TRUE_NEGATIVE
7,2002,10,POST_MONSOON,0,0.0050552906,0.0050552906,LOW,0,LOW,0.09,TRUE_NEGATIVE
8,2002,10,POST_MONSOON,0,0.0050999173,0.0050999173,LOW,0,LOW,0.09,TRUE_NEGATIVE
9,2002,10,POST_MONSOON,0,0.004982149,0.004982149,LOW,0,LOW,0.09,TRUE_NEGATIVE
10,2002,10,POST_MONSOON,0,0.0054019378,0.0054019378,LOW,0,LOW,0.09,TRUE_NEGATIVE
11,2002,10,POST_MONSOON,0,0.0051513985,0.0051513985,LOW,0,LOW,0.09,TRUE_NEGATIVE
12,2002,10,POST_MONSOON,0,0.0049700774,0.0049700774,LOW,0,LOW,0.09,TRUE_NEGATIVE
13,2002,10,POST_MONSOON,0,0.010939077,0.010939077,LOW,0,LOW,0.09,TRUE_NEGATIVE
14,2002,10,POST_MONSOON,0,0.010257476,0.010257476,LOW,0,LOW,0.09,TRUE_NEGATIVE
15,2002,10,POST_MONSOON,0,0.005045663,0.005045663,LOW,0,LOW,0.09,TRUE_NEGATIVE
16,2002,10,POST_MONSOON,0,0.027706848,0.027706848,LOW,0,LOW,0.09,TRUE_NEGATIVE
17,2002,10,POST_MONSOON,0,0.0053942576,0.0053942576,LOW,0,LOW,0.09,TRUE_NEGATIVE
18,2002,10,POST_MONSOON,0,0.0077762227,0.0077762227,LOW,0,LOW,0.09,TRUE_NEGATIVE
19,2002,10,POST_MONSOON,0,0.005764063,0.005764063,LOW,0,LOW,0.09,TRUE_NEGATIVE
20,2002,10,POST_MONSOON,0,0.005646597,0.005646597,LOW,0,LOW,0.09,TRUE_NEGATIVE
21,2002,10,POST_MONSOON,0,0.0055098333,0.0055098333,LOW,0,LOW,0.09,TRUE_NEGATIVE
22,2002,10,POST_MONSOON,0,0.0055694203,0.0055694203,LOW,0,LOW,0.09,TRUE_NEGATIVE
23,2002,10,POST_MONSOON,0,0.0049966415,0.0049966415,LOW,0,LOW,0.09,TRUE_NEGATIVE
24,2002,10,POST_MONSOON,0,0.0055058105,0.0055058105,LOW,0,LOW,0.09,TRUE_NEGATIVE
25,2002,10,POST_MONSOON,0,0.009365406,0.009365406,LOW,0,LOW,0.09,TRUE_NEGATIVE
26,2002,10,POST_MONSOON,0,0.004984684,0.004984684,LOW,0,LOW,0.09,TRUE_NEGATIVE
27,2002,10,POST_MONSOON,0,0.0065692514,0.0065692514,LOW,0,LOW,0.09,TRUE_NEGATIVE
28,2002,10,POST_MONSOON,0,0.005133748,0.005133748,LOW,0,LOW,0.09,TRUE_NEGATIVE
29,2002,10,POST_MONSOON,0,0.0131557025,0.0131557025,LOW,0,LOW,0.09,TRUE_NEGATIVE
30,2002,10,POST_MONSOON,0,0.005175795,0.005175795,LOW,0,LOW,0.09,TRUE_NEGATIVE
31,2002,10,POST_MONSOON,0,0.00493171,0.00493171,LOW,0,LOW,0.09,TRUE_NEGATIVE
32,2002,10,POST_MONSOON,0,0.004786478,0.004786478,LOW,0,LOW,0.09,TRUE_NEGATIVE
33,2002,10,POST_MONSOON,0,0.004812602,0.004812602,LOW,0,LOW,0.09,TRUE_NEGATIVE
34,2002,10,POST_MONSOON,0,0.005031356,0.005031356,LOW,0,LOW,0.09,TRUE_NEGATIVE
35,2002,10,POST_MONSOON,0,0.0048018484,0.0048018484,LOW,0,LOW,0.09,TRUE_NEGATIVE
0,2002,9,MONSOON,0,0.006634579,0.006634579,LOW,0,LOW,0.09,TRUE_NEGATIVE
1,2002,9,MONSOON,0,0.0065029943,0.0065029943,LOW,0,LOW,0.09,TRUE_NEGATIVE
2,2002,9,MONSOON,0,0.0070400387,0.0070400387,LOW,0,LOW,0.09,TRUE_NEGATIVE
3,2002,9,MONSOON,0,0.0049998667,0.0049998667,LOW,0,LOW,0.09,TRUE_NEGATIVE
4,2002,9,MONSOON,0,0.0049123303,0.0049123303,LOW,0,LOW,0.09,TRUE_NEGATIVE
5,2002,9,MONSOON,0,0.006171518,0.006171518,LOW,0,LOW,0.09,TRUE_NEGATIVE
6,2002,9,MONSOON,0,0.0057579777,0.0057579777,LOW,0,LOW,0.09,TRUE_NEGATIVE
7,2002,9,MONSOON,0,0.0048333006,0.0048333006,LOW,0,LOW,0.09,TRUE_NEGATIVE
8,2002,9,MONSOON,0,0.005034248,0.005034248,LOW,0,LOW,0.09,TRUE_NEGATIVE
9,2002,9,MONSOON,0,0.0048731673,0.0048731673,LOW,0,LOW,0.09,TRUE_NEGATIVE
10,2002,9,MONSOON,0,0.005477874,0.005477874,LOW,0,LOW,0.09,TRUE_NEGATIVE
11,2002,9,MONSOON,0,0.004862733,0.004862733,LOW,0,LOW,0.09,TRUE_NEGATIVE
12,2002,9,MONSOON,0,0.004951657,0.004951657,LOW,0,LOW,0.09,TRUE_NEGATIVE
13,2002,9,MONSOON,0,0.024862455,0.024862455,LOW,0,LOW,0.09,TRUE_NEGATIVE
14,2002,9,MONSOON,0,0.032373037,0.032373037,LOW,0,LOW,0.09,TRUE_NEGATIVE
15,2002,9,MONSOON,0,0.004894859,0.004894859,LOW,0,LOW,0.09,TRUE_NEGATIVE
16,2002,9,MONSOON,0,0.0066165933,0.0066165933,LOW,0,LOW,0.09,TRUE_NEGATIVE
17,2002,9,MONSOON,0,0.0058829286,0.0058829286,LOW,0,LOW,0.09,TRUE_NEGATIVE
18,2002,9,MONSOON,0,0.008874584,0.008874584,LOW,0,LOW,0.09,TRUE_NEGATIVE
19,2002,9,MONSOON,0,0.0055712694,0.0055712694,LOW,0,LOW,0.09,TRUE_NEGATIVE
20,2002,9,MONSOON,0,0.0051187337,0.0051187337,LOW,0,LOW,0.09,TRUE_NEGATIVE
21,2002,9,MONSOON,0,0.005659036,0.005659036,LOW,0,LOW,0.09,TRUE_NEGATIVE
22,2002,9,MONSOON,0,0.005951958,0.005951958,LOW,0,LOW,0.09,TRUE_NEGATIVE
23,2002,9,MONSOON,0,0.004989418,0.004989418,LOW,0,LOW,0.09,TRUE_NEGATIVE
24,2002,9,MONSOON,0,0.0051181973,0.0051181973,LOW,0,LOW,0.09,TRUE_NEGATIVE
25,2002,9,MONSOON,0,0.0064962725,0.0064962725,LOW,0,LOW,0.09,TRUE_NEGATIVE
26,2002,9,MONSOON,0,0.005038666,0.005038666,LOW,0,LOW,0.09,TRUE_NEGATIVE
27,2002,9,MONSOON,0,0.006635663,0.006635663,LOW,0,LOW,0.09,TRUE_NEGATIVE
28,2002,9,MONSOON,0,0.005453931,0.005453931,LOW,0,LOW,0.09,TRUE_NEGATIVE
29,2002,9,MONSOON,0,0.009706198,0.009706198,LOW,0,LOW,0.09,TRUE_NEGATIVE
30,2002,9,MONSOON,0,0.0050196615,0.0050196615,LOW,0,LOW,0.09,TRUE_NEGATIVE
31,2002,9,MONSOON,0,0.004827731,0.004827731,LOW,0,LOW,0.09,TRUE_NEGATIVE
32,2002,9,MONSOON,0,0.0048886756,0.0048886756,LOW,0,LOW,0.09,TRUE_NEGATIVE
33,2002,9,MONSOON,0,0.004695209,0.004695209,LOW,0,LOW,0.09,TRUE_NEGATIVE
34,2002,9,MONSOON,0,0.0049933684,0.0049933684,LOW,0,LOW,0.09,TRUE_NEGATIVE
35,2002,9,MONSOON,0,0.004717422,0.004717422,LOW,0,LOW,0.09,TRUE_NEGATIVE
0,2002,2,WINTER,0,0.006632766,0.006632766,LOW,0,LOW,0.09,TRUE_NEGATIVE
1,2002,2,WINTER,0,0.0104438495,0.0104438495,LOW,0,LOW,0.09,TRUE_NEGATIVE
2,2002,2,WINTER,0,0.006703041,0.006703041,LOW,0,LOW,0.09,TRUE_NEGATIVE
3,2002,2,WINTER,0,0.005140079,0.005140079,LOW,0,LOW,0.09,TRUE_NEGATIVE
4,2002,2,WINTER,0,0.0050108195,0.0050108195,LOW,0,LOW,0.09,TRUE_NEGATIVE
5,2002,2,WINTER,0,0.0049427063,0.0049427063,LOW,0,LOW,0.09,TRUE_NEGATIVE
6,2002,2,WINTER,0,0.0055582495,0.0055582495,LOW,0,LOW,0.09,TRUE_NEGATIVE
7,2002,2,WINTER,0,0.004878104,0.004878104,LOW,0,LOW,0.09,TRUE_NEGATIVE
8,2002,2,WINTER,0,0.00516226,0.00516226,LOW,0,LOW,0.09,TRUE_NEGATIVE
9,2002,2,WINTER,0,0.0049252,0.0049252,LOW,0,LOW,0.09,TRUE_NEGATIVE
10,2002,2,WINTER,0,0.005340089,0.005340089,LOW,0,LOW,0.09,TRUE_NEGATIVE
11,2002,2,WINTER,0,0.0049549467,0.0049549467,LOW,0,LOW,0.09,TRUE_NEGATIVE
12,2002,2,WINTER,0,0.005034709,0.005034709,LOW,0,LOW,0.09,TRUE_NEGATIVE
13,2002,2,WINTER,0,0.053038638,0.053038638,MODERATE,0,MODERATE,0.09,TRUE_NEGATIVE
14,2002,2,WINTER,0,0.05737962,0.05737962,MODERATE,0,MODERATE,0.09,TRUE_NEGATIVE
15,2002,2,WINTER,0,0.0051254793,0.0051254793,LOW,0,LOW,0.09,TRUE_NEGATIVE
16,2002,2,WINTER,0,0.0067287106,0.0067287106,LOW,0,LOW,0.09,TRUE_NEGATIVE
17,2002,2,WINTER,0,0.0056270785,0.0056270785,LOW,0,LOW,0.09,TRUE_NEGATIVE
18,2002,2,WINTER,0,0.0075733415,0.0075733415,LOW,0,LOW,0.09,TRUE_NEGATIVE
19,2002,2,WINTER,0,0.0050575314,0.0050575314,LOW,0,LOW,0.09,TRUE_NEGATIVE
20,2002,2,WINTER,0,0.0050797355,0.0050797355,LOW,0,LOW,0.09,TRUE_NEGATIVE
21,2002,2,WINTER,0,0.0066911615,0.0066911615,LOW,0,LOW,0.09,TRUE_NEGATIVE
22,2002,2,WINTER,0,0.005007751,0.005007751,LOW,0,LOW,0.09,TRUE_NEGATIVE
23,2002,2,WINTER,0,0.0049627703,0.0049627703,LOW,0,LOW,0.09,TRUE_NEGATIVE
24,2002,2,WINTER,0,0.0063747396,0.0063747396,LOW,0,LOW,0.09,TRUE_NEGATIVE
25,2002,2,WINTER,0,0.005505636,0.005505636,LOW,0,LOW,0.09,TRUE_NEGATIVE
26,2002,2,WINTER,0,0.004994605,0.004994605,LOW,0,LOW,0.09,TRUE_NEGATIVE
27,2002,2,WINTER,0,0.005802785,0.005802785,LOW,0,LOW,0.09,TRUE_NEGATIVE
28,2002,2,WINTER,0,0.005913199,0.005913199,LOW,0,LOW,0.09,TRUE_NEGATIVE
29,2002,2,WINTER,0,0.0074764257,0.0074764257,LOW,0,LOW,0.09,TRUE_NEGATIVE
30,2002,2,WINTER,0,0.0048836092,0.0048836092,LOW,0,LOW,0.09,TRUE_NEGATIVE
31,2002,2,WINTER,0,0.006181212,0.006181212,LOW,0,LOW,0.09,TRUE_NEGATIVE
32,2002,2,WINTER,0,0.0048097433,0.0048097433,LOW,0,LOW,0.09,TRUE_NEGATIVE
33,2002,2,WINTER,0,0.004779641,0.004779641,LOW,0,LOW,0.09,TRUE_NEGATIVE
34,2002,2,WINTER,0,0.004994352,0.004994352,LOW,0,LOW,0.09,TRUE_NEGATIVE
35,2002,2,WINTER,0,0.0047605536,0.0047605536,LOW,0,LOW,0.09,TRUE_NEGATIVE
0,2003,4,PRE_MONSOON,0,0.0065522697,0.0065522697,LOW,0,LOW,0.09,TRUE_NEGATIVE
1,2003,4,PRE_MONSOON,0,0.0319325,0.0319325,LOW,0,LOW,0.09,TRUE_NEGATIVE
2,2003,4,PRE_MONSOON,0,0.018689279,0.018689279,LOW,0,LOW,0.09,TRUE_NEGATIVE
3,2003,4,PRE_MONSOON,0,0.005532858,0.005532858,LOW,0,LOW,0.09,TRUE_NEGATIVE
4,2003,4,PRE_MONSOON,0,0.009566531,0.009566531,LOW,0,LOW,0.09,TRUE_NEGATIVE
5,2003,4,PRE_MONSOON,0,0.005185175,0.005185175,LOW,0,LOW,0.09,TRUE_NEGATIVE
6,2003,4,PRE_MONSOON,0,0.005728769,0.005728769,LOW,0,LOW,0.09,TRUE_NEGATIVE
7,2003,4,PRE_MONSOON,0,0.008243759,0.008243759,LOW,0,LOW,0.09,TRUE_NEGATIVE
8,2003,4,PRE_MONSOON,0,0.005215804,0.005215804,LOW,0,LOW,0.09,TRUE_NEGATIVE
9,2003,4,PRE_MONSOON,0,0.0054554106,0.0054554106,LOW,0,LOW,0.09,TRUE_NEGATIVE
10,2003,4,PRE_MONSOON,0,0.009467885,0.009467885,LOW,0,LOW,0.09,TRUE_NEGATIVE
11,2003,4,PRE_MONSOON,0,0.0050792126,0.0050792126,LOW,0,LOW,0.09,TRUE_NEGATIVE
12,2003,4,PRE_MONSOON,0,0.0055859005,0.0055859005,LOW,0,LOW,0.09,TRUE_NEGATIVE
13,2003,4,PRE_MONSOON,0,0.05338581,0.05338581,MODERATE,0,MODERATE,0.09,TRUE_NEGATIVE
14,2003,4,PRE_MONSOON,0,0.0455459,0.0455459,LOW,0,LOW,0.09,TRUE_NEGATIVE
15,2003,4,PRE_MONSOON,0,0.010933878,0.010933878,LOW,0,LOW,0.09,TRUE_NEGATIVE
16,2003,4,PRE_MONSOON,0,0.01947708,0.01947708,LOW,0,LOW,0.09,TRUE_NEGATIVE
17,2003,4,PRE_MONSOON,0,0.0073920614,0.0073920614,LOW,0,LOW,0.09,TRUE_NEGATIVE
18,2003,4,PRE_MONSOON,0,0.012604139,0.012604139,LOW,0,LOW,0.09,TRUE_NEGATIVE
19,2003,4,PRE_MONSOON,0,0.005692386,0.005692386,LOW,0,LOW,0.09,TRUE_NEGATIVE
20,2003,4,PRE_MONSOON,0,0.005385329,0.005385329,LOW,0,LOW,0.09,TRUE_NEGATIVE
21,2003,4,PRE_MONSOON,0,0.023870746,0.023870746,LOW,0,LOW,0.09,TRUE_NEGATIVE
22,2003,4,PRE_MONSOON,0,0.0057611396,0.0057611396,LOW,0,LOW,0.09,TRUE_NEGATIVE
23,2003,4,PRE_MONSOON,0,0.0065637925,0.0065637925,LOW,0,LOW,0.09,TRUE_NEGATIVE
24,2003,4,PRE_MONSOON,0,0.0071666283,0.0071666283,LOW,0,LOW,0.09,TRUE_NEGATIVE
25,2003,4,PRE_MONSOON,0,0.005087354,0.005087354,LOW,0,LOW,0.09,TRUE_NEGATIVE
26,2003,4,PRE_MONSOON,0,0.004979096,0.004979096,LOW,0,LOW,0.09,TRUE_NEGATIVE
27,2003,4,PRE_MONSOON,0,0.01988272,0.01988272,LOW,0,LOW,0.09,TRUE_NEGATIVE
28,2003,4,PRE_MONSOON,0,0.07220126,0.07220126,MODERATE,0,MODERATE,0.09,TRUE_NEGATIVE
29,2003,4,PRE_MONSOON,0,0.008104678,0.008104678,LOW,0,LOW,0.09,TRUE_NEGATIVE
30,2003,4,PRE_MONSOON,0,0.005130644,0.005130644,LOW,0,LOW,0.09,TRUE_NEGATIVE
31,2003,4,PRE_MONSOON,0,0.0076403585,0.0076403585,LOW,0,LOW,0.09,TRUE_NEGATIVE
32,2003,4,PRE_MONSOON,0,0.0054518287,0.0054518287,LOW,0,LOW,0.09,TRUE_NEGATIVE
33,2003,4,PRE_MONSOON,0,0.004955643,0.004955643,LOW,0,LOW,0.09,TRUE_NEGATIVE
34,2003,4,PRE_MONSOON,0,0.0052167717,0.0052167717,LOW,0,LOW,0.09,TRUE_NEGATIVE
35,2003,4,PRE_MONSOON,0,0.004973899,0.004973899,LOW,0,LOW,0.09,TRUE_NEGATIVE
0,2003,3,PRE_MONSOON,0,0.008900286,0.008900286,LOW,0,LOW,0.09,TRUE_NEGATIVE
1,2003,3,PRE_MONSOON,0,0.02225123,0.02225123,LOW,0,LOW,0.09,TRUE_NEGATIVE
2,2003,3,PRE_MONSOON,0,0.05355531,0.05355531,MODERATE,0,MODERATE,0.09,TRUE_NEGATIVE
3,2003,3,PRE_MONSOON,0,0.019476973,0.019476973,LOW,0,LOW,0.09,TRUE_NEGATIVE
4,2003,3,PRE_MONSOON,0,0.008906432,0.008906432,LOW,0,LOW,0.09,TRUE_NEGATIVE
5,2003,3,PRE_MONSOON,0,0.0054183514,0.0054183514,LOW,0,LOW,0.09,TRUE_NEGATIVE
6,2003,3,PRE_MONSOON,0,0.006294082,0.006294082,LOW,0,LOW,0.09,TRUE_NEGATIVE
7,2003,3,PRE_MONSOON,0,0.008897568,0.008897568,LOW,0,LOW,0.09,TRUE_NEGATIVE
8,2003,3,PRE_MONSOON,0,0.005106219,0.005106219,LOW,0,LOW,0.09,TRUE_NEGATIVE
9,2003,3,PRE_MONSOON,0,0.0057577896,0.0057577896,LOW,0,LOW,0.09,TRUE_NEGATIVE
10,2003,3,PRE_MONSOON,0,0.015493368,0.015493368,LOW,0,LOW,0.09,TRUE_NEGATIVE
11,2003,3,PRE_MONSOON,0,0.005343656,0.005343656,LOW,0,LOW,0.09,TRUE_NEGATIVE
12,2003,3,PRE_MONSOON,0,0.0055890055,0.0055890055,LOW,0,LOW,0.09,TRUE_NEGATIVE
13,2003,3,PRE_MONSOON,0,0.03146672,0.03146672,LOW,0,LOW,0.09,TRUE_NEGATIVE
14,2003,3,PRE_MONSOON,0,0.049271688,0.049271688,LOW,0,LOW,0.09,TRUE_NEGATIVE
15,2003,3,PRE_MONSOON,0,0.014405829,0.014405829,LOW,0,LOW,0.09,TRUE_NEGATIVE
16,2003,3,PRE_MONSOON,0,0.069922134,0.069922134,MODERATE,0,MODERATE,0.09,TRUE_NEGATIVE
17,2003,3,PRE_MONSOON,0,0.008634989,0.008634989,LOW,0,LOW,0.09,TRUE_NEGATIVE
18,2003,3,PRE_MONSOON,0,0.011849357,0.011849357,LOW,0,LOW,0.09,TRUE_NEGATIVE
19,2003,3,PRE_MONSOON,0,0.0059418296,0.0059418296,LOW,0,LOW,0.09,TRUE_NEGATIVE
20,2003,3,PRE_MONSOON,0,0.0057453117,0.0057453117,LOW,0,LOW,0.09,TRUE_NEGATIVE
21,2003,3,PRE_MONSOON,0,0.08592723,0.08592723,MODERATE,0,MODERATE,0.09,TRUE_NEGATIVE
22,2003,3,PRE_MONSOON,1,0.006878942,0.006878942,LOW,0,LOW,0.09,FALSE_NEGATIVE
23,2003,3,PRE_MONSOON,0,0.010031104,0.010031104,LOW,0,LOW,0.09,TRUE_NEGATIVE
24,2003,3,PRE_MONSOON,0,0.0063265325,0.0063265325,LOW,0,LOW,0.09,TRUE_NEGATIVE
25,2003,3,PRE_MONSOON,0,0.0054645147,0.0054645147,LOW,0,LOW,0.09,TRUE_NEGATIVE
26,2003,3,PRE_MONSOON,0,0.004988834,0.004988834,LOW,0,LOW,0.09,TRUE_NEGATIVE
27,2003,3,PRE_MONSOON,1,0.014302596,0.014302596,LOW,0,LOW,0.09,FALSE_NEGATIVE
28,2003,3,PRE_MONSOON,0,0.122153684,0.122153684,HIGH,1,HIGH,0.09,FALSE_POSITIVE
29,2003,3,PRE_MONSOON,1,0.0067814863,0.0067814863,LOW,0,LOW,0.09,FALSE_NEGATIVE
30,2003,3,PRE_MONSOON,0,0.005309024,0.005309024,LOW,0,LOW,0.09,TRUE_NEGATIVE
31,2003,3,PRE_MONSOON,0,0.009705268,0.009705268,LOW,0,LOW,0.09,TRUE_NEGATIVE
32,2003,3,PRE_MONSOON,0,0.005338195,0.005338195,LOW,0,LOW,0.09,TRUE_NEGATIVE
33,2003,3,PRE_MONSOON,0,0.005192148,0.005192148,LOW,0,LOW,0.09,TRUE_NEGATIVE
34,2003,3,PRE_MONSOON,0,0.0052965437,0.0052965437,LOW,0,LOW,0.09,TRUE_NEGATIVE
35,2003,3,PRE_MONSOON,0,0.004968736,0.004968736,LOW,0,LOW,0.09,TRUE_NEGATIVE
0,2003,7,MONSOON,1,0.028921595,0.028921595,LOW,0,LOW,0.09,FALSE_NEGATIVE
1,2003,7,MONSOON,0,0.027871793,0.027871793,LOW,0,LOW,0.09,TRUE_NEGATIVE
2,2003,7,MONSOON,0,0.103599966,0.103599966,HIGH,1,HIGH,0.09,FALSE_POSITIVE
3,2003,7,MONSOON,0,0.038226947,0.038226947,LOW,0,LOW,0.09,TRUE_NEGATIVE
4,2003,7,MONSOON,0,0.029588327,0.029588327,LOW,0,LOW,0.09,TRUE_NEGATIVE
5,2003,7,MONSOON,0,0.016024847,0.016024847,LOW,0,LOW,0.09,TRUE_NEGATIVE
6,2003,7,MONSOON,0,0.052933056,0.052933056,MODERATE,0,MODERATE,0.09,TRUE_NEGATIVE
7,2003,7,MONSOON,0,0.031251058,0.031251058,LOW,0,LOW,0.09,TRUE_NEGATIVE
8,2003,7,MONSOON,0,0.00616146,0.00616146,LOW,0,LOW,0.09,TRUE_NEGATIVE
9,2003,7,MONSOON,0,0.013667914,0.013667914,LOW,0,LOW,0.09,TRUE_NEGATIVE
10,2003,7,MONSOON,0,0.05071085,0.05071085,MODERATE,0,MODERATE,0.09,TRUE_NEGATIVE
11,2003,7,MONSOON,0,0.0062623727,0.0062623727,LOW,0,LOW,0.09,TRUE_NEGATIVE
12,2003,7,MONSOON,0,0.008659122,0.008659122,LOW,0,LOW,0.09,TRUE_NEGATIVE
13,2003,7,MONSOON,0,0.04020366,0.04020366,LOW,0,LOW,0.09,TRUE_NEGATIVE
14,2003,7,MONSOON,0,0.029960249,0.029960249,LOW,0,LOW,0.09,TRUE_NEGATIVE
15,2003,7,MONSOON,0,0.025434164,0.025434164,LOW,0,LOW,0.09,TRUE_NEGATIVE
16,2003,7,MONSOON,0,0.10741326,0.10741326,HIGH,1,HIGH,0.09,FALSE_POSITIVE
17,2003,7,MONSOON,0,0.059905197,0.059905197,MODERATE,0,MODERATE,0.09,TRUE_NEGATIVE
18,2003,7,MONSOON,0,0.03483605,0.03483605,LOW,0,LOW,0.09,TRUE_NEGATIVE
19,2003,7,MONSOON,0,0.0132197235,0.0132197235,LOW,0,LOW,0.09,TRUE_NEGATIVE
20,2003,7,MONSOON,0,0.01624518,0.01624518,LOW,0,LOW,0.09,TRUE_NEGATIVE
21,2003,7,MONSOON,0,0.11886485,0.11886485,HIGH,1,HIGH,0.09,FALSE_POSITIVE
22,2003,7,MONSOON,1,0.0328359,0.0328359,LOW,0,LOW,0.09,FALSE_NEGATIVE
23,2003,7,MONSOON,0,0.04147665,0.04147665,LOW,0,LOW,0.09,TRUE_NEGATIVE
24,2003,7,MONSOON,0,0.012256499,0.012256499,LOW,0,LOW,0.09,TRUE_NEGATIVE
25,2003,7,MONSOON,0,0.01665732,0.01665732,LOW,0,LOW,0.09,TRUE_NEGATIVE
26,2003,7,MONSOON,0,0.005543991,0.005543991,LOW,0,LOW,0.09,TRUE_NEGATIVE
27,2003,7,MONSOON,1,0.061246023,0.061246023,MODERATE,0,MODERATE,0.09,FALSE_NEGATIVE
28,2003,7,MONSOON,0,0.10644199,0.10644199,HIGH,1,HIGH,0.09,FALSE_POSITIVE
29,2003,7,MONSOON,1,0.011839551,0.011839551,LOW,0,LOW,0.09,FALSE_NEGATIVE
30,2003,7,MONSOON,0,0.019557966,0.019557966,LOW,0,LOW,0.09,TRUE_NEGATIVE
31,2003,7,MONSOON,0,0.017459163,0.017459163,LOW,0,LOW,0.09,TRUE_NEGATIVE
32,2003,7,MONSOON,0,0.022098182,0.022098182,LOW,0,LOW,0.09,TRUE_NEGATIVE
33,2003,7,MONSOON,0,0.013648886,0.013648886,LOW,0,LOW,0.09,TRUE_NEGATIVE
34,2003,7,MONSOON,0,0.007108318,0.007108318,LOW,0,LOW,0.09,TRUE_NEGATIVE
35,2003,7,MONSOON,0,0.013126484,0.013126484,LOW,0,LOW,0.09,TRUE_NEGATIVE
0,2003,0,UNKNOWN,1,0.07660005,0.07660005,MODERATE,0,MODERATE,0.09,FALSE_NEGATIVE
1,2003,0,UNKNOWN,0,0.050197516,0.050197516,MODERATE,0,MODERATE,0.09,TRUE_NEGATIVE
2,2003,0,UNKNOWN,0,0.084806085,0.084806085,MODERATE,0,MODERATE,0.09,TRUE_NEGATIVE
3,2003,0,UNKNOWN,0,0.094777666,0.094777666,ELEVATED,1,ELEVATED,0.09,FALSE_POSITIVE
4,2003,0,UNKNOWN,0,0.084547155,0.084547155,MODERATE,0,MODERATE,0.09,TRUE_NEGATIVE
5,2003,0,UNKNOWN,0,0.03634923,0.03634923,LOW,0,LOW,0.09,TRUE_NEGATIVE
6,2003,0,UNKNOWN,0,0.10205525,0.10205525,HIGH,1,HIGH,0.09,FALSE_POSITIVE
7,2003,0,UNKNOWN,0,0.058931634,0.058931634,MODERATE,0,MODERATE,0.09,TRUE_NEGATIVE
8,2003,0,UNKNOWN,0,0.011068464,0.011068464,LOW,0,LOW,0.09,TRUE_NEGATIVE
9,2003,0,UNKNOWN,0,0.046316918,0.046316918,LOW,0,LOW,0.09,TRUE_NEGATIVE
10,2003,0,UNKNOWN,0,0.09259491,0.09259491,ELEVATED,1,ELEVATED,0.09,FALSE_POSITIVE
11,2003,0,UNKNOWN,0,0.015963145,0.015963145,LOW,0,LOW,0.09,TRUE_NEGATIVE
12,2003,0,UNKNOWN,0,0.025458261,0.025458261,LOW,0,LOW,0.09,TRUE_NEGATIVE
13,2003,0,UNKNOWN,0,0.04625721,0.04625721,LOW,0,LOW,0.09,TRUE_NEGATIVE
14,2003,0,UNKNOWN,0,0.03350778,0.03350778,LOW,0,LOW,0.09,TRUE_NEGATIVE
15,2003,0,UNKNOWN,0,0.07236032,0.07236032,MODERATE,0,MODERATE,0.09,TRUE_NEGATIVE
16,2003,0,UNKNOWN,0,0.083275534,0.083275534,MODERATE,0,MODERATE,0.09,TRUE_NEGATIVE
17,2003,0,UNKNOWN,0,0.13562658,0.13562658,HIGH,1,HIGH,0.09,FALSE_POSITIVE
18,2003,0,UNKNOWN,0,0.07809353,0.07809353,MODERATE,0,MODERATE,0.09,TRUE_NEGATIVE
19,2003,0,UNKNOWN,0,0.08702876,0.08702876,MODERATE,0,MODERATE,0.09,TRUE_NEGATIVE
20,2003,0,UNKNOWN,0,0.08786151,0.08786151,MODERATE,0,MODERATE,0.09,TRUE_NEGATIVE
21,2003,0,UNKNOWN,1,0.11166313,0.11166313,HIGH,1,HIGH,0.09,TRUE_POSITIVE
22,2003,0,UNKNOWN,1,0.09212315,0.09212315,ELEVATED,1,ELEVATED,0.09,TRUE_POSITIVE
23,2003,0,UNKNOWN,0,0.110247605,0.110247605,HIGH,1,HIGH,0.09,FALSE_POSITIVE
24,2003,0,UNKNOWN,0,0.026482329,0.026482329,LOW,0,LOW,0.09,TRUE_NEGATIVE
25,2003,0,UNKNOWN,0,0.0614776,0.0614776,MODERATE,0,MODERATE,0.09,TRUE_NEGATIVE
26,2003,0,UNKNOWN,0,0.005850504,0.005850504,LOW,0,LOW,0.09,TRUE_NEGATIVE
27,2003,0,UNKNOWN,1,0.11934318,0.11934318,HIGH,1,HIGH,0.09,TRUE_POSITIVE
28,2003,0,UNKNOWN,0,0.114879884,0.114879884,HIGH,1,HIGH,0.09,FALSE_POSITIVE
29,2003,0,UNKNOWN,1,0.02031698,0.02031698,LOW,0,LOW,0.09,FALSE_NEGATIVE
30,2003,0,UNKNOWN,0,0.07200265,0.07200265,MODERATE,0,MODERATE,0.09,TRUE_NEGATIVE
31,2003,0,UNKNOWN,0,0.040830277,0.040830277,LOW,0,LOW,0.09,TRUE_NEGATIVE
32,2003,0,UNKNOWN,0,0.102258295,0.102258295,HIGH,1,HIGH,0.09,FALSE_POSITIVE
33,2003,0,UNKNOWN,0,0.03938749,0.03938749,LOW,0,LOW,0.09,TRUE_NEGATIVE
34,2003,0,UNKNOWN,0,0.017096154,0.017096154,LOW,0,LOW,0.09,TRUE_NEGATIVE
35,2003,0,UNKNOWN,0,0.031146765,0.031146765,LOW,0,LOW,0.09,TRUE_NEGATIVE
0,2003,8,MONSOON,1,0.09899608,0.09899608,ELEVATED,1,ELEVATED,0.09,TRUE_POSITIVE
1,2003,8,MONSOON,0,0.08124302,0.08124302,MODERATE,0,MODERATE,0.09,TRUE_NEGATIVE
2,2003,8,MONSOON,0,0.10435913,0.10435913,HIGH,1,HIGH,0.09,FALSE_POSITIVE
3,2003,8,MONSOON,0,0.124495365,0.124495365,HIGH,1,HIGH,0.09,FALSE_POSITIVE
4,2003,8,MONSOON,0,0.09004733,0.09004733,ELEVATED,1,ELEVATED,0.09,FALSE_POSITIVE
5,2003,8,MONSOON,0,0.07589237,0.07589237,MODERATE,0,MODERATE,0.09,TRUE_NEGATIVE
6,2003,8,MONSOON,0,0.11050175,0.11050175,HIGH,1,HIGH,0.09,FALSE_POSITIVE
7,2003,8,MONSOON,0,0.11136294,0.11136294,HIGH,1,HIGH,0.09,FALSE_POSITIVE
8,2003,8,MONSOON,0,0.018750247,0.018750247,LOW,0,LOW,0.09,TRUE_NEGATIVE
9,2003,8,MONSOON,0,0.066004366,0.066004366,MODERATE,0,MODERATE,0.09,TRUE_NEGATIVE
10,2003,8,MONSOON,0,0.105000034,0.105000034,HIGH,1,HIGH,0.09,FALSE_POSITIVE
11,2003,8,MONSOON,0,0.047737714,0.047737714,LOW,0,LOW,0.09,TRUE_NEGATIVE
12,2003,8,MONSOON,0,0.031741485,0.031741485,LOW,0,LOW,0.09,TRUE_NEGATIVE
13,2003,8,MONSOON,0,0.0928399,0.0928399,ELEVATED,1,ELEVATED,0.09,FALSE_POSITIVE
14,2003,8,MONSOON,0,0.06618955,0.06618955,MODERATE,0,MODERATE,0.09,TRUE_NEGATIVE
15,2003,8,MONSOON,0,0.12015328,0.12015328,HIGH,1,HIGH,0.09,FALSE_POSITIVE
16,2003,8,MONSOON,0,0.081012875,0.081012875,MODERATE,0,MODERATE,0.09,TRUE_NEGATIVE
17,2003,8,MONSOON,0,0.15391561,0.15391561,CRITICAL,1,CRITICAL,0.09,FALSE_POSITIVE
18,2003,8,MONSOON,0,0.12965962,0.12965962,HIGH,1,HIGH,0.09,FALSE_POSITIVE
19,2003,8,MONSOON,0,0.12684959,0.12684959,HIGH,1,HIGH,0.09,FALSE_POSITIVE
20,2003,8,MONSOON,0,0.09722562,0.09722562,ELEVATED,1,ELEVATED,0.09,FALSE_POSITIVE
21,2003,8,MONSOON,1,0.11135273,0.11135273,HIGH,1,HIGH,0.09,TRUE_POSITIVE
22,2003,8,MONSOON,0,0.09846882,0.09846882,ELEVATED,1,ELEVATED,0.09,FALSE_POSITIVE
23,2003,8,MONSOON,0,0.13454166,0.13454166,HIGH,1,HIGH,0.09,FALSE_POSITIVE
24,2003,8,MONSOON,0,0.037230548,0.037230548,LOW,0,LOW,0.09,TRUE_NEGATIVE
25,2003,8,MONSOON,0,0.088904686,0.088904686,MODERATE,0,MODERATE,0.09,TRUE_NEGATIVE
26,2003,8,MONSOON,0,0.0061980956,0.0061980956,LOW,0,LOW,0.09,TRUE_NEGATIVE
27,2003,8,MONSOON,0,0.119020976,0.119020976,HIGH,1,HIGH,0.09,FALSE_POSITIVE
28,2003,8,MONSOON,0,0.09800153,0.09800153,ELEVATED,1,ELEVATED,0.09,FALSE_POSITIVE
29,2003,8,MONSOON,1,0.012393061,0.012393061,LOW,0,LOW,0.09,FALSE_NEGATIVE
30,2003,8,MONSOON,0,0.103412025,0.103412025,HIGH,1,HIGH,0.09,FALSE_POSITIVE
31,2003,8,MONSOON,0,0.038489066,0.038489066,LOW,0,LOW,0.09,TRUE_NEGATIVE
32,2003,8,MONSOON,0,0.11848978,0.11848978,HIGH,1,HIGH,0.09,FALSE_POSITIVE
33,2003,8,MONSOON,0,0.084450565,0.084450565,MODERATE,0,MODERATE,0.09,TRUE_NEGATIVE
34,2003,8,MONSOON,0,0.01909143,0.01909143,LOW,0,LOW,0.09,TRUE_NEGATIVE
35,2003,8,MONSOON,0,0.08925488,0.08925488,MODERATE,0,MODERATE,0.09,TRUE_NEGATIVE
0,2003,6,MONSOON,0,0.12464443,0.12464443,HIGH,1,HIGH,0.09,FALSE_POSITIVE
1,2003,6,MONSOON,0,0.04975965,0.04975965,LOW,0,LOW,0.09,TRUE_NEGATIVE
2,2003,6,MONSOON,0,0.089602284,0.089602284,MODERATE,0,MODERATE,0.09,TRUE_NEGATIVE
3,2003,6,MONSOON,0,0.12179316,0.12179316,HIGH,1,HIGH,0.09,FALSE_POSITIVE
4,2003,6,MONSOON,0,0.10677743,0.10677743,HIGH,1,HIGH,0.09,FALSE_POSITIVE
5,2003,6,MONSOON,0,0.06884368,0.06884368,MODERATE,0,MODERATE,0.09,TRUE_NEGATIVE
6,2003,6,MONSOON,0,0.12533627,0.12533627,HIGH,1,HIGH,0.09,FALSE_POSITIVE
7,2003,6,MONSOON,0,0.10623655,0.10623655,HIGH,1,HIGH,0.09,FALSE_POSITIVE
8,2003,6,MONSOON,0,0.012759662,0.012759662,LOW,0,LOW,0.09,TRUE_NEGATIVE
9,2003,6,MONSOON,0,0.089370124,0.089370124,MODERATE,0,MODERATE,0.09,TRUE_NEGATIVE
10,2003,6,MONSOON,0,0.10657939,0.10657939,HIGH,1,HIGH,0.09,FALSE_POSITIVE
11,2003,6,MONSOON,0,0.06251825,0.06251825,MODERATE,0,MODERATE,0.09,TRUE_NEGATIVE
12,2003,6,MONSOON,0,0.017378816,0.017378816,LOW,0,LOW,0.09,TRUE_NEGATIVE
13,2003,6,MONSOON,0,0.078268774,0.078268774,MODERATE,0,MODERATE,0.09,TRUE_NEGATIVE
14,2003,6,MONSOON,0,0.060952004,0.060952004,MODERATE,0,MODERATE,0.09,TRUE_NEGATIVE
15,2003,6,MONSOON,0,0.110376745,0.110376745,HIGH,1,HIGH,0.09,FALSE_POSITIVE
16,2003,6,MONSOON,0,0.08541426,0.08541426,MODERATE,0,MODERATE,0.09,TRUE_NEGATIVE
17,2003,6,MONSOON,0,0.13076857,0.13076857,HIGH,1,HIGH,0.09,FALSE_POSITIVE
18,2003,6,MONSOON,0,0.124335974,0.124335974,HIGH,1,HIGH,0.09,FALSE_POSITIVE
19,2003,6,MONSOON,0,0.11249508,0.11249508,HIGH,1,HIGH,0.09,FALSE_POSITIVE
20,2003,6,MONSOON,0,0.09610665,0.09610665,ELEVATED,1,ELEVATED,0.09,FALSE_POSITIVE
21,2003,6,MONSOON,1,0.111252435,0.111252435,HIGH,1,HIGH,0.09,TRUE_POSITIVE
22,2003,6,MONSOON,0,0.13619189,0.13619189,HIGH,1,HIGH,0.09,FALSE_POSITIVE
23,2003,6,MONSOON,0,0.11682452,0.11682452,HIGH,1,HIGH,0.09,FALSE_POSITIVE
24,2003,6,MONSOON,0,0.03888076,0.03888076,LOW,0,LOW,0.09,TRUE_NEGATIVE
25,2003,6,MONSOON,0,0.08605126,0.08605126,MODERATE,0,MODERATE,0.09,TRUE_NEGATIVE
26,2003,6,MONSOON,0,0.006875743,0.006875743,LOW,0,LOW,0.09,TRUE_NEGATIVE
27,2003,6,MONSOON,1,0.12754609,0.12754609,HIGH,1,HIGH,0.09,TRUE_POSITIVE
28,2003,6,MONSOON,0,0.101139285,0.101139285,HIGH,1,HIGH,0.09,FALSE_POSITIVE
29,2003,6,MONSOON,1,0.015916336,0.015916336,LOW,0,LOW,0.09,FALSE_NEGATIVE
30,2003,6,MONSOON,0,0.09900614,0.09900614,ELEVATED,1,ELEVATED,0.09,FALSE_POSITIVE
31,2003,6,MONSOON,0,0.064297326,0.064297326,MODERATE,0,MODERATE,0.09,TRUE_NEGATIVE
32,2003,6,MONSOON,0,0.09199234,0.09199234,ELEVATED,1,ELEVATED,0.09,FALSE_POSITIVE
33,2003,6,MONSOON,0,0.08605877,0.08605877,MODERATE,0,MODERATE,0.09,TRUE_NEGATIVE
34,2003,6,MONSOON,0,0.010030413,0.010030413,LOW,0,LOW,0.09,TRUE_NEGATIVE
35,2003,6,MONSOON,0,0.082058236,0.082058236,MODERATE,0,MODERATE,0.09,TRUE_NEGATIVE
0,2003,5,PRE_MONSOON,0,0.105680734,0.105680734,HIGH,1,HIGH,0.09,FALSE_POSITIVE
1,2003,5,PRE_MONSOON,0,0.061962593,0.061962593,MODERATE,0,MODERATE,0.09,TRUE_NEGATIVE
2,2003,5,PRE_MONSOON,0,0.09150269,0.09150269,ELEVATED,1,ELEVATED,0.09,FALSE_POSITIVE
3,2003,5,PRE_MONSOON,0,0.089335345,0.089335345,MODERATE,0,MODERATE,0.09,TRUE_NEGATIVE
4,2003,5,PRE_MONSOON,0,0.06687873,0.06687873,MODERATE,0,MODERATE,0.09,TRUE_NEGATIVE
5,2003,5,PRE_MONSOON,0,0.05722543,0.05722543,MODERATE,0,MODERATE,0.09,TRUE_NEGATIVE
6,2003,5,PRE_MONSOON,0,0.082795836,0.082795836,MODERATE,0,MODERATE,0.09,TRUE_NEGATIVE
7,2003,5,PRE_MONSOON,0,0.06546721,0.06546721,MODERATE,0,MODERATE,0.09,TRUE_NEGATIVE
8,2003,5,PRE_MONSOON,0,0.009683281,0.009683281,LOW,0,LOW,0.09,TRUE_NEGATIVE
9,2003,5,PRE_MONSOON,0,0.061053094,0.061053094,MODERATE,0,MODERATE,0.09,TRUE_NEGATIVE
10,2003,5,PRE_MONSOON,0,0.04907606,0.04907606,LOW,0,LOW,0.09,TRUE_NEGATIVE
11,2003,5,PRE_MONSOON,0,0.054051656,0.054051656,MODERATE,0,MODERATE,0.09,TRUE_NEGATIVE
12,2003,5,PRE_MONSOON,0,0.014145649,0.014145649,LOW,0,LOW,0.09,TRUE_NEGATIVE
13,2003,5,PRE_MONSOON,0,0.06339031,0.06339031,MODERATE,0,MODERATE,0.09,TRUE_NEGATIVE
14,2003,5,PRE_MONSOON,0,0.0504911,0.0504911,MODERATE,0,MODERATE,0.09,TRUE_NEGATIVE
15,2003,5,PRE_MONSOON,0,0.084547624,0.084547624,MODERATE,0,MODERATE,0.09,TRUE_NEGATIVE
16,2003,5,PRE_MONSOON,0,0.057356473,0.057356473,MODERATE,0,MODERATE,0.09,TRUE_NEGATIVE
17,2003,5,PRE_MONSOON,0,0.099980965,0.099980965,ELEVATED,1,ELEVATED,0.09,FALSE_POSITIVE
18,2003,5,PRE_MONSOON,0,0.06621279,0.06621279,MODERATE,0,MODERATE,0.09,TRUE_NEGATIVE
19,2003,5,PRE_MONSOON,0,0.08567582,0.08567582,MODERATE,0,MODERATE,0.09,TRUE_NEGATIVE
20,2003,5,PRE_MONSOON,0,0.094972596,0.094972596,ELEVATED,1,ELEVATED,0.09,FALSE_POSITIVE
21,2003,5,PRE_MONSOON,0,0.11583027,0.11583027,HIGH,1,HIGH,0.09,FALSE_POSITIVE
22,2003,5,PRE_MONSOON,0,0.1096014,0.1096014,HIGH,1,HIGH,0.09,FALSE_POSITIVE
23,2003,5,PRE_MONSOON,0,0.0978219,0.0978219,ELEVATED,1,ELEVATED,0.09,FALSE_POSITIVE
24,2003,5,PRE_MONSOON,0,0.0119019775,0.0119019775,LOW,0,LOW,0.09,TRUE_NEGATIVE
25,2003,5,PRE_MONSOON,0,0.076457135,0.076457135,MODERATE,0,MODERATE,0.09,TRUE_NEGATIVE
26,2003,5,PRE_MONSOON,0,0.009847582,0.009847582,LOW,0,LOW,0.09,TRUE_NEGATIVE
27,2003,5,PRE_MONSOON,1,0.1380309,0.1380309,HIGH,1,HIGH,0.09,TRUE_POSITIVE
28,2003,5,PRE_MONSOON,0,0.08394014,0.08394014,MODERATE,0,MODERATE,0.09,TRUE_NEGATIVE
29,2003,5,PRE_MONSOON,1,0.011298733,0.011298733,LOW,0,LOW,0.09,FALSE_NEGATIVE
30,2003,5,PRE_MONSOON,0,0.06096569,0.06096569,MODERATE,0,MODERATE,0.09,TRUE_NEGATIVE
31,2003,5,PRE_MONSOON,0,0.057934154,0.057934154,MODERATE,0,MODERATE,0.09,TRUE_NEGATIVE
32,2003,5,PRE_MONSOON,0,0.06400186,0.06400186,MODERATE,0,MODERATE,0.09,TRUE_NEGATIVE
33,2003,5,PRE_MONSOON,0,0.048181474,0.048181474,LOW,0,LOW,0.09,TRUE_NEGATIVE
34,2003,5,PRE_MONSOON,0,0.0069645504,0.0069645504,LOW,0,LOW,0.09,TRUE_NEGATIVE
35,2003,5,PRE_MONSOON,0,0.05037425,0.05037425,MODERATE,0,MODERATE,0.09,TRUE_NEGATIVE
0,2003,1,WINTER,0,0.0843862,0.0843862,MODERATE,0,MODERATE,0.09,TRUE_NEGATIVE
1,2003,1,WINTER,0,0.04636843,0.04636843,LOW,0,LOW,0.09,TRUE_NEGATIVE
2,2003,1,WINTER,0,0.08949759,0.08949759,MODERATE,0,MODERATE,0.09,TRUE_NEGATIVE
3,2003,1,WINTER,0,0.03005275,0.03005275,LOW,0,LOW,0.09,TRUE_NEGATIVE
4,2003,1,WINTER,0,0.030940397,0.030940397,LOW,0,LOW,0.09,TRUE_NEGATIVE
5,2003,1,WINTER,0,0.033326983,0.033326983,LOW,0,LOW,0.09,TRUE_NEGATIVE
6,2003,1,WINTER,0,0.07956054,0.07956054,MODERATE,0,MODERATE,0.09,TRUE_NEGATIVE
7,2003,1,WINTER,0,0.015156771,0.015156771,LOW,0,LOW,0.09,TRUE_NEGATIVE
8,2003,1,WINTER,0,0.01124675,0.01124675,LOW,0,LOW,0.09,TRUE_NEGATIVE
9,2003,1,WINTER,0,0.016678281,0.016678281,LOW,0,LOW,0.09,TRUE_NEGATIVE
10,2003,1,WINTER,0,0.017447004,0.017447004,LOW,0,LOW,0.09,TRUE_NEGATIVE
11,2003,1,WINTER,0,0.010632729,0.010632729,LOW,0,LOW,0.09,TRUE_NEGATIVE
12,2003,1,WINTER,0,0.013638592,0.013638592,LOW,0,LOW,0.09,TRUE_NEGATIVE
13,2003,1,WINTER,0,0.021831347,0.021831347,LOW,0,LOW,0.09,TRUE_NEGATIVE
14,2003,1,WINTER,0,0.022077424,0.022077424,LOW,0,LOW,0.09,TRUE_NEGATIVE
15,2003,1,WINTER,0,0.020083994,0.020083994,LOW,0,LOW,0.09,TRUE_NEGATIVE
16,2003,1,WINTER,0,0.078756526,0.078756526,MODERATE,0,MODERATE,0.09,TRUE_NEGATIVE
17,2003,1,WINTER,0,0.06307166,0.06307166,MODERATE,0,MODERATE,0.09,TRUE_NEGATIVE
18,2003,1,WINTER,0,0.015114423,0.015114423,LOW,0,LOW,0.09,TRUE_NEGATIVE
19,2003,1,WINTER,0,0.023602415,0.023602415,LOW,0,LOW,0.09,TRUE_NEGATIVE
20,2003,1,WINTER,0,0.03139431,0.03139431,LOW,0,LOW,0.09,TRUE_NEGATIVE
21,2003,1,WINTER,0,0.07304758,0.07304758,MODERATE,0,MODERATE,0.09,TRUE_NEGATIVE
22,2003,1,WINTER,0,0.047074206,0.047074206,LOW,0,LOW,0.09,TRUE_NEGATIVE
23,2003,1,WINTER,0,0.02837124,0.02837124,LOW,0,LOW,0.09,TRUE_NEGATIVE
24,2003,1,WINTER,0,0.014553836,0.014553836,LOW,0,LOW,0.09,TRUE_NEGATIVE
25,2003,1,WINTER,0,0.031309415,0.031309415,LOW,0,LOW,0.09,TRUE_NEGATIVE
26,2003,1,WINTER,0,0.010532514,0.010532514,LOW,0,LOW,0.09,TRUE_NEGATIVE
27,2003,1,WINTER,1,0.085700795,0.085700795,MODERATE,0,MODERATE,0.09,FALSE_NEGATIVE
28,2003,1,WINTER,0,0.054610502,0.054610502,MODERATE,0,MODERATE,0.09,TRUE_NEGATIVE
29,2003,1,WINTER,1,0.01524386,0.01524386,LOW,0,LOW,0.09,FALSE_NEGATIVE
30,2003,1,WINTER,0,0.010390305,0.010390305,LOW,0,LOW,0.09,TRUE_NEGATIVE
31,2003,1,WINTER,0,0.021872262,0.021872262,LOW,0,LOW,0.09,TRUE_NEGATIVE
32,2003,1,WINTER,0,0.010810929,0.010810929,LOW,0,LOW,0.09,TRUE_NEGATIVE
33,2003,1,WINTER,0,0.008293814,0.008293814,LOW,0,LOW,0.09,TRUE_NEGATIVE
34,2003,1,WINTER,0,0.0073533794,0.0073533794,LOW,0,LOW,0.09,TRUE_NEGATIVE
35,2003,1,WINTER,0,0.010547269,0.010547269,LOW,0,LOW,0.09,TRUE_NEGATIVE
0,2003,11,POST_MONSOON,0,0.05031736,0.05031736,MODERATE,0,MODERATE,0.09,TRUE_NEGATIVE
1,2003,11,POST_MONSOON,0,0.01618508,0.01618508,LOW,0,LOW,0.09,TRUE_NEGATIVE
2,2003,11,POST_MONSOON,0,0.030232819,0.030232819,LOW,0,LOW,0.09,TRUE_NEGATIVE
3,2003,11,POST_MONSOON,0,0.006668862,0.006668862,LOW,0,LOW,0.09,TRUE_NEGATIVE
4,2003,11,POST_MONSOON,0,0.008918895,0.008918895,LOW,0,LOW,0.09,TRUE_NEGATIVE
5,2003,11,POST_MONSOON,0,0.01577628,0.01577628,LOW,0,LOW,0.09,TRUE_NEGATIVE
6,2003,11,POST_MONSOON,0,0.04002052,0.04002052,LOW,0,LOW,0.09,TRUE_NEGATIVE
7,2003,11,POST_MONSOON,0,0.00720423,0.00720423,LOW,0,LOW,0.09,TRUE_NEGATIVE
8,2003,11,POST_MONSOON,0,0.006195773,0.006195773,LOW,0,LOW,0.09,TRUE_NEGATIVE
9,2003,11,POST_MONSOON,0,0.0072471243,0.0072471243,LOW,0,LOW,0.09,TRUE_NEGATIVE
10,2003,11,POST_MONSOON,0,0.006076215,0.006076215,LOW,0,LOW,0.09,TRUE_NEGATIVE
11,2003,11,POST_MONSOON,0,0.005731923,0.005731923,LOW,0,LOW,0.09,TRUE_NEGATIVE
12,2003,11,POST_MONSOON,0,0.0064144465,0.0064144465,LOW,0,LOW,0.09,TRUE_NEGATIVE
13,2003,11,POST_MONSOON,0,0.013438517,0.013438517,LOW,0,LOW,0.09,TRUE_NEGATIVE
14,2003,11,POST_MONSOON,0,0.011103499,0.011103499,LOW,0,LOW,0.09,TRUE_NEGATIVE
15,2003,11,POST_MONSOON,0,0.006347141,0.006347141,LOW,0,LOW,0.09,TRUE_NEGATIVE
16,2003,11,POST_MONSOON,0,0.026046522,0.026046522,LOW,0,LOW,0.09,TRUE_NEGATIVE
17,2003,11,POST_MONSOON,0,0.012146918,0.012146918,LOW,0,LOW,0.09,TRUE_NEGATIVE
18,2003,11,POST_MONSOON,0,0.006532472,0.006532472,LOW,0,LOW,0.09,TRUE_NEGATIVE
19,2003,11,POST_MONSOON,0,0.0075240927,0.0075240927,LOW,0,LOW,0.09,TRUE_NEGATIVE
20,2003,11,POST_MONSOON,0,0.007935471,0.007935471,LOW,0,LOW,0.09,TRUE_NEGATIVE
21,2003,11,POST_MONSOON,0,0.014444383,0.014444383,LOW,0,LOW,0.09,TRUE_NEGATIVE
22,2003,11,POST_MONSOON,0,0.011021748,0.011021748,LOW,0,LOW,0.09,TRUE_NEGATIVE
23,2003,11,POST_MONSOON,0,0.006537735,0.006537735,LOW,0,LOW,0.09,TRUE_NEGATIVE
24,2003,11,POST_MONSOON,0,0.0077668466,0.0077668466,LOW,0,LOW,0.09,TRUE_NEGATIVE
25,2003,11,POST_MONSOON,0,0.010188038,0.010188038,LOW,0,LOW,0.09,TRUE_NEGATIVE
26,2003,11,POST_MONSOON,0,0.005992261,0.005992261,LOW,0,LOW,0.09,TRUE_NEGATIVE
27,2003,11,POST_MONSOON,0,0.01336589,0.01336589,LOW,0,LOW,0.09,TRUE_NEGATIVE
28,2003,11,POST_MONSOON,0,0.0097759515,0.0097759515,LOW,0,LOW,0.09,TRUE_NEGATIVE
29,2003,11,POST_MONSOON,0,0.009206473,0.009206473,LOW,0,LOW,0.09,TRUE_NEGATIVE
30,2003,11,POST_MONSOON,0,0.0057637347,0.0057637347,LOW,0,LOW,0.09,TRUE_NEGATIVE
31,2003,11,POST_MONSOON,0,0.006426997,0.006426997,LOW,0,LOW,0.09,TRUE_NEGATIVE
32,2003,11,POST_MONSOON,0,0.0056409724,0.0056409724,LOW,0,LOW,0.09,TRUE_NEGATIVE
33,2003,11,POST_MONSOON,0,0.005854033,0.005854033,LOW,0,LOW,0.09,TRUE_NEGATIVE
34,2003,11,POST_MONSOON,0,0.0056059863,0.0056059863,LOW,0,LOW,0.09,TRUE_NEGATIVE
35,2003,11,POST_MONSOON,0,0.0062893624,0.0062893624,LOW,0,LOW,0.09,TRUE_NEGATIVE
0,2003,10,POST_MONSOON,0,0.0181386,0.0181386,LOW,0,LOW,0.09,TRUE_NEGATIVE
1,2003,10,POST_MONSOON,0,0.0061594513,0.0061594513,LOW,0,LOW,0.09,TRUE_NEGATIVE
2,2003,10,POST_MONSOON,0,0.006285156,0.006285156,LOW,0,LOW,0.09,TRUE_NEGATIVE
3,2003,10,POST_MONSOON,0,0.005128247,0.005128247,LOW,0,LOW,0.09,TRUE_NEGATIVE
4,2003,10,POST_MONSOON,0,0.0056145764,0.0056145764,LOW,0,LOW,0.09,TRUE_NEGATIVE
5,2003,10,POST_MONSOON,0,0.0070881406,0.0070881406,LOW,0,LOW,0.09,TRUE_NEGATIVE
6,2003,10,POST_MONSOON,0,0.0062413956,0.0062413956,LOW,0,LOW,0.09,TRUE_NEGATIVE
7,2003,10,POST_MONSOON,0,0.0049613295,0.0049613295,LOW,0,LOW,0.09,TRUE_NEGATIVE
8,2003,10,POST_MONSOON,0,0.0050186967,0.0050186967,LOW,0,LOW,0.09,TRUE_NEGATIVE
9,2003,10,POST_MONSOON,0,0.004961405,0.004961405,LOW,0,LOW,0.09,TRUE_NEGATIVE
10,2003,10,POST_MONSOON,0,0.005581783,0.005581783,LOW,0,LOW,0.09,TRUE_NEGATIVE
11,2003,10,POST_MONSOON,0,0.0049026855,0.0049026855,LOW,0,LOW,0.09,TRUE_NEGATIVE
12,2003,10,POST_MONSOON,0,0.0049360013,0.0049360013,LOW,0,LOW,0.09,TRUE_NEGATIVE
13,2003,10,POST_MONSOON,0,0.008284426,0.008284426,LOW,0,LOW,0.09,TRUE_NEGATIVE
14,2003,10,POST_MONSOON,0,0.008674186,0.008674186,LOW,0,LOW,0.09,TRUE_NEGATIVE
15,2003,10,POST_MONSOON,0,0.005607738,0.005607738,LOW,0,LOW,0.09,TRUE_NEGATIVE
16,2003,10,POST_MONSOON,0,0.01979166,0.01979166,LOW,0,LOW,0.09,TRUE_NEGATIVE
17,2003,10,POST_MONSOON,0,0.0053492757,0.0053492757,LOW,0,LOW,0.09,TRUE_NEGATIVE
18,2003,10,POST_MONSOON,0,0.0053462293,0.0053462293,LOW,0,LOW,0.09,TRUE_NEGATIVE
19,2003,10,POST_MONSOON,0,0.005349212,0.005349212,LOW,0,LOW,0.09,TRUE_NEGATIVE
20,2003,10,POST_MONSOON,0,0.0051217456,0.0051217456,LOW,0,LOW,0.09,TRUE_NEGATIVE
21,2003,10,POST_MONSOON,0,0.006029969,0.006029969,LOW,0,LOW,0.09,TRUE_NEGATIVE
22,2003,10,POST_MONSOON,0,0.005577735,0.005577735,LOW,0,LOW,0.09,TRUE_NEGATIVE
23,2003,10,POST_MONSOON,0,0.0056205266,0.0056205266,LOW,0,LOW,0.09,TRUE_NEGATIVE
24,2003,10,POST_MONSOON,0,0.0051870057,0.0051870057,LOW,0,LOW,0.09,TRUE_NEGATIVE
25,2003,10,POST_MONSOON,0,0.005706521,0.005706521,LOW,0,LOW,0.09,TRUE_NEGATIVE
26,2003,10,POST_MONSOON,0,0.004926455,0.004926455,LOW,0,LOW,0.09,TRUE_NEGATIVE
27,2003,10,POST_MONSOON,0,0.0064239227,0.0064239227,LOW,0,LOW,0.09,TRUE_NEGATIVE
28,2003,10,POST_MONSOON,0,0.005314083,0.005314083,LOW,0,LOW,0.09,TRUE_NEGATIVE
29,2003,10,POST_MONSOON,0,0.010305873,0.010305873,LOW,0,LOW,0.09,TRUE_NEGATIVE
30,2003,10,POST_MONSOON,0,0.004830682,0.004830682,LOW,0,LOW,0.09,TRUE_NEGATIVE
31,2003,10,POST_MONSOON,0,0.004884003,0.004884003,LOW,0,LOW,0.09,TRUE_NEGATIVE
32,2003,10,POST_MONSOON,0,0.0047155707,0.0047155707,LOW,0,LOW,0.09,TRUE_NEGATIVE
33,2003,10,POST_MONSOON,0,0.0047080102,0.0047080102,LOW,0,LOW,0.09,TRUE_NEGATIVE
34,2003,10,POST_MONSOON,0,0.004746317,0.004746317,LOW,0,LOW,0.09,TRUE_NEGATIVE
35,2003,10,POST_MONSOON,0,0.004710804,0.004710804,LOW,0,LOW,0.09,TRUE_NEGATIVE
0,2003,9,MONSOON,0,0.006081611,0.006081611,LOW,0,LOW,0.09,TRUE_NEGATIVE
1,2003,9,MONSOON,0,0.0061618136,0.0061618136,LOW,0,LOW,0.09,TRUE_NEGATIVE
2,2003,9,MONSOON,0,0.006249113,0.006249113,LOW,0,LOW,0.09,TRUE_NEGATIVE
3,2003,9,MONSOON,0,0.004888745,0.004888745,LOW,0,LOW,0.09,TRUE_NEGATIVE
4,2003,9,MONSOON,0,0.0050243717,0.0050243717,LOW,0,LOW,0.09,TRUE_NEGATIVE
5,2003,9,MONSOON,0,0.0055023604,0.0055023604,LOW,0,LOW,0.09,TRUE_NEGATIVE
6,2003,9,MONSOON,0,0.0059563094,0.0059563094,LOW,0,LOW,0.09,TRUE_NEGATIVE
7,2003,9,MONSOON,0,0.0048432234,0.0048432234,LOW,0,LOW,0.09,TRUE_NEGATIVE
8,2003,9,MONSOON,0,0.004865279,0.004865279,LOW,0,LOW,0.09,TRUE_NEGATIVE
9,2003,9,MONSOON,0,0.004803106,0.004803106,LOW,0,LOW,0.09,TRUE_NEGATIVE
10,2003,9,MONSOON,0,0.005121078,0.005121078,LOW,0,LOW,0.09,TRUE_NEGATIVE
11,2003,9,MONSOON,0,0.0049522603,0.0049522603,LOW,0,LOW,0.09,TRUE_NEGATIVE
12,2003,9,MONSOON,0,0.0049888454,0.0049888454,LOW,0,LOW,0.09,TRUE_NEGATIVE
13,2003,9,MONSOON,0,0.016623816,0.016623816,LOW,0,LOW,0.09,TRUE_NEGATIVE
14,2003,9,MONSOON,0,0.02051015,0.02051015,LOW,0,LOW,0.09,TRUE_NEGATIVE
15,2003,9,MONSOON,0,0.0048867087,0.0048867087,LOW,0,LOW,0.09,TRUE_NEGATIVE
16,2003,9,MONSOON,0,0.007291262,0.007291262,LOW,0,LOW,0.09,TRUE_NEGATIVE
17,2003,9,MONSOON,0,0.0055901106,0.0055901106,LOW,0,LOW,0.09,TRUE_NEGATIVE
18,2003,9,MONSOON,0,0.0075040227,0.0075040227,LOW,0,LOW,0.09,TRUE_NEGATIVE
19,2003,9,MONSOON,0,0.0057555265,0.0057555265,LOW,0,LOW,0.09,TRUE_NEGATIVE
20,2003,9,MONSOON,0,0.0051387087,0.0051387087,LOW,0,LOW,0.09,TRUE_NEGATIVE
21,2003,9,MONSOON,0,0.005810281,0.005810281,LOW,0,LOW,0.09,TRUE_NEGATIVE
22,2003,9,MONSOON,0,0.005829165,0.005829165,LOW,0,LOW,0.09,TRUE_NEGATIVE
23,2003,9,MONSOON,0,0.00516358,0.00516358,LOW,0,LOW,0.09,TRUE_NEGATIVE
24,2003,9,MONSOON,0,0.0052106283,0.0052106283,LOW,0,LOW,0.09,TRUE_NEGATIVE
25,2003,9,MONSOON,0,0.00557058,0.00557058,LOW,0,LOW,0.09,TRUE_NEGATIVE
26,2003,9,MONSOON,0,0.00494114,0.00494114,LOW,0,LOW,0.09,TRUE_NEGATIVE
27,2003,9,MONSOON,0,0.006754292,0.006754292,LOW,0,LOW,0.09,TRUE_NEGATIVE
28,2003,9,MONSOON,0,0.0052730585,0.0052730585,LOW,0,LOW,0.09,TRUE_NEGATIVE
29,2003,9,MONSOON,0,0.011028253,0.011028253,LOW,0,LOW,0.09,TRUE_NEGATIVE
30,2003,9,MONSOON,0,0.004893208,0.004893208,LOW,0,LOW,0.09,TRUE_NEGATIVE
31,2003,9,MONSOON,0,0.004810056,0.004810056,LOW,0,LOW,0.09,TRUE_NEGATIVE
32,2003,9,MONSOON,0,0.004996087,0.004996087,LOW,0,LOW,0.09,TRUE_NEGATIVE
33,2003,9,MONSOON,0,0.0046877568,0.0046877568,LOW,0,LOW,0.09,TRUE_NEGATIVE
34,2003,9,MONSOON,0,0.0048180036,0.0048180036,LOW,0,LOW,0.09,TRUE_NEGATIVE
35,2003,9,MONSOON,0,0.004701035,0.004701035,LOW,0,LOW,0.09,TRUE_NEGATIVE
0,2003,2,WINTER,0,0.007871481,0.007871481,LOW,0,LOW,0.09,TRUE_NEGATIVE
1,2003,2,WINTER,0,0.008033024,0.008033024,LOW,0,LOW,0.09,TRUE_NEGATIVE
2,2003,2,WINTER,0,0.00628267,0.00628267,LOW,0,LOW,0.09,TRUE_NEGATIVE
3,2003,2,WINTER,0,0.005109076,0.005109076,LOW,0,LOW,0.09,TRUE_NEGATIVE
4,2003,2,WINTER,0,0.0052976143,0.0052976143,LOW,0,LOW,0.09,TRUE_NEGATIVE
5,2003,2,WINTER,0,0.004956612,0.004956612,LOW,0,LOW,0.09,TRUE_NEGATIVE
6,2003,2,WINTER,0,0.0061312597,0.0061312597,LOW,0,LOW,0.09,TRUE_NEGATIVE
7,2003,2,WINTER,0,0.0049398695,0.0049398695,LOW,0,LOW,0.09,TRUE_NEGATIVE
8,2003,2,WINTER,0,0.0050204853,0.0050204853,LOW,0,LOW,0.09,TRUE_NEGATIVE
9,2003,2,WINTER,0,0.004882423,0.004882423,LOW,0,LOW,0.09,TRUE_NEGATIVE
10,2003,2,WINTER,0,0.0050108023,0.0050108023,LOW,0,LOW,0.09,TRUE_NEGATIVE
11,2003,2,WINTER,0,0.0048695407,0.0048695407,LOW,0,LOW,0.09,TRUE_NEGATIVE
12,2003,2,WINTER,0,0.0050468077,0.0050468077,LOW,0,LOW,0.09,TRUE_NEGATIVE
13,2003,2,WINTER,0,0.030639268,0.030639268,LOW,0,LOW,0.09,TRUE_NEGATIVE
14,2003,2,WINTER,1,0.03830977,0.03830977,LOW,0,LOW,0.09,FALSE_NEGATIVE
15,2003,2,WINTER,0,0.0049265344,0.0049265344,LOW,0,LOW,0.09,TRUE_NEGATIVE
16,2003,2,WINTER,0,0.0076241284,0.0076241284,LOW,0,LOW,0.09,TRUE_NEGATIVE
17,2003,2,WINTER,0,0.0054248897,0.0054248897,LOW,0,LOW,0.09,TRUE_NEGATIVE
18,2003,2,WINTER,0,0.0063937805,0.0063937805,LOW,0,LOW,0.09,TRUE_NEGATIVE
19,2003,2,WINTER,0,0.005162167,0.005162167,LOW,0,LOW,0.09,TRUE_NEGATIVE
20,2003,2,WINTER,0,0.005094518,0.005094518,LOW,0,LOW,0.09,TRUE_NEGATIVE
21,2003,2,WINTER,0,0.006898005,0.006898005,LOW,0,LOW,0.09,TRUE_NEGATIVE
22,2003,2,WINTER,0,0.0050363787,0.0050363787,LOW,0,LOW,0.09,TRUE_NEGATIVE
23,2003,2,WINTER,0,0.0050726216,0.0050726216,LOW,0,LOW,0.09,TRUE_NEGATIVE
24,2003,2,WINTER,0,0.005295501,0.005295501,LOW,0,LOW,0.09,TRUE_NEGATIVE
25,2003,2,WINTER,0,0.0056259767,0.0056259767,LOW,0,LOW,0.09,TRUE_NEGATIVE
26,2003,2,WINTER,0,0.004915091,0.004915091,LOW,0,LOW,0.09,TRUE_NEGATIVE
27,2003,2,WINTER,0,0.005787828,0.005787828,LOW,0,LOW,0.09,TRUE_NEGATIVE
28,2003,2,WINTER,0,0.0054289694,0.0054289694,LOW,0,LOW,0.09,TRUE_NEGATIVE
29,2003,2,WINTER,0,0.0074466034,0.0074466034,LOW,0,LOW,0.09,TRUE_NEGATIVE
30,2003,2,WINTER,0,0.004802397,0.004802397,LOW,0,LOW,0.09,TRUE_NEGATIVE
31,2003,2,WINTER,0,0.0060536303,0.0060536303,LOW,0,LOW,0.09,TRUE_NEGATIVE
32,2003,2,WINTER,0,0.0047671613,0.0047671613,LOW,0,LOW,0.09,TRUE_NEGATIVE
33,2003,2,WINTER,0,0.0047659287,0.0047659287,LOW,0,LOW,0.09,TRUE_NEGATIVE
34,2003,2,WINTER,0,0.0049617104,0.0049617104,LOW,0,LOW,0.09,TRUE_NEGATIVE
35,2003,2,WINTER,0,0.0047537806,0.0047537806,LOW,0,LOW,0.09,TRUE_NEGATIVE
0,2004,4,PRE_MONSOON,0,0.012634095,0.012634095,LOW,0,LOW,0.09,TRUE_NEGATIVE
1,2004,4,PRE_MONSOON,0,0.019378014,0.019378014,LOW,0,LOW,0.09,TRUE_NEGATIVE
2,2004,4,PRE_MONSOON,0,0.018417314,0.018417314,LOW,0,LOW,0.09,TRUE_NEGATIVE
3,2004,4,PRE_MONSOON,0,0.005682309,0.005682309,LOW,0,LOW,0.09,TRUE_NEGATIVE
4,2004,4,PRE_MONSOON,0,0.0085860295,0.0085860295,LOW,0,LOW,0.09,TRUE_NEGATIVE
5,2004,4,PRE_MONSOON,0,0.0051554567,0.0051554567,LOW,0,LOW,0.09,TRUE_NEGATIVE
6,2004,4,PRE_MONSOON,0,0.005809113,0.005809113,LOW,0,LOW,0.09,TRUE_NEGATIVE
7,2004,4,PRE_MONSOON,0,0.0068807756,0.0068807756,LOW,0,LOW,0.09,TRUE_NEGATIVE
8,2004,4,PRE_MONSOON,0,0.0050912537,0.0050912537,LOW,0,LOW,0.09,TRUE_NEGATIVE
9,2004,4,PRE_MONSOON,0,0.0067856945,0.0067856945,LOW,0,LOW,0.09,TRUE_NEGATIVE
10,2004,4,PRE_MONSOON,0,0.006484465,0.006484465,LOW,0,LOW,0.09,TRUE_NEGATIVE
11,2004,4,PRE_MONSOON,0,0.0051076533,0.0051076533,LOW,0,LOW,0.09,TRUE_NEGATIVE
12,2004,4,PRE_MONSOON,0,0.005636331,0.005636331,LOW,0,LOW,0.09,TRUE_NEGATIVE
13,2004,4,PRE_MONSOON,0,0.036765732,0.036765732,LOW,0,LOW,0.09,TRUE_NEGATIVE
14,2004,4,PRE_MONSOON,1,0.03454029,0.03454029,LOW,0,LOW,0.09,FALSE_NEGATIVE
15,2004,4,PRE_MONSOON,0,0.008410531,0.008410531,LOW,0,LOW,0.09,TRUE_NEGATIVE
16,2004,4,PRE_MONSOON,0,0.025355551,0.025355551,LOW,0,LOW,0.09,TRUE_NEGATIVE
17,2004,4,PRE_MONSOON,0,0.0060740984,0.0060740984,LOW,0,LOW,0.09,TRUE_NEGATIVE
18,2004,4,PRE_MONSOON,0,0.0063440986,0.0063440986,LOW,0,LOW,0.09,TRUE_NEGATIVE
19,2004,4,PRE_MONSOON,0,0.0059365453,0.0059365453,LOW,0,LOW,0.09,TRUE_NEGATIVE
20,2004,4,PRE_MONSOON,0,0.00530878,0.00530878,LOW,0,LOW,0.09,TRUE_NEGATIVE
21,2004,4,PRE_MONSOON,0,0.034459695,0.034459695,LOW,0,LOW,0.09,TRUE_NEGATIVE
22,2004,4,PRE_MONSOON,0,0.0056590713,0.0056590713,LOW,0,LOW,0.09,TRUE_NEGATIVE
23,2004,4,PRE_MONSOON,0,0.0056010075,0.0056010075,LOW,0,LOW,0.09,TRUE_NEGATIVE
24,2004,4,PRE_MONSOON,0,0.0066218823,0.0066218823,LOW,0,LOW,0.09,TRUE_NEGATIVE
25,2004,4,PRE_MONSOON,0,0.005078266,0.005078266,LOW,0,LOW,0.09,TRUE_NEGATIVE
26,2004,4,PRE_MONSOON,0,0.005136954,0.005136954,LOW,0,LOW,0.09,TRUE_NEGATIVE
27,2004,4,PRE_MONSOON,0,0.00979947,0.00979947,LOW,0,LOW,0.09,TRUE_NEGATIVE
28,2004,4,PRE_MONSOON,0,0.022643806,0.022643806,LOW,0,LOW,0.09,TRUE_NEGATIVE
29,2004,4,PRE_MONSOON,0,0.00735356,0.00735356,LOW,0,LOW,0.09,TRUE_NEGATIVE
30,2004,4,PRE_MONSOON,0,0.005313223,0.005313223,LOW,0,LOW,0.09,TRUE_NEGATIVE
31,2004,4,PRE_MONSOON,0,0.0067464653,0.0067464653,LOW,0,LOW,0.09,TRUE_NEGATIVE
32,2004,4,PRE_MONSOON,0,0.0049476903,0.0049476903,LOW,0,LOW,0.09,TRUE_NEGATIVE
33,2004,4,PRE_MONSOON,0,0.0051888707,0.0051888707,LOW,0,LOW,0.09,TRUE_NEGATIVE
34,2004,4,PRE_MONSOON,0,0.005252786,0.005252786,LOW,0,LOW,0.09,TRUE_NEGATIVE
35,2004,4,PRE_MONSOON,0,0.0053456817,0.0053456817,LOW,0,LOW,0.09,TRUE_NEGATIVE
0,2004,3,PRE_MONSOON,0,0.020202458,0.020202458,LOW,0,LOW,0.09,TRUE_NEGATIVE
1,2004,3,PRE_MONSOON,0,0.04336507,0.04336507,LOW,0,LOW,0.09,TRUE_NEGATIVE
2,2004,3,PRE_MONSOON,0,0.037282877,0.037282877,LOW,0,LOW,0.09,TRUE_NEGATIVE
3,2004,3,PRE_MONSOON,0,0.017628072,0.017628072,LOW,0,LOW,0.09,TRUE_NEGATIVE
4,2004,3,PRE_MONSOON,0,0.011993409,0.011993409,LOW,0,LOW,0.09,TRUE_NEGATIVE
5,2004,3,PRE_MONSOON,0,0.006003644,0.006003644,LOW,0,LOW,0.09,TRUE_NEGATIVE
6,2004,3,PRE_MONSOON,0,0.0062498213,0.0062498213,LOW,0,LOW,0.09,TRUE_NEGATIVE
7,2004,3,PRE_MONSOON,0,0.006996616,0.006996616,LOW,0,LOW,0.09,TRUE_NEGATIVE
8,2004,3,PRE_MONSOON,0,0.006661979,0.006661979,LOW,0,LOW,0.09,TRUE_NEGATIVE
9,2004,3,PRE_MONSOON,0,0.009305326,0.009305326,LOW,0,LOW,0.09,TRUE_NEGATIVE
10,2004,3,PRE_MONSOON,0,0.011978727,0.011978727,LOW,0,LOW,0.09,TRUE_NEGATIVE
11,2004,3,PRE_MONSOON,0,0.005791959,0.005791959,LOW,0,LOW,0.09,TRUE_NEGATIVE
12,2004,3,PRE_MONSOON,0,0.0062725623,0.0062725623,LOW,0,LOW,0.09,TRUE_NEGATIVE
13,2004,3,PRE_MONSOON,0,0.04653461,0.04653461,LOW,0,LOW,0.09,TRUE_NEGATIVE
14,2004,3,PRE_MONSOON,1,0.03293851,0.03293851,LOW,0,LOW,0.09,FALSE_NEGATIVE
15,2004,3,PRE_MONSOON,0,0.01236463,0.01236463,LOW,0,LOW,0.09,TRUE_NEGATIVE
16,2004,3,PRE_MONSOON,0,0.040045306,0.040045306,LOW,0,LOW,0.09,TRUE_NEGATIVE
17,2004,3,PRE_MONSOON,0,0.006160812,0.006160812,LOW,0,LOW,0.09,TRUE_NEGATIVE
18,2004,3,PRE_MONSOON,0,0.0117419055,0.0117419055,LOW,0,LOW,0.09,TRUE_NEGATIVE
19,2004,3,PRE_MONSOON,0,0.006718405,0.006718405,LOW,0,LOW,0.09,TRUE_NEGATIVE
20,2004,3,PRE_MONSOON,0,0.0063067935,0.0063067935,LOW,0,LOW,0.09,TRUE_NEGATIVE
21,2004,3,PRE_MONSOON,0,0.05958563,0.05958563,MODERATE,0,MODERATE,0.09,TRUE_NEGATIVE
22,2004,3,PRE_MONSOON,0,0.006985437,0.006985437,LOW,0,LOW,0.09,TRUE_NEGATIVE
23,2004,3,PRE_MONSOON,0,0.011836784,0.011836784,LOW,0,LOW,0.09,TRUE_NEGATIVE
24,2004,3,PRE_MONSOON,0,0.006570888,0.006570888,LOW,0,LOW,0.09,TRUE_NEGATIVE
25,2004,3,PRE_MONSOON,0,0.005551417,0.005551417,LOW,0,LOW,0.09,TRUE_NEGATIVE
26,2004,3,PRE_MONSOON,0,0.006034054,0.006034054,LOW,0,LOW,0.09,TRUE_NEGATIVE
27,2004,3,PRE_MONSOON,0,0.020559123,0.020559123,LOW,0,LOW,0.09,TRUE_NEGATIVE
28,2004,3,PRE_MONSOON,0,0.050624993,0.050624993,MODERATE,0,MODERATE,0.09,TRUE_NEGATIVE
29,2004,3,PRE_MONSOON,0,0.007662861,0.007662861,LOW,0,LOW,0.09,TRUE_NEGATIVE
30,2004,3,PRE_MONSOON,0,0.0056166905,0.0056166905,LOW,0,LOW,0.09,TRUE_NEGATIVE
31,2004,3,PRE_MONSOON,0,0.009554701,0.009554701,LOW,0,LOW,0.09,TRUE_NEGATIVE
32,2004,3,PRE_MONSOON,0,0.005727639,0.005727639,LOW,0,LOW,0.09,TRUE_NEGATIVE
33,2004,3,PRE_MONSOON,0,0.0053349095,0.0053349095,LOW,0,LOW,0.09,TRUE_NEGATIVE
34,2004,3,PRE_MONSOON,0,0.0052498365,0.0052498365,LOW,0,LOW,0.09,TRUE_NEGATIVE
35,2004,3,PRE_MONSOON,0,0.00562123,0.00562123,LOW,0,LOW,0.09,TRUE_NEGATIVE
0,2004,7,MONSOON,0,0.03389516,0.03389516,LOW,0,LOW,0.09,TRUE_NEGATIVE
1,2004,7,MONSOON,0,0.028261725,0.028261725,LOW,0,LOW,0.09,TRUE_NEGATIVE
2,2004,7,MONSOON,0,0.06465206,0.06465206,MODERATE,0,MODERATE,0.09,TRUE_NEGATIVE
3,2004,7,MONSOON,0,0.042247582,0.042247582,LOW,0,LOW,0.09,TRUE_NEGATIVE
4,2004,7,MONSOON,0,0.043493748,0.043493748,LOW,0,LOW,0.09,TRUE_NEGATIVE
5,2004,7,MONSOON,0,0.020994356,0.020994356,LOW,0,LOW,0.09,TRUE_NEGATIVE
6,2004,7,MONSOON,0,0.06786263,0.06786263,MODERATE,0,MODERATE,0.09,TRUE_NEGATIVE
7,2004,7,MONSOON,0,0.016991425,0.016991425,LOW,0,LOW,0.09,TRUE_NEGATIVE
8,2004,7,MONSOON,0,0.008100244,0.008100244,LOW,0,LOW,0.09,TRUE_NEGATIVE
9,2004,7,MONSOON,0,0.014457722,0.014457722,LOW,0,LOW,0.09,TRUE_NEGATIVE
10,2004,7,MONSOON,0,0.032892972,0.032892972,LOW,0,LOW,0.09,TRUE_NEGATIVE
11,2004,7,MONSOON,0,0.008165234,0.008165234,LOW,0,LOW,0.09,TRUE_NEGATIVE
12,2004,7,MONSOON,0,0.012905327,0.012905327,LOW,0,LOW,0.09,TRUE_NEGATIVE
13,2004,7,MONSOON,0,0.031863865,0.031863865,LOW,0,LOW,0.09,TRUE_NEGATIVE
14,2004,7,MONSOON,0,0.02498628,0.02498628,LOW,0,LOW,0.09,TRUE_NEGATIVE
15,2004,7,MONSOON,0,0.029571408,0.029571408,LOW,0,LOW,0.09,TRUE_NEGATIVE
16,2004,7,MONSOON,0,0.09325881,0.09325881,ELEVATED,1,ELEVATED,0.09,FALSE_POSITIVE
17,2004,7,MONSOON,0,0.023837753,0.023837753,LOW,0,LOW,0.09,TRUE_NEGATIVE
18,2004,7,MONSOON,0,0.036368817,0.036368817,LOW,0,LOW,0.09,TRUE_NEGATIVE
19,2004,7,MONSOON,0,0.02406397,0.02406397,LOW,0,LOW,0.09,TRUE_NEGATIVE
20,2004,7,MONSOON,0,0.01427894,0.01427894,LOW,0,LOW,0.09,TRUE_NEGATIVE
21,2004,7,MONSOON,0,0.10634597,0.10634597,HIGH,1,HIGH,0.09,FALSE_POSITIVE
22,2004,7,MONSOON,0,0.034333542,0.034333542,LOW,0,LOW,0.09,TRUE_NEGATIVE
23,2004,7,MONSOON,0,0.041139316,0.041139316,LOW,0,LOW,0.09,TRUE_NEGATIVE
24,2004,7,MONSOON,0,0.0078822905,0.0078822905,LOW,0,LOW,0.09,TRUE_NEGATIVE
25,2004,7,MONSOON,0,0.024065964,0.024065964,LOW,0,LOW,0.09,TRUE_NEGATIVE
26,2004,7,MONSOON,0,0.007827615,0.007827615,LOW,0,LOW,0.09,TRUE_NEGATIVE
27,2004,7,MONSOON,0,0.07362628,0.07362628,MODERATE,0,MODERATE,0.09,TRUE_NEGATIVE
28,2004,7,MONSOON,0,0.070458435,0.070458435,MODERATE,0,MODERATE,0.09,TRUE_NEGATIVE
29,2004,7,MONSOON,1,0.013891002,0.013891002,LOW,0,LOW,0.09,FALSE_NEGATIVE
30,2004,7,MONSOON,0,0.027369082,0.027369082,LOW,0,LOW,0.09,TRUE_NEGATIVE
31,2004,7,MONSOON,0,0.021166438,0.021166438,LOW,0,LOW,0.09,TRUE_NEGATIVE
32,2004,7,MONSOON,0,0.01868715,0.01868715,LOW,0,LOW,0.09,TRUE_NEGATIVE
33,2004,7,MONSOON,0,0.019851977,0.019851977,LOW,0,LOW,0.09,TRUE_NEGATIVE
34,2004,7,MONSOON,0,0.006175327,0.006175327,LOW,0,LOW,0.09,TRUE_NEGATIVE
35,2004,7,MONSOON,0,0.012181538,0.012181538,LOW,0,LOW,0.09,TRUE_NEGATIVE
0,2004,0,UNKNOWN,0,0.112315305,0.112315305,HIGH,1,HIGH,0.09,FALSE_POSITIVE
1,2004,0,UNKNOWN,0,0.041685615,0.041685615,LOW,0,LOW,0.09,TRUE_NEGATIVE
2,2004,0,UNKNOWN,0,0.084941894,0.084941894,MODERATE,0,MODERATE,0.09,TRUE_NEGATIVE
3,2004,0,UNKNOWN,0,0.078090675,0.078090675,MODERATE,0,MODERATE,0.09,TRUE_NEGATIVE
4,2004,0,UNKNOWN,0,0.102513015,0.102513015,HIGH,1,HIGH,0.09,FALSE_POSITIVE
5,2004,0,UNKNOWN,0,0.055125773,0.055125773,MODERATE,0,MODERATE,0.09,TRUE_NEGATIVE
6,2004,0,UNKNOWN,0,0.12574889,0.12574889,HIGH,1,HIGH,0.09,FALSE_POSITIVE
7,2004,0,UNKNOWN,1,0.104254134,0.104254134,HIGH,1,HIGH,0.09,TRUE_POSITIVE
8,2004,0,UNKNOWN,0,0.028751498,0.028751498,LOW,0,LOW,0.09,TRUE_NEGATIVE
9,2004,0,UNKNOWN,0,0.046219338,0.046219338,LOW,0,LOW,0.09,TRUE_NEGATIVE
10,2004,0,UNKNOWN,0,0.05824962,0.05824962,MODERATE,0,MODERATE,0.09,TRUE_NEGATIVE
11,2004,0,UNKNOWN,0,0.025317712,0.025317712,LOW,0,LOW,0.09,TRUE_NEGATIVE
12,2004,0,UNKNOWN,1,0.026750723,0.026750723,LOW,0,LOW,0.09,FALSE_NEGATIVE
13,2004,0,UNKNOWN,0,0.065866835,0.065866835,MODERATE,0,MODERATE,0.09,TRUE_NEGATIVE
14,2004,0,UNKNOWN,0,0.04005034,0.04005034,LOW,0,LOW,0.09,TRUE_NEGATIVE
15,2004,0,UNKNOWN,1,0.04938666,0.04938666,LOW,0,LOW,0.09,FALSE_NEGATIVE
16,2004,0,UNKNOWN,0,0.12067573,0.12067573,HIGH,1,HIGH,0.09,FALSE_POSITIVE
17,2004,0,UNKNOWN,0,0.06841853,0.06841853,MODERATE,0,MODERATE,0.09,TRUE_NEGATIVE
18,2004,0,UNKNOWN,0,0.072885275,0.072885275,MODERATE,0,MODERATE,0.09,TRUE_NEGATIVE
19,2004,0,UNKNOWN,0,0.106601484,0.106601484,HIGH,1,HIGH,0.09,FALSE_POSITIVE
20,2004,0,UNKNOWN,0,0.095923886,0.095923886,ELEVATED,1,ELEVATED,0.09,FALSE_POSITIVE
21,2004,0,UNKNOWN,0,0.11440859,0.11440859,HIGH,1,HIGH,0.09,FALSE_POSITIVE
22,2004,0,UNKNOWN,0,0.08752074,0.08752074,MODERATE,0,MODERATE,0.09,TRUE_NEGATIVE
23,2004,0,UNKNOWN,0,0.08854572,0.08854572,MODERATE,0,MODERATE,0.09,TRUE_NEGATIVE
24,2004,0,UNKNOWN,1,0.031746726,0.031746726,LOW,0,LOW,0.09,FALSE_NEGATIVE
25,2004,0,UNKNOWN,0,0.071917646,0.071917646,MODERATE,0,MODERATE,0.09,TRUE_NEGATIVE
26,2004,0,UNKNOWN,0,0.015051604,0.015051604,LOW,0,LOW,0.09,TRUE_NEGATIVE
27,2004,0,UNKNOWN,0,0.11832941,0.11832941,HIGH,1,HIGH,0.09,FALSE_POSITIVE
28,2004,0,UNKNOWN,0,0.12993203,0.12993203,HIGH,1,HIGH,0.09,FALSE_POSITIVE
29,2004,0,UNKNOWN,1,0.02453557,0.02453557,LOW,0,LOW,0.09,FALSE_NEGATIVE
30,2004,0,UNKNOWN,0,0.06744331,0.06744331,MODERATE,0,MODERATE,0.09,TRUE_NEGATIVE
31,2004,0,UNKNOWN,0,0.07424374,0.07424374,MODERATE,0,MODERATE,0.09,TRUE_NEGATIVE
32,2004,0,UNKNOWN,0,0.09105546,0.09105546,ELEVATED,1,ELEVATED,0.09,FALSE_POSITIVE
33,2004,0,UNKNOWN,0,0.045784626,0.045784626,LOW,0,LOW,0.09,TRUE_NEGATIVE
34,2004,0,UNKNOWN,0,0.009717732,0.009717732,LOW,0,LOW,0.09,TRUE_NEGATIVE
35,2004,0,UNKNOWN,0,0.028375575,0.028375575,LOW,0,LOW,0.09,TRUE_NEGATIVE
0,2004,8,MONSOON,0,0.112301275,0.112301275,HIGH,1,HIGH,0.09,FALSE_POSITIVE
1,2004,8,MONSOON,0,0.05422773,0.05422773,MODERATE,0,MODERATE,0.09,TRUE_NEGATIVE
2,2004,8,MONSOON,0,0.079920456,0.079920456,MODERATE,0,MODERATE,0.09,TRUE_NEGATIVE
3,2004,8,MONSOON,0,0.12741403,0.12741403,HIGH,1,HIGH,0.09,FALSE_POSITIVE
4,2004,8,MONSOON,0,0.14131764,0.14131764,HIGH,1,HIGH,0.09,FALSE_POSITIVE
5,2004,8,MONSOON,0,0.12159653,0.12159653,HIGH,1,HIGH,0.09,FALSE_POSITIVE
6,2004,8,MONSOON,0,0.13852152,0.13852152,HIGH,1,HIGH,0.09,FALSE_POSITIVE
7,2004,8,MONSOON,1,0.12263258,0.12263258,HIGH,1,HIGH,0.09,TRUE_POSITIVE
8,2004,8,MONSOON,0,0.06602822,0.06602822,MODERATE,0,MODERATE,0.09,TRUE_NEGATIVE
9,2004,8,MONSOON,1,0.09095079,0.09095079,ELEVATED,1,ELEVATED,0.09,TRUE_POSITIVE
10,2004,8,MONSOON,0,0.1164685,0.1164685,HIGH,1,HIGH,0.09,FALSE_POSITIVE
11,2004,8,MONSOON,0,0.061467107,0.061467107,MODERATE,0,MODERATE,0.09,TRUE_NEGATIVE
12,2004,8,MONSOON,1,0.049296826,0.049296826,LOW,0,LOW,0.09,FALSE_NEGATIVE
13,2004,8,MONSOON,0,0.08943699,0.08943699,MODERATE,0,MODERATE,0.09,TRUE_NEGATIVE
14,2004,8,MONSOON,0,0.06712499,0.06712499,MODERATE,0,MODERATE,0.09,TRUE_NEGATIVE
15,2004,8,MONSOON,1,0.11170987,0.11170987,HIGH,1,HIGH,0.09,TRUE_POSITIVE
16,2004,8,MONSOON,0,0.12505828,0.12505828,HIGH,1,HIGH,0.09,FALSE_POSITIVE
17,2004,8,MONSOON,0,0.14215507,0.14215507,HIGH,1,HIGH,0.09,FALSE_POSITIVE
18,2004,8,MONSOON,0,0.1293991,0.1293991,HIGH,1,HIGH,0.09,FALSE_POSITIVE
19,2004,8,MONSOON,0,0.08540015,0.08540015,MODERATE,0,MODERATE,0.09,TRUE_NEGATIVE
20,2004,8,MONSOON,0,0.074911155,0.074911155,MODERATE,0,MODERATE,0.09,TRUE_NEGATIVE
21,2004,8,MONSOON,0,0.08948774,0.08948774,MODERATE,0,MODERATE,0.09,TRUE_NEGATIVE
22,2004,8,MONSOON,0,0.09344103,0.09344103,ELEVATED,1,ELEVATED,0.09,FALSE_POSITIVE
23,2004,8,MONSOON,0,0.1263031,0.1263031,HIGH,1,HIGH,0.09,FALSE_POSITIVE
24,2004,8,MONSOON,1,0.015192588,0.015192588,LOW,0,LOW,0.09,FALSE_NEGATIVE
25,2004,8,MONSOON,1,0.104676686,0.104676686,HIGH,1,HIGH,0.09,TRUE_POSITIVE
26,2004,8,MONSOON,0,0.020351548,0.020351548,LOW,0,LOW,0.09,TRUE_NEGATIVE
27,2004,8,MONSOON,0,0.1269907,0.1269907,HIGH,1,HIGH,0.09,FALSE_POSITIVE
28,2004,8,MONSOON,0,0.13337497,0.13337497,HIGH,1,HIGH,0.09,FALSE_POSITIVE
29,2004,8,MONSOON,1,0.010165435,0.010165435,LOW,0,LOW,0.09,FALSE_NEGATIVE
30,2004,8,MONSOON,0,0.101422645,0.101422645,HIGH,1,HIGH,0.09,FALSE_POSITIVE
31,2004,8,MONSOON,0,0.122696064,0.122696064,HIGH,1,HIGH,0.09,FALSE_POSITIVE
32,2004,8,MONSOON,0,0.1151856,0.1151856,HIGH,1,HIGH,0.09,FALSE_POSITIVE
33,2004,8,MONSOON,0,0.08671704,0.08671704,MODERATE,0,MODERATE,0.09,TRUE_NEGATIVE
34,2004,8,MONSOON,0,0.009425447,0.009425447,LOW,0,LOW,0.09,TRUE_NEGATIVE
35,2004,8,MONSOON,0,0.10154304,0.10154304,HIGH,1,HIGH,0.09,FALSE_POSITIVE
0,2004,6,MONSOON,0,0.10519888,0.10519888,HIGH,1,HIGH,0.09,FALSE_POSITIVE
1,2004,6,MONSOON,0,0.03368219,0.03368219,LOW,0,LOW,0.09,TRUE_NEGATIVE
2,2004,6,MONSOON,0,0.1000179,0.1000179,HIGH,1,HIGH,0.09,FALSE_POSITIVE
3,2004,6,MONSOON,0,0.12877503,0.12877503,HIGH,1,HIGH,0.09,FALSE_POSITIVE
4,2004,6,MONSOON,0,0.12980194,0.12980194,HIGH,1,HIGH,0.09,FALSE_POSITIVE
5,2004,6,MONSOON,0,0.11374838,0.11374838,HIGH,1,HIGH,0.09,FALSE_POSITIVE
6,2004,6,MONSOON,0,0.124186896,0.124186896,HIGH,1,HIGH,0.09,FALSE_POSITIVE
7,2004,6,MONSOON,1,0.11618315,0.11618315,HIGH,1,HIGH,0.09,TRUE_POSITIVE
8,2004,6,MONSOON,0,0.072478786,0.072478786,MODERATE,0,MODERATE,0.09,TRUE_NEGATIVE
9,2004,6,MONSOON,1,0.112216406,0.112216406,HIGH,1,HIGH,0.09,TRUE_POSITIVE
10,2004,6,MONSOON,0,0.09489316,0.09489316,ELEVATED,1,ELEVATED,0.09,FALSE_POSITIVE
11,2004,6,MONSOON,0,0.10594007,0.10594007,HIGH,1,HIGH,0.09,FALSE_POSITIVE
12,2004,6,MONSOON,1,0.06928075,0.06928075,MODERATE,0,MODERATE,0.09,FALSE_NEGATIVE
13,2004,6,MONSOON,0,0.07309846,0.07309846,MODERATE,0,MODERATE,0.09,TRUE_NEGATIVE
14,2004,6,MONSOON,0,0.067065194,0.067065194,MODERATE,0,MODERATE,0.09,TRUE_NEGATIVE
15,2004,6,MONSOON,1,0.09429922,0.09429922,ELEVATED,1,ELEVATED,0.09,TRUE_POSITIVE
16,2004,6,MONSOON,0,0.1004815,0.1004815,HIGH,1,HIGH,0.09,FALSE_POSITIVE
17,2004,6,MONSOON,0,0.12918833,0.12918833,HIGH,1,HIGH,0.09,FALSE_POSITIVE
18,2004,6,MONSOON,0,0.083983935,0.083983935,MODERATE,0,MODERATE,0.09,TRUE_NEGATIVE
19,2004,6,MONSOON,0,0.12178713,0.12178713,HIGH,1,HIGH,0.09,FALSE_POSITIVE
20,2004,6,MONSOON,0,0.11535726,0.11535726,HIGH,1,HIGH,0.09,FALSE_POSITIVE
21,2004,6,MONSOON,0,0.08377936,0.08377936,MODERATE,0,MODERATE,0.09,TRUE_NEGATIVE
22,2004,6,MONSOON,0,0.11668093,0.11668093,HIGH,1,HIGH,0.09,FALSE_POSITIVE
23,2004,6,MONSOON,0,0.12464357,0.12464357,HIGH,1,HIGH,0.09,FALSE_POSITIVE
24,2004,6,MONSOON,1,0.012980646,0.012980646,LOW,0,LOW,0.09,FALSE_NEGATIVE
25,2004,6,MONSOON,1,0.12510604,0.12510604,HIGH,1,HIGH,0.09,TRUE_POSITIVE
26,2004,6,MONSOON,0,0.072616346,0.072616346,MODERATE,0,MODERATE,0.09,TRUE_NEGATIVE
27,2004,6,MONSOON,0,0.1196878,0.1196878,HIGH,1,HIGH,0.09,FALSE_POSITIVE
28,2004,6,MONSOON,0,0.120674655,0.120674655,HIGH,1,HIGH,0.09,FALSE_POSITIVE
29,2004,6,MONSOON,0,0.023892244,0.023892244,LOW,0,LOW,0.09,TRUE_NEGATIVE
30,2004,6,MONSOON,0,0.13622802,0.13622802,HIGH,1,HIGH,0.09,FALSE_POSITIVE
31,2004,6,MONSOON,0,0.09816917,0.09816917,ELEVATED,1,ELEVATED,0.09,FALSE_POSITIVE
32,2004,6,MONSOON,0,0.097813375,0.097813375,ELEVATED,1,ELEVATED,0.09,FALSE_POSITIVE
33,2004,6,MONSOON,0,0.08985448,0.08985448,MODERATE,0,MODERATE,0.09,TRUE_NEGATIVE
34,2004,6,MONSOON,0,0.012105249,0.012105249,LOW,0,LOW,0.09,TRUE_NEGATIVE
35,2004,6,MONSOON,0,0.09130101,0.09130101,ELEVATED,1,ELEVATED,0.09,FALSE_POSITIVE
0,2004,5,PRE_MONSOON,0,0.0886475,0.0886475,MODERATE,0,MODERATE,0.09,TRUE_NEGATIVE
1,2004,5,PRE_MONSOON,0,0.05156008,0.05156008,MODERATE,0,MODERATE,0.09,TRUE_NEGATIVE
2,2004,5,PRE_MONSOON,0,0.10696028,0.10696028,HIGH,1,HIGH,0.09,FALSE_POSITIVE
3,2004,5,PRE_MONSOON,0,0.073257595,0.073257595,MODERATE,0,MODERATE,0.09,TRUE_NEGATIVE
4,2004,5,PRE_MONSOON,0,0.095249526,0.095249526,ELEVATED,1,ELEVATED,0.09,FALSE_POSITIVE
5,2004,5,PRE_MONSOON,0,0.08594942,0.08594942,MODERATE,0,MODERATE,0.09,TRUE_NEGATIVE
6,2004,5,PRE_MONSOON,0,0.10471538,0.10471538,HIGH,1,HIGH,0.09,FALSE_POSITIVE
7,2004,5,PRE_MONSOON,0,0.10279614,0.10279614,HIGH,1,HIGH,0.09,FALSE_POSITIVE
8,2004,5,PRE_MONSOON,0,0.04080944,0.04080944,LOW,0,LOW,0.09,TRUE_NEGATIVE
9,2004,5,PRE_MONSOON,1,0.0716467,0.0716467,MODERATE,0,MODERATE,0.09,FALSE_NEGATIVE
10,2004,5,PRE_MONSOON,0,0.05095063,0.05095063,MODERATE,0,MODERATE,0.09,TRUE_NEGATIVE
11,2004,5,PRE_MONSOON,0,0.066029444,0.066029444,MODERATE,0,MODERATE,0.09,TRUE_NEGATIVE
12,2004,5,PRE_MONSOON,0,0.033489503,0.033489503,LOW,0,LOW,0.09,TRUE_NEGATIVE
13,2004,5,PRE_MONSOON,0,0.09013109,0.09013109,ELEVATED,1,ELEVATED,0.09,FALSE_POSITIVE
14,2004,5,PRE_MONSOON,0,0.07324534,0.07324534,MODERATE,0,MODERATE,0.09,TRUE_NEGATIVE
15,2004,5,PRE_MONSOON,0,0.09192079,0.09192079,ELEVATED,1,ELEVATED,0.09,FALSE_POSITIVE
16,2004,5,PRE_MONSOON,0,0.08585909,0.08585909,MODERATE,0,MODERATE,0.09,TRUE_NEGATIVE
17,2004,5,PRE_MONSOON,0,0.062727965,0.062727965,MODERATE,0,MODERATE,0.09,TRUE_NEGATIVE
18,2004,5,PRE_MONSOON,0,0.060197063,0.060197063,MODERATE,0,MODERATE,0.09,TRUE_NEGATIVE
19,2004,5,PRE_MONSOON,0,0.10455926,0.10455926,HIGH,1,HIGH,0.09,FALSE_POSITIVE
20,2004,5,PRE_MONSOON,0,0.09889377,0.09889377,ELEVATED,1,ELEVATED,0.09,FALSE_POSITIVE
21,2004,5,PRE_MONSOON,0,0.063034266,0.063034266,MODERATE,0,MODERATE,0.09,TRUE_NEGATIVE
22,2004,5,PRE_MONSOON,0,0.11085543,0.11085543,HIGH,1,HIGH,0.09,FALSE_POSITIVE
23,2004,5,PRE_MONSOON,0,0.09064473,0.09064473,ELEVATED,1,ELEVATED,0.09,FALSE_POSITIVE
24,2004,5,PRE_MONSOON,0,0.013199281,0.013199281,LOW,0,LOW,0.09,TRUE_NEGATIVE
25,2004,5,PRE_MONSOON,1,0.10796086,0.10796086,HIGH,1,HIGH,0.09,TRUE_POSITIVE
26,2004,5,PRE_MONSOON,0,0.012870265,0.012870265,LOW,0,LOW,0.09,TRUE_NEGATIVE
27,2004,5,PRE_MONSOON,0,0.09161995,0.09161995,ELEVATED,1,ELEVATED,0.09,FALSE_POSITIVE
28,2004,5,PRE_MONSOON,0,0.072933555,0.072933555,MODERATE,0,MODERATE,0.09,TRUE_NEGATIVE
29,2004,5,PRE_MONSOON,0,0.018910445,0.018910445,LOW,0,LOW,0.09,TRUE_NEGATIVE
30,2004,5,PRE_MONSOON,0,0.09636114,0.09636114,ELEVATED,1,ELEVATED,0.09,FALSE_POSITIVE
31,2004,5,PRE_MONSOON,0,0.059445307,0.059445307,MODERATE,0,MODERATE,0.09,TRUE_NEGATIVE
32,2004,5,PRE_MONSOON,0,0.107231356,0.107231356,HIGH,1,HIGH,0.09,FALSE_POSITIVE
33,2004,5,PRE_MONSOON,0,0.06936545,0.06936545,MODERATE,0,MODERATE,0.09,TRUE_NEGATIVE
34,2004,5,PRE_MONSOON,0,0.008500184,0.008500184,LOW,0,LOW,0.09,TRUE_NEGATIVE
35,2004,5,PRE_MONSOON,0,0.11686843,0.11686843,HIGH,1,HIGH,0.09,FALSE_POSITIVE
0,2004,1,WINTER,0,0.08686655,0.08686655,MODERATE,0,MODERATE,0.09,TRUE_NEGATIVE
1,2004,1,WINTER,0,0.032240808,0.032240808,LOW,0,LOW,0.09,TRUE_NEGATIVE
2,2004,1,WINTER,0,0.07701246,0.07701246,MODERATE,0,MODERATE,0.09,TRUE_NEGATIVE
3,2004,1,WINTER,0,0.023545137,0.023545137,LOW,0,LOW,0.09,TRUE_NEGATIVE
4,2004,1,WINTER,0,0.040564682,0.040564682,LOW,0,LOW,0.09,TRUE_NEGATIVE
5,2004,1,WINTER,0,0.054244287,0.054244287,MODERATE,0,MODERATE,0.09,TRUE_NEGATIVE
6,2004,1,WINTER,0,0.051605884,0.051605884,MODERATE,0,MODERATE,0.09,TRUE_NEGATIVE
7,2004,1,WINTER,0,0.01731234,0.01731234,LOW,0,LOW,0.09,TRUE_NEGATIVE
8,2004,1,WINTER,0,0.019076206,0.019076206,LOW,0,LOW,0.09,TRUE_NEGATIVE
9,2004,1,WINTER,0,0.026155168,0.026155168,LOW,0,LOW,0.09,TRUE_NEGATIVE
10,2004,1,WINTER,0,0.02122375,0.02122375,LOW,0,LOW,0.09,TRUE_NEGATIVE
11,2004,1,WINTER,0,0.015899742,0.015899742,LOW,0,LOW,0.09,TRUE_NEGATIVE
12,2004,1,WINTER,0,0.014905727,0.014905727,LOW,0,LOW,0.09,TRUE_NEGATIVE
13,2004,1,WINTER,0,0.02701578,0.02701578,LOW,0,LOW,0.09,TRUE_NEGATIVE
14,2004,1,WINTER,0,0.02944532,0.02944532,LOW,0,LOW,0.09,TRUE_NEGATIVE
15,2004,1,WINTER,0,0.02511607,0.02511607,LOW,0,LOW,0.09,TRUE_NEGATIVE
16,2004,1,WINTER,0,0.06745179,0.06745179,MODERATE,0,MODERATE,0.09,TRUE_NEGATIVE
17,2004,1,WINTER,0,0.071257144,0.071257144,MODERATE,0,MODERATE,0.09,TRUE_NEGATIVE
18,2004,1,WINTER,0,0.020928664,0.020928664,LOW,0,LOW,0.09,TRUE_NEGATIVE
19,2004,1,WINTER,0,0.030442603,0.030442603,LOW,0,LOW,0.09,TRUE_NEGATIVE
20,2004,1,WINTER,0,0.033103976,0.033103976,LOW,0,LOW,0.09,TRUE_NEGATIVE
21,2004,1,WINTER,0,0.071362756,0.071362756,MODERATE,0,MODERATE,0.09,TRUE_NEGATIVE
22,2004,1,WINTER,0,0.05309359,0.05309359,MODERATE,0,MODERATE,0.09,TRUE_NEGATIVE
23,2004,1,WINTER,0,0.028091343,0.028091343,LOW,0,LOW,0.09,TRUE_NEGATIVE
24,2004,1,WINTER,0,0.009729924,0.009729924,LOW,0,LOW,0.09,TRUE_NEGATIVE
25,2004,1,WINTER,0,0.039435178,0.039435178,LOW,0,LOW,0.09,TRUE_NEGATIVE
26,2004,1,WINTER,0,0.010078643,0.010078643,LOW,0,LOW,0.09,TRUE_NEGATIVE
27,2004,1,WINTER,0,0.046625562,0.046625562,LOW,0,LOW,0.09,TRUE_NEGATIVE
28,2004,1,WINTER,0,0.03778722,0.03778722,LOW,0,LOW,0.09,TRUE_NEGATIVE
29,2004,1,WINTER,0,0.040032327,0.040032327,LOW,0,LOW,0.09,TRUE_NEGATIVE
30,2004,1,WINTER,0,0.012413668,0.012413668,LOW,0,LOW,0.09,TRUE_NEGATIVE
31,2004,1,WINTER,0,0.019642042,0.019642042,LOW,0,LOW,0.09,TRUE_NEGATIVE
32,2004,1,WINTER,0,0.010307337,0.010307337,LOW,0,LOW,0.09,TRUE_NEGATIVE
33,2004,1,WINTER,0,0.010480913,0.010480913,LOW,0,LOW,0.09,TRUE_NEGATIVE
34,2004,1,WINTER,0,0.008399225,0.008399225,LOW,0,LOW,0.09,TRUE_NEGATIVE
35,2004,1,WINTER,0,0.023295326,0.023295326,LOW,0,LOW,0.09,TRUE_NEGATIVE
0,2004,11,POST_MONSOON,0,0.035309523,0.035309523,LOW,0,LOW,0.09,TRUE_NEGATIVE
1,2004,11,POST_MONSOON,0,0.018166719,0.018166719,LOW,0,LOW,0.09,TRUE_NEGATIVE
2,2004,11,POST_MONSOON,0,0.03862443,0.03862443,LOW,0,LOW,0.09,TRUE_NEGATIVE
3,2004,11,POST_MONSOON,0,0.0065817446,0.0065817446,LOW,0,LOW,0.09,TRUE_NEGATIVE
4,2004,11,POST_MONSOON,0,0.0073924926,0.0073924926,LOW,0,LOW,0.09,TRUE_NEGATIVE
5,2004,11,POST_MONSOON,0,0.013636559,0.013636559,LOW,0,LOW,0.09,TRUE_NEGATIVE
6,2004,11,POST_MONSOON,0,0.055788293,0.055788293,MODERATE,0,MODERATE,0.09,TRUE_NEGATIVE
7,2004,11,POST_MONSOON,0,0.006119019,0.006119019,LOW,0,LOW,0.09,TRUE_NEGATIVE
8,2004,11,POST_MONSOON,0,0.0065969736,0.0065969736,LOW,0,LOW,0.09,TRUE_NEGATIVE
9,2004,11,POST_MONSOON,0,0.008032766,0.008032766,LOW,0,LOW,0.09,TRUE_NEGATIVE
10,2004,11,POST_MONSOON,0,0.007982778,0.007982778,LOW,0,LOW,0.09,TRUE_NEGATIVE
11,2004,11,POST_MONSOON,0,0.005770923,0.005770923,LOW,0,LOW,0.09,TRUE_NEGATIVE
12,2004,11,POST_MONSOON,0,0.0065363045,0.0065363045,LOW,0,LOW,0.09,TRUE_NEGATIVE
13,2004,11,POST_MONSOON,0,0.010402898,0.010402898,LOW,0,LOW,0.09,TRUE_NEGATIVE
14,2004,11,POST_MONSOON,0,0.021345507,0.021345507,LOW,0,LOW,0.09,TRUE_NEGATIVE
15,2004,11,POST_MONSOON,0,0.0063254205,0.0063254205,LOW,0,LOW,0.09,TRUE_NEGATIVE
16,2004,11,POST_MONSOON,0,0.034577858,0.034577858,LOW,0,LOW,0.09,TRUE_NEGATIVE
17,2004,11,POST_MONSOON,0,0.018421631,0.018421631,LOW,0,LOW,0.09,TRUE_NEGATIVE
18,2004,11,POST_MONSOON,0,0.008065813,0.008065813,LOW,0,LOW,0.09,TRUE_NEGATIVE
19,2004,11,POST_MONSOON,0,0.0065988023,0.0065988023,LOW,0,LOW,0.09,TRUE_NEGATIVE
20,2004,11,POST_MONSOON,0,0.008004933,0.008004933,LOW,0,LOW,0.09,TRUE_NEGATIVE
21,2004,11,POST_MONSOON,0,0.013215643,0.013215643,LOW,0,LOW,0.09,TRUE_NEGATIVE
22,2004,11,POST_MONSOON,0,0.010402795,0.010402795,LOW,0,LOW,0.09,TRUE_NEGATIVE
23,2004,11,POST_MONSOON,0,0.00715179,0.00715179,LOW,0,LOW,0.09,TRUE_NEGATIVE
24,2004,11,POST_MONSOON,0,0.006915513,0.006915513,LOW,0,LOW,0.09,TRUE_NEGATIVE
25,2004,11,POST_MONSOON,0,0.01337637,0.01337637,LOW,0,LOW,0.09,TRUE_NEGATIVE
26,2004,11,POST_MONSOON,0,0.0066863615,0.0066863615,LOW,0,LOW,0.09,TRUE_NEGATIVE
27,2004,11,POST_MONSOON,0,0.008977785,0.008977785,LOW,0,LOW,0.09,TRUE_NEGATIVE
28,2004,11,POST_MONSOON,0,0.010919407,0.010919407,LOW,0,LOW,0.09,TRUE_NEGATIVE
29,2004,11,POST_MONSOON,0,0.010646653,0.010646653,LOW,0,LOW,0.09,TRUE_NEGATIVE
30,2004,11,POST_MONSOON,0,0.0061074677,0.0061074677,LOW,0,LOW,0.09,TRUE_NEGATIVE
31,2004,11,POST_MONSOON,0,0.0054485127,0.0054485127,LOW,0,LOW,0.09,TRUE_NEGATIVE
32,2004,11,POST_MONSOON,0,0.00591483,0.00591483,LOW,0,LOW,0.09,TRUE_NEGATIVE
33,2004,11,POST_MONSOON,0,0.005440689,0.005440689,LOW,0,LOW,0.09,TRUE_NEGATIVE
34,2004,11,POST_MONSOON,0,0.006594006,0.006594006,LOW,0,LOW,0.09,TRUE_NEGATIVE
35,2004,11,POST_MONSOON,0,0.0067139072,0.0067139072,LOW,0,LOW,0.09,TRUE_NEGATIVE
0,2004,10,POST_MONSOON,0,0.011757503,0.011757503,LOW,0,LOW,0.09,TRUE_NEGATIVE
1,2004,10,POST_MONSOON,0,0.005892247,0.005892247,LOW,0,LOW,0.09,TRUE_NEGATIVE
2,2004,10,POST_MONSOON,0,0.006878896,0.006878896,LOW,0,LOW,0.09,TRUE_NEGATIVE
3,2004,10,POST_MONSOON,0,0.005049746,0.005049746,LOW,0,LOW,0.09,TRUE_NEGATIVE
4,2004,10,POST_MONSOON,0,0.004950259,0.004950259,LOW,0,LOW,0.09,TRUE_NEGATIVE
5,2004,10,POST_MONSOON,0,0.008113066,0.008113066,LOW,0,LOW,0.09,TRUE_NEGATIVE
6,2004,10,POST_MONSOON,0,0.006134911,0.006134911,LOW,0,LOW,0.09,TRUE_NEGATIVE
7,2004,10,POST_MONSOON,0,0.004947054,0.004947054,LOW,0,LOW,0.09,TRUE_NEGATIVE
8,2004,10,POST_MONSOON,0,0.005070591,0.005070591,LOW,0,LOW,0.09,TRUE_NEGATIVE
9,2004,10,POST_MONSOON,0,0.005112298,0.005112298,LOW,0,LOW,0.09,TRUE_NEGATIVE
10,2004,10,POST_MONSOON,0,0.005528305,0.005528305,LOW,0,LOW,0.09,TRUE_NEGATIVE
11,2004,10,POST_MONSOON,0,0.005042318,0.005042318,LOW,0,LOW,0.09,TRUE_NEGATIVE
12,2004,10,POST_MONSOON,0,0.0051263864,0.0051263864,LOW,0,LOW,0.09,TRUE_NEGATIVE
13,2004,10,POST_MONSOON,0,0.009962111,0.009962111,LOW,0,LOW,0.09,TRUE_NEGATIVE
14,2004,10,POST_MONSOON,0,0.046776377,0.046776377,LOW,0,LOW,0.09,TRUE_NEGATIVE
15,2004,10,POST_MONSOON,0,0.0050793695,0.0050793695,LOW,0,LOW,0.09,TRUE_NEGATIVE
16,2004,10,POST_MONSOON,0,0.020452121,0.020452121,LOW,0,LOW,0.09,TRUE_NEGATIVE
17,2004,10,POST_MONSOON,0,0.0057383482,0.0057383482,LOW,0,LOW,0.09,TRUE_NEGATIVE
18,2004,10,POST_MONSOON,0,0.0053471117,0.0053471117,LOW,0,LOW,0.09,TRUE_NEGATIVE
19,2004,10,POST_MONSOON,0,0.004989556,0.004989556,LOW,0,LOW,0.09,TRUE_NEGATIVE
20,2004,10,POST_MONSOON,0,0.0054152454,0.0054152454,LOW,0,LOW,0.09,TRUE_NEGATIVE
21,2004,10,POST_MONSOON,0,0.0054503833,0.0054503833,LOW,0,LOW,0.09,TRUE_NEGATIVE
22,2004,10,POST_MONSOON,0,0.0057463055,0.0057463055,LOW,0,LOW,0.09,TRUE_NEGATIVE
23,2004,10,POST_MONSOON,0,0.0049524815,0.0049524815,LOW,0,LOW,0.09,TRUE_NEGATIVE
24,2004,10,POST_MONSOON,0,0.0052125766,0.0052125766,LOW,0,LOW,0.09,TRUE_NEGATIVE
25,2004,10,POST_MONSOON,0,0.0061966777,0.0061966777,LOW,0,LOW,0.09,TRUE_NEGATIVE
26,2004,10,POST_MONSOON,0,0.0050318097,0.0050318097,LOW,0,LOW,0.09,TRUE_NEGATIVE
27,2004,10,POST_MONSOON,0,0.0053301826,0.0053301826,LOW,0,LOW,0.09,TRUE_NEGATIVE
28,2004,10,POST_MONSOON,0,0.0053135157,0.0053135157,LOW,0,LOW,0.09,TRUE_NEGATIVE
29,2004,10,POST_MONSOON,0,0.0091640875,0.0091640875,LOW,0,LOW,0.09,TRUE_NEGATIVE
30,2004,10,POST_MONSOON,0,0.004877364,0.004877364,LOW,0,LOW,0.09,TRUE_NEGATIVE
31,2004,10,POST_MONSOON,0,0.004744779,0.004744779,LOW,0,LOW,0.09,TRUE_NEGATIVE
32,2004,10,POST_MONSOON,0,0.004712922,0.004712922,LOW,0,LOW,0.09,TRUE_NEGATIVE
33,2004,10,POST_MONSOON,0,0.0047667525,0.0047667525,LOW,0,LOW,0.09,TRUE_NEGATIVE
34,2004,10,POST_MONSOON,0,0.005002178,0.005002178,LOW,0,LOW,0.09,TRUE_NEGATIVE
35,2004,10,POST_MONSOON,0,0.0047865277,0.0047865277,LOW,0,LOW,0.09,TRUE_NEGATIVE
0,2004,9,MONSOON,0,0.00623905,0.00623905,LOW,0,LOW,0.09,TRUE_NEGATIVE
1,2004,9,MONSOON,0,0.0059804097,0.0059804097,LOW,0,LOW,0.09,TRUE_NEGATIVE
2,2004,9,MONSOON,0,0.005988922,0.005988922,LOW,0,LOW,0.09,TRUE_NEGATIVE
3,2004,9,MONSOON,0,0.0051694424,0.0051694424,LOW,0,LOW,0.09,TRUE_NEGATIVE
4,2004,9,MONSOON,0,0.005179804,0.005179804,LOW,0,LOW,0.09,TRUE_NEGATIVE
5,2004,9,MONSOON,0,0.008319916,0.008319916,LOW,0,LOW,0.09,TRUE_NEGATIVE
6,2004,9,MONSOON,0,0.005964836,0.005964836,LOW,0,LOW,0.09,TRUE_NEGATIVE
7,2004,9,MONSOON,0,0.0049766893,0.0049766893,LOW,0,LOW,0.09,TRUE_NEGATIVE
8,2004,9,MONSOON,0,0.004855885,0.004855885,LOW,0,LOW,0.09,TRUE_NEGATIVE
9,2004,9,MONSOON,0,0.0049897265,0.0049897265,LOW,0,LOW,0.09,TRUE_NEGATIVE
10,2004,9,MONSOON,0,0.0054855193,0.0054855193,LOW,0,LOW,0.09,TRUE_NEGATIVE
11,2004,9,MONSOON,0,0.004893972,0.004893972,LOW,0,LOW,0.09,TRUE_NEGATIVE
12,2004,9,MONSOON,0,0.0050419206,0.0050419206,LOW,0,LOW,0.09,TRUE_NEGATIVE
13,2004,9,MONSOON,0,0.013255757,0.013255757,LOW,0,LOW,0.09,TRUE_NEGATIVE
14,2004,9,MONSOON,0,0.035101432,0.035101432,LOW,0,LOW,0.09,TRUE_NEGATIVE
15,2004,9,MONSOON,0,0.004991052,0.004991052,LOW,0,LOW,0.09,TRUE_NEGATIVE
16,2004,9,MONSOON,0,0.0058666174,0.0058666174,LOW,0,LOW,0.09,TRUE_NEGATIVE
17,2004,9,MONSOON,0,0.005746466,0.005746466,LOW,0,LOW,0.09,TRUE_NEGATIVE
18,2004,9,MONSOON,0,0.005423848,0.005423848,LOW,0,LOW,0.09,TRUE_NEGATIVE
19,2004,9,MONSOON,0,0.0050413655,0.0050413655,LOW,0,LOW,0.09,TRUE_NEGATIVE
20,2004,9,MONSOON,0,0.0051943283,0.0051943283,LOW,0,LOW,0.09,TRUE_NEGATIVE
21,2004,9,MONSOON,0,0.005455796,0.005455796,LOW,0,LOW,0.09,TRUE_NEGATIVE
22,2004,9,MONSOON,0,0.00547541,0.00547541,LOW,0,LOW,0.09,TRUE_NEGATIVE
23,2004,9,MONSOON,0,0.005274302,0.005274302,LOW,0,LOW,0.09,TRUE_NEGATIVE
24,2004,9,MONSOON,0,0.005022327,0.005022327,LOW,0,LOW,0.09,TRUE_NEGATIVE
25,2004,9,MONSOON,0,0.005546473,0.005546473,LOW,0,LOW,0.09,TRUE_NEGATIVE
26,2004,9,MONSOON,0,0.0049285567,0.0049285567,LOW,0,LOW,0.09,TRUE_NEGATIVE
27,2004,9,MONSOON,0,0.0059880028,0.0059880028,LOW,0,LOW,0.09,TRUE_NEGATIVE
28,2004,9,MONSOON,0,0.005255151,0.005255151,LOW,0,LOW,0.09,TRUE_NEGATIVE
29,2004,9,MONSOON,0,0.005468551,0.005468551,LOW,0,LOW,0.09,TRUE_NEGATIVE
30,2004,9,MONSOON,0,0.0048388243,0.0048388243,LOW,0,LOW,0.09,TRUE_NEGATIVE
31,2004,9,MONSOON,0,0.0048924903,0.0048924903,LOW,0,LOW,0.09,TRUE_NEGATIVE
32,2004,9,MONSOON,0,0.0048151514,0.0048151514,LOW,0,LOW,0.09,TRUE_NEGATIVE
33,2004,9,MONSOON,0,0.0047598802,0.0047598802,LOW,0,LOW,0.09,TRUE_NEGATIVE
34,2004,9,MONSOON,0,0.0049298545,0.0049298545,LOW,0,LOW,0.09,TRUE_NEGATIVE
35,2004,9,MONSOON,0,0.004746326,0.004746326,LOW,0,LOW,0.09,TRUE_NEGATIVE
0,2004,2,WINTER,0,0.008220646,0.008220646,LOW,0,LOW,0.09,TRUE_NEGATIVE
1,2004,2,WINTER,0,0.008515819,0.008515819,LOW,0,LOW,0.09,TRUE_NEGATIVE
2,2004,2,WINTER,0,0.005830039,0.005830039,LOW,0,LOW,0.09,TRUE_NEGATIVE
3,2004,2,WINTER,0,0.005319706,0.005319706,LOW,0,LOW,0.09,TRUE_NEGATIVE
4,2004,2,WINTER,0,0.004935109,0.004935109,LOW,0,LOW,0.09,TRUE_NEGATIVE
5,2004,2,WINTER,0,0.0052550314,0.0052550314,LOW,0,LOW,0.09,TRUE_NEGATIVE
6,2004,2,WINTER,0,0.006075892,0.006075892,LOW,0,LOW,0.09,TRUE_NEGATIVE
7,2004,2,WINTER,0,0.005012931,0.005012931,LOW,0,LOW,0.09,TRUE_NEGATIVE
8,2004,2,WINTER,0,0.0051209535,0.0051209535,LOW,0,LOW,0.09,TRUE_NEGATIVE
9,2004,2,WINTER,0,0.0056640883,0.0056640883,LOW,0,LOW,0.09,TRUE_NEGATIVE
10,2004,2,WINTER,0,0.005185372,0.005185372,LOW,0,LOW,0.09,TRUE_NEGATIVE
11,2004,2,WINTER,0,0.004869256,0.004869256,LOW,0,LOW,0.09,TRUE_NEGATIVE
12,2004,2,WINTER,0,0.0051813545,0.0051813545,LOW,0,LOW,0.09,TRUE_NEGATIVE
13,2004,2,WINTER,0,0.012678188,0.012678188,LOW,0,LOW,0.09,TRUE_NEGATIVE
14,2004,2,WINTER,0,0.031480324,0.031480324,LOW,0,LOW,0.09,TRUE_NEGATIVE
15,2004,2,WINTER,0,0.0049998974,0.0049998974,LOW,0,LOW,0.09,TRUE_NEGATIVE
16,2004,2,WINTER,0,0.006889269,0.006889269,LOW,0,LOW,0.09,TRUE_NEGATIVE
17,2004,2,WINTER,0,0.0055463417,0.0055463417,LOW,0,LOW,0.09,TRUE_NEGATIVE
18,2004,2,WINTER,0,0.007096263,0.007096263,LOW,0,LOW,0.09,TRUE_NEGATIVE
19,2004,2,WINTER,0,0.005019604,0.005019604,LOW,0,LOW,0.09,TRUE_NEGATIVE
20,2004,2,WINTER,0,0.0050324327,0.0050324327,LOW,0,LOW,0.09,TRUE_NEGATIVE
21,2004,2,WINTER,0,0.012197684,0.012197684,LOW,0,LOW,0.09,TRUE_NEGATIVE
22,2004,2,WINTER,0,0.00506295,0.00506295,LOW,0,LOW,0.09,TRUE_NEGATIVE
23,2004,2,WINTER,0,0.004846035,0.004846035,LOW,0,LOW,0.09,TRUE_NEGATIVE
24,2004,2,WINTER,0,0.0054608723,0.0054608723,LOW,0,LOW,0.09,TRUE_NEGATIVE
25,2004,2,WINTER,0,0.005801831,0.005801831,LOW,0,LOW,0.09,TRUE_NEGATIVE
26,2004,2,WINTER,0,0.0049830284,0.0049830284,LOW,0,LOW,0.09,TRUE_NEGATIVE
27,2004,2,WINTER,0,0.00566183,0.00566183,LOW,0,LOW,0.09,TRUE_NEGATIVE
28,2004,2,WINTER,0,0.005378728,0.005378728,LOW,0,LOW,0.09,TRUE_NEGATIVE
29,2004,2,WINTER,0,0.005110259,0.005110259,LOW,0,LOW,0.09,TRUE_NEGATIVE
30,2004,2,WINTER,0,0.004816027,0.004816027,LOW,0,LOW,0.09,TRUE_NEGATIVE
31,2004,2,WINTER,0,0.005241601,0.005241601,LOW,0,LOW,0.09,TRUE_NEGATIVE
32,2004,2,WINTER,0,0.0047665895,0.0047665895,LOW,0,LOW,0.09,TRUE_NEGATIVE
33,2004,2,WINTER,0,0.004734398,0.004734398,LOW,0,LOW,0.09,TRUE_NEGATIVE
34,2004,2,WINTER,0,0.0049854927,0.0049854927,LOW,0,LOW,0.09,TRUE_NEGATIVE
35,2004,2,WINTER,0,0.004914895,0.004914895,LOW,0,LOW,0.09,TRUE_NEGATIVE
0,2005,4,PRE_MONSOON,0,0.012703826,0.012703826,LOW,0,LOW,0.09,TRUE_NEGATIVE
1,2005,4,PRE_MONSOON,0,0.027028844,0.027028844,LOW,0,LOW,0.09,TRUE_NEGATIVE
2,2005,4,PRE_MONSOON,0,0.0235663,0.0235663,LOW,0,LOW,0.09,TRUE_NEGATIVE
3,2005,4,PRE_MONSOON,0,0.00604087,0.00604087,LOW,0,LOW,0.09,TRUE_NEGATIVE
4,2005,4,PRE_MONSOON,0,0.006652809,0.006652809,LOW,0,LOW,0.09,TRUE_NEGATIVE
5,2005,4,PRE_MONSOON,0,0.0054766038,0.0054766038,LOW,0,LOW,0.09,TRUE_NEGATIVE
6,2005,4,PRE_MONSOON,0,0.005614534,0.005614534,LOW,0,LOW,0.09,TRUE_NEGATIVE
7,2005,4,PRE_MONSOON,0,0.008135502,0.008135502,LOW,0,LOW,0.09,TRUE_NEGATIVE
8,2005,4,PRE_MONSOON,0,0.005496247,0.005496247,LOW,0,LOW,0.09,TRUE_NEGATIVE
9,2005,4,PRE_MONSOON,0,0.0056380844,0.0056380844,LOW,0,LOW,0.09,TRUE_NEGATIVE
10,2005,4,PRE_MONSOON,0,0.0064684614,0.0064684614,LOW,0,LOW,0.09,TRUE_NEGATIVE
11,2005,4,PRE_MONSOON,0,0.0050079813,0.0050079813,LOW,0,LOW,0.09,TRUE_NEGATIVE
12,2005,4,PRE_MONSOON,0,0.005783382,0.005783382,LOW,0,LOW,0.09,TRUE_NEGATIVE
13,2005,4,PRE_MONSOON,0,0.041754723,0.041754723,LOW,0,LOW,0.09,TRUE_NEGATIVE
14,2005,4,PRE_MONSOON,0,0.0713287,0.0713287,MODERATE,0,MODERATE,0.09,TRUE_NEGATIVE
15,2005,4,PRE_MONSOON,0,0.007997178,0.007997178,LOW,0,LOW,0.09,TRUE_NEGATIVE
16,2005,4,PRE_MONSOON,0,0.008421953,0.008421953,LOW,0,LOW,0.09,TRUE_NEGATIVE
17,2005,4,PRE_MONSOON,0,0.0061270334,0.0061270334,LOW,0,LOW,0.09,TRUE_NEGATIVE
18,2005,4,PRE_MONSOON,0,0.010739801,0.010739801,LOW,0,LOW,0.09,TRUE_NEGATIVE
19,2005,4,PRE_MONSOON,0,0.005797396,0.005797396,LOW,0,LOW,0.09,TRUE_NEGATIVE
20,2005,4,PRE_MONSOON,0,0.0053070653,0.0053070653,LOW,0,LOW,0.09,TRUE_NEGATIVE
21,2005,4,PRE_MONSOON,0,0.032027274,0.032027274,LOW,0,LOW,0.09,TRUE_NEGATIVE
22,2005,4,PRE_MONSOON,0,0.0057975003,0.0057975003,LOW,0,LOW,0.09,TRUE_NEGATIVE
23,2005,4,PRE_MONSOON,0,0.0053121094,0.0053121094,LOW,0,LOW,0.09,TRUE_NEGATIVE
24,2005,4,PRE_MONSOON,0,0.0065667843,0.0065667843,LOW,0,LOW,0.09,TRUE_NEGATIVE
25,2005,4,PRE_MONSOON,0,0.0053366153,0.0053366153,LOW,0,LOW,0.09,TRUE_NEGATIVE
26,2005,4,PRE_MONSOON,0,0.0050850357,0.0050850357,LOW,0,LOW,0.09,TRUE_NEGATIVE
27,2005,4,PRE_MONSOON,0,0.010182213,0.010182213,LOW,0,LOW,0.09,TRUE_NEGATIVE
28,2005,4,PRE_MONSOON,0,0.044208866,0.044208866,LOW,0,LOW,0.09,TRUE_NEGATIVE
29,2005,4,PRE_MONSOON,0,0.0054153074,0.0054153074,LOW,0,LOW,0.09,TRUE_NEGATIVE
30,2005,4,PRE_MONSOON,0,0.0051981094,0.0051981094,LOW,0,LOW,0.09,TRUE_NEGATIVE
31,2005,4,PRE_MONSOON,0,0.0066709975,0.0066709975,LOW,0,LOW,0.09,TRUE_NEGATIVE
32,2005,4,PRE_MONSOON,0,0.004961127,0.004961127,LOW,0,LOW,0.09,TRUE_NEGATIVE
33,2005,4,PRE_MONSOON,0,0.004904114,0.004904114,LOW,0,LOW,0.09,TRUE_NEGATIVE
34,2005,4,PRE_MONSOON,0,0.005475137,0.005475137,LOW,0,LOW,0.09,TRUE_NEGATIVE
35,2005,4,PRE_MONSOON,0,0.0050524375,0.0050524375,LOW,0,LOW,0.09,TRUE_NEGATIVE
0,2005,3,PRE_MONSOON,0,0.042614903,0.042614903,LOW,0,LOW,0.09,TRUE_NEGATIVE
1,2005,3,PRE_MONSOON,0,0.021805096,0.021805096,LOW,0,LOW,0.09,TRUE_NEGATIVE
2,2005,3,PRE_MONSOON,0,0.02922764,0.02922764,LOW,0,LOW,0.09,TRUE_NEGATIVE
3,2005,3,PRE_MONSOON,0,0.015109057,0.015109057,LOW,0,LOW,0.09,TRUE_NEGATIVE
4,2005,3,PRE_MONSOON,0,0.008811405,0.008811405,LOW,0,LOW,0.09,TRUE_NEGATIVE
5,2005,3,PRE_MONSOON,0,0.0059350487,0.0059350487,LOW,0,LOW,0.09,TRUE_NEGATIVE
6,2005,3,PRE_MONSOON,0,0.006879039,0.006879039,LOW,0,LOW,0.09,TRUE_NEGATIVE
7,2005,3,PRE_MONSOON,0,0.008455903,0.008455903,LOW,0,LOW,0.09,TRUE_NEGATIVE
8,2005,3,PRE_MONSOON,0,0.0052188854,0.0052188854,LOW,0,LOW,0.09,TRUE_NEGATIVE
9,2005,3,PRE_MONSOON,0,0.0061692055,0.0061692055,LOW,0,LOW,0.09,TRUE_NEGATIVE
10,2005,3,PRE_MONSOON,0,0.014846009,0.014846009,LOW,0,LOW,0.09,TRUE_NEGATIVE
11,2005,3,PRE_MONSOON,0,0.0055398834,0.0055398834,LOW,0,LOW,0.09,TRUE_NEGATIVE
12,2005,3,PRE_MONSOON,0,0.0056404322,0.0056404322,LOW,0,LOW,0.09,TRUE_NEGATIVE
13,2005,3,PRE_MONSOON,0,0.028850459,0.028850459,LOW,0,LOW,0.09,TRUE_NEGATIVE
14,2005,3,PRE_MONSOON,0,0.026335409,0.026335409,LOW,0,LOW,0.09,TRUE_NEGATIVE
15,2005,3,PRE_MONSOON,0,0.011860244,0.011860244,LOW,0,LOW,0.09,TRUE_NEGATIVE
16,2005,3,PRE_MONSOON,0,0.03146137,0.03146137,LOW,0,LOW,0.09,TRUE_NEGATIVE
17,2005,3,PRE_MONSOON,0,0.0072907098,0.0072907098,LOW,0,LOW,0.09,TRUE_NEGATIVE
18,2005,3,PRE_MONSOON,0,0.013572513,0.013572513,LOW,0,LOW,0.09,TRUE_NEGATIVE
19,2005,3,PRE_MONSOON,0,0.006589254,0.006589254,LOW,0,LOW,0.09,TRUE_NEGATIVE
20,2005,3,PRE_MONSOON,0,0.0060720607,0.0060720607,LOW,0,LOW,0.09,TRUE_NEGATIVE
21,2005,3,PRE_MONSOON,0,0.09349327,0.09349327,ELEVATED,1,ELEVATED,0.09,FALSE_POSITIVE
22,2005,3,PRE_MONSOON,0,0.007276887,0.007276887,LOW,0,LOW,0.09,TRUE_NEGATIVE
23,2005,3,PRE_MONSOON,0,0.009855472,0.009855472,LOW,0,LOW,0.09,TRUE_NEGATIVE
24,2005,3,PRE_MONSOON,0,0.005973129,0.005973129,LOW,0,LOW,0.09,TRUE_NEGATIVE
25,2005,3,PRE_MONSOON,0,0.0056810994,0.0056810994,LOW,0,LOW,0.09,TRUE_NEGATIVE
26,2005,3,PRE_MONSOON,0,0.005465613,0.005465613,LOW,0,LOW,0.09,TRUE_NEGATIVE
27,2005,3,PRE_MONSOON,0,0.018818455,0.018818455,LOW,0,LOW,0.09,TRUE_NEGATIVE
28,2005,3,PRE_MONSOON,0,0.07772921,0.07772921,MODERATE,0,MODERATE,0.09,TRUE_NEGATIVE
29,2005,3,PRE_MONSOON,0,0.0060437885,0.0060437885,LOW,0,LOW,0.09,TRUE_NEGATIVE
30,2005,3,PRE_MONSOON,0,0.0058626723,0.0058626723,LOW,0,LOW,0.09,TRUE_NEGATIVE
31,2005,3,PRE_MONSOON,0,0.0069958204,0.0069958204,LOW,0,LOW,0.09,TRUE_NEGATIVE
32,2005,3,PRE_MONSOON,0,0.0054507763,0.0054507763,LOW,0,LOW,0.09,TRUE_NEGATIVE
33,2005,3,PRE_MONSOON,0,0.0050264676,0.0050264676,LOW,0,LOW,0.09,TRUE_NEGATIVE
34,2005,3,PRE_MONSOON,0,0.005218536,0.005218536,LOW,0,LOW,0.09,TRUE_NEGATIVE
35,2005,3,PRE_MONSOON,0,0.0050631966,0.0050631966,LOW,0,LOW,0.09,TRUE_NEGATIVE
0,2005,7,MONSOON,0,0.045096386,0.045096386,LOW,0,LOW,0.09,TRUE_NEGATIVE
1,2005,7,MONSOON,0,0.019319303,0.019319303,LOW,0,LOW,0.09,TRUE_NEGATIVE
2,2005,7,MONSOON,0,0.095441826,0.095441826,ELEVATED,1,ELEVATED,0.09,FALSE_POSITIVE
3,2005,7,MONSOON,0,0.03457789,0.03457789,LOW,0,LOW,0.09,TRUE_NEGATIVE
4,2005,7,MONSOON,0,0.033965316,0.033965316,LOW,0,LOW,0.09,TRUE_NEGATIVE
5,2005,7,MONSOON,0,0.033260666,0.033260666,LOW,0,LOW,0.09,TRUE_NEGATIVE
6,2005,7,MONSOON,0,0.065310776,0.065310776,MODERATE,0,MODERATE,0.09,TRUE_NEGATIVE
7,2005,7,MONSOON,0,0.018078845,0.018078845,LOW,0,LOW,0.09,TRUE_NEGATIVE
8,2005,7,MONSOON,0,0.007462847,0.007462847,LOW,0,LOW,0.09,TRUE_NEGATIVE
9,2005,7,MONSOON,0,0.009349564,0.009349564,LOW,0,LOW,0.09,TRUE_NEGATIVE
10,2005,7,MONSOON,0,0.06982917,0.06982917,MODERATE,0,MODERATE,0.09,TRUE_NEGATIVE
11,2005,7,MONSOON,0,0.007899324,0.007899324,LOW,0,LOW,0.09,TRUE_NEGATIVE
12,2005,7,MONSOON,0,0.009469151,0.009469151,LOW,0,LOW,0.09,TRUE_NEGATIVE
13,2005,7,MONSOON,0,0.021691235,0.021691235,LOW,0,LOW,0.09,TRUE_NEGATIVE
14,2005,7,MONSOON,0,0.018809505,0.018809505,LOW,0,LOW,0.09,TRUE_NEGATIVE
15,2005,7,MONSOON,0,0.026312241,0.026312241,LOW,0,LOW,0.09,TRUE_NEGATIVE
16,2005,7,MONSOON,0,0.072842866,0.072842866,MODERATE,0,MODERATE,0.09,TRUE_NEGATIVE
17,2005,7,MONSOON,0,0.03761977,0.03761977,LOW,0,LOW,0.09,TRUE_NEGATIVE
18,2005,7,MONSOON,0,0.04014505,0.04014505,LOW,0,LOW,0.09,TRUE_NEGATIVE
19,2005,7,MONSOON,0,0.029555699,0.029555699,LOW,0,LOW,0.09,TRUE_NEGATIVE
20,2005,7,MONSOON,0,0.029402548,0.029402548,LOW,0,LOW,0.09,TRUE_NEGATIVE
21,2005,7,MONSOON,1,0.10860854,0.10860854,HIGH,1,HIGH,0.09,TRUE_POSITIVE
22,2005,7,MONSOON,0,0.017941149,0.017941149,LOW,0,LOW,0.09,TRUE_NEGATIVE
23,2005,7,MONSOON,0,0.043797433,0.043797433,LOW,0,LOW,0.09,TRUE_NEGATIVE
24,2005,7,MONSOON,0,0.0115354005,0.0115354005,LOW,0,LOW,0.09,TRUE_NEGATIVE
25,2005,7,MONSOON,0,0.024314111,0.024314111,LOW,0,LOW,0.09,TRUE_NEGATIVE
26,2005,7,MONSOON,0,0.006156501,0.006156501,LOW,0,LOW,0.09,TRUE_NEGATIVE
27,2005,7,MONSOON,0,0.079689205,0.079689205,MODERATE,0,MODERATE,0.09,TRUE_NEGATIVE
28,2005,7,MONSOON,0,0.13775167,0.13775167,HIGH,1,HIGH,0.09,FALSE_POSITIVE
29,2005,7,MONSOON,0,0.017634142,0.017634142,LOW,0,LOW,0.09,TRUE_NEGATIVE
30,2005,7,MONSOON,0,0.016268149,0.016268149,LOW,0,LOW,0.09,TRUE_NEGATIVE
31,2005,7,MONSOON,0,0.015178069,0.015178069,LOW,0,LOW,0.09,TRUE_NEGATIVE
32,2005,7,MONSOON,0,0.02289608,0.02289608,LOW,0,LOW,0.09,TRUE_NEGATIVE
33,2005,7,MONSOON,0,0.010483223,0.010483223,LOW,0,LOW,0.09,TRUE_NEGATIVE
34,2005,7,MONSOON,0,0.0066600577,0.0066600577,LOW,0,LOW,0.09,TRUE_NEGATIVE
35,2005,7,MONSOON,0,0.010908536,0.010908536,LOW,0,LOW,0.09,TRUE_NEGATIVE
0,2005,0,UNKNOWN,0,0.085167564,0.085167564,MODERATE,0,MODERATE,0.09,TRUE_NEGATIVE
1,2005,0,UNKNOWN,0,0.036643628,0.036643628,LOW,0,LOW,0.09,TRUE_NEGATIVE
2,2005,0,UNKNOWN,0,0.06654675,0.06654675,MODERATE,0,MODERATE,0.09,TRUE_NEGATIVE
3,2005,0,UNKNOWN,0,0.10385209,0.10385209,HIGH,1,HIGH,0.09,FALSE_POSITIVE
4,2005,0,UNKNOWN,0,0.106572405,0.106572405,HIGH,1,HIGH,0.09,FALSE_POSITIVE
5,2005,0,UNKNOWN,0,0.07282984,0.07282984,MODERATE,0,MODERATE,0.09,TRUE_NEGATIVE
6,2005,0,UNKNOWN,0,0.10918045,0.10918045,HIGH,1,HIGH,0.09,FALSE_POSITIVE
7,2005,0,UNKNOWN,0,0.06307692,0.06307692,MODERATE,0,MODERATE,0.09,TRUE_NEGATIVE
8,2005,0,UNKNOWN,0,0.028840601,0.028840601,LOW,0,LOW,0.09,TRUE_NEGATIVE
9,2005,0,UNKNOWN,0,0.06023847,0.06023847,MODERATE,0,MODERATE,0.09,TRUE_NEGATIVE
10,2005,0,UNKNOWN,0,0.0751356,0.0751356,MODERATE,0,MODERATE,0.09,TRUE_NEGATIVE
11,2005,0,UNKNOWN,0,0.019899393,0.019899393,LOW,0,LOW,0.09,TRUE_NEGATIVE
12,2005,0,UNKNOWN,0,0.039537594,0.039537594,LOW,0,LOW,0.09,TRUE_NEGATIVE
13,2005,0,UNKNOWN,0,0.045016393,0.045016393,LOW,0,LOW,0.09,TRUE_NEGATIVE
14,2005,0,UNKNOWN,0,0.028394908,0.028394908,LOW,0,LOW,0.09,TRUE_NEGATIVE
15,2005,0,UNKNOWN,0,0.08902391,0.08902391,MODERATE,0,MODERATE,0.09,TRUE_NEGATIVE
16,2005,0,UNKNOWN,0,0.084980264,0.084980264,MODERATE,0,MODERATE,0.09,TRUE_NEGATIVE
17,2005,0,UNKNOWN,0,0.103936106,0.103936106,HIGH,1,HIGH,0.09,FALSE_POSITIVE
18,2005,0,UNKNOWN,0,0.0770287,0.0770287,MODERATE,0,MODERATE,0.09,TRUE_NEGATIVE
19,2005,0,UNKNOWN,0,0.08458739,0.08458739,MODERATE,0,MODERATE,0.09,TRUE_NEGATIVE
20,2005,0,UNKNOWN,0,0.093446344,0.093446344,ELEVATED,1,ELEVATED,0.09,FALSE_POSITIVE
21,2005,0,UNKNOWN,1,0.090655796,0.090655796,ELEVATED,1,ELEVATED,0.09,TRUE_POSITIVE
22,2005,0,UNKNOWN,0,0.046199646,0.046199646,LOW,0,LOW,0.09,TRUE_NEGATIVE
23,2005,0,UNKNOWN,0,0.12485185,0.12485185,HIGH,1,HIGH,0.09,FALSE_POSITIVE
24,2005,0,UNKNOWN,0,0.03896512,0.03896512,LOW,0,LOW,0.09,TRUE_NEGATIVE
25,2005,0,UNKNOWN,0,0.06250898,0.06250898,MODERATE,0,MODERATE,0.09,TRUE_NEGATIVE
26,2005,0,UNKNOWN,0,0.008250249,0.008250249,LOW,0,LOW,0.09,TRUE_NEGATIVE
27,2005,0,UNKNOWN,0,0.13150889,0.13150889,HIGH,1,HIGH,0.09,FALSE_POSITIVE
28,2005,0,UNKNOWN,0,0.080704086,0.080704086,MODERATE,0,MODERATE,0.09,TRUE_NEGATIVE
29,2005,0,UNKNOWN,0,0.050232504,0.050232504,MODERATE,0,MODERATE,0.09,TRUE_NEGATIVE
30,2005,0,UNKNOWN,0,0.047764458,0.047764458,LOW,0,LOW,0.09,TRUE_NEGATIVE
31,2005,0,UNKNOWN,0,0.06372377,0.06372377,MODERATE,0,MODERATE,0.09,TRUE_NEGATIVE
32,2005,0,UNKNOWN,0,0.09330123,0.09330123,ELEVATED,1,ELEVATED,0.09,FALSE_POSITIVE
33,2005,0,UNKNOWN,0,0.028568652,0.028568652,LOW,0,LOW,0.09,TRUE_NEGATIVE
34,2005,0,UNKNOWN,0,0.017636877,0.017636877,LOW,0,LOW,0.09,TRUE_NEGATIVE
35,2005,0,UNKNOWN,0,0.04164874,0.04164874,LOW,0,LOW,0.09,TRUE_NEGATIVE
0,2005,8,MONSOON,0,0.13461252,0.13461252,HIGH,1,HIGH,0.09,FALSE_POSITIVE
1,2005,8,MONSOON,0,0.058505688,0.058505688,MODERATE,0,MODERATE,0.09,TRUE_NEGATIVE
2,2005,8,MONSOON,0,0.084251985,0.084251985,MODERATE,0,MODERATE,0.09,TRUE_NEGATIVE
3,2005,8,MONSOON,0,0.13487826,0.13487826,HIGH,1,HIGH,0.09,FALSE_POSITIVE
4,2005,8,MONSOON,0,0.12289566,0.12289566,HIGH,1,HIGH,0.09,FALSE_POSITIVE
5,2005,8,MONSOON,0,0.09537293,0.09537293,ELEVATED,1,ELEVATED,0.09,FALSE_POSITIVE
6,2005,8,MONSOON,0,0.12372896,0.12372896,HIGH,1,HIGH,0.09,FALSE_POSITIVE
7,2005,8,MONSOON,0,0.08104679,0.08104679,MODERATE,0,MODERATE,0.09,TRUE_NEGATIVE
8,2005,8,MONSOON,0,0.07670345,0.07670345,MODERATE,0,MODERATE,0.09,TRUE_NEGATIVE
9,2005,8,MONSOON,0,0.102759995,0.102759995,HIGH,1,HIGH,0.09,FALSE_POSITIVE
10,2005,8,MONSOON,0,0.10657964,0.10657964,HIGH,1,HIGH,0.09,FALSE_POSITIVE
11,2005,8,MONSOON,0,0.040580586,0.040580586,LOW,0,LOW,0.09,TRUE_NEGATIVE
12,2005,8,MONSOON,0,0.0731995,0.0731995,MODERATE,0,MODERATE,0.09,TRUE_NEGATIVE
13,2005,8,MONSOON,1,0.069559954,0.069559954,MODERATE,0,MODERATE,0.09,FALSE_NEGATIVE
14,2005,8,MONSOON,0,0.050122656,0.050122656,MODERATE,0,MODERATE,0.09,TRUE_NEGATIVE
15,2005,8,MONSOON,0,0.11945548,0.11945548,HIGH,1,HIGH,0.09,FALSE_POSITIVE
16,2005,8,MONSOON,0,0.09693673,0.09693673,ELEVATED,1,ELEVATED,0.09,FALSE_POSITIVE
17,2005,8,MONSOON,0,0.1490718,0.1490718,HIGH,1,HIGH,0.09,FALSE_POSITIVE
18,2005,8,MONSOON,0,0.12610203,0.12610203,HIGH,1,HIGH,0.09,FALSE_POSITIVE
19,2005,8,MONSOON,0,0.1307959,0.1307959,HIGH,1,HIGH,0.09,FALSE_POSITIVE
20,2005,8,MONSOON,0,0.119255275,0.119255275,HIGH,1,HIGH,0.09,FALSE_POSITIVE
21,2005,8,MONSOON,1,0.100716144,0.100716144,HIGH,1,HIGH,0.09,TRUE_POSITIVE
22,2005,8,MONSOON,0,0.11576912,0.11576912,HIGH,1,HIGH,0.09,FALSE_POSITIVE
23,2005,8,MONSOON,1,0.13597253,0.13597253,HIGH,1,HIGH,0.09,TRUE_POSITIVE
24,2005,8,MONSOON,0,0.05322609,0.05322609,MODERATE,0,MODERATE,0.09,TRUE_NEGATIVE
25,2005,8,MONSOON,0,0.11252446,0.11252446,HIGH,1,HIGH,0.09,FALSE_POSITIVE
26,2005,8,MONSOON,0,0.011143741,0.011143741,LOW,0,LOW,0.09,TRUE_NEGATIVE
27,2005,8,MONSOON,0,0.15982072,0.15982072,CRITICAL,1,CRITICAL,0.09,FALSE_POSITIVE
28,2005,8,MONSOON,0,0.11402108,0.11402108,HIGH,1,HIGH,0.09,FALSE_POSITIVE
29,2005,8,MONSOON,0,0.0748018,0.0748018,MODERATE,0,MODERATE,0.09,TRUE_NEGATIVE
30,2005,8,MONSOON,0,0.093056135,0.093056135,ELEVATED,1,ELEVATED,0.09,FALSE_POSITIVE
31,2005,8,MONSOON,0,0.10153576,0.10153576,HIGH,1,HIGH,0.09,FALSE_POSITIVE
32,2005,8,MONSOON,0,0.106645726,0.106645726,HIGH,1,HIGH,0.09,FALSE_POSITIVE
33,2005,8,MONSOON,1,0.10011939,0.10011939,HIGH,1,HIGH,0.09,TRUE_POSITIVE
34,2005,8,MONSOON,0,0.022509,0.022509,LOW,0,LOW,0.09,TRUE_NEGATIVE
35,2005,8,MONSOON,1,0.08186187,0.08186187,MODERATE,0,MODERATE,0.09,FALSE_NEGATIVE
0,2005,6,MONSOON,0,0.12180357,0.12180357,HIGH,1,HIGH,0.09,FALSE_POSITIVE
1,2005,6,MONSOON,0,0.06848446,0.06848446,MODERATE,0,MODERATE,0.09,TRUE_NEGATIVE
2,2005,6,MONSOON,1,0.08773627,0.08773627,MODERATE,0,MODERATE,0.09,FALSE_NEGATIVE
3,2005,6,MONSOON,0,0.147378,0.147378,HIGH,1,HIGH,0.09,FALSE_POSITIVE
4,2005,6,MONSOON,0,0.12774877,0.12774877,HIGH,1,HIGH,0.09,FALSE_POSITIVE
5,2005,6,MONSOON,0,0.109060735,0.109060735,HIGH,1,HIGH,0.09,FALSE_POSITIVE
6,2005,6,MONSOON,0,0.11307589,0.11307589,HIGH,1,HIGH,0.09,FALSE_POSITIVE
7,2005,6,MONSOON,0,0.10152488,0.10152488,HIGH,1,HIGH,0.09,FALSE_POSITIVE
8,2005,6,MONSOON,0,0.07302125,0.07302125,MODERATE,0,MODERATE,0.09,TRUE_NEGATIVE
9,2005,6,MONSOON,0,0.09609088,0.09609088,ELEVATED,1,ELEVATED,0.09,FALSE_POSITIVE
10,2005,6,MONSOON,0,0.10447507,0.10447507,HIGH,1,HIGH,0.09,FALSE_POSITIVE
11,2005,6,MONSOON,0,0.07034494,0.07034494,MODERATE,0,MODERATE,0.09,TRUE_NEGATIVE
12,2005,6,MONSOON,0,0.066618286,0.066618286,MODERATE,0,MODERATE,0.09,TRUE_NEGATIVE
13,2005,6,MONSOON,1,0.0869236,0.0869236,MODERATE,0,MODERATE,0.09,FALSE_NEGATIVE
14,2005,6,MONSOON,0,0.05134287,0.05134287,MODERATE,0,MODERATE,0.09,TRUE_NEGATIVE
15,2005,6,MONSOON,0,0.10895315,0.10895315,HIGH,1,HIGH,0.09,FALSE_POSITIVE
16,2005,6,MONSOON,0,0.09294819,0.09294819,ELEVATED,1,ELEVATED,0.09,FALSE_POSITIVE
17,2005,6,MONSOON,0,0.14064458,0.14064458,HIGH,1,HIGH,0.09,FALSE_POSITIVE
18,2005,6,MONSOON,0,0.12533939,0.12533939,HIGH,1,HIGH,0.09,FALSE_POSITIVE
19,2005,6,MONSOON,0,0.11872333,0.11872333,HIGH,1,HIGH,0.09,FALSE_POSITIVE
20,2005,6,MONSOON,0,0.11616868,0.11616868,HIGH,1,HIGH,0.09,FALSE_POSITIVE
21,2005,6,MONSOON,0,0.09602112,0.09602112,ELEVATED,1,ELEVATED,0.09,FALSE_POSITIVE
22,2005,6,MONSOON,0,0.11217531,0.11217531,HIGH,1,HIGH,0.09,FALSE_POSITIVE
23,2005,6,MONSOON,1,0.12749298,0.12749298,HIGH,1,HIGH,0.09,TRUE_POSITIVE
24,2005,6,MONSOON,0,0.039303828,0.039303828,LOW,0,LOW,0.09,TRUE_NEGATIVE
25,2005,6,MONSOON,0,0.10094681,0.10094681,HIGH,1,HIGH,0.09,FALSE_POSITIVE
26,2005,6,MONSOON,0,0.026307814,0.026307814,LOW,0,LOW,0.09,TRUE_NEGATIVE
27,2005,6,MONSOON,0,0.13455977,0.13455977,HIGH,1,HIGH,0.09,FALSE_POSITIVE
28,2005,6,MONSOON,1,0.07888024,0.07888024,MODERATE,0,MODERATE,0.09,FALSE_NEGATIVE
29,2005,6,MONSOON,0,0.08141774,0.08141774,MODERATE,0,MODERATE,0.09,TRUE_NEGATIVE
30,2005,6,MONSOON,0,0.08730769,0.08730769,MODERATE,0,MODERATE,0.09,TRUE_NEGATIVE
31,2005,6,MONSOON,0,0.12505466,0.12505466,HIGH,1,HIGH,0.09,FALSE_POSITIVE
32,2005,6,MONSOON,0,0.09602236,0.09602236,ELEVATED,1,ELEVATED,0.09,FALSE_POSITIVE
33,2005,6,MONSOON,1,0.10304961,0.10304961,HIGH,1,HIGH,0.09,TRUE_POSITIVE
34,2005,6,MONSOON,0,0.027235718,0.027235718,LOW,0,LOW,0.09,TRUE_NEGATIVE
35,2005,6,MONSOON,1,0.07954025,0.07954025,MODERATE,0,MODERATE,0.09,FALSE_NEGATIVE
0,2005,5,PRE_MONSOON,0,0.11498361,0.11498361,HIGH,1,HIGH,0.09,FALSE_POSITIVE
1,2005,5,PRE_MONSOON,0,0.045598444,0.045598444,LOW,0,LOW,0.09,TRUE_NEGATIVE
2,2005,5,PRE_MONSOON,1,0.086769864,0.086769864,MODERATE,0,MODERATE,0.09,FALSE_NEGATIVE
3,2005,5,PRE_MONSOON,0,0.099872574,0.099872574,ELEVATED,1,ELEVATED,0.09,FALSE_POSITIVE
4,2005,5,PRE_MONSOON,0,0.104922555,0.104922555,HIGH,1,HIGH,0.09,FALSE_POSITIVE
5,2005,5,PRE_MONSOON,0,0.08669444,0.08669444,MODERATE,0,MODERATE,0.09,TRUE_NEGATIVE
6,2005,5,PRE_MONSOON,0,0.10114707,0.10114707,HIGH,1,HIGH,0.09,FALSE_POSITIVE
7,2005,5,PRE_MONSOON,0,0.06981744,0.06981744,MODERATE,0,MODERATE,0.09,TRUE_NEGATIVE
8,2005,5,PRE_MONSOON,0,0.05670724,0.05670724,MODERATE,0,MODERATE,0.09,TRUE_NEGATIVE
9,2005,5,PRE_MONSOON,0,0.06483868,0.06483868,MODERATE,0,MODERATE,0.09,TRUE_NEGATIVE
10,2005,5,PRE_MONSOON,0,0.05428147,0.05428147,MODERATE,0,MODERATE,0.09,TRUE_NEGATIVE
11,2005,5,PRE_MONSOON,0,0.03819724,0.03819724,LOW,0,LOW,0.09,TRUE_NEGATIVE
12,2005,5,PRE_MONSOON,0,0.046233226,0.046233226,LOW,0,LOW,0.09,TRUE_NEGATIVE
13,2005,5,PRE_MONSOON,1,0.058122892,0.058122892,MODERATE,0,MODERATE,0.09,FALSE_NEGATIVE
14,2005,5,PRE_MONSOON,0,0.056570183,0.056570183,MODERATE,0,MODERATE,0.09,TRUE_NEGATIVE
15,2005,5,PRE_MONSOON,0,0.069894366,0.069894366,MODERATE,0,MODERATE,0.09,TRUE_NEGATIVE
16,2005,5,PRE_MONSOON,0,0.06607328,0.06607328,MODERATE,0,MODERATE,0.09,TRUE_NEGATIVE
17,2005,5,PRE_MONSOON,0,0.10985891,0.10985891,HIGH,1,HIGH,0.09,FALSE_POSITIVE
18,2005,5,PRE_MONSOON,0,0.0714557,0.0714557,MODERATE,0,MODERATE,0.09,TRUE_NEGATIVE
19,2005,5,PRE_MONSOON,0,0.09624393,0.09624393,ELEVATED,1,ELEVATED,0.09,FALSE_POSITIVE
20,2005,5,PRE_MONSOON,0,0.08842259,0.08842259,MODERATE,0,MODERATE,0.09,TRUE_NEGATIVE
21,2005,5,PRE_MONSOON,0,0.08961162,0.08961162,MODERATE,0,MODERATE,0.09,TRUE_NEGATIVE
22,2005,5,PRE_MONSOON,0,0.12691903,0.12691903,HIGH,1,HIGH,0.09,FALSE_POSITIVE
23,2005,5,PRE_MONSOON,1,0.083031446,0.083031446,MODERATE,0,MODERATE,0.09,FALSE_NEGATIVE
24,2005,5,PRE_MONSOON,0,0.01846249,0.01846249,LOW,0,LOW,0.09,TRUE_NEGATIVE
25,2005,5,PRE_MONSOON,0,0.09523249,0.09523249,ELEVATED,1,ELEVATED,0.09,FALSE_POSITIVE
26,2005,5,PRE_MONSOON,0,0.043344647,0.043344647,LOW,0,LOW,0.09,TRUE_NEGATIVE
27,2005,5,PRE_MONSOON,0,0.120494954,0.120494954,HIGH,1,HIGH,0.09,FALSE_POSITIVE
28,2005,5,PRE_MONSOON,1,0.08341016,0.08341016,MODERATE,0,MODERATE,0.09,FALSE_NEGATIVE
29,2005,5,PRE_MONSOON,0,0.046306554,0.046306554,LOW,0,LOW,0.09,TRUE_NEGATIVE
30,2005,5,PRE_MONSOON,0,0.05702715,0.05702715,MODERATE,0,MODERATE,0.09,TRUE_NEGATIVE
31,2005,5,PRE_MONSOON,0,0.06066814,0.06066814,MODERATE,0,MODERATE,0.09,TRUE_NEGATIVE
32,2005,5,PRE_MONSOON,0,0.06302605,0.06302605,MODERATE,0,MODERATE,0.09,TRUE_NEGATIVE
33,2005,5,PRE_MONSOON,1,0.054041434,0.054041434,MODERATE,0,MODERATE,0.09,FALSE_NEGATIVE
34,2005,5,PRE_MONSOON,0,0.010199061,0.010199061,LOW,0,LOW,0.09,TRUE_NEGATIVE
35,2005,5,PRE_MONSOON,1,0.056203667,0.056203667,MODERATE,0,MODERATE,0.09,FALSE_NEGATIVE
0,2005,1,WINTER,0,0.09406309,0.09406309,ELEVATED,1,ELEVATED,0.09,FALSE_POSITIVE
1,2005,1,WINTER,0,0.04712005,0.04712005,LOW,0,LOW,0.09,TRUE_NEGATIVE
2,2005,1,WINTER,1,0.078304045,0.078304045,MODERATE,0,MODERATE,0.09,FALSE_NEGATIVE
3,2005,1,WINTER,0,0.022221671,0.022221671,LOW,0,LOW,0.09,TRUE_NEGATIVE
4,2005,1,WINTER,0,0.03164831,0.03164831,LOW,0,LOW,0.09,TRUE_NEGATIVE
5,2005,1,WINTER,0,0.026398936,0.026398936,LOW,0,LOW,0.09,TRUE_NEGATIVE
6,2005,1,WINTER,0,0.08212787,0.08212787,MODERATE,0,MODERATE,0.09,TRUE_NEGATIVE
7,2005,1,WINTER,0,0.016324079,0.016324079,LOW,0,LOW,0.09,TRUE_NEGATIVE
8,2005,1,WINTER,0,0.009086471,0.009086471,LOW,0,LOW,0.09,TRUE_NEGATIVE
9,2005,1,WINTER,0,0.018709091,0.018709091,LOW,0,LOW,0.09,TRUE_NEGATIVE
10,2005,1,WINTER,0,0.017943257,0.017943257,LOW,0,LOW,0.09,TRUE_NEGATIVE
11,2005,1,WINTER,0,0.00949723,0.00949723,LOW,0,LOW,0.09,TRUE_NEGATIVE
12,2005,1,WINTER,0,0.010609004,0.010609004,LOW,0,LOW,0.09,TRUE_NEGATIVE
13,2005,1,WINTER,0,0.017931698,0.017931698,LOW,0,LOW,0.09,TRUE_NEGATIVE
14,2005,1,WINTER,0,0.029162236,0.029162236,LOW,0,LOW,0.09,TRUE_NEGATIVE
15,2005,1,WINTER,0,0.0211011,0.0211011,LOW,0,LOW,0.09,TRUE_NEGATIVE
16,2005,1,WINTER,0,0.07877737,0.07877737,MODERATE,0,MODERATE,0.09,TRUE_NEGATIVE
17,2005,1,WINTER,0,0.04632878,0.04632878,LOW,0,LOW,0.09,TRUE_NEGATIVE
18,2005,1,WINTER,0,0.0178981,0.0178981,LOW,0,LOW,0.09,TRUE_NEGATIVE
19,2005,1,WINTER,0,0.02172308,0.02172308,LOW,0,LOW,0.09,TRUE_NEGATIVE
20,2005,1,WINTER,0,0.02236927,0.02236927,LOW,0,LOW,0.09,TRUE_NEGATIVE
21,2005,1,WINTER,0,0.06361627,0.06361627,MODERATE,0,MODERATE,0.09,TRUE_NEGATIVE
22,2005,1,WINTER,0,0.03627002,0.03627002,LOW,0,LOW,0.09,TRUE_NEGATIVE
23,2005,1,WINTER,0,0.02517955,0.02517955,LOW,0,LOW,0.09,TRUE_NEGATIVE
24,2005,1,WINTER,0,0.020814886,0.020814886,LOW,0,LOW,0.09,TRUE_NEGATIVE
25,2005,1,WINTER,0,0.057648446,0.057648446,MODERATE,0,MODERATE,0.09,TRUE_NEGATIVE
26,2005,1,WINTER,0,0.0103101935,0.0103101935,LOW,0,LOW,0.09,TRUE_NEGATIVE
27,2005,1,WINTER,0,0.048597626,0.048597626,LOW,0,LOW,0.09,TRUE_NEGATIVE
28,2005,1,WINTER,1,0.03800746,0.03800746,LOW,0,LOW,0.09,FALSE_NEGATIVE
29,2005,1,WINTER,0,0.06550471,0.06550471,MODERATE,0,MODERATE,0.09,TRUE_NEGATIVE
30,2005,1,WINTER,0,0.011432617,0.011432617,LOW,0,LOW,0.09,TRUE_NEGATIVE
31,2005,1,WINTER,0,0.015693394,0.015693394,LOW,0,LOW,0.09,TRUE_NEGATIVE
32,2005,1,WINTER,0,0.010032009,0.010032009,LOW,0,LOW,0.09,TRUE_NEGATIVE
33,2005,1,WINTER,0,0.007869138,0.007869138,LOW,0,LOW,0.09,TRUE_NEGATIVE
34,2005,1,WINTER,0,0.009937615,0.009937615,LOW,0,LOW,0.09,TRUE_NEGATIVE
35,2005,1,WINTER,0,0.008637206,0.008637206,LOW,0,LOW,0.09,TRUE_NEGATIVE
0,2005,11,POST_MONSOON,0,0.029775864,0.029775864,LOW,0,LOW,0.09,TRUE_NEGATIVE
1,2005,11,POST_MONSOON,0,0.029807039,0.029807039,LOW,0,LOW,0.09,TRUE_NEGATIVE
2,2005,11,POST_MONSOON,0,0.04351216,0.04351216,LOW,0,LOW,0.09,TRUE_NEGATIVE
3,2005,11,POST_MONSOON,0,0.0075814268,0.0075814268,LOW,0,LOW,0.09,TRUE_NEGATIVE
4,2005,11,POST_MONSOON,0,0.0065225954,0.0065225954,LOW,0,LOW,0.09,TRUE_NEGATIVE
5,2005,11,POST_MONSOON,0,0.009717581,0.009717581,LOW,0,LOW,0.09,TRUE_NEGATIVE
6,2005,11,POST_MONSOON,0,0.035788815,0.035788815,LOW,0,LOW,0.09,TRUE_NEGATIVE
7,2005,11,POST_MONSOON,0,0.0059449817,0.0059449817,LOW,0,LOW,0.09,TRUE_NEGATIVE
8,2005,11,POST_MONSOON,0,0.006068076,0.006068076,LOW,0,LOW,0.09,TRUE_NEGATIVE
9,2005,11,POST_MONSOON,0,0.0069543277,0.0069543277,LOW,0,LOW,0.09,TRUE_NEGATIVE
10,2005,11,POST_MONSOON,0,0.006019061,0.006019061,LOW,0,LOW,0.09,TRUE_NEGATIVE
11,2005,11,POST_MONSOON,0,0.0059963637,0.0059963637,LOW,0,LOW,0.09,TRUE_NEGATIVE
12,2005,11,POST_MONSOON,0,0.006732386,0.006732386,LOW,0,LOW,0.09,TRUE_NEGATIVE
13,2005,11,POST_MONSOON,0,0.011203194,0.011203194,LOW,0,LOW,0.09,TRUE_NEGATIVE
14,2005,11,POST_MONSOON,0,0.013754786,0.013754786,LOW,0,LOW,0.09,TRUE_NEGATIVE
15,2005,11,POST_MONSOON,0,0.0075735636,0.0075735636,LOW,0,LOW,0.09,TRUE_NEGATIVE
16,2005,11,POST_MONSOON,0,0.040468853,0.040468853,LOW,0,LOW,0.09,TRUE_NEGATIVE
17,2005,11,POST_MONSOON,0,0.015550232,0.015550232,LOW,0,LOW,0.09,TRUE_NEGATIVE
18,2005,11,POST_MONSOON,0,0.0063500265,0.0063500265,LOW,0,LOW,0.09,TRUE_NEGATIVE
19,2005,11,POST_MONSOON,0,0.006499009,0.006499009,LOW,0,LOW,0.09,TRUE_NEGATIVE
20,2005,11,POST_MONSOON,0,0.009691003,0.009691003,LOW,0,LOW,0.09,TRUE_NEGATIVE
21,2005,11,POST_MONSOON,0,0.01708997,0.01708997,LOW,0,LOW,0.09,TRUE_NEGATIVE
22,2005,11,POST_MONSOON,0,0.010252941,0.010252941,LOW,0,LOW,0.09,TRUE_NEGATIVE
23,2005,11,POST_MONSOON,0,0.0068385,0.0068385,LOW,0,LOW,0.09,TRUE_NEGATIVE
24,2005,11,POST_MONSOON,0,0.008153109,0.008153109,LOW,0,LOW,0.09,TRUE_NEGATIVE
25,2005,11,POST_MONSOON,0,0.011176972,0.011176972,LOW,0,LOW,0.09,TRUE_NEGATIVE
26,2005,11,POST_MONSOON,0,0.008175427,0.008175427,LOW,0,LOW,0.09,TRUE_NEGATIVE
27,2005,11,POST_MONSOON,0,0.008652596,0.008652596,LOW,0,LOW,0.09,TRUE_NEGATIVE
28,2005,11,POST_MONSOON,0,0.010715265,0.010715265,LOW,0,LOW,0.09,TRUE_NEGATIVE
29,2005,11,POST_MONSOON,0,0.05125411,0.05125411,MODERATE,0,MODERATE,0.09,TRUE_NEGATIVE
30,2005,11,POST_MONSOON,0,0.0059646782,0.0059646782,LOW,0,LOW,0.09,TRUE_NEGATIVE
31,2005,11,POST_MONSOON,0,0.0058031455,0.0058031455,LOW,0,LOW,0.09,TRUE_NEGATIVE
32,2005,11,POST_MONSOON,0,0.00568726,0.00568726,LOW,0,LOW,0.09,TRUE_NEGATIVE
33,2005,11,POST_MONSOON,0,0.0055584186,0.0055584186,LOW,0,LOW,0.09,TRUE_NEGATIVE
34,2005,11,POST_MONSOON,0,0.006978346,0.006978346,LOW,0,LOW,0.09,TRUE_NEGATIVE
35,2005,11,POST_MONSOON,0,0.0058343383,0.0058343383,LOW,0,LOW,0.09,TRUE_NEGATIVE
0,2005,10,POST_MONSOON,0,0.01322111,0.01322111,LOW,0,LOW,0.09,TRUE_NEGATIVE
1,2005,10,POST_MONSOON,0,0.0065909703,0.0065909703,LOW,0,LOW,0.09,TRUE_NEGATIVE
2,2005,10,POST_MONSOON,0,0.0058802348,0.0058802348,LOW,0,LOW,0.09,TRUE_NEGATIVE
3,2005,10,POST_MONSOON,0,0.0052007437,0.0052007437,LOW,0,LOW,0.09,TRUE_NEGATIVE
4,2005,10,POST_MONSOON,0,0.004969705,0.004969705,LOW,0,LOW,0.09,TRUE_NEGATIVE
5,2005,10,POST_MONSOON,0,0.005862845,0.005862845,LOW,0,LOW,0.09,TRUE_NEGATIVE
6,2005,10,POST_MONSOON,0,0.0063841967,0.0063841967,LOW,0,LOW,0.09,TRUE_NEGATIVE
7,2005,10,POST_MONSOON,0,0.0049280375,0.0049280375,LOW,0,LOW,0.09,TRUE_NEGATIVE
8,2005,10,POST_MONSOON,0,0.0052029816,0.0052029816,LOW,0,LOW,0.09,TRUE_NEGATIVE
9,2005,10,POST_MONSOON,0,0.0050397776,0.0050397776,LOW,0,LOW,0.09,TRUE_NEGATIVE
10,2005,10,POST_MONSOON,0,0.005990796,0.005990796,LOW,0,LOW,0.09,TRUE_NEGATIVE
11,2005,10,POST_MONSOON,0,0.0049405233,0.0049405233,LOW,0,LOW,0.09,TRUE_NEGATIVE
12,2005,10,POST_MONSOON,0,0.0050095804,0.0050095804,LOW,0,LOW,0.09,TRUE_NEGATIVE
13,2005,10,POST_MONSOON,0,0.008231792,0.008231792,LOW,0,LOW,0.09,TRUE_NEGATIVE
14,2005,10,POST_MONSOON,0,0.01814989,0.01814989,LOW,0,LOW,0.09,TRUE_NEGATIVE
15,2005,10,POST_MONSOON,0,0.0053122705,0.0053122705,LOW,0,LOW,0.09,TRUE_NEGATIVE
16,2005,10,POST_MONSOON,0,0.012785408,0.012785408,LOW,0,LOW,0.09,TRUE_NEGATIVE
17,2005,10,POST_MONSOON,0,0.0062503573,0.0062503573,LOW,0,LOW,0.09,TRUE_NEGATIVE
18,2005,10,POST_MONSOON,0,0.0053081857,0.0053081857,LOW,0,LOW,0.09,TRUE_NEGATIVE
19,2005,10,POST_MONSOON,0,0.0048607606,0.0048607606,LOW,0,LOW,0.09,TRUE_NEGATIVE
20,2005,10,POST_MONSOON,0,0.0054342938,0.0054342938,LOW,0,LOW,0.09,TRUE_NEGATIVE
21,2005,10,POST_MONSOON,0,0.0054134633,0.0054134633,LOW,0,LOW,0.09,TRUE_NEGATIVE
22,2005,10,POST_MONSOON,0,0.0053523234,0.0053523234,LOW,0,LOW,0.09,TRUE_NEGATIVE
23,2005,10,POST_MONSOON,0,0.0050828694,0.0050828694,LOW,0,LOW,0.09,TRUE_NEGATIVE
24,2005,10,POST_MONSOON,0,0.00506069,0.00506069,LOW,0,LOW,0.09,TRUE_NEGATIVE
25,2005,10,POST_MONSOON,0,0.009744654,0.009744654,LOW,0,LOW,0.09,TRUE_NEGATIVE
26,2005,10,POST_MONSOON,0,0.0050402177,0.0050402177,LOW,0,LOW,0.09,TRUE_NEGATIVE
27,2005,10,POST_MONSOON,0,0.0050229845,0.0050229845,LOW,0,LOW,0.09,TRUE_NEGATIVE
28,2005,10,POST_MONSOON,0,0.005606925,0.005606925,LOW,0,LOW,0.09,TRUE_NEGATIVE
29,2005,10,POST_MONSOON,0,0.028922262,0.028922262,LOW,0,LOW,0.09,TRUE_NEGATIVE
30,2005,10,POST_MONSOON,0,0.0048211534,0.0048211534,LOW,0,LOW,0.09,TRUE_NEGATIVE
31,2005,10,POST_MONSOON,0,0.004725289,0.004725289,LOW,0,LOW,0.09,TRUE_NEGATIVE
32,2005,10,POST_MONSOON,0,0.004751255,0.004751255,LOW,0,LOW,0.09,TRUE_NEGATIVE
33,2005,10,POST_MONSOON,0,0.0047814446,0.0047814446,LOW,0,LOW,0.09,TRUE_NEGATIVE
34,2005,10,POST_MONSOON,0,0.004963839,0.004963839,LOW,0,LOW,0.09,TRUE_NEGATIVE
35,2005,10,POST_MONSOON,0,0.004777759,0.004777759,LOW,0,LOW,0.09,TRUE_NEGATIVE
0,2005,9,MONSOON,0,0.0065263165,0.0065263165,LOW,0,LOW,0.09,TRUE_NEGATIVE
1,2005,9,MONSOON,0,0.007179434,0.007179434,LOW,0,LOW,0.09,TRUE_NEGATIVE
2,2005,9,MONSOON,0,0.006244806,0.006244806,LOW,0,LOW,0.09,TRUE_NEGATIVE
3,2005,9,MONSOON,0,0.005075643,0.005075643,LOW,0,LOW,0.09,TRUE_NEGATIVE
4,2005,9,MONSOON,0,0.004810919,0.004810919,LOW,0,LOW,0.09,TRUE_NEGATIVE
5,2005,9,MONSOON,0,0.005065854,0.005065854,LOW,0,LOW,0.09,TRUE_NEGATIVE
6,2005,9,MONSOON,0,0.006119976,0.006119976,LOW,0,LOW,0.09,TRUE_NEGATIVE
7,2005,9,MONSOON,0,0.00498615,0.00498615,LOW,0,LOW,0.09,TRUE_NEGATIVE
8,2005,9,MONSOON,0,0.0048000463,0.0048000463,LOW,0,LOW,0.09,TRUE_NEGATIVE
9,2005,9,MONSOON,0,0.004947777,0.004947777,LOW,0,LOW,0.09,TRUE_NEGATIVE
10,2005,9,MONSOON,0,0.005612266,0.005612266,LOW,0,LOW,0.09,TRUE_NEGATIVE
11,2005,9,MONSOON,0,0.0047810385,0.0047810385,LOW,0,LOW,0.09,TRUE_NEGATIVE
12,2005,9,MONSOON,0,0.005025728,0.005025728,LOW,0,LOW,0.09,TRUE_NEGATIVE
13,2005,9,MONSOON,0,0.012345353,0.012345353,LOW,0,LOW,0.09,TRUE_NEGATIVE
14,2005,9,MONSOON,0,0.035493873,0.035493873,LOW,0,LOW,0.09,TRUE_NEGATIVE
15,2005,9,MONSOON,0,0.0050498806,0.0050498806,LOW,0,LOW,0.09,TRUE_NEGATIVE
16,2005,9,MONSOON,0,0.0062654065,0.0062654065,LOW,0,LOW,0.09,TRUE_NEGATIVE
17,2005,9,MONSOON,0,0.0062363874,0.0062363874,LOW,0,LOW,0.09,TRUE_NEGATIVE
18,2005,9,MONSOON,0,0.0055844677,0.0055844677,LOW,0,LOW,0.09,TRUE_NEGATIVE
19,2005,9,MONSOON,0,0.005184467,0.005184467,LOW,0,LOW,0.09,TRUE_NEGATIVE
20,2005,9,MONSOON,0,0.00532927,0.00532927,LOW,0,LOW,0.09,TRUE_NEGATIVE
21,2005,9,MONSOON,0,0.005290513,0.005290513,LOW,0,LOW,0.09,TRUE_NEGATIVE
22,2005,9,MONSOON,0,0.005451834,0.005451834,LOW,0,LOW,0.09,TRUE_NEGATIVE
23,2005,9,MONSOON,0,0.0050261957,0.0050261957,LOW,0,LOW,0.09,TRUE_NEGATIVE
24,2005,9,MONSOON,0,0.0050313734,0.0050313734,LOW,0,LOW,0.09,TRUE_NEGATIVE
25,2005,9,MONSOON,0,0.00584963,0.00584963,LOW,0,LOW,0.09,TRUE_NEGATIVE
26,2005,9,MONSOON,0,0.0048212907,0.0048212907,LOW,0,LOW,0.09,TRUE_NEGATIVE
27,2005,9,MONSOON,0,0.0050910045,0.0050910045,LOW,0,LOW,0.09,TRUE_NEGATIVE
28,2005,9,MONSOON,0,0.0052277828,0.0052277828,LOW,0,LOW,0.09,TRUE_NEGATIVE
29,2005,9,MONSOON,0,0.0076928767,0.0076928767,LOW,0,LOW,0.09,TRUE_NEGATIVE
30,2005,9,MONSOON,0,0.0048570144,0.0048570144,LOW,0,LOW,0.09,TRUE_NEGATIVE
31,2005,9,MONSOON,0,0.004648983,0.004648983,LOW,0,LOW,0.09,TRUE_NEGATIVE
32,2005,9,MONSOON,0,0.0047897818,0.0047897818,LOW,0,LOW,0.09,TRUE_NEGATIVE
33,2005,9,MONSOON,0,0.004715262,0.004715262,LOW,0,LOW,0.09,TRUE_NEGATIVE
34,2005,9,MONSOON,0,0.004973916,0.004973916,LOW,0,LOW,0.09,TRUE_NEGATIVE
35,2005,9,MONSOON,0,0.0048351865,0.0048351865,LOW,0,LOW,0.09,TRUE_NEGATIVE
0,2005,2,WINTER,0,0.0076035447,0.0076035447,LOW,0,LOW,0.09,TRUE_NEGATIVE
1,2005,2,WINTER,0,0.015466755,0.015466755,LOW,0,LOW,0.09,TRUE_NEGATIVE
2,2005,2,WINTER,0,0.009519176,0.009519176,LOW,0,LOW,0.09,TRUE_NEGATIVE
3,2005,2,WINTER,0,0.0054714847,0.0054714847,LOW,0,LOW,0.09,TRUE_NEGATIVE
4,2005,2,WINTER,0,0.0048974636,0.0048974636,LOW,0,LOW,0.09,TRUE_NEGATIVE
5,2005,2,WINTER,0,0.004825172,0.004825172,LOW,0,LOW,0.09,TRUE_NEGATIVE
6,2005,2,WINTER,0,0.005830459,0.005830459,LOW,0,LOW,0.09,TRUE_NEGATIVE
7,2005,2,WINTER,0,0.0049129413,0.0049129413,LOW,0,LOW,0.09,TRUE_NEGATIVE
8,2005,2,WINTER,0,0.0053730346,0.0053730346,LOW,0,LOW,0.09,TRUE_NEGATIVE
9,2005,2,WINTER,0,0.005051313,0.005051313,LOW,0,LOW,0.09,TRUE_NEGATIVE
10,2005,2,WINTER,0,0.005186966,0.005186966,LOW,0,LOW,0.09,TRUE_NEGATIVE
11,2005,2,WINTER,0,0.004856786,0.004856786,LOW,0,LOW,0.09,TRUE_NEGATIVE
12,2005,2,WINTER,0,0.0055381237,0.0055381237,LOW,0,LOW,0.09,TRUE_NEGATIVE
13,2005,2,WINTER,0,0.045111377,0.045111377,LOW,0,LOW,0.09,TRUE_NEGATIVE
14,2005,2,WINTER,0,0.048131585,0.048131585,LOW,0,LOW,0.09,TRUE_NEGATIVE
15,2005,2,WINTER,0,0.0051885606,0.0051885606,LOW,0,LOW,0.09,TRUE_NEGATIVE
16,2005,2,WINTER,0,0.0063552368,0.0063552368,LOW,0,LOW,0.09,TRUE_NEGATIVE
17,2005,2,WINTER,0,0.005525587,0.005525587,LOW,0,LOW,0.09,TRUE_NEGATIVE
18,2005,2,WINTER,0,0.005528095,0.005528095,LOW,0,LOW,0.09,TRUE_NEGATIVE
19,2005,2,WINTER,0,0.0049427184,0.0049427184,LOW,0,LOW,0.09,TRUE_NEGATIVE
20,2005,2,WINTER,0,0.004954625,0.004954625,LOW,0,LOW,0.09,TRUE_NEGATIVE
21,2005,2,WINTER,0,0.0054481067,0.0054481067,LOW,0,LOW,0.09,TRUE_NEGATIVE
22,2005,2,WINTER,0,0.0051340554,0.0051340554,LOW,0,LOW,0.09,TRUE_NEGATIVE
23,2005,2,WINTER,0,0.004852883,0.004852883,LOW,0,LOW,0.09,TRUE_NEGATIVE
24,2005,2,WINTER,0,0.006077735,0.006077735,LOW,0,LOW,0.09,TRUE_NEGATIVE
25,2005,2,WINTER,0,0.0052493736,0.0052493736,LOW,0,LOW,0.09,TRUE_NEGATIVE
26,2005,2,WINTER,0,0.004974272,0.004974272,LOW,0,LOW,0.09,TRUE_NEGATIVE
27,2005,2,WINTER,0,0.0051474194,0.0051474194,LOW,0,LOW,0.09,TRUE_NEGATIVE
28,2005,2,WINTER,0,0.006324974,0.006324974,LOW,0,LOW,0.09,TRUE_NEGATIVE
29,2005,2,WINTER,0,0.005154327,0.005154327,LOW,0,LOW,0.09,TRUE_NEGATIVE
30,2005,2,WINTER,0,0.0046829446,0.0046829446,LOW,0,LOW,0.09,TRUE_NEGATIVE
31,2005,2,WINTER,0,0.005307936,0.005307936,LOW,0,LOW,0.09,TRUE_NEGATIVE
32,2005,2,WINTER,0,0.004708276,0.004708276,LOW,0,LOW,0.09,TRUE_NEGATIVE
33,2005,2,WINTER,0,0.004800497,0.004800497,LOW,0,LOW,0.09,TRUE_NEGATIVE
34,2005,2,WINTER,0,0.0050055017,0.0050055017,LOW,0,LOW,0.09,TRUE_NEGATIVE
35,2005,2,WINTER,0,0.004943607,0.004943607,LOW,0,LOW,0.09,TRUE_NEGATIVE
0,2006,4,PRE_MONSOON,0,0.0064438363,0.0064438363,LOW,0,LOW,0.09,TRUE_NEGATIVE
1,2006,4,PRE_MONSOON,0,0.046937253,0.046937253,LOW,0,LOW,0.09,TRUE_NEGATIVE
2,2006,4,PRE_MONSOON,0,0.09644099,0.09644099,ELEVATED,1,ELEVATED,0.09,FALSE_POSITIVE
3,2006,4,PRE_MONSOON,0,0.007226001,0.007226001,LOW,0,LOW,0.09,TRUE_NEGATIVE
4,2006,4,PRE_MONSOON,0,0.007200125,0.007200125,LOW,0,LOW,0.09,TRUE_NEGATIVE
5,2006,4,PRE_MONSOON,0,0.0054209833,0.0054209833,LOW,0,LOW,0.09,TRUE_NEGATIVE
6,2006,4,PRE_MONSOON,0,0.0056350296,0.0056350296,LOW,0,LOW,0.09,TRUE_NEGATIVE
7,2006,4,PRE_MONSOON,0,0.007585439,0.007585439,LOW,0,LOW,0.09,TRUE_NEGATIVE
8,2006,4,PRE_MONSOON,0,0.005909819,0.005909819,LOW,0,LOW,0.09,TRUE_NEGATIVE
9,2006,4,PRE_MONSOON,0,0.0068894713,0.0068894713,LOW,0,LOW,0.09,TRUE_NEGATIVE
10,2006,4,PRE_MONSOON,0,0.008830341,0.008830341,LOW,0,LOW,0.09,TRUE_NEGATIVE
11,2006,4,PRE_MONSOON,0,0.0050416905,0.0050416905,LOW,0,LOW,0.09,TRUE_NEGATIVE
12,2006,4,PRE_MONSOON,0,0.006435983,0.006435983,LOW,0,LOW,0.09,TRUE_NEGATIVE
13,2006,4,PRE_MONSOON,0,0.036305614,0.036305614,LOW,0,LOW,0.09,TRUE_NEGATIVE
14,2006,4,PRE_MONSOON,0,0.057085946,0.057085946,MODERATE,0,MODERATE,0.09,TRUE_NEGATIVE
15,2006,4,PRE_MONSOON,0,0.012580151,0.012580151,LOW,0,LOW,0.09,TRUE_NEGATIVE
16,2006,4,PRE_MONSOON,0,0.0066488804,0.0066488804,LOW,0,LOW,0.09,TRUE_NEGATIVE
17,2006,4,PRE_MONSOON,0,0.0066733356,0.0066733356,LOW,0,LOW,0.09,TRUE_NEGATIVE
18,2006,4,PRE_MONSOON,0,0.006017073,0.006017073,LOW,0,LOW,0.09,TRUE_NEGATIVE
19,2006,4,PRE_MONSOON,0,0.0053660898,0.0053660898,LOW,0,LOW,0.09,TRUE_NEGATIVE
20,2006,4,PRE_MONSOON,0,0.0052159205,0.0052159205,LOW,0,LOW,0.09,TRUE_NEGATIVE
21,2006,4,PRE_MONSOON,0,0.012274171,0.012274171,LOW,0,LOW,0.09,TRUE_NEGATIVE
22,2006,4,PRE_MONSOON,0,0.0057525397,0.0057525397,LOW,0,LOW,0.09,TRUE_NEGATIVE
23,2006,4,PRE_MONSOON,0,0.0059491796,0.0059491796,LOW,0,LOW,0.09,TRUE_NEGATIVE
24,2006,4,PRE_MONSOON,0,0.0064836578,0.0064836578,LOW,0,LOW,0.09,TRUE_NEGATIVE
25,2006,4,PRE_MONSOON,0,0.004959571,0.004959571,LOW,0,LOW,0.09,TRUE_NEGATIVE
26,2006,4,PRE_MONSOON,0,0.0052051586,0.0052051586,LOW,0,LOW,0.09,TRUE_NEGATIVE
27,2006,4,PRE_MONSOON,0,0.00658564,0.00658564,LOW,0,LOW,0.09,TRUE_NEGATIVE
28,2006,4,PRE_MONSOON,0,0.05271248,0.05271248,MODERATE,0,MODERATE,0.09,TRUE_NEGATIVE
29,2006,4,PRE_MONSOON,0,0.0049491483,0.0049491483,LOW,0,LOW,0.09,TRUE_NEGATIVE
30,2006,4,PRE_MONSOON,0,0.004988588,0.004988588,LOW,0,LOW,0.09,TRUE_NEGATIVE
31,2006,4,PRE_MONSOON,0,0.0059095114,0.0059095114,LOW,0,LOW,0.09,TRUE_NEGATIVE
32,2006,4,PRE_MONSOON,0,0.0049996246,0.0049996246,LOW,0,LOW,0.09,TRUE_NEGATIVE
33,2006,4,PRE_MONSOON,0,0.0050527896,0.0050527896,LOW,0,LOW,0.09,TRUE_NEGATIVE
34,2006,4,PRE_MONSOON,0,0.005703478,0.005703478,LOW,0,LOW,0.09,TRUE_NEGATIVE
35,2006,4,PRE_MONSOON,0,0.0051762173,0.0051762173,LOW,0,LOW,0.09,TRUE_NEGATIVE
0,2006,3,PRE_MONSOON,0,0.007721843,0.007721843,LOW,0,LOW,0.09,TRUE_NEGATIVE
1,2006,3,PRE_MONSOON,0,0.06317994,0.06317994,MODERATE,0,MODERATE,0.09,TRUE_NEGATIVE
2,2006,3,PRE_MONSOON,0,0.069327556,0.069327556,MODERATE,0,MODERATE,0.09,TRUE_NEGATIVE
3,2006,3,PRE_MONSOON,0,0.011032971,0.011032971,LOW,0,LOW,0.09,TRUE_NEGATIVE
4,2006,3,PRE_MONSOON,0,0.010190963,0.010190963,LOW,0,LOW,0.09,TRUE_NEGATIVE
5,2006,3,PRE_MONSOON,0,0.0056428877,0.0056428877,LOW,0,LOW,0.09,TRUE_NEGATIVE
6,2006,3,PRE_MONSOON,0,0.006267874,0.006267874,LOW,0,LOW,0.09,TRUE_NEGATIVE
7,2006,3,PRE_MONSOON,0,0.010530666,0.010530666,LOW,0,LOW,0.09,TRUE_NEGATIVE
8,2006,3,PRE_MONSOON,0,0.006821457,0.006821457,LOW,0,LOW,0.09,TRUE_NEGATIVE
9,2006,3,PRE_MONSOON,0,0.006714563,0.006714563,LOW,0,LOW,0.09,TRUE_NEGATIVE
10,2006,3,PRE_MONSOON,0,0.020475773,0.020475773,LOW,0,LOW,0.09,TRUE_NEGATIVE
11,2006,3,PRE_MONSOON,0,0.0056987535,0.0056987535,LOW,0,LOW,0.09,TRUE_NEGATIVE
12,2006,3,PRE_MONSOON,0,0.0063296417,0.0063296417,LOW,0,LOW,0.09,TRUE_NEGATIVE
13,2006,3,PRE_MONSOON,0,0.05384056,0.05384056,MODERATE,0,MODERATE,0.09,TRUE_NEGATIVE
14,2006,3,PRE_MONSOON,0,0.031465817,0.031465817,LOW,0,LOW,0.09,TRUE_NEGATIVE
15,2006,3,PRE_MONSOON,0,0.016349688,0.016349688,LOW,0,LOW,0.09,TRUE_NEGATIVE
16,2006,3,PRE_MONSOON,0,0.038556814,0.038556814,LOW,0,LOW,0.09,TRUE_NEGATIVE
17,2006,3,PRE_MONSOON,0,0.0071979645,0.0071979645,LOW,0,LOW,0.09,TRUE_NEGATIVE
18,2006,3,PRE_MONSOON,0,0.011877536,0.011877536,LOW,0,LOW,0.09,TRUE_NEGATIVE
19,2006,3,PRE_MONSOON,0,0.0065131346,0.0065131346,LOW,0,LOW,0.09,TRUE_NEGATIVE
20,2006,3,PRE_MONSOON,0,0.0069798026,0.0069798026,LOW,0,LOW,0.09,TRUE_NEGATIVE
21,2006,3,PRE_MONSOON,0,0.028733762,0.028733762,LOW,0,LOW,0.09,TRUE_NEGATIVE
22,2006,3,PRE_MONSOON,0,0.016512249,0.016512249,LOW,0,LOW,0.09,TRUE_NEGATIVE
23,2006,3,PRE_MONSOON,0,0.009323621,0.009323621,LOW,0,LOW,0.09,TRUE_NEGATIVE
24,2006,3,PRE_MONSOON,0,0.007219347,0.007219347,LOW,0,LOW,0.09,TRUE_NEGATIVE
25,2006,3,PRE_MONSOON,0,0.0053872596,0.0053872596,LOW,0,LOW,0.09,TRUE_NEGATIVE
26,2006,3,PRE_MONSOON,0,0.0062147956,0.0062147956,LOW,0,LOW,0.09,TRUE_NEGATIVE
27,2006,3,PRE_MONSOON,0,0.0169689,0.0169689,LOW,0,LOW,0.09,TRUE_NEGATIVE
28,2006,3,PRE_MONSOON,0,0.083114944,0.083114944,MODERATE,0,MODERATE,0.09,TRUE_NEGATIVE
29,2006,3,PRE_MONSOON,0,0.005367477,0.005367477,LOW,0,LOW,0.09,TRUE_NEGATIVE
30,2006,3,PRE_MONSOON,0,0.0055948277,0.0055948277,LOW,0,LOW,0.09,TRUE_NEGATIVE
31,2006,3,PRE_MONSOON,0,0.0074353972,0.0074353972,LOW,0,LOW,0.09,TRUE_NEGATIVE
32,2006,3,PRE_MONSOON,0,0.0055045392,0.0055045392,LOW,0,LOW,0.09,TRUE_NEGATIVE
33,2006,3,PRE_MONSOON,0,0.005758431,0.005758431,LOW,0,LOW,0.09,TRUE_NEGATIVE
34,2006,3,PRE_MONSOON,0,0.005210534,0.005210534,LOW,0,LOW,0.09,TRUE_NEGATIVE
35,2006,3,PRE_MONSOON,0,0.0056340625,0.0056340625,LOW,0,LOW,0.09,TRUE_NEGATIVE
0,2006,7,MONSOON,0,0.025045784,0.025045784,LOW,0,LOW,0.09,TRUE_NEGATIVE
1,2006,7,MONSOON,0,0.043226503,0.043226503,LOW,0,LOW,0.09,TRUE_NEGATIVE
2,2006,7,MONSOON,0,0.1283389,0.1283389,HIGH,1,HIGH,0.09,FALSE_POSITIVE
3,2006,7,MONSOON,0,0.02936988,0.02936988,LOW,0,LOW,0.09,TRUE_NEGATIVE
4,2006,7,MONSOON,0,0.036004767,0.036004767,LOW,0,LOW,0.09,TRUE_NEGATIVE
5,2006,7,MONSOON,0,0.022206621,0.022206621,LOW,0,LOW,0.09,TRUE_NEGATIVE
6,2006,7,MONSOON,0,0.06597296,0.06597296,MODERATE,0,MODERATE,0.09,TRUE_NEGATIVE
7,2006,7,MONSOON,0,0.027729902,0.027729902,LOW,0,LOW,0.09,TRUE_NEGATIVE
8,2006,7,MONSOON,0,0.00812316,0.00812316,LOW,0,LOW,0.09,TRUE_NEGATIVE
9,2006,7,MONSOON,0,0.009668038,0.009668038,LOW,0,LOW,0.09,TRUE_NEGATIVE
10,2006,7,MONSOON,0,0.04779275,0.04779275,LOW,0,LOW,0.09,TRUE_NEGATIVE
11,2006,7,MONSOON,0,0.011492293,0.011492293,LOW,0,LOW,0.09,TRUE_NEGATIVE
12,2006,7,MONSOON,0,0.0082376525,0.0082376525,LOW,0,LOW,0.09,TRUE_NEGATIVE
13,2006,7,MONSOON,0,0.02740807,0.02740807,LOW,0,LOW,0.09,TRUE_NEGATIVE
14,2006,7,MONSOON,0,0.029858807,0.029858807,LOW,0,LOW,0.09,TRUE_NEGATIVE
15,2006,7,MONSOON,0,0.03286618,0.03286618,LOW,0,LOW,0.09,TRUE_NEGATIVE
16,2006,7,MONSOON,0,0.077019915,0.077019915,MODERATE,0,MODERATE,0.09,TRUE_NEGATIVE
17,2006,7,MONSOON,0,0.06345582,0.06345582,MODERATE,0,MODERATE,0.09,TRUE_NEGATIVE
18,2006,7,MONSOON,0,0.03581866,0.03581866,LOW,0,LOW,0.09,TRUE_NEGATIVE
19,2006,7,MONSOON,0,0.022762412,0.022762412,LOW,0,LOW,0.09,TRUE_NEGATIVE
20,2006,7,MONSOON,0,0.035730742,0.035730742,LOW,0,LOW,0.09,TRUE_NEGATIVE
21,2006,7,MONSOON,0,0.07029006,0.07029006,MODERATE,0,MODERATE,0.09,TRUE_NEGATIVE
22,2006,7,MONSOON,0,0.04389297,0.04389297,LOW,0,LOW,0.09,TRUE_NEGATIVE
23,2006,7,MONSOON,0,0.034699365,0.034699365,LOW,0,LOW,0.09,TRUE_NEGATIVE
24,2006,7,MONSOON,0,0.00951682,0.00951682,LOW,0,LOW,0.09,TRUE_NEGATIVE
25,2006,7,MONSOON,0,0.022218699,0.022218699,LOW,0,LOW,0.09,TRUE_NEGATIVE
26,2006,7,MONSOON,0,0.009757943,0.009757943,LOW,0,LOW,0.09,TRUE_NEGATIVE
27,2006,7,MONSOON,0,0.073343866,0.073343866,MODERATE,0,MODERATE,0.09,TRUE_NEGATIVE
28,2006,7,MONSOON,0,0.11665047,0.11665047,HIGH,1,HIGH,0.09,FALSE_POSITIVE
29,2006,7,MONSOON,0,0.013708715,0.013708715,LOW,0,LOW,0.09,TRUE_NEGATIVE
30,2006,7,MONSOON,0,0.020781403,0.020781403,LOW,0,LOW,0.09,TRUE_NEGATIVE
31,2006,7,MONSOON,0,0.0147685725,0.0147685725,LOW,0,LOW,0.09,TRUE_NEGATIVE
32,2006,7,MONSOON,0,0.025615582,0.025615582,LOW,0,LOW,0.09,TRUE_NEGATIVE
33,2006,7,MONSOON,0,0.0097795995,0.0097795995,LOW,0,LOW,0.09,TRUE_NEGATIVE
34,2006,7,MONSOON,0,0.0063077323,0.0063077323,LOW,0,LOW,0.09,TRUE_NEGATIVE
35,2006,7,MONSOON,0,0.015156337,0.015156337,LOW,0,LOW,0.09,TRUE_NEGATIVE
0,2006,0,UNKNOWN,0,0.07509663,0.07509663,MODERATE,0,MODERATE,0.09,TRUE_NEGATIVE
1,2006,0,UNKNOWN,0,0.04074055,0.04074055,LOW,0,LOW,0.09,TRUE_NEGATIVE
2,2006,0,UNKNOWN,0,0.12109178,0.12109178,HIGH,1,HIGH,0.09,FALSE_POSITIVE
3,2006,0,UNKNOWN,0,0.075105816,0.075105816,MODERATE,0,MODERATE,0.09,TRUE_NEGATIVE
4,2006,0,UNKNOWN,0,0.10622594,0.10622594,HIGH,1,HIGH,0.09,FALSE_POSITIVE
5,2006,0,UNKNOWN,0,0.05702815,0.05702815,MODERATE,0,MODERATE,0.09,TRUE_NEGATIVE
6,2006,0,UNKNOWN,0,0.13721363,0.13721363,HIGH,1,HIGH,0.09,FALSE_POSITIVE
7,2006,0,UNKNOWN,0,0.05447693,0.05447693,MODERATE,0,MODERATE,0.09,TRUE_NEGATIVE
8,2006,0,UNKNOWN,0,0.037486248,0.037486248,LOW,0,LOW,0.09,TRUE_NEGATIVE
9,2006,0,UNKNOWN,0,0.05608804,0.05608804,MODERATE,0,MODERATE,0.09,TRUE_NEGATIVE
10,2006,0,UNKNOWN,0,0.052441385,0.052441385,MODERATE,0,MODERATE,0.09,TRUE_NEGATIVE
11,2006,0,UNKNOWN,0,0.041942228,0.041942228,LOW,0,LOW,0.09,TRUE_NEGATIVE
12,2006,0,UNKNOWN,0,0.04693218,0.04693218,LOW,0,LOW,0.09,TRUE_NEGATIVE
13,2006,0,UNKNOWN,0,0.05769129,0.05769129,MODERATE,0,MODERATE,0.09,TRUE_NEGATIVE
14,2006,0,UNKNOWN,0,0.05338053,0.05338053,MODERATE,0,MODERATE,0.09,TRUE_NEGATIVE
15,2006,0,UNKNOWN,0,0.074483745,0.074483745,MODERATE,0,MODERATE,0.09,TRUE_NEGATIVE
16,2006,0,UNKNOWN,0,0.113310166,0.113310166,HIGH,1,HIGH,0.09,FALSE_POSITIVE
17,2006,0,UNKNOWN,0,0.15132187,0.15132187,CRITICAL,1,CRITICAL,0.09,FALSE_POSITIVE
18,2006,0,UNKNOWN,0,0.0778059,0.0778059,MODERATE,0,MODERATE,0.09,TRUE_NEGATIVE
19,2006,0,UNKNOWN,0,0.13135414,0.13135414,HIGH,1,HIGH,0.09,FALSE_POSITIVE
20,2006,0,UNKNOWN,0,0.10859732,0.10859732,HIGH,1,HIGH,0.09,FALSE_POSITIVE
21,2006,0,UNKNOWN,0,0.11260922,0.11260922,HIGH,1,HIGH,0.09,FALSE_POSITIVE
22,2006,0,UNKNOWN,0,0.10892896,0.10892896,HIGH,1,HIGH,0.09,FALSE_POSITIVE
23,2006,0,UNKNOWN,0,0.102869116,0.102869116,HIGH,1,HIGH,0.09,FALSE_POSITIVE
24,2006,0,UNKNOWN,0,0.057747908,0.057747908,MODERATE,0,MODERATE,0.09,TRUE_NEGATIVE
25,2006,0,UNKNOWN,0,0.045007374,0.045007374,LOW,0,LOW,0.09,TRUE_NEGATIVE
26,2006,0,UNKNOWN,0,0.015981821,0.015981821,LOW,0,LOW,0.09,TRUE_NEGATIVE
27,2006,0,UNKNOWN,0,0.11974997,0.11974997,HIGH,1,HIGH,0.09,FALSE_POSITIVE
28,2006,0,UNKNOWN,0,0.13873878,0.13873878,HIGH,1,HIGH,0.09,FALSE_POSITIVE
29,2006,0,UNKNOWN,0,0.04135534,0.04135534,LOW,0,LOW,0.09,TRUE_NEGATIVE
30,2006,0,UNKNOWN,0,0.07358466,0.07358466,MODERATE,0,MODERATE,0.09,TRUE_NEGATIVE
31,2006,0,UNKNOWN,0,0.08416088,0.08416088,MODERATE,0,MODERATE,0.09,TRUE_NEGATIVE
32,2006,0,UNKNOWN,0,0.08837902,0.08837902,MODERATE,0,MODERATE,0.09,TRUE_NEGATIVE
33,2006,0,UNKNOWN,0,0.05334895,0.05334895,MODERATE,0,MODERATE,0.09,TRUE_NEGATIVE
34,2006,0,UNKNOWN,0,0.010729655,0.010729655,LOW,0,LOW,0.09,TRUE_NEGATIVE
35,2006,0,UNKNOWN,0,0.053502847,0.053502847,MODERATE,0,MODERATE,0.09,TRUE_NEGATIVE
0,2006,8,MONSOON,0,0.09335856,0.09335856,ELEVATED,1,ELEVATED,0.09,FALSE_POSITIVE
1,2006,8,MONSOON,0,0.049631674,0.049631674,LOW,0,LOW,0.09,TRUE_NEGATIVE
2,2006,8,MONSOON,1,0.11659571,0.11659571,HIGH,1,HIGH,0.09,TRUE_POSITIVE
3,2006,8,MONSOON,1,0.09483538,0.09483538,ELEVATED,1,ELEVATED,0.09,TRUE_POSITIVE
4,2006,8,MONSOON,0,0.12941933,0.12941933,HIGH,1,HIGH,0.09,FALSE_POSITIVE
5,2006,8,MONSOON,0,0.12798229,0.12798229,HIGH,1,HIGH,0.09,FALSE_POSITIVE
6,2006,8,MONSOON,0,0.14457944,0.14457944,HIGH,1,HIGH,0.09,FALSE_POSITIVE
7,2006,8,MONSOON,0,0.08804661,0.08804661,MODERATE,0,MODERATE,0.09,TRUE_NEGATIVE
8,2006,8,MONSOON,0,0.062668964,0.062668964,MODERATE,0,MODERATE,0.09,TRUE_NEGATIVE
9,2006,8,MONSOON,1,0.07565023,0.07565023,MODERATE,0,MODERATE,0.09,FALSE_NEGATIVE
10,2006,8,MONSOON,0,0.11303678,0.11303678,HIGH,1,HIGH,0.09,FALSE_POSITIVE
11,2006,8,MONSOON,0,0.07279171,0.07279171,MODERATE,0,MODERATE,0.09,TRUE_NEGATIVE
12,2006,8,MONSOON,1,0.04682896,0.04682896,LOW,0,LOW,0.09,FALSE_NEGATIVE
13,2006,8,MONSOON,0,0.07987485,0.07987485,MODERATE,0,MODERATE,0.09,TRUE_NEGATIVE
14,2006,8,MONSOON,0,0.07433848,0.07433848,MODERATE,0,MODERATE,0.09,TRUE_NEGATIVE
15,2006,8,MONSOON,0,0.09543658,0.09543658,ELEVATED,1,ELEVATED,0.09,FALSE_POSITIVE
16,2006,8,MONSOON,0,0.10467712,0.10467712,HIGH,1,HIGH,0.09,FALSE_POSITIVE
17,2006,8,MONSOON,0,0.1265624,0.1265624,HIGH,1,HIGH,0.09,FALSE_POSITIVE
18,2006,8,MONSOON,0,0.11519193,0.11519193,HIGH,1,HIGH,0.09,FALSE_POSITIVE
19,2006,8,MONSOON,0,0.125407,0.125407,HIGH,1,HIGH,0.09,FALSE_POSITIVE
20,2006,8,MONSOON,0,0.111134686,0.111134686,HIGH,1,HIGH,0.09,FALSE_POSITIVE
21,2006,8,MONSOON,0,0.12816696,0.12816696,HIGH,1,HIGH,0.09,FALSE_POSITIVE
22,2006,8,MONSOON,0,0.11989705,0.11989705,HIGH,1,HIGH,0.09,FALSE_POSITIVE
23,2006,8,MONSOON,0,0.13229725,0.13229725,HIGH,1,HIGH,0.09,FALSE_POSITIVE
24,2006,8,MONSOON,0,0.04163524,0.04163524,LOW,0,LOW,0.09,TRUE_NEGATIVE
25,2006,8,MONSOON,0,0.10583429,0.10583429,HIGH,1,HIGH,0.09,FALSE_POSITIVE
26,2006,8,MONSOON,0,0.029145299,0.029145299,LOW,0,LOW,0.09,TRUE_NEGATIVE
27,2006,8,MONSOON,0,0.14978622,0.14978622,HIGH,1,HIGH,0.09,FALSE_POSITIVE
28,2006,8,MONSOON,0,0.1466448,0.1466448,HIGH,1,HIGH,0.09,FALSE_POSITIVE
29,2006,8,MONSOON,0,0.06542103,0.06542103,MODERATE,0,MODERATE,0.09,TRUE_NEGATIVE
30,2006,8,MONSOON,0,0.097300105,0.097300105,ELEVATED,1,ELEVATED,0.09,FALSE_POSITIVE
31,2006,8,MONSOON,0,0.099329695,0.099329695,ELEVATED,1,ELEVATED,0.09,FALSE_POSITIVE
32,2006,8,MONSOON,0,0.09995456,0.09995456,ELEVATED,1,ELEVATED,0.09,FALSE_POSITIVE
33,2006,8,MONSOON,0,0.056224957,0.056224957,MODERATE,0,MODERATE,0.09,TRUE_NEGATIVE
34,2006,8,MONSOON,0,0.011948432,0.011948432,LOW,0,LOW,0.09,TRUE_NEGATIVE
35,2006,8,MONSOON,1,0.0566471,0.0566471,MODERATE,0,MODERATE,0.09,FALSE_NEGATIVE
0,2006,6,MONSOON,0,0.09490832,0.09490832,ELEVATED,1,ELEVATED,0.09,FALSE_POSITIVE
1,2006,6,MONSOON,0,0.04316204,0.04316204,LOW,0,LOW,0.09,TRUE_NEGATIVE
2,2006,6,MONSOON,1,0.12030699,0.12030699,HIGH,1,HIGH,0.09,TRUE_POSITIVE
3,2006,6,MONSOON,1,0.11385458,0.11385458,HIGH,1,HIGH,0.09,TRUE_POSITIVE
4,2006,6,MONSOON,0,0.15686782,0.15686782,CRITICAL,1,CRITICAL,0.09,FALSE_POSITIVE
5,2006,6,MONSOON,0,0.112495035,0.112495035,HIGH,1,HIGH,0.09,FALSE_POSITIVE
6,2006,6,MONSOON,0,0.116890706,0.116890706,HIGH,1,HIGH,0.09,FALSE_POSITIVE
7,2006,6,MONSOON,0,0.13737607,0.13737607,HIGH,1,HIGH,0.09,FALSE_POSITIVE
8,2006,6,MONSOON,0,0.07017524,0.07017524,MODERATE,0,MODERATE,0.09,TRUE_NEGATIVE
9,2006,6,MONSOON,1,0.09074158,0.09074158,ELEVATED,1,ELEVATED,0.09,TRUE_POSITIVE
10,2006,6,MONSOON,0,0.082030155,0.082030155,MODERATE,0,MODERATE,0.09,TRUE_NEGATIVE
11,2006,6,MONSOON,0,0.11729539,0.11729539,HIGH,1,HIGH,0.09,FALSE_POSITIVE
12,2006,6,MONSOON,1,0.06360683,0.06360683,MODERATE,0,MODERATE,0.09,FALSE_NEGATIVE
13,2006,6,MONSOON,0,0.067688614,0.067688614,MODERATE,0,MODERATE,0.09,TRUE_NEGATIVE
14,2006,6,MONSOON,0,0.07035534,0.07035534,MODERATE,0,MODERATE,0.09,TRUE_NEGATIVE
15,2006,6,MONSOON,0,0.095314614,0.095314614,ELEVATED,1,ELEVATED,0.09,FALSE_POSITIVE
16,2006,6,MONSOON,0,0.06141736,0.06141736,MODERATE,0,MODERATE,0.09,TRUE_NEGATIVE
17,2006,6,MONSOON,0,0.123086244,0.123086244,HIGH,1,HIGH,0.09,FALSE_POSITIVE
18,2006,6,MONSOON,0,0.0870395,0.0870395,MODERATE,0,MODERATE,0.09,TRUE_NEGATIVE
19,2006,6,MONSOON,0,0.14064871,0.14064871,HIGH,1,HIGH,0.09,FALSE_POSITIVE
20,2006,6,MONSOON,0,0.13034497,0.13034497,HIGH,1,HIGH,0.09,FALSE_POSITIVE
21,2006,6,MONSOON,0,0.087023504,0.087023504,MODERATE,0,MODERATE,0.09,TRUE_NEGATIVE
22,2006,6,MONSOON,0,0.12403564,0.12403564,HIGH,1,HIGH,0.09,FALSE_POSITIVE
23,2006,6,MONSOON,0,0.137916,0.137916,HIGH,1,HIGH,0.09,FALSE_POSITIVE
24,2006,6,MONSOON,0,0.081128776,0.081128776,MODERATE,0,MODERATE,0.09,TRUE_NEGATIVE
25,2006,6,MONSOON,0,0.12413091,0.12413091,HIGH,1,HIGH,0.09,FALSE_POSITIVE
26,2006,6,MONSOON,0,0.03964955,0.03964955,LOW,0,LOW,0.09,TRUE_NEGATIVE
27,2006,6,MONSOON,0,0.15980673,0.15980673,CRITICAL,1,CRITICAL,0.09,FALSE_POSITIVE
28,2006,6,MONSOON,0,0.10865741,0.10865741,HIGH,1,HIGH,0.09,FALSE_POSITIVE
29,2006,6,MONSOON,0,0.09233228,0.09233228,ELEVATED,1,ELEVATED,0.09,FALSE_POSITIVE
30,2006,6,MONSOON,0,0.12338999,0.12338999,HIGH,1,HIGH,0.09,FALSE_POSITIVE
31,2006,6,MONSOON,0,0.08097401,0.08097401,MODERATE,0,MODERATE,0.09,TRUE_NEGATIVE
32,2006,6,MONSOON,0,0.13196382,0.13196382,HIGH,1,HIGH,0.09,FALSE_POSITIVE
33,2006,6,MONSOON,0,0.09599147,0.09599147,ELEVATED,1,ELEVATED,0.09,FALSE_POSITIVE
34,2006,6,MONSOON,0,0.03298473,0.03298473,LOW,0,LOW,0.09,TRUE_NEGATIVE
35,2006,6,MONSOON,1,0.09822978,0.09822978,ELEVATED,1,ELEVATED,0.09,TRUE_POSITIVE
0,2006,5,PRE_MONSOON,0,0.12757817,0.12757817,HIGH,1,HIGH,0.09,FALSE_POSITIVE
1,2006,5,PRE_MONSOON,0,0.0426679,0.0426679,LOW,0,LOW,0.09,TRUE_NEGATIVE
2,2006,5,PRE_MONSOON,1,0.11661835,0.11661835,HIGH,1,HIGH,0.09,TRUE_POSITIVE
3,2006,5,PRE_MONSOON,1,0.08049921,0.08049921,MODERATE,0,MODERATE,0.09,FALSE_NEGATIVE
4,2006,5,PRE_MONSOON,0,0.12354607,0.12354607,HIGH,1,HIGH,0.09,FALSE_POSITIVE
5,2006,5,PRE_MONSOON,0,0.1013052,0.1013052,HIGH,1,HIGH,0.09,FALSE_POSITIVE
6,2006,5,PRE_MONSOON,0,0.110990934,0.110990934,HIGH,1,HIGH,0.09,FALSE_POSITIVE
7,2006,5,PRE_MONSOON,0,0.08781156,0.08781156,MODERATE,0,MODERATE,0.09,TRUE_NEGATIVE
8,2006,5,PRE_MONSOON,0,0.045417678,0.045417678,LOW,0,LOW,0.09,TRUE_NEGATIVE
9,2006,5,PRE_MONSOON,1,0.069047675,0.069047675,MODERATE,0,MODERATE,0.09,FALSE_NEGATIVE
10,2006,5,PRE_MONSOON,0,0.059282884,0.059282884,MODERATE,0,MODERATE,0.09,TRUE_NEGATIVE
11,2006,5,PRE_MONSOON,0,0.059328113,0.059328113,MODERATE,0,MODERATE,0.09,TRUE_NEGATIVE
12,2006,5,PRE_MONSOON,1,0.023713801,0.023713801,LOW,0,LOW,0.09,FALSE_NEGATIVE
13,2006,5,PRE_MONSOON,0,0.058386642,0.058386642,MODERATE,0,MODERATE,0.09,TRUE_NEGATIVE
14,2006,5,PRE_MONSOON,0,0.06055093,0.06055093,MODERATE,0,MODERATE,0.09,TRUE_NEGATIVE
15,2006,5,PRE_MONSOON,0,0.0550825,0.0550825,MODERATE,0,MODERATE,0.09,TRUE_NEGATIVE
16,2006,5,PRE_MONSOON,0,0.070623025,0.070623025,MODERATE,0,MODERATE,0.09,TRUE_NEGATIVE
17,2006,5,PRE_MONSOON,0,0.093889326,0.093889326,ELEVATED,1,ELEVATED,0.09,FALSE_POSITIVE
18,2006,5,PRE_MONSOON,0,0.067142,0.067142,MODERATE,0,MODERATE,0.09,TRUE_NEGATIVE
19,2006,5,PRE_MONSOON,0,0.0992566,0.0992566,ELEVATED,1,ELEVATED,0.09,FALSE_POSITIVE
20,2006,5,PRE_MONSOON,0,0.11163964,0.11163964,HIGH,1,HIGH,0.09,FALSE_POSITIVE
21,2006,5,PRE_MONSOON,0,0.08472352,0.08472352,MODERATE,0,MODERATE,0.09,TRUE_NEGATIVE
22,2006,5,PRE_MONSOON,0,0.11412735,0.11412735,HIGH,1,HIGH,0.09,FALSE_POSITIVE
23,2006,5,PRE_MONSOON,0,0.089683846,0.089683846,MODERATE,0,MODERATE,0.09,TRUE_NEGATIVE
24,2006,5,PRE_MONSOON,0,0.073506705,0.073506705,MODERATE,0,MODERATE,0.09,TRUE_NEGATIVE
25,2006,5,PRE_MONSOON,0,0.14827242,0.14827242,HIGH,1,HIGH,0.09,FALSE_POSITIVE
26,2006,5,PRE_MONSOON,0,0.031138197,0.031138197,LOW,0,LOW,0.09,TRUE_NEGATIVE
27,2006,5,PRE_MONSOON,0,0.09870631,0.09870631,ELEVATED,1,ELEVATED,0.09,FALSE_POSITIVE
28,2006,5,PRE_MONSOON,0,0.09953531,0.09953531,ELEVATED,1,ELEVATED,0.09,FALSE_POSITIVE
29,2006,5,PRE_MONSOON,0,0.13890125,0.13890125,HIGH,1,HIGH,0.09,FALSE_POSITIVE
30,2006,5,PRE_MONSOON,0,0.09614176,0.09614176,ELEVATED,1,ELEVATED,0.09,FALSE_POSITIVE
31,2006,5,PRE_MONSOON,0,0.051516015,0.051516015,MODERATE,0,MODERATE,0.09,TRUE_NEGATIVE
32,2006,5,PRE_MONSOON,0,0.09190525,0.09190525,ELEVATED,1,ELEVATED,0.09,FALSE_POSITIVE
33,2006,5,PRE_MONSOON,0,0.06474178,0.06474178,MODERATE,0,MODERATE,0.09,TRUE_NEGATIVE
34,2006,5,PRE_MONSOON,0,0.008787017,0.008787017,LOW,0,LOW,0.09,TRUE_NEGATIVE
35,2006,5,PRE_MONSOON,1,0.07857284,0.07857284,MODERATE,0,MODERATE,0.09,FALSE_NEGATIVE
0,2006,1,WINTER,0,0.07646004,0.07646004,MODERATE,0,MODERATE,0.09,TRUE_NEGATIVE
1,2006,1,WINTER,0,0.041212283,0.041212283,LOW,0,LOW,0.09,TRUE_NEGATIVE
2,2006,1,WINTER,0,0.057632577,0.057632577,MODERATE,0,MODERATE,0.09,TRUE_NEGATIVE
3,2006,1,WINTER,0,0.03034967,0.03034967,LOW,0,LOW,0.09,TRUE_NEGATIVE
4,2006,1,WINTER,0,0.04127965,0.04127965,LOW,0,LOW,0.09,TRUE_NEGATIVE
5,2006,1,WINTER,0,0.059524544,0.059524544,MODERATE,0,MODERATE,0.09,TRUE_NEGATIVE
6,2006,1,WINTER,0,0.054645963,0.054645963,MODERATE,0,MODERATE,0.09,TRUE_NEGATIVE
7,2006,1,WINTER,0,0.019014327,0.019014327,LOW,0,LOW,0.09,TRUE_NEGATIVE
8,2006,1,WINTER,0,0.01621233,0.01621233,LOW,0,LOW,0.09,TRUE_NEGATIVE
9,2006,1,WINTER,1,0.022312934,0.022312934,LOW,0,LOW,0.09,FALSE_NEGATIVE
10,2006,1,WINTER,0,0.023978233,0.023978233,LOW,0,LOW,0.09,TRUE_NEGATIVE
11,2006,1,WINTER,0,0.0154935345,0.0154935345,LOW,0,LOW,0.09,TRUE_NEGATIVE
12,2006,1,WINTER,0,0.009030916,0.009030916,LOW,0,LOW,0.09,TRUE_NEGATIVE
13,2006,1,WINTER,0,0.019998062,0.019998062,LOW,0,LOW,0.09,TRUE_NEGATIVE
14,2006,1,WINTER,0,0.022741102,0.022741102,LOW,0,LOW,0.09,TRUE_NEGATIVE
15,2006,1,WINTER,0,0.019085104,0.019085104,LOW,0,LOW,0.09,TRUE_NEGATIVE
16,2006,1,WINTER,0,0.07307663,0.07307663,MODERATE,0,MODERATE,0.09,TRUE_NEGATIVE
17,2006,1,WINTER,0,0.04489594,0.04489594,LOW,0,LOW,0.09,TRUE_NEGATIVE
18,2006,1,WINTER,0,0.027197175,0.027197175,LOW,0,LOW,0.09,TRUE_NEGATIVE
19,2006,1,WINTER,0,0.027253332,0.027253332,LOW,0,LOW,0.09,TRUE_NEGATIVE
20,2006,1,WINTER,0,0.053590186,0.053590186,MODERATE,0,MODERATE,0.09,TRUE_NEGATIVE
21,2006,1,WINTER,0,0.047650933,0.047650933,LOW,0,LOW,0.09,TRUE_NEGATIVE
22,2006,1,WINTER,0,0.067252494,0.067252494,MODERATE,0,MODERATE,0.09,TRUE_NEGATIVE
23,2006,1,WINTER,0,0.040281303,0.040281303,LOW,0,LOW,0.09,TRUE_NEGATIVE
24,2006,1,WINTER,0,0.024094528,0.024094528,LOW,0,LOW,0.09,TRUE_NEGATIVE
25,2006,1,WINTER,0,0.100459695,0.100459695,HIGH,1,HIGH,0.09,FALSE_POSITIVE
26,2006,1,WINTER,0,0.013959786,0.013959786,LOW,0,LOW,0.09,TRUE_NEGATIVE
27,2006,1,WINTER,0,0.052998725,0.052998725,MODERATE,0,MODERATE,0.09,TRUE_NEGATIVE
28,2006,1,WINTER,0,0.042513885,0.042513885,LOW,0,LOW,0.09,TRUE_NEGATIVE
29,2006,1,WINTER,0,0.1020695,0.1020695,HIGH,1,HIGH,0.09,FALSE_POSITIVE
30,2006,1,WINTER,0,0.013232525,0.013232525,LOW,0,LOW,0.09,TRUE_NEGATIVE
31,2006,1,WINTER,0,0.014987108,0.014987108,LOW,0,LOW,0.09,TRUE_NEGATIVE
32,2006,1,WINTER,0,0.012094396,0.012094396,LOW,0,LOW,0.09,TRUE_NEGATIVE
33,2006,1,WINTER,0,0.011397093,0.011397093,LOW,0,LOW,0.09,TRUE_NEGATIVE
34,2006,1,WINTER,0,0.0070525995,0.0070525995,LOW,0,LOW,0.09,TRUE_NEGATIVE
35,2006,1,WINTER,0,0.011041289,0.011041289,LOW,0,LOW,0.09,TRUE_NEGATIVE
0,2006,11,POST_MONSOON,0,0.032250665,0.032250665,LOW,0,LOW,0.09,TRUE_NEGATIVE
1,2006,11,POST_MONSOON,0,0.018349674,0.018349674,LOW,0,LOW,0.09,TRUE_NEGATIVE
2,2006,11,POST_MONSOON,0,0.024668096,0.024668096,LOW,0,LOW,0.09,TRUE_NEGATIVE
3,2006,11,POST_MONSOON,0,0.0067674234,0.0067674234,LOW,0,LOW,0.09,TRUE_NEGATIVE
4,2006,11,POST_MONSOON,0,0.0071763922,0.0071763922,LOW,0,LOW,0.09,TRUE_NEGATIVE
5,2006,11,POST_MONSOON,0,0.0132178515,0.0132178515,LOW,0,LOW,0.09,TRUE_NEGATIVE
6,2006,11,POST_MONSOON,0,0.044135097,0.044135097,LOW,0,LOW,0.09,TRUE_NEGATIVE
7,2006,11,POST_MONSOON,0,0.0059849434,0.0059849434,LOW,0,LOW,0.09,TRUE_NEGATIVE
8,2006,11,POST_MONSOON,0,0.0067994827,0.0067994827,LOW,0,LOW,0.09,TRUE_NEGATIVE
9,2006,11,POST_MONSOON,0,0.006011933,0.006011933,LOW,0,LOW,0.09,TRUE_NEGATIVE
10,2006,11,POST_MONSOON,0,0.009411714,0.009411714,LOW,0,LOW,0.09,TRUE_NEGATIVE
11,2006,11,POST_MONSOON,0,0.007074201,0.007074201,LOW,0,LOW,0.09,TRUE_NEGATIVE
12,2006,11,POST_MONSOON,0,0.006453451,0.006453451,LOW,0,LOW,0.09,TRUE_NEGATIVE
13,2006,11,POST_MONSOON,0,0.006565742,0.006565742,LOW,0,LOW,0.09,TRUE_NEGATIVE
14,2006,11,POST_MONSOON,0,0.007169995,0.007169995,LOW,0,LOW,0.09,TRUE_NEGATIVE
15,2006,11,POST_MONSOON,0,0.0063491114,0.0063491114,LOW,0,LOW,0.09,TRUE_NEGATIVE
16,2006,11,POST_MONSOON,0,0.04051276,0.04051276,LOW,0,LOW,0.09,TRUE_NEGATIVE
17,2006,11,POST_MONSOON,0,0.018179724,0.018179724,LOW,0,LOW,0.09,TRUE_NEGATIVE
18,2006,11,POST_MONSOON,0,0.00905975,0.00905975,LOW,0,LOW,0.09,TRUE_NEGATIVE
19,2006,11,POST_MONSOON,0,0.006315373,0.006315373,LOW,0,LOW,0.09,TRUE_NEGATIVE
20,2006,11,POST_MONSOON,0,0.01753889,0.01753889,LOW,0,LOW,0.09,TRUE_NEGATIVE
21,2006,11,POST_MONSOON,0,0.011013737,0.011013737,LOW,0,LOW,0.09,TRUE_NEGATIVE
22,2006,11,POST_MONSOON,0,0.010278687,0.010278687,LOW,0,LOW,0.09,TRUE_NEGATIVE
23,2006,11,POST_MONSOON,0,0.009061479,0.009061479,LOW,0,LOW,0.09,TRUE_NEGATIVE
24,2006,11,POST_MONSOON,0,0.007234517,0.007234517,LOW,0,LOW,0.09,TRUE_NEGATIVE
25,2006,11,POST_MONSOON,0,0.055264518,0.055264518,MODERATE,0,MODERATE,0.09,TRUE_NEGATIVE
26,2006,11,POST_MONSOON,0,0.006891648,0.006891648,LOW,0,LOW,0.09,TRUE_NEGATIVE
27,2006,11,POST_MONSOON,0,0.009563356,0.009563356,LOW,0,LOW,0.09,TRUE_NEGATIVE
28,2006,11,POST_MONSOON,0,0.011438126,0.011438126,LOW,0,LOW,0.09,TRUE_NEGATIVE
29,2006,11,POST_MONSOON,0,0.06231875,0.06231875,MODERATE,0,MODERATE,0.09,TRUE_NEGATIVE
30,2006,11,POST_MONSOON,0,0.006762864,0.006762864,LOW,0,LOW,0.09,TRUE_NEGATIVE
31,2006,11,POST_MONSOON,0,0.005554319,0.005554319,LOW,0,LOW,0.09,TRUE_NEGATIVE
32,2006,11,POST_MONSOON,0,0.0056815282,0.0056815282,LOW,0,LOW,0.09,TRUE_NEGATIVE
33,2006,11,POST_MONSOON,0,0.00559378,0.00559378,LOW,0,LOW,0.09,TRUE_NEGATIVE
34,2006,11,POST_MONSOON,0,0.00588634,0.00588634,LOW,0,LOW,0.09,TRUE_NEGATIVE
35,2006,11,POST_MONSOON,0,0.005555433,0.005555433,LOW,0,LOW,0.09,TRUE_NEGATIVE
0,2006,10,POST_MONSOON,0,0.012094772,0.012094772,LOW,0,LOW,0.09,TRUE_NEGATIVE
1,2006,10,POST_MONSOON,0,0.006511752,0.006511752,LOW,0,LOW,0.09,TRUE_NEGATIVE
2,2006,10,POST_MONSOON,0,0.006371617,0.006371617,LOW,0,LOW,0.09,TRUE_NEGATIVE
3,2006,10,POST_MONSOON,0,0.005187493,0.005187493,LOW,0,LOW,0.09,TRUE_NEGATIVE
4,2006,10,POST_MONSOON,0,0.00499935,0.00499935,LOW,0,LOW,0.09,TRUE_NEGATIVE
5,2006,10,POST_MONSOON,0,0.0051623015,0.0051623015,LOW,0,LOW,0.09,TRUE_NEGATIVE
6,2006,10,POST_MONSOON,0,0.0060858727,0.0060858727,LOW,0,LOW,0.09,TRUE_NEGATIVE
7,2006,10,POST_MONSOON,0,0.0050053094,0.0050053094,LOW,0,LOW,0.09,TRUE_NEGATIVE
8,2006,10,POST_MONSOON,0,0.0049100653,0.0049100653,LOW,0,LOW,0.09,TRUE_NEGATIVE
9,2006,10,POST_MONSOON,0,0.0053384327,0.0053384327,LOW,0,LOW,0.09,TRUE_NEGATIVE
10,2006,10,POST_MONSOON,0,0.0054867836,0.0054867836,LOW,0,LOW,0.09,TRUE_NEGATIVE
11,2006,10,POST_MONSOON,0,0.00501655,0.00501655,LOW,0,LOW,0.09,TRUE_NEGATIVE
12,2006,10,POST_MONSOON,0,0.0050527803,0.0050527803,LOW,0,LOW,0.09,TRUE_NEGATIVE
13,2006,10,POST_MONSOON,1,0.005620551,0.005620551,LOW,0,LOW,0.09,FALSE_NEGATIVE
14,2006,10,POST_MONSOON,0,0.005594194,0.005594194,LOW,0,LOW,0.09,TRUE_NEGATIVE
15,2006,10,POST_MONSOON,0,0.005040844,0.005040844,LOW,0,LOW,0.09,TRUE_NEGATIVE
16,2006,10,POST_MONSOON,0,0.022857927,0.022857927,LOW,0,LOW,0.09,TRUE_NEGATIVE
17,2006,10,POST_MONSOON,0,0.005799133,0.005799133,LOW,0,LOW,0.09,TRUE_NEGATIVE
18,2006,10,POST_MONSOON,0,0.0059309346,0.0059309346,LOW,0,LOW,0.09,TRUE_NEGATIVE
19,2006,10,POST_MONSOON,0,0.0048863795,0.0048863795,LOW,0,LOW,0.09,TRUE_NEGATIVE
20,2006,10,POST_MONSOON,0,0.005174067,0.005174067,LOW,0,LOW,0.09,TRUE_NEGATIVE
21,2006,10,POST_MONSOON,0,0.0058940127,0.0058940127,LOW,0,LOW,0.09,TRUE_NEGATIVE
22,2006,10,POST_MONSOON,0,0.006194331,0.006194331,LOW,0,LOW,0.09,TRUE_NEGATIVE
23,2006,10,POST_MONSOON,0,0.005255659,0.005255659,LOW,0,LOW,0.09,TRUE_NEGATIVE
24,2006,10,POST_MONSOON,0,0.0050599915,0.0050599915,LOW,0,LOW,0.09,TRUE_NEGATIVE
25,2006,10,POST_MONSOON,0,0.010720745,0.010720745,LOW,0,LOW,0.09,TRUE_NEGATIVE
26,2006,10,POST_MONSOON,0,0.0048807114,0.0048807114,LOW,0,LOW,0.09,TRUE_NEGATIVE
27,2006,10,POST_MONSOON,0,0.0053597717,0.0053597717,LOW,0,LOW,0.09,TRUE_NEGATIVE
28,2006,10,POST_MONSOON,0,0.005288955,0.005288955,LOW,0,LOW,0.09,TRUE_NEGATIVE
29,2006,10,POST_MONSOON,0,0.03534023,0.03534023,LOW,0,LOW,0.09,TRUE_NEGATIVE
30,2006,10,POST_MONSOON,0,0.0047348454,0.0047348454,LOW,0,LOW,0.09,TRUE_NEGATIVE
31,2006,10,POST_MONSOON,0,0.0047105583,0.0047105583,LOW,0,LOW,0.09,TRUE_NEGATIVE
32,2006,10,POST_MONSOON,0,0.0047106724,0.0047106724,LOW,0,LOW,0.09,TRUE_NEGATIVE
33,2006,10,POST_MONSOON,0,0.004730228,0.004730228,LOW,0,LOW,0.09,TRUE_NEGATIVE
34,2006,10,POST_MONSOON,0,0.004758663,0.004758663,LOW,0,LOW,0.09,TRUE_NEGATIVE
35,2006,10,POST_MONSOON,0,0.004820167,0.004820167,LOW,0,LOW,0.09,TRUE_NEGATIVE
0,2006,9,MONSOON,0,0.00625854,0.00625854,LOW,0,LOW,0.09,TRUE_NEGATIVE
1,2006,9,MONSOON,0,0.007990515,0.007990515,LOW,0,LOW,0.09,TRUE_NEGATIVE
2,2006,9,MONSOON,0,0.006765507,0.006765507,LOW,0,LOW,0.09,TRUE_NEGATIVE
3,2006,9,MONSOON,0,0.005019895,0.005019895,LOW,0,LOW,0.09,TRUE_NEGATIVE
4,2006,9,MONSOON,0,0.0048129284,0.0048129284,LOW,0,LOW,0.09,TRUE_NEGATIVE
5,2006,9,MONSOON,0,0.004950743,0.004950743,LOW,0,LOW,0.09,TRUE_NEGATIVE
6,2006,9,MONSOON,0,0.0058193393,0.0058193393,LOW,0,LOW,0.09,TRUE_NEGATIVE
7,2006,9,MONSOON,0,0.0049600936,0.0049600936,LOW,0,LOW,0.09,TRUE_NEGATIVE
8,2006,9,MONSOON,0,0.004870733,0.004870733,LOW,0,LOW,0.09,TRUE_NEGATIVE
9,2006,9,MONSOON,0,0.0048738774,0.0048738774,LOW,0,LOW,0.09,TRUE_NEGATIVE
10,2006,9,MONSOON,0,0.0055120336,0.0055120336,LOW,0,LOW,0.09,TRUE_NEGATIVE
11,2006,9,MONSOON,0,0.0048805512,0.0048805512,LOW,0,LOW,0.09,TRUE_NEGATIVE
12,2006,9,MONSOON,0,0.005068814,0.005068814,LOW,0,LOW,0.09,TRUE_NEGATIVE
13,2006,9,MONSOON,1,0.008451982,0.008451982,LOW,0,LOW,0.09,FALSE_NEGATIVE
14,2006,9,MONSOON,0,0.00579642,0.00579642,LOW,0,LOW,0.09,TRUE_NEGATIVE
15,2006,9,MONSOON,0,0.0049131117,0.0049131117,LOW,0,LOW,0.09,TRUE_NEGATIVE
16,2006,9,MONSOON,0,0.00680387,0.00680387,LOW,0,LOW,0.09,TRUE_NEGATIVE
17,2006,9,MONSOON,0,0.0056187096,0.0056187096,LOW,0,LOW,0.09,TRUE_NEGATIVE
18,2006,9,MONSOON,0,0.0053772866,0.0053772866,LOW,0,LOW,0.09,TRUE_NEGATIVE
19,2006,9,MONSOON,0,0.005019657,0.005019657,LOW,0,LOW,0.09,TRUE_NEGATIVE
20,2006,9,MONSOON,0,0.0051004253,0.0051004253,LOW,0,LOW,0.09,TRUE_NEGATIVE
21,2006,9,MONSOON,0,0.0060532284,0.0060532284,LOW,0,LOW,0.09,TRUE_NEGATIVE
22,2006,9,MONSOON,0,0.0052801594,0.0052801594,LOW,0,LOW,0.09,TRUE_NEGATIVE
23,2006,9,MONSOON,0,0.005233216,0.005233216,LOW,0,LOW,0.09,TRUE_NEGATIVE
24,2006,9,MONSOON,0,0.004999912,0.004999912,LOW,0,LOW,0.09,TRUE_NEGATIVE
25,2006,9,MONSOON,0,0.0056706527,0.0056706527,LOW,0,LOW,0.09,TRUE_NEGATIVE
26,2006,9,MONSOON,0,0.004935737,0.004935737,LOW,0,LOW,0.09,TRUE_NEGATIVE
27,2006,9,MONSOON,0,0.0068986975,0.0068986975,LOW,0,LOW,0.09,TRUE_NEGATIVE
28,2006,9,MONSOON,0,0.0055833263,0.0055833263,LOW,0,LOW,0.09,TRUE_NEGATIVE
29,2006,9,MONSOON,0,0.009320649,0.009320649,LOW,0,LOW,0.09,TRUE_NEGATIVE
30,2006,9,MONSOON,0,0.0047793305,0.0047793305,LOW,0,LOW,0.09,TRUE_NEGATIVE
31,2006,9,MONSOON,0,0.004743365,0.004743365,LOW,0,LOW,0.09,TRUE_NEGATIVE
32,2006,9,MONSOON,0,0.004783662,0.004783662,LOW,0,LOW,0.09,TRUE_NEGATIVE
33,2006,9,MONSOON,0,0.0046777735,0.0046777735,LOW,0,LOW,0.09,TRUE_NEGATIVE
34,2006,9,MONSOON,0,0.0048398096,0.0048398096,LOW,0,LOW,0.09,TRUE_NEGATIVE
35,2006,9,MONSOON,0,0.0047965464,0.0047965464,LOW,0,LOW,0.09,TRUE_NEGATIVE
0,2006,2,WINTER,0,0.0076284157,0.0076284157,LOW,0,LOW,0.09,TRUE_NEGATIVE
1,2006,2,WINTER,0,0.01815238,0.01815238,LOW,0,LOW,0.09,TRUE_NEGATIVE
2,2006,2,WINTER,0,0.00671748,0.00671748,LOW,0,LOW,0.09,TRUE_NEGATIVE
3,2006,2,WINTER,0,0.0052073346,0.0052073346,LOW,0,LOW,0.09,TRUE_NEGATIVE
4,2006,2,WINTER,0,0.004905008,0.004905008,LOW,0,LOW,0.09,TRUE_NEGATIVE
5,2006,2,WINTER,0,0.004830978,0.004830978,LOW,0,LOW,0.09,TRUE_NEGATIVE
6,2006,2,WINTER,0,0.0058551766,0.0058551766,LOW,0,LOW,0.09,TRUE_NEGATIVE
7,2006,2,WINTER,0,0.0050218455,0.0050218455,LOW,0,LOW,0.09,TRUE_NEGATIVE
8,2006,2,WINTER,0,0.005027684,0.005027684,LOW,0,LOW,0.09,TRUE_NEGATIVE
9,2006,2,WINTER,0,0.004933147,0.004933147,LOW,0,LOW,0.09,TRUE_NEGATIVE
10,2006,2,WINTER,0,0.0052405144,0.0052405144,LOW,0,LOW,0.09,TRUE_NEGATIVE
11,2006,2,WINTER,0,0.004930119,0.004930119,LOW,0,LOW,0.09,TRUE_NEGATIVE
12,2006,2,WINTER,0,0.005091529,0.005091529,LOW,0,LOW,0.09,TRUE_NEGATIVE
13,2006,2,WINTER,1,0.021057582,0.021057582,LOW,0,LOW,0.09,FALSE_NEGATIVE
14,2006,2,WINTER,0,0.01394477,0.01394477,LOW,0,LOW,0.09,TRUE_NEGATIVE
15,2006,2,WINTER,0,0.005331773,0.005331773,LOW,0,LOW,0.09,TRUE_NEGATIVE
16,2006,2,WINTER,0,0.007820586,0.007820586,LOW,0,LOW,0.09,TRUE_NEGATIVE
17,2006,2,WINTER,0,0.005470616,0.005470616,LOW,0,LOW,0.09,TRUE_NEGATIVE
18,2006,2,WINTER,0,0.0076149055,0.0076149055,LOW,0,LOW,0.09,TRUE_NEGATIVE
19,2006,2,WINTER,0,0.004950717,0.004950717,LOW,0,LOW,0.09,TRUE_NEGATIVE
20,2006,2,WINTER,0,0.0052782837,0.0052782837,LOW,0,LOW,0.09,TRUE_NEGATIVE
21,2006,2,WINTER,0,0.005794865,0.005794865,LOW,0,LOW,0.09,TRUE_NEGATIVE
22,2006,2,WINTER,0,0.005026253,0.005026253,LOW,0,LOW,0.09,TRUE_NEGATIVE
23,2006,2,WINTER,0,0.005217417,0.005217417,LOW,0,LOW,0.09,TRUE_NEGATIVE
24,2006,2,WINTER,0,0.0051490776,0.0051490776,LOW,0,LOW,0.09,TRUE_NEGATIVE
25,2006,2,WINTER,0,0.005388816,0.005388816,LOW,0,LOW,0.09,TRUE_NEGATIVE
26,2006,2,WINTER,0,0.0049843458,0.0049843458,LOW,0,LOW,0.09,TRUE_NEGATIVE
27,2006,2,WINTER,0,0.0058628474,0.0058628474,LOW,0,LOW,0.09,TRUE_NEGATIVE
28,2006,2,WINTER,0,0.00573351,0.00573351,LOW,0,LOW,0.09,TRUE_NEGATIVE
29,2006,2,WINTER,0,0.0058985655,0.0058985655,LOW,0,LOW,0.09,TRUE_NEGATIVE
30,2006,2,WINTER,0,0.004808954,0.004808954,LOW,0,LOW,0.09,TRUE_NEGATIVE
31,2006,2,WINTER,0,0.005491308,0.005491308,LOW,0,LOW,0.09,TRUE_NEGATIVE
32,2006,2,WINTER,0,0.0047097737,0.0047097737,LOW,0,LOW,0.09,TRUE_NEGATIVE
33,2006,2,WINTER,0,0.004750504,0.004750504,LOW,0,LOW,0.09,TRUE_NEGATIVE
34,2006,2,WINTER,0,0.004872684,0.004872684,LOW,0,LOW,0.09,TRUE_NEGATIVE
35,2006,2,WINTER,0,0.004978175,0.004978175,LOW,0,LOW,0.09,TRUE_NEGATIVE
0,2007,4,PRE_MONSOON,0,0.019464264,0.019464264,LOW,0,LOW,0.09,TRUE_NEGATIVE
1,2007,4,PRE_MONSOON,0,0.05558256,0.05558256,MODERATE,0,MODERATE,0.09,TRUE_NEGATIVE
2,2007,4,PRE_MONSOON,0,0.0331968,0.0331968,LOW,0,LOW,0.09,TRUE_NEGATIVE
3,2007,4,PRE_MONSOON,0,0.007575897,0.007575897,LOW,0,LOW,0.09,TRUE_NEGATIVE
4,2007,4,PRE_MONSOON,0,0.007396913,0.007396913,LOW,0,LOW,0.09,TRUE_NEGATIVE
5,2007,4,PRE_MONSOON,0,0.005574948,0.005574948,LOW,0,LOW,0.09,TRUE_NEGATIVE
6,2007,4,PRE_MONSOON,0,0.0055075865,0.0055075865,LOW,0,LOW,0.09,TRUE_NEGATIVE
7,2007,4,PRE_MONSOON,0,0.008141738,0.008141738,LOW,0,LOW,0.09,TRUE_NEGATIVE
8,2007,4,PRE_MONSOON,0,0.0056673386,0.0056673386,LOW,0,LOW,0.09,TRUE_NEGATIVE
9,2007,4,PRE_MONSOON,0,0.0065538124,0.0065538124,LOW,0,LOW,0.09,TRUE_NEGATIVE
10,2007,4,PRE_MONSOON,0,0.0071700555,0.0071700555,LOW,0,LOW,0.09,TRUE_NEGATIVE
11,2007,4,PRE_MONSOON,0,0.005054384,0.005054384,LOW,0,LOW,0.09,TRUE_NEGATIVE
12,2007,4,PRE_MONSOON,0,0.0063002286,0.0063002286,LOW,0,LOW,0.09,TRUE_NEGATIVE
13,2007,4,PRE_MONSOON,0,0.030294128,0.030294128,LOW,0,LOW,0.09,TRUE_NEGATIVE
14,2007,4,PRE_MONSOON,1,0.018640686,0.018640686,LOW,0,LOW,0.09,FALSE_NEGATIVE
15,2007,4,PRE_MONSOON,0,0.009506636,0.009506636,LOW,0,LOW,0.09,TRUE_NEGATIVE
16,2007,4,PRE_MONSOON,0,0.0161238,0.0161238,LOW,0,LOW,0.09,TRUE_NEGATIVE
17,2007,4,PRE_MONSOON,0,0.005708283,0.005708283,LOW,0,LOW,0.09,TRUE_NEGATIVE
18,2007,4,PRE_MONSOON,0,0.011298206,0.011298206,LOW,0,LOW,0.09,TRUE_NEGATIVE
19,2007,4,PRE_MONSOON,0,0.0053967293,0.0053967293,LOW,0,LOW,0.09,TRUE_NEGATIVE
20,2007,4,PRE_MONSOON,0,0.0059649637,0.0059649637,LOW,0,LOW,0.09,TRUE_NEGATIVE
21,2007,4,PRE_MONSOON,0,0.01093297,0.01093297,LOW,0,LOW,0.09,TRUE_NEGATIVE
22,2007,4,PRE_MONSOON,0,0.006232284,0.006232284,LOW,0,LOW,0.09,TRUE_NEGATIVE
23,2007,4,PRE_MONSOON,0,0.0071477722,0.0071477722,LOW,0,LOW,0.09,TRUE_NEGATIVE
24,2007,4,PRE_MONSOON,0,0.0069150706,0.0069150706,LOW,0,LOW,0.09,TRUE_NEGATIVE
25,2007,4,PRE_MONSOON,0,0.0051439772,0.0051439772,LOW,0,LOW,0.09,TRUE_NEGATIVE
26,2007,4,PRE_MONSOON,0,0.005191104,0.005191104,LOW,0,LOW,0.09,TRUE_NEGATIVE
27,2007,4,PRE_MONSOON,0,0.015211984,0.015211984,LOW,0,LOW,0.09,TRUE_NEGATIVE
28,2007,4,PRE_MONSOON,0,0.04599784,0.04599784,LOW,0,LOW,0.09,TRUE_NEGATIVE
29,2007,4,PRE_MONSOON,0,0.0057343203,0.0057343203,LOW,0,LOW,0.09,TRUE_NEGATIVE
30,2007,4,PRE_MONSOON,0,0.0051496685,0.0051496685,LOW,0,LOW,0.09,TRUE_NEGATIVE
31,2007,4,PRE_MONSOON,0,0.006438124,0.006438124,LOW,0,LOW,0.09,TRUE_NEGATIVE
32,2007,4,PRE_MONSOON,0,0.0050003245,0.0050003245,LOW,0,LOW,0.09,TRUE_NEGATIVE
33,2007,4,PRE_MONSOON,0,0.0050021564,0.0050021564,LOW,0,LOW,0.09,TRUE_NEGATIVE
34,2007,4,PRE_MONSOON,0,0.005956527,0.005956527,LOW,0,LOW,0.09,TRUE_NEGATIVE
35,2007,4,PRE_MONSOON,0,0.0051831957,0.0051831957,LOW,0,LOW,0.09,TRUE_NEGATIVE
0,2007,3,PRE_MONSOON,0,0.028701613,0.028701613,LOW,0,LOW,0.09,TRUE_NEGATIVE
1,2007,3,PRE_MONSOON,0,0.036466558,0.036466558,LOW,0,LOW,0.09,TRUE_NEGATIVE
2,2007,3,PRE_MONSOON,0,0.045559626,0.045559626,LOW,0,LOW,0.09,TRUE_NEGATIVE
3,2007,3,PRE_MONSOON,0,0.014215248,0.014215248,LOW,0,LOW,0.09,TRUE_NEGATIVE
4,2007,3,PRE_MONSOON,0,0.008893742,0.008893742,LOW,0,LOW,0.09,TRUE_NEGATIVE
5,2007,3,PRE_MONSOON,0,0.0055798087,0.0055798087,LOW,0,LOW,0.09,TRUE_NEGATIVE
6,2007,3,PRE_MONSOON,0,0.006355748,0.006355748,LOW,0,LOW,0.09,TRUE_NEGATIVE
7,2007,3,PRE_MONSOON,0,0.008869867,0.008869867,LOW,0,LOW,0.09,TRUE_NEGATIVE
8,2007,3,PRE_MONSOON,0,0.0054469006,0.0054469006,LOW,0,LOW,0.09,TRUE_NEGATIVE
9,2007,3,PRE_MONSOON,0,0.0058613247,0.0058613247,LOW,0,LOW,0.09,TRUE_NEGATIVE
10,2007,3,PRE_MONSOON,0,0.022295913,0.022295913,LOW,0,LOW,0.09,TRUE_NEGATIVE
11,2007,3,PRE_MONSOON,0,0.005433763,0.005433763,LOW,0,LOW,0.09,TRUE_NEGATIVE
12,2007,3,PRE_MONSOON,0,0.0056249765,0.0056249765,LOW,0,LOW,0.09,TRUE_NEGATIVE
13,2007,3,PRE_MONSOON,0,0.036954757,0.036954757,LOW,0,LOW,0.09,TRUE_NEGATIVE
14,2007,3,PRE_MONSOON,1,0.018882435,0.018882435,LOW,0,LOW,0.09,FALSE_NEGATIVE
15,2007,3,PRE_MONSOON,0,0.016462592,0.016462592,LOW,0,LOW,0.09,TRUE_NEGATIVE
16,2007,3,PRE_MONSOON,0,0.047575995,0.047575995,LOW,0,LOW,0.09,TRUE_NEGATIVE
17,2007,3,PRE_MONSOON,0,0.0066969446,0.0066969446,LOW,0,LOW,0.09,TRUE_NEGATIVE
18,2007,3,PRE_MONSOON,0,0.011242997,0.011242997,LOW,0,LOW,0.09,TRUE_NEGATIVE
19,2007,3,PRE_MONSOON,0,0.005798687,0.005798687,LOW,0,LOW,0.09,TRUE_NEGATIVE
20,2007,3,PRE_MONSOON,0,0.006184403,0.006184403,LOW,0,LOW,0.09,TRUE_NEGATIVE
21,2007,3,PRE_MONSOON,0,0.0329672,0.0329672,LOW,0,LOW,0.09,TRUE_NEGATIVE
22,2007,3,PRE_MONSOON,0,0.0066311737,0.0066311737,LOW,0,LOW,0.09,TRUE_NEGATIVE
23,2007,3,PRE_MONSOON,0,0.013596755,0.013596755,LOW,0,LOW,0.09,TRUE_NEGATIVE
24,2007,3,PRE_MONSOON,0,0.008213382,0.008213382,LOW,0,LOW,0.09,TRUE_NEGATIVE
25,2007,3,PRE_MONSOON,0,0.005289612,0.005289612,LOW,0,LOW,0.09,TRUE_NEGATIVE
26,2007,3,PRE_MONSOON,0,0.0057744207,0.0057744207,LOW,0,LOW,0.09,TRUE_NEGATIVE
27,2007,3,PRE_MONSOON,0,0.017691039,0.017691039,LOW,0,LOW,0.09,TRUE_NEGATIVE
28,2007,3,PRE_MONSOON,0,0.13871565,0.13871565,HIGH,1,HIGH,0.09,FALSE_POSITIVE
29,2007,3,PRE_MONSOON,0,0.006476434,0.006476434,LOW,0,LOW,0.09,TRUE_NEGATIVE
30,2007,3,PRE_MONSOON,0,0.0057571097,0.0057571097,LOW,0,LOW,0.09,TRUE_NEGATIVE
31,2007,3,PRE_MONSOON,0,0.0075880564,0.0075880564,LOW,0,LOW,0.09,TRUE_NEGATIVE
32,2007,3,PRE_MONSOON,0,0.0054727565,0.0054727565,LOW,0,LOW,0.09,TRUE_NEGATIVE
33,2007,3,PRE_MONSOON,0,0.0052168486,0.0052168486,LOW,0,LOW,0.09,TRUE_NEGATIVE
34,2007,3,PRE_MONSOON,0,0.0052418145,0.0052418145,LOW,0,LOW,0.09,TRUE_NEGATIVE
35,2007,3,PRE_MONSOON,0,0.005572162,0.005572162,LOW,0,LOW,0.09,TRUE_NEGATIVE
0,2007,7,MONSOON,0,0.03633012,0.03633012,LOW,0,LOW,0.09,TRUE_NEGATIVE
1,2007,7,MONSOON,0,0.045862548,0.045862548,LOW,0,LOW,0.09,TRUE_NEGATIVE
2,2007,7,MONSOON,0,0.10567482,0.10567482,HIGH,1,HIGH,0.09,FALSE_POSITIVE
3,2007,7,MONSOON,0,0.023951743,0.023951743,LOW,0,LOW,0.09,TRUE_NEGATIVE
4,2007,7,MONSOON,0,0.028058369,0.028058369,LOW,0,LOW,0.09,TRUE_NEGATIVE
5,2007,7,MONSOON,0,0.040031392,0.040031392,LOW,0,LOW,0.09,TRUE_NEGATIVE
6,2007,7,MONSOON,0,0.063518,0.063518,MODERATE,0,MODERATE,0.09,TRUE_NEGATIVE
7,2007,7,MONSOON,0,0.011420471,0.011420471,LOW,0,LOW,0.09,TRUE_NEGATIVE
8,2007,7,MONSOON,0,0.009113546,0.009113546,LOW,0,LOW,0.09,TRUE_NEGATIVE
9,2007,7,MONSOON,0,0.0075125257,0.0075125257,LOW,0,LOW,0.09,TRUE_NEGATIVE
10,2007,7,MONSOON,0,0.05698646,0.05698646,MODERATE,0,MODERATE,0.09,TRUE_NEGATIVE
11,2007,7,MONSOON,0,0.012778555,0.012778555,LOW,0,LOW,0.09,TRUE_NEGATIVE
12,2007,7,MONSOON,0,0.009124809,0.009124809,LOW,0,LOW,0.09,TRUE_NEGATIVE
13,2007,7,MONSOON,0,0.034903914,0.034903914,LOW,0,LOW,0.09,TRUE_NEGATIVE
14,2007,7,MONSOON,1,0.05253995,0.05253995,MODERATE,0,MODERATE,0.09,FALSE_NEGATIVE
15,2007,7,MONSOON,0,0.028300446,0.028300446,LOW,0,LOW,0.09,TRUE_NEGATIVE
16,2007,7,MONSOON,0,0.11079923,0.11079923,HIGH,1,HIGH,0.09,FALSE_POSITIVE
17,2007,7,MONSOON,0,0.067286454,0.067286454,MODERATE,0,MODERATE,0.09,TRUE_NEGATIVE
18,2007,7,MONSOON,0,0.04270428,0.04270428,LOW,0,LOW,0.09,TRUE_NEGATIVE
19,2007,7,MONSOON,0,0.07201422,0.07201422,MODERATE,0,MODERATE,0.09,TRUE_NEGATIVE
20,2007,7,MONSOON,0,0.03962326,0.03962326,LOW,0,LOW,0.09,TRUE_NEGATIVE
21,2007,7,MONSOON,0,0.094936535,0.094936535,ELEVATED,1,ELEVATED,0.09,FALSE_POSITIVE
22,2007,7,MONSOON,0,0.030384144,0.030384144,LOW,0,LOW,0.09,TRUE_NEGATIVE
23,2007,7,MONSOON,0,0.07722611,0.07722611,MODERATE,0,MODERATE,0.09,TRUE_NEGATIVE
24,2007,7,MONSOON,0,0.023967044,0.023967044,LOW,0,LOW,0.09,TRUE_NEGATIVE
25,2007,7,MONSOON,0,0.027349394,0.027349394,LOW,0,LOW,0.09,TRUE_NEGATIVE
26,2007,7,MONSOON,0,0.0076245754,0.0076245754,LOW,0,LOW,0.09,TRUE_NEGATIVE
27,2007,7,MONSOON,0,0.08309442,0.08309442,MODERATE,0,MODERATE,0.09,TRUE_NEGATIVE
28,2007,7,MONSOON,0,0.15392584,0.15392584,CRITICAL,1,CRITICAL,0.09,FALSE_POSITIVE
29,2007,7,MONSOON,0,0.01842895,0.01842895,LOW,0,LOW,0.09,TRUE_NEGATIVE
30,2007,7,MONSOON,0,0.02275204,0.02275204,LOW,0,LOW,0.09,TRUE_NEGATIVE
31,2007,7,MONSOON,0,0.019184696,0.019184696,LOW,0,LOW,0.09,TRUE_NEGATIVE
32,2007,7,MONSOON,0,0.022849146,0.022849146,LOW,0,LOW,0.09,TRUE_NEGATIVE
33,2007,7,MONSOON,0,0.024467189,0.024467189,LOW,0,LOW,0.09,TRUE_NEGATIVE
34,2007,7,MONSOON,0,0.006760008,0.006760008,LOW,0,LOW,0.09,TRUE_NEGATIVE
35,2007,7,MONSOON,0,0.011694194,0.011694194,LOW,0,LOW,0.09,TRUE_NEGATIVE
0,2007,0,UNKNOWN,0,0.06764825,0.06764825,MODERATE,0,MODERATE,0.09,TRUE_NEGATIVE
1,2007,0,UNKNOWN,0,0.055387467,0.055387467,MODERATE,0,MODERATE,0.09,TRUE_NEGATIVE
2,2007,0,UNKNOWN,0,0.094365925,0.094365925,ELEVATED,1,ELEVATED,0.09,FALSE_POSITIVE
3,2007,0,UNKNOWN,0,0.09779852,0.09779852,ELEVATED,1,ELEVATED,0.09,FALSE_POSITIVE
4,2007,0,UNKNOWN,0,0.10131503,0.10131503,HIGH,1,HIGH,0.09,FALSE_POSITIVE
5,2007,0,UNKNOWN,0,0.111295745,0.111295745,HIGH,1,HIGH,0.09,FALSE_POSITIVE
6,2007,0,UNKNOWN,0,0.11438465,0.11438465,HIGH,1,HIGH,0.09,FALSE_POSITIVE
7,2007,0,UNKNOWN,1,0.061902203,0.061902203,MODERATE,0,MODERATE,0.09,FALSE_NEGATIVE
8,2007,0,UNKNOWN,0,0.06806573,0.06806573,MODERATE,0,MODERATE,0.09,TRUE_NEGATIVE
9,2007,0,UNKNOWN,0,0.037407707,0.037407707,LOW,0,LOW,0.09,TRUE_NEGATIVE
10,2007,0,UNKNOWN,0,0.09020188,0.09020188,ELEVATED,1,ELEVATED,0.09,FALSE_POSITIVE
11,2007,0,UNKNOWN,0,0.048825935,0.048825935,LOW,0,LOW,0.09,TRUE_NEGATIVE
12,2007,0,UNKNOWN,0,0.017219812,0.017219812,LOW,0,LOW,0.09,TRUE_NEGATIVE
13,2007,0,UNKNOWN,0,0.03618342,0.03618342,LOW,0,LOW,0.09,TRUE_NEGATIVE
14,2007,0,UNKNOWN,0,0.038464606,0.038464606,LOW,0,LOW,0.09,TRUE_NEGATIVE
15,2007,0,UNKNOWN,0,0.08131741,0.08131741,MODERATE,0,MODERATE,0.09,TRUE_NEGATIVE
16,2007,0,UNKNOWN,0,0.102461584,0.102461584,HIGH,1,HIGH,0.09,FALSE_POSITIVE
17,2007,0,UNKNOWN,0,0.100457326,0.100457326,HIGH,1,HIGH,0.09,FALSE_POSITIVE
18,2007,0,UNKNOWN,0,0.09737293,0.09737293,ELEVATED,1,ELEVATED,0.09,FALSE_POSITIVE
19,2007,0,UNKNOWN,0,0.13067466,0.13067466,HIGH,1,HIGH,0.09,FALSE_POSITIVE
20,2007,0,UNKNOWN,0,0.109454535,0.109454535,HIGH,1,HIGH,0.09,FALSE_POSITIVE
21,2007,0,UNKNOWN,0,0.098601215,0.098601215,ELEVATED,1,ELEVATED,0.09,FALSE_POSITIVE
22,2007,0,UNKNOWN,0,0.08629428,0.08629428,MODERATE,0,MODERATE,0.09,TRUE_NEGATIVE
23,2007,0,UNKNOWN,0,0.12202364,0.12202364,HIGH,1,HIGH,0.09,FALSE_POSITIVE
24,2007,0,UNKNOWN,0,0.07273038,0.07273038,MODERATE,0,MODERATE,0.09,TRUE_NEGATIVE
25,2007,0,UNKNOWN,0,0.075861275,0.075861275,MODERATE,0,MODERATE,0.09,TRUE_NEGATIVE
26,2007,0,UNKNOWN,0,0.019756664,0.019756664,LOW,0,LOW,0.09,TRUE_NEGATIVE
27,2007,0,UNKNOWN,0,0.12036002,0.12036002,HIGH,1,HIGH,0.09,FALSE_POSITIVE
28,2007,0,UNKNOWN,0,0.1313226,0.1313226,HIGH,1,HIGH,0.09,FALSE_POSITIVE
29,2007,0,UNKNOWN,0,0.04455161,0.04455161,LOW,0,LOW,0.09,TRUE_NEGATIVE
30,2007,0,UNKNOWN,0,0.064445704,0.064445704,MODERATE,0,MODERATE,0.09,TRUE_NEGATIVE
31,2007,0,UNKNOWN,0,0.034278546,0.034278546,LOW,0,LOW,0.09,TRUE_NEGATIVE
32,2007,0,UNKNOWN,0,0.116964296,0.116964296,HIGH,1,HIGH,0.09,FALSE_POSITIVE
33,2007,0,UNKNOWN,0,0.09292786,0.09292786,ELEVATED,1,ELEVATED,0.09,FALSE_POSITIVE
34,2007,0,UNKNOWN,0,0.015539329,0.015539329,LOW,0,LOW,0.09,TRUE_NEGATIVE
35,2007,0,UNKNOWN,0,0.03369744,0.03369744,LOW,0,LOW,0.09,TRUE_NEGATIVE
0,2007,8,MONSOON,0,0.13060819,0.13060819,HIGH,1,HIGH,0.09,FALSE_POSITIVE
1,2007,8,MONSOON,0,0.055136245,0.055136245,MODERATE,0,MODERATE,0.09,TRUE_NEGATIVE
2,2007,8,MONSOON,0,0.09596965,0.09596965,ELEVATED,1,ELEVATED,0.09,FALSE_POSITIVE
3,2007,8,MONSOON,0,0.1349362,0.1349362,HIGH,1,HIGH,0.09,FALSE_POSITIVE
4,2007,8,MONSOON,0,0.14067695,0.14067695,HIGH,1,HIGH,0.09,FALSE_POSITIVE
5,2007,8,MONSOON,0,0.13876443,0.13876443,HIGH,1,HIGH,0.09,FALSE_POSITIVE
6,2007,8,MONSOON,0,0.13630985,0.13630985,HIGH,1,HIGH,0.09,FALSE_POSITIVE
7,2007,8,MONSOON,1,0.1025348,0.1025348,HIGH,1,HIGH,0.09,TRUE_POSITIVE
8,2007,8,MONSOON,0,0.103171036,0.103171036,HIGH,1,HIGH,0.09,FALSE_POSITIVE
9,2007,8,MONSOON,0,0.07364414,0.07364414,MODERATE,0,MODERATE,0.09,TRUE_NEGATIVE
10,2007,8,MONSOON,0,0.10665533,0.10665533,HIGH,1,HIGH,0.09,FALSE_POSITIVE
11,2007,8,MONSOON,0,0.06935885,0.06935885,MODERATE,0,MODERATE,0.09,TRUE_NEGATIVE
12,2007,8,MONSOON,0,0.037500538,0.037500538,LOW,0,LOW,0.09,TRUE_NEGATIVE
13,2007,8,MONSOON,0,0.06934986,0.06934986,MODERATE,0,MODERATE,0.09,TRUE_NEGATIVE
14,2007,8,MONSOON,0,0.07956661,0.07956661,MODERATE,0,MODERATE,0.09,TRUE_NEGATIVE
15,2007,8,MONSOON,0,0.11200077,0.11200077,HIGH,1,HIGH,0.09,FALSE_POSITIVE
16,2007,8,MONSOON,0,0.10462564,0.10462564,HIGH,1,HIGH,0.09,FALSE_POSITIVE
17,2007,8,MONSOON,0,0.14142373,0.14142373,HIGH,1,HIGH,0.09,FALSE_POSITIVE
18,2007,8,MONSOON,0,0.13755865,0.13755865,HIGH,1,HIGH,0.09,FALSE_POSITIVE
19,2007,8,MONSOON,0,0.13829032,0.13829032,HIGH,1,HIGH,0.09,FALSE_POSITIVE
20,2007,8,MONSOON,0,0.120812066,0.120812066,HIGH,1,HIGH,0.09,FALSE_POSITIVE
21,2007,8,MONSOON,0,0.08596319,0.08596319,MODERATE,0,MODERATE,0.09,TRUE_NEGATIVE
22,2007,8,MONSOON,0,0.11229947,0.11229947,HIGH,1,HIGH,0.09,FALSE_POSITIVE
23,2007,8,MONSOON,0,0.12670435,0.12670435,HIGH,1,HIGH,0.09,FALSE_POSITIVE
24,2007,8,MONSOON,0,0.11504336,0.11504336,HIGH,1,HIGH,0.09,FALSE_POSITIVE
25,2007,8,MONSOON,0,0.09418899,0.09418899,ELEVATED,1,ELEVATED,0.09,FALSE_POSITIVE
26,2007,8,MONSOON,0,0.029528506,0.029528506,LOW,0,LOW,0.09,TRUE_NEGATIVE
27,2007,8,MONSOON,0,0.13853967,0.13853967,HIGH,1,HIGH,0.09,FALSE_POSITIVE
28,2007,8,MONSOON,0,0.12880778,0.12880778,HIGH,1,HIGH,0.09,FALSE_POSITIVE
29,2007,8,MONSOON,0,0.08119954,0.08119954,MODERATE,0,MODERATE,0.09,TRUE_NEGATIVE
30,2007,8,MONSOON,0,0.12251729,0.12251729,HIGH,1,HIGH,0.09,FALSE_POSITIVE
31,2007,8,MONSOON,0,0.029190747,0.029190747,LOW,0,LOW,0.09,TRUE_NEGATIVE
32,2007,8,MONSOON,0,0.14334482,0.14334482,HIGH,1,HIGH,0.09,FALSE_POSITIVE
33,2007,8,MONSOON,0,0.106785156,0.106785156,HIGH,1,HIGH,0.09,FALSE_POSITIVE
34,2007,8,MONSOON,0,0.04536249,0.04536249,LOW,0,LOW,0.09,TRUE_NEGATIVE
35,2007,8,MONSOON,0,0.07456934,0.07456934,MODERATE,0,MODERATE,0.09,TRUE_NEGATIVE
0,2007,6,MONSOON,0,0.10794623,0.10794623,HIGH,1,HIGH,0.09,FALSE_POSITIVE
1,2007,6,MONSOON,0,0.052009393,0.052009393,MODERATE,0,MODERATE,0.09,TRUE_NEGATIVE
2,2007,6,MONSOON,0,0.08794809,0.08794809,MODERATE,0,MODERATE,0.09,TRUE_NEGATIVE
3,2007,6,MONSOON,0,0.13214748,0.13214748,HIGH,1,HIGH,0.09,FALSE_POSITIVE
4,2007,6,MONSOON,0,0.13202335,0.13202335,HIGH,1,HIGH,0.09,FALSE_POSITIVE
5,2007,6,MONSOON,0,0.097524926,0.097524926,ELEVATED,1,ELEVATED,0.09,FALSE_POSITIVE
6,2007,6,MONSOON,0,0.11726618,0.11726618,HIGH,1,HIGH,0.09,FALSE_POSITIVE
7,2007,6,MONSOON,1,0.09920293,0.09920293,ELEVATED,1,ELEVATED,0.09,TRUE_POSITIVE
8,2007,6,MONSOON,0,0.09669828,0.09669828,ELEVATED,1,ELEVATED,0.09,FALSE_POSITIVE
9,2007,6,MONSOON,0,0.09825065,0.09825065,ELEVATED,1,ELEVATED,0.09,FALSE_POSITIVE
10,2007,6,MONSOON,0,0.103182726,0.103182726,HIGH,1,HIGH,0.09,FALSE_POSITIVE
11,2007,6,MONSOON,0,0.109666795,0.109666795,HIGH,1,HIGH,0.09,FALSE_POSITIVE
12,2007,6,MONSOON,0,0.052230623,0.052230623,MODERATE,0,MODERATE,0.09,TRUE_NEGATIVE
13,2007,6,MONSOON,0,0.08218829,0.08218829,MODERATE,0,MODERATE,0.09,TRUE_NEGATIVE
14,2007,6,MONSOON,0,0.092673,0.092673,ELEVATED,1,ELEVATED,0.09,FALSE_POSITIVE
15,2007,6,MONSOON,0,0.10949079,0.10949079,HIGH,1,HIGH,0.09,FALSE_POSITIVE
16,2007,6,MONSOON,0,0.10858609,0.10858609,HIGH,1,HIGH,0.09,FALSE_POSITIVE
17,2007,6,MONSOON,0,0.13747215,0.13747215,HIGH,1,HIGH,0.09,FALSE_POSITIVE
18,2007,6,MONSOON,0,0.12800464,0.12800464,HIGH,1,HIGH,0.09,FALSE_POSITIVE
19,2007,6,MONSOON,0,0.14218615,0.14218615,HIGH,1,HIGH,0.09,FALSE_POSITIVE
20,2007,6,MONSOON,0,0.10951802,0.10951802,HIGH,1,HIGH,0.09,FALSE_POSITIVE
21,2007,6,MONSOON,0,0.07826512,0.07826512,MODERATE,0,MODERATE,0.09,TRUE_NEGATIVE
22,2007,6,MONSOON,0,0.08831004,0.08831004,MODERATE,0,MODERATE,0.09,TRUE_NEGATIVE
23,2007,6,MONSOON,0,0.1328278,0.1328278,HIGH,1,HIGH,0.09,FALSE_POSITIVE
24,2007,6,MONSOON,0,0.10789678,0.10789678,HIGH,1,HIGH,0.09,FALSE_POSITIVE
25,2007,6,MONSOON,0,0.06837511,0.06837511,MODERATE,0,MODERATE,0.09,TRUE_NEGATIVE
26,2007,6,MONSOON,0,0.06428446,0.06428446,MODERATE,0,MODERATE,0.09,TRUE_NEGATIVE
27,2007,6,MONSOON,0,0.14066464,0.14066464,HIGH,1,HIGH,0.09,FALSE_POSITIVE
28,2007,6,MONSOON,0,0.12697995,0.12697995,HIGH,1,HIGH,0.09,FALSE_POSITIVE
29,2007,6,MONSOON,0,0.09039502,0.09039502,ELEVATED,1,ELEVATED,0.09,FALSE_POSITIVE
30,2007,6,MONSOON,0,0.09343786,0.09343786,ELEVATED,1,ELEVATED,0.09,FALSE_POSITIVE
31,2007,6,MONSOON,0,0.06512364,0.06512364,MODERATE,0,MODERATE,0.09,TRUE_NEGATIVE
32,2007,6,MONSOON,0,0.10172915,0.10172915,HIGH,1,HIGH,0.09,FALSE_POSITIVE
33,2007,6,MONSOON,0,0.12874864,0.12874864,HIGH,1,HIGH,0.09,FALSE_POSITIVE
34,2007,6,MONSOON,0,0.033211716,0.033211716,LOW,0,LOW,0.09,TRUE_NEGATIVE
35,2007,6,MONSOON,0,0.09022466,0.09022466,ELEVATED,1,ELEVATED,0.09,FALSE_POSITIVE
0,2007,5,PRE_MONSOON,0,0.11476722,0.11476722,HIGH,1,HIGH,0.09,FALSE_POSITIVE
1,2007,5,PRE_MONSOON,0,0.0581966,0.0581966,MODERATE,0,MODERATE,0.09,TRUE_NEGATIVE
2,2007,5,PRE_MONSOON,0,0.08479208,0.08479208,MODERATE,0,MODERATE,0.09,TRUE_NEGATIVE
3,2007,5,PRE_MONSOON,0,0.090781644,0.090781644,ELEVATED,1,ELEVATED,0.09,FALSE_POSITIVE
4,2007,5,PRE_MONSOON,0,0.119589865,0.119589865,HIGH,1,HIGH,0.09,FALSE_POSITIVE
5,2007,5,PRE_MONSOON,0,0.08754294,0.08754294,MODERATE,0,MODERATE,0.09,TRUE_NEGATIVE
6,2007,5,PRE_MONSOON,0,0.09760171,0.09760171,ELEVATED,1,ELEVATED,0.09,FALSE_POSITIVE
7,2007,5,PRE_MONSOON,1,0.10143195,0.10143195,HIGH,1,HIGH,0.09,TRUE_POSITIVE
8,2007,5,PRE_MONSOON,0,0.07503707,0.07503707,MODERATE,0,MODERATE,0.09,TRUE_NEGATIVE
9,2007,5,PRE_MONSOON,0,0.055212818,0.055212818,MODERATE,0,MODERATE,0.09,TRUE_NEGATIVE
10,2007,5,PRE_MONSOON,0,0.06600017,0.06600017,MODERATE,0,MODERATE,0.09,TRUE_NEGATIVE
11,2007,5,PRE_MONSOON,0,0.08109582,0.08109582,MODERATE,0,MODERATE,0.09,TRUE_NEGATIVE
12,2007,5,PRE_MONSOON,0,0.017941458,0.017941458,LOW,0,LOW,0.09,TRUE_NEGATIVE
13,2007,5,PRE_MONSOON,0,0.08046711,0.08046711,MODERATE,0,MODERATE,0.09,TRUE_NEGATIVE
14,2007,5,PRE_MONSOON,0,0.061822392,0.061822392,MODERATE,0,MODERATE,0.09,TRUE_NEGATIVE
15,2007,5,PRE_MONSOON,0,0.06760648,0.06760648,MODERATE,0,MODERATE,0.09,TRUE_NEGATIVE
16,2007,5,PRE_MONSOON,0,0.10492144,0.10492144,HIGH,1,HIGH,0.09,FALSE_POSITIVE
17,2007,5,PRE_MONSOON,0,0.0602642,0.0602642,MODERATE,0,MODERATE,0.09,TRUE_NEGATIVE
18,2007,5,PRE_MONSOON,0,0.061521348,0.061521348,MODERATE,0,MODERATE,0.09,TRUE_NEGATIVE
19,2007,5,PRE_MONSOON,0,0.086242236,0.086242236,MODERATE,0,MODERATE,0.09,TRUE_NEGATIVE
20,2007,5,PRE_MONSOON,0,0.11183343,0.11183343,HIGH,1,HIGH,0.09,FALSE_POSITIVE
21,2007,5,PRE_MONSOON,0,0.064179406,0.064179406,MODERATE,0,MODERATE,0.09,TRUE_NEGATIVE
22,2007,5,PRE_MONSOON,0,0.09813905,0.09813905,ELEVATED,1,ELEVATED,0.09,FALSE_POSITIVE
23,2007,5,PRE_MONSOON,0,0.065515,0.065515,MODERATE,0,MODERATE,0.09,TRUE_NEGATIVE
24,2007,5,PRE_MONSOON,0,0.102161966,0.102161966,HIGH,1,HIGH,0.09,FALSE_POSITIVE
25,2007,5,PRE_MONSOON,0,0.07926736,0.07926736,MODERATE,0,MODERATE,0.09,TRUE_NEGATIVE
26,2007,5,PRE_MONSOON,0,0.034803007,0.034803007,LOW,0,LOW,0.09,TRUE_NEGATIVE
27,2007,5,PRE_MONSOON,0,0.10225405,0.10225405,HIGH,1,HIGH,0.09,FALSE_POSITIVE
28,2007,5,PRE_MONSOON,0,0.08394014,0.08394014,MODERATE,0,MODERATE,0.09,TRUE_NEGATIVE
29,2007,5,PRE_MONSOON,0,0.10353542,0.10353542,HIGH,1,HIGH,0.09,FALSE_POSITIVE
30,2007,5,PRE_MONSOON,0,0.104179524,0.104179524,HIGH,1,HIGH,0.09,FALSE_POSITIVE
31,2007,5,PRE_MONSOON,0,0.05396739,0.05396739,MODERATE,0,MODERATE,0.09,TRUE_NEGATIVE
32,2007,5,PRE_MONSOON,0,0.08372266,0.08372266,MODERATE,0,MODERATE,0.09,TRUE_NEGATIVE
33,2007,5,PRE_MONSOON,0,0.09251485,0.09251485,ELEVATED,1,ELEVATED,0.09,FALSE_POSITIVE
34,2007,5,PRE_MONSOON,0,0.0147788655,0.0147788655,LOW,0,LOW,0.09,TRUE_NEGATIVE
35,2007,5,PRE_MONSOON,0,0.07194876,0.07194876,MODERATE,0,MODERATE,0.09,TRUE_NEGATIVE
0,2007,1,WINTER,0,0.07780106,0.07780106,MODERATE,0,MODERATE,0.09,TRUE_NEGATIVE
1,2007,1,WINTER,0,0.047541212,0.047541212,LOW,0,LOW,0.09,TRUE_NEGATIVE
2,2007,1,WINTER,0,0.09513032,0.09513032,ELEVATED,1,ELEVATED,0.09,FALSE_POSITIVE
3,2007,1,WINTER,0,0.027044166,0.027044166,LOW,0,LOW,0.09,TRUE_NEGATIVE
4,2007,1,WINTER,0,0.03586691,0.03586691,LOW,0,LOW,0.09,TRUE_NEGATIVE
5,2007,1,WINTER,0,0.033219732,0.033219732,LOW,0,LOW,0.09,TRUE_NEGATIVE
6,2007,1,WINTER,0,0.07033111,0.07033111,MODERATE,0,MODERATE,0.09,TRUE_NEGATIVE
7,2007,1,WINTER,0,0.016808113,0.016808113,LOW,0,LOW,0.09,TRUE_NEGATIVE
8,2007,1,WINTER,0,0.014372464,0.014372464,LOW,0,LOW,0.09,TRUE_NEGATIVE
9,2007,1,WINTER,0,0.018594645,0.018594645,LOW,0,LOW,0.09,TRUE_NEGATIVE
10,2007,1,WINTER,0,0.031873163,0.031873163,LOW,0,LOW,0.09,TRUE_NEGATIVE
11,2007,1,WINTER,0,0.011766676,0.011766676,LOW,0,LOW,0.09,TRUE_NEGATIVE
12,2007,1,WINTER,0,0.0095640095,0.0095640095,LOW,0,LOW,0.09,TRUE_NEGATIVE
13,2007,1,WINTER,0,0.023722257,0.023722257,LOW,0,LOW,0.09,TRUE_NEGATIVE
14,2007,1,WINTER,0,0.02424307,0.02424307,LOW,0,LOW,0.09,TRUE_NEGATIVE
15,2007,1,WINTER,0,0.019530024,0.019530024,LOW,0,LOW,0.09,TRUE_NEGATIVE
16,2007,1,WINTER,0,0.092218034,0.092218034,ELEVATED,1,ELEVATED,0.09,FALSE_POSITIVE
17,2007,1,WINTER,0,0.06325411,0.06325411,MODERATE,0,MODERATE,0.09,TRUE_NEGATIVE
18,2007,1,WINTER,0,0.030592255,0.030592255,LOW,0,LOW,0.09,TRUE_NEGATIVE
19,2007,1,WINTER,0,0.025152406,0.025152406,LOW,0,LOW,0.09,TRUE_NEGATIVE
20,2007,1,WINTER,0,0.046459343,0.046459343,LOW,0,LOW,0.09,TRUE_NEGATIVE
21,2007,1,WINTER,0,0.06633261,0.06633261,MODERATE,0,MODERATE,0.09,TRUE_NEGATIVE
22,2007,1,WINTER,0,0.04476834,0.04476834,LOW,0,LOW,0.09,TRUE_NEGATIVE
23,2007,1,WINTER,0,0.022580758,0.022580758,LOW,0,LOW,0.09,TRUE_NEGATIVE
24,2007,1,WINTER,0,0.027120965,0.027120965,LOW,0,LOW,0.09,TRUE_NEGATIVE
25,2007,1,WINTER,0,0.057981957,0.057981957,MODERATE,0,MODERATE,0.09,TRUE_NEGATIVE
26,2007,1,WINTER,0,0.014212422,0.014212422,LOW,0,LOW,0.09,TRUE_NEGATIVE
27,2007,1,WINTER,0,0.042811885,0.042811885,LOW,0,LOW,0.09,TRUE_NEGATIVE
28,2007,1,WINTER,0,0.05291377,0.05291377,MODERATE,0,MODERATE,0.09,TRUE_NEGATIVE
29,2007,1,WINTER,0,0.07465679,0.07465679,MODERATE,0,MODERATE,0.09,TRUE_NEGATIVE
30,2007,1,WINTER,0,0.014713316,0.014713316,LOW,0,LOW,0.09,TRUE_NEGATIVE
31,2007,1,WINTER,0,0.018935665,0.018935665,LOW,0,LOW,0.09,TRUE_NEGATIVE
32,2007,1,WINTER,0,0.011044793,0.011044793,LOW,0,LOW,0.09,TRUE_NEGATIVE
33,2007,1,WINTER,0,0.011476914,0.011476914,LOW,0,LOW,0.09,TRUE_NEGATIVE
34,2007,1,WINTER,0,0.010838899,0.010838899,LOW,0,LOW,0.09,TRUE_NEGATIVE
35,2007,1,WINTER,0,0.01004918,0.01004918,LOW,0,LOW,0.09,TRUE_NEGATIVE
0,2007,11,POST_MONSOON,0,0.052597053,0.052597053,MODERATE,0,MODERATE,0.09,TRUE_NEGATIVE
1,2007,11,POST_MONSOON,0,0.02460413,0.02460413,LOW,0,LOW,0.09,TRUE_NEGATIVE
2,2007,11,POST_MONSOON,0,0.04570063,0.04570063,LOW,0,LOW,0.09,TRUE_NEGATIVE
3,2007,11,POST_MONSOON,0,0.008388846,0.008388846,LOW,0,LOW,0.09,TRUE_NEGATIVE
4,2007,11,POST_MONSOON,0,0.0065827584,0.0065827584,LOW,0,LOW,0.09,TRUE_NEGATIVE
5,2007,11,POST_MONSOON,0,0.01255223,0.01255223,LOW,0,LOW,0.09,TRUE_NEGATIVE
6,2007,11,POST_MONSOON,0,0.026146365,0.026146365,LOW,0,LOW,0.09,TRUE_NEGATIVE
7,2007,11,POST_MONSOON,0,0.0064388467,0.0064388467,LOW,0,LOW,0.09,TRUE_NEGATIVE
8,2007,11,POST_MONSOON,0,0.00613421,0.00613421,LOW,0,LOW,0.09,TRUE_NEGATIVE
9,2007,11,POST_MONSOON,0,0.0068605505,0.0068605505,LOW,0,LOW,0.09,TRUE_NEGATIVE
10,2007,11,POST_MONSOON,0,0.011181964,0.011181964,LOW,0,LOW,0.09,TRUE_NEGATIVE
11,2007,11,POST_MONSOON,0,0.005998138,0.005998138,LOW,0,LOW,0.09,TRUE_NEGATIVE
12,2007,11,POST_MONSOON,0,0.0065987925,0.0065987925,LOW,0,LOW,0.09,TRUE_NEGATIVE
13,2007,11,POST_MONSOON,0,0.009427803,0.009427803,LOW,0,LOW,0.09,TRUE_NEGATIVE
14,2007,11,POST_MONSOON,0,0.011216842,0.011216842,LOW,0,LOW,0.09,TRUE_NEGATIVE
15,2007,11,POST_MONSOON,0,0.0065001054,0.0065001054,LOW,0,LOW,0.09,TRUE_NEGATIVE
16,2007,11,POST_MONSOON,0,0.031258326,0.031258326,LOW,0,LOW,0.09,TRUE_NEGATIVE
17,2007,11,POST_MONSOON,0,0.014922996,0.014922996,LOW,0,LOW,0.09,TRUE_NEGATIVE
18,2007,11,POST_MONSOON,0,0.010607347,0.010607347,LOW,0,LOW,0.09,TRUE_NEGATIVE
19,2007,11,POST_MONSOON,0,0.00617101,0.00617101,LOW,0,LOW,0.09,TRUE_NEGATIVE
20,2007,11,POST_MONSOON,0,0.009439713,0.009439713,LOW,0,LOW,0.09,TRUE_NEGATIVE
21,2007,11,POST_MONSOON,0,0.013376264,0.013376264,LOW,0,LOW,0.09,TRUE_NEGATIVE
22,2007,11,POST_MONSOON,0,0.01279741,0.01279741,LOW,0,LOW,0.09,TRUE_NEGATIVE
23,2007,11,POST_MONSOON,0,0.00804197,0.00804197,LOW,0,LOW,0.09,TRUE_NEGATIVE
24,2007,11,POST_MONSOON,0,0.008061054,0.008061054,LOW,0,LOW,0.09,TRUE_NEGATIVE
25,2007,11,POST_MONSOON,0,0.02046443,0.02046443,LOW,0,LOW,0.09,TRUE_NEGATIVE
26,2007,11,POST_MONSOON,0,0.006323916,0.006323916,LOW,0,LOW,0.09,TRUE_NEGATIVE
27,2007,11,POST_MONSOON,0,0.006911836,0.006911836,LOW,0,LOW,0.09,TRUE_NEGATIVE
28,2007,11,POST_MONSOON,0,0.010972863,0.010972863,LOW,0,LOW,0.09,TRUE_NEGATIVE
29,2007,11,POST_MONSOON,0,0.0479496,0.0479496,LOW,0,LOW,0.09,TRUE_NEGATIVE
30,2007,11,POST_MONSOON,0,0.00844201,0.00844201,LOW,0,LOW,0.09,TRUE_NEGATIVE
31,2007,11,POST_MONSOON,0,0.0062538027,0.0062538027,LOW,0,LOW,0.09,TRUE_NEGATIVE
32,2007,11,POST_MONSOON,0,0.005428624,0.005428624,LOW,0,LOW,0.09,TRUE_NEGATIVE
33,2007,11,POST_MONSOON,0,0.0059677297,0.0059677297,LOW,0,LOW,0.09,TRUE_NEGATIVE
34,2007,11,POST_MONSOON,0,0.0066750874,0.0066750874,LOW,0,LOW,0.09,TRUE_NEGATIVE
35,2007,11,POST_MONSOON,0,0.0057412544,0.0057412544,LOW,0,LOW,0.09,TRUE_NEGATIVE
0,2007,10,POST_MONSOON,0,0.011739753,0.011739753,LOW,0,LOW,0.09,TRUE_NEGATIVE
1,2007,10,POST_MONSOON,0,0.0059354906,0.0059354906,LOW,0,LOW,0.09,TRUE_NEGATIVE
2,2007,10,POST_MONSOON,0,0.0057906494,0.0057906494,LOW,0,LOW,0.09,TRUE_NEGATIVE
3,2007,10,POST_MONSOON,0,0.0056696045,0.0056696045,LOW,0,LOW,0.09,TRUE_NEGATIVE
4,2007,10,POST_MONSOON,0,0.0049732146,0.0049732146,LOW,0,LOW,0.09,TRUE_NEGATIVE
5,2007,10,POST_MONSOON,0,0.0051206695,0.0051206695,LOW,0,LOW,0.09,TRUE_NEGATIVE
6,2007,10,POST_MONSOON,0,0.0058036293,0.0058036293,LOW,0,LOW,0.09,TRUE_NEGATIVE
7,2007,10,POST_MONSOON,0,0.0050483188,0.0050483188,LOW,0,LOW,0.09,TRUE_NEGATIVE
8,2007,10,POST_MONSOON,0,0.005064105,0.005064105,LOW,0,LOW,0.09,TRUE_NEGATIVE
9,2007,10,POST_MONSOON,0,0.005051332,0.005051332,LOW,0,LOW,0.09,TRUE_NEGATIVE
10,2007,10,POST_MONSOON,0,0.005607571,0.005607571,LOW,0,LOW,0.09,TRUE_NEGATIVE
11,2007,10,POST_MONSOON,0,0.00497753,0.00497753,LOW,0,LOW,0.09,TRUE_NEGATIVE
12,2007,10,POST_MONSOON,0,0.005094931,0.005094931,LOW,0,LOW,0.09,TRUE_NEGATIVE
13,2007,10,POST_MONSOON,0,0.009132336,0.009132336,LOW,0,LOW,0.09,TRUE_NEGATIVE
14,2007,10,POST_MONSOON,0,0.017848704,0.017848704,LOW,0,LOW,0.09,TRUE_NEGATIVE
15,2007,10,POST_MONSOON,0,0.0050298357,0.0050298357,LOW,0,LOW,0.09,TRUE_NEGATIVE
16,2007,10,POST_MONSOON,0,0.03559644,0.03559644,LOW,0,LOW,0.09,TRUE_NEGATIVE
17,2007,10,POST_MONSOON,0,0.005913322,0.005913322,LOW,0,LOW,0.09,TRUE_NEGATIVE
18,2007,10,POST_MONSOON,0,0.005697157,0.005697157,LOW,0,LOW,0.09,TRUE_NEGATIVE
19,2007,10,POST_MONSOON,0,0.004989504,0.004989504,LOW,0,LOW,0.09,TRUE_NEGATIVE
20,2007,10,POST_MONSOON,0,0.0055246227,0.0055246227,LOW,0,LOW,0.09,TRUE_NEGATIVE
21,2007,10,POST_MONSOON,0,0.005700959,0.005700959,LOW,0,LOW,0.09,TRUE_NEGATIVE
22,2007,10,POST_MONSOON,0,0.0060348753,0.0060348753,LOW,0,LOW,0.09,TRUE_NEGATIVE
23,2007,10,POST_MONSOON,0,0.0052393116,0.0052393116,LOW,0,LOW,0.09,TRUE_NEGATIVE
24,2007,10,POST_MONSOON,0,0.005067119,0.005067119,LOW,0,LOW,0.09,TRUE_NEGATIVE
25,2007,10,POST_MONSOON,0,0.00599793,0.00599793,LOW,0,LOW,0.09,TRUE_NEGATIVE
26,2007,10,POST_MONSOON,0,0.004837704,0.004837704,LOW,0,LOW,0.09,TRUE_NEGATIVE
27,2007,10,POST_MONSOON,0,0.0050118677,0.0050118677,LOW,0,LOW,0.09,TRUE_NEGATIVE
28,2007,10,POST_MONSOON,0,0.005069523,0.005069523,LOW,0,LOW,0.09,TRUE_NEGATIVE
29,2007,10,POST_MONSOON,0,0.019782592,0.019782592,LOW,0,LOW,0.09,TRUE_NEGATIVE
30,2007,10,POST_MONSOON,0,0.0048337937,0.0048337937,LOW,0,LOW,0.09,TRUE_NEGATIVE
31,2007,10,POST_MONSOON,0,0.0049713557,0.0049713557,LOW,0,LOW,0.09,TRUE_NEGATIVE
32,2007,10,POST_MONSOON,0,0.0046865265,0.0046865265,LOW,0,LOW,0.09,TRUE_NEGATIVE
33,2007,10,POST_MONSOON,0,0.0048212125,0.0048212125,LOW,0,LOW,0.09,TRUE_NEGATIVE
34,2007,10,POST_MONSOON,0,0.0050080433,0.0050080433,LOW,0,LOW,0.09,TRUE_NEGATIVE
35,2007,10,POST_MONSOON,0,0.004839086,0.004839086,LOW,0,LOW,0.09,TRUE_NEGATIVE
0,2007,9,MONSOON,0,0.0058462983,0.0058462983,LOW,0,LOW,0.09,TRUE_NEGATIVE
1,2007,9,MONSOON,0,0.005982187,0.005982187,LOW,0,LOW,0.09,TRUE_NEGATIVE
2,2007,9,MONSOON,0,0.0057593235,0.0057593235,LOW,0,LOW,0.09,TRUE_NEGATIVE
3,2007,9,MONSOON,0,0.0052834484,0.0052834484,LOW,0,LOW,0.09,TRUE_NEGATIVE
4,2007,9,MONSOON,0,0.004788318,0.004788318,LOW,0,LOW,0.09,TRUE_NEGATIVE
5,2007,9,MONSOON,0,0.0050011026,0.0050011026,LOW,0,LOW,0.09,TRUE_NEGATIVE
6,2007,9,MONSOON,0,0.005624427,0.005624427,LOW,0,LOW,0.09,TRUE_NEGATIVE
7,2007,9,MONSOON,0,0.004939581,0.004939581,LOW,0,LOW,0.09,TRUE_NEGATIVE
8,2007,9,MONSOON,0,0.0048626545,0.0048626545,LOW,0,LOW,0.09,TRUE_NEGATIVE
9,2007,9,MONSOON,0,0.004904775,0.004904775,LOW,0,LOW,0.09,TRUE_NEGATIVE
10,2007,9,MONSOON,0,0.005977448,0.005977448,LOW,0,LOW,0.09,TRUE_NEGATIVE
11,2007,9,MONSOON,0,0.004823547,0.004823547,LOW,0,LOW,0.09,TRUE_NEGATIVE
12,2007,9,MONSOON,0,0.0051762965,0.0051762965,LOW,0,LOW,0.09,TRUE_NEGATIVE
13,2007,9,MONSOON,0,0.019207556,0.019207556,LOW,0,LOW,0.09,TRUE_NEGATIVE
14,2007,9,MONSOON,0,0.03889804,0.03889804,LOW,0,LOW,0.09,TRUE_NEGATIVE
15,2007,9,MONSOON,0,0.0048861313,0.0048861313,LOW,0,LOW,0.09,TRUE_NEGATIVE
16,2007,9,MONSOON,0,0.006242049,0.006242049,LOW,0,LOW,0.09,TRUE_NEGATIVE
17,2007,9,MONSOON,0,0.005818183,0.005818183,LOW,0,LOW,0.09,TRUE_NEGATIVE
18,2007,9,MONSOON,0,0.005576677,0.005576677,LOW,0,LOW,0.09,TRUE_NEGATIVE
19,2007,9,MONSOON,0,0.0055129174,0.0055129174,LOW,0,LOW,0.09,TRUE_NEGATIVE
20,2007,9,MONSOON,0,0.005100307,0.005100307,LOW,0,LOW,0.09,TRUE_NEGATIVE
21,2007,9,MONSOON,0,0.0054878066,0.0054878066,LOW,0,LOW,0.09,TRUE_NEGATIVE
22,2007,9,MONSOON,0,0.0052616782,0.0052616782,LOW,0,LOW,0.09,TRUE_NEGATIVE
23,2007,9,MONSOON,0,0.005212789,0.005212789,LOW,0,LOW,0.09,TRUE_NEGATIVE
24,2007,9,MONSOON,0,0.0050588893,0.0050588893,LOW,0,LOW,0.09,TRUE_NEGATIVE
25,2007,9,MONSOON,0,0.005107673,0.005107673,LOW,0,LOW,0.09,TRUE_NEGATIVE
26,2007,9,MONSOON,0,0.0047595236,0.0047595236,LOW,0,LOW,0.09,TRUE_NEGATIVE
27,2007,9,MONSOON,0,0.0049675712,0.0049675712,LOW,0,LOW,0.09,TRUE_NEGATIVE
28,2007,9,MONSOON,0,0.005409542,0.005409542,LOW,0,LOW,0.09,TRUE_NEGATIVE
29,2007,9,MONSOON,0,0.00750523,0.00750523,LOW,0,LOW,0.09,TRUE_NEGATIVE
30,2007,9,MONSOON,0,0.0048290845,0.0048290845,LOW,0,LOW,0.09,TRUE_NEGATIVE
31,2007,9,MONSOON,0,0.004900576,0.004900576,LOW,0,LOW,0.09,TRUE_NEGATIVE
32,2007,9,MONSOON,0,0.004768422,0.004768422,LOW,0,LOW,0.09,TRUE_NEGATIVE
33,2007,9,MONSOON,0,0.0047545633,0.0047545633,LOW,0,LOW,0.09,TRUE_NEGATIVE
34,2007,9,MONSOON,0,0.0049307905,0.0049307905,LOW,0,LOW,0.09,TRUE_NEGATIVE
35,2007,9,MONSOON,0,0.0049265344,0.0049265344,LOW,0,LOW,0.09,TRUE_NEGATIVE
0,2007,2,WINTER,0,0.0062644416,0.0062644416,LOW,0,LOW,0.09,TRUE_NEGATIVE
1,2007,2,WINTER,0,0.009686912,0.009686912,LOW,0,LOW,0.09,TRUE_NEGATIVE
2,2007,2,WINTER,0,0.0055729393,0.0055729393,LOW,0,LOW,0.09,TRUE_NEGATIVE
3,2007,2,WINTER,0,0.0059581483,0.0059581483,LOW,0,LOW,0.09,TRUE_NEGATIVE
4,2007,2,WINTER,0,0.004884307,0.004884307,LOW,0,LOW,0.09,TRUE_NEGATIVE
5,2007,2,WINTER,0,0.0048776856,0.0048776856,LOW,0,LOW,0.09,TRUE_NEGATIVE
6,2007,2,WINTER,0,0.0056838933,0.0056838933,LOW,0,LOW,0.09,TRUE_NEGATIVE
7,2007,2,WINTER,0,0.004949031,0.004949031,LOW,0,LOW,0.09,TRUE_NEGATIVE
8,2007,2,WINTER,0,0.0049990295,0.0049990295,LOW,0,LOW,0.09,TRUE_NEGATIVE
9,2007,2,WINTER,0,0.0051777475,0.0051777475,LOW,0,LOW,0.09,TRUE_NEGATIVE
10,2007,2,WINTER,0,0.00566103,0.00566103,LOW,0,LOW,0.09,TRUE_NEGATIVE
11,2007,2,WINTER,0,0.004897763,0.004897763,LOW,0,LOW,0.09,TRUE_NEGATIVE
12,2007,2,WINTER,0,0.0055602374,0.0055602374,LOW,0,LOW,0.09,TRUE_NEGATIVE
13,2007,2,WINTER,0,0.03689261,0.03689261,LOW,0,LOW,0.09,TRUE_NEGATIVE
14,2007,2,WINTER,1,0.031253815,0.031253815,LOW,0,LOW,0.09,FALSE_NEGATIVE
15,2007,2,WINTER,0,0.0053638862,0.0053638862,LOW,0,LOW,0.09,TRUE_NEGATIVE
16,2007,2,WINTER,0,0.0069381455,0.0069381455,LOW,0,LOW,0.09,TRUE_NEGATIVE
17,2007,2,WINTER,0,0.005473914,0.005473914,LOW,0,LOW,0.09,TRUE_NEGATIVE
18,2007,2,WINTER,0,0.005846936,0.005846936,LOW,0,LOW,0.09,TRUE_NEGATIVE
19,2007,2,WINTER,0,0.005046465,0.005046465,LOW,0,LOW,0.09,TRUE_NEGATIVE
20,2007,2,WINTER,0,0.0049938117,0.0049938117,LOW,0,LOW,0.09,TRUE_NEGATIVE
21,2007,2,WINTER,0,0.005543297,0.005543297,LOW,0,LOW,0.09,TRUE_NEGATIVE
22,2007,2,WINTER,0,0.0051418035,0.0051418035,LOW,0,LOW,0.09,TRUE_NEGATIVE
23,2007,2,WINTER,0,0.0052073346,0.0052073346,LOW,0,LOW,0.09,TRUE_NEGATIVE
24,2007,2,WINTER,0,0.0052401987,0.0052401987,LOW,0,LOW,0.09,TRUE_NEGATIVE
25,2007,2,WINTER,0,0.0054380754,0.0054380754,LOW,0,LOW,0.09,TRUE_NEGATIVE
26,2007,2,WINTER,0,0.004955062,0.004955062,LOW,0,LOW,0.09,TRUE_NEGATIVE
27,2007,2,WINTER,0,0.005293131,0.005293131,LOW,0,LOW,0.09,TRUE_NEGATIVE
28,2007,2,WINTER,0,0.005800417,0.005800417,LOW,0,LOW,0.09,TRUE_NEGATIVE
29,2007,2,WINTER,0,0.0056988723,0.0056988723,LOW,0,LOW,0.09,TRUE_NEGATIVE
30,2007,2,WINTER,0,0.004777487,0.004777487,LOW,0,LOW,0.09,TRUE_NEGATIVE
31,2007,2,WINTER,0,0.006179792,0.006179792,LOW,0,LOW,0.09,TRUE_NEGATIVE
32,2007,2,WINTER,0,0.0047140024,0.0047140024,LOW,0,LOW,0.09,TRUE_NEGATIVE
33,2007,2,WINTER,0,0.004831959,0.004831959,LOW,0,LOW,0.09,TRUE_NEGATIVE
34,2007,2,WINTER,0,0.005070793,0.005070793,LOW,0,LOW,0.09,TRUE_NEGATIVE
35,2007,2,WINTER,0,0.0049491385,0.0049491385,LOW,0,LOW,0.09,TRUE_NEGATIVE
0,2008,4,PRE_MONSOON,0,0.0075964276,0.0075964276,LOW,0,LOW,0.09,TRUE_NEGATIVE
1,2008,4,PRE_MONSOON,0,0.021180086,0.021180086,LOW,0,LOW,0.09,TRUE_NEGATIVE
2,2008,4,PRE_MONSOON,0,0.015452661,0.015452661,LOW,0,LOW,0.09,TRUE_NEGATIVE
3,2008,4,PRE_MONSOON,0,0.006617304,0.006617304,LOW,0,LOW,0.09,TRUE_NEGATIVE
4,2008,4,PRE_MONSOON,0,0.006532515,0.006532515,LOW,0,LOW,0.09,TRUE_NEGATIVE
5,2008,4,PRE_MONSOON,0,0.005359576,0.005359576,LOW,0,LOW,0.09,TRUE_NEGATIVE
6,2008,4,PRE_MONSOON,0,0.0054113073,0.0054113073,LOW,0,LOW,0.09,TRUE_NEGATIVE
7,2008,4,PRE_MONSOON,0,0.006073814,0.006073814,LOW,0,LOW,0.09,TRUE_NEGATIVE
8,2008,4,PRE_MONSOON,0,0.0059232083,0.0059232083,LOW,0,LOW,0.09,TRUE_NEGATIVE
9,2008,4,PRE_MONSOON,0,0.0062562833,0.0062562833,LOW,0,LOW,0.09,TRUE_NEGATIVE
10,2008,4,PRE_MONSOON,0,0.006585172,0.006585172,LOW,0,LOW,0.09,TRUE_NEGATIVE
11,2008,4,PRE_MONSOON,0,0.005024007,0.005024007,LOW,0,LOW,0.09,TRUE_NEGATIVE
12,2008,4,PRE_MONSOON,0,0.006533725,0.006533725,LOW,0,LOW,0.09,TRUE_NEGATIVE
13,2008,4,PRE_MONSOON,0,0.039261404,0.039261404,LOW,0,LOW,0.09,TRUE_NEGATIVE
14,2008,4,PRE_MONSOON,1,0.029753955,0.029753955,LOW,0,LOW,0.09,FALSE_NEGATIVE
15,2008,4,PRE_MONSOON,0,0.008107741,0.008107741,LOW,0,LOW,0.09,TRUE_NEGATIVE
16,2008,4,PRE_MONSOON,0,0.016849274,0.016849274,LOW,0,LOW,0.09,TRUE_NEGATIVE
17,2008,4,PRE_MONSOON,0,0.0057691257,0.0057691257,LOW,0,LOW,0.09,TRUE_NEGATIVE
18,2008,4,PRE_MONSOON,0,0.0142163895,0.0142163895,LOW,0,LOW,0.09,TRUE_NEGATIVE
19,2008,4,PRE_MONSOON,0,0.0060670758,0.0060670758,LOW,0,LOW,0.09,TRUE_NEGATIVE
20,2008,4,PRE_MONSOON,0,0.005271251,0.005271251,LOW,0,LOW,0.09,TRUE_NEGATIVE
21,2008,4,PRE_MONSOON,0,0.012446401,0.012446401,LOW,0,LOW,0.09,TRUE_NEGATIVE
22,2008,4,PRE_MONSOON,0,0.0057559875,0.0057559875,LOW,0,LOW,0.09,TRUE_NEGATIVE
23,2008,4,PRE_MONSOON,0,0.0058843647,0.0058843647,LOW,0,LOW,0.09,TRUE_NEGATIVE
24,2008,4,PRE_MONSOON,0,0.0068201064,0.0068201064,LOW,0,LOW,0.09,TRUE_NEGATIVE
25,2008,4,PRE_MONSOON,0,0.0053489557,0.0053489557,LOW,0,LOW,0.09,TRUE_NEGATIVE
26,2008,4,PRE_MONSOON,0,0.0052431724,0.0052431724,LOW,0,LOW,0.09,TRUE_NEGATIVE
27,2008,4,PRE_MONSOON,0,0.006421327,0.006421327,LOW,0,LOW,0.09,TRUE_NEGATIVE
28,2008,4,PRE_MONSOON,0,0.05540792,0.05540792,MODERATE,0,MODERATE,0.09,TRUE_NEGATIVE
29,2008,4,PRE_MONSOON,0,0.0057302057,0.0057302057,LOW,0,LOW,0.09,TRUE_NEGATIVE
30,2008,4,PRE_MONSOON,0,0.005131009,0.005131009,LOW,0,LOW,0.09,TRUE_NEGATIVE
31,2008,4,PRE_MONSOON,0,0.008030201,0.008030201,LOW,0,LOW,0.09,TRUE_NEGATIVE
32,2008,4,PRE_MONSOON,0,0.0049954113,0.0049954113,LOW,0,LOW,0.09,TRUE_NEGATIVE
33,2008,4,PRE_MONSOON,0,0.0050282828,0.0050282828,LOW,0,LOW,0.09,TRUE_NEGATIVE
34,2008,4,PRE_MONSOON,0,0.0052723056,0.0052723056,LOW,0,LOW,0.09,TRUE_NEGATIVE
35,2008,4,PRE_MONSOON,0,0.005227641,0.005227641,LOW,0,LOW,0.09,TRUE_NEGATIVE
0,2008,3,PRE_MONSOON,0,0.014958029,0.014958029,LOW,0,LOW,0.09,TRUE_NEGATIVE
1,2008,3,PRE_MONSOON,0,0.045330018,0.045330018,LOW,0,LOW,0.09,TRUE_NEGATIVE
2,2008,3,PRE_MONSOON,0,0.033510383,0.033510383,LOW,0,LOW,0.09,TRUE_NEGATIVE
3,2008,3,PRE_MONSOON,0,0.021956332,0.021956332,LOW,0,LOW,0.09,TRUE_NEGATIVE
4,2008,3,PRE_MONSOON,0,0.00946818,0.00946818,LOW,0,LOW,0.09,TRUE_NEGATIVE
5,2008,3,PRE_MONSOON,0,0.006145229,0.006145229,LOW,0,LOW,0.09,TRUE_NEGATIVE
6,2008,3,PRE_MONSOON,0,0.0060142106,0.0060142106,LOW,0,LOW,0.09,TRUE_NEGATIVE
7,2008,3,PRE_MONSOON,0,0.0066314936,0.0066314936,LOW,0,LOW,0.09,TRUE_NEGATIVE
8,2008,3,PRE_MONSOON,0,0.0068249633,0.0068249633,LOW,0,LOW,0.09,TRUE_NEGATIVE
9,2008,3,PRE_MONSOON,0,0.00649195,0.00649195,LOW,0,LOW,0.09,TRUE_NEGATIVE
10,2008,3,PRE_MONSOON,0,0.029575638,0.029575638,LOW,0,LOW,0.09,TRUE_NEGATIVE
11,2008,3,PRE_MONSOON,0,0.0056713466,0.0056713466,LOW,0,LOW,0.09,TRUE_NEGATIVE
12,2008,3,PRE_MONSOON,0,0.0061425474,0.0061425474,LOW,0,LOW,0.09,TRUE_NEGATIVE
13,2008,3,PRE_MONSOON,0,0.026082866,0.026082866,LOW,0,LOW,0.09,TRUE_NEGATIVE
14,2008,3,PRE_MONSOON,1,0.026830364,0.026830364,LOW,0,LOW,0.09,FALSE_NEGATIVE
15,2008,3,PRE_MONSOON,0,0.012650939,0.012650939,LOW,0,LOW,0.09,TRUE_NEGATIVE
16,2008,3,PRE_MONSOON,0,0.026633946,0.026633946,LOW,0,LOW,0.09,TRUE_NEGATIVE
17,2008,3,PRE_MONSOON,0,0.0068302853,0.0068302853,LOW,0,LOW,0.09,TRUE_NEGATIVE
18,2008,3,PRE_MONSOON,0,0.014729417,0.014729417,LOW,0,LOW,0.09,TRUE_NEGATIVE
19,2008,3,PRE_MONSOON,0,0.007346536,0.007346536,LOW,0,LOW,0.09,TRUE_NEGATIVE
20,2008,3,PRE_MONSOON,0,0.0057458454,0.0057458454,LOW,0,LOW,0.09,TRUE_NEGATIVE
21,2008,3,PRE_MONSOON,0,0.05051376,0.05051376,MODERATE,0,MODERATE,0.09,TRUE_NEGATIVE
22,2008,3,PRE_MONSOON,0,0.0074133086,0.0074133086,LOW,0,LOW,0.09,TRUE_NEGATIVE
23,2008,3,PRE_MONSOON,0,0.012889167,0.012889167,LOW,0,LOW,0.09,TRUE_NEGATIVE
24,2008,3,PRE_MONSOON,0,0.0070644137,0.0070644137,LOW,0,LOW,0.09,TRUE_NEGATIVE
25,2008,3,PRE_MONSOON,0,0.006142175,0.006142175,LOW,0,LOW,0.09,TRUE_NEGATIVE
26,2008,3,PRE_MONSOON,0,0.005917932,0.005917932,LOW,0,LOW,0.09,TRUE_NEGATIVE
27,2008,3,PRE_MONSOON,0,0.012172177,0.012172177,LOW,0,LOW,0.09,TRUE_NEGATIVE
28,2008,3,PRE_MONSOON,0,0.07698118,0.07698118,MODERATE,0,MODERATE,0.09,TRUE_NEGATIVE
29,2008,3,PRE_MONSOON,0,0.0055949604,0.0055949604,LOW,0,LOW,0.09,TRUE_NEGATIVE
30,2008,3,PRE_MONSOON,0,0.0053352183,0.0053352183,LOW,0,LOW,0.09,TRUE_NEGATIVE
31,2008,3,PRE_MONSOON,0,0.008830094,0.008830094,LOW,0,LOW,0.09,TRUE_NEGATIVE
32,2008,3,PRE_MONSOON,0,0.005329475,0.005329475,LOW,0,LOW,0.09,TRUE_NEGATIVE
33,2008,3,PRE_MONSOON,0,0.0053088856,0.0053088856,LOW,0,LOW,0.09,TRUE_NEGATIVE
34,2008,3,PRE_MONSOON,0,0.00517885,0.00517885,LOW,0,LOW,0.09,TRUE_NEGATIVE
35,2008,3,PRE_MONSOON,0,0.005426941,0.005426941,LOW,0,LOW,0.09,TRUE_NEGATIVE
0,2008,7,MONSOON,0,0.0332931,0.0332931,LOW,0,LOW,0.09,TRUE_NEGATIVE
1,2008,7,MONSOON,0,0.027057556,0.027057556,LOW,0,LOW,0.09,TRUE_NEGATIVE
2,2008,7,MONSOON,0,0.07454219,0.07454219,MODERATE,0,MODERATE,0.09,TRUE_NEGATIVE
3,2008,7,MONSOON,0,0.05585282,0.05585282,MODERATE,0,MODERATE,0.09,TRUE_NEGATIVE
4,2008,7,MONSOON,0,0.030326718,0.030326718,LOW,0,LOW,0.09,TRUE_NEGATIVE
5,2008,7,MONSOON,0,0.030484179,0.030484179,LOW,0,LOW,0.09,TRUE_NEGATIVE
6,2008,7,MONSOON,0,0.063519016,0.063519016,MODERATE,0,MODERATE,0.09,TRUE_NEGATIVE
7,2008,7,MONSOON,0,0.008813171,0.008813171,LOW,0,LOW,0.09,TRUE_NEGATIVE
8,2008,7,MONSOON,0,0.007796813,0.007796813,LOW,0,LOW,0.09,TRUE_NEGATIVE
9,2008,7,MONSOON,0,0.009969794,0.009969794,LOW,0,LOW,0.09,TRUE_NEGATIVE
10,2008,7,MONSOON,0,0.075105935,0.075105935,MODERATE,0,MODERATE,0.09,TRUE_NEGATIVE
11,2008,7,MONSOON,0,0.009302909,0.009302909,LOW,0,LOW,0.09,TRUE_NEGATIVE
12,2008,7,MONSOON,0,0.008507272,0.008507272,LOW,0,LOW,0.09,TRUE_NEGATIVE
13,2008,7,MONSOON,0,0.030788269,0.030788269,LOW,0,LOW,0.09,TRUE_NEGATIVE
14,2008,7,MONSOON,0,0.036308147,0.036308147,LOW,0,LOW,0.09,TRUE_NEGATIVE
15,2008,7,MONSOON,0,0.021421906,0.021421906,LOW,0,LOW,0.09,TRUE_NEGATIVE
16,2008,7,MONSOON,0,0.072359756,0.072359756,MODERATE,0,MODERATE,0.09,TRUE_NEGATIVE
17,2008,7,MONSOON,0,0.059845623,0.059845623,MODERATE,0,MODERATE,0.09,TRUE_NEGATIVE
18,2008,7,MONSOON,0,0.078982234,0.078982234,MODERATE,0,MODERATE,0.09,TRUE_NEGATIVE
19,2008,7,MONSOON,0,0.01702123,0.01702123,LOW,0,LOW,0.09,TRUE_NEGATIVE
20,2008,7,MONSOON,0,0.024246657,0.024246657,LOW,0,LOW,0.09,TRUE_NEGATIVE
21,2008,7,MONSOON,0,0.06980443,0.06980443,MODERATE,0,MODERATE,0.09,TRUE_NEGATIVE
22,2008,7,MONSOON,0,0.056940515,0.056940515,MODERATE,0,MODERATE,0.09,TRUE_NEGATIVE
23,2008,7,MONSOON,0,0.037040807,0.037040807,LOW,0,LOW,0.09,TRUE_NEGATIVE
24,2008,7,MONSOON,0,0.010671821,0.010671821,LOW,0,LOW,0.09,TRUE_NEGATIVE
25,2008,7,MONSOON,0,0.025450207,0.025450207,LOW,0,LOW,0.09,TRUE_NEGATIVE
26,2008,7,MONSOON,0,0.01119453,0.01119453,LOW,0,LOW,0.09,TRUE_NEGATIVE
27,2008,7,MONSOON,0,0.061678845,0.061678845,MODERATE,0,MODERATE,0.09,TRUE_NEGATIVE
28,2008,7,MONSOON,0,0.1250167,0.1250167,HIGH,1,HIGH,0.09,FALSE_POSITIVE
29,2008,7,MONSOON,0,0.0202568,0.0202568,LOW,0,LOW,0.09,TRUE_NEGATIVE
30,2008,7,MONSOON,0,0.027722545,0.027722545,LOW,0,LOW,0.09,TRUE_NEGATIVE
31,2008,7,MONSOON,0,0.021596448,0.021596448,LOW,0,LOW,0.09,TRUE_NEGATIVE
32,2008,7,MONSOON,0,0.026163818,0.026163818,LOW,0,LOW,0.09,TRUE_NEGATIVE
33,2008,7,MONSOON,0,0.011783994,0.011783994,LOW,0,LOW,0.09,TRUE_NEGATIVE
34,2008,7,MONSOON,0,0.006623178,0.006623178,LOW,0,LOW,0.09,TRUE_NEGATIVE
35,2008,7,MONSOON,0,0.012121773,0.012121773,LOW,0,LOW,0.09,TRUE_NEGATIVE
0,2008,0,UNKNOWN,0,0.06434304,0.06434304,MODERATE,0,MODERATE,0.09,TRUE_NEGATIVE
1,2008,0,UNKNOWN,0,0.049530905,0.049530905,LOW,0,LOW,0.09,TRUE_NEGATIVE
2,2008,0,UNKNOWN,0,0.0875002,0.0875002,MODERATE,0,MODERATE,0.09,TRUE_NEGATIVE
3,2008,0,UNKNOWN,0,0.10828828,0.10828828,HIGH,1,HIGH,0.09,FALSE_POSITIVE
4,2008,0,UNKNOWN,0,0.10548169,0.10548169,HIGH,1,HIGH,0.09,FALSE_POSITIVE
5,2008,0,UNKNOWN,0,0.07275506,0.07275506,MODERATE,0,MODERATE,0.09,TRUE_NEGATIVE
6,2008,0,UNKNOWN,0,0.056307957,0.056307957,MODERATE,0,MODERATE,0.09,TRUE_NEGATIVE
7,2008,0,UNKNOWN,0,0.034532934,0.034532934,LOW,0,LOW,0.09,TRUE_NEGATIVE
8,2008,0,UNKNOWN,0,0.0142056625,0.0142056625,LOW,0,LOW,0.09,TRUE_NEGATIVE
9,2008,0,UNKNOWN,0,0.03628589,0.03628589,LOW,0,LOW,0.09,TRUE_NEGATIVE
10,2008,0,UNKNOWN,0,0.08783296,0.08783296,MODERATE,0,MODERATE,0.09,TRUE_NEGATIVE
11,2008,0,UNKNOWN,0,0.019554049,0.019554049,LOW,0,LOW,0.09,TRUE_NEGATIVE
12,2008,0,UNKNOWN,0,0.011971021,0.011971021,LOW,0,LOW,0.09,TRUE_NEGATIVE
13,2008,0,UNKNOWN,0,0.05808367,0.05808367,MODERATE,0,MODERATE,0.09,TRUE_NEGATIVE
14,2008,0,UNKNOWN,0,0.034377124,0.034377124,LOW,0,LOW,0.09,TRUE_NEGATIVE
15,2008,0,UNKNOWN,0,0.09420473,0.09420473,ELEVATED,1,ELEVATED,0.09,FALSE_POSITIVE
16,2008,0,UNKNOWN,0,0.06398268,0.06398268,MODERATE,0,MODERATE,0.09,TRUE_NEGATIVE
17,2008,0,UNKNOWN,0,0.1359167,0.1359167,HIGH,1,HIGH,0.09,FALSE_POSITIVE
18,2008,0,UNKNOWN,0,0.07393532,0.07393532,MODERATE,0,MODERATE,0.09,TRUE_NEGATIVE
19,2008,0,UNKNOWN,0,0.0988119,0.0988119,ELEVATED,1,ELEVATED,0.09,FALSE_POSITIVE
20,2008,0,UNKNOWN,0,0.08336888,0.08336888,MODERATE,0,MODERATE,0.09,TRUE_NEGATIVE
21,2008,0,UNKNOWN,0,0.10509291,0.10509291,HIGH,1,HIGH,0.09,FALSE_POSITIVE
22,2008,0,UNKNOWN,0,0.08094489,0.08094489,MODERATE,0,MODERATE,0.09,TRUE_NEGATIVE
23,2008,0,UNKNOWN,0,0.103799336,0.103799336,HIGH,1,HIGH,0.09,FALSE_POSITIVE
24,2008,0,UNKNOWN,0,0.025552114,0.025552114,LOW,0,LOW,0.09,TRUE_NEGATIVE
25,2008,0,UNKNOWN,0,0.055347987,0.055347987,MODERATE,0,MODERATE,0.09,TRUE_NEGATIVE
26,2008,0,UNKNOWN,0,0.018391533,0.018391533,LOW,0,LOW,0.09,TRUE_NEGATIVE
27,2008,0,UNKNOWN,0,0.09897905,0.09897905,ELEVATED,1,ELEVATED,0.09,FALSE_POSITIVE
28,2008,0,UNKNOWN,0,0.14804175,0.14804175,HIGH,1,HIGH,0.09,FALSE_POSITIVE
29,2008,0,UNKNOWN,0,0.039812125,0.039812125,LOW,0,LOW,0.09,TRUE_NEGATIVE
30,2008,0,UNKNOWN,0,0.050489727,0.050489727,MODERATE,0,MODERATE,0.09,TRUE_NEGATIVE
31,2008,0,UNKNOWN,0,0.068344004,0.068344004,MODERATE,0,MODERATE,0.09,TRUE_NEGATIVE
32,2008,0,UNKNOWN,0,0.11687997,0.11687997,HIGH,1,HIGH,0.09,FALSE_POSITIVE
33,2008,0,UNKNOWN,0,0.04354709,0.04354709,LOW,0,LOW,0.09,TRUE_NEGATIVE
34,2008,0,UNKNOWN,0,0.007635089,0.007635089,LOW,0,LOW,0.09,TRUE_NEGATIVE
35,2008,0,UNKNOWN,0,0.020803465,0.020803465,LOW,0,LOW,0.09,TRUE_NEGATIVE
0,2008,8,MONSOON,0,0.082940094,0.082940094,MODERATE,0,MODERATE,0.09,TRUE_NEGATIVE
1,2008,8,MONSOON,0,0.07902024,0.07902024,MODERATE,0,MODERATE,0.09,TRUE_NEGATIVE
2,2008,8,MONSOON,0,0.10833182,0.10833182,HIGH,1,HIGH,0.09,FALSE_POSITIVE
3,2008,8,MONSOON,0,0.13310759,0.13310759,HIGH,1,HIGH,0.09,FALSE_POSITIVE
4,2008,8,MONSOON,0,0.1367331,0.1367331,HIGH,1,HIGH,0.09,FALSE_POSITIVE
5,2008,8,MONSOON,0,0.097636074,0.097636074,ELEVATED,1,ELEVATED,0.09,FALSE_POSITIVE
6,2008,8,MONSOON,0,0.07571597,0.07571597,MODERATE,0,MODERATE,0.09,TRUE_NEGATIVE
7,2008,8,MONSOON,0,0.077020034,0.077020034,MODERATE,0,MODERATE,0.09,TRUE_NEGATIVE
8,2008,8,MONSOON,0,0.048173316,0.048173316,LOW,0,LOW,0.09,TRUE_NEGATIVE
9,2008,8,MONSOON,0,0.07877199,0.07877199,MODERATE,0,MODERATE,0.09,TRUE_NEGATIVE
10,2008,8,MONSOON,0,0.10935539,0.10935539,HIGH,1,HIGH,0.09,FALSE_POSITIVE
11,2008,8,MONSOON,0,0.094243504,0.094243504,ELEVATED,1,ELEVATED,0.09,FALSE_POSITIVE
12,2008,8,MONSOON,0,0.011299852,0.011299852,LOW,0,LOW,0.09,TRUE_NEGATIVE
13,2008,8,MONSOON,0,0.087908745,0.087908745,MODERATE,0,MODERATE,0.09,TRUE_NEGATIVE
14,2008,8,MONSOON,0,0.0643636,0.0643636,MODERATE,0,MODERATE,0.09,TRUE_NEGATIVE
15,2008,8,MONSOON,0,0.11240428,0.11240428,HIGH,1,HIGH,0.09,FALSE_POSITIVE
16,2008,8,MONSOON,0,0.101301394,0.101301394,HIGH,1,HIGH,0.09,FALSE_POSITIVE
17,2008,8,MONSOON,0,0.1452742,0.1452742,HIGH,1,HIGH,0.09,FALSE_POSITIVE
18,2008,8,MONSOON,0,0.09850827,0.09850827,ELEVATED,1,ELEVATED,0.09,FALSE_POSITIVE
19,2008,8,MONSOON,0,0.08559327,0.08559327,MODERATE,0,MODERATE,0.09,TRUE_NEGATIVE
20,2008,8,MONSOON,0,0.11858025,0.11858025,HIGH,1,HIGH,0.09,FALSE_POSITIVE
21,2008,8,MONSOON,0,0.125727,0.125727,HIGH,1,HIGH,0.09,FALSE_POSITIVE
22,2008,8,MONSOON,0,0.12522748,0.12522748,HIGH,1,HIGH,0.09,FALSE_POSITIVE
23,2008,8,MONSOON,0,0.13673338,0.13673338,HIGH,1,HIGH,0.09,FALSE_POSITIVE
24,2008,8,MONSOON,0,0.043132726,0.043132726,LOW,0,LOW,0.09,TRUE_NEGATIVE
25,2008,8,MONSOON,0,0.120535426,0.120535426,HIGH,1,HIGH,0.09,FALSE_POSITIVE
26,2008,8,MONSOON,0,0.031531755,0.031531755,LOW,0,LOW,0.09,TRUE_NEGATIVE
27,2008,8,MONSOON,0,0.14384522,0.14384522,HIGH,1,HIGH,0.09,FALSE_POSITIVE
28,2008,8,MONSOON,0,0.15375127,0.15375127,CRITICAL,1,CRITICAL,0.09,FALSE_POSITIVE
29,2008,8,MONSOON,0,0.060269278,0.060269278,MODERATE,0,MODERATE,0.09,TRUE_NEGATIVE
30,2008,8,MONSOON,0,0.08153531,0.08153531,MODERATE,0,MODERATE,0.09,TRUE_NEGATIVE
31,2008,8,MONSOON,0,0.10843433,0.10843433,HIGH,1,HIGH,0.09,FALSE_POSITIVE
32,2008,8,MONSOON,0,0.14875606,0.14875606,HIGH,1,HIGH,0.09,FALSE_POSITIVE
33,2008,8,MONSOON,0,0.09274195,0.09274195,ELEVATED,1,ELEVATED,0.09,FALSE_POSITIVE
34,2008,8,MONSOON,0,0.009604811,0.009604811,LOW,0,LOW,0.09,TRUE_NEGATIVE
35,2008,8,MONSOON,0,0.028230516,0.028230516,LOW,0,LOW,0.09,TRUE_NEGATIVE
0,2008,6,MONSOON,0,0.07488786,0.07488786,MODERATE,0,MODERATE,0.09,TRUE_NEGATIVE
1,2008,6,MONSOON,0,0.046154562,0.046154562,LOW,0,LOW,0.09,TRUE_NEGATIVE
2,2008,6,MONSOON,0,0.07538523,0.07538523,MODERATE,0,MODERATE,0.09,TRUE_NEGATIVE
3,2008,6,MONSOON,0,0.13570738,0.13570738,HIGH,1,HIGH,0.09,FALSE_POSITIVE
4,2008,6,MONSOON,0,0.12913364,0.12913364,HIGH,1,HIGH,0.09,FALSE_POSITIVE
5,2008,6,MONSOON,0,0.09174075,0.09174075,ELEVATED,1,ELEVATED,0.09,FALSE_POSITIVE
6,2008,6,MONSOON,0,0.037547078,0.037547078,LOW,0,LOW,0.09,TRUE_NEGATIVE
7,2008,6,MONSOON,0,0.055896323,0.055896323,MODERATE,0,MODERATE,0.09,TRUE_NEGATIVE
8,2008,6,MONSOON,0,0.05465478,0.05465478,MODERATE,0,MODERATE,0.09,TRUE_NEGATIVE
9,2008,6,MONSOON,0,0.058716793,0.058716793,MODERATE,0,MODERATE,0.09,TRUE_NEGATIVE
10,2008,6,MONSOON,0,0.101103894,0.101103894,HIGH,1,HIGH,0.09,FALSE_POSITIVE
11,2008,6,MONSOON,0,0.11032502,0.11032502,HIGH,1,HIGH,0.09,FALSE_POSITIVE
12,2008,6,MONSOON,0,0.016742246,0.016742246,LOW,0,LOW,0.09,TRUE_NEGATIVE
13,2008,6,MONSOON,0,0.07674975,0.07674975,MODERATE,0,MODERATE,0.09,TRUE_NEGATIVE
14,2008,6,MONSOON,0,0.06725239,0.06725239,MODERATE,0,MODERATE,0.09,TRUE_NEGATIVE
15,2008,6,MONSOON,0,0.10939187,0.10939187,HIGH,1,HIGH,0.09,FALSE_POSITIVE
16,2008,6,MONSOON,0,0.08899784,0.08899784,MODERATE,0,MODERATE,0.09,TRUE_NEGATIVE
17,2008,6,MONSOON,0,0.13891804,0.13891804,HIGH,1,HIGH,0.09,FALSE_POSITIVE
18,2008,6,MONSOON,0,0.09454451,0.09454451,ELEVATED,1,ELEVATED,0.09,FALSE_POSITIVE
19,2008,6,MONSOON,0,0.10880325,0.10880325,HIGH,1,HIGH,0.09,FALSE_POSITIVE
20,2008,6,MONSOON,0,0.09989696,0.09989696,ELEVATED,1,ELEVATED,0.09,FALSE_POSITIVE
21,2008,6,MONSOON,0,0.11193001,0.11193001,HIGH,1,HIGH,0.09,FALSE_POSITIVE
22,2008,6,MONSOON,0,0.13356775,0.13356775,HIGH,1,HIGH,0.09,FALSE_POSITIVE
23,2008,6,MONSOON,0,0.13478337,0.13478337,HIGH,1,HIGH,0.09,FALSE_POSITIVE
24,2008,6,MONSOON,0,0.067131676,0.067131676,MODERATE,0,MODERATE,0.09,TRUE_NEGATIVE
25,2008,6,MONSOON,0,0.14898096,0.14898096,HIGH,1,HIGH,0.09,FALSE_POSITIVE
26,2008,6,MONSOON,0,0.063520975,0.063520975,MODERATE,0,MODERATE,0.09,TRUE_NEGATIVE
27,2008,6,MONSOON,0,0.112926245,0.112926245,HIGH,1,HIGH,0.09,FALSE_POSITIVE
28,2008,6,MONSOON,0,0.11306406,0.11306406,HIGH,1,HIGH,0.09,FALSE_POSITIVE
29,2008,6,MONSOON,0,0.06907958,0.06907958,MODERATE,0,MODERATE,0.09,TRUE_NEGATIVE
30,2008,6,MONSOON,0,0.079684116,0.079684116,MODERATE,0,MODERATE,0.09,TRUE_NEGATIVE
31,2008,6,MONSOON,0,0.07760595,0.07760595,MODERATE,0,MODERATE,0.09,TRUE_NEGATIVE
32,2008,6,MONSOON,0,0.121871606,0.121871606,HIGH,1,HIGH,0.09,FALSE_POSITIVE
33,2008,6,MONSOON,0,0.087264396,0.087264396,MODERATE,0,MODERATE,0.09,TRUE_NEGATIVE
34,2008,6,MONSOON,0,0.013947051,0.013947051,LOW,0,LOW,0.09,TRUE_NEGATIVE
35,2008,6,MONSOON,0,0.04114657,0.04114657,LOW,0,LOW,0.09,TRUE_NEGATIVE
0,2008,5,PRE_MONSOON,0,0.07869861,0.07869861,MODERATE,0,MODERATE,0.09,TRUE_NEGATIVE
1,2008,5,PRE_MONSOON,0,0.040837236,0.040837236,LOW,0,LOW,0.09,TRUE_NEGATIVE
2,2008,5,PRE_MONSOON,0,0.091290146,0.091290146,ELEVATED,1,ELEVATED,0.09,FALSE_POSITIVE
3,2008,5,PRE_MONSOON,0,0.070985444,0.070985444,MODERATE,0,MODERATE,0.09,TRUE_NEGATIVE
4,2008,5,PRE_MONSOON,0,0.122524075,0.122524075,HIGH,1,HIGH,0.09,FALSE_POSITIVE
5,2008,5,PRE_MONSOON,0,0.100301564,0.100301564,HIGH,1,HIGH,0.09,FALSE_POSITIVE
6,2008,5,PRE_MONSOON,0,0.09838327,0.09838327,ELEVATED,1,ELEVATED,0.09,FALSE_POSITIVE
7,2008,5,PRE_MONSOON,0,0.05587134,0.05587134,MODERATE,0,MODERATE,0.09,TRUE_NEGATIVE
8,2008,5,PRE_MONSOON,0,0.051695723,0.051695723,MODERATE,0,MODERATE,0.09,TRUE_NEGATIVE
9,2008,5,PRE_MONSOON,0,0.050076082,0.050076082,MODERATE,0,MODERATE,0.09,TRUE_NEGATIVE
10,2008,5,PRE_MONSOON,0,0.05517338,0.05517338,MODERATE,0,MODERATE,0.09,TRUE_NEGATIVE
11,2008,5,PRE_MONSOON,0,0.061877187,0.061877187,MODERATE,0,MODERATE,0.09,TRUE_NEGATIVE
12,2008,5,PRE_MONSOON,0,0.04308784,0.04308784,LOW,0,LOW,0.09,TRUE_NEGATIVE
13,2008,5,PRE_MONSOON,0,0.050473318,0.050473318,MODERATE,0,MODERATE,0.09,TRUE_NEGATIVE
14,2008,5,PRE_MONSOON,0,0.062247716,0.062247716,MODERATE,0,MODERATE,0.09,TRUE_NEGATIVE
15,2008,5,PRE_MONSOON,0,0.04607466,0.04607466,LOW,0,LOW,0.09,TRUE_NEGATIVE
16,2008,5,PRE_MONSOON,0,0.059506536,0.059506536,MODERATE,0,MODERATE,0.09,TRUE_NEGATIVE
17,2008,5,PRE_MONSOON,0,0.11885469,0.11885469,HIGH,1,HIGH,0.09,FALSE_POSITIVE
18,2008,5,PRE_MONSOON,0,0.08281804,0.08281804,MODERATE,0,MODERATE,0.09,TRUE_NEGATIVE
19,2008,5,PRE_MONSOON,0,0.12895197,0.12895197,HIGH,1,HIGH,0.09,FALSE_POSITIVE
20,2008,5,PRE_MONSOON,0,0.1261616,0.1261616,HIGH,1,HIGH,0.09,FALSE_POSITIVE
21,2008,5,PRE_MONSOON,0,0.09476195,0.09476195,ELEVATED,1,ELEVATED,0.09,FALSE_POSITIVE
22,2008,5,PRE_MONSOON,0,0.14499354,0.14499354,HIGH,1,HIGH,0.09,FALSE_POSITIVE
23,2008,5,PRE_MONSOON,0,0.06876947,0.06876947,MODERATE,0,MODERATE,0.09,TRUE_NEGATIVE
24,2008,5,PRE_MONSOON,0,0.10503304,0.10503304,HIGH,1,HIGH,0.09,FALSE_POSITIVE
25,2008,5,PRE_MONSOON,0,0.11544433,0.11544433,HIGH,1,HIGH,0.09,FALSE_POSITIVE
26,2008,5,PRE_MONSOON,0,0.058396813,0.058396813,MODERATE,0,MODERATE,0.09,TRUE_NEGATIVE
27,2008,5,PRE_MONSOON,0,0.10017082,0.10017082,HIGH,1,HIGH,0.09,FALSE_POSITIVE
28,2008,5,PRE_MONSOON,0,0.09720962,0.09720962,ELEVATED,1,ELEVATED,0.09,FALSE_POSITIVE
29,2008,5,PRE_MONSOON,0,0.07732691,0.07732691,MODERATE,0,MODERATE,0.09,TRUE_NEGATIVE
30,2008,5,PRE_MONSOON,0,0.06629871,0.06629871,MODERATE,0,MODERATE,0.09,TRUE_NEGATIVE
31,2008,5,PRE_MONSOON,0,0.064497545,0.064497545,MODERATE,0,MODERATE,0.09,TRUE_NEGATIVE
32,2008,5,PRE_MONSOON,0,0.067635775,0.067635775,MODERATE,0,MODERATE,0.09,TRUE_NEGATIVE
33,2008,5,PRE_MONSOON,0,0.059495997,0.059495997,MODERATE,0,MODERATE,0.09,TRUE_NEGATIVE
34,2008,5,PRE_MONSOON,0,0.009867692,0.009867692,LOW,0,LOW,0.09,TRUE_NEGATIVE
35,2008,5,PRE_MONSOON,0,0.04699541,0.04699541,LOW,0,LOW,0.09,TRUE_NEGATIVE
0,2008,1,WINTER,0,0.06358556,0.06358556,MODERATE,0,MODERATE,0.09,TRUE_NEGATIVE
1,2008,1,WINTER,0,0.050598525,0.050598525,MODERATE,0,MODERATE,0.09,TRUE_NEGATIVE
2,2008,1,WINTER,0,0.078797065,0.078797065,MODERATE,0,MODERATE,0.09,TRUE_NEGATIVE
3,2008,1,WINTER,0,0.024420442,0.024420442,LOW,0,LOW,0.09,TRUE_NEGATIVE
4,2008,1,WINTER,0,0.028361425,0.028361425,LOW,0,LOW,0.09,TRUE_NEGATIVE
5,2008,1,WINTER,0,0.038231924,0.038231924,LOW,0,LOW,0.09,TRUE_NEGATIVE
6,2008,1,WINTER,0,0.08719384,0.08719384,MODERATE,0,MODERATE,0.09,TRUE_NEGATIVE
7,2008,1,WINTER,0,0.014351559,0.014351559,LOW,0,LOW,0.09,TRUE_NEGATIVE
8,2008,1,WINTER,0,0.015574222,0.015574222,LOW,0,LOW,0.09,TRUE_NEGATIVE
9,2008,1,WINTER,0,0.020487893,0.020487893,LOW,0,LOW,0.09,TRUE_NEGATIVE
10,2008,1,WINTER,0,0.024534542,0.024534542,LOW,0,LOW,0.09,TRUE_NEGATIVE
11,2008,1,WINTER,0,0.012698659,0.012698659,LOW,0,LOW,0.09,TRUE_NEGATIVE
12,2008,1,WINTER,0,0.014405633,0.014405633,LOW,0,LOW,0.09,TRUE_NEGATIVE
13,2008,1,WINTER,0,0.01848331,0.01848331,LOW,0,LOW,0.09,TRUE_NEGATIVE
14,2008,1,WINTER,0,0.02080279,0.02080279,LOW,0,LOW,0.09,TRUE_NEGATIVE
15,2008,1,WINTER,0,0.019444184,0.019444184,LOW,0,LOW,0.09,TRUE_NEGATIVE
16,2008,1,WINTER,0,0.08113629,0.08113629,MODERATE,0,MODERATE,0.09,TRUE_NEGATIVE
17,2008,1,WINTER,0,0.06110933,0.06110933,MODERATE,0,MODERATE,0.09,TRUE_NEGATIVE
18,2008,1,WINTER,0,0.042826064,0.042826064,LOW,0,LOW,0.09,TRUE_NEGATIVE
19,2008,1,WINTER,0,0.03560961,0.03560961,LOW,0,LOW,0.09,TRUE_NEGATIVE
20,2008,1,WINTER,0,0.049196605,0.049196605,LOW,0,LOW,0.09,TRUE_NEGATIVE
21,2008,1,WINTER,0,0.04648551,0.04648551,LOW,0,LOW,0.09,TRUE_NEGATIVE
22,2008,1,WINTER,0,0.0655448,0.0655448,MODERATE,0,MODERATE,0.09,TRUE_NEGATIVE
23,2008,1,WINTER,0,0.0269645,0.0269645,LOW,0,LOW,0.09,TRUE_NEGATIVE
24,2008,1,WINTER,0,0.035410885,0.035410885,LOW,0,LOW,0.09,TRUE_NEGATIVE
25,2008,1,WINTER,0,0.10250073,0.10250073,HIGH,1,HIGH,0.09,FALSE_POSITIVE
26,2008,1,WINTER,0,0.015842328,0.015842328,LOW,0,LOW,0.09,TRUE_NEGATIVE
27,2008,1,WINTER,0,0.058774143,0.058774143,MODERATE,0,MODERATE,0.09,TRUE_NEGATIVE
28,2008,1,WINTER,0,0.06609846,0.06609846,MODERATE,0,MODERATE,0.09,TRUE_NEGATIVE
29,2008,1,WINTER,0,0.06632246,0.06632246,MODERATE,0,MODERATE,0.09,TRUE_NEGATIVE
30,2008,1,WINTER,0,0.0114006605,0.0114006605,LOW,0,LOW,0.09,TRUE_NEGATIVE
31,2008,1,WINTER,0,0.022895819,0.022895819,LOW,0,LOW,0.09,TRUE_NEGATIVE
32,2008,1,WINTER,0,0.009897699,0.009897699,LOW,0,LOW,0.09,TRUE_NEGATIVE
33,2008,1,WINTER,0,0.0073397513,0.0073397513,LOW,0,LOW,0.09,TRUE_NEGATIVE
34,2008,1,WINTER,0,0.008428235,0.008428235,LOW,0,LOW,0.09,TRUE_NEGATIVE
35,2008,1,WINTER,0,0.008753175,0.008753175,LOW,0,LOW,0.09,TRUE_NEGATIVE
0,2008,11,POST_MONSOON,0,0.043226678,0.043226678,LOW,0,LOW,0.09,TRUE_NEGATIVE
1,2008,11,POST_MONSOON,0,0.019258164,0.019258164,LOW,0,LOW,0.09,TRUE_NEGATIVE
2,2008,11,POST_MONSOON,0,0.038108032,0.038108032,LOW,0,LOW,0.09,TRUE_NEGATIVE
3,2008,11,POST_MONSOON,0,0.0065773064,0.0065773064,LOW,0,LOW,0.09,TRUE_NEGATIVE
4,2008,11,POST_MONSOON,0,0.006431719,0.006431719,LOW,0,LOW,0.09,TRUE_NEGATIVE
5,2008,11,POST_MONSOON,0,0.00768903,0.00768903,LOW,0,LOW,0.09,TRUE_NEGATIVE
6,2008,11,POST_MONSOON,0,0.05564785,0.05564785,MODERATE,0,MODERATE,0.09,TRUE_NEGATIVE
7,2008,11,POST_MONSOON,0,0.005829914,0.005829914,LOW,0,LOW,0.09,TRUE_NEGATIVE
8,2008,11,POST_MONSOON,0,0.005999042,0.005999042,LOW,0,LOW,0.09,TRUE_NEGATIVE
9,2008,11,POST_MONSOON,0,0.0062376405,0.0062376405,LOW,0,LOW,0.09,TRUE_NEGATIVE
10,2008,11,POST_MONSOON,0,0.0077771023,0.0077771023,LOW,0,LOW,0.09,TRUE_NEGATIVE
11,2008,11,POST_MONSOON,0,0.006540901,0.006540901,LOW,0,LOW,0.09,TRUE_NEGATIVE
12,2008,11,POST_MONSOON,0,0.006470233,0.006470233,LOW,0,LOW,0.09,TRUE_NEGATIVE
13,2008,11,POST_MONSOON,0,0.0074332864,0.0074332864,LOW,0,LOW,0.09,TRUE_NEGATIVE
14,2008,11,POST_MONSOON,0,0.0077262293,0.0077262293,LOW,0,LOW,0.09,TRUE_NEGATIVE
15,2008,11,POST_MONSOON,0,0.006255459,0.006255459,LOW,0,LOW,0.09,TRUE_NEGATIVE
16,2008,11,POST_MONSOON,0,0.029571675,0.029571675,LOW,0,LOW,0.09,TRUE_NEGATIVE
17,2008,11,POST_MONSOON,0,0.016460137,0.016460137,LOW,0,LOW,0.09,TRUE_NEGATIVE
18,2008,11,POST_MONSOON,0,0.007881593,0.007881593,LOW,0,LOW,0.09,TRUE_NEGATIVE
19,2008,11,POST_MONSOON,0,0.009518542,0.009518542,LOW,0,LOW,0.09,TRUE_NEGATIVE
20,2008,11,POST_MONSOON,0,0.010275409,0.010275409,LOW,0,LOW,0.09,TRUE_NEGATIVE
21,2008,11,POST_MONSOON,0,0.0138133,0.0138133,LOW,0,LOW,0.09,TRUE_NEGATIVE
22,2008,11,POST_MONSOON,0,0.011884202,0.011884202,LOW,0,LOW,0.09,TRUE_NEGATIVE
23,2008,11,POST_MONSOON,0,0.008642192,0.008642192,LOW,0,LOW,0.09,TRUE_NEGATIVE
24,2008,11,POST_MONSOON,0,0.0077490187,0.0077490187,LOW,0,LOW,0.09,TRUE_NEGATIVE
25,2008,11,POST_MONSOON,0,0.034536213,0.034536213,LOW,0,LOW,0.09,TRUE_NEGATIVE
26,2008,11,POST_MONSOON,0,0.007391289,0.007391289,LOW,0,LOW,0.09,TRUE_NEGATIVE
27,2008,11,POST_MONSOON,0,0.009776571,0.009776571,LOW,0,LOW,0.09,TRUE_NEGATIVE
28,2008,11,POST_MONSOON,0,0.012170205,0.012170205,LOW,0,LOW,0.09,TRUE_NEGATIVE
29,2008,11,POST_MONSOON,0,0.04861926,0.04861926,LOW,0,LOW,0.09,TRUE_NEGATIVE
30,2008,11,POST_MONSOON,0,0.0058866385,0.0058866385,LOW,0,LOW,0.09,TRUE_NEGATIVE
31,2008,11,POST_MONSOON,0,0.0054567796,0.0054567796,LOW,0,LOW,0.09,TRUE_NEGATIVE
32,2008,11,POST_MONSOON,0,0.00613998,0.00613998,LOW,0,LOW,0.09,TRUE_NEGATIVE
33,2008,11,POST_MONSOON,0,0.0058417106,0.0058417106,LOW,0,LOW,0.09,TRUE_NEGATIVE
34,2008,11,POST_MONSOON,0,0.006137889,0.006137889,LOW,0,LOW,0.09,TRUE_NEGATIVE
35,2008,11,POST_MONSOON,0,0.0055988994,0.0055988994,LOW,0,LOW,0.09,TRUE_NEGATIVE
0,2008,10,POST_MONSOON,0,0.016968973,0.016968973,LOW,0,LOW,0.09,TRUE_NEGATIVE
1,2008,10,POST_MONSOON,0,0.0060789627,0.0060789627,LOW,0,LOW,0.09,TRUE_NEGATIVE
2,2008,10,POST_MONSOON,0,0.0059605488,0.0059605488,LOW,0,LOW,0.09,TRUE_NEGATIVE
3,2008,10,POST_MONSOON,0,0.005084401,0.005084401,LOW,0,LOW,0.09,TRUE_NEGATIVE
4,2008,10,POST_MONSOON,0,0.0050338707,0.0050338707,LOW,0,LOW,0.09,TRUE_NEGATIVE
5,2008,10,POST_MONSOON,0,0.0051977197,0.0051977197,LOW,0,LOW,0.09,TRUE_NEGATIVE
6,2008,10,POST_MONSOON,0,0.0069206753,0.0069206753,LOW,0,LOW,0.09,TRUE_NEGATIVE
7,2008,10,POST_MONSOON,0,0.0049750367,0.0049750367,LOW,0,LOW,0.09,TRUE_NEGATIVE
8,2008,10,POST_MONSOON,0,0.0050092265,0.0050092265,LOW,0,LOW,0.09,TRUE_NEGATIVE
9,2008,10,POST_MONSOON,0,0.0050484384,0.0050484384,LOW,0,LOW,0.09,TRUE_NEGATIVE
10,2008,10,POST_MONSOON,0,0.00537399,0.00537399,LOW,0,LOW,0.09,TRUE_NEGATIVE
11,2008,10,POST_MONSOON,0,0.0049506463,0.0049506463,LOW,0,LOW,0.09,TRUE_NEGATIVE
12,2008,10,POST_MONSOON,0,0.0048725964,0.0048725964,LOW,0,LOW,0.09,TRUE_NEGATIVE
13,2008,10,POST_MONSOON,0,0.005853497,0.005853497,LOW,0,LOW,0.09,TRUE_NEGATIVE
14,2008,10,POST_MONSOON,0,0.0073922225,0.0073922225,LOW,0,LOW,0.09,TRUE_NEGATIVE
15,2008,10,POST_MONSOON,0,0.005016157,0.005016157,LOW,0,LOW,0.09,TRUE_NEGATIVE
16,2008,10,POST_MONSOON,0,0.020209966,0.020209966,LOW,0,LOW,0.09,TRUE_NEGATIVE
17,2008,10,POST_MONSOON,0,0.005693954,0.005693954,LOW,0,LOW,0.09,TRUE_NEGATIVE
18,2008,10,POST_MONSOON,0,0.005660367,0.005660367,LOW,0,LOW,0.09,TRUE_NEGATIVE
19,2008,10,POST_MONSOON,0,0.0049695633,0.0049695633,LOW,0,LOW,0.09,TRUE_NEGATIVE
20,2008,10,POST_MONSOON,0,0.005255233,0.005255233,LOW,0,LOW,0.09,TRUE_NEGATIVE
21,2008,10,POST_MONSOON,0,0.0054228916,0.0054228916,LOW,0,LOW,0.09,TRUE_NEGATIVE
22,2008,10,POST_MONSOON,0,0.005871617,0.005871617,LOW,0,LOW,0.09,TRUE_NEGATIVE
23,2008,10,POST_MONSOON,0,0.0053742835,0.0053742835,LOW,0,LOW,0.09,TRUE_NEGATIVE
24,2008,10,POST_MONSOON,0,0.005048553,0.005048553,LOW,0,LOW,0.09,TRUE_NEGATIVE
25,2008,10,POST_MONSOON,0,0.006362042,0.006362042,LOW,0,LOW,0.09,TRUE_NEGATIVE
26,2008,10,POST_MONSOON,0,0.004875337,0.004875337,LOW,0,LOW,0.09,TRUE_NEGATIVE
27,2008,10,POST_MONSOON,0,0.0051424303,0.0051424303,LOW,0,LOW,0.09,TRUE_NEGATIVE
28,2008,10,POST_MONSOON,0,0.0051949443,0.0051949443,LOW,0,LOW,0.09,TRUE_NEGATIVE
29,2008,10,POST_MONSOON,0,0.025742436,0.025742436,LOW,0,LOW,0.09,TRUE_NEGATIVE
30,2008,10,POST_MONSOON,0,0.004762375,0.004762375,LOW,0,LOW,0.09,TRUE_NEGATIVE
31,2008,10,POST_MONSOON,0,0.0047416743,0.0047416743,LOW,0,LOW,0.09,TRUE_NEGATIVE
32,2008,10,POST_MONSOON,0,0.0047503146,0.0047503146,LOW,0,LOW,0.09,TRUE_NEGATIVE
33,2008,10,POST_MONSOON,0,0.004760793,0.004760793,LOW,0,LOW,0.09,TRUE_NEGATIVE
34,2008,10,POST_MONSOON,0,0.0048032133,0.0048032133,LOW,0,LOW,0.09,TRUE_NEGATIVE
35,2008,10,POST_MONSOON,0,0.004756114,0.004756114,LOW,0,LOW,0.09,TRUE_NEGATIVE
0,2008,9,MONSOON,0,0.0070126117,0.0070126117,LOW,0,LOW,0.09,TRUE_NEGATIVE
1,2008,9,MONSOON,0,0.0067210696,0.0067210696,LOW,0,LOW,0.09,TRUE_NEGATIVE
2,2008,9,MONSOON,0,0.0059827287,0.0059827287,LOW,0,LOW,0.09,TRUE_NEGATIVE
3,2008,9,MONSOON,0,0.0050663906,0.0050663906,LOW,0,LOW,0.09,TRUE_NEGATIVE
4,2008,9,MONSOON,0,0.004983946,0.004983946,LOW,0,LOW,0.09,TRUE_NEGATIVE
5,2008,9,MONSOON,0,0.005221565,0.005221565,LOW,0,LOW,0.09,TRUE_NEGATIVE
6,2008,9,MONSOON,0,0.005861853,0.005861853,LOW,0,LOW,0.09,TRUE_NEGATIVE
7,2008,9,MONSOON,0,0.004967291,0.004967291,LOW,0,LOW,0.09,TRUE_NEGATIVE
8,2008,9,MONSOON,0,0.004886245,0.004886245,LOW,0,LOW,0.09,TRUE_NEGATIVE
9,2008,9,MONSOON,0,0.0049478426,0.0049478426,LOW,0,LOW,0.09,TRUE_NEGATIVE
10,2008,9,MONSOON,0,0.0060341256,0.0060341256,LOW,0,LOW,0.09,TRUE_NEGATIVE
11,2008,9,MONSOON,0,0.00479183,0.00479183,LOW,0,LOW,0.09,TRUE_NEGATIVE
12,2008,9,MONSOON,0,0.005091674,0.005091674,LOW,0,LOW,0.09,TRUE_NEGATIVE
13,2008,9,MONSOON,0,0.007432762,0.007432762,LOW,0,LOW,0.09,TRUE_NEGATIVE
14,2008,9,MONSOON,0,0.017052062,0.017052062,LOW,0,LOW,0.09,TRUE_NEGATIVE
15,2008,9,MONSOON,0,0.0050343885,0.0050343885,LOW,0,LOW,0.09,TRUE_NEGATIVE
16,2008,9,MONSOON,0,0.005937046,0.005937046,LOW,0,LOW,0.09,TRUE_NEGATIVE
17,2008,9,MONSOON,0,0.0057345815,0.0057345815,LOW,0,LOW,0.09,TRUE_NEGATIVE
18,2008,9,MONSOON,0,0.006387592,0.006387592,LOW,0,LOW,0.09,TRUE_NEGATIVE
19,2008,9,MONSOON,0,0.005113319,0.005113319,LOW,0,LOW,0.09,TRUE_NEGATIVE
20,2008,9,MONSOON,0,0.0052336357,0.0052336357,LOW,0,LOW,0.09,TRUE_NEGATIVE
21,2008,9,MONSOON,0,0.005384345,0.005384345,LOW,0,LOW,0.09,TRUE_NEGATIVE
22,2008,9,MONSOON,0,0.005287886,0.005287886,LOW,0,LOW,0.09,TRUE_NEGATIVE
23,2008,9,MONSOON,0,0.005205423,0.005205423,LOW,0,LOW,0.09,TRUE_NEGATIVE
24,2008,9,MONSOON,0,0.0049054357,0.0049054357,LOW,0,LOW,0.09,TRUE_NEGATIVE
25,2008,9,MONSOON,0,0.006507188,0.006507188,LOW,0,LOW,0.09,TRUE_NEGATIVE
26,2008,9,MONSOON,0,0.004823762,0.004823762,LOW,0,LOW,0.09,TRUE_NEGATIVE
27,2008,9,MONSOON,0,0.0052803997,0.0052803997,LOW,0,LOW,0.09,TRUE_NEGATIVE
28,2008,9,MONSOON,0,0.0053133843,0.0053133843,LOW,0,LOW,0.09,TRUE_NEGATIVE
29,2008,9,MONSOON,0,0.011823495,0.011823495,LOW,0,LOW,0.09,TRUE_NEGATIVE
30,2008,9,MONSOON,0,0.004881001,0.004881001,LOW,0,LOW,0.09,TRUE_NEGATIVE
31,2008,9,MONSOON,0,0.0047707804,0.0047707804,LOW,0,LOW,0.09,TRUE_NEGATIVE
32,2008,9,MONSOON,0,0.0047392314,0.0047392314,LOW,0,LOW,0.09,TRUE_NEGATIVE
33,2008,9,MONSOON,0,0.004751496,0.004751496,LOW,0,LOW,0.09,TRUE_NEGATIVE
34,2008,9,MONSOON,0,0.0049182754,0.0049182754,LOW,0,LOW,0.09,TRUE_NEGATIVE
35,2008,9,MONSOON,0,0.0048353127,0.0048353127,LOW,0,LOW,0.09,TRUE_NEGATIVE
0,2008,2,WINTER,0,0.007400309,0.007400309,LOW,0,LOW,0.09,TRUE_NEGATIVE
1,2008,2,WINTER,0,0.03691122,0.03691122,LOW,0,LOW,0.09,TRUE_NEGATIVE
2,2008,2,WINTER,0,0.010724812,0.010724812,LOW,0,LOW,0.09,TRUE_NEGATIVE
3,2008,2,WINTER,0,0.005294587,0.005294587,LOW,0,LOW,0.09,TRUE_NEGATIVE
4,2008,2,WINTER,0,0.00492667,0.00492667,LOW,0,LOW,0.09,TRUE_NEGATIVE
5,2008,2,WINTER,0,0.004941421,0.004941421,LOW,0,LOW,0.09,TRUE_NEGATIVE
6,2008,2,WINTER,0,0.005949608,0.005949608,LOW,0,LOW,0.09,TRUE_NEGATIVE
7,2008,2,WINTER,0,0.0050296118,0.0050296118,LOW,0,LOW,0.09,TRUE_NEGATIVE
8,2008,2,WINTER,0,0.005117741,0.005117741,LOW,0,LOW,0.09,TRUE_NEGATIVE
9,2008,2,WINTER,0,0.005462908,0.005462908,LOW,0,LOW,0.09,TRUE_NEGATIVE
10,2008,2,WINTER,0,0.0053136237,0.0053136237,LOW,0,LOW,0.09,TRUE_NEGATIVE
11,2008,2,WINTER,0,0.0048363362,0.0048363362,LOW,0,LOW,0.09,TRUE_NEGATIVE
12,2008,2,WINTER,0,0.0054407404,0.0054407404,LOW,0,LOW,0.09,TRUE_NEGATIVE
13,2008,2,WINTER,0,0.021296374,0.021296374,LOW,0,LOW,0.09,TRUE_NEGATIVE
14,2008,2,WINTER,0,0.037663184,0.037663184,LOW,0,LOW,0.09,TRUE_NEGATIVE
15,2008,2,WINTER,0,0.0052947653,0.0052947653,LOW,0,LOW,0.09,TRUE_NEGATIVE
16,2008,2,WINTER,0,0.00680426,0.00680426,LOW,0,LOW,0.09,TRUE_NEGATIVE
17,2008,2,WINTER,0,0.005675766,0.005675766,LOW,0,LOW,0.09,TRUE_NEGATIVE
18,2008,2,WINTER,0,0.0058879363,0.0058879363,LOW,0,LOW,0.09,TRUE_NEGATIVE
19,2008,2,WINTER,0,0.00508151,0.00508151,LOW,0,LOW,0.09,TRUE_NEGATIVE
20,2008,2,WINTER,0,0.005013521,0.005013521,LOW,0,LOW,0.09,TRUE_NEGATIVE
21,2008,2,WINTER,0,0.0071569285,0.0071569285,LOW,0,LOW,0.09,TRUE_NEGATIVE
22,2008,2,WINTER,0,0.005115542,0.005115542,LOW,0,LOW,0.09,TRUE_NEGATIVE
23,2008,2,WINTER,0,0.0052137533,0.0052137533,LOW,0,LOW,0.09,TRUE_NEGATIVE
24,2008,2,WINTER,0,0.0057704607,0.0057704607,LOW,0,LOW,0.09,TRUE_NEGATIVE
25,2008,2,WINTER,0,0.0066172164,0.0066172164,LOW,0,LOW,0.09,TRUE_NEGATIVE
26,2008,2,WINTER,0,0.0049914974,0.0049914974,LOW,0,LOW,0.09,TRUE_NEGATIVE
27,2008,2,WINTER,0,0.0055095404,0.0055095404,LOW,0,LOW,0.09,TRUE_NEGATIVE
28,2008,2,WINTER,0,0.005701121,0.005701121,LOW,0,LOW,0.09,TRUE_NEGATIVE
29,2008,2,WINTER,0,0.0052554924,0.0052554924,LOW,0,LOW,0.09,TRUE_NEGATIVE
30,2008,2,WINTER,0,0.004857639,0.004857639,LOW,0,LOW,0.09,TRUE_NEGATIVE
31,2008,2,WINTER,0,0.0053433953,0.0053433953,LOW,0,LOW,0.09,TRUE_NEGATIVE
32,2008,2,WINTER,0,0.0047143158,0.0047143158,LOW,0,LOW,0.09,TRUE_NEGATIVE
33,2008,2,WINTER,0,0.0047808685,0.0047808685,LOW,0,LOW,0.09,TRUE_NEGATIVE
34,2008,2,WINTER,0,0.0050076917,0.0050076917,LOW,0,LOW,0.09,TRUE_NEGATIVE
35,2008,2,WINTER,0,0.0049678567,0.0049678567,LOW,0,LOW,0.09,TRUE_NEGATIVE
0,2009,4,PRE_MONSOON,0,0.0070261727,0.0070261727,LOW,0,LOW,0.09,TRUE_NEGATIVE
1,2009,4,PRE_MONSOON,0,0.088880606,0.088880606,MODERATE,0,MODERATE,0.09,TRUE_NEGATIVE
2,2009,4,PRE_MONSOON,0,0.056968506,0.056968506,MODERATE,0,MODERATE,0.09,TRUE_NEGATIVE
3,2009,4,PRE_MONSOON,0,0.0076781916,0.0076781916,LOW,0,LOW,0.09,TRUE_NEGATIVE
4,2009,4,PRE_MONSOON,0,0.008310491,0.008310491,LOW,0,LOW,0.09,TRUE_NEGATIVE
5,2009,4,PRE_MONSOON,0,0.0061348644,0.0061348644,LOW,0,LOW,0.09,TRUE_NEGATIVE
6,2009,4,PRE_MONSOON,0,0.005523764,0.005523764,LOW,0,LOW,0.09,TRUE_NEGATIVE
7,2009,4,PRE_MONSOON,0,0.009578768,0.009578768,LOW,0,LOW,0.09,TRUE_NEGATIVE
8,2009,4,PRE_MONSOON,0,0.005784065,0.005784065,LOW,0,LOW,0.09,TRUE_NEGATIVE
9,2009,4,PRE_MONSOON,0,0.011127914,0.011127914,LOW,0,LOW,0.09,TRUE_NEGATIVE
10,2009,4,PRE_MONSOON,0,0.007546173,0.007546173,LOW,0,LOW,0.09,TRUE_NEGATIVE
11,2009,4,PRE_MONSOON,0,0.0049655684,0.0049655684,LOW,0,LOW,0.09,TRUE_NEGATIVE
12,2009,4,PRE_MONSOON,0,0.0066200322,0.0066200322,LOW,0,LOW,0.09,TRUE_NEGATIVE
13,2009,4,PRE_MONSOON,0,0.04159996,0.04159996,LOW,0,LOW,0.09,TRUE_NEGATIVE
14,2009,4,PRE_MONSOON,0,0.0354855,0.0354855,LOW,0,LOW,0.09,TRUE_NEGATIVE
15,2009,4,PRE_MONSOON,0,0.008869779,0.008869779,LOW,0,LOW,0.09,TRUE_NEGATIVE
16,2009,4,PRE_MONSOON,0,0.017722556,0.017722556,LOW,0,LOW,0.09,TRUE_NEGATIVE
17,2009,4,PRE_MONSOON,0,0.0066746757,0.0066746757,LOW,0,LOW,0.09,TRUE_NEGATIVE
18,2009,4,PRE_MONSOON,0,0.009777812,0.009777812,LOW,0,LOW,0.09,TRUE_NEGATIVE
19,2009,4,PRE_MONSOON,0,0.0056635593,0.0056635593,LOW,0,LOW,0.09,TRUE_NEGATIVE
20,2009,4,PRE_MONSOON,0,0.0052305134,0.0052305134,LOW,0,LOW,0.09,TRUE_NEGATIVE
21,2009,4,PRE_MONSOON,0,0.019732948,0.019732948,LOW,0,LOW,0.09,TRUE_NEGATIVE
22,2009,4,PRE_MONSOON,0,0.005698005,0.005698005,LOW,0,LOW,0.09,TRUE_NEGATIVE
23,2009,4,PRE_MONSOON,0,0.007386005,0.007386005,LOW,0,LOW,0.09,TRUE_NEGATIVE
24,2009,4,PRE_MONSOON,0,0.0072640944,0.0072640944,LOW,0,LOW,0.09,TRUE_NEGATIVE
25,2009,4,PRE_MONSOON,0,0.005111296,0.005111296,LOW,0,LOW,0.09,TRUE_NEGATIVE
26,2009,4,PRE_MONSOON,0,0.0049965587,0.0049965587,LOW,0,LOW,0.09,TRUE_NEGATIVE
27,2009,4,PRE_MONSOON,0,0.010003139,0.010003139,LOW,0,LOW,0.09,TRUE_NEGATIVE
28,2009,4,PRE_MONSOON,0,0.027793651,0.027793651,LOW,0,LOW,0.09,TRUE_NEGATIVE
29,2009,4,PRE_MONSOON,0,0.005133395,0.005133395,LOW,0,LOW,0.09,TRUE_NEGATIVE
30,2009,4,PRE_MONSOON,0,0.0052783336,0.0052783336,LOW,0,LOW,0.09,TRUE_NEGATIVE
31,2009,4,PRE_MONSOON,0,0.0065172613,0.0065172613,LOW,0,LOW,0.09,TRUE_NEGATIVE
32,2009,4,PRE_MONSOON,0,0.0050829826,0.0050829826,LOW,0,LOW,0.09,TRUE_NEGATIVE
33,2009,4,PRE_MONSOON,0,0.004916782,0.004916782,LOW,0,LOW,0.09,TRUE_NEGATIVE
34,2009,4,PRE_MONSOON,0,0.005254485,0.005254485,LOW,0,LOW,0.09,TRUE_NEGATIVE
35,2009,4,PRE_MONSOON,0,0.0053382684,0.0053382684,LOW,0,LOW,0.09,TRUE_NEGATIVE
0,2009,3,PRE_MONSOON,0,0.01413831,0.01413831,LOW,0,LOW,0.09,TRUE_NEGATIVE
1,2009,3,PRE_MONSOON,0,0.05600617,0.05600617,MODERATE,0,MODERATE,0.09,TRUE_NEGATIVE
2,2009,3,PRE_MONSOON,0,0.11254102,0.11254102,HIGH,1,HIGH,0.09,FALSE_POSITIVE
3,2009,3,PRE_MONSOON,0,0.014975173,0.014975173,LOW,0,LOW,0.09,TRUE_NEGATIVE
4,2009,3,PRE_MONSOON,0,0.010125044,0.010125044,LOW,0,LOW,0.09,TRUE_NEGATIVE
5,2009,3,PRE_MONSOON,0,0.0071596694,0.0071596694,LOW,0,LOW,0.09,TRUE_NEGATIVE
6,2009,3,PRE_MONSOON,0,0.005793736,0.005793736,LOW,0,LOW,0.09,TRUE_NEGATIVE
7,2009,3,PRE_MONSOON,0,0.009433429,0.009433429,LOW,0,LOW,0.09,TRUE_NEGATIVE
8,2009,3,PRE_MONSOON,0,0.0066367006,0.0066367006,LOW,0,LOW,0.09,TRUE_NEGATIVE
9,2009,3,PRE_MONSOON,0,0.010678302,0.010678302,LOW,0,LOW,0.09,TRUE_NEGATIVE
10,2009,3,PRE_MONSOON,0,0.012413487,0.012413487,LOW,0,LOW,0.09,TRUE_NEGATIVE
11,2009,3,PRE_MONSOON,0,0.0056707687,0.0056707687,LOW,0,LOW,0.09,TRUE_NEGATIVE
12,2009,3,PRE_MONSOON,0,0.0066738958,0.0066738958,LOW,0,LOW,0.09,TRUE_NEGATIVE
13,2009,3,PRE_MONSOON,0,0.047099326,0.047099326,LOW,0,LOW,0.09,TRUE_NEGATIVE
14,2009,3,PRE_MONSOON,0,0.020218017,0.020218017,LOW,0,LOW,0.09,TRUE_NEGATIVE
15,2009,3,PRE_MONSOON,0,0.015025197,0.015025197,LOW,0,LOW,0.09,TRUE_NEGATIVE
16,2009,3,PRE_MONSOON,0,0.052082274,0.052082274,MODERATE,0,MODERATE,0.09,TRUE_NEGATIVE
17,2009,3,PRE_MONSOON,0,0.006635142,0.006635142,LOW,0,LOW,0.09,TRUE_NEGATIVE
18,2009,3,PRE_MONSOON,0,0.010426797,0.010426797,LOW,0,LOW,0.09,TRUE_NEGATIVE
19,2009,3,PRE_MONSOON,0,0.0064326418,0.0064326418,LOW,0,LOW,0.09,TRUE_NEGATIVE
20,2009,3,PRE_MONSOON,0,0.0057115234,0.0057115234,LOW,0,LOW,0.09,TRUE_NEGATIVE
21,2009,3,PRE_MONSOON,0,0.027232116,0.027232116,LOW,0,LOW,0.09,TRUE_NEGATIVE
22,2009,3,PRE_MONSOON,0,0.014520369,0.014520369,LOW,0,LOW,0.09,TRUE_NEGATIVE
23,2009,3,PRE_MONSOON,0,0.009730217,0.009730217,LOW,0,LOW,0.09,TRUE_NEGATIVE
24,2009,3,PRE_MONSOON,0,0.006329924,0.006329924,LOW,0,LOW,0.09,TRUE_NEGATIVE
25,2009,3,PRE_MONSOON,0,0.00530952,0.00530952,LOW,0,LOW,0.09,TRUE_NEGATIVE
26,2009,3,PRE_MONSOON,0,0.005587325,0.005587325,LOW,0,LOW,0.09,TRUE_NEGATIVE
27,2009,3,PRE_MONSOON,0,0.017341642,0.017341642,LOW,0,LOW,0.09,TRUE_NEGATIVE
28,2009,3,PRE_MONSOON,0,0.07256344,0.07256344,MODERATE,0,MODERATE,0.09,TRUE_NEGATIVE
29,2009,3,PRE_MONSOON,0,0.0058715893,0.0058715893,LOW,0,LOW,0.09,TRUE_NEGATIVE
30,2009,3,PRE_MONSOON,0,0.0057886047,0.0057886047,LOW,0,LOW,0.09,TRUE_NEGATIVE
31,2009,3,PRE_MONSOON,0,0.0075996784,0.0075996784,LOW,0,LOW,0.09,TRUE_NEGATIVE
32,2009,3,PRE_MONSOON,0,0.005340659,0.005340659,LOW,0,LOW,0.09,TRUE_NEGATIVE
33,2009,3,PRE_MONSOON,0,0.0050987904,0.0050987904,LOW,0,LOW,0.09,TRUE_NEGATIVE
34,2009,3,PRE_MONSOON,0,0.0052838395,0.0052838395,LOW,0,LOW,0.09,TRUE_NEGATIVE
35,2009,3,PRE_MONSOON,0,0.0055649383,0.0055649383,LOW,0,LOW,0.09,TRUE_NEGATIVE
0,2009,7,MONSOON,0,0.031514354,0.031514354,LOW,0,LOW,0.09,TRUE_NEGATIVE
1,2009,7,MONSOON,0,0.053997885,0.053997885,MODERATE,0,MODERATE,0.09,TRUE_NEGATIVE
2,2009,7,MONSOON,1,0.14218853,0.14218853,HIGH,1,HIGH,0.09,TRUE_POSITIVE
3,2009,7,MONSOON,0,0.045146,0.045146,LOW,0,LOW,0.09,TRUE_NEGATIVE
4,2009,7,MONSOON,1,0.051043723,0.051043723,MODERATE,0,MODERATE,0.09,FALSE_NEGATIVE
5,2009,7,MONSOON,0,0.040363304,0.040363304,LOW,0,LOW,0.09,TRUE_NEGATIVE
6,2009,7,MONSOON,1,0.05117716,0.05117716,MODERATE,0,MODERATE,0.09,FALSE_NEGATIVE
7,2009,7,MONSOON,0,0.013657465,0.013657465,LOW,0,LOW,0.09,TRUE_NEGATIVE
8,2009,7,MONSOON,0,0.0083335005,0.0083335005,LOW,0,LOW,0.09,TRUE_NEGATIVE
9,2009,7,MONSOON,0,0.018413257,0.018413257,LOW,0,LOW,0.09,TRUE_NEGATIVE
10,2009,7,MONSOON,1,0.03451314,0.03451314,LOW,0,LOW,0.09,FALSE_NEGATIVE
11,2009,7,MONSOON,0,0.010251568,0.010251568,LOW,0,LOW,0.09,TRUE_NEGATIVE
12,2009,7,MONSOON,0,0.009654,0.009654,LOW,0,LOW,0.09,TRUE_NEGATIVE
13,2009,7,MONSOON,0,0.046686,0.046686,LOW,0,LOW,0.09,TRUE_NEGATIVE
14,2009,7,MONSOON,0,0.037721653,0.037721653,LOW,0,LOW,0.09,TRUE_NEGATIVE
15,2009,7,MONSOON,1,0.022799486,0.022799486,LOW,0,LOW,0.09,FALSE_NEGATIVE
16,2009,7,MONSOON,0,0.07855525,0.07855525,MODERATE,0,MODERATE,0.09,TRUE_NEGATIVE
17,2009,7,MONSOON,1,0.02705386,0.02705386,LOW,0,LOW,0.09,FALSE_NEGATIVE
18,2009,7,MONSOON,0,0.041726083,0.041726083,LOW,0,LOW,0.09,TRUE_NEGATIVE
19,2009,7,MONSOON,0,0.021812353,0.021812353,LOW,0,LOW,0.09,TRUE_NEGATIVE
20,2009,7,MONSOON,0,0.03671107,0.03671107,LOW,0,LOW,0.09,TRUE_NEGATIVE
21,2009,7,MONSOON,0,0.06862965,0.06862965,MODERATE,0,MODERATE,0.09,TRUE_NEGATIVE
22,2009,7,MONSOON,0,0.025146594,0.025146594,LOW,0,LOW,0.09,TRUE_NEGATIVE
23,2009,7,MONSOON,1,0.028614355,0.028614355,LOW,0,LOW,0.09,FALSE_NEGATIVE
24,2009,7,MONSOON,0,0.012419439,0.012419439,LOW,0,LOW,0.09,TRUE_NEGATIVE
25,2009,7,MONSOON,0,0.022129515,0.022129515,LOW,0,LOW,0.09,TRUE_NEGATIVE
26,2009,7,MONSOON,0,0.008693536,0.008693536,LOW,0,LOW,0.09,TRUE_NEGATIVE
27,2009,7,MONSOON,0,0.08981803,0.08981803,MODERATE,0,MODERATE,0.09,TRUE_NEGATIVE
28,2009,7,MONSOON,0,0.116511434,0.116511434,HIGH,1,HIGH,0.09,FALSE_POSITIVE
29,2009,7,MONSOON,0,0.021726994,0.021726994,LOW,0,LOW,0.09,TRUE_NEGATIVE
30,2009,7,MONSOON,0,0.028167197,0.028167197,LOW,0,LOW,0.09,TRUE_NEGATIVE
31,2009,7,MONSOON,0,0.02604839,0.02604839,LOW,0,LOW,0.09,TRUE_NEGATIVE
32,2009,7,MONSOON,0,0.02365475,0.02365475,LOW,0,LOW,0.09,TRUE_NEGATIVE
33,2009,7,MONSOON,0,0.014523577,0.014523577,LOW,0,LOW,0.09,TRUE_NEGATIVE
34,2009,7,MONSOON,0,0.006525389,0.006525389,LOW,0,LOW,0.09,TRUE_NEGATIVE
35,2009,7,MONSOON,0,0.014253949,0.014253949,LOW,0,LOW,0.09,TRUE_NEGATIVE
0,2009,0,UNKNOWN,0,0.075605415,0.075605415,MODERATE,0,MODERATE,0.09,TRUE_NEGATIVE
1,2009,0,UNKNOWN,0,0.06767459,0.06767459,MODERATE,0,MODERATE,0.09,TRUE_NEGATIVE
2,2009,0,UNKNOWN,1,0.1251033,0.1251033,HIGH,1,HIGH,0.09,TRUE_POSITIVE
3,2009,0,UNKNOWN,0,0.12726429,0.12726429,HIGH,1,HIGH,0.09,FALSE_POSITIVE
4,2009,0,UNKNOWN,1,0.1061473,0.1061473,HIGH,1,HIGH,0.09,TRUE_POSITIVE
5,2009,0,UNKNOWN,0,0.09544392,0.09544392,ELEVATED,1,ELEVATED,0.09,FALSE_POSITIVE
6,2009,0,UNKNOWN,1,0.12952466,0.12952466,HIGH,1,HIGH,0.09,TRUE_POSITIVE
7,2009,0,UNKNOWN,0,0.06802382,0.06802382,MODERATE,0,MODERATE,0.09,TRUE_NEGATIVE
8,2009,0,UNKNOWN,0,0.05106613,0.05106613,MODERATE,0,MODERATE,0.09,TRUE_NEGATIVE
9,2009,0,UNKNOWN,0,0.06756787,0.06756787,MODERATE,0,MODERATE,0.09,TRUE_NEGATIVE
10,2009,0,UNKNOWN,1,0.09468183,0.09468183,ELEVATED,1,ELEVATED,0.09,TRUE_POSITIVE
11,2009,0,UNKNOWN,0,0.021620264,0.021620264,LOW,0,LOW,0.09,TRUE_NEGATIVE
12,2009,0,UNKNOWN,0,0.050099015,0.050099015,MODERATE,0,MODERATE,0.09,TRUE_NEGATIVE
13,2009,0,UNKNOWN,0,0.066301465,0.066301465,MODERATE,0,MODERATE,0.09,TRUE_NEGATIVE
14,2009,0,UNKNOWN,0,0.04272815,0.04272815,LOW,0,LOW,0.09,TRUE_NEGATIVE
15,2009,0,UNKNOWN,1,0.094204165,0.094204165,ELEVATED,1,ELEVATED,0.09,TRUE_POSITIVE
16,2009,0,UNKNOWN,0,0.11709849,0.11709849,HIGH,1,HIGH,0.09,FALSE_POSITIVE
17,2009,0,UNKNOWN,1,0.14592199,0.14592199,HIGH,1,HIGH,0.09,TRUE_POSITIVE
18,2009,0,UNKNOWN,0,0.075322784,0.075322784,MODERATE,0,MODERATE,0.09,TRUE_NEGATIVE
19,2009,0,UNKNOWN,0,0.1206051,0.1206051,HIGH,1,HIGH,0.09,FALSE_POSITIVE
20,2009,0,UNKNOWN,0,0.09270299,0.09270299,ELEVATED,1,ELEVATED,0.09,FALSE_POSITIVE
21,2009,0,UNKNOWN,0,0.11608828,0.11608828,HIGH,1,HIGH,0.09,FALSE_POSITIVE
22,2009,0,UNKNOWN,0,0.098908454,0.098908454,ELEVATED,1,ELEVATED,0.09,FALSE_POSITIVE
23,2009,0,UNKNOWN,1,0.12473867,0.12473867,HIGH,1,HIGH,0.09,TRUE_POSITIVE
24,2009,0,UNKNOWN,0,0.07861796,0.07861796,MODERATE,0,MODERATE,0.09,TRUE_NEGATIVE
25,2009,0,UNKNOWN,0,0.0657914,0.0657914,MODERATE,0,MODERATE,0.09,TRUE_NEGATIVE
26,2009,0,UNKNOWN,0,0.013156018,0.013156018,LOW,0,LOW,0.09,TRUE_NEGATIVE
27,2009,0,UNKNOWN,0,0.13413113,0.13413113,HIGH,1,HIGH,0.09,FALSE_POSITIVE
28,2009,0,UNKNOWN,0,0.14642967,0.14642967,HIGH,1,HIGH,0.09,FALSE_POSITIVE
29,2009,0,UNKNOWN,0,0.043682814,0.043682814,LOW,0,LOW,0.09,TRUE_NEGATIVE
30,2009,0,UNKNOWN,0,0.10128024,0.10128024,HIGH,1,HIGH,0.09,FALSE_POSITIVE
31,2009,0,UNKNOWN,1,0.08996,0.08996,MODERATE,0,MODERATE,0.09,FALSE_NEGATIVE
32,2009,0,UNKNOWN,0,0.064489156,0.064489156,MODERATE,0,MODERATE,0.09,TRUE_NEGATIVE
33,2009,0,UNKNOWN,0,0.040071856,0.040071856,LOW,0,LOW,0.09,TRUE_NEGATIVE
34,2009,0,UNKNOWN,0,0.020294053,0.020294053,LOW,0,LOW,0.09,TRUE_NEGATIVE
35,2009,0,UNKNOWN,1,0.0476011,0.0476011,LOW,0,LOW,0.09,FALSE_NEGATIVE
0,2009,8,MONSOON,0,0.09242418,0.09242418,ELEVATED,1,ELEVATED,0.09,FALSE_POSITIVE
1,2009,8,MONSOON,0,0.07424599,0.07424599,MODERATE,0,MODERATE,0.09,TRUE_NEGATIVE
2,2009,8,MONSOON,1,0.10950802,0.10950802,HIGH,1,HIGH,0.09,TRUE_POSITIVE
3,2009,8,MONSOON,0,0.117346585,0.117346585,HIGH,1,HIGH,0.09,FALSE_POSITIVE
4,2009,8,MONSOON,1,0.1371566,0.1371566,HIGH,1,HIGH,0.09,TRUE_POSITIVE
5,2009,8,MONSOON,0,0.109538965,0.109538965,HIGH,1,HIGH,0.09,FALSE_POSITIVE
6,2009,8,MONSOON,1,0.12580593,0.12580593,HIGH,1,HIGH,0.09,TRUE_POSITIVE
7,2009,8,MONSOON,1,0.10955499,0.10955499,HIGH,1,HIGH,0.09,TRUE_POSITIVE
8,2009,8,MONSOON,0,0.07354071,0.07354071,MODERATE,0,MODERATE,0.09,TRUE_NEGATIVE
9,2009,8,MONSOON,0,0.105885655,0.105885655,HIGH,1,HIGH,0.09,FALSE_POSITIVE
10,2009,8,MONSOON,1,0.11228659,0.11228659,HIGH,1,HIGH,0.09,TRUE_POSITIVE
11,2009,8,MONSOON,0,0.047210157,0.047210157,LOW,0,LOW,0.09,TRUE_NEGATIVE
12,2009,8,MONSOON,0,0.07626978,0.07626978,MODERATE,0,MODERATE,0.09,TRUE_NEGATIVE
13,2009,8,MONSOON,0,0.08568157,0.08568157,MODERATE,0,MODERATE,0.09,TRUE_NEGATIVE
14,2009,8,MONSOON,0,0.067621134,0.067621134,MODERATE,0,MODERATE,0.09,TRUE_NEGATIVE
15,2009,8,MONSOON,1,0.115380816,0.115380816,HIGH,1,HIGH,0.09,TRUE_POSITIVE
16,2009,8,MONSOON,0,0.1186897,0.1186897,HIGH,1,HIGH,0.09,FALSE_POSITIVE
17,2009,8,MONSOON,1,0.15024719,0.15024719,CRITICAL,1,CRITICAL,0.09,TRUE_POSITIVE
18,2009,8,MONSOON,0,0.13564669,0.13564669,HIGH,1,HIGH,0.09,FALSE_POSITIVE
19,2009,8,MONSOON,0,0.13275178,0.13275178,HIGH,1,HIGH,0.09,FALSE_POSITIVE
20,2009,8,MONSOON,0,0.12097436,0.12097436,HIGH,1,HIGH,0.09,FALSE_POSITIVE
21,2009,8,MONSOON,0,0.121916145,0.121916145,HIGH,1,HIGH,0.09,FALSE_POSITIVE
22,2009,8,MONSOON,0,0.113778904,0.113778904,HIGH,1,HIGH,0.09,FALSE_POSITIVE
23,2009,8,MONSOON,1,0.1394233,0.1394233,HIGH,1,HIGH,0.09,TRUE_POSITIVE
24,2009,8,MONSOON,0,0.116988,0.116988,HIGH,1,HIGH,0.09,FALSE_POSITIVE
25,2009,8,MONSOON,0,0.10831998,0.10831998,HIGH,1,HIGH,0.09,FALSE_POSITIVE
26,2009,8,MONSOON,0,0.019068806,0.019068806,LOW,0,LOW,0.09,TRUE_NEGATIVE
27,2009,8,MONSOON,0,0.13456675,0.13456675,HIGH,1,HIGH,0.09,FALSE_POSITIVE
28,2009,8,MONSOON,0,0.15176553,0.15176553,CRITICAL,1,CRITICAL,0.09,FALSE_POSITIVE
29,2009,8,MONSOON,0,0.07047704,0.07047704,MODERATE,0,MODERATE,0.09,TRUE_NEGATIVE
30,2009,8,MONSOON,0,0.116028346,0.116028346,HIGH,1,HIGH,0.09,FALSE_POSITIVE
31,2009,8,MONSOON,1,0.11629983,0.11629983,HIGH,1,HIGH,0.09,TRUE_POSITIVE
32,2009,8,MONSOON,0,0.104371615,0.104371615,HIGH,1,HIGH,0.09,FALSE_POSITIVE
33,2009,8,MONSOON,0,0.07286028,0.07286028,MODERATE,0,MODERATE,0.09,TRUE_NEGATIVE
34,2009,8,MONSOON,0,0.02327518,0.02327518,LOW,0,LOW,0.09,TRUE_NEGATIVE
35,2009,8,MONSOON,1,0.10241577,0.10241577,HIGH,1,HIGH,0.09,TRUE_POSITIVE
0,2009,6,MONSOON,0,0.11953641,0.11953641,HIGH,1,HIGH,0.09,FALSE_POSITIVE
1,2009,6,MONSOON,0,0.070906475,0.070906475,MODERATE,0,MODERATE,0.09,TRUE_NEGATIVE
2,2009,6,MONSOON,0,0.12225109,0.12225109,HIGH,1,HIGH,0.09,FALSE_POSITIVE
3,2009,6,MONSOON,0,0.14894392,0.14894392,HIGH,1,HIGH,0.09,FALSE_POSITIVE
4,2009,6,MONSOON,1,0.12232825,0.12232825,HIGH,1,HIGH,0.09,TRUE_POSITIVE
5,2009,6,MONSOON,0,0.13702059,0.13702059,HIGH,1,HIGH,0.09,FALSE_POSITIVE
6,2009,6,MONSOON,0,0.15639168,0.15639168,CRITICAL,1,CRITICAL,0.09,FALSE_POSITIVE
7,2009,6,MONSOON,1,0.099463634,0.099463634,ELEVATED,1,ELEVATED,0.09,TRUE_POSITIVE
8,2009,6,MONSOON,0,0.07991228,0.07991228,MODERATE,0,MODERATE,0.09,TRUE_NEGATIVE
9,2009,6,MONSOON,0,0.08031038,0.08031038,MODERATE,0,MODERATE,0.09,TRUE_NEGATIVE
10,2009,6,MONSOON,0,0.10325209,0.10325209,HIGH,1,HIGH,0.09,FALSE_POSITIVE
11,2009,6,MONSOON,0,0.078358084,0.078358084,MODERATE,0,MODERATE,0.09,TRUE_NEGATIVE
12,2009,6,MONSOON,0,0.05159494,0.05159494,MODERATE,0,MODERATE,0.09,TRUE_NEGATIVE
13,2009,6,MONSOON,0,0.09464712,0.09464712,ELEVATED,1,ELEVATED,0.09,FALSE_POSITIVE
14,2009,6,MONSOON,0,0.056159485,0.056159485,MODERATE,0,MODERATE,0.09,TRUE_NEGATIVE
15,2009,6,MONSOON,0,0.1257691,0.1257691,HIGH,1,HIGH,0.09,FALSE_POSITIVE
16,2009,6,MONSOON,0,0.110575624,0.110575624,HIGH,1,HIGH,0.09,FALSE_POSITIVE
17,2009,6,MONSOON,1,0.16743715,0.16743715,CRITICAL,1,CRITICAL,0.09,TRUE_POSITIVE
18,2009,6,MONSOON,0,0.09683174,0.09683174,ELEVATED,1,ELEVATED,0.09,FALSE_POSITIVE
19,2009,6,MONSOON,0,0.12788072,0.12788072,HIGH,1,HIGH,0.09,FALSE_POSITIVE
20,2009,6,MONSOON,0,0.116631374,0.116631374,HIGH,1,HIGH,0.09,FALSE_POSITIVE
21,2009,6,MONSOON,0,0.12181758,0.12181758,HIGH,1,HIGH,0.09,FALSE_POSITIVE
22,2009,6,MONSOON,0,0.12917264,0.12917264,HIGH,1,HIGH,0.09,FALSE_POSITIVE
23,2009,6,MONSOON,0,0.1531854,0.1531854,CRITICAL,1,CRITICAL,0.09,FALSE_POSITIVE
24,2009,6,MONSOON,0,0.072696134,0.072696134,MODERATE,0,MODERATE,0.09,TRUE_NEGATIVE
25,2009,6,MONSOON,0,0.10520389,0.10520389,HIGH,1,HIGH,0.09,FALSE_POSITIVE
26,2009,6,MONSOON,0,0.04641423,0.04641423,LOW,0,LOW,0.09,TRUE_NEGATIVE
27,2009,6,MONSOON,0,0.16241594,0.16241594,CRITICAL,1,CRITICAL,0.09,FALSE_POSITIVE
28,2009,6,MONSOON,1,0.13463683,0.13463683,HIGH,1,HIGH,0.09,TRUE_POSITIVE
29,2009,6,MONSOON,0,0.14742124,0.14742124,HIGH,1,HIGH,0.09,FALSE_POSITIVE
30,2009,6,MONSOON,0,0.13016938,0.13016938,HIGH,1,HIGH,0.09,FALSE_POSITIVE
31,2009,6,MONSOON,1,0.14277987,0.14277987,HIGH,1,HIGH,0.09,TRUE_POSITIVE
32,2009,6,MONSOON,0,0.11745882,0.11745882,HIGH,1,HIGH,0.09,FALSE_POSITIVE
33,2009,6,MONSOON,0,0.092424594,0.092424594,ELEVATED,1,ELEVATED,0.09,FALSE_POSITIVE
34,2009,6,MONSOON,0,0.026353396,0.026353396,LOW,0,LOW,0.09,TRUE_NEGATIVE
35,2009,6,MONSOON,1,0.08213921,0.08213921,MODERATE,0,MODERATE,0.09,FALSE_NEGATIVE
0,2009,5,PRE_MONSOON,0,0.100872934,0.100872934,HIGH,1,HIGH,0.09,FALSE_POSITIVE
1,2009,5,PRE_MONSOON,0,0.06349043,0.06349043,MODERATE,0,MODERATE,0.09,TRUE_NEGATIVE
2,2009,5,PRE_MONSOON,0,0.09168127,0.09168127,ELEVATED,1,ELEVATED,0.09,FALSE_POSITIVE
3,2009,5,PRE_MONSOON,0,0.12578884,0.12578884,HIGH,1,HIGH,0.09,FALSE_POSITIVE
4,2009,5,PRE_MONSOON,1,0.075664096,0.075664096,MODERATE,0,MODERATE,0.09,FALSE_NEGATIVE
5,2009,5,PRE_MONSOON,0,0.09534094,0.09534094,ELEVATED,1,ELEVATED,0.09,FALSE_POSITIVE
6,2009,5,PRE_MONSOON,0,0.114510454,0.114510454,HIGH,1,HIGH,0.09,FALSE_POSITIVE
7,2009,5,PRE_MONSOON,1,0.06334535,0.06334535,MODERATE,0,MODERATE,0.09,FALSE_NEGATIVE
8,2009,5,PRE_MONSOON,0,0.029673928,0.029673928,LOW,0,LOW,0.09,TRUE_NEGATIVE
9,2009,5,PRE_MONSOON,0,0.052739277,0.052739277,MODERATE,0,MODERATE,0.09,TRUE_NEGATIVE
10,2009,5,PRE_MONSOON,0,0.06229532,0.06229532,MODERATE,0,MODERATE,0.09,TRUE_NEGATIVE
11,2009,5,PRE_MONSOON,0,0.05533571,0.05533571,MODERATE,0,MODERATE,0.09,TRUE_NEGATIVE
12,2009,5,PRE_MONSOON,0,0.04074944,0.04074944,LOW,0,LOW,0.09,TRUE_NEGATIVE
13,2009,5,PRE_MONSOON,0,0.097345054,0.097345054,ELEVATED,1,ELEVATED,0.09,FALSE_POSITIVE
14,2009,5,PRE_MONSOON,0,0.058616687,0.058616687,MODERATE,0,MODERATE,0.09,TRUE_NEGATIVE
15,2009,5,PRE_MONSOON,0,0.06813391,0.06813391,MODERATE,0,MODERATE,0.09,TRUE_NEGATIVE
16,2009,5,PRE_MONSOON,0,0.08733467,0.08733467,MODERATE,0,MODERATE,0.09,TRUE_NEGATIVE
17,2009,5,PRE_MONSOON,1,0.113088496,0.113088496,HIGH,1,HIGH,0.09,TRUE_POSITIVE
18,2009,5,PRE_MONSOON,0,0.051861655,0.051861655,MODERATE,0,MODERATE,0.09,TRUE_NEGATIVE
19,2009,5,PRE_MONSOON,0,0.08516898,0.08516898,MODERATE,0,MODERATE,0.09,TRUE_NEGATIVE
20,2009,5,PRE_MONSOON,0,0.09342868,0.09342868,ELEVATED,1,ELEVATED,0.09,FALSE_POSITIVE
21,2009,5,PRE_MONSOON,0,0.10359361,0.10359361,HIGH,1,HIGH,0.09,FALSE_POSITIVE
22,2009,5,PRE_MONSOON,0,0.11011836,0.11011836,HIGH,1,HIGH,0.09,FALSE_POSITIVE
23,2009,5,PRE_MONSOON,0,0.12039162,0.12039162,HIGH,1,HIGH,0.09,FALSE_POSITIVE
24,2009,5,PRE_MONSOON,0,0.06906846,0.06906846,MODERATE,0,MODERATE,0.09,TRUE_NEGATIVE
25,2009,5,PRE_MONSOON,0,0.13569959,0.13569959,HIGH,1,HIGH,0.09,FALSE_POSITIVE
26,2009,5,PRE_MONSOON,0,0.031161655,0.031161655,LOW,0,LOW,0.09,TRUE_NEGATIVE
27,2009,5,PRE_MONSOON,0,0.13697638,0.13697638,HIGH,1,HIGH,0.09,FALSE_POSITIVE
28,2009,5,PRE_MONSOON,1,0.111743875,0.111743875,HIGH,1,HIGH,0.09,TRUE_POSITIVE
29,2009,5,PRE_MONSOON,1,0.12511402,0.12511402,HIGH,1,HIGH,0.09,TRUE_POSITIVE
30,2009,5,PRE_MONSOON,0,0.11926291,0.11926291,HIGH,1,HIGH,0.09,FALSE_POSITIVE
31,2009,5,PRE_MONSOON,1,0.106024355,0.106024355,HIGH,1,HIGH,0.09,TRUE_POSITIVE
32,2009,5,PRE_MONSOON,0,0.06435872,0.06435872,MODERATE,0,MODERATE,0.09,TRUE_NEGATIVE
33,2009,5,PRE_MONSOON,0,0.05243507,0.05243507,MODERATE,0,MODERATE,0.09,TRUE_NEGATIVE
34,2009,5,PRE_MONSOON,0,0.009514007,0.009514007,LOW,0,LOW,0.09,TRUE_NEGATIVE
35,2009,5,PRE_MONSOON,0,0.061389465,0.061389465,MODERATE,0,MODERATE,0.09,TRUE_NEGATIVE
0,2009,1,WINTER,0,0.10141271,0.10141271,HIGH,1,HIGH,0.09,FALSE_POSITIVE
1,2009,1,WINTER,0,0.034287702,0.034287702,LOW,0,LOW,0.09,TRUE_NEGATIVE
2,2009,1,WINTER,0,0.09518139,0.09518139,ELEVATED,1,ELEVATED,0.09,FALSE_POSITIVE
3,2009,1,WINTER,0,0.020586297,0.020586297,LOW,0,LOW,0.09,TRUE_NEGATIVE
4,2009,1,WINTER,1,0.032866772,0.032866772,LOW,0,LOW,0.09,FALSE_NEGATIVE
5,2009,1,WINTER,0,0.040533397,0.040533397,LOW,0,LOW,0.09,TRUE_NEGATIVE
6,2009,1,WINTER,0,0.06745543,0.06745543,MODERATE,0,MODERATE,0.09,TRUE_NEGATIVE
7,2009,1,WINTER,0,0.014772258,0.014772258,LOW,0,LOW,0.09,TRUE_NEGATIVE
8,2009,1,WINTER,0,0.011378469,0.011378469,LOW,0,LOW,0.09,TRUE_NEGATIVE
9,2009,1,WINTER,0,0.016313555,0.016313555,LOW,0,LOW,0.09,TRUE_NEGATIVE
10,2009,1,WINTER,0,0.026237769,0.026237769,LOW,0,LOW,0.09,TRUE_NEGATIVE
11,2009,1,WINTER,0,0.011931358,0.011931358,LOW,0,LOW,0.09,TRUE_NEGATIVE
12,2009,1,WINTER,0,0.010737406,0.010737406,LOW,0,LOW,0.09,TRUE_NEGATIVE
13,2009,1,WINTER,0,0.024150444,0.024150444,LOW,0,LOW,0.09,TRUE_NEGATIVE
14,2009,1,WINTER,0,0.01805324,0.01805324,LOW,0,LOW,0.09,TRUE_NEGATIVE
15,2009,1,WINTER,0,0.025539294,0.025539294,LOW,0,LOW,0.09,TRUE_NEGATIVE
16,2009,1,WINTER,0,0.07676925,0.07676925,MODERATE,0,MODERATE,0.09,TRUE_NEGATIVE
17,2009,1,WINTER,0,0.025088355,0.025088355,LOW,0,LOW,0.09,TRUE_NEGATIVE
18,2009,1,WINTER,0,0.022261046,0.022261046,LOW,0,LOW,0.09,TRUE_NEGATIVE
19,2009,1,WINTER,0,0.04250323,0.04250323,LOW,0,LOW,0.09,TRUE_NEGATIVE
20,2009,1,WINTER,0,0.04251759,0.04251759,LOW,0,LOW,0.09,TRUE_NEGATIVE
21,2009,1,WINTER,0,0.05147885,0.05147885,MODERATE,0,MODERATE,0.09,TRUE_NEGATIVE
22,2009,1,WINTER,0,0.064204484,0.064204484,MODERATE,0,MODERATE,0.09,TRUE_NEGATIVE
23,2009,1,WINTER,0,0.02556929,0.02556929,LOW,0,LOW,0.09,TRUE_NEGATIVE
24,2009,1,WINTER,0,0.012239673,0.012239673,LOW,0,LOW,0.09,TRUE_NEGATIVE
25,2009,1,WINTER,0,0.08474609,0.08474609,MODERATE,0,MODERATE,0.09,TRUE_NEGATIVE
26,2009,1,WINTER,0,0.01421186,0.01421186,LOW,0,LOW,0.09,TRUE_NEGATIVE
27,2009,1,WINTER,0,0.06271265,0.06271265,MODERATE,0,MODERATE,0.09,TRUE_NEGATIVE
28,2009,1,WINTER,1,0.03704336,0.03704336,LOW,0,LOW,0.09,FALSE_NEGATIVE
29,2009,1,WINTER,1,0.0880606,0.0880606,MODERATE,0,MODERATE,0.09,FALSE_NEGATIVE
30,2009,1,WINTER,0,0.019559383,0.019559383,LOW,0,LOW,0.09,TRUE_NEGATIVE
31,2009,1,WINTER,0,0.01848306,0.01848306,LOW,0,LOW,0.09,TRUE_NEGATIVE
32,2009,1,WINTER,0,0.009513014,0.009513014,LOW,0,LOW,0.09,TRUE_NEGATIVE
33,2009,1,WINTER,0,0.009008765,0.009008765,LOW,0,LOW,0.09,TRUE_NEGATIVE
34,2009,1,WINTER,0,0.008809872,0.008809872,LOW,0,LOW,0.09,TRUE_NEGATIVE
35,2009,1,WINTER,0,0.011867616,0.011867616,LOW,0,LOW,0.09,TRUE_NEGATIVE
0,2009,11,POST_MONSOON,0,0.03448752,0.03448752,LOW,0,LOW,0.09,TRUE_NEGATIVE
1,2009,11,POST_MONSOON,0,0.0188847,0.0188847,LOW,0,LOW,0.09,TRUE_NEGATIVE
2,2009,11,POST_MONSOON,0,0.039571386,0.039571386,LOW,0,LOW,0.09,TRUE_NEGATIVE
3,2009,11,POST_MONSOON,0,0.0082500065,0.0082500065,LOW,0,LOW,0.09,TRUE_NEGATIVE
4,2009,11,POST_MONSOON,0,0.0077441153,0.0077441153,LOW,0,LOW,0.09,TRUE_NEGATIVE
5,2009,11,POST_MONSOON,0,0.0076193605,0.0076193605,LOW,0,LOW,0.09,TRUE_NEGATIVE
6,2009,11,POST_MONSOON,0,0.043631177,0.043631177,LOW,0,LOW,0.09,TRUE_NEGATIVE
7,2009,11,POST_MONSOON,0,0.00678324,0.00678324,LOW,0,LOW,0.09,TRUE_NEGATIVE
8,2009,11,POST_MONSOON,0,0.0062272176,0.0062272176,LOW,0,LOW,0.09,TRUE_NEGATIVE
9,2009,11,POST_MONSOON,0,0.0071840887,0.0071840887,LOW,0,LOW,0.09,TRUE_NEGATIVE
10,2009,11,POST_MONSOON,0,0.006206193,0.006206193,LOW,0,LOW,0.09,TRUE_NEGATIVE
11,2009,11,POST_MONSOON,0,0.0060310666,0.0060310666,LOW,0,LOW,0.09,TRUE_NEGATIVE
12,2009,11,POST_MONSOON,0,0.006493734,0.006493734,LOW,0,LOW,0.09,TRUE_NEGATIVE
13,2009,11,POST_MONSOON,0,0.0141894845,0.0141894845,LOW,0,LOW,0.09,TRUE_NEGATIVE
14,2009,11,POST_MONSOON,0,0.011142869,0.011142869,LOW,0,LOW,0.09,TRUE_NEGATIVE
15,2009,11,POST_MONSOON,0,0.007970741,0.007970741,LOW,0,LOW,0.09,TRUE_NEGATIVE
16,2009,11,POST_MONSOON,0,0.03038716,0.03038716,LOW,0,LOW,0.09,TRUE_NEGATIVE
17,2009,11,POST_MONSOON,0,0.013091056,0.013091056,LOW,0,LOW,0.09,TRUE_NEGATIVE
18,2009,11,POST_MONSOON,0,0.008084773,0.008084773,LOW,0,LOW,0.09,TRUE_NEGATIVE
19,2009,11,POST_MONSOON,0,0.010475401,0.010475401,LOW,0,LOW,0.09,TRUE_NEGATIVE
20,2009,11,POST_MONSOON,0,0.0094461,0.0094461,LOW,0,LOW,0.09,TRUE_NEGATIVE
21,2009,11,POST_MONSOON,0,0.010238546,0.010238546,LOW,0,LOW,0.09,TRUE_NEGATIVE
22,2009,11,POST_MONSOON,0,0.01389146,0.01389146,LOW,0,LOW,0.09,TRUE_NEGATIVE
23,2009,11,POST_MONSOON,0,0.007140034,0.007140034,LOW,0,LOW,0.09,TRUE_NEGATIVE
24,2009,11,POST_MONSOON,0,0.0068432814,0.0068432814,LOW,0,LOW,0.09,TRUE_NEGATIVE
25,2009,11,POST_MONSOON,0,0.017020583,0.017020583,LOW,0,LOW,0.09,TRUE_NEGATIVE
26,2009,11,POST_MONSOON,0,0.006157595,0.006157595,LOW,0,LOW,0.09,TRUE_NEGATIVE
27,2009,11,POST_MONSOON,0,0.011158547,0.011158547,LOW,0,LOW,0.09,TRUE_NEGATIVE
28,2009,11,POST_MONSOON,0,0.012963496,0.012963496,LOW,0,LOW,0.09,TRUE_NEGATIVE
29,2009,11,POST_MONSOON,1,0.050647214,0.050647214,MODERATE,0,MODERATE,0.09,FALSE_NEGATIVE
30,2009,11,POST_MONSOON,0,0.0063792625,0.0063792625,LOW,0,LOW,0.09,TRUE_NEGATIVE
31,2009,11,POST_MONSOON,0,0.0077259876,0.0077259876,LOW,0,LOW,0.09,TRUE_NEGATIVE
32,2009,11,POST_MONSOON,0,0.005490303,0.005490303,LOW,0,LOW,0.09,TRUE_NEGATIVE
33,2009,11,POST_MONSOON,0,0.005664142,0.005664142,LOW,0,LOW,0.09,TRUE_NEGATIVE
34,2009,11,POST_MONSOON,0,0.006838403,0.006838403,LOW,0,LOW,0.09,TRUE_NEGATIVE
35,2009,11,POST_MONSOON,0,0.0061969273,0.0061969273,LOW,0,LOW,0.09,TRUE_NEGATIVE
0,2009,10,POST_MONSOON,0,0.015294745,0.015294745,LOW,0,LOW,0.09,TRUE_NEGATIVE
1,2009,10,POST_MONSOON,0,0.0060351673,0.0060351673,LOW,0,LOW,0.09,TRUE_NEGATIVE
2,2009,10,POST_MONSOON,0,0.0061256806,0.0061256806,LOW,0,LOW,0.09,TRUE_NEGATIVE
3,2009,10,POST_MONSOON,0,0.0052316026,0.0052316026,LOW,0,LOW,0.09,TRUE_NEGATIVE
4,2009,10,POST_MONSOON,0,0.004978756,0.004978756,LOW,0,LOW,0.09,TRUE_NEGATIVE
5,2009,10,POST_MONSOON,0,0.0054971282,0.0054971282,LOW,0,LOW,0.09,TRUE_NEGATIVE
6,2009,10,POST_MONSOON,0,0.007173455,0.007173455,LOW,0,LOW,0.09,TRUE_NEGATIVE
7,2009,10,POST_MONSOON,0,0.004981258,0.004981258,LOW,0,LOW,0.09,TRUE_NEGATIVE
8,2009,10,POST_MONSOON,0,0.0051795705,0.0051795705,LOW,0,LOW,0.09,TRUE_NEGATIVE
9,2009,10,POST_MONSOON,0,0.0050426954,0.0050426954,LOW,0,LOW,0.09,TRUE_NEGATIVE
10,2009,10,POST_MONSOON,0,0.005016433,0.005016433,LOW,0,LOW,0.09,TRUE_NEGATIVE
11,2009,10,POST_MONSOON,0,0.0051242807,0.0051242807,LOW,0,LOW,0.09,TRUE_NEGATIVE
12,2009,10,POST_MONSOON,0,0.0049152565,0.0049152565,LOW,0,LOW,0.09,TRUE_NEGATIVE
13,2009,10,POST_MONSOON,0,0.008258532,0.008258532,LOW,0,LOW,0.09,TRUE_NEGATIVE
14,2009,10,POST_MONSOON,0,0.008995004,0.008995004,LOW,0,LOW,0.09,TRUE_NEGATIVE
15,2009,10,POST_MONSOON,0,0.0051049087,0.0051049087,LOW,0,LOW,0.09,TRUE_NEGATIVE
16,2009,10,POST_MONSOON,0,0.011458967,0.011458967,LOW,0,LOW,0.09,TRUE_NEGATIVE
17,2009,10,POST_MONSOON,0,0.006094612,0.006094612,LOW,0,LOW,0.09,TRUE_NEGATIVE
18,2009,10,POST_MONSOON,0,0.005648619,0.005648619,LOW,0,LOW,0.09,TRUE_NEGATIVE
19,2009,10,POST_MONSOON,0,0.005118967,0.005118967,LOW,0,LOW,0.09,TRUE_NEGATIVE
20,2009,10,POST_MONSOON,0,0.005069939,0.005069939,LOW,0,LOW,0.09,TRUE_NEGATIVE
21,2009,10,POST_MONSOON,0,0.005261988,0.005261988,LOW,0,LOW,0.09,TRUE_NEGATIVE
22,2009,10,POST_MONSOON,0,0.0063579893,0.0063579893,LOW,0,LOW,0.09,TRUE_NEGATIVE
23,2009,10,POST_MONSOON,0,0.004929343,0.004929343,LOW,0,LOW,0.09,TRUE_NEGATIVE
24,2009,10,POST_MONSOON,0,0.0054047513,0.0054047513,LOW,0,LOW,0.09,TRUE_NEGATIVE
25,2009,10,POST_MONSOON,0,0.0073005664,0.0073005664,LOW,0,LOW,0.09,TRUE_NEGATIVE
26,2009,10,POST_MONSOON,0,0.0050154408,0.0050154408,LOW,0,LOW,0.09,TRUE_NEGATIVE
27,2009,10,POST_MONSOON,0,0.005204389,0.005204389,LOW,0,LOW,0.09,TRUE_NEGATIVE
28,2009,10,POST_MONSOON,0,0.0053904927,0.0053904927,LOW,0,LOW,0.09,TRUE_NEGATIVE
29,2009,10,POST_MONSOON,0,0.0149839055,0.0149839055,LOW,0,LOW,0.09,TRUE_NEGATIVE
30,2009,10,POST_MONSOON,0,0.0048286263,0.0048286263,LOW,0,LOW,0.09,TRUE_NEGATIVE
31,2009,10,POST_MONSOON,0,0.0048238216,0.0048238216,LOW,0,LOW,0.09,TRUE_NEGATIVE
32,2009,10,POST_MONSOON,0,0.0047188485,0.0047188485,LOW,0,LOW,0.09,TRUE_NEGATIVE
33,2009,10,POST_MONSOON,0,0.0048937886,0.0048937886,LOW,0,LOW,0.09,TRUE_NEGATIVE
34,2009,10,POST_MONSOON,0,0.005030022,0.005030022,LOW,0,LOW,0.09,TRUE_NEGATIVE
35,2009,10,POST_MONSOON,0,0.0047761267,0.0047761267,LOW,0,LOW,0.09,TRUE_NEGATIVE
0,2009,9,MONSOON,0,0.0059877383,0.0059877383,LOW,0,LOW,0.09,TRUE_NEGATIVE
1,2009,9,MONSOON,1,0.0065642586,0.0065642586,LOW,0,LOW,0.09,FALSE_NEGATIVE
2,2009,9,MONSOON,0,0.0066611585,0.0066611585,LOW,0,LOW,0.09,TRUE_NEGATIVE
3,2009,9,MONSOON,0,0.0051758415,0.0051758415,LOW,0,LOW,0.09,TRUE_NEGATIVE
4,2009,9,MONSOON,0,0.0050389026,0.0050389026,LOW,0,LOW,0.09,TRUE_NEGATIVE
5,2009,9,MONSOON,0,0.0053227725,0.0053227725,LOW,0,LOW,0.09,TRUE_NEGATIVE
6,2009,9,MONSOON,0,0.005705669,0.005705669,LOW,0,LOW,0.09,TRUE_NEGATIVE
7,2009,9,MONSOON,0,0.0052425875,0.0052425875,LOW,0,LOW,0.09,TRUE_NEGATIVE
8,2009,9,MONSOON,0,0.0049460893,0.0049460893,LOW,0,LOW,0.09,TRUE_NEGATIVE
9,2009,9,MONSOON,0,0.004813609,0.004813609,LOW,0,LOW,0.09,TRUE_NEGATIVE
10,2009,9,MONSOON,0,0.0049846177,0.0049846177,LOW,0,LOW,0.09,TRUE_NEGATIVE
11,2009,9,MONSOON,0,0.00491504,0.00491504,LOW,0,LOW,0.09,TRUE_NEGATIVE
12,2009,9,MONSOON,0,0.0049176784,0.0049176784,LOW,0,LOW,0.09,TRUE_NEGATIVE
13,2009,9,MONSOON,0,0.01974775,0.01974775,LOW,0,LOW,0.09,TRUE_NEGATIVE
14,2009,9,MONSOON,0,0.009313017,0.009313017,LOW,0,LOW,0.09,TRUE_NEGATIVE
15,2009,9,MONSOON,0,0.0049104034,0.0049104034,LOW,0,LOW,0.09,TRUE_NEGATIVE
16,2009,9,MONSOON,0,0.0065214955,0.0065214955,LOW,0,LOW,0.09,TRUE_NEGATIVE
17,2009,9,MONSOON,0,0.005848857,0.005848857,LOW,0,LOW,0.09,TRUE_NEGATIVE
18,2009,9,MONSOON,0,0.005720833,0.005720833,LOW,0,LOW,0.09,TRUE_NEGATIVE
19,2009,9,MONSOON,0,0.0058512473,0.0058512473,LOW,0,LOW,0.09,TRUE_NEGATIVE
20,2009,9,MONSOON,0,0.005349783,0.005349783,LOW,0,LOW,0.09,TRUE_NEGATIVE
21,2009,9,MONSOON,0,0.0051851356,0.0051851356,LOW,0,LOW,0.09,TRUE_NEGATIVE
22,2009,9,MONSOON,0,0.005421631,0.005421631,LOW,0,LOW,0.09,TRUE_NEGATIVE
23,2009,9,MONSOON,0,0.0051075784,0.0051075784,LOW,0,LOW,0.09,TRUE_NEGATIVE
24,2009,9,MONSOON,0,0.0051408717,0.0051408717,LOW,0,LOW,0.09,TRUE_NEGATIVE
25,2009,9,MONSOON,0,0.0053169844,0.0053169844,LOW,0,LOW,0.09,TRUE_NEGATIVE
26,2009,9,MONSOON,0,0.0049223285,0.0049223285,LOW,0,LOW,0.09,TRUE_NEGATIVE
27,2009,9,MONSOON,0,0.005263683,0.005263683,LOW,0,LOW,0.09,TRUE_NEGATIVE
28,2009,9,MONSOON,0,0.0052786316,0.0052786316,LOW,0,LOW,0.09,TRUE_NEGATIVE
29,2009,9,MONSOON,0,0.01019534,0.01019534,LOW,0,LOW,0.09,TRUE_NEGATIVE
30,2009,9,MONSOON,0,0.0048009525,0.0048009525,LOW,0,LOW,0.09,TRUE_NEGATIVE
31,2009,9,MONSOON,0,0.0047567077,0.0047567077,LOW,0,LOW,0.09,TRUE_NEGATIVE
32,2009,9,MONSOON,0,0.0048634554,0.0048634554,LOW,0,LOW,0.09,TRUE_NEGATIVE
33,2009,9,MONSOON,0,0.004802557,0.004802557,LOW,0,LOW,0.09,TRUE_NEGATIVE
34,2009,9,MONSOON,0,0.004962304,0.004962304,LOW,0,LOW,0.09,TRUE_NEGATIVE
35,2009,9,MONSOON,0,0.004798766,0.004798766,LOW,0,LOW,0.09,TRUE_NEGATIVE
0,2009,2,WINTER,0,0.0071491054,0.0071491054,LOW,0,LOW,0.09,TRUE_NEGATIVE
1,2009,2,WINTER,1,0.011675472,0.011675472,LOW,0,LOW,0.09,FALSE_NEGATIVE
2,2009,2,WINTER,0,0.006209161,0.006209161,LOW,0,LOW,0.09,TRUE_NEGATIVE
3,2009,2,WINTER,0,0.0056237387,0.0056237387,LOW,0,LOW,0.09,TRUE_NEGATIVE
4,2009,2,WINTER,0,0.0049448647,0.0049448647,LOW,0,LOW,0.09,TRUE_NEGATIVE
5,2009,2,WINTER,0,0.0049962173,0.0049962173,LOW,0,LOW,0.09,TRUE_NEGATIVE
6,2009,2,WINTER,0,0.005466495,0.005466495,LOW,0,LOW,0.09,TRUE_NEGATIVE
7,2009,2,WINTER,0,0.004906407,0.004906407,LOW,0,LOW,0.09,TRUE_NEGATIVE
8,2009,2,WINTER,0,0.0050138775,0.0050138775,LOW,0,LOW,0.09,TRUE_NEGATIVE
9,2009,2,WINTER,0,0.004917972,0.004917972,LOW,0,LOW,0.09,TRUE_NEGATIVE
10,2009,2,WINTER,0,0.004855862,0.004855862,LOW,0,LOW,0.09,TRUE_NEGATIVE
11,2009,2,WINTER,0,0.0048527406,0.0048527406,LOW,0,LOW,0.09,TRUE_NEGATIVE
12,2009,2,WINTER,0,0.005573708,0.005573708,LOW,0,LOW,0.09,TRUE_NEGATIVE
13,2009,2,WINTER,0,0.038139064,0.038139064,LOW,0,LOW,0.09,TRUE_NEGATIVE
14,2009,2,WINTER,0,0.008196922,0.008196922,LOW,0,LOW,0.09,TRUE_NEGATIVE
15,2009,2,WINTER,0,0.0050473483,0.0050473483,LOW,0,LOW,0.09,TRUE_NEGATIVE
16,2009,2,WINTER,0,0.006253512,0.006253512,LOW,0,LOW,0.09,TRUE_NEGATIVE
17,2009,2,WINTER,0,0.005189363,0.005189363,LOW,0,LOW,0.09,TRUE_NEGATIVE
18,2009,2,WINTER,0,0.0069265966,0.0069265966,LOW,0,LOW,0.09,TRUE_NEGATIVE
19,2009,2,WINTER,0,0.0049250876,0.0049250876,LOW,0,LOW,0.09,TRUE_NEGATIVE
20,2009,2,WINTER,0,0.005038728,0.005038728,LOW,0,LOW,0.09,TRUE_NEGATIVE
21,2009,2,WINTER,0,0.0063583446,0.0063583446,LOW,0,LOW,0.09,TRUE_NEGATIVE
22,2009,2,WINTER,0,0.005113038,0.005113038,LOW,0,LOW,0.09,TRUE_NEGATIVE
23,2009,2,WINTER,0,0.0049038674,0.0049038674,LOW,0,LOW,0.09,TRUE_NEGATIVE
24,2009,2,WINTER,0,0.0060038916,0.0060038916,LOW,0,LOW,0.09,TRUE_NEGATIVE
25,2009,2,WINTER,0,0.005812471,0.005812471,LOW,0,LOW,0.09,TRUE_NEGATIVE
26,2009,2,WINTER,0,0.004911806,0.004911806,LOW,0,LOW,0.09,TRUE_NEGATIVE
27,2009,2,WINTER,0,0.0051649543,0.0051649543,LOW,0,LOW,0.09,TRUE_NEGATIVE
28,2009,2,WINTER,0,0.006174157,0.006174157,LOW,0,LOW,0.09,TRUE_NEGATIVE
29,2009,2,WINTER,0,0.008642245,0.008642245,LOW,0,LOW,0.09,TRUE_NEGATIVE
30,2009,2,WINTER,0,0.0047994833,0.0047994833,LOW,0,LOW,0.09,TRUE_NEGATIVE
31,2009,2,WINTER,0,0.005185104,0.005185104,LOW,0,LOW,0.09,TRUE_NEGATIVE
32,2009,2,WINTER,0,0.004805288,0.004805288,LOW,0,LOW,0.09,TRUE_NEGATIVE
33,2009,2,WINTER,0,0.004697117,0.004697117,LOW,0,LOW,0.09,TRUE_NEGATIVE
34,2009,2,WINTER,0,0.005070644,0.005070644,LOW,0,LOW,0.09,TRUE_NEGATIVE
35,2009,2,WINTER,0,0.004786578,0.004786578,LOW,0,LOW,0.09,TRUE_NEGATIVE
0,2010,4,PRE_MONSOON,0,0.012541442,0.012541442,LOW,0,LOW,0.09,TRUE_NEGATIVE
1,2010,4,PRE_MONSOON,1,0.03675265,0.03675265,LOW,0,LOW,0.09,FALSE_NEGATIVE
2,2010,4,PRE_MONSOON,0,0.03763836,0.03763836,LOW,0,LOW,0.09,TRUE_NEGATIVE
3,2010,4,PRE_MONSOON,0,0.007510581,0.007510581,LOW,0,LOW,0.09,TRUE_NEGATIVE
4,2010,4,PRE_MONSOON,0,0.006410114,0.006410114,LOW,0,LOW,0.09,TRUE_NEGATIVE
5,2010,4,PRE_MONSOON,0,0.0052511715,0.0052511715,LOW,0,LOW,0.09,TRUE_NEGATIVE
6,2010,4,PRE_MONSOON,0,0.005359596,0.005359596,LOW,0,LOW,0.09,TRUE_NEGATIVE
7,2010,4,PRE_MONSOON,0,0.0071606324,0.0071606324,LOW,0,LOW,0.09,TRUE_NEGATIVE
8,2010,4,PRE_MONSOON,0,0.0053380304,0.0053380304,LOW,0,LOW,0.09,TRUE_NEGATIVE
9,2010,4,PRE_MONSOON,0,0.005884875,0.005884875,LOW,0,LOW,0.09,TRUE_NEGATIVE
10,2010,4,PRE_MONSOON,0,0.0059761163,0.0059761163,LOW,0,LOW,0.09,TRUE_NEGATIVE
11,2010,4,PRE_MONSOON,0,0.0050305137,0.0050305137,LOW,0,LOW,0.09,TRUE_NEGATIVE
12,2010,4,PRE_MONSOON,0,0.0062198183,0.0062198183,LOW,0,LOW,0.09,TRUE_NEGATIVE
13,2010,4,PRE_MONSOON,0,0.046518598,0.046518598,LOW,0,LOW,0.09,TRUE_NEGATIVE
14,2010,4,PRE_MONSOON,0,0.009509237,0.009509237,LOW,0,LOW,0.09,TRUE_NEGATIVE
15,2010,4,PRE_MONSOON,0,0.008962936,0.008962936,LOW,0,LOW,0.09,TRUE_NEGATIVE
16,2010,4,PRE_MONSOON,0,0.006302617,0.006302617,LOW,0,LOW,0.09,TRUE_NEGATIVE
17,2010,4,PRE_MONSOON,0,0.005634359,0.005634359,LOW,0,LOW,0.09,TRUE_NEGATIVE
18,2010,4,PRE_MONSOON,0,0.0070510707,0.0070510707,LOW,0,LOW,0.09,TRUE_NEGATIVE
19,2010,4,PRE_MONSOON,0,0.0052634305,0.0052634305,LOW,0,LOW,0.09,TRUE_NEGATIVE
20,2010,4,PRE_MONSOON,0,0.005200322,0.005200322,LOW,0,LOW,0.09,TRUE_NEGATIVE
21,2010,4,PRE_MONSOON,0,0.01173868,0.01173868,LOW,0,LOW,0.09,TRUE_NEGATIVE
22,2010,4,PRE_MONSOON,0,0.0059575997,0.0059575997,LOW,0,LOW,0.09,TRUE_NEGATIVE
23,2010,4,PRE_MONSOON,0,0.0053248308,0.0053248308,LOW,0,LOW,0.09,TRUE_NEGATIVE
24,2010,4,PRE_MONSOON,0,0.00669268,0.00669268,LOW,0,LOW,0.09,TRUE_NEGATIVE
25,2010,4,PRE_MONSOON,0,0.0050269924,0.0050269924,LOW,0,LOW,0.09,TRUE_NEGATIVE
26,2010,4,PRE_MONSOON,0,0.005072415,0.005072415,LOW,0,LOW,0.09,TRUE_NEGATIVE
27,2010,4,PRE_MONSOON,0,0.006196839,0.006196839,LOW,0,LOW,0.09,TRUE_NEGATIVE
28,2010,4,PRE_MONSOON,0,0.045790117,0.045790117,LOW,0,LOW,0.09,TRUE_NEGATIVE
29,2010,4,PRE_MONSOON,0,0.0055363667,0.0055363667,LOW,0,LOW,0.09,TRUE_NEGATIVE
30,2010,4,PRE_MONSOON,0,0.004904049,0.004904049,LOW,0,LOW,0.09,TRUE_NEGATIVE
31,2010,4,PRE_MONSOON,0,0.006535013,0.006535013,LOW,0,LOW,0.09,TRUE_NEGATIVE
32,2010,4,PRE_MONSOON,0,0.004925882,0.004925882,LOW,0,LOW,0.09,TRUE_NEGATIVE
33,2010,4,PRE_MONSOON,0,0.005056953,0.005056953,LOW,0,LOW,0.09,TRUE_NEGATIVE
34,2010,4,PRE_MONSOON,0,0.005274822,0.005274822,LOW,0,LOW,0.09,TRUE_NEGATIVE
35,2010,4,PRE_MONSOON,0,0.005064607,0.005064607,LOW,0,LOW,0.09,TRUE_NEGATIVE
0,2010,3,PRE_MONSOON,0,0.017143719,0.017143719,LOW,0,LOW,0.09,TRUE_NEGATIVE
1,2010,3,PRE_MONSOON,0,0.040489357,0.040489357,LOW,0,LOW,0.09,TRUE_NEGATIVE
2,2010,3,PRE_MONSOON,0,0.049907528,0.049907528,LOW,0,LOW,0.09,TRUE_NEGATIVE
3,2010,3,PRE_MONSOON,0,0.01117763,0.01117763,LOW,0,LOW,0.09,TRUE_NEGATIVE
4,2010,3,PRE_MONSOON,0,0.0108808605,0.0108808605,LOW,0,LOW,0.09,TRUE_NEGATIVE
5,2010,3,PRE_MONSOON,0,0.00542726,0.00542726,LOW,0,LOW,0.09,TRUE_NEGATIVE
6,2010,3,PRE_MONSOON,0,0.005832847,0.005832847,LOW,0,LOW,0.09,TRUE_NEGATIVE
7,2010,3,PRE_MONSOON,0,0.008658173,0.008658173,LOW,0,LOW,0.09,TRUE_NEGATIVE
8,2010,3,PRE_MONSOON,0,0.0053491006,0.0053491006,LOW,0,LOW,0.09,TRUE_NEGATIVE
9,2010,3,PRE_MONSOON,0,0.005494124,0.005494124,LOW,0,LOW,0.09,TRUE_NEGATIVE
10,2010,3,PRE_MONSOON,0,0.010985823,0.010985823,LOW,0,LOW,0.09,TRUE_NEGATIVE
11,2010,3,PRE_MONSOON,0,0.005461504,0.005461504,LOW,0,LOW,0.09,TRUE_NEGATIVE
12,2010,3,PRE_MONSOON,0,0.005690103,0.005690103,LOW,0,LOW,0.09,TRUE_NEGATIVE
13,2010,3,PRE_MONSOON,0,0.044127494,0.044127494,LOW,0,LOW,0.09,TRUE_NEGATIVE
14,2010,3,PRE_MONSOON,0,0.010118456,0.010118456,LOW,0,LOW,0.09,TRUE_NEGATIVE
15,2010,3,PRE_MONSOON,0,0.016883448,0.016883448,LOW,0,LOW,0.09,TRUE_NEGATIVE
16,2010,3,PRE_MONSOON,0,0.033434376,0.033434376,LOW,0,LOW,0.09,TRUE_NEGATIVE
17,2010,3,PRE_MONSOON,0,0.006167966,0.006167966,LOW,0,LOW,0.09,TRUE_NEGATIVE
18,2010,3,PRE_MONSOON,0,0.009490544,0.009490544,LOW,0,LOW,0.09,TRUE_NEGATIVE
19,2010,3,PRE_MONSOON,0,0.006061954,0.006061954,LOW,0,LOW,0.09,TRUE_NEGATIVE
20,2010,3,PRE_MONSOON,0,0.0055583026,0.0055583026,LOW,0,LOW,0.09,TRUE_NEGATIVE
21,2010,3,PRE_MONSOON,0,0.026266055,0.026266055,LOW,0,LOW,0.09,TRUE_NEGATIVE
22,2010,3,PRE_MONSOON,0,0.0067337444,0.0067337444,LOW,0,LOW,0.09,TRUE_NEGATIVE
23,2010,3,PRE_MONSOON,0,0.00998513,0.00998513,LOW,0,LOW,0.09,TRUE_NEGATIVE
24,2010,3,PRE_MONSOON,0,0.0065119406,0.0065119406,LOW,0,LOW,0.09,TRUE_NEGATIVE
25,2010,3,PRE_MONSOON,0,0.005145881,0.005145881,LOW,0,LOW,0.09,TRUE_NEGATIVE
26,2010,3,PRE_MONSOON,0,0.0056701796,0.0056701796,LOW,0,LOW,0.09,TRUE_NEGATIVE
27,2010,3,PRE_MONSOON,0,0.011967558,0.011967558,LOW,0,LOW,0.09,TRUE_NEGATIVE
28,2010,3,PRE_MONSOON,0,0.12576513,0.12576513,HIGH,1,HIGH,0.09,FALSE_POSITIVE
29,2010,3,PRE_MONSOON,0,0.006067642,0.006067642,LOW,0,LOW,0.09,TRUE_NEGATIVE
30,2010,3,PRE_MONSOON,0,0.0050062235,0.0050062235,LOW,0,LOW,0.09,TRUE_NEGATIVE
31,2010,3,PRE_MONSOON,0,0.0059554456,0.0059554456,LOW,0,LOW,0.09,TRUE_NEGATIVE
32,2010,3,PRE_MONSOON,0,0.0054881447,0.0054881447,LOW,0,LOW,0.09,TRUE_NEGATIVE
33,2010,3,PRE_MONSOON,0,0.005573613,0.005573613,LOW,0,LOW,0.09,TRUE_NEGATIVE
34,2010,3,PRE_MONSOON,0,0.0051168012,0.0051168012,LOW,0,LOW,0.09,TRUE_NEGATIVE
35,2010,3,PRE_MONSOON,0,0.0050761076,0.0050761076,LOW,0,LOW,0.09,TRUE_NEGATIVE
0,2010,7,MONSOON,0,0.026555855,0.026555855,LOW,0,LOW,0.09,TRUE_NEGATIVE
1,2010,7,MONSOON,0,0.024866218,0.024866218,LOW,0,LOW,0.09,TRUE_NEGATIVE
2,2010,7,MONSOON,0,0.10453653,0.10453653,HIGH,1,HIGH,0.09,FALSE_POSITIVE
3,2010,7,MONSOON,0,0.03762961,0.03762961,LOW,0,LOW,0.09,TRUE_NEGATIVE
4,2010,7,MONSOON,0,0.036157854,0.036157854,LOW,0,LOW,0.09,TRUE_NEGATIVE
5,2010,7,MONSOON,0,0.016718565,0.016718565,LOW,0,LOW,0.09,TRUE_NEGATIVE
6,2010,7,MONSOON,0,0.0307753,0.0307753,LOW,0,LOW,0.09,TRUE_NEGATIVE
7,2010,7,MONSOON,0,0.028078841,0.028078841,LOW,0,LOW,0.09,TRUE_NEGATIVE
8,2010,7,MONSOON,0,0.006415206,0.006415206,LOW,0,LOW,0.09,TRUE_NEGATIVE
9,2010,7,MONSOON,0,0.02025066,0.02025066,LOW,0,LOW,0.09,TRUE_NEGATIVE
10,2010,7,MONSOON,0,0.032921888,0.032921888,LOW,0,LOW,0.09,TRUE_NEGATIVE
11,2010,7,MONSOON,0,0.006771627,0.006771627,LOW,0,LOW,0.09,TRUE_NEGATIVE
12,2010,7,MONSOON,0,0.0083674025,0.0083674025,LOW,0,LOW,0.09,TRUE_NEGATIVE
13,2010,7,MONSOON,0,0.042242542,0.042242542,LOW,0,LOW,0.09,TRUE_NEGATIVE
14,2010,7,MONSOON,0,0.036335494,0.036335494,LOW,0,LOW,0.09,TRUE_NEGATIVE
15,2010,7,MONSOON,0,0.032230165,0.032230165,LOW,0,LOW,0.09,TRUE_NEGATIVE
16,2010,7,MONSOON,0,0.049455903,0.049455903,LOW,0,LOW,0.09,TRUE_NEGATIVE
17,2010,7,MONSOON,0,0.036523186,0.036523186,LOW,0,LOW,0.09,TRUE_NEGATIVE
18,2010,7,MONSOON,0,0.0363899,0.0363899,LOW,0,LOW,0.09,TRUE_NEGATIVE
19,2010,7,MONSOON,0,0.04724864,0.04724864,LOW,0,LOW,0.09,TRUE_NEGATIVE
20,2010,7,MONSOON,0,0.025078997,0.025078997,LOW,0,LOW,0.09,TRUE_NEGATIVE
21,2010,7,MONSOON,0,0.06962629,0.06962629,MODERATE,0,MODERATE,0.09,TRUE_NEGATIVE
22,2010,7,MONSOON,0,0.034996312,0.034996312,LOW,0,LOW,0.09,TRUE_NEGATIVE
23,2010,7,MONSOON,0,0.04543551,0.04543551,LOW,0,LOW,0.09,TRUE_NEGATIVE
24,2010,7,MONSOON,0,0.007010481,0.007010481,LOW,0,LOW,0.09,TRUE_NEGATIVE
25,2010,7,MONSOON,0,0.016009703,0.016009703,LOW,0,LOW,0.09,TRUE_NEGATIVE
26,2010,7,MONSOON,0,0.00735537,0.00735537,LOW,0,LOW,0.09,TRUE_NEGATIVE
27,2010,7,MONSOON,0,0.049456194,0.049456194,LOW,0,LOW,0.09,TRUE_NEGATIVE
28,2010,7,MONSOON,0,0.16084562,0.16084562,CRITICAL,1,CRITICAL,0.09,FALSE_POSITIVE
29,2010,7,MONSOON,0,0.019127768,0.019127768,LOW,0,LOW,0.09,TRUE_NEGATIVE
30,2010,7,MONSOON,0,0.02004961,0.02004961,LOW,0,LOW,0.09,TRUE_NEGATIVE
31,2010,7,MONSOON,0,0.015963428,0.015963428,LOW,0,LOW,0.09,TRUE_NEGATIVE
32,2010,7,MONSOON,0,0.02933233,0.02933233,LOW,0,LOW,0.09,TRUE_NEGATIVE
33,2010,7,MONSOON,0,0.017875876,0.017875876,LOW,0,LOW,0.09,TRUE_NEGATIVE
34,2010,7,MONSOON,0,0.0061749676,0.0061749676,LOW,0,LOW,0.09,TRUE_NEGATIVE
35,2010,7,MONSOON,0,0.016472902,0.016472902,LOW,0,LOW,0.09,TRUE_NEGATIVE
0,2010,0,UNKNOWN,0,0.07069102,0.07069102,MODERATE,0,MODERATE,0.09,TRUE_NEGATIVE
1,2010,0,UNKNOWN,0,0.024881009,0.024881009,LOW,0,LOW,0.09,TRUE_NEGATIVE
2,2010,0,UNKNOWN,0,0.09996308,0.09996308,ELEVATED,1,ELEVATED,0.09,FALSE_POSITIVE
3,2010,0,UNKNOWN,0,0.09589571,0.09589571,ELEVATED,1,ELEVATED,0.09,FALSE_POSITIVE
4,2010,0,UNKNOWN,0,0.09505577,0.09505577,ELEVATED,1,ELEVATED,0.09,FALSE_POSITIVE
5,2010,0,UNKNOWN,0,0.06697287,0.06697287,MODERATE,0,MODERATE,0.09,TRUE_NEGATIVE
6,2010,0,UNKNOWN,0,0.06762159,0.06762159,MODERATE,0,MODERATE,0.09,TRUE_NEGATIVE
7,2010,0,UNKNOWN,0,0.06689243,0.06689243,MODERATE,0,MODERATE,0.09,TRUE_NEGATIVE
8,2010,0,UNKNOWN,0,0.009831541,0.009831541,LOW,0,LOW,0.09,TRUE_NEGATIVE
9,2010,0,UNKNOWN,0,0.0439161,0.0439161,LOW,0,LOW,0.09,TRUE_NEGATIVE
10,2010,0,UNKNOWN,0,0.0907364,0.0907364,ELEVATED,1,ELEVATED,0.09,FALSE_POSITIVE
11,2010,0,UNKNOWN,0,0.018634755,0.018634755,LOW,0,LOW,0.09,TRUE_NEGATIVE
12,2010,0,UNKNOWN,0,0.012085432,0.012085432,LOW,0,LOW,0.09,TRUE_NEGATIVE
13,2010,0,UNKNOWN,0,0.04816245,0.04816245,LOW,0,LOW,0.09,TRUE_NEGATIVE
14,2010,0,UNKNOWN,0,0.03618299,0.03618299,LOW,0,LOW,0.09,TRUE_NEGATIVE
15,2010,0,UNKNOWN,1,0.09326565,0.09326565,ELEVATED,1,ELEVATED,0.09,TRUE_POSITIVE
16,2010,0,UNKNOWN,0,0.0905406,0.0905406,ELEVATED,1,ELEVATED,0.09,FALSE_POSITIVE
17,2010,0,UNKNOWN,0,0.075663224,0.075663224,MODERATE,0,MODERATE,0.09,TRUE_NEGATIVE
18,2010,0,UNKNOWN,0,0.055274595,0.055274595,MODERATE,0,MODERATE,0.09,TRUE_NEGATIVE
19,2010,0,UNKNOWN,0,0.099683575,0.099683575,ELEVATED,1,ELEVATED,0.09,FALSE_POSITIVE
20,2010,0,UNKNOWN,0,0.087981716,0.087981716,MODERATE,0,MODERATE,0.09,TRUE_NEGATIVE
21,2010,0,UNKNOWN,0,0.092155315,0.092155315,ELEVATED,1,ELEVATED,0.09,FALSE_POSITIVE
22,2010,0,UNKNOWN,0,0.10810969,0.10810969,HIGH,1,HIGH,0.09,FALSE_POSITIVE
23,2010,0,UNKNOWN,0,0.10590067,0.10590067,HIGH,1,HIGH,0.09,FALSE_POSITIVE
24,2010,0,UNKNOWN,0,0.014856173,0.014856173,LOW,0,LOW,0.09,TRUE_NEGATIVE
25,2010,0,UNKNOWN,0,0.07849046,0.07849046,MODERATE,0,MODERATE,0.09,TRUE_NEGATIVE
26,2010,0,UNKNOWN,0,0.01305224,0.01305224,LOW,0,LOW,0.09,TRUE_NEGATIVE
27,2010,0,UNKNOWN,0,0.12383291,0.12383291,HIGH,1,HIGH,0.09,FALSE_POSITIVE
28,2010,0,UNKNOWN,0,0.14790648,0.14790648,HIGH,1,HIGH,0.09,FALSE_POSITIVE
29,2010,0,UNKNOWN,0,0.042737745,0.042737745,LOW,0,LOW,0.09,TRUE_NEGATIVE
30,2010,0,UNKNOWN,0,0.07149334,0.07149334,MODERATE,0,MODERATE,0.09,TRUE_NEGATIVE
31,2010,0,UNKNOWN,0,0.07250846,0.07250846,MODERATE,0,MODERATE,0.09,TRUE_NEGATIVE
32,2010,0,UNKNOWN,0,0.08863282,0.08863282,MODERATE,0,MODERATE,0.09,TRUE_NEGATIVE
33,2010,0,UNKNOWN,0,0.070532195,0.070532195,MODERATE,0,MODERATE,0.09,TRUE_NEGATIVE
34,2010,0,UNKNOWN,0,0.009846964,0.009846964,LOW,0,LOW,0.09,TRUE_NEGATIVE
35,2010,0,UNKNOWN,0,0.043876745,0.043876745,LOW,0,LOW,0.09,TRUE_NEGATIVE
0,2010,8,MONSOON,0,0.116116874,0.116116874,HIGH,1,HIGH,0.09,FALSE_POSITIVE
1,2010,8,MONSOON,0,0.05614995,0.05614995,MODERATE,0,MODERATE,0.09,TRUE_NEGATIVE
2,2010,8,MONSOON,0,0.07631217,0.07631217,MODERATE,0,MODERATE,0.09,TRUE_NEGATIVE
3,2010,8,MONSOON,1,0.10369747,0.10369747,HIGH,1,HIGH,0.09,TRUE_POSITIVE
4,2010,8,MONSOON,0,0.13024604,0.13024604,HIGH,1,HIGH,0.09,FALSE_POSITIVE
5,2010,8,MONSOON,0,0.080617316,0.080617316,MODERATE,0,MODERATE,0.09,TRUE_NEGATIVE
6,2010,8,MONSOON,0,0.1389215,0.1389215,HIGH,1,HIGH,0.09,FALSE_POSITIVE
7,2010,8,MONSOON,0,0.11077051,0.11077051,HIGH,1,HIGH,0.09,FALSE_POSITIVE
8,2010,8,MONSOON,0,0.017917361,0.017917361,LOW,0,LOW,0.09,TRUE_NEGATIVE
9,2010,8,MONSOON,0,0.063226864,0.063226864,MODERATE,0,MODERATE,0.09,TRUE_NEGATIVE
10,2010,8,MONSOON,0,0.11126188,0.11126188,HIGH,1,HIGH,0.09,FALSE_POSITIVE
11,2010,8,MONSOON,0,0.027588544,0.027588544,LOW,0,LOW,0.09,TRUE_NEGATIVE
12,2010,8,MONSOON,0,0.015607214,0.015607214,LOW,0,LOW,0.09,TRUE_NEGATIVE
13,2010,8,MONSOON,0,0.07363544,0.07363544,MODERATE,0,MODERATE,0.09,TRUE_NEGATIVE
14,2010,8,MONSOON,0,0.058433615,0.058433615,MODERATE,0,MODERATE,0.09,TRUE_NEGATIVE
15,2010,8,MONSOON,1,0.10915429,0.10915429,HIGH,1,HIGH,0.09,TRUE_POSITIVE
16,2010,8,MONSOON,0,0.09322898,0.09322898,ELEVATED,1,ELEVATED,0.09,FALSE_POSITIVE
17,2010,8,MONSOON,0,0.13500166,0.13500166,HIGH,1,HIGH,0.09,FALSE_POSITIVE
18,2010,8,MONSOON,0,0.09569103,0.09569103,ELEVATED,1,ELEVATED,0.09,FALSE_POSITIVE
19,2010,8,MONSOON,0,0.13444693,0.13444693,HIGH,1,HIGH,0.09,FALSE_POSITIVE
20,2010,8,MONSOON,0,0.120707035,0.120707035,HIGH,1,HIGH,0.09,FALSE_POSITIVE
21,2010,8,MONSOON,0,0.093787774,0.093787774,ELEVATED,1,ELEVATED,0.09,FALSE_POSITIVE
22,2010,8,MONSOON,0,0.12031418,0.12031418,HIGH,1,HIGH,0.09,FALSE_POSITIVE
23,2010,8,MONSOON,0,0.13472596,0.13472596,HIGH,1,HIGH,0.09,FALSE_POSITIVE
24,2010,8,MONSOON,0,0.018089512,0.018089512,LOW,0,LOW,0.09,TRUE_NEGATIVE
25,2010,8,MONSOON,0,0.112154834,0.112154834,HIGH,1,HIGH,0.09,FALSE_POSITIVE
26,2010,8,MONSOON,0,0.019142678,0.019142678,LOW,0,LOW,0.09,TRUE_NEGATIVE
27,2010,8,MONSOON,0,0.155757,0.155757,CRITICAL,1,CRITICAL,0.09,FALSE_POSITIVE
28,2010,8,MONSOON,0,0.120772965,0.120772965,HIGH,1,HIGH,0.09,FALSE_POSITIVE
29,2010,8,MONSOON,0,0.05165134,0.05165134,MODERATE,0,MODERATE,0.09,TRUE_NEGATIVE
30,2010,8,MONSOON,0,0.09793411,0.09793411,ELEVATED,1,ELEVATED,0.09,FALSE_POSITIVE
31,2010,8,MONSOON,0,0.08896525,0.08896525,MODERATE,0,MODERATE,0.09,TRUE_NEGATIVE
32,2010,8,MONSOON,0,0.12090307,0.12090307,HIGH,1,HIGH,0.09,FALSE_POSITIVE
33,2010,8,MONSOON,0,0.08636937,0.08636937,MODERATE,0,MODERATE,0.09,TRUE_NEGATIVE
34,2010,8,MONSOON,0,0.010654391,0.010654391,LOW,0,LOW,0.09,TRUE_NEGATIVE
35,2010,8,MONSOON,0,0.067724824,0.067724824,MODERATE,0,MODERATE,0.09,TRUE_NEGATIVE
0,2010,6,MONSOON,0,0.12193598,0.12193598,HIGH,1,HIGH,0.09,FALSE_POSITIVE
1,2010,6,MONSOON,0,0.035441063,0.035441063,LOW,0,LOW,0.09,TRUE_NEGATIVE
2,2010,6,MONSOON,0,0.07613489,0.07613489,MODERATE,0,MODERATE,0.09,TRUE_NEGATIVE
3,2010,6,MONSOON,1,0.1236883,0.1236883,HIGH,1,HIGH,0.09,TRUE_POSITIVE
4,2010,6,MONSOON,0,0.14217809,0.14217809,HIGH,1,HIGH,0.09,FALSE_POSITIVE
5,2010,6,MONSOON,0,0.10945149,0.10945149,HIGH,1,HIGH,0.09,FALSE_POSITIVE
6,2010,6,MONSOON,0,0.0562404,0.0562404,MODERATE,0,MODERATE,0.09,TRUE_NEGATIVE
7,2010,6,MONSOON,0,0.10343643,0.10343643,HIGH,1,HIGH,0.09,FALSE_POSITIVE
8,2010,6,MONSOON,0,0.011676947,0.011676947,LOW,0,LOW,0.09,TRUE_NEGATIVE
9,2010,6,MONSOON,0,0.060872216,0.060872216,MODERATE,0,MODERATE,0.09,TRUE_NEGATIVE
10,2010,6,MONSOON,0,0.09308959,0.09308959,ELEVATED,1,ELEVATED,0.09,FALSE_POSITIVE
11,2010,6,MONSOON,0,0.050563868,0.050563868,MODERATE,0,MODERATE,0.09,TRUE_NEGATIVE
12,2010,6,MONSOON,0,0.012592507,0.012592507,LOW,0,LOW,0.09,TRUE_NEGATIVE
13,2010,6,MONSOON,0,0.07113816,0.07113816,MODERATE,0,MODERATE,0.09,TRUE_NEGATIVE
14,2010,6,MONSOON,0,0.030893587,0.030893587,LOW,0,LOW,0.09,TRUE_NEGATIVE
15,2010,6,MONSOON,1,0.11796428,0.11796428,HIGH,1,HIGH,0.09,TRUE_POSITIVE
16,2010,6,MONSOON,0,0.1018228,0.1018228,HIGH,1,HIGH,0.09,FALSE_POSITIVE
17,2010,6,MONSOON,0,0.13458887,0.13458887,HIGH,1,HIGH,0.09,FALSE_POSITIVE
18,2010,6,MONSOON,0,0.09874265,0.09874265,ELEVATED,1,ELEVATED,0.09,FALSE_POSITIVE
19,2010,6,MONSOON,0,0.11474865,0.11474865,HIGH,1,HIGH,0.09,FALSE_POSITIVE
20,2010,6,MONSOON,0,0.11572562,0.11572562,HIGH,1,HIGH,0.09,FALSE_POSITIVE
21,2010,6,MONSOON,0,0.06808461,0.06808461,MODERATE,0,MODERATE,0.09,TRUE_NEGATIVE
22,2010,6,MONSOON,0,0.12465744,0.12465744,HIGH,1,HIGH,0.09,FALSE_POSITIVE
23,2010,6,MONSOON,0,0.12702139,0.12702139,HIGH,1,HIGH,0.09,FALSE_POSITIVE
24,2010,6,MONSOON,0,0.016698126,0.016698126,LOW,0,LOW,0.09,TRUE_NEGATIVE
25,2010,6,MONSOON,0,0.116986506,0.116986506,HIGH,1,HIGH,0.09,FALSE_POSITIVE
26,2010,6,MONSOON,0,0.05233854,0.05233854,MODERATE,0,MODERATE,0.09,TRUE_NEGATIVE
27,2010,6,MONSOON,0,0.13698387,0.13698387,HIGH,1,HIGH,0.09,FALSE_POSITIVE
28,2010,6,MONSOON,0,0.09546519,0.09546519,ELEVATED,1,ELEVATED,0.09,FALSE_POSITIVE
29,2010,6,MONSOON,0,0.09105181,0.09105181,ELEVATED,1,ELEVATED,0.09,FALSE_POSITIVE
30,2010,6,MONSOON,0,0.1023328,0.1023328,HIGH,1,HIGH,0.09,FALSE_POSITIVE
31,2010,6,MONSOON,0,0.12196695,0.12196695,HIGH,1,HIGH,0.09,FALSE_POSITIVE
32,2010,6,MONSOON,0,0.09135724,0.09135724,ELEVATED,1,ELEVATED,0.09,FALSE_POSITIVE
33,2010,6,MONSOON,0,0.09752405,0.09752405,ELEVATED,1,ELEVATED,0.09,FALSE_POSITIVE
34,2010,6,MONSOON,0,0.010364864,0.010364864,LOW,0,LOW,0.09,TRUE_NEGATIVE
35,2010,6,MONSOON,0,0.05366512,0.05366512,MODERATE,0,MODERATE,0.09,TRUE_NEGATIVE
0,2010,5,PRE_MONSOON,0,0.113020785,0.113020785,HIGH,1,HIGH,0.09,FALSE_POSITIVE
1,2010,5,PRE_MONSOON,0,0.031520482,0.031520482,LOW,0,LOW,0.09,TRUE_NEGATIVE
2,2010,5,PRE_MONSOON,0,0.07850258,0.07850258,MODERATE,0,MODERATE,0.09,TRUE_NEGATIVE
3,2010,5,PRE_MONSOON,1,0.1206927,0.1206927,HIGH,1,HIGH,0.09,TRUE_POSITIVE
4,2010,5,PRE_MONSOON,0,0.103062265,0.103062265,HIGH,1,HIGH,0.09,FALSE_POSITIVE
5,2010,5,PRE_MONSOON,0,0.08010742,0.08010742,MODERATE,0,MODERATE,0.09,TRUE_NEGATIVE
6,2010,5,PRE_MONSOON,0,0.09085088,0.09085088,ELEVATED,1,ELEVATED,0.09,FALSE_POSITIVE
7,2010,5,PRE_MONSOON,0,0.064341165,0.064341165,MODERATE,0,MODERATE,0.09,TRUE_NEGATIVE
8,2010,5,PRE_MONSOON,0,0.007217677,0.007217677,LOW,0,LOW,0.09,TRUE_NEGATIVE
9,2010,5,PRE_MONSOON,0,0.042807695,0.042807695,LOW,0,LOW,0.09,TRUE_NEGATIVE
10,2010,5,PRE_MONSOON,0,0.08785255,0.08785255,MODERATE,0,MODERATE,0.09,TRUE_NEGATIVE
11,2010,5,PRE_MONSOON,0,0.04999692,0.04999692,LOW,0,LOW,0.09,TRUE_NEGATIVE
12,2010,5,PRE_MONSOON,0,0.009764313,0.009764313,LOW,0,LOW,0.09,TRUE_NEGATIVE
13,2010,5,PRE_MONSOON,0,0.05525015,0.05525015,MODERATE,0,MODERATE,0.09,TRUE_NEGATIVE
14,2010,5,PRE_MONSOON,0,0.041481428,0.041481428,LOW,0,LOW,0.09,TRUE_NEGATIVE
15,2010,5,PRE_MONSOON,1,0.103973866,0.103973866,HIGH,1,HIGH,0.09,TRUE_POSITIVE
16,2010,5,PRE_MONSOON,0,0.09159801,0.09159801,ELEVATED,1,ELEVATED,0.09,FALSE_POSITIVE
17,2010,5,PRE_MONSOON,0,0.11467146,0.11467146,HIGH,1,HIGH,0.09,FALSE_POSITIVE
18,2010,5,PRE_MONSOON,0,0.06741714,0.06741714,MODERATE,0,MODERATE,0.09,TRUE_NEGATIVE
19,2010,5,PRE_MONSOON,0,0.0931078,0.0931078,ELEVATED,1,ELEVATED,0.09,FALSE_POSITIVE
20,2010,5,PRE_MONSOON,0,0.085160136,0.085160136,MODERATE,0,MODERATE,0.09,TRUE_NEGATIVE
21,2010,5,PRE_MONSOON,0,0.08500684,0.08500684,MODERATE,0,MODERATE,0.09,TRUE_NEGATIVE
22,2010,5,PRE_MONSOON,0,0.11508389,0.11508389,HIGH,1,HIGH,0.09,FALSE_POSITIVE
23,2010,5,PRE_MONSOON,0,0.095349304,0.095349304,ELEVATED,1,ELEVATED,0.09,FALSE_POSITIVE
24,2010,5,PRE_MONSOON,0,0.007826194,0.007826194,LOW,0,LOW,0.09,TRUE_NEGATIVE
25,2010,5,PRE_MONSOON,0,0.09297166,0.09297166,ELEVATED,1,ELEVATED,0.09,FALSE_POSITIVE
26,2010,5,PRE_MONSOON,0,0.03028363,0.03028363,LOW,0,LOW,0.09,TRUE_NEGATIVE
27,2010,5,PRE_MONSOON,0,0.12070922,0.12070922,HIGH,1,HIGH,0.09,FALSE_POSITIVE
28,2010,5,PRE_MONSOON,0,0.071090244,0.071090244,MODERATE,0,MODERATE,0.09,TRUE_NEGATIVE
29,2010,5,PRE_MONSOON,0,0.08825329,0.08825329,MODERATE,0,MODERATE,0.09,TRUE_NEGATIVE
30,2010,5,PRE_MONSOON,0,0.054420147,0.054420147,MODERATE,0,MODERATE,0.09,TRUE_NEGATIVE
31,2010,5,PRE_MONSOON,0,0.06647774,0.06647774,MODERATE,0,MODERATE,0.09,TRUE_NEGATIVE
32,2010,5,PRE_MONSOON,0,0.049683865,0.049683865,LOW,0,LOW,0.09,TRUE_NEGATIVE
33,2010,5,PRE_MONSOON,0,0.052806184,0.052806184,MODERATE,0,MODERATE,0.09,TRUE_NEGATIVE
34,2010,5,PRE_MONSOON,0,0.0071218903,0.0071218903,LOW,0,LOW,0.09,TRUE_NEGATIVE
35,2010,5,PRE_MONSOON,0,0.0438952,0.0438952,LOW,0,LOW,0.09,TRUE_NEGATIVE
0,2010,1,WINTER,0,0.07630313,0.07630313,MODERATE,0,MODERATE,0.09,TRUE_NEGATIVE
1,2010,1,WINTER,0,0.03750602,0.03750602,LOW,0,LOW,0.09,TRUE_NEGATIVE
2,2010,1,WINTER,0,0.08028466,0.08028466,MODERATE,0,MODERATE,0.09,TRUE_NEGATIVE
3,2010,1,WINTER,0,0.031735048,0.031735048,LOW,0,LOW,0.09,TRUE_NEGATIVE
4,2010,1,WINTER,0,0.03677489,0.03677489,LOW,0,LOW,0.09,TRUE_NEGATIVE
5,2010,1,WINTER,0,0.030726943,0.030726943,LOW,0,LOW,0.09,TRUE_NEGATIVE
6,2010,1,WINTER,0,0.09417361,0.09417361,ELEVATED,1,ELEVATED,0.09,FALSE_POSITIVE
7,2010,1,WINTER,0,0.013601911,0.013601911,LOW,0,LOW,0.09,TRUE_NEGATIVE
8,2010,1,WINTER,0,0.008558768,0.008558768,LOW,0,LOW,0.09,TRUE_NEGATIVE
9,2010,1,WINTER,0,0.026822677,0.026822677,LOW,0,LOW,0.09,TRUE_NEGATIVE
10,2010,1,WINTER,0,0.023159645,0.023159645,LOW,0,LOW,0.09,TRUE_NEGATIVE
11,2010,1,WINTER,0,0.013950501,0.013950501,LOW,0,LOW,0.09,TRUE_NEGATIVE
12,2010,1,WINTER,0,0.014948504,0.014948504,LOW,0,LOW,0.09,TRUE_NEGATIVE
13,2010,1,WINTER,0,0.020312672,0.020312672,LOW,0,LOW,0.09,TRUE_NEGATIVE
14,2010,1,WINTER,0,0.028362904,0.028362904,LOW,0,LOW,0.09,TRUE_NEGATIVE
15,2010,1,WINTER,0,0.033921987,0.033921987,LOW,0,LOW,0.09,TRUE_NEGATIVE
16,2010,1,WINTER,0,0.078797534,0.078797534,MODERATE,0,MODERATE,0.09,TRUE_NEGATIVE
17,2010,1,WINTER,0,0.034246635,0.034246635,LOW,0,LOW,0.09,TRUE_NEGATIVE
18,2010,1,WINTER,0,0.020768842,0.020768842,LOW,0,LOW,0.09,TRUE_NEGATIVE
19,2010,1,WINTER,0,0.02446313,0.02446313,LOW,0,LOW,0.09,TRUE_NEGATIVE
20,2010,1,WINTER,0,0.023346996,0.023346996,LOW,0,LOW,0.09,TRUE_NEGATIVE
21,2010,1,WINTER,0,0.09408118,0.09408118,ELEVATED,1,ELEVATED,0.09,FALSE_POSITIVE
22,2010,1,WINTER,0,0.05885846,0.05885846,MODERATE,0,MODERATE,0.09,TRUE_NEGATIVE
23,2010,1,WINTER,0,0.027393343,0.027393343,LOW,0,LOW,0.09,TRUE_NEGATIVE
24,2010,1,WINTER,0,0.0078774635,0.0078774635,LOW,0,LOW,0.09,TRUE_NEGATIVE
25,2010,1,WINTER,0,0.05231039,0.05231039,MODERATE,0,MODERATE,0.09,TRUE_NEGATIVE
26,2010,1,WINTER,0,0.013719448,0.013719448,LOW,0,LOW,0.09,TRUE_NEGATIVE
27,2010,1,WINTER,0,0.052291118,0.052291118,MODERATE,0,MODERATE,0.09,TRUE_NEGATIVE
28,2010,1,WINTER,0,0.030317495,0.030317495,LOW,0,LOW,0.09,TRUE_NEGATIVE
29,2010,1,WINTER,0,0.067266755,0.067266755,MODERATE,0,MODERATE,0.09,TRUE_NEGATIVE
30,2010,1,WINTER,0,0.010979433,0.010979433,LOW,0,LOW,0.09,TRUE_NEGATIVE
31,2010,1,WINTER,0,0.017272813,0.017272813,LOW,0,LOW,0.09,TRUE_NEGATIVE
32,2010,1,WINTER,0,0.011446118,0.011446118,LOW,0,LOW,0.09,TRUE_NEGATIVE
33,2010,1,WINTER,0,0.009203837,0.009203837,LOW,0,LOW,0.09,TRUE_NEGATIVE
34,2010,1,WINTER,0,0.00735865,0.00735865,LOW,0,LOW,0.09,TRUE_NEGATIVE
35,2010,1,WINTER,0,0.013338978,0.013338978,LOW,0,LOW,0.09,TRUE_NEGATIVE
0,2010,11,POST_MONSOON,0,0.0410898,0.0410898,LOW,0,LOW,0.09,TRUE_NEGATIVE
1,2010,11,POST_MONSOON,0,0.01962337,0.01962337,LOW,0,LOW,0.09,TRUE_NEGATIVE
2,2010,11,POST_MONSOON,0,0.031854372,0.031854372,LOW,0,LOW,0.09,TRUE_NEGATIVE
3,2010,11,POST_MONSOON,0,0.006298948,0.006298948,LOW,0,LOW,0.09,TRUE_NEGATIVE
4,2010,11,POST_MONSOON,0,0.007270669,0.007270669,LOW,0,LOW,0.09,TRUE_NEGATIVE
5,2010,11,POST_MONSOON,0,0.0065620104,0.0065620104,LOW,0,LOW,0.09,TRUE_NEGATIVE
6,2010,11,POST_MONSOON,0,0.036163587,0.036163587,LOW,0,LOW,0.09,TRUE_NEGATIVE
7,2010,11,POST_MONSOON,0,0.0071893823,0.0071893823,LOW,0,LOW,0.09,TRUE_NEGATIVE
8,2010,11,POST_MONSOON,0,0.0061960225,0.0061960225,LOW,0,LOW,0.09,TRUE_NEGATIVE
9,2010,11,POST_MONSOON,0,0.007367796,0.007367796,LOW,0,LOW,0.09,TRUE_NEGATIVE
10,2010,11,POST_MONSOON,0,0.006414963,0.006414963,LOW,0,LOW,0.09,TRUE_NEGATIVE
11,2010,11,POST_MONSOON,0,0.00607447,0.00607447,LOW,0,LOW,0.09,TRUE_NEGATIVE
12,2010,11,POST_MONSOON,0,0.0068127112,0.0068127112,LOW,0,LOW,0.09,TRUE_NEGATIVE
13,2010,11,POST_MONSOON,0,0.006363097,0.006363097,LOW,0,LOW,0.09,TRUE_NEGATIVE
14,2010,11,POST_MONSOON,0,0.011489802,0.011489802,LOW,0,LOW,0.09,TRUE_NEGATIVE
15,2010,11,POST_MONSOON,0,0.008968909,0.008968909,LOW,0,LOW,0.09,TRUE_NEGATIVE
16,2010,11,POST_MONSOON,0,0.030697327,0.030697327,LOW,0,LOW,0.09,TRUE_NEGATIVE
17,2010,11,POST_MONSOON,0,0.014910832,0.014910832,LOW,0,LOW,0.09,TRUE_NEGATIVE
18,2010,11,POST_MONSOON,0,0.007753798,0.007753798,LOW,0,LOW,0.09,TRUE_NEGATIVE
19,2010,11,POST_MONSOON,0,0.007078368,0.007078368,LOW,0,LOW,0.09,TRUE_NEGATIVE
20,2010,11,POST_MONSOON,0,0.0073720203,0.0073720203,LOW,0,LOW,0.09,TRUE_NEGATIVE
21,2010,11,POST_MONSOON,0,0.014213277,0.014213277,LOW,0,LOW,0.09,TRUE_NEGATIVE
22,2010,11,POST_MONSOON,0,0.021685438,0.021685438,LOW,0,LOW,0.09,TRUE_NEGATIVE
23,2010,11,POST_MONSOON,0,0.0064514885,0.0064514885,LOW,0,LOW,0.09,TRUE_NEGATIVE
24,2010,11,POST_MONSOON,0,0.007328965,0.007328965,LOW,0,LOW,0.09,TRUE_NEGATIVE
25,2010,11,POST_MONSOON,0,0.019786065,0.019786065,LOW,0,LOW,0.09,TRUE_NEGATIVE
26,2010,11,POST_MONSOON,0,0.006126903,0.006126903,LOW,0,LOW,0.09,TRUE_NEGATIVE
27,2010,11,POST_MONSOON,0,0.010989653,0.010989653,LOW,0,LOW,0.09,TRUE_NEGATIVE
28,2010,11,POST_MONSOON,0,0.010481319,0.010481319,LOW,0,LOW,0.09,TRUE_NEGATIVE
29,2010,11,POST_MONSOON,0,0.040876523,0.040876523,LOW,0,LOW,0.09,TRUE_NEGATIVE
30,2010,11,POST_MONSOON,0,0.0057159932,0.0057159932,LOW,0,LOW,0.09,TRUE_NEGATIVE
31,2010,11,POST_MONSOON,0,0.0066095954,0.0066095954,LOW,0,LOW,0.09,TRUE_NEGATIVE
32,2010,11,POST_MONSOON,0,0.0056637796,0.0056637796,LOW,0,LOW,0.09,TRUE_NEGATIVE
33,2010,11,POST_MONSOON,0,0.0063631427,0.0063631427,LOW,0,LOW,0.09,TRUE_NEGATIVE
34,2010,11,POST_MONSOON,0,0.0055953586,0.0055953586,LOW,0,LOW,0.09,TRUE_NEGATIVE
35,2010,11,POST_MONSOON,0,0.0061345124,0.0061345124,LOW,0,LOW,0.09,TRUE_NEGATIVE
0,2010,10,POST_MONSOON,0,0.023958445,0.023958445,LOW,0,LOW,0.09,TRUE_NEGATIVE
1,2010,10,POST_MONSOON,0,0.0058138184,0.0058138184,LOW,0,LOW,0.09,TRUE_NEGATIVE
2,2010,10,POST_MONSOON,0,0.0057267565,0.0057267565,LOW,0,LOW,0.09,TRUE_NEGATIVE
3,2010,10,POST_MONSOON,0,0.0052604605,0.0052604605,LOW,0,LOW,0.09,TRUE_NEGATIVE
4,2010,10,POST_MONSOON,0,0.0049270764,0.0049270764,LOW,0,LOW,0.09,TRUE_NEGATIVE
5,2010,10,POST_MONSOON,0,0.005146096,0.005146096,LOW,0,LOW,0.09,TRUE_NEGATIVE
6,2010,10,POST_MONSOON,0,0.006715065,0.006715065,LOW,0,LOW,0.09,TRUE_NEGATIVE
7,2010,10,POST_MONSOON,0,0.004933248,0.004933248,LOW,0,LOW,0.09,TRUE_NEGATIVE
8,2010,10,POST_MONSOON,0,0.0049497797,0.0049497797,LOW,0,LOW,0.09,TRUE_NEGATIVE
9,2010,10,POST_MONSOON,0,0.005048515,0.005048515,LOW,0,LOW,0.09,TRUE_NEGATIVE
10,2010,10,POST_MONSOON,0,0.0050395913,0.0050395913,LOW,0,LOW,0.09,TRUE_NEGATIVE
11,2010,10,POST_MONSOON,0,0.004940303,0.004940303,LOW,0,LOW,0.09,TRUE_NEGATIVE
12,2010,10,POST_MONSOON,0,0.004857166,0.004857166,LOW,0,LOW,0.09,TRUE_NEGATIVE
13,2010,10,POST_MONSOON,0,0.005442449,0.005442449,LOW,0,LOW,0.09,TRUE_NEGATIVE
14,2010,10,POST_MONSOON,0,0.008350865,0.008350865,LOW,0,LOW,0.09,TRUE_NEGATIVE
15,2010,10,POST_MONSOON,0,0.0052627563,0.0052627563,LOW,0,LOW,0.09,TRUE_NEGATIVE
16,2010,10,POST_MONSOON,0,0.03232452,0.03232452,LOW,0,LOW,0.09,TRUE_NEGATIVE
17,2010,10,POST_MONSOON,0,0.005530277,0.005530277,LOW,0,LOW,0.09,TRUE_NEGATIVE
18,2010,10,POST_MONSOON,0,0.0052442295,0.0052442295,LOW,0,LOW,0.09,TRUE_NEGATIVE
19,2010,10,POST_MONSOON,0,0.004960941,0.004960941,LOW,0,LOW,0.09,TRUE_NEGATIVE
20,2010,10,POST_MONSOON,0,0.0049123634,0.0049123634,LOW,0,LOW,0.09,TRUE_NEGATIVE
21,2010,10,POST_MONSOON,0,0.0057514273,0.0057514273,LOW,0,LOW,0.09,TRUE_NEGATIVE
22,2010,10,POST_MONSOON,0,0.00549292,0.00549292,LOW,0,LOW,0.09,TRUE_NEGATIVE
23,2010,10,POST_MONSOON,0,0.0049600583,0.0049600583,LOW,0,LOW,0.09,TRUE_NEGATIVE
24,2010,10,POST_MONSOON,0,0.005099477,0.005099477,LOW,0,LOW,0.09,TRUE_NEGATIVE
25,2010,10,POST_MONSOON,0,0.007192147,0.007192147,LOW,0,LOW,0.09,TRUE_NEGATIVE
26,2010,10,POST_MONSOON,0,0.0048891394,0.0048891394,LOW,0,LOW,0.09,TRUE_NEGATIVE
27,2010,10,POST_MONSOON,0,0.0049653444,0.0049653444,LOW,0,LOW,0.09,TRUE_NEGATIVE
28,2010,10,POST_MONSOON,0,0.0051906263,0.0051906263,LOW,0,LOW,0.09,TRUE_NEGATIVE
29,2010,10,POST_MONSOON,0,0.025619693,0.025619693,LOW,0,LOW,0.09,TRUE_NEGATIVE
30,2010,10,POST_MONSOON,0,0.004758261,0.004758261,LOW,0,LOW,0.09,TRUE_NEGATIVE
31,2010,10,POST_MONSOON,0,0.0047056493,0.0047056493,LOW,0,LOW,0.09,TRUE_NEGATIVE
32,2010,10,POST_MONSOON,0,0.0047157793,0.0047157793,LOW,0,LOW,0.09,TRUE_NEGATIVE
33,2010,10,POST_MONSOON,0,0.004811097,0.004811097,LOW,0,LOW,0.09,TRUE_NEGATIVE
34,2010,10,POST_MONSOON,0,0.0046879016,0.0046879016,LOW,0,LOW,0.09,TRUE_NEGATIVE
35,2010,10,POST_MONSOON,0,0.0047434797,0.0047434797,LOW,0,LOW,0.09,TRUE_NEGATIVE
0,2010,9,MONSOON,0,0.006442069,0.006442069,LOW,0,LOW,0.09,TRUE_NEGATIVE
1,2010,9,MONSOON,0,0.0057879984,0.0057879984,LOW,0,LOW,0.09,TRUE_NEGATIVE
2,2010,9,MONSOON,0,0.005726751,0.005726751,LOW,0,LOW,0.09,TRUE_NEGATIVE
3,2010,9,MONSOON,0,0.0051239114,0.0051239114,LOW,0,LOW,0.09,TRUE_NEGATIVE
4,2010,9,MONSOON,0,0.0048011784,0.0048011784,LOW,0,LOW,0.09,TRUE_NEGATIVE
5,2010,9,MONSOON,0,0.005515846,0.005515846,LOW,0,LOW,0.09,TRUE_NEGATIVE
6,2010,9,MONSOON,0,0.005928309,0.005928309,LOW,0,LOW,0.09,TRUE_NEGATIVE
7,2010,9,MONSOON,0,0.0049058297,0.0049058297,LOW,0,LOW,0.09,TRUE_NEGATIVE
8,2010,9,MONSOON,0,0.0050027,0.0050027,LOW,0,LOW,0.09,TRUE_NEGATIVE
9,2010,9,MONSOON,0,0.0048573255,0.0048573255,LOW,0,LOW,0.09,TRUE_NEGATIVE
10,2010,9,MONSOON,0,0.0050621354,0.0050621354,LOW,0,LOW,0.09,TRUE_NEGATIVE
11,2010,9,MONSOON,0,0.0048980676,0.0048980676,LOW,0,LOW,0.09,TRUE_NEGATIVE
12,2010,9,MONSOON,0,0.0049245316,0.0049245316,LOW,0,LOW,0.09,TRUE_NEGATIVE
13,2010,9,MONSOON,0,0.006041623,0.006041623,LOW,0,LOW,0.09,TRUE_NEGATIVE
14,2010,9,MONSOON,0,0.026866013,0.026866013,LOW,0,LOW,0.09,TRUE_NEGATIVE
15,2010,9,MONSOON,0,0.0049948,0.0049948,LOW,0,LOW,0.09,TRUE_NEGATIVE
16,2010,9,MONSOON,0,0.0070067504,0.0070067504,LOW,0,LOW,0.09,TRUE_NEGATIVE
17,2010,9,MONSOON,0,0.0054143774,0.0054143774,LOW,0,LOW,0.09,TRUE_NEGATIVE
18,2010,9,MONSOON,0,0.005352372,0.005352372,LOW,0,LOW,0.09,TRUE_NEGATIVE
19,2010,9,MONSOON,0,0.005442715,0.005442715,LOW,0,LOW,0.09,TRUE_NEGATIVE
20,2010,9,MONSOON,0,0.0053125955,0.0053125955,LOW,0,LOW,0.09,TRUE_NEGATIVE
21,2010,9,MONSOON,0,0.0056228754,0.0056228754,LOW,0,LOW,0.09,TRUE_NEGATIVE
22,2010,9,MONSOON,0,0.0058500296,0.0058500296,LOW,0,LOW,0.09,TRUE_NEGATIVE
23,2010,9,MONSOON,0,0.0049528014,0.0049528014,LOW,0,LOW,0.09,TRUE_NEGATIVE
24,2010,9,MONSOON,0,0.0049506184,0.0049506184,LOW,0,LOW,0.09,TRUE_NEGATIVE
25,2010,9,MONSOON,0,0.0069775498,0.0069775498,LOW,0,LOW,0.09,TRUE_NEGATIVE
26,2010,9,MONSOON,0,0.004869471,0.004869471,LOW,0,LOW,0.09,TRUE_NEGATIVE
27,2010,9,MONSOON,0,0.005482063,0.005482063,LOW,0,LOW,0.09,TRUE_NEGATIVE
28,2010,9,MONSOON,0,0.00535875,0.00535875,LOW,0,LOW,0.09,TRUE_NEGATIVE
29,2010,9,MONSOON,0,0.013986978,0.013986978,LOW,0,LOW,0.09,TRUE_NEGATIVE
30,2010,9,MONSOON,0,0.0047740648,0.0047740648,LOW,0,LOW,0.09,TRUE_NEGATIVE
31,2010,9,MONSOON,0,0.004692921,0.004692921,LOW,0,LOW,0.09,TRUE_NEGATIVE
32,2010,9,MONSOON,0,0.0047843633,0.0047843633,LOW,0,LOW,0.09,TRUE_NEGATIVE
33,2010,9,MONSOON,0,0.0047513675,0.0047513675,LOW,0,LOW,0.09,TRUE_NEGATIVE
34,2010,9,MONSOON,0,0.0048597273,0.0048597273,LOW,0,LOW,0.09,TRUE_NEGATIVE
35,2010,9,MONSOON,0,0.004876688,0.004876688,LOW,0,LOW,0.09,TRUE_NEGATIVE
0,2010,2,WINTER,0,0.0070058815,0.0070058815,LOW,0,LOW,0.09,TRUE_NEGATIVE
1,2010,2,WINTER,0,0.008205353,0.008205353,LOW,0,LOW,0.09,TRUE_NEGATIVE
2,2010,2,WINTER,0,0.0059650564,0.0059650564,LOW,0,LOW,0.09,TRUE_NEGATIVE
3,2010,2,WINTER,0,0.0053109657,0.0053109657,LOW,0,LOW,0.09,TRUE_NEGATIVE
4,2010,2,WINTER,0,0.0048804125,0.0048804125,LOW,0,LOW,0.09,TRUE_NEGATIVE
5,2010,2,WINTER,0,0.0052806824,0.0052806824,LOW,0,LOW,0.09,TRUE_NEGATIVE
6,2010,2,WINTER,0,0.005506281,0.005506281,LOW,0,LOW,0.09,TRUE_NEGATIVE
7,2010,2,WINTER,0,0.0048870565,0.0048870565,LOW,0,LOW,0.09,TRUE_NEGATIVE
8,2010,2,WINTER,0,0.005002007,0.005002007,LOW,0,LOW,0.09,TRUE_NEGATIVE
9,2010,2,WINTER,0,0.005353334,0.005353334,LOW,0,LOW,0.09,TRUE_NEGATIVE
10,2010,2,WINTER,0,0.004926714,0.004926714,LOW,0,LOW,0.09,TRUE_NEGATIVE
11,2010,2,WINTER,0,0.004878419,0.004878419,LOW,0,LOW,0.09,TRUE_NEGATIVE
12,2010,2,WINTER,0,0.0049692756,0.0049692756,LOW,0,LOW,0.09,TRUE_NEGATIVE
13,2010,2,WINTER,0,0.011278052,0.011278052,LOW,0,LOW,0.09,TRUE_NEGATIVE
14,2010,2,WINTER,0,0.035280395,0.035280395,LOW,0,LOW,0.09,TRUE_NEGATIVE
15,2010,2,WINTER,0,0.005213766,0.005213766,LOW,0,LOW,0.09,TRUE_NEGATIVE
16,2010,2,WINTER,0,0.00664884,0.00664884,LOW,0,LOW,0.09,TRUE_NEGATIVE
17,2010,2,WINTER,0,0.0052197245,0.0052197245,LOW,0,LOW,0.09,TRUE_NEGATIVE
18,2010,2,WINTER,0,0.006046522,0.006046522,LOW,0,LOW,0.09,TRUE_NEGATIVE
19,2010,2,WINTER,0,0.0049501485,0.0049501485,LOW,0,LOW,0.09,TRUE_NEGATIVE
20,2010,2,WINTER,0,0.004968856,0.004968856,LOW,0,LOW,0.09,TRUE_NEGATIVE
21,2010,2,WINTER,0,0.0064948564,0.0064948564,LOW,0,LOW,0.09,TRUE_NEGATIVE
22,2010,2,WINTER,0,0.00508512,0.00508512,LOW,0,LOW,0.09,TRUE_NEGATIVE
23,2010,2,WINTER,0,0.004867302,0.004867302,LOW,0,LOW,0.09,TRUE_NEGATIVE
24,2010,2,WINTER,0,0.0051753162,0.0051753162,LOW,0,LOW,0.09,TRUE_NEGATIVE
25,2010,2,WINTER,0,0.0076348,0.0076348,LOW,0,LOW,0.09,TRUE_NEGATIVE
26,2010,2,WINTER,0,0.00492213,0.00492213,LOW,0,LOW,0.09,TRUE_NEGATIVE
27,2010,2,WINTER,0,0.0056017353,0.0056017353,LOW,0,LOW,0.09,TRUE_NEGATIVE
28,2010,2,WINTER,0,0.0059229247,0.0059229247,LOW,0,LOW,0.09,TRUE_NEGATIVE
29,2010,2,WINTER,0,0.005691228,0.005691228,LOW,0,LOW,0.09,TRUE_NEGATIVE
30,2010,2,WINTER,0,0.0047696102,0.0047696102,LOW,0,LOW,0.09,TRUE_NEGATIVE
31,2010,2,WINTER,0,0.0050546187,0.0050546187,LOW,0,LOW,0.09,TRUE_NEGATIVE
32,2010,2,WINTER,0,0.004766223,0.004766223,LOW,0,LOW,0.09,TRUE_NEGATIVE
33,2010,2,WINTER,0,0.004783351,0.004783351,LOW,0,LOW,0.09,TRUE_NEGATIVE
34,2010,2,WINTER,0,0.004875848,0.004875848,LOW,0,LOW,0.09,TRUE_NEGATIVE
35,2010,2,WINTER,0,0.004785506,0.004785506,LOW,0,LOW,0.09,TRUE_NEGATIVE
0,2011,4,PRE_MONSOON,0,0.007741345,0.007741345,LOW,0,LOW,0.09,TRUE_NEGATIVE
1,2011,4,PRE_MONSOON,0,0.015046092,0.015046092,LOW,0,LOW,0.09,TRUE_NEGATIVE
2,2011,4,PRE_MONSOON,1,0.015230731,0.015230731,LOW,0,LOW,0.09,FALSE_NEGATIVE
3,2011,4,PRE_MONSOON,0,0.0063966988,0.0063966988,LOW,0,LOW,0.09,TRUE_NEGATIVE
4,2011,4,PRE_MONSOON,0,0.0072562792,0.0072562792,LOW,0,LOW,0.09,TRUE_NEGATIVE
5,2011,4,PRE_MONSOON,0,0.0063065067,0.0063065067,LOW,0,LOW,0.09,TRUE_NEGATIVE
6,2011,4,PRE_MONSOON,0,0.0056957174,0.0056957174,LOW,0,LOW,0.09,TRUE_NEGATIVE
7,2011,4,PRE_MONSOON,0,0.007640507,0.007640507,LOW,0,LOW,0.09,TRUE_NEGATIVE
8,2011,4,PRE_MONSOON,0,0.0053973924,0.0053973924,LOW,0,LOW,0.09,TRUE_NEGATIVE
9,2011,4,PRE_MONSOON,0,0.0062473607,0.0062473607,LOW,0,LOW,0.09,TRUE_NEGATIVE
10,2011,4,PRE_MONSOON,0,0.006791257,0.006791257,LOW,0,LOW,0.09,TRUE_NEGATIVE
11,2011,4,PRE_MONSOON,0,0.00495708,0.00495708,LOW,0,LOW,0.09,TRUE_NEGATIVE
12,2011,4,PRE_MONSOON,0,0.0059576365,0.0059576365,LOW,0,LOW,0.09,TRUE_NEGATIVE
13,2011,4,PRE_MONSOON,0,0.020947976,0.020947976,LOW,0,LOW,0.09,TRUE_NEGATIVE
14,2011,4,PRE_MONSOON,0,0.06832635,0.06832635,MODERATE,0,MODERATE,0.09,TRUE_NEGATIVE
15,2011,4,PRE_MONSOON,0,0.006488666,0.006488666,LOW,0,LOW,0.09,TRUE_NEGATIVE
16,2011,4,PRE_MONSOON,0,0.0067034187,0.0067034187,LOW,0,LOW,0.09,TRUE_NEGATIVE
17,2011,4,PRE_MONSOON,0,0.0054717367,0.0054717367,LOW,0,LOW,0.09,TRUE_NEGATIVE
18,2011,4,PRE_MONSOON,0,0.0064745536,0.0064745536,LOW,0,LOW,0.09,TRUE_NEGATIVE
19,2011,4,PRE_MONSOON,0,0.005393562,0.005393562,LOW,0,LOW,0.09,TRUE_NEGATIVE
20,2011,4,PRE_MONSOON,0,0.005241061,0.005241061,LOW,0,LOW,0.09,TRUE_NEGATIVE
21,2011,4,PRE_MONSOON,0,0.020159122,0.020159122,LOW,0,LOW,0.09,TRUE_NEGATIVE
22,2011,4,PRE_MONSOON,0,0.005690049,0.005690049,LOW,0,LOW,0.09,TRUE_NEGATIVE
23,2011,4,PRE_MONSOON,0,0.0054090214,0.0054090214,LOW,0,LOW,0.09,TRUE_NEGATIVE
24,2011,4,PRE_MONSOON,0,0.00636301,0.00636301,LOW,0,LOW,0.09,TRUE_NEGATIVE
25,2011,4,PRE_MONSOON,0,0.005151484,0.005151484,LOW,0,LOW,0.09,TRUE_NEGATIVE
26,2011,4,PRE_MONSOON,0,0.0050353273,0.0050353273,LOW,0,LOW,0.09,TRUE_NEGATIVE
27,2011,4,PRE_MONSOON,0,0.005545879,0.005545879,LOW,0,LOW,0.09,TRUE_NEGATIVE
28,2011,4,PRE_MONSOON,0,0.071025155,0.071025155,MODERATE,0,MODERATE,0.09,TRUE_NEGATIVE
29,2011,4,PRE_MONSOON,0,0.005170043,0.005170043,LOW,0,LOW,0.09,TRUE_NEGATIVE
30,2011,4,PRE_MONSOON,0,0.004976642,0.004976642,LOW,0,LOW,0.09,TRUE_NEGATIVE
31,2011,4,PRE_MONSOON,0,0.00580927,0.00580927,LOW,0,LOW,0.09,TRUE_NEGATIVE
32,2011,4,PRE_MONSOON,0,0.004987544,0.004987544,LOW,0,LOW,0.09,TRUE_NEGATIVE
33,2011,4,PRE_MONSOON,0,0.005074682,0.005074682,LOW,0,LOW,0.09,TRUE_NEGATIVE
34,2011,4,PRE_MONSOON,0,0.0051974314,0.0051974314,LOW,0,LOW,0.09,TRUE_NEGATIVE
35,2011,4,PRE_MONSOON,0,0.004976923,0.004976923,LOW,0,LOW,0.09,TRUE_NEGATIVE
0,2011,3,PRE_MONSOON,0,0.007350835,0.007350835,LOW,0,LOW,0.09,TRUE_NEGATIVE
1,2011,3,PRE_MONSOON,0,0.023654222,0.023654222,LOW,0,LOW,0.09,TRUE_NEGATIVE
2,2011,3,PRE_MONSOON,1,0.041276008,0.041276008,LOW,0,LOW,0.09,FALSE_NEGATIVE
3,2011,3,PRE_MONSOON,0,0.0072431765,0.0072431765,LOW,0,LOW,0.09,TRUE_NEGATIVE
4,2011,3,PRE_MONSOON,0,0.007858205,0.007858205,LOW,0,LOW,0.09,TRUE_NEGATIVE
5,2011,3,PRE_MONSOON,0,0.006753048,0.006753048,LOW,0,LOW,0.09,TRUE_NEGATIVE
6,2011,3,PRE_MONSOON,0,0.006279777,0.006279777,LOW,0,LOW,0.09,TRUE_NEGATIVE
7,2011,3,PRE_MONSOON,0,0.010578242,0.010578242,LOW,0,LOW,0.09,TRUE_NEGATIVE
8,2011,3,PRE_MONSOON,0,0.0052800565,0.0052800565,LOW,0,LOW,0.09,TRUE_NEGATIVE
9,2011,3,PRE_MONSOON,0,0.0062516276,0.0062516276,LOW,0,LOW,0.09,TRUE_NEGATIVE
10,2011,3,PRE_MONSOON,0,0.013244778,0.013244778,LOW,0,LOW,0.09,TRUE_NEGATIVE
11,2011,3,PRE_MONSOON,0,0.0053957542,0.0053957542,LOW,0,LOW,0.09,TRUE_NEGATIVE
12,2011,3,PRE_MONSOON,0,0.0056915926,0.0056915926,LOW,0,LOW,0.09,TRUE_NEGATIVE
13,2011,3,PRE_MONSOON,0,0.027824262,0.027824262,LOW,0,LOW,0.09,TRUE_NEGATIVE
14,2011,3,PRE_MONSOON,0,0.038607385,0.038607385,LOW,0,LOW,0.09,TRUE_NEGATIVE
15,2011,3,PRE_MONSOON,0,0.007348831,0.007348831,LOW,0,LOW,0.09,TRUE_NEGATIVE
16,2011,3,PRE_MONSOON,0,0.016577203,0.016577203,LOW,0,LOW,0.09,TRUE_NEGATIVE
17,2011,3,PRE_MONSOON,0,0.006735735,0.006735735,LOW,0,LOW,0.09,TRUE_NEGATIVE
18,2011,3,PRE_MONSOON,0,0.010739215,0.010739215,LOW,0,LOW,0.09,TRUE_NEGATIVE
19,2011,3,PRE_MONSOON,0,0.0062784795,0.0062784795,LOW,0,LOW,0.09,TRUE_NEGATIVE
20,2011,3,PRE_MONSOON,0,0.0064307465,0.0064307465,LOW,0,LOW,0.09,TRUE_NEGATIVE
21,2011,3,PRE_MONSOON,0,0.04387481,0.04387481,LOW,0,LOW,0.09,TRUE_NEGATIVE
22,2011,3,PRE_MONSOON,0,0.007339237,0.007339237,LOW,0,LOW,0.09,TRUE_NEGATIVE
23,2011,3,PRE_MONSOON,0,0.008498324,0.008498324,LOW,0,LOW,0.09,TRUE_NEGATIVE
24,2011,3,PRE_MONSOON,0,0.0069218096,0.0069218096,LOW,0,LOW,0.09,TRUE_NEGATIVE
25,2011,3,PRE_MONSOON,0,0.005974598,0.005974598,LOW,0,LOW,0.09,TRUE_NEGATIVE
26,2011,3,PRE_MONSOON,0,0.006191112,0.006191112,LOW,0,LOW,0.09,TRUE_NEGATIVE
27,2011,3,PRE_MONSOON,0,0.009987393,0.009987393,LOW,0,LOW,0.09,TRUE_NEGATIVE
28,2011,3,PRE_MONSOON,0,0.124119334,0.124119334,HIGH,1,HIGH,0.09,FALSE_POSITIVE
29,2011,3,PRE_MONSOON,0,0.0052954713,0.0052954713,LOW,0,LOW,0.09,TRUE_NEGATIVE
30,2011,3,PRE_MONSOON,0,0.005441179,0.005441179,LOW,0,LOW,0.09,TRUE_NEGATIVE
31,2011,3,PRE_MONSOON,0,0.0066856523,0.0066856523,LOW,0,LOW,0.09,TRUE_NEGATIVE
32,2011,3,PRE_MONSOON,0,0.005394117,0.005394117,LOW,0,LOW,0.09,TRUE_NEGATIVE
33,2011,3,PRE_MONSOON,0,0.0051510953,0.0051510953,LOW,0,LOW,0.09,TRUE_NEGATIVE
34,2011,3,PRE_MONSOON,0,0.0052224565,0.0052224565,LOW,0,LOW,0.09,TRUE_NEGATIVE
35,2011,3,PRE_MONSOON,0,0.005243998,0.005243998,LOW,0,LOW,0.09,TRUE_NEGATIVE
0,2011,7,MONSOON,0,0.025747338,0.025747338,LOW,0,LOW,0.09,TRUE_NEGATIVE
1,2011,7,MONSOON,0,0.02464394,0.02464394,LOW,0,LOW,0.09,TRUE_NEGATIVE
2,2011,7,MONSOON,1,0.07455092,0.07455092,MODERATE,0,MODERATE,0.09,FALSE_NEGATIVE
3,2011,7,MONSOON,0,0.008205238,0.008205238,LOW,0,LOW,0.09,TRUE_NEGATIVE
4,2011,7,MONSOON,0,0.033302214,0.033302214,LOW,0,LOW,0.09,TRUE_NEGATIVE
5,2011,7,MONSOON,0,0.044571955,0.044571955,LOW,0,LOW,0.09,TRUE_NEGATIVE
6,2011,7,MONSOON,0,0.04307807,0.04307807,LOW,0,LOW,0.09,TRUE_NEGATIVE
7,2011,7,MONSOON,0,0.027375676,0.027375676,LOW,0,LOW,0.09,TRUE_NEGATIVE
8,2011,7,MONSOON,0,0.010061242,0.010061242,LOW,0,LOW,0.09,TRUE_NEGATIVE
9,2011,7,MONSOON,0,0.013071788,0.013071788,LOW,0,LOW,0.09,TRUE_NEGATIVE
10,2011,7,MONSOON,0,0.028037751,0.028037751,LOW,0,LOW,0.09,TRUE_NEGATIVE
11,2011,7,MONSOON,0,0.011340224,0.011340224,LOW,0,LOW,0.09,TRUE_NEGATIVE
12,2011,7,MONSOON,0,0.011281928,0.011281928,LOW,0,LOW,0.09,TRUE_NEGATIVE
13,2011,7,MONSOON,0,0.034960963,0.034960963,LOW,0,LOW,0.09,TRUE_NEGATIVE
14,2011,7,MONSOON,0,0.032750692,0.032750692,LOW,0,LOW,0.09,TRUE_NEGATIVE
15,2011,7,MONSOON,0,0.030125586,0.030125586,LOW,0,LOW,0.09,TRUE_NEGATIVE
16,2011,7,MONSOON,0,0.04961186,0.04961186,LOW,0,LOW,0.09,TRUE_NEGATIVE
17,2011,7,MONSOON,0,0.047016263,0.047016263,LOW,0,LOW,0.09,TRUE_NEGATIVE
18,2011,7,MONSOON,1,0.038294666,0.038294666,LOW,0,LOW,0.09,FALSE_NEGATIVE
19,2011,7,MONSOON,0,0.05600542,0.05600542,MODERATE,0,MODERATE,0.09,TRUE_NEGATIVE
20,2011,7,MONSOON,0,0.057591587,0.057591587,MODERATE,0,MODERATE,0.09,TRUE_NEGATIVE
21,2011,7,MONSOON,0,0.079165906,0.079165906,MODERATE,0,MODERATE,0.09,TRUE_NEGATIVE
22,2011,7,MONSOON,0,0.045141634,0.045141634,LOW,0,LOW,0.09,TRUE_NEGATIVE
23,2011,7,MONSOON,0,0.033425596,0.033425596,LOW,0,LOW,0.09,TRUE_NEGATIVE
24,2011,7,MONSOON,0,0.015735699,0.015735699,LOW,0,LOW,0.09,TRUE_NEGATIVE
25,2011,7,MONSOON,0,0.031860854,0.031860854,LOW,0,LOW,0.09,TRUE_NEGATIVE
26,2011,7,MONSOON,0,0.017818328,0.017818328,LOW,0,LOW,0.09,TRUE_NEGATIVE
27,2011,7,MONSOON,0,0.049088858,0.049088858,LOW,0,LOW,0.09,TRUE_NEGATIVE
28,2011,7,MONSOON,0,0.1434294,0.1434294,HIGH,1,HIGH,0.09,FALSE_POSITIVE
29,2011,7,MONSOON,0,0.019498589,0.019498589,LOW,0,LOW,0.09,TRUE_NEGATIVE
30,2011,7,MONSOON,0,0.019643817,0.019643817,LOW,0,LOW,0.09,TRUE_NEGATIVE
31,2011,7,MONSOON,0,0.016600166,0.016600166,LOW,0,LOW,0.09,TRUE_NEGATIVE
32,2011,7,MONSOON,0,0.02552755,0.02552755,LOW,0,LOW,0.09,TRUE_NEGATIVE
33,2011,7,MONSOON,0,0.014477683,0.014477683,LOW,0,LOW,0.09,TRUE_NEGATIVE
34,2011,7,MONSOON,0,0.0078215925,0.0078215925,LOW,0,LOW,0.09,TRUE_NEGATIVE
35,2011,7,MONSOON,0,0.02325435,0.02325435,LOW,0,LOW,0.09,TRUE_NEGATIVE
0,2011,0,UNKNOWN,0,0.073740505,0.073740505,MODERATE,0,MODERATE,0.09,TRUE_NEGATIVE
1,2011,0,UNKNOWN,0,0.039839488,0.039839488,LOW,0,LOW,0.09,TRUE_NEGATIVE
2,2011,0,UNKNOWN,1,0.10608513,0.10608513,HIGH,1,HIGH,0.09,TRUE_POSITIVE
3,2011,0,UNKNOWN,0,0.02178988,0.02178988,LOW,0,LOW,0.09,TRUE_NEGATIVE
4,2011,0,UNKNOWN,0,0.08500496,0.08500496,MODERATE,0,MODERATE,0.09,TRUE_NEGATIVE
5,2011,0,UNKNOWN,0,0.060902268,0.060902268,MODERATE,0,MODERATE,0.09,TRUE_NEGATIVE
6,2011,0,UNKNOWN,0,0.08907631,0.08907631,MODERATE,0,MODERATE,0.09,TRUE_NEGATIVE
7,2011,0,UNKNOWN,0,0.058523495,0.058523495,MODERATE,0,MODERATE,0.09,TRUE_NEGATIVE
8,2011,0,UNKNOWN,0,0.056663807,0.056663807,MODERATE,0,MODERATE,0.09,TRUE_NEGATIVE
9,2011,0,UNKNOWN,0,0.044996236,0.044996236,LOW,0,LOW,0.09,TRUE_NEGATIVE
10,2011,0,UNKNOWN,0,0.08736261,0.08736261,MODERATE,0,MODERATE,0.09,TRUE_NEGATIVE
11,2011,0,UNKNOWN,0,0.030754022,0.030754022,LOW,0,LOW,0.09,TRUE_NEGATIVE
12,2011,0,UNKNOWN,0,0.03848222,0.03848222,LOW,0,LOW,0.09,TRUE_NEGATIVE
13,2011,0,UNKNOWN,0,0.054554522,0.054554522,MODERATE,0,MODERATE,0.09,TRUE_NEGATIVE
14,2011,0,UNKNOWN,0,0.04171976,0.04171976,LOW,0,LOW,0.09,TRUE_NEGATIVE
15,2011,0,UNKNOWN,1,0.056917973,0.056917973,MODERATE,0,MODERATE,0.09,FALSE_NEGATIVE
16,2011,0,UNKNOWN,0,0.08328857,0.08328857,MODERATE,0,MODERATE,0.09,TRUE_NEGATIVE
17,2011,0,UNKNOWN,0,0.077133834,0.077133834,MODERATE,0,MODERATE,0.09,TRUE_NEGATIVE
18,2011,0,UNKNOWN,1,0.06968036,0.06968036,MODERATE,0,MODERATE,0.09,FALSE_NEGATIVE
19,2011,0,UNKNOWN,0,0.09567682,0.09567682,ELEVATED,1,ELEVATED,0.09,FALSE_POSITIVE
20,2011,0,UNKNOWN,0,0.09883513,0.09883513,ELEVATED,1,ELEVATED,0.09,FALSE_POSITIVE
21,2011,0,UNKNOWN,0,0.12735525,0.12735525,HIGH,1,HIGH,0.09,FALSE_POSITIVE
22,2011,0,UNKNOWN,0,0.09523512,0.09523512,ELEVATED,1,ELEVATED,0.09,FALSE_POSITIVE
23,2011,0,UNKNOWN,1,0.109102644,0.109102644,HIGH,1,HIGH,0.09,TRUE_POSITIVE
24,2011,0,UNKNOWN,0,0.043479923,0.043479923,LOW,0,LOW,0.09,TRUE_NEGATIVE
25,2011,0,UNKNOWN,0,0.06413629,0.06413629,MODERATE,0,MODERATE,0.09,TRUE_NEGATIVE
26,2011,0,UNKNOWN,0,0.041381124,0.041381124,LOW,0,LOW,0.09,TRUE_NEGATIVE
27,2011,0,UNKNOWN,0,0.11099632,0.11099632,HIGH,1,HIGH,0.09,FALSE_POSITIVE
28,2011,0,UNKNOWN,0,0.1464263,0.1464263,HIGH,1,HIGH,0.09,FALSE_POSITIVE
29,2011,0,UNKNOWN,0,0.05826769,0.05826769,MODERATE,0,MODERATE,0.09,TRUE_NEGATIVE
30,2011,0,UNKNOWN,0,0.08741844,0.08741844,MODERATE,0,MODERATE,0.09,TRUE_NEGATIVE
31,2011,0,UNKNOWN,0,0.07072202,0.07072202,MODERATE,0,MODERATE,0.09,TRUE_NEGATIVE
32,2011,0,UNKNOWN,0,0.09995108,0.09995108,ELEVATED,1,ELEVATED,0.09,FALSE_POSITIVE
33,2011,0,UNKNOWN,0,0.03717521,0.03717521,LOW,0,LOW,0.09,TRUE_NEGATIVE
34,2011,0,UNKNOWN,0,0.029493984,0.029493984,LOW,0,LOW,0.09,TRUE_NEGATIVE
35,2011,0,UNKNOWN,0,0.056518756,0.056518756,MODERATE,0,MODERATE,0.09,TRUE_NEGATIVE
0,2011,8,MONSOON,0,0.0580501,0.0580501,MODERATE,0,MODERATE,0.09,TRUE_NEGATIVE
1,2011,8,MONSOON,0,0.04696161,0.04696161,LOW,0,LOW,0.09,TRUE_NEGATIVE
2,2011,8,MONSOON,1,0.12441803,0.12441803,HIGH,1,HIGH,0.09,TRUE_POSITIVE
3,2011,8,MONSOON,0,0.05058372,0.05058372,MODERATE,0,MODERATE,0.09,TRUE_NEGATIVE
4,2011,8,MONSOON,0,0.12594974,0.12594974,HIGH,1,HIGH,0.09,FALSE_POSITIVE
5,2011,8,MONSOON,0,0.090063326,0.090063326,ELEVATED,1,ELEVATED,0.09,FALSE_POSITIVE
6,2011,8,MONSOON,0,0.109370545,0.109370545,HIGH,1,HIGH,0.09,FALSE_POSITIVE
7,2011,8,MONSOON,0,0.1151115,0.1151115,HIGH,1,HIGH,0.09,FALSE_POSITIVE
8,2011,8,MONSOON,0,0.09302419,0.09302419,ELEVATED,1,ELEVATED,0.09,FALSE_POSITIVE
9,2011,8,MONSOON,0,0.06206049,0.06206049,MODERATE,0,MODERATE,0.09,TRUE_NEGATIVE
10,2011,8,MONSOON,0,0.10266092,0.10266092,HIGH,1,HIGH,0.09,FALSE_POSITIVE
11,2011,8,MONSOON,0,0.06872743,0.06872743,MODERATE,0,MODERATE,0.09,TRUE_NEGATIVE
12,2011,8,MONSOON,0,0.053151548,0.053151548,MODERATE,0,MODERATE,0.09,TRUE_NEGATIVE
13,2011,8,MONSOON,0,0.06385019,0.06385019,MODERATE,0,MODERATE,0.09,TRUE_NEGATIVE
14,2011,8,MONSOON,0,0.07279269,0.07279269,MODERATE,0,MODERATE,0.09,TRUE_NEGATIVE
15,2011,8,MONSOON,1,0.092748,0.092748,ELEVATED,1,ELEVATED,0.09,TRUE_POSITIVE
16,2011,8,MONSOON,0,0.09256168,0.09256168,ELEVATED,1,ELEVATED,0.09,FALSE_POSITIVE
17,2011,8,MONSOON,0,0.13163215,0.13163215,HIGH,1,HIGH,0.09,FALSE_POSITIVE
18,2011,8,MONSOON,1,0.097123906,0.097123906,ELEVATED,1,ELEVATED,0.09,TRUE_POSITIVE
19,2011,8,MONSOON,0,0.119343325,0.119343325,HIGH,1,HIGH,0.09,FALSE_POSITIVE
20,2011,8,MONSOON,0,0.13459428,0.13459428,HIGH,1,HIGH,0.09,FALSE_POSITIVE
21,2011,8,MONSOON,0,0.11535228,0.11535228,HIGH,1,HIGH,0.09,FALSE_POSITIVE
22,2011,8,MONSOON,0,0.116831265,0.116831265,HIGH,1,HIGH,0.09,FALSE_POSITIVE
23,2011,8,MONSOON,1,0.13415554,0.13415554,HIGH,1,HIGH,0.09,TRUE_POSITIVE
24,2011,8,MONSOON,0,0.064383835,0.064383835,MODERATE,0,MODERATE,0.09,TRUE_NEGATIVE
25,2011,8,MONSOON,0,0.109205395,0.109205395,HIGH,1,HIGH,0.09,FALSE_POSITIVE
26,2011,8,MONSOON,0,0.04454325,0.04454325,LOW,0,LOW,0.09,TRUE_NEGATIVE
27,2011,8,MONSOON,0,0.13931076,0.13931076,HIGH,1,HIGH,0.09,FALSE_POSITIVE
28,2011,8,MONSOON,0,0.14072794,0.14072794,HIGH,1,HIGH,0.09,FALSE_POSITIVE
29,2011,8,MONSOON,0,0.10048144,0.10048144,HIGH,1,HIGH,0.09,FALSE_POSITIVE
30,2011,8,MONSOON,0,0.1355298,0.1355298,HIGH,1,HIGH,0.09,FALSE_POSITIVE
31,2011,8,MONSOON,0,0.11401035,0.11401035,HIGH,1,HIGH,0.09,FALSE_POSITIVE
32,2011,8,MONSOON,0,0.14539088,0.14539088,HIGH,1,HIGH,0.09,FALSE_POSITIVE
33,2011,8,MONSOON,0,0.10766369,0.10766369,HIGH,1,HIGH,0.09,FALSE_POSITIVE
34,2011,8,MONSOON,0,0.05218296,0.05218296,MODERATE,0,MODERATE,0.09,TRUE_NEGATIVE
35,2011,8,MONSOON,0,0.063876346,0.063876346,MODERATE,0,MODERATE,0.09,TRUE_NEGATIVE
0,2011,6,MONSOON,0,0.044967465,0.044967465,LOW,0,LOW,0.09,TRUE_NEGATIVE
1,2011,6,MONSOON,0,0.06707565,0.06707565,MODERATE,0,MODERATE,0.09,TRUE_NEGATIVE
2,2011,6,MONSOON,0,0.09805998,0.09805998,ELEVATED,1,ELEVATED,0.09,FALSE_POSITIVE
3,2011,6,MONSOON,0,0.06466417,0.06466417,MODERATE,0,MODERATE,0.09,TRUE_NEGATIVE
4,2011,6,MONSOON,0,0.12871994,0.12871994,HIGH,1,HIGH,0.09,FALSE_POSITIVE
5,2011,6,MONSOON,0,0.108179264,0.108179264,HIGH,1,HIGH,0.09,FALSE_POSITIVE
6,2011,6,MONSOON,0,0.09708912,0.09708912,ELEVATED,1,ELEVATED,0.09,FALSE_POSITIVE
7,2011,6,MONSOON,0,0.07297293,0.07297293,MODERATE,0,MODERATE,0.09,TRUE_NEGATIVE
8,2011,6,MONSOON,0,0.07022529,0.07022529,MODERATE,0,MODERATE,0.09,TRUE_NEGATIVE
9,2011,6,MONSOON,0,0.089055605,0.089055605,MODERATE,0,MODERATE,0.09,TRUE_NEGATIVE
10,2011,6,MONSOON,0,0.08079305,0.08079305,MODERATE,0,MODERATE,0.09,TRUE_NEGATIVE
11,2011,6,MONSOON,0,0.06912583,0.06912583,MODERATE,0,MODERATE,0.09,TRUE_NEGATIVE
12,2011,6,MONSOON,0,0.07147601,0.07147601,MODERATE,0,MODERATE,0.09,TRUE_NEGATIVE
13,2011,6,MONSOON,0,0.06641701,0.06641701,MODERATE,0,MODERATE,0.09,TRUE_NEGATIVE
14,2011,6,MONSOON,0,0.06564818,0.06564818,MODERATE,0,MODERATE,0.09,TRUE_NEGATIVE
15,2011,6,MONSOON,1,0.07597464,0.07597464,MODERATE,0,MODERATE,0.09,FALSE_NEGATIVE
16,2011,6,MONSOON,0,0.097283855,0.097283855,ELEVATED,1,ELEVATED,0.09,FALSE_POSITIVE
17,2011,6,MONSOON,0,0.10680329,0.10680329,HIGH,1,HIGH,0.09,FALSE_POSITIVE
18,2011,6,MONSOON,0,0.1313893,0.1313893,HIGH,1,HIGH,0.09,FALSE_POSITIVE
19,2011,6,MONSOON,0,0.114962265,0.114962265,HIGH,1,HIGH,0.09,FALSE_POSITIVE
20,2011,6,MONSOON,0,0.14580849,0.14580849,HIGH,1,HIGH,0.09,FALSE_POSITIVE
21,2011,6,MONSOON,0,0.089668505,0.089668505,MODERATE,0,MODERATE,0.09,TRUE_NEGATIVE
22,2011,6,MONSOON,0,0.12131899,0.12131899,HIGH,1,HIGH,0.09,FALSE_POSITIVE
23,2011,6,MONSOON,1,0.112287186,0.112287186,HIGH,1,HIGH,0.09,TRUE_POSITIVE
24,2011,6,MONSOON,0,0.060696684,0.060696684,MODERATE,0,MODERATE,0.09,TRUE_NEGATIVE
25,2011,6,MONSOON,0,0.12486134,0.12486134,HIGH,1,HIGH,0.09,FALSE_POSITIVE
26,2011,6,MONSOON,0,0.081723906,0.081723906,MODERATE,0,MODERATE,0.09,TRUE_NEGATIVE
27,2011,6,MONSOON,0,0.14063704,0.14063704,HIGH,1,HIGH,0.09,FALSE_POSITIVE
28,2011,6,MONSOON,0,0.095193595,0.095193595,ELEVATED,1,ELEVATED,0.09,FALSE_POSITIVE
29,2011,6,MONSOON,0,0.07956158,0.07956158,MODERATE,0,MODERATE,0.09,TRUE_NEGATIVE
30,2011,6,MONSOON,0,0.15566725,0.15566725,CRITICAL,1,CRITICAL,0.09,FALSE_POSITIVE
31,2011,6,MONSOON,0,0.11656199,0.11656199,HIGH,1,HIGH,0.09,FALSE_POSITIVE
32,2011,6,MONSOON,0,0.11802751,0.11802751,HIGH,1,HIGH,0.09,FALSE_POSITIVE
33,2011,6,MONSOON,0,0.06307308,0.06307308,MODERATE,0,MODERATE,0.09,TRUE_NEGATIVE
34,2011,6,MONSOON,0,0.06657806,0.06657806,MODERATE,0,MODERATE,0.09,TRUE_NEGATIVE
35,2011,6,MONSOON,0,0.07454556,0.07454556,MODERATE,0,MODERATE,0.09,TRUE_NEGATIVE
0,2011,5,PRE_MONSOON,0,0.07481576,0.07481576,MODERATE,0,MODERATE,0.09,TRUE_NEGATIVE
1,2011,5,PRE_MONSOON,0,0.03797804,0.03797804,LOW,0,LOW,0.09,TRUE_NEGATIVE
2,2011,5,PRE_MONSOON,1,0.07194451,0.07194451,MODERATE,0,MODERATE,0.09,FALSE_NEGATIVE
3,2011,5,PRE_MONSOON,0,0.064082086,0.064082086,MODERATE,0,MODERATE,0.09,TRUE_NEGATIVE
4,2011,5,PRE_MONSOON,0,0.12807506,0.12807506,HIGH,1,HIGH,0.09,FALSE_POSITIVE
5,2011,5,PRE_MONSOON,0,0.10739983,0.10739983,HIGH,1,HIGH,0.09,FALSE_POSITIVE
6,2011,5,PRE_MONSOON,0,0.0681006,0.0681006,MODERATE,0,MODERATE,0.09,TRUE_NEGATIVE
7,2011,5,PRE_MONSOON,0,0.05850312,0.05850312,MODERATE,0,MODERATE,0.09,TRUE_NEGATIVE
8,2011,5,PRE_MONSOON,0,0.06978614,0.06978614,MODERATE,0,MODERATE,0.09,TRUE_NEGATIVE
9,2011,5,PRE_MONSOON,0,0.074213006,0.074213006,MODERATE,0,MODERATE,0.09,TRUE_NEGATIVE
10,2011,5,PRE_MONSOON,0,0.060602542,0.060602542,MODERATE,0,MODERATE,0.09,TRUE_NEGATIVE
11,2011,5,PRE_MONSOON,0,0.04867634,0.04867634,LOW,0,LOW,0.09,TRUE_NEGATIVE
12,2011,5,PRE_MONSOON,0,0.072959356,0.072959356,MODERATE,0,MODERATE,0.09,TRUE_NEGATIVE
13,2011,5,PRE_MONSOON,0,0.074616745,0.074616745,MODERATE,0,MODERATE,0.09,TRUE_NEGATIVE
14,2011,5,PRE_MONSOON,0,0.087493725,0.087493725,MODERATE,0,MODERATE,0.09,TRUE_NEGATIVE
15,2011,5,PRE_MONSOON,0,0.06634744,0.06634744,MODERATE,0,MODERATE,0.09,TRUE_NEGATIVE
16,2011,5,PRE_MONSOON,0,0.05376044,0.05376044,MODERATE,0,MODERATE,0.09,TRUE_NEGATIVE
17,2011,5,PRE_MONSOON,0,0.09002536,0.09002536,ELEVATED,1,ELEVATED,0.09,FALSE_POSITIVE
18,2011,5,PRE_MONSOON,0,0.08966781,0.08966781,MODERATE,0,MODERATE,0.09,TRUE_NEGATIVE
19,2011,5,PRE_MONSOON,0,0.098479226,0.098479226,ELEVATED,1,ELEVATED,0.09,FALSE_POSITIVE
20,2011,5,PRE_MONSOON,0,0.09901695,0.09901695,ELEVATED,1,ELEVATED,0.09,FALSE_POSITIVE
21,2011,5,PRE_MONSOON,0,0.113315344,0.113315344,HIGH,1,HIGH,0.09,FALSE_POSITIVE
22,2011,5,PRE_MONSOON,0,0.12467598,0.12467598,HIGH,1,HIGH,0.09,FALSE_POSITIVE
23,2011,5,PRE_MONSOON,0,0.09399077,0.09399077,ELEVATED,1,ELEVATED,0.09,FALSE_POSITIVE
24,2011,5,PRE_MONSOON,0,0.0765381,0.0765381,MODERATE,0,MODERATE,0.09,TRUE_NEGATIVE
25,2011,5,PRE_MONSOON,0,0.11626612,0.11626612,HIGH,1,HIGH,0.09,FALSE_POSITIVE
26,2011,5,PRE_MONSOON,0,0.05386674,0.05386674,MODERATE,0,MODERATE,0.09,TRUE_NEGATIVE
27,2011,5,PRE_MONSOON,0,0.102916434,0.102916434,HIGH,1,HIGH,0.09,FALSE_POSITIVE
28,2011,5,PRE_MONSOON,0,0.09034546,0.09034546,ELEVATED,1,ELEVATED,0.09,FALSE_POSITIVE
29,2011,5,PRE_MONSOON,0,0.1275882,0.1275882,HIGH,1,HIGH,0.09,FALSE_POSITIVE
30,2011,5,PRE_MONSOON,0,0.109617695,0.109617695,HIGH,1,HIGH,0.09,FALSE_POSITIVE
31,2011,5,PRE_MONSOON,0,0.050675344,0.050675344,MODERATE,0,MODERATE,0.09,TRUE_NEGATIVE
32,2011,5,PRE_MONSOON,0,0.086179875,0.086179875,MODERATE,0,MODERATE,0.09,TRUE_NEGATIVE
33,2011,5,PRE_MONSOON,0,0.054848082,0.054848082,MODERATE,0,MODERATE,0.09,TRUE_NEGATIVE
34,2011,5,PRE_MONSOON,0,0.02395219,0.02395219,LOW,0,LOW,0.09,TRUE_NEGATIVE
35,2011,5,PRE_MONSOON,0,0.07112429,0.07112429,MODERATE,0,MODERATE,0.09,TRUE_NEGATIVE
0,2011,1,WINTER,0,0.081472374,0.081472374,MODERATE,0,MODERATE,0.09,TRUE_NEGATIVE
1,2011,1,WINTER,0,0.029927755,0.029927755,LOW,0,LOW,0.09,TRUE_NEGATIVE
2,2011,1,WINTER,1,0.060527626,0.060527626,MODERATE,0,MODERATE,0.09,FALSE_NEGATIVE
3,2011,1,WINTER,0,0.022651726,0.022651726,LOW,0,LOW,0.09,TRUE_NEGATIVE
4,2011,1,WINTER,0,0.03807476,0.03807476,LOW,0,LOW,0.09,TRUE_NEGATIVE
5,2011,1,WINTER,0,0.043294374,0.043294374,LOW,0,LOW,0.09,TRUE_NEGATIVE
6,2011,1,WINTER,0,0.044002257,0.044002257,LOW,0,LOW,0.09,TRUE_NEGATIVE
7,2011,1,WINTER,0,0.014864501,0.014864501,LOW,0,LOW,0.09,TRUE_NEGATIVE
8,2011,1,WINTER,0,0.016174879,0.016174879,LOW,0,LOW,0.09,TRUE_NEGATIVE
9,2011,1,WINTER,0,0.021101324,0.021101324,LOW,0,LOW,0.09,TRUE_NEGATIVE
10,2011,1,WINTER,0,0.027259415,0.027259415,LOW,0,LOW,0.09,TRUE_NEGATIVE
11,2011,1,WINTER,0,0.016420258,0.016420258,LOW,0,LOW,0.09,TRUE_NEGATIVE
12,2011,1,WINTER,0,0.035414785,0.035414785,LOW,0,LOW,0.09,TRUE_NEGATIVE
13,2011,1,WINTER,0,0.020787643,0.020787643,LOW,0,LOW,0.09,TRUE_NEGATIVE
14,2011,1,WINTER,0,0.03520587,0.03520587,LOW,0,LOW,0.09,TRUE_NEGATIVE
15,2011,1,WINTER,0,0.020534165,0.020534165,LOW,0,LOW,0.09,TRUE_NEGATIVE
16,2011,1,WINTER,0,0.08138226,0.08138226,MODERATE,0,MODERATE,0.09,TRUE_NEGATIVE
17,2011,1,WINTER,0,0.016139071,0.016139071,LOW,0,LOW,0.09,TRUE_NEGATIVE
18,2011,1,WINTER,0,0.025221784,0.025221784,LOW,0,LOW,0.09,TRUE_NEGATIVE
19,2011,1,WINTER,0,0.022939505,0.022939505,LOW,0,LOW,0.09,TRUE_NEGATIVE
20,2011,1,WINTER,0,0.026443055,0.026443055,LOW,0,LOW,0.09,TRUE_NEGATIVE
21,2011,1,WINTER,0,0.0885374,0.0885374,MODERATE,0,MODERATE,0.09,TRUE_NEGATIVE
22,2011,1,WINTER,0,0.06532785,0.06532785,MODERATE,0,MODERATE,0.09,TRUE_NEGATIVE
23,2011,1,WINTER,0,0.029681135,0.029681135,LOW,0,LOW,0.09,TRUE_NEGATIVE
24,2011,1,WINTER,0,0.02716174,0.02716174,LOW,0,LOW,0.09,TRUE_NEGATIVE
25,2011,1,WINTER,0,0.079483084,0.079483084,MODERATE,0,MODERATE,0.09,TRUE_NEGATIVE
26,2011,1,WINTER,0,0.024266262,0.024266262,LOW,0,LOW,0.09,TRUE_NEGATIVE
27,2011,1,WINTER,0,0.049725514,0.049725514,LOW,0,LOW,0.09,TRUE_NEGATIVE
28,2011,1,WINTER,0,0.05141863,0.05141863,MODERATE,0,MODERATE,0.09,TRUE_NEGATIVE
29,2011,1,WINTER,0,0.095381126,0.095381126,ELEVATED,1,ELEVATED,0.09,FALSE_POSITIVE
30,2011,1,WINTER,0,0.015532283,0.015532283,LOW,0,LOW,0.09,TRUE_NEGATIVE
31,2011,1,WINTER,0,0.021569848,0.021569848,LOW,0,LOW,0.09,TRUE_NEGATIVE
32,2011,1,WINTER,0,0.010972454,0.010972454,LOW,0,LOW,0.09,TRUE_NEGATIVE
33,2011,1,WINTER,0,0.008794354,0.008794354,LOW,0,LOW,0.09,TRUE_NEGATIVE
34,2011,1,WINTER,0,0.0076850182,0.0076850182,LOW,0,LOW,0.09,TRUE_NEGATIVE
35,2011,1,WINTER,0,0.009494777,0.009494777,LOW,0,LOW,0.09,TRUE_NEGATIVE
0,2011,11,POST_MONSOON,0,0.026009114,0.026009114,LOW,0,LOW,0.09,TRUE_NEGATIVE
1,2011,11,POST_MONSOON,0,0.026289029,0.026289029,LOW,0,LOW,0.09,TRUE_NEGATIVE
2,2011,11,POST_MONSOON,1,0.029411748,0.029411748,LOW,0,LOW,0.09,FALSE_NEGATIVE
3,2011,11,POST_MONSOON,0,0.006564566,0.006564566,LOW,0,LOW,0.09,TRUE_NEGATIVE
4,2011,11,POST_MONSOON,0,0.007186742,0.007186742,LOW,0,LOW,0.09,TRUE_NEGATIVE
5,2011,11,POST_MONSOON,0,0.019707158,0.019707158,LOW,0,LOW,0.09,TRUE_NEGATIVE
6,2011,11,POST_MONSOON,0,0.018410698,0.018410698,LOW,0,LOW,0.09,TRUE_NEGATIVE
7,2011,11,POST_MONSOON,0,0.0059692995,0.0059692995,LOW,0,LOW,0.09,TRUE_NEGATIVE
8,2011,11,POST_MONSOON,0,0.0072831316,0.0072831316,LOW,0,LOW,0.09,TRUE_NEGATIVE
9,2011,11,POST_MONSOON,0,0.007539209,0.007539209,LOW,0,LOW,0.09,TRUE_NEGATIVE
10,2011,11,POST_MONSOON,0,0.0070122173,0.0070122173,LOW,0,LOW,0.09,TRUE_NEGATIVE
11,2011,11,POST_MONSOON,0,0.0063170968,0.0063170968,LOW,0,LOW,0.09,TRUE_NEGATIVE
12,2011,11,POST_MONSOON,0,0.006784255,0.006784255,LOW,0,LOW,0.09,TRUE_NEGATIVE
13,2011,11,POST_MONSOON,0,0.0065048337,0.0065048337,LOW,0,LOW,0.09,TRUE_NEGATIVE
14,2011,11,POST_MONSOON,0,0.02000368,0.02000368,LOW,0,LOW,0.09,TRUE_NEGATIVE
15,2011,11,POST_MONSOON,0,0.006184066,0.006184066,LOW,0,LOW,0.09,TRUE_NEGATIVE
16,2011,11,POST_MONSOON,0,0.05601055,0.05601055,MODERATE,0,MODERATE,0.09,TRUE_NEGATIVE
17,2011,11,POST_MONSOON,0,0.0103141535,0.0103141535,LOW,0,LOW,0.09,TRUE_NEGATIVE
18,2011,11,POST_MONSOON,0,0.008129498,0.008129498,LOW,0,LOW,0.09,TRUE_NEGATIVE
19,2011,11,POST_MONSOON,0,0.009618487,0.009618487,LOW,0,LOW,0.09,TRUE_NEGATIVE
20,2011,11,POST_MONSOON,0,0.009367034,0.009367034,LOW,0,LOW,0.09,TRUE_NEGATIVE
21,2011,11,POST_MONSOON,0,0.017044758,0.017044758,LOW,0,LOW,0.09,TRUE_NEGATIVE
22,2011,11,POST_MONSOON,0,0.015311329,0.015311329,LOW,0,LOW,0.09,TRUE_NEGATIVE
23,2011,11,POST_MONSOON,0,0.007945098,0.007945098,LOW,0,LOW,0.09,TRUE_NEGATIVE
24,2011,11,POST_MONSOON,0,0.008270386,0.008270386,LOW,0,LOW,0.09,TRUE_NEGATIVE
25,2011,11,POST_MONSOON,0,0.020340662,0.020340662,LOW,0,LOW,0.09,TRUE_NEGATIVE
26,2011,11,POST_MONSOON,0,0.008636115,0.008636115,LOW,0,LOW,0.09,TRUE_NEGATIVE
27,2011,11,POST_MONSOON,0,0.0107505275,0.0107505275,LOW,0,LOW,0.09,TRUE_NEGATIVE
28,2011,11,POST_MONSOON,0,0.010657758,0.010657758,LOW,0,LOW,0.09,TRUE_NEGATIVE
29,2011,11,POST_MONSOON,0,0.045005396,0.045005396,LOW,0,LOW,0.09,TRUE_NEGATIVE
30,2011,11,POST_MONSOON,0,0.0073926747,0.0073926747,LOW,0,LOW,0.09,TRUE_NEGATIVE
31,2011,11,POST_MONSOON,0,0.0066600326,0.0066600326,LOW,0,LOW,0.09,TRUE_NEGATIVE
32,2011,11,POST_MONSOON,0,0.0059669144,0.0059669144,LOW,0,LOW,0.09,TRUE_NEGATIVE
33,2011,11,POST_MONSOON,0,0.005283491,0.005283491,LOW,0,LOW,0.09,TRUE_NEGATIVE
34,2011,11,POST_MONSOON,0,0.006098559,0.006098559,LOW,0,LOW,0.09,TRUE_NEGATIVE
35,2011,11,POST_MONSOON,0,0.006165254,0.006165254,LOW,0,LOW,0.09,TRUE_NEGATIVE
0,2011,10,POST_MONSOON,0,0.011091124,0.011091124,LOW,0,LOW,0.09,TRUE_NEGATIVE
1,2011,10,POST_MONSOON,0,0.0059638326,0.0059638326,LOW,0,LOW,0.09,TRUE_NEGATIVE
2,2011,10,POST_MONSOON,0,0.006083554,0.006083554,LOW,0,LOW,0.09,TRUE_NEGATIVE
3,2011,10,POST_MONSOON,0,0.005139438,0.005139438,LOW,0,LOW,0.09,TRUE_NEGATIVE
4,2011,10,POST_MONSOON,0,0.0050322516,0.0050322516,LOW,0,LOW,0.09,TRUE_NEGATIVE
5,2011,10,POST_MONSOON,0,0.005857969,0.005857969,LOW,0,LOW,0.09,TRUE_NEGATIVE
6,2011,10,POST_MONSOON,0,0.0056342045,0.0056342045,LOW,0,LOW,0.09,TRUE_NEGATIVE
7,2011,10,POST_MONSOON,0,0.0049337395,0.0049337395,LOW,0,LOW,0.09,TRUE_NEGATIVE
8,2011,10,POST_MONSOON,0,0.0050375303,0.0050375303,LOW,0,LOW,0.09,TRUE_NEGATIVE
9,2011,10,POST_MONSOON,0,0.005111488,0.005111488,LOW,0,LOW,0.09,TRUE_NEGATIVE
10,2011,10,POST_MONSOON,0,0.0056282952,0.0056282952,LOW,0,LOW,0.09,TRUE_NEGATIVE
11,2011,10,POST_MONSOON,0,0.004940488,0.004940488,LOW,0,LOW,0.09,TRUE_NEGATIVE
12,2011,10,POST_MONSOON,0,0.00505231,0.00505231,LOW,0,LOW,0.09,TRUE_NEGATIVE
13,2011,10,POST_MONSOON,0,0.0055270754,0.0055270754,LOW,0,LOW,0.09,TRUE_NEGATIVE
14,2011,10,POST_MONSOON,0,0.019585328,0.019585328,LOW,0,LOW,0.09,TRUE_NEGATIVE
15,2011,10,POST_MONSOON,0,0.0050555016,0.0050555016,LOW,0,LOW,0.09,TRUE_NEGATIVE
16,2011,10,POST_MONSOON,0,0.018892502,0.018892502,LOW,0,LOW,0.09,TRUE_NEGATIVE
17,2011,10,POST_MONSOON,0,0.0055178865,0.0055178865,LOW,0,LOW,0.09,TRUE_NEGATIVE
18,2011,10,POST_MONSOON,0,0.005279761,0.005279761,LOW,0,LOW,0.09,TRUE_NEGATIVE
19,2011,10,POST_MONSOON,0,0.005023621,0.005023621,LOW,0,LOW,0.09,TRUE_NEGATIVE
20,2011,10,POST_MONSOON,0,0.0053014546,0.0053014546,LOW,0,LOW,0.09,TRUE_NEGATIVE
21,2011,10,POST_MONSOON,0,0.0057598995,0.0057598995,LOW,0,LOW,0.09,TRUE_NEGATIVE
22,2011,10,POST_MONSOON,0,0.0052185585,0.0052185585,LOW,0,LOW,0.09,TRUE_NEGATIVE
23,2011,10,POST_MONSOON,0,0.005037227,0.005037227,LOW,0,LOW,0.09,TRUE_NEGATIVE
24,2011,10,POST_MONSOON,0,0.0050826985,0.0050826985,LOW,0,LOW,0.09,TRUE_NEGATIVE
25,2011,10,POST_MONSOON,0,0.006178498,0.006178498,LOW,0,LOW,0.09,TRUE_NEGATIVE
26,2011,10,POST_MONSOON,0,0.0048913113,0.0048913113,LOW,0,LOW,0.09,TRUE_NEGATIVE
27,2011,10,POST_MONSOON,0,0.0053647105,0.0053647105,LOW,0,LOW,0.09,TRUE_NEGATIVE
28,2011,10,POST_MONSOON,0,0.0051655495,0.0051655495,LOW,0,LOW,0.09,TRUE_NEGATIVE
29,2011,10,POST_MONSOON,0,0.025448509,0.025448509,LOW,0,LOW,0.09,TRUE_NEGATIVE
30,2011,10,POST_MONSOON,0,0.0048643537,0.0048643537,LOW,0,LOW,0.09,TRUE_NEGATIVE
31,2011,10,POST_MONSOON,0,0.0048618126,0.0048618126,LOW,0,LOW,0.09,TRUE_NEGATIVE
32,2011,10,POST_MONSOON,0,0.004759187,0.004759187,LOW,0,LOW,0.09,TRUE_NEGATIVE
33,2011,10,POST_MONSOON,0,0.004720127,0.004720127,LOW,0,LOW,0.09,TRUE_NEGATIVE
34,2011,10,POST_MONSOON,0,0.004697601,0.004697601,LOW,0,LOW,0.09,TRUE_NEGATIVE
35,2011,10,POST_MONSOON,0,0.0048256693,0.0048256693,LOW,0,LOW,0.09,TRUE_NEGATIVE
0,2011,9,MONSOON,0,0.0061831693,0.0061831693,LOW,0,LOW,0.09,TRUE_NEGATIVE
1,2011,9,MONSOON,0,0.008271199,0.008271199,LOW,0,LOW,0.09,TRUE_NEGATIVE
2,2011,9,MONSOON,0,0.00875447,0.00875447,LOW,0,LOW,0.09,TRUE_NEGATIVE
3,2011,9,MONSOON,0,0.004979155,0.004979155,LOW,0,LOW,0.09,TRUE_NEGATIVE
4,2011,9,MONSOON,0,0.00507351,0.00507351,LOW,0,LOW,0.09,TRUE_NEGATIVE
5,2011,9,MONSOON,0,0.007333886,0.007333886,LOW,0,LOW,0.09,TRUE_NEGATIVE
6,2011,9,MONSOON,0,0.005838242,0.005838242,LOW,0,LOW,0.09,TRUE_NEGATIVE
7,2011,9,MONSOON,0,0.0048831,0.0048831,LOW,0,LOW,0.09,TRUE_NEGATIVE
8,2011,9,MONSOON,0,0.004870342,0.004870342,LOW,0,LOW,0.09,TRUE_NEGATIVE
9,2011,9,MONSOON,0,0.004891344,0.004891344,LOW,0,LOW,0.09,TRUE_NEGATIVE
10,2011,9,MONSOON,0,0.0057231276,0.0057231276,LOW,0,LOW,0.09,TRUE_NEGATIVE
11,2011,9,MONSOON,0,0.0047842227,0.0047842227,LOW,0,LOW,0.09,TRUE_NEGATIVE
12,2011,9,MONSOON,0,0.0050366274,0.0050366274,LOW,0,LOW,0.09,TRUE_NEGATIVE
13,2011,9,MONSOON,0,0.00792514,0.00792514,LOW,0,LOW,0.09,TRUE_NEGATIVE
14,2011,9,MONSOON,0,0.029972978,0.029972978,LOW,0,LOW,0.09,TRUE_NEGATIVE
15,2011,9,MONSOON,0,0.005014398,0.005014398,LOW,0,LOW,0.09,TRUE_NEGATIVE
16,2011,9,MONSOON,0,0.006255851,0.006255851,LOW,0,LOW,0.09,TRUE_NEGATIVE
17,2011,9,MONSOON,0,0.005481219,0.005481219,LOW,0,LOW,0.09,TRUE_NEGATIVE
18,2011,9,MONSOON,0,0.0053016082,0.0053016082,LOW,0,LOW,0.09,TRUE_NEGATIVE
19,2011,9,MONSOON,0,0.005587386,0.005587386,LOW,0,LOW,0.09,TRUE_NEGATIVE
20,2011,9,MONSOON,0,0.0055922368,0.0055922368,LOW,0,LOW,0.09,TRUE_NEGATIVE
21,2011,9,MONSOON,0,0.005477747,0.005477747,LOW,0,LOW,0.09,TRUE_NEGATIVE
22,2011,9,MONSOON,0,0.005743503,0.005743503,LOW,0,LOW,0.09,TRUE_NEGATIVE
23,2011,9,MONSOON,0,0.004936802,0.004936802,LOW,0,LOW,0.09,TRUE_NEGATIVE
24,2011,9,MONSOON,0,0.004909935,0.004909935,LOW,0,LOW,0.09,TRUE_NEGATIVE
25,2011,9,MONSOON,0,0.006307215,0.006307215,LOW,0,LOW,0.09,TRUE_NEGATIVE
26,2011,9,MONSOON,0,0.004844223,0.004844223,LOW,0,LOW,0.09,TRUE_NEGATIVE
27,2011,9,MONSOON,0,0.0056291493,0.0056291493,LOW,0,LOW,0.09,TRUE_NEGATIVE
28,2011,9,MONSOON,0,0.005502796,0.005502796,LOW,0,LOW,0.09,TRUE_NEGATIVE
29,2011,9,MONSOON,0,0.0125333965,0.0125333965,LOW,0,LOW,0.09,TRUE_NEGATIVE
30,2011,9,MONSOON,0,0.005028469,0.005028469,LOW,0,LOW,0.09,TRUE_NEGATIVE
31,2011,9,MONSOON,0,0.0048333122,0.0048333122,LOW,0,LOW,0.09,TRUE_NEGATIVE
32,2011,9,MONSOON,0,0.0048351795,0.0048351795,LOW,0,LOW,0.09,TRUE_NEGATIVE
33,2011,9,MONSOON,0,0.0046967026,0.0046967026,LOW,0,LOW,0.09,TRUE_NEGATIVE
34,2011,9,MONSOON,0,0.0048125084,0.0048125084,LOW,0,LOW,0.09,TRUE_NEGATIVE
35,2011,9,MONSOON,0,0.004800497,0.004800497,LOW,0,LOW,0.09,TRUE_NEGATIVE
0,2011,2,WINTER,0,0.006808099,0.006808099,LOW,0,LOW,0.09,TRUE_NEGATIVE
1,2011,2,WINTER,0,0.024814397,0.024814397,LOW,0,LOW,0.09,TRUE_NEGATIVE
2,2011,2,WINTER,0,0.007292121,0.007292121,LOW,0,LOW,0.09,TRUE_NEGATIVE
3,2011,2,WINTER,0,0.005200378,0.005200378,LOW,0,LOW,0.09,TRUE_NEGATIVE
4,2011,2,WINTER,0,0.0048868037,0.0048868037,LOW,0,LOW,0.09,TRUE_NEGATIVE
5,2011,2,WINTER,0,0.005548756,0.005548756,LOW,0,LOW,0.09,TRUE_NEGATIVE
6,2011,2,WINTER,0,0.005538875,0.005538875,LOW,0,LOW,0.09,TRUE_NEGATIVE
7,2011,2,WINTER,0,0.0049843765,0.0049843765,LOW,0,LOW,0.09,TRUE_NEGATIVE
8,2011,2,WINTER,0,0.0054846355,0.0054846355,LOW,0,LOW,0.09,TRUE_NEGATIVE
9,2011,2,WINTER,0,0.0055232425,0.0055232425,LOW,0,LOW,0.09,TRUE_NEGATIVE
10,2011,2,WINTER,0,0.005278346,0.005278346,LOW,0,LOW,0.09,TRUE_NEGATIVE
11,2011,2,WINTER,0,0.0048809894,0.0048809894,LOW,0,LOW,0.09,TRUE_NEGATIVE
12,2011,2,WINTER,0,0.005638686,0.005638686,LOW,0,LOW,0.09,TRUE_NEGATIVE
13,2011,2,WINTER,0,0.031399284,0.031399284,LOW,0,LOW,0.09,TRUE_NEGATIVE
14,2011,2,WINTER,0,0.03622228,0.03622228,LOW,0,LOW,0.09,TRUE_NEGATIVE
15,2011,2,WINTER,0,0.005213237,0.005213237,LOW,0,LOW,0.09,TRUE_NEGATIVE
16,2011,2,WINTER,0,0.00638149,0.00638149,LOW,0,LOW,0.09,TRUE_NEGATIVE
17,2011,2,WINTER,0,0.0055123838,0.0055123838,LOW,0,LOW,0.09,TRUE_NEGATIVE
18,2011,2,WINTER,0,0.00722918,0.00722918,LOW,0,LOW,0.09,TRUE_NEGATIVE
19,2011,2,WINTER,0,0.0049514826,0.0049514826,LOW,0,LOW,0.09,TRUE_NEGATIVE
20,2011,2,WINTER,0,0.0051380605,0.0051380605,LOW,0,LOW,0.09,TRUE_NEGATIVE
21,2011,2,WINTER,0,0.00778606,0.00778606,LOW,0,LOW,0.09,TRUE_NEGATIVE
22,2011,2,WINTER,0,0.005036857,0.005036857,LOW,0,LOW,0.09,TRUE_NEGATIVE
23,2011,2,WINTER,0,0.004904456,0.004904456,LOW,0,LOW,0.09,TRUE_NEGATIVE
24,2011,2,WINTER,0,0.0057519884,0.0057519884,LOW,0,LOW,0.09,TRUE_NEGATIVE
25,2011,2,WINTER,0,0.0056270543,0.0056270543,LOW,0,LOW,0.09,TRUE_NEGATIVE
26,2011,2,WINTER,0,0.0049502826,0.0049502826,LOW,0,LOW,0.09,TRUE_NEGATIVE
27,2011,2,WINTER,0,0.005493642,0.005493642,LOW,0,LOW,0.09,TRUE_NEGATIVE
28,2011,2,WINTER,0,0.006303893,0.006303893,LOW,0,LOW,0.09,TRUE_NEGATIVE
29,2011,2,WINTER,0,0.0059105195,0.0059105195,LOW,0,LOW,0.09,TRUE_NEGATIVE
30,2011,2,WINTER,0,0.0049074916,0.0049074916,LOW,0,LOW,0.09,TRUE_NEGATIVE
31,2011,2,WINTER,0,0.0065076784,0.0065076784,LOW,0,LOW,0.09,TRUE_NEGATIVE
32,2011,2,WINTER,0,0.0047539184,0.0047539184,LOW,0,LOW,0.09,TRUE_NEGATIVE
33,2011,2,WINTER,0,0.004821343,0.004821343,LOW,0,LOW,0.09,TRUE_NEGATIVE
34,2011,2,WINTER,0,0.0048720734,0.0048720734,LOW,0,LOW,0.09,TRUE_NEGATIVE
35,2011,2,WINTER,0,0.004885999,0.004885999,LOW,0,LOW,0.09,TRUE_NEGATIVE
0,2012,4,PRE_MONSOON,0,0.0069482946,0.0069482946,LOW,0,LOW,0.09,TRUE_NEGATIVE
1,2012,4,PRE_MONSOON,0,0.029135855,0.029135855,LOW,0,LOW,0.09,TRUE_NEGATIVE
2,2012,4,PRE_MONSOON,0,0.015850166,0.015850166,LOW,0,LOW,0.09,TRUE_NEGATIVE
3,2012,4,PRE_MONSOON,0,0.0061576595,0.0061576595,LOW,0,LOW,0.09,TRUE_NEGATIVE
4,2012,4,PRE_MONSOON,0,0.0063645714,0.0063645714,LOW,0,LOW,0.09,TRUE_NEGATIVE
5,2012,4,PRE_MONSOON,0,0.0058406307,0.0058406307,LOW,0,LOW,0.09,TRUE_NEGATIVE
6,2012,4,PRE_MONSOON,0,0.005308593,0.005308593,LOW,0,LOW,0.09,TRUE_NEGATIVE
7,2012,4,PRE_MONSOON,0,0.0068121306,0.0068121306,LOW,0,LOW,0.09,TRUE_NEGATIVE
8,2012,4,PRE_MONSOON,0,0.005359126,0.005359126,LOW,0,LOW,0.09,TRUE_NEGATIVE
9,2012,4,PRE_MONSOON,0,0.0059042973,0.0059042973,LOW,0,LOW,0.09,TRUE_NEGATIVE
10,2012,4,PRE_MONSOON,0,0.007367454,0.007367454,LOW,0,LOW,0.09,TRUE_NEGATIVE
11,2012,4,PRE_MONSOON,0,0.005103543,0.005103543,LOW,0,LOW,0.09,TRUE_NEGATIVE
12,2012,4,PRE_MONSOON,0,0.0060195746,0.0060195746,LOW,0,LOW,0.09,TRUE_NEGATIVE
13,2012,4,PRE_MONSOON,0,0.03313356,0.03313356,LOW,0,LOW,0.09,TRUE_NEGATIVE
14,2012,4,PRE_MONSOON,0,0.049842943,0.049842943,LOW,0,LOW,0.09,TRUE_NEGATIVE
15,2012,4,PRE_MONSOON,0,0.007767343,0.007767343,LOW,0,LOW,0.09,TRUE_NEGATIVE
16,2012,4,PRE_MONSOON,0,0.0064445813,0.0064445813,LOW,0,LOW,0.09,TRUE_NEGATIVE
17,2012,4,PRE_MONSOON,0,0.006693811,0.006693811,LOW,0,LOW,0.09,TRUE_NEGATIVE
18,2012,4,PRE_MONSOON,0,0.00674192,0.00674192,LOW,0,LOW,0.09,TRUE_NEGATIVE
19,2012,4,PRE_MONSOON,0,0.0059570633,0.0059570633,LOW,0,LOW,0.09,TRUE_NEGATIVE
20,2012,4,PRE_MONSOON,0,0.005220341,0.005220341,LOW,0,LOW,0.09,TRUE_NEGATIVE
21,2012,4,PRE_MONSOON,0,0.016523194,0.016523194,LOW,0,LOW,0.09,TRUE_NEGATIVE
22,2012,4,PRE_MONSOON,0,0.0060278885,0.0060278885,LOW,0,LOW,0.09,TRUE_NEGATIVE
23,2012,4,PRE_MONSOON,0,0.0054384368,0.0054384368,LOW,0,LOW,0.09,TRUE_NEGATIVE
24,2012,4,PRE_MONSOON,0,0.0069859596,0.0069859596,LOW,0,LOW,0.09,TRUE_NEGATIVE
25,2012,4,PRE_MONSOON,0,0.005043337,0.005043337,LOW,0,LOW,0.09,TRUE_NEGATIVE
26,2012,4,PRE_MONSOON,0,0.0050916593,0.0050916593,LOW,0,LOW,0.09,TRUE_NEGATIVE
27,2012,4,PRE_MONSOON,0,0.0068975636,0.0068975636,LOW,0,LOW,0.09,TRUE_NEGATIVE
28,2012,4,PRE_MONSOON,0,0.03542904,0.03542904,LOW,0,LOW,0.09,TRUE_NEGATIVE
29,2012,4,PRE_MONSOON,0,0.0058153733,0.0058153733,LOW,0,LOW,0.09,TRUE_NEGATIVE
30,2012,4,PRE_MONSOON,0,0.0049051032,0.0049051032,LOW,0,LOW,0.09,TRUE_NEGATIVE
31,2012,4,PRE_MONSOON,0,0.007502254,0.007502254,LOW,0,LOW,0.09,TRUE_NEGATIVE
32,2012,4,PRE_MONSOON,0,0.005087265,0.005087265,LOW,0,LOW,0.09,TRUE_NEGATIVE
33,2012,4,PRE_MONSOON,0,0.0052342713,0.0052342713,LOW,0,LOW,0.09,TRUE_NEGATIVE
34,2012,4,PRE_MONSOON,0,0.005301163,0.005301163,LOW,0,LOW,0.09,TRUE_NEGATIVE
35,2012,4,PRE_MONSOON,0,0.0050751446,0.0050751446,LOW,0,LOW,0.09,TRUE_NEGATIVE
0,2012,3,PRE_MONSOON,0,0.008041186,0.008041186,LOW,0,LOW,0.09,TRUE_NEGATIVE
1,2012,3,PRE_MONSOON,0,0.050812915,0.050812915,MODERATE,0,MODERATE,0.09,TRUE_NEGATIVE
2,2012,3,PRE_MONSOON,0,0.04655267,0.04655267,LOW,0,LOW,0.09,TRUE_NEGATIVE
3,2012,3,PRE_MONSOON,0,0.015679743,0.015679743,LOW,0,LOW,0.09,TRUE_NEGATIVE
4,2012,3,PRE_MONSOON,0,0.007444996,0.007444996,LOW,0,LOW,0.09,TRUE_NEGATIVE
5,2012,3,PRE_MONSOON,0,0.00721169,0.00721169,LOW,0,LOW,0.09,TRUE_NEGATIVE
6,2012,3,PRE_MONSOON,0,0.0067192167,0.0067192167,LOW,0,LOW,0.09,TRUE_NEGATIVE
7,2012,3,PRE_MONSOON,0,0.009875873,0.009875873,LOW,0,LOW,0.09,TRUE_NEGATIVE
8,2012,3,PRE_MONSOON,0,0.0061799265,0.0061799265,LOW,0,LOW,0.09,TRUE_NEGATIVE
9,2012,3,PRE_MONSOON,0,0.006089407,0.006089407,LOW,0,LOW,0.09,TRUE_NEGATIVE
10,2012,3,PRE_MONSOON,0,0.014852691,0.014852691,LOW,0,LOW,0.09,TRUE_NEGATIVE
11,2012,3,PRE_MONSOON,0,0.0056108986,0.0056108986,LOW,0,LOW,0.09,TRUE_NEGATIVE
12,2012,3,PRE_MONSOON,0,0.006090879,0.006090879,LOW,0,LOW,0.09,TRUE_NEGATIVE
13,2012,3,PRE_MONSOON,0,0.034336068,0.034336068,LOW,0,LOW,0.09,TRUE_NEGATIVE
14,2012,3,PRE_MONSOON,0,0.020903843,0.020903843,LOW,0,LOW,0.09,TRUE_NEGATIVE
15,2012,3,PRE_MONSOON,0,0.010419237,0.010419237,LOW,0,LOW,0.09,TRUE_NEGATIVE
16,2012,3,PRE_MONSOON,0,0.021776386,0.021776386,LOW,0,LOW,0.09,TRUE_NEGATIVE
17,2012,3,PRE_MONSOON,0,0.006789074,0.006789074,LOW,0,LOW,0.09,TRUE_NEGATIVE
18,2012,3,PRE_MONSOON,0,0.012596249,0.012596249,LOW,0,LOW,0.09,TRUE_NEGATIVE
19,2012,3,PRE_MONSOON,0,0.0066723498,0.0066723498,LOW,0,LOW,0.09,TRUE_NEGATIVE
20,2012,3,PRE_MONSOON,0,0.0063377926,0.0063377926,LOW,0,LOW,0.09,TRUE_NEGATIVE
21,2012,3,PRE_MONSOON,0,0.040108804,0.040108804,LOW,0,LOW,0.09,TRUE_NEGATIVE
22,2012,3,PRE_MONSOON,0,0.0067353616,0.0067353616,LOW,0,LOW,0.09,TRUE_NEGATIVE
23,2012,3,PRE_MONSOON,0,0.0076248753,0.0076248753,LOW,0,LOW,0.09,TRUE_NEGATIVE
24,2012,3,PRE_MONSOON,0,0.006977635,0.006977635,LOW,0,LOW,0.09,TRUE_NEGATIVE
25,2012,3,PRE_MONSOON,0,0.005337863,0.005337863,LOW,0,LOW,0.09,TRUE_NEGATIVE
26,2012,3,PRE_MONSOON,0,0.00558074,0.00558074,LOW,0,LOW,0.09,TRUE_NEGATIVE
27,2012,3,PRE_MONSOON,0,0.01308967,0.01308967,LOW,0,LOW,0.09,TRUE_NEGATIVE
28,2012,3,PRE_MONSOON,0,0.08817513,0.08817513,MODERATE,0,MODERATE,0.09,TRUE_NEGATIVE
29,2012,3,PRE_MONSOON,0,0.006737518,0.006737518,LOW,0,LOW,0.09,TRUE_NEGATIVE
30,2012,3,PRE_MONSOON,0,0.0054966854,0.0054966854,LOW,0,LOW,0.09,TRUE_NEGATIVE
31,2012,3,PRE_MONSOON,0,0.0077116783,0.0077116783,LOW,0,LOW,0.09,TRUE_NEGATIVE
32,2012,3,PRE_MONSOON,0,0.005435348,0.005435348,LOW,0,LOW,0.09,TRUE_NEGATIVE
33,2012,3,PRE_MONSOON,0,0.0053108726,0.0053108726,LOW,0,LOW,0.09,TRUE_NEGATIVE
34,2012,3,PRE_MONSOON,0,0.0052976264,0.0052976264,LOW,0,LOW,0.09,TRUE_NEGATIVE
35,2012,3,PRE_MONSOON,0,0.005234579,0.005234579,LOW,0,LOW,0.09,TRUE_NEGATIVE
0,2012,7,MONSOON,0,0.028616156,0.028616156,LOW,0,LOW,0.09,TRUE_NEGATIVE
1,2012,7,MONSOON,0,0.03537023,0.03537023,LOW,0,LOW,0.09,TRUE_NEGATIVE
2,2012,7,MONSOON,0,0.07620781,0.07620781,MODERATE,0,MODERATE,0.09,TRUE_NEGATIVE
3,2012,7,MONSOON,0,0.02559362,0.02559362,LOW,0,LOW,0.09,TRUE_NEGATIVE
4,2012,7,MONSOON,0,0.019734547,0.019734547,LOW,0,LOW,0.09,TRUE_NEGATIVE
5,2012,7,MONSOON,0,0.039148606,0.039148606,LOW,0,LOW,0.09,TRUE_NEGATIVE
6,2012,7,MONSOON,0,0.038871113,0.038871113,LOW,0,LOW,0.09,TRUE_NEGATIVE
7,2012,7,MONSOON,0,0.018449659,0.018449659,LOW,0,LOW,0.09,TRUE_NEGATIVE
8,2012,7,MONSOON,0,0.013433214,0.013433214,LOW,0,LOW,0.09,TRUE_NEGATIVE
9,2012,7,MONSOON,0,0.012320998,0.012320998,LOW,0,LOW,0.09,TRUE_NEGATIVE
10,2012,7,MONSOON,0,0.055255726,0.055255726,MODERATE,0,MODERATE,0.09,TRUE_NEGATIVE
11,2012,7,MONSOON,0,0.008431845,0.008431845,LOW,0,LOW,0.09,TRUE_NEGATIVE
12,2012,7,MONSOON,0,0.009942049,0.009942049,LOW,0,LOW,0.09,TRUE_NEGATIVE
13,2012,7,MONSOON,0,0.047206417,0.047206417,LOW,0,LOW,0.09,TRUE_NEGATIVE
14,2012,7,MONSOON,0,0.026591862,0.026591862,LOW,0,LOW,0.09,TRUE_NEGATIVE
15,2012,7,MONSOON,0,0.016503377,0.016503377,LOW,0,LOW,0.09,TRUE_NEGATIVE
16,2012,7,MONSOON,0,0.0734724,0.0734724,MODERATE,0,MODERATE,0.09,TRUE_NEGATIVE
17,2012,7,MONSOON,0,0.057134133,0.057134133,MODERATE,0,MODERATE,0.09,TRUE_NEGATIVE
18,2012,7,MONSOON,0,0.039842524,0.039842524,LOW,0,LOW,0.09,TRUE_NEGATIVE
19,2012,7,MONSOON,0,0.03182991,0.03182991,LOW,0,LOW,0.09,TRUE_NEGATIVE
20,2012,7,MONSOON,0,0.026073612,0.026073612,LOW,0,LOW,0.09,TRUE_NEGATIVE
21,2012,7,MONSOON,0,0.094376095,0.094376095,ELEVATED,1,ELEVATED,0.09,FALSE_POSITIVE
22,2012,7,MONSOON,0,0.030263582,0.030263582,LOW,0,LOW,0.09,TRUE_NEGATIVE
23,2012,7,MONSOON,0,0.018471245,0.018471245,LOW,0,LOW,0.09,TRUE_NEGATIVE
24,2012,7,MONSOON,0,0.014457253,0.014457253,LOW,0,LOW,0.09,TRUE_NEGATIVE
25,2012,7,MONSOON,0,0.022830756,0.022830756,LOW,0,LOW,0.09,TRUE_NEGATIVE
26,2012,7,MONSOON,0,0.01119484,0.01119484,LOW,0,LOW,0.09,TRUE_NEGATIVE
27,2012,7,MONSOON,0,0.07529942,0.07529942,MODERATE,0,MODERATE,0.09,TRUE_NEGATIVE
28,2012,7,MONSOON,0,0.11830796,0.11830796,HIGH,1,HIGH,0.09,FALSE_POSITIVE
29,2012,7,MONSOON,0,0.018633893,0.018633893,LOW,0,LOW,0.09,TRUE_NEGATIVE
30,2012,7,MONSOON,0,0.02232066,0.02232066,LOW,0,LOW,0.09,TRUE_NEGATIVE
31,2012,7,MONSOON,0,0.021463806,0.021463806,LOW,0,LOW,0.09,TRUE_NEGATIVE
32,2012,7,MONSOON,0,0.033284243,0.033284243,LOW,0,LOW,0.09,TRUE_NEGATIVE
33,2012,7,MONSOON,0,0.018740712,0.018740712,LOW,0,LOW,0.09,TRUE_NEGATIVE
34,2012,7,MONSOON,0,0.0068038153,0.0068038153,LOW,0,LOW,0.09,TRUE_NEGATIVE
35,2012,7,MONSOON,0,0.012915871,0.012915871,LOW,0,LOW,0.09,TRUE_NEGATIVE
0,2012,0,UNKNOWN,0,0.066467084,0.066467084,MODERATE,0,MODERATE,0.09,TRUE_NEGATIVE
1,2012,0,UNKNOWN,0,0.06063337,0.06063337,MODERATE,0,MODERATE,0.09,TRUE_NEGATIVE
2,2012,0,UNKNOWN,0,0.10097888,0.10097888,HIGH,1,HIGH,0.09,FALSE_POSITIVE
3,2012,0,UNKNOWN,0,0.09616459,0.09616459,ELEVATED,1,ELEVATED,0.09,FALSE_POSITIVE
4,2012,0,UNKNOWN,0,0.10003903,0.10003903,HIGH,1,HIGH,0.09,FALSE_POSITIVE
5,2012,0,UNKNOWN,0,0.07665437,0.07665437,MODERATE,0,MODERATE,0.09,TRUE_NEGATIVE
6,2012,0,UNKNOWN,0,0.027578266,0.027578266,LOW,0,LOW,0.09,TRUE_NEGATIVE
7,2012,0,UNKNOWN,0,0.09805935,0.09805935,ELEVATED,1,ELEVATED,0.09,FALSE_POSITIVE
8,2012,0,UNKNOWN,0,0.044958323,0.044958323,LOW,0,LOW,0.09,TRUE_NEGATIVE
9,2012,0,UNKNOWN,0,0.057243474,0.057243474,MODERATE,0,MODERATE,0.09,TRUE_NEGATIVE
10,2012,0,UNKNOWN,0,0.08551868,0.08551868,MODERATE,0,MODERATE,0.09,TRUE_NEGATIVE
11,2012,0,UNKNOWN,0,0.01905516,0.01905516,LOW,0,LOW,0.09,TRUE_NEGATIVE
12,2012,0,UNKNOWN,0,0.023586443,0.023586443,LOW,0,LOW,0.09,TRUE_NEGATIVE
13,2012,0,UNKNOWN,0,0.069933206,0.069933206,MODERATE,0,MODERATE,0.09,TRUE_NEGATIVE
14,2012,0,UNKNOWN,0,0.039925963,0.039925963,LOW,0,LOW,0.09,TRUE_NEGATIVE
15,2012,0,UNKNOWN,0,0.097147286,0.097147286,ELEVATED,1,ELEVATED,0.09,FALSE_POSITIVE
16,2012,0,UNKNOWN,0,0.09033,0.09033,ELEVATED,1,ELEVATED,0.09,FALSE_POSITIVE
17,2012,0,UNKNOWN,0,0.13618009,0.13618009,HIGH,1,HIGH,0.09,FALSE_POSITIVE
18,2012,0,UNKNOWN,0,0.07916441,0.07916441,MODERATE,0,MODERATE,0.09,TRUE_NEGATIVE
19,2012,0,UNKNOWN,0,0.09917418,0.09917418,ELEVATED,1,ELEVATED,0.09,FALSE_POSITIVE
20,2012,0,UNKNOWN,0,0.076156646,0.076156646,MODERATE,0,MODERATE,0.09,TRUE_NEGATIVE
21,2012,0,UNKNOWN,0,0.0989157,0.0989157,ELEVATED,1,ELEVATED,0.09,FALSE_POSITIVE
22,2012,0,UNKNOWN,0,0.07854195,0.07854195,MODERATE,0,MODERATE,0.09,TRUE_NEGATIVE
23,2012,0,UNKNOWN,0,0.09909567,0.09909567,ELEVATED,1,ELEVATED,0.09,FALSE_POSITIVE
24,2012,0,UNKNOWN,0,0.041294012,0.041294012,LOW,0,LOW,0.09,TRUE_NEGATIVE
25,2012,0,UNKNOWN,0,0.0813713,0.0813713,MODERATE,0,MODERATE,0.09,TRUE_NEGATIVE
26,2012,0,UNKNOWN,0,0.016397387,0.016397387,LOW,0,LOW,0.09,TRUE_NEGATIVE
27,2012,0,UNKNOWN,0,0.11874118,0.11874118,HIGH,1,HIGH,0.09,FALSE_POSITIVE
28,2012,0,UNKNOWN,0,0.1452941,0.1452941,HIGH,1,HIGH,0.09,FALSE_POSITIVE
29,2012,0,UNKNOWN,0,0.041484214,0.041484214,LOW,0,LOW,0.09,TRUE_NEGATIVE
30,2012,0,UNKNOWN,0,0.06490634,0.06490634,MODERATE,0,MODERATE,0.09,TRUE_NEGATIVE
31,2012,0,UNKNOWN,0,0.08106304,0.08106304,MODERATE,0,MODERATE,0.09,TRUE_NEGATIVE
32,2012,0,UNKNOWN,0,0.0681344,0.0681344,MODERATE,0,MODERATE,0.09,TRUE_NEGATIVE
33,2012,0,UNKNOWN,0,0.050477806,0.050477806,MODERATE,0,MODERATE,0.09,TRUE_NEGATIVE
34,2012,0,UNKNOWN,0,0.0072690584,0.0072690584,LOW,0,LOW,0.09,TRUE_NEGATIVE
35,2012,0,UNKNOWN,0,0.03849061,0.03849061,LOW,0,LOW,0.09,TRUE_NEGATIVE
0,2012,8,MONSOON,0,0.08496017,0.08496017,MODERATE,0,MODERATE,0.09,TRUE_NEGATIVE
1,2012,8,MONSOON,0,0.059405837,0.059405837,MODERATE,0,MODERATE,0.09,TRUE_NEGATIVE
2,2012,8,MONSOON,0,0.11860707,0.11860707,HIGH,1,HIGH,0.09,FALSE_POSITIVE
3,2012,8,MONSOON,0,0.10577923,0.10577923,HIGH,1,HIGH,0.09,FALSE_POSITIVE
4,2012,8,MONSOON,0,0.13988769,0.13988769,HIGH,1,HIGH,0.09,FALSE_POSITIVE
5,2012,8,MONSOON,0,0.0924649,0.0924649,ELEVATED,1,ELEVATED,0.09,FALSE_POSITIVE
6,2012,8,MONSOON,0,0.1250652,0.1250652,HIGH,1,HIGH,0.09,FALSE_POSITIVE
7,2012,8,MONSOON,0,0.12224655,0.12224655,HIGH,1,HIGH,0.09,FALSE_POSITIVE
8,2012,8,MONSOON,0,0.10212294,0.10212294,HIGH,1,HIGH,0.09,FALSE_POSITIVE
9,2012,8,MONSOON,0,0.07859591,0.07859591,MODERATE,0,MODERATE,0.09,TRUE_NEGATIVE
10,2012,8,MONSOON,0,0.13095985,0.13095985,HIGH,1,HIGH,0.09,FALSE_POSITIVE
11,2012,8,MONSOON,0,0.033560857,0.033560857,LOW,0,LOW,0.09,TRUE_NEGATIVE
12,2012,8,MONSOON,0,0.046652216,0.046652216,LOW,0,LOW,0.09,TRUE_NEGATIVE
13,2012,8,MONSOON,0,0.119668,0.119668,HIGH,1,HIGH,0.09,FALSE_POSITIVE
14,2012,8,MONSOON,0,0.051960666,0.051960666,MODERATE,0,MODERATE,0.09,TRUE_NEGATIVE
15,2012,8,MONSOON,0,0.10401769,0.10401769,HIGH,1,HIGH,0.09,FALSE_POSITIVE
16,2012,8,MONSOON,0,0.08628432,0.08628432,MODERATE,0,MODERATE,0.09,TRUE_NEGATIVE
17,2012,8,MONSOON,0,0.13830435,0.13830435,HIGH,1,HIGH,0.09,FALSE_POSITIVE
18,2012,8,MONSOON,0,0.109734535,0.109734535,HIGH,1,HIGH,0.09,FALSE_POSITIVE
19,2012,8,MONSOON,0,0.08216706,0.08216706,MODERATE,0,MODERATE,0.09,TRUE_NEGATIVE
20,2012,8,MONSOON,0,0.10281936,0.10281936,HIGH,1,HIGH,0.09,FALSE_POSITIVE
21,2012,8,MONSOON,0,0.12720424,0.12720424,HIGH,1,HIGH,0.09,FALSE_POSITIVE
22,2012,8,MONSOON,0,0.10832364,0.10832364,HIGH,1,HIGH,0.09,FALSE_POSITIVE
23,2012,8,MONSOON,0,0.12624103,0.12624103,HIGH,1,HIGH,0.09,FALSE_POSITIVE
24,2012,8,MONSOON,0,0.10698544,0.10698544,HIGH,1,HIGH,0.09,FALSE_POSITIVE
25,2012,8,MONSOON,0,0.112711735,0.112711735,HIGH,1,HIGH,0.09,FALSE_POSITIVE
26,2012,8,MONSOON,0,0.025809508,0.025809508,LOW,0,LOW,0.09,TRUE_NEGATIVE
27,2012,8,MONSOON,0,0.16704851,0.16704851,CRITICAL,1,CRITICAL,0.09,FALSE_POSITIVE
28,2012,8,MONSOON,0,0.12853809,0.12853809,HIGH,1,HIGH,0.09,FALSE_POSITIVE
29,2012,8,MONSOON,0,0.07676463,0.07676463,MODERATE,0,MODERATE,0.09,TRUE_NEGATIVE
30,2012,8,MONSOON,0,0.10455703,0.10455703,HIGH,1,HIGH,0.09,FALSE_POSITIVE
31,2012,8,MONSOON,0,0.14056711,0.14056711,HIGH,1,HIGH,0.09,FALSE_POSITIVE
32,2012,8,MONSOON,0,0.06633526,0.06633526,MODERATE,0,MODERATE,0.09,TRUE_NEGATIVE
33,2012,8,MONSOON,0,0.097053364,0.097053364,ELEVATED,1,ELEVATED,0.09,FALSE_POSITIVE
34,2012,8,MONSOON,0,0.010478387,0.010478387,LOW,0,LOW,0.09,TRUE_NEGATIVE
35,2012,8,MONSOON,0,0.08384688,0.08384688,MODERATE,0,MODERATE,0.09,TRUE_NEGATIVE
0,2012,6,MONSOON,0,0.096376896,0.096376896,ELEVATED,1,ELEVATED,0.09,FALSE_POSITIVE
1,2012,6,MONSOON,0,0.059425823,0.059425823,MODERATE,0,MODERATE,0.09,TRUE_NEGATIVE
2,2012,6,MONSOON,0,0.111886606,0.111886606,HIGH,1,HIGH,0.09,FALSE_POSITIVE
3,2012,6,MONSOON,0,0.1368247,0.1368247,HIGH,1,HIGH,0.09,FALSE_POSITIVE
4,2012,6,MONSOON,0,0.13023937,0.13023937,HIGH,1,HIGH,0.09,FALSE_POSITIVE
5,2012,6,MONSOON,0,0.095290154,0.095290154,ELEVATED,1,ELEVATED,0.09,FALSE_POSITIVE
6,2012,6,MONSOON,0,0.10756374,0.10756374,HIGH,1,HIGH,0.09,FALSE_POSITIVE
7,2012,6,MONSOON,0,0.121673286,0.121673286,HIGH,1,HIGH,0.09,FALSE_POSITIVE
8,2012,6,MONSOON,0,0.082836166,0.082836166,MODERATE,0,MODERATE,0.09,TRUE_NEGATIVE
9,2012,6,MONSOON,0,0.08327363,0.08327363,MODERATE,0,MODERATE,0.09,TRUE_NEGATIVE
10,2012,6,MONSOON,0,0.115351595,0.115351595,HIGH,1,HIGH,0.09,FALSE_POSITIVE
11,2012,6,MONSOON,0,0.054050393,0.054050393,MODERATE,0,MODERATE,0.09,TRUE_NEGATIVE
12,2012,6,MONSOON,0,0.025704846,0.025704846,LOW,0,LOW,0.09,TRUE_NEGATIVE
13,2012,6,MONSOON,0,0.12393847,0.12393847,HIGH,1,HIGH,0.09,FALSE_POSITIVE
14,2012,6,MONSOON,0,0.057180967,0.057180967,MODERATE,0,MODERATE,0.09,TRUE_NEGATIVE
15,2012,6,MONSOON,0,0.111372985,0.111372985,HIGH,1,HIGH,0.09,FALSE_POSITIVE
16,2012,6,MONSOON,0,0.11796381,0.11796381,HIGH,1,HIGH,0.09,FALSE_POSITIVE
17,2012,6,MONSOON,0,0.11300718,0.11300718,HIGH,1,HIGH,0.09,FALSE_POSITIVE
18,2012,6,MONSOON,0,0.123249665,0.123249665,HIGH,1,HIGH,0.09,FALSE_POSITIVE
19,2012,6,MONSOON,0,0.11489477,0.11489477,HIGH,1,HIGH,0.09,FALSE_POSITIVE
20,2012,6,MONSOON,0,0.10309801,0.10309801,HIGH,1,HIGH,0.09,FALSE_POSITIVE
21,2012,6,MONSOON,0,0.095244326,0.095244326,ELEVATED,1,ELEVATED,0.09,FALSE_POSITIVE
22,2012,6,MONSOON,0,0.13738146,0.13738146,HIGH,1,HIGH,0.09,FALSE_POSITIVE
23,2012,6,MONSOON,0,0.13169663,0.13169663,HIGH,1,HIGH,0.09,FALSE_POSITIVE
24,2012,6,MONSOON,0,0.09173759,0.09173759,ELEVATED,1,ELEVATED,0.09,FALSE_POSITIVE
25,2012,6,MONSOON,0,0.11822178,0.11822178,HIGH,1,HIGH,0.09,FALSE_POSITIVE
26,2012,6,MONSOON,0,0.073381595,0.073381595,MODERATE,0,MODERATE,0.09,TRUE_NEGATIVE
27,2012,6,MONSOON,0,0.16282694,0.16282694,CRITICAL,1,CRITICAL,0.09,FALSE_POSITIVE
28,2012,6,MONSOON,0,0.12370599,0.12370599,HIGH,1,HIGH,0.09,FALSE_POSITIVE
29,2012,6,MONSOON,0,0.12920593,0.12920593,HIGH,1,HIGH,0.09,FALSE_POSITIVE
30,2012,6,MONSOON,0,0.09166608,0.09166608,ELEVATED,1,ELEVATED,0.09,FALSE_POSITIVE
31,2012,6,MONSOON,0,0.14982542,0.14982542,HIGH,1,HIGH,0.09,FALSE_POSITIVE
32,2012,6,MONSOON,0,0.07640726,0.07640726,MODERATE,0,MODERATE,0.09,TRUE_NEGATIVE
33,2012,6,MONSOON,0,0.093500644,0.093500644,ELEVATED,1,ELEVATED,0.09,FALSE_POSITIVE
34,2012,6,MONSOON,0,0.007734766,0.007734766,LOW,0,LOW,0.09,TRUE_NEGATIVE
35,2012,6,MONSOON,0,0.0765552,0.0765552,MODERATE,0,MODERATE,0.09,TRUE_NEGATIVE
0,2012,5,PRE_MONSOON,0,0.07743627,0.07743627,MODERATE,0,MODERATE,0.09,TRUE_NEGATIVE
1,2012,5,PRE_MONSOON,0,0.041362744,0.041362744,LOW,0,LOW,0.09,TRUE_NEGATIVE
2,2012,5,PRE_MONSOON,0,0.10740705,0.10740705,HIGH,1,HIGH,0.09,FALSE_POSITIVE
3,2012,5,PRE_MONSOON,0,0.10699157,0.10699157,HIGH,1,HIGH,0.09,FALSE_POSITIVE
4,2012,5,PRE_MONSOON,0,0.11035156,0.11035156,HIGH,1,HIGH,0.09,FALSE_POSITIVE
5,2012,5,PRE_MONSOON,0,0.09415277,0.09415277,ELEVATED,1,ELEVATED,0.09,FALSE_POSITIVE
6,2012,5,PRE_MONSOON,0,0.115722805,0.115722805,HIGH,1,HIGH,0.09,FALSE_POSITIVE
7,2012,5,PRE_MONSOON,0,0.07886258,0.07886258,MODERATE,0,MODERATE,0.09,TRUE_NEGATIVE
8,2012,5,PRE_MONSOON,0,0.051450223,0.051450223,MODERATE,0,MODERATE,0.09,TRUE_NEGATIVE
9,2012,5,PRE_MONSOON,0,0.059836272,0.059836272,MODERATE,0,MODERATE,0.09,TRUE_NEGATIVE
10,2012,5,PRE_MONSOON,0,0.06841578,0.06841578,MODERATE,0,MODERATE,0.09,TRUE_NEGATIVE
11,2012,5,PRE_MONSOON,0,0.069130436,0.069130436,MODERATE,0,MODERATE,0.09,TRUE_NEGATIVE
12,2012,5,PRE_MONSOON,0,0.010199619,0.010199619,LOW,0,LOW,0.09,TRUE_NEGATIVE
13,2012,5,PRE_MONSOON,0,0.07108381,0.07108381,MODERATE,0,MODERATE,0.09,TRUE_NEGATIVE
14,2012,5,PRE_MONSOON,0,0.06249371,0.06249371,MODERATE,0,MODERATE,0.09,TRUE_NEGATIVE
15,2012,5,PRE_MONSOON,0,0.079586975,0.079586975,MODERATE,0,MODERATE,0.09,TRUE_NEGATIVE
16,2012,5,PRE_MONSOON,0,0.104836516,0.104836516,HIGH,1,HIGH,0.09,FALSE_POSITIVE
17,2012,5,PRE_MONSOON,0,0.08117468,0.08117468,MODERATE,0,MODERATE,0.09,TRUE_NEGATIVE
18,2012,5,PRE_MONSOON,0,0.068146385,0.068146385,MODERATE,0,MODERATE,0.09,TRUE_NEGATIVE
19,2012,5,PRE_MONSOON,0,0.08419016,0.08419016,MODERATE,0,MODERATE,0.09,TRUE_NEGATIVE
20,2012,5,PRE_MONSOON,0,0.09805935,0.09805935,ELEVATED,1,ELEVATED,0.09,FALSE_POSITIVE
21,2012,5,PRE_MONSOON,0,0.1001132,0.1001132,HIGH,1,HIGH,0.09,FALSE_POSITIVE
22,2012,5,PRE_MONSOON,0,0.12784278,0.12784278,HIGH,1,HIGH,0.09,FALSE_POSITIVE
23,2012,5,PRE_MONSOON,0,0.097443685,0.097443685,ELEVATED,1,ELEVATED,0.09,FALSE_POSITIVE
24,2012,5,PRE_MONSOON,0,0.08031259,0.08031259,MODERATE,0,MODERATE,0.09,TRUE_NEGATIVE
25,2012,5,PRE_MONSOON,0,0.11598512,0.11598512,HIGH,1,HIGH,0.09,FALSE_POSITIVE
26,2012,5,PRE_MONSOON,0,0.025954692,0.025954692,LOW,0,LOW,0.09,TRUE_NEGATIVE
27,2012,5,PRE_MONSOON,0,0.1486622,0.1486622,HIGH,1,HIGH,0.09,FALSE_POSITIVE
28,2012,5,PRE_MONSOON,0,0.078722455,0.078722455,MODERATE,0,MODERATE,0.09,TRUE_NEGATIVE
29,2012,5,PRE_MONSOON,0,0.11100969,0.11100969,HIGH,1,HIGH,0.09,FALSE_POSITIVE
30,2012,5,PRE_MONSOON,0,0.06516733,0.06516733,MODERATE,0,MODERATE,0.09,TRUE_NEGATIVE
31,2012,5,PRE_MONSOON,0,0.105283104,0.105283104,HIGH,1,HIGH,0.09,FALSE_POSITIVE
32,2012,5,PRE_MONSOON,0,0.05646089,0.05646089,MODERATE,0,MODERATE,0.09,TRUE_NEGATIVE
33,2012,5,PRE_MONSOON,0,0.04815574,0.04815574,LOW,0,LOW,0.09,TRUE_NEGATIVE
34,2012,5,PRE_MONSOON,0,0.008497797,0.008497797,LOW,0,LOW,0.09,TRUE_NEGATIVE
35,2012,5,PRE_MONSOON,0,0.048023276,0.048023276,LOW,0,LOW,0.09,TRUE_NEGATIVE
0,2012,1,WINTER,0,0.08927272,0.08927272,MODERATE,0,MODERATE,0.09,TRUE_NEGATIVE
1,2012,1,WINTER,0,0.03863788,0.03863788,LOW,0,LOW,0.09,TRUE_NEGATIVE
2,2012,1,WINTER,0,0.088082746,0.088082746,MODERATE,0,MODERATE,0.09,TRUE_NEGATIVE
3,2012,1,WINTER,0,0.03278505,0.03278505,LOW,0,LOW,0.09,TRUE_NEGATIVE
4,2012,1,WINTER,0,0.035406552,0.035406552,LOW,0,LOW,0.09,TRUE_NEGATIVE
5,2012,1,WINTER,0,0.027015543,0.027015543,LOW,0,LOW,0.09,TRUE_NEGATIVE
6,2012,1,WINTER,0,0.098967634,0.098967634,ELEVATED,1,ELEVATED,0.09,FALSE_POSITIVE
7,2012,1,WINTER,0,0.014413422,0.014413422,LOW,0,LOW,0.09,TRUE_NEGATIVE
8,2012,1,WINTER,0,0.029769568,0.029769568,LOW,0,LOW,0.09,TRUE_NEGATIVE
9,2012,1,WINTER,0,0.016172884,0.016172884,LOW,0,LOW,0.09,TRUE_NEGATIVE
10,2012,1,WINTER,0,0.024391266,0.024391266,LOW,0,LOW,0.09,TRUE_NEGATIVE
11,2012,1,WINTER,0,0.015730346,0.015730346,LOW,0,LOW,0.09,TRUE_NEGATIVE
12,2012,1,WINTER,0,0.0069832276,0.0069832276,LOW,0,LOW,0.09,TRUE_NEGATIVE
13,2012,1,WINTER,0,0.02062761,0.02062761,LOW,0,LOW,0.09,TRUE_NEGATIVE
14,2012,1,WINTER,0,0.03456267,0.03456267,LOW,0,LOW,0.09,TRUE_NEGATIVE
15,2012,1,WINTER,0,0.023008766,0.023008766,LOW,0,LOW,0.09,TRUE_NEGATIVE
16,2012,1,WINTER,0,0.07579678,0.07579678,MODERATE,0,MODERATE,0.09,TRUE_NEGATIVE
17,2012,1,WINTER,0,0.035337925,0.035337925,LOW,0,LOW,0.09,TRUE_NEGATIVE
18,2012,1,WINTER,0,0.022838358,0.022838358,LOW,0,LOW,0.09,TRUE_NEGATIVE
19,2012,1,WINTER,0,0.02882841,0.02882841,LOW,0,LOW,0.09,TRUE_NEGATIVE
20,2012,1,WINTER,0,0.023453439,0.023453439,LOW,0,LOW,0.09,TRUE_NEGATIVE
21,2012,1,WINTER,0,0.047753695,0.047753695,LOW,0,LOW,0.09,TRUE_NEGATIVE
22,2012,1,WINTER,0,0.055040535,0.055040535,MODERATE,0,MODERATE,0.09,TRUE_NEGATIVE
23,2012,1,WINTER,0,0.027885415,0.027885415,LOW,0,LOW,0.09,TRUE_NEGATIVE
24,2012,1,WINTER,0,0.020409979,0.020409979,LOW,0,LOW,0.09,TRUE_NEGATIVE
25,2012,1,WINTER,0,0.068729565,0.068729565,MODERATE,0,MODERATE,0.09,TRUE_NEGATIVE
26,2012,1,WINTER,0,0.009885935,0.009885935,LOW,0,LOW,0.09,TRUE_NEGATIVE
27,2012,1,WINTER,0,0.07555831,0.07555831,MODERATE,0,MODERATE,0.09,TRUE_NEGATIVE
28,2012,1,WINTER,0,0.052392587,0.052392587,MODERATE,0,MODERATE,0.09,TRUE_NEGATIVE
29,2012,1,WINTER,0,0.09010816,0.09010816,ELEVATED,1,ELEVATED,0.09,FALSE_POSITIVE
30,2012,1,WINTER,0,0.010337179,0.010337179,LOW,0,LOW,0.09,TRUE_NEGATIVE
31,2012,1,WINTER,0,0.013416522,0.013416522,LOW,0,LOW,0.09,TRUE_NEGATIVE
32,2012,1,WINTER,0,0.00904745,0.00904745,LOW,0,LOW,0.09,TRUE_NEGATIVE
33,2012,1,WINTER,0,0.009955782,0.009955782,LOW,0,LOW,0.09,TRUE_NEGATIVE
34,2012,1,WINTER,0,0.007948699,0.007948699,LOW,0,LOW,0.09,TRUE_NEGATIVE
35,2012,1,WINTER,0,0.007933823,0.007933823,LOW,0,LOW,0.09,TRUE_NEGATIVE
0,2012,11,POST_MONSOON,0,0.035520058,0.035520058,LOW,0,LOW,0.09,TRUE_NEGATIVE
1,2012,11,POST_MONSOON,0,0.025400108,0.025400108,LOW,0,LOW,0.09,TRUE_NEGATIVE
2,2012,11,POST_MONSOON,0,0.037123077,0.037123077,LOW,0,LOW,0.09,TRUE_NEGATIVE
3,2012,11,POST_MONSOON,0,0.0077179163,0.0077179163,LOW,0,LOW,0.09,TRUE_NEGATIVE
4,2012,11,POST_MONSOON,0,0.0067101023,0.0067101023,LOW,0,LOW,0.09,TRUE_NEGATIVE
5,2012,11,POST_MONSOON,0,0.011126079,0.011126079,LOW,0,LOW,0.09,TRUE_NEGATIVE
6,2012,11,POST_MONSOON,0,0.06035191,0.06035191,MODERATE,0,MODERATE,0.09,TRUE_NEGATIVE
7,2012,11,POST_MONSOON,0,0.006501648,0.006501648,LOW,0,LOW,0.09,TRUE_NEGATIVE
8,2012,11,POST_MONSOON,0,0.0062533254,0.0062533254,LOW,0,LOW,0.09,TRUE_NEGATIVE
9,2012,11,POST_MONSOON,0,0.007026768,0.007026768,LOW,0,LOW,0.09,TRUE_NEGATIVE
10,2012,11,POST_MONSOON,0,0.0059843254,0.0059843254,LOW,0,LOW,0.09,TRUE_NEGATIVE
11,2012,11,POST_MONSOON,0,0.0068902513,0.0068902513,LOW,0,LOW,0.09,TRUE_NEGATIVE
12,2012,11,POST_MONSOON,0,0.006166341,0.006166341,LOW,0,LOW,0.09,TRUE_NEGATIVE
13,2012,11,POST_MONSOON,0,0.0115087675,0.0115087675,LOW,0,LOW,0.09,TRUE_NEGATIVE
14,2012,11,POST_MONSOON,0,0.016904814,0.016904814,LOW,0,LOW,0.09,TRUE_NEGATIVE
15,2012,11,POST_MONSOON,0,0.006857384,0.006857384,LOW,0,LOW,0.09,TRUE_NEGATIVE
16,2012,11,POST_MONSOON,0,0.032639023,0.032639023,LOW,0,LOW,0.09,TRUE_NEGATIVE
17,2012,11,POST_MONSOON,0,0.016940568,0.016940568,LOW,0,LOW,0.09,TRUE_NEGATIVE
18,2012,11,POST_MONSOON,0,0.00809378,0.00809378,LOW,0,LOW,0.09,TRUE_NEGATIVE
19,2012,11,POST_MONSOON,0,0.0079594795,0.0079594795,LOW,0,LOW,0.09,TRUE_NEGATIVE
20,2012,11,POST_MONSOON,0,0.008052899,0.008052899,LOW,0,LOW,0.09,TRUE_NEGATIVE
21,2012,11,POST_MONSOON,0,0.011942325,0.011942325,LOW,0,LOW,0.09,TRUE_NEGATIVE
22,2012,11,POST_MONSOON,0,0.010912652,0.010912652,LOW,0,LOW,0.09,TRUE_NEGATIVE
23,2012,11,POST_MONSOON,0,0.006499212,0.006499212,LOW,0,LOW,0.09,TRUE_NEGATIVE
24,2012,11,POST_MONSOON,0,0.008910419,0.008910419,LOW,0,LOW,0.09,TRUE_NEGATIVE
25,2012,11,POST_MONSOON,0,0.010612743,0.010612743,LOW,0,LOW,0.09,TRUE_NEGATIVE
26,2012,11,POST_MONSOON,0,0.0065971334,0.0065971334,LOW,0,LOW,0.09,TRUE_NEGATIVE
27,2012,11,POST_MONSOON,0,0.041871354,0.041871354,LOW,0,LOW,0.09,TRUE_NEGATIVE
28,2012,11,POST_MONSOON,0,0.011136229,0.011136229,LOW,0,LOW,0.09,TRUE_NEGATIVE
29,2012,11,POST_MONSOON,0,0.029059919,0.029059919,LOW,0,LOW,0.09,TRUE_NEGATIVE
30,2012,11,POST_MONSOON,0,0.006108565,0.006108565,LOW,0,LOW,0.09,TRUE_NEGATIVE
31,2012,11,POST_MONSOON,0,0.0058025317,0.0058025317,LOW,0,LOW,0.09,TRUE_NEGATIVE
32,2012,11,POST_MONSOON,0,0.005615569,0.005615569,LOW,0,LOW,0.09,TRUE_NEGATIVE
33,2012,11,POST_MONSOON,0,0.005622638,0.005622638,LOW,0,LOW,0.09,TRUE_NEGATIVE
34,2012,11,POST_MONSOON,0,0.005953024,0.005953024,LOW,0,LOW,0.09,TRUE_NEGATIVE
35,2012,11,POST_MONSOON,0,0.0060394015,0.0060394015,LOW,0,LOW,0.09,TRUE_NEGATIVE
0,2012,10,POST_MONSOON,0,0.018403288,0.018403288,LOW,0,LOW,0.09,TRUE_NEGATIVE
1,2012,10,POST_MONSOON,0,0.006923727,0.006923727,LOW,0,LOW,0.09,TRUE_NEGATIVE
2,2012,10,POST_MONSOON,0,0.0060815765,0.0060815765,LOW,0,LOW,0.09,TRUE_NEGATIVE
3,2012,10,POST_MONSOON,0,0.005104366,0.005104366,LOW,0,LOW,0.09,TRUE_NEGATIVE
4,2012,10,POST_MONSOON,0,0.004941834,0.004941834,LOW,0,LOW,0.09,TRUE_NEGATIVE
5,2012,10,POST_MONSOON,0,0.0050539286,0.0050539286,LOW,0,LOW,0.09,TRUE_NEGATIVE
6,2012,10,POST_MONSOON,0,0.0063046096,0.0063046096,LOW,0,LOW,0.09,TRUE_NEGATIVE
7,2012,10,POST_MONSOON,0,0.004931579,0.004931579,LOW,0,LOW,0.09,TRUE_NEGATIVE
8,2012,10,POST_MONSOON,0,0.0049693347,0.0049693347,LOW,0,LOW,0.09,TRUE_NEGATIVE
9,2012,10,POST_MONSOON,0,0.00508865,0.00508865,LOW,0,LOW,0.09,TRUE_NEGATIVE
10,2012,10,POST_MONSOON,0,0.004988919,0.004988919,LOW,0,LOW,0.09,TRUE_NEGATIVE
11,2012,10,POST_MONSOON,0,0.0049816766,0.0049816766,LOW,0,LOW,0.09,TRUE_NEGATIVE
12,2012,10,POST_MONSOON,0,0.0049100863,0.0049100863,LOW,0,LOW,0.09,TRUE_NEGATIVE
13,2012,10,POST_MONSOON,0,0.006406877,0.006406877,LOW,0,LOW,0.09,TRUE_NEGATIVE
14,2012,10,POST_MONSOON,0,0.010501997,0.010501997,LOW,0,LOW,0.09,TRUE_NEGATIVE
15,2012,10,POST_MONSOON,0,0.005036584,0.005036584,LOW,0,LOW,0.09,TRUE_NEGATIVE
16,2012,10,POST_MONSOON,0,0.021629706,0.021629706,LOW,0,LOW,0.09,TRUE_NEGATIVE
17,2012,10,POST_MONSOON,0,0.005842727,0.005842727,LOW,0,LOW,0.09,TRUE_NEGATIVE
18,2012,10,POST_MONSOON,0,0.005262742,0.005262742,LOW,0,LOW,0.09,TRUE_NEGATIVE
19,2012,10,POST_MONSOON,0,0.0050285785,0.0050285785,LOW,0,LOW,0.09,TRUE_NEGATIVE
20,2012,10,POST_MONSOON,0,0.0052813687,0.0052813687,LOW,0,LOW,0.09,TRUE_NEGATIVE
21,2012,10,POST_MONSOON,0,0.0053463588,0.0053463588,LOW,0,LOW,0.09,TRUE_NEGATIVE
22,2012,10,POST_MONSOON,0,0.0054280167,0.0054280167,LOW,0,LOW,0.09,TRUE_NEGATIVE
23,2012,10,POST_MONSOON,0,0.004905527,0.004905527,LOW,0,LOW,0.09,TRUE_NEGATIVE
24,2012,10,POST_MONSOON,0,0.005169354,0.005169354,LOW,0,LOW,0.09,TRUE_NEGATIVE
25,2012,10,POST_MONSOON,0,0.0058402237,0.0058402237,LOW,0,LOW,0.09,TRUE_NEGATIVE
26,2012,10,POST_MONSOON,0,0.00536916,0.00536916,LOW,0,LOW,0.09,TRUE_NEGATIVE
27,2012,10,POST_MONSOON,0,0.007008781,0.007008781,LOW,0,LOW,0.09,TRUE_NEGATIVE
28,2012,10,POST_MONSOON,0,0.005268891,0.005268891,LOW,0,LOW,0.09,TRUE_NEGATIVE
29,2012,10,POST_MONSOON,0,0.009523632,0.009523632,LOW,0,LOW,0.09,TRUE_NEGATIVE
30,2012,10,POST_MONSOON,0,0.0047540106,0.0047540106,LOW,0,LOW,0.09,TRUE_NEGATIVE
31,2012,10,POST_MONSOON,0,0.0047021355,0.0047021355,LOW,0,LOW,0.09,TRUE_NEGATIVE
32,2012,10,POST_MONSOON,0,0.0047155707,0.0047155707,LOW,0,LOW,0.09,TRUE_NEGATIVE
33,2012,10,POST_MONSOON,0,0.0047126627,0.0047126627,LOW,0,LOW,0.09,TRUE_NEGATIVE
34,2012,10,POST_MONSOON,0,0.004798887,0.004798887,LOW,0,LOW,0.09,TRUE_NEGATIVE
35,2012,10,POST_MONSOON,0,0.00479294,0.00479294,LOW,0,LOW,0.09,TRUE_NEGATIVE
0,2012,9,MONSOON,0,0.0073252292,0.0073252292,LOW,0,LOW,0.09,TRUE_NEGATIVE
1,2012,9,MONSOON,0,0.006252365,0.006252365,LOW,0,LOW,0.09,TRUE_NEGATIVE
2,2012,9,MONSOON,0,0.0058271536,0.0058271536,LOW,0,LOW,0.09,TRUE_NEGATIVE
3,2012,9,MONSOON,0,0.0050173635,0.0050173635,LOW,0,LOW,0.09,TRUE_NEGATIVE
4,2012,9,MONSOON,0,0.004807167,0.004807167,LOW,0,LOW,0.09,TRUE_NEGATIVE
5,2012,9,MONSOON,0,0.005486851,0.005486851,LOW,0,LOW,0.09,TRUE_NEGATIVE
6,2012,9,MONSOON,0,0.0061198166,0.0061198166,LOW,0,LOW,0.09,TRUE_NEGATIVE
7,2012,9,MONSOON,0,0.0048823697,0.0048823697,LOW,0,LOW,0.09,TRUE_NEGATIVE
8,2012,9,MONSOON,0,0.0048378236,0.0048378236,LOW,0,LOW,0.09,TRUE_NEGATIVE
9,2012,9,MONSOON,0,0.0048150276,0.0048150276,LOW,0,LOW,0.09,TRUE_NEGATIVE
10,2012,9,MONSOON,0,0.0050981953,0.0050981953,LOW,0,LOW,0.09,TRUE_NEGATIVE
11,2012,9,MONSOON,0,0.004841178,0.004841178,LOW,0,LOW,0.09,TRUE_NEGATIVE
12,2012,9,MONSOON,0,0.0050059077,0.0050059077,LOW,0,LOW,0.09,TRUE_NEGATIVE
13,2012,9,MONSOON,0,0.010833947,0.010833947,LOW,0,LOW,0.09,TRUE_NEGATIVE
14,2012,9,MONSOON,0,0.014684862,0.014684862,LOW,0,LOW,0.09,TRUE_NEGATIVE
15,2012,9,MONSOON,0,0.005250738,0.005250738,LOW,0,LOW,0.09,TRUE_NEGATIVE
16,2012,9,MONSOON,0,0.0058647213,0.0058647213,LOW,0,LOW,0.09,TRUE_NEGATIVE
17,2012,9,MONSOON,0,0.005592677,0.005592677,LOW,0,LOW,0.09,TRUE_NEGATIVE
18,2012,9,MONSOON,0,0.00535549,0.00535549,LOW,0,LOW,0.09,TRUE_NEGATIVE
19,2012,9,MONSOON,0,0.005352496,0.005352496,LOW,0,LOW,0.09,TRUE_NEGATIVE
20,2012,9,MONSOON,0,0.005388967,0.005388967,LOW,0,LOW,0.09,TRUE_NEGATIVE
21,2012,9,MONSOON,0,0.005358468,0.005358468,LOW,0,LOW,0.09,TRUE_NEGATIVE
22,2012,9,MONSOON,0,0.0054419376,0.0054419376,LOW,0,LOW,0.09,TRUE_NEGATIVE
23,2012,9,MONSOON,0,0.005002109,0.005002109,LOW,0,LOW,0.09,TRUE_NEGATIVE
24,2012,9,MONSOON,0,0.0049373084,0.0049373084,LOW,0,LOW,0.09,TRUE_NEGATIVE
25,2012,9,MONSOON,0,0.0057757017,0.0057757017,LOW,0,LOW,0.09,TRUE_NEGATIVE
26,2012,9,MONSOON,0,0.004883371,0.004883371,LOW,0,LOW,0.09,TRUE_NEGATIVE
27,2012,9,MONSOON,0,0.0064257914,0.0064257914,LOW,0,LOW,0.09,TRUE_NEGATIVE
28,2012,9,MONSOON,0,0.0053339964,0.0053339964,LOW,0,LOW,0.09,TRUE_NEGATIVE
29,2012,9,MONSOON,0,0.0069457223,0.0069457223,LOW,0,LOW,0.09,TRUE_NEGATIVE
30,2012,9,MONSOON,0,0.0048595616,0.0048595616,LOW,0,LOW,0.09,TRUE_NEGATIVE
31,2012,9,MONSOON,0,0.0046616322,0.0046616322,LOW,0,LOW,0.09,TRUE_NEGATIVE
32,2012,9,MONSOON,0,0.004753422,0.004753422,LOW,0,LOW,0.09,TRUE_NEGATIVE
33,2012,9,MONSOON,0,0.004673559,0.004673559,LOW,0,LOW,0.09,TRUE_NEGATIVE
34,2012,9,MONSOON,0,0.004794705,0.004794705,LOW,0,LOW,0.09,TRUE_NEGATIVE
35,2012,9,MONSOON,0,0.0049349945,0.0049349945,LOW,0,LOW,0.09,TRUE_NEGATIVE
0,2012,2,WINTER,0,0.007657344,0.007657344,LOW,0,LOW,0.09,TRUE_NEGATIVE
1,2012,2,WINTER,0,0.007384134,0.007384134,LOW,0,LOW,0.09,TRUE_NEGATIVE
2,2012,2,WINTER,0,0.007977007,0.007977007,LOW,0,LOW,0.09,TRUE_NEGATIVE
3,2012,2,WINTER,0,0.005097484,0.005097484,LOW,0,LOW,0.09,TRUE_NEGATIVE
4,2012,2,WINTER,0,0.0049384725,0.0049384725,LOW,0,LOW,0.09,TRUE_NEGATIVE
5,2012,2,WINTER,0,0.004894197,0.004894197,LOW,0,LOW,0.09,TRUE_NEGATIVE
6,2012,2,WINTER,0,0.005979468,0.005979468,LOW,0,LOW,0.09,TRUE_NEGATIVE
7,2012,2,WINTER,0,0.004905231,0.004905231,LOW,0,LOW,0.09,TRUE_NEGATIVE
8,2012,2,WINTER,0,0.0052299923,0.0052299923,LOW,0,LOW,0.09,TRUE_NEGATIVE
9,2012,2,WINTER,0,0.005330238,0.005330238,LOW,0,LOW,0.09,TRUE_NEGATIVE
10,2012,2,WINTER,0,0.004879385,0.004879385,LOW,0,LOW,0.09,TRUE_NEGATIVE
11,2012,2,WINTER,0,0.0048898305,0.0048898305,LOW,0,LOW,0.09,TRUE_NEGATIVE
12,2012,2,WINTER,0,0.0050094575,0.0050094575,LOW,0,LOW,0.09,TRUE_NEGATIVE
13,2012,2,WINTER,0,0.029480772,0.029480772,LOW,0,LOW,0.09,TRUE_NEGATIVE
14,2012,2,WINTER,0,0.036046837,0.036046837,LOW,0,LOW,0.09,TRUE_NEGATIVE
15,2012,2,WINTER,0,0.0051232525,0.0051232525,LOW,0,LOW,0.09,TRUE_NEGATIVE
16,2012,2,WINTER,0,0.010990057,0.010990057,LOW,0,LOW,0.09,TRUE_NEGATIVE
17,2012,2,WINTER,0,0.0054263202,0.0054263202,LOW,0,LOW,0.09,TRUE_NEGATIVE
18,2012,2,WINTER,0,0.0077565564,0.0077565564,LOW,0,LOW,0.09,TRUE_NEGATIVE
19,2012,2,WINTER,0,0.0049902378,0.0049902378,LOW,0,LOW,0.09,TRUE_NEGATIVE
20,2012,2,WINTER,0,0.005055324,0.005055324,LOW,0,LOW,0.09,TRUE_NEGATIVE
21,2012,2,WINTER,0,0.0065509817,0.0065509817,LOW,0,LOW,0.09,TRUE_NEGATIVE
22,2012,2,WINTER,0,0.005150861,0.005150861,LOW,0,LOW,0.09,TRUE_NEGATIVE
23,2012,2,WINTER,0,0.0049468735,0.0049468735,LOW,0,LOW,0.09,TRUE_NEGATIVE
24,2012,2,WINTER,0,0.005217249,0.005217249,LOW,0,LOW,0.09,TRUE_NEGATIVE
25,2012,2,WINTER,0,0.005539069,0.005539069,LOW,0,LOW,0.09,TRUE_NEGATIVE
26,2012,2,WINTER,0,0.004949221,0.004949221,LOW,0,LOW,0.09,TRUE_NEGATIVE
27,2012,2,WINTER,0,0.0068687685,0.0068687685,LOW,0,LOW,0.09,TRUE_NEGATIVE
28,2012,2,WINTER,0,0.0059367875,0.0059367875,LOW,0,LOW,0.09,TRUE_NEGATIVE
29,2012,2,WINTER,0,0.00604692,0.00604692,LOW,0,LOW,0.09,TRUE_NEGATIVE
30,2012,2,WINTER,0,0.0047675758,0.0047675758,LOW,0,LOW,0.09,TRUE_NEGATIVE
31,2012,2,WINTER,0,0.0052167247,0.0052167247,LOW,0,LOW,0.09,TRUE_NEGATIVE
32,2012,2,WINTER,0,0.004702747,0.004702747,LOW,0,LOW,0.09,TRUE_NEGATIVE
33,2012,2,WINTER,0,0.0047414587,0.0047414587,LOW,0,LOW,0.09,TRUE_NEGATIVE
34,2012,2,WINTER,0,0.004896901,0.004896901,LOW,0,LOW,0.09,TRUE_NEGATIVE
35,2012,2,WINTER,0,0.00484779,0.00484779,LOW,0,LOW,0.09,TRUE_NEGATIVE
0,2013,4,PRE_MONSOON,0,0.0073309187,0.0073309187,LOW,0,LOW,0.09,TRUE_NEGATIVE
1,2013,4,PRE_MONSOON,0,0.02213903,0.02213903,LOW,0,LOW,0.09,TRUE_NEGATIVE
2,2013,4,PRE_MONSOON,0,0.05336609,0.05336609,MODERATE,0,MODERATE,0.09,TRUE_NEGATIVE
3,2013,4,PRE_MONSOON,0,0.005893331,0.005893331,LOW,0,LOW,0.09,TRUE_NEGATIVE
4,2013,4,PRE_MONSOON,0,0.00698017,0.00698017,LOW,0,LOW,0.09,TRUE_NEGATIVE
5,2013,4,PRE_MONSOON,0,0.004851143,0.004851143,LOW,0,LOW,0.09,TRUE_NEGATIVE
6,2013,4,PRE_MONSOON,0,0.005609733,0.005609733,LOW,0,LOW,0.09,TRUE_NEGATIVE
7,2013,4,PRE_MONSOON,0,0.007548906,0.007548906,LOW,0,LOW,0.09,TRUE_NEGATIVE
8,2013,4,PRE_MONSOON,0,0.0055739935,0.0055739935,LOW,0,LOW,0.09,TRUE_NEGATIVE
9,2013,4,PRE_MONSOON,0,0.005796365,0.005796365,LOW,0,LOW,0.09,TRUE_NEGATIVE
10,2013,4,PRE_MONSOON,0,0.0056976564,0.0056976564,LOW,0,LOW,0.09,TRUE_NEGATIVE
11,2013,4,PRE_MONSOON,0,0.0049669775,0.0049669775,LOW,0,LOW,0.09,TRUE_NEGATIVE
12,2013,4,PRE_MONSOON,0,0.005772179,0.005772179,LOW,0,LOW,0.09,TRUE_NEGATIVE
13,2013,4,PRE_MONSOON,0,0.04366547,0.04366547,LOW,0,LOW,0.09,TRUE_NEGATIVE
14,2013,4,PRE_MONSOON,0,0.05374356,0.05374356,MODERATE,0,MODERATE,0.09,TRUE_NEGATIVE
15,2013,4,PRE_MONSOON,0,0.008926592,0.008926592,LOW,0,LOW,0.09,TRUE_NEGATIVE
16,2013,4,PRE_MONSOON,0,0.010386305,0.010386305,LOW,0,LOW,0.09,TRUE_NEGATIVE
17,2013,4,PRE_MONSOON,0,0.006576481,0.006576481,LOW,0,LOW,0.09,TRUE_NEGATIVE
18,2013,4,PRE_MONSOON,0,0.008056148,0.008056148,LOW,0,LOW,0.09,TRUE_NEGATIVE
19,2013,4,PRE_MONSOON,0,0.005403378,0.005403378,LOW,0,LOW,0.09,TRUE_NEGATIVE
20,2013,4,PRE_MONSOON,0,0.005300434,0.005300434,LOW,0,LOW,0.09,TRUE_NEGATIVE
21,2013,4,PRE_MONSOON,0,0.0181226,0.0181226,LOW,0,LOW,0.09,TRUE_NEGATIVE
22,2013,4,PRE_MONSOON,0,0.0056512146,0.0056512146,LOW,0,LOW,0.09,TRUE_NEGATIVE
23,2013,4,PRE_MONSOON,0,0.005786226,0.005786226,LOW,0,LOW,0.09,TRUE_NEGATIVE
24,2013,4,PRE_MONSOON,0,0.0069160005,0.0069160005,LOW,0,LOW,0.09,TRUE_NEGATIVE
25,2013,4,PRE_MONSOON,0,0.0050236257,0.0050236257,LOW,0,LOW,0.09,TRUE_NEGATIVE
26,2013,4,PRE_MONSOON,0,0.0050915894,0.0050915894,LOW,0,LOW,0.09,TRUE_NEGATIVE
27,2013,4,PRE_MONSOON,0,0.007957579,0.007957579,LOW,0,LOW,0.09,TRUE_NEGATIVE
28,2013,4,PRE_MONSOON,0,0.04551168,0.04551168,LOW,0,LOW,0.09,TRUE_NEGATIVE
29,2013,4,PRE_MONSOON,0,0.006472054,0.006472054,LOW,0,LOW,0.09,TRUE_NEGATIVE
30,2013,4,PRE_MONSOON,0,0.0049374932,0.0049374932,LOW,0,LOW,0.09,TRUE_NEGATIVE
31,2013,4,PRE_MONSOON,0,0.0060229423,0.0060229423,LOW,0,LOW,0.09,TRUE_NEGATIVE
32,2013,4,PRE_MONSOON,0,0.0049037696,0.0049037696,LOW,0,LOW,0.09,TRUE_NEGATIVE
33,2013,4,PRE_MONSOON,0,0.004965043,0.004965043,LOW,0,LOW,0.09,TRUE_NEGATIVE
34,2013,4,PRE_MONSOON,0,0.005129544,0.005129544,LOW,0,LOW,0.09,TRUE_NEGATIVE
35,2013,4,PRE_MONSOON,0,0.0050267274,0.0050267274,LOW,0,LOW,0.09,TRUE_NEGATIVE
0,2013,3,PRE_MONSOON,0,0.0077797566,0.0077797566,LOW,0,LOW,0.09,TRUE_NEGATIVE
1,2013,3,PRE_MONSOON,0,0.03304656,0.03304656,LOW,0,LOW,0.09,TRUE_NEGATIVE
2,2013,3,PRE_MONSOON,0,0.10035546,0.10035546,HIGH,1,HIGH,0.09,FALSE_POSITIVE
3,2013,3,PRE_MONSOON,0,0.013465457,0.013465457,LOW,0,LOW,0.09,TRUE_NEGATIVE
4,2013,3,PRE_MONSOON,0,0.008054978,0.008054978,LOW,0,LOW,0.09,TRUE_NEGATIVE
5,2013,3,PRE_MONSOON,0,0.005140911,0.005140911,LOW,0,LOW,0.09,TRUE_NEGATIVE
6,2013,3,PRE_MONSOON,0,0.007413007,0.007413007,LOW,0,LOW,0.09,TRUE_NEGATIVE
7,2013,3,PRE_MONSOON,0,0.009018592,0.009018592,LOW,0,LOW,0.09,TRUE_NEGATIVE
8,2013,3,PRE_MONSOON,0,0.0053756293,0.0053756293,LOW,0,LOW,0.09,TRUE_NEGATIVE
9,2013,3,PRE_MONSOON,0,0.006021743,0.006021743,LOW,0,LOW,0.09,TRUE_NEGATIVE
10,2013,3,PRE_MONSOON,0,0.011282316,0.011282316,LOW,0,LOW,0.09,TRUE_NEGATIVE
11,2013,3,PRE_MONSOON,0,0.005162213,0.005162213,LOW,0,LOW,0.09,TRUE_NEGATIVE
12,2013,3,PRE_MONSOON,0,0.005679306,0.005679306,LOW,0,LOW,0.09,TRUE_NEGATIVE
13,2013,3,PRE_MONSOON,0,0.02975337,0.02975337,LOW,0,LOW,0.09,TRUE_NEGATIVE
14,2013,3,PRE_MONSOON,0,0.039758507,0.039758507,LOW,0,LOW,0.09,TRUE_NEGATIVE
15,2013,3,PRE_MONSOON,0,0.014524361,0.014524361,LOW,0,LOW,0.09,TRUE_NEGATIVE
16,2013,3,PRE_MONSOON,0,0.058888793,0.058888793,MODERATE,0,MODERATE,0.09,TRUE_NEGATIVE
17,2013,3,PRE_MONSOON,0,0.007995559,0.007995559,LOW,0,LOW,0.09,TRUE_NEGATIVE
18,2013,3,PRE_MONSOON,0,0.009621908,0.009621908,LOW,0,LOW,0.09,TRUE_NEGATIVE
19,2013,3,PRE_MONSOON,0,0.005890817,0.005890817,LOW,0,LOW,0.09,TRUE_NEGATIVE
20,2013,3,PRE_MONSOON,0,0.0060412255,0.0060412255,LOW,0,LOW,0.09,TRUE_NEGATIVE
21,2013,3,PRE_MONSOON,0,0.03986442,0.03986442,LOW,0,LOW,0.09,TRUE_NEGATIVE
22,2013,3,PRE_MONSOON,0,0.0061537186,0.0061537186,LOW,0,LOW,0.09,TRUE_NEGATIVE
23,2013,3,PRE_MONSOON,0,0.00820965,0.00820965,LOW,0,LOW,0.09,TRUE_NEGATIVE
24,2013,3,PRE_MONSOON,0,0.0066253245,0.0066253245,LOW,0,LOW,0.09,TRUE_NEGATIVE
25,2013,3,PRE_MONSOON,0,0.0055637034,0.0055637034,LOW,0,LOW,0.09,TRUE_NEGATIVE
26,2013,3,PRE_MONSOON,0,0.005186019,0.005186019,LOW,0,LOW,0.09,TRUE_NEGATIVE
27,2013,3,PRE_MONSOON,0,0.02227124,0.02227124,LOW,0,LOW,0.09,TRUE_NEGATIVE
28,2013,3,PRE_MONSOON,0,0.1085684,0.1085684,HIGH,1,HIGH,0.09,FALSE_POSITIVE
29,2013,3,PRE_MONSOON,0,0.0061356286,0.0061356286,LOW,0,LOW,0.09,TRUE_NEGATIVE
30,2013,3,PRE_MONSOON,0,0.0058001336,0.0058001336,LOW,0,LOW,0.09,TRUE_NEGATIVE
31,2013,3,PRE_MONSOON,0,0.006701631,0.006701631,LOW,0,LOW,0.09,TRUE_NEGATIVE
32,2013,3,PRE_MONSOON,0,0.005607401,0.005607401,LOW,0,LOW,0.09,TRUE_NEGATIVE
33,2013,3,PRE_MONSOON,0,0.005679384,0.005679384,LOW,0,LOW,0.09,TRUE_NEGATIVE
34,2013,3,PRE_MONSOON,0,0.0053331535,0.0053331535,LOW,0,LOW,0.09,TRUE_NEGATIVE
35,2013,3,PRE_MONSOON,0,0.0052569886,0.0052569886,LOW,0,LOW,0.09,TRUE_NEGATIVE
0,2013,7,MONSOON,0,0.028517878,0.028517878,LOW,0,LOW,0.09,TRUE_NEGATIVE
1,2013,7,MONSOON,0,0.025846394,0.025846394,LOW,0,LOW,0.09,TRUE_NEGATIVE
2,2013,7,MONSOON,1,0.121472545,0.121472545,HIGH,1,HIGH,0.09,TRUE_POSITIVE
3,2013,7,MONSOON,0,0.034532163,0.034532163,LOW,0,LOW,0.09,TRUE_NEGATIVE
4,2013,7,MONSOON,0,0.020918565,0.020918565,LOW,0,LOW,0.09,TRUE_NEGATIVE
5,2013,7,MONSOON,0,0.02376009,0.02376009,LOW,0,LOW,0.09,TRUE_NEGATIVE
6,2013,7,MONSOON,0,0.06362114,0.06362114,MODERATE,0,MODERATE,0.09,TRUE_NEGATIVE
7,2013,7,MONSOON,0,0.01872348,0.01872348,LOW,0,LOW,0.09,TRUE_NEGATIVE
8,2013,7,MONSOON,0,0.008705761,0.008705761,LOW,0,LOW,0.09,TRUE_NEGATIVE
9,2013,7,MONSOON,0,0.010443445,0.010443445,LOW,0,LOW,0.09,TRUE_NEGATIVE
10,2013,7,MONSOON,0,0.032154232,0.032154232,LOW,0,LOW,0.09,TRUE_NEGATIVE
11,2013,7,MONSOON,0,0.008803621,0.008803621,LOW,0,LOW,0.09,TRUE_NEGATIVE
12,2013,7,MONSOON,0,0.0099201305,0.0099201305,LOW,0,LOW,0.09,TRUE_NEGATIVE
13,2013,7,MONSOON,0,0.027648682,0.027648682,LOW,0,LOW,0.09,TRUE_NEGATIVE
14,2013,7,MONSOON,0,0.03743507,0.03743507,LOW,0,LOW,0.09,TRUE_NEGATIVE
15,2013,7,MONSOON,0,0.030098444,0.030098444,LOW,0,LOW,0.09,TRUE_NEGATIVE
16,2013,7,MONSOON,0,0.11966718,0.11966718,HIGH,1,HIGH,0.09,FALSE_POSITIVE
17,2013,7,MONSOON,0,0.07286957,0.07286957,MODERATE,0,MODERATE,0.09,TRUE_NEGATIVE
18,2013,7,MONSOON,0,0.03321311,0.03321311,LOW,0,LOW,0.09,TRUE_NEGATIVE
19,2013,7,MONSOON,0,0.036129996,0.036129996,LOW,0,LOW,0.09,TRUE_NEGATIVE
20,2013,7,MONSOON,0,0.018258631,0.018258631,LOW,0,LOW,0.09,TRUE_NEGATIVE
21,2013,7,MONSOON,1,0.10609852,0.10609852,HIGH,1,HIGH,0.09,TRUE_POSITIVE
22,2013,7,MONSOON,0,0.029834691,0.029834691,LOW,0,LOW,0.09,TRUE_NEGATIVE
23,2013,7,MONSOON,0,0.03261444,0.03261444,LOW,0,LOW,0.09,TRUE_NEGATIVE
24,2013,7,MONSOON,0,0.013156656,0.013156656,LOW,0,LOW,0.09,TRUE_NEGATIVE
25,2013,7,MONSOON,0,0.01938168,0.01938168,LOW,0,LOW,0.09,TRUE_NEGATIVE
26,2013,7,MONSOON,0,0.0065804482,0.0065804482,LOW,0,LOW,0.09,TRUE_NEGATIVE
27,2013,7,MONSOON,0,0.07326499,0.07326499,MODERATE,0,MODERATE,0.09,TRUE_NEGATIVE
28,2013,7,MONSOON,0,0.11970069,0.11970069,HIGH,1,HIGH,0.09,FALSE_POSITIVE
29,2013,7,MONSOON,0,0.009956488,0.009956488,LOW,0,LOW,0.09,TRUE_NEGATIVE
30,2013,7,MONSOON,0,0.023267604,0.023267604,LOW,0,LOW,0.09,TRUE_NEGATIVE
31,2013,7,MONSOON,0,0.016386915,0.016386915,LOW,0,LOW,0.09,TRUE_NEGATIVE
32,2013,7,MONSOON,0,0.017745597,0.017745597,LOW,0,LOW,0.09,TRUE_NEGATIVE
33,2013,7,MONSOON,0,0.019249206,0.019249206,LOW,0,LOW,0.09,TRUE_NEGATIVE
34,2013,7,MONSOON,0,0.0064779683,0.0064779683,LOW,0,LOW,0.09,TRUE_NEGATIVE
35,2013,7,MONSOON,0,0.013693457,0.013693457,LOW,0,LOW,0.09,TRUE_NEGATIVE
0,2013,0,UNKNOWN,0,0.08223492,0.08223492,MODERATE,0,MODERATE,0.09,TRUE_NEGATIVE
1,2013,0,UNKNOWN,0,0.040813185,0.040813185,LOW,0,LOW,0.09,TRUE_NEGATIVE
2,2013,0,UNKNOWN,1,0.12230368,0.12230368,HIGH,1,HIGH,0.09,TRUE_POSITIVE
3,2013,0,UNKNOWN,0,0.06330284,0.06330284,MODERATE,0,MODERATE,0.09,TRUE_NEGATIVE
4,2013,0,UNKNOWN,0,0.07351172,0.07351172,MODERATE,0,MODERATE,0.09,TRUE_NEGATIVE
5,2013,0,UNKNOWN,0,0.07124918,0.07124918,MODERATE,0,MODERATE,0.09,TRUE_NEGATIVE
6,2013,0,UNKNOWN,0,0.113698564,0.113698564,HIGH,1,HIGH,0.09,FALSE_POSITIVE
7,2013,0,UNKNOWN,0,0.0630744,0.0630744,MODERATE,0,MODERATE,0.09,TRUE_NEGATIVE
8,2013,0,UNKNOWN,0,0.047047734,0.047047734,LOW,0,LOW,0.09,TRUE_NEGATIVE
9,2013,0,UNKNOWN,0,0.030172657,0.030172657,LOW,0,LOW,0.09,TRUE_NEGATIVE
10,2013,0,UNKNOWN,0,0.08344493,0.08344493,MODERATE,0,MODERATE,0.09,TRUE_NEGATIVE
11,2013,0,UNKNOWN,0,0.01145258,0.01145258,LOW,0,LOW,0.09,TRUE_NEGATIVE
12,2013,0,UNKNOWN,0,0.029956298,0.029956298,LOW,0,LOW,0.09,TRUE_NEGATIVE
13,2013,0,UNKNOWN,0,0.05447763,0.05447763,MODERATE,0,MODERATE,0.09,TRUE_NEGATIVE
14,2013,0,UNKNOWN,0,0.06714052,0.06714052,MODERATE,0,MODERATE,0.09,TRUE_NEGATIVE
15,2013,0,UNKNOWN,0,0.07311615,0.07311615,MODERATE,0,MODERATE,0.09,TRUE_NEGATIVE
16,2013,0,UNKNOWN,0,0.11051178,0.11051178,HIGH,1,HIGH,0.09,FALSE_POSITIVE
17,2013,0,UNKNOWN,0,0.15141541,0.15141541,CRITICAL,1,CRITICAL,0.09,FALSE_POSITIVE
18,2013,0,UNKNOWN,0,0.10349254,0.10349254,HIGH,1,HIGH,0.09,FALSE_POSITIVE
19,2013,0,UNKNOWN,0,0.09205442,0.09205442,ELEVATED,1,ELEVATED,0.09,FALSE_POSITIVE
20,2013,0,UNKNOWN,0,0.06507572,0.06507572,MODERATE,0,MODERATE,0.09,TRUE_NEGATIVE
21,2013,0,UNKNOWN,1,0.12105532,0.12105532,HIGH,1,HIGH,0.09,TRUE_POSITIVE
22,2013,0,UNKNOWN,0,0.09452589,0.09452589,ELEVATED,1,ELEVATED,0.09,FALSE_POSITIVE
23,2013,0,UNKNOWN,0,0.11211848,0.11211848,HIGH,1,HIGH,0.09,FALSE_POSITIVE
24,2013,0,UNKNOWN,0,0.044173717,0.044173717,LOW,0,LOW,0.09,TRUE_NEGATIVE
25,2013,0,UNKNOWN,0,0.06934627,0.06934627,MODERATE,0,MODERATE,0.09,TRUE_NEGATIVE
26,2013,0,UNKNOWN,0,0.005657193,0.005657193,LOW,0,LOW,0.09,TRUE_NEGATIVE
27,2013,0,UNKNOWN,0,0.11487389,0.11487389,HIGH,1,HIGH,0.09,FALSE_POSITIVE
28,2013,0,UNKNOWN,0,0.14992955,0.14992955,HIGH,1,HIGH,0.09,FALSE_POSITIVE
29,2013,0,UNKNOWN,0,0.034582667,0.034582667,LOW,0,LOW,0.09,TRUE_NEGATIVE
30,2013,0,UNKNOWN,0,0.07392992,0.07392992,MODERATE,0,MODERATE,0.09,TRUE_NEGATIVE
31,2013,0,UNKNOWN,0,0.04296618,0.04296618,LOW,0,LOW,0.09,TRUE_NEGATIVE
32,2013,0,UNKNOWN,0,0.10279857,0.10279857,HIGH,1,HIGH,0.09,FALSE_POSITIVE
33,2013,0,UNKNOWN,0,0.07138896,0.07138896,MODERATE,0,MODERATE,0.09,TRUE_NEGATIVE
34,2013,0,UNKNOWN,0,0.016525734,0.016525734,LOW,0,LOW,0.09,TRUE_NEGATIVE
35,2013,0,UNKNOWN,0,0.030734923,0.030734923,LOW,0,LOW,0.09,TRUE_NEGATIVE
0,2013,8,MONSOON,0,0.09353345,0.09353345,ELEVATED,1,ELEVATED,0.09,FALSE_POSITIVE
1,2013,8,MONSOON,0,0.057046372,0.057046372,MODERATE,0,MODERATE,0.09,TRUE_NEGATIVE
2,2013,8,MONSOON,1,0.12105174,0.12105174,HIGH,1,HIGH,0.09,TRUE_POSITIVE
3,2013,8,MONSOON,0,0.121673964,0.121673964,HIGH,1,HIGH,0.09,FALSE_POSITIVE
4,2013,8,MONSOON,0,0.13655035,0.13655035,HIGH,1,HIGH,0.09,FALSE_POSITIVE
5,2013,8,MONSOON,0,0.099266335,0.099266335,ELEVATED,1,ELEVATED,0.09,FALSE_POSITIVE
6,2013,8,MONSOON,0,0.12250979,0.12250979,HIGH,1,HIGH,0.09,FALSE_POSITIVE
7,2013,8,MONSOON,0,0.114301935,0.114301935,HIGH,1,HIGH,0.09,FALSE_POSITIVE
8,2013,8,MONSOON,0,0.100966506,0.100966506,HIGH,1,HIGH,0.09,FALSE_POSITIVE
9,2013,8,MONSOON,0,0.052772403,0.052772403,MODERATE,0,MODERATE,0.09,TRUE_NEGATIVE
10,2013,8,MONSOON,0,0.10305318,0.10305318,HIGH,1,HIGH,0.09,FALSE_POSITIVE
11,2013,8,MONSOON,0,0.07866287,0.07866287,MODERATE,0,MODERATE,0.09,TRUE_NEGATIVE
12,2013,8,MONSOON,0,0.05825593,0.05825593,MODERATE,0,MODERATE,0.09,TRUE_NEGATIVE
13,2013,8,MONSOON,0,0.06888405,0.06888405,MODERATE,0,MODERATE,0.09,TRUE_NEGATIVE
14,2013,8,MONSOON,0,0.07598646,0.07598646,MODERATE,0,MODERATE,0.09,TRUE_NEGATIVE
15,2013,8,MONSOON,0,0.093306124,0.093306124,ELEVATED,1,ELEVATED,0.09,FALSE_POSITIVE
16,2013,8,MONSOON,0,0.11143406,0.11143406,HIGH,1,HIGH,0.09,FALSE_POSITIVE
17,2013,8,MONSOON,0,0.15461488,0.15461488,CRITICAL,1,CRITICAL,0.09,FALSE_POSITIVE
18,2013,8,MONSOON,0,0.13173065,0.13173065,HIGH,1,HIGH,0.09,FALSE_POSITIVE
19,2013,8,MONSOON,0,0.12518473,0.12518473,HIGH,1,HIGH,0.09,FALSE_POSITIVE
20,2013,8,MONSOON,0,0.1008292,0.1008292,HIGH,1,HIGH,0.09,FALSE_POSITIVE
21,2013,8,MONSOON,1,0.12705314,0.12705314,HIGH,1,HIGH,0.09,TRUE_POSITIVE
22,2013,8,MONSOON,0,0.11521889,0.11521889,HIGH,1,HIGH,0.09,FALSE_POSITIVE
23,2013,8,MONSOON,0,0.127185,0.127185,HIGH,1,HIGH,0.09,FALSE_POSITIVE
24,2013,8,MONSOON,0,0.078377575,0.078377575,MODERATE,0,MODERATE,0.09,TRUE_NEGATIVE
25,2013,8,MONSOON,0,0.119555175,0.119555175,HIGH,1,HIGH,0.09,FALSE_POSITIVE
26,2013,8,MONSOON,0,0.0068256613,0.0068256613,LOW,0,LOW,0.09,TRUE_NEGATIVE
27,2013,8,MONSOON,0,0.14161852,0.14161852,HIGH,1,HIGH,0.09,FALSE_POSITIVE
28,2013,8,MONSOON,0,0.14731759,0.14731759,HIGH,1,HIGH,0.09,FALSE_POSITIVE
29,2013,8,MONSOON,0,0.100573875,0.100573875,HIGH,1,HIGH,0.09,FALSE_POSITIVE
30,2013,8,MONSOON,0,0.12063006,0.12063006,HIGH,1,HIGH,0.09,FALSE_POSITIVE
31,2013,8,MONSOON,0,0.06764261,0.06764261,MODERATE,0,MODERATE,0.09,TRUE_NEGATIVE
32,2013,8,MONSOON,0,0.14399906,0.14399906,HIGH,1,HIGH,0.09,FALSE_POSITIVE
33,2013,8,MONSOON,0,0.12034861,0.12034861,HIGH,1,HIGH,0.09,FALSE_POSITIVE
34,2013,8,MONSOON,0,0.03202652,0.03202652,LOW,0,LOW,0.09,TRUE_NEGATIVE
35,2013,8,MONSOON,0,0.07528261,0.07528261,MODERATE,0,MODERATE,0.09,TRUE_NEGATIVE
0,2013,6,MONSOON,0,0.11813269,0.11813269,HIGH,1,HIGH,0.09,FALSE_POSITIVE
1,2013,6,MONSOON,0,0.06355994,0.06355994,MODERATE,0,MODERATE,0.09,TRUE_NEGATIVE
2,2013,6,MONSOON,0,0.11118748,0.11118748,HIGH,1,HIGH,0.09,FALSE_POSITIVE
3,2013,6,MONSOON,0,0.13107805,0.13107805,HIGH,1,HIGH,0.09,FALSE_POSITIVE
4,2013,6,MONSOON,0,0.12488962,0.12488962,HIGH,1,HIGH,0.09,FALSE_POSITIVE
5,2013,6,MONSOON,0,0.12749542,0.12749542,HIGH,1,HIGH,0.09,FALSE_POSITIVE
6,2013,6,MONSOON,0,0.12926997,0.12926997,HIGH,1,HIGH,0.09,FALSE_POSITIVE
7,2013,6,MONSOON,0,0.081689276,0.081689276,MODERATE,0,MODERATE,0.09,TRUE_NEGATIVE
8,2013,6,MONSOON,0,0.09093303,0.09093303,ELEVATED,1,ELEVATED,0.09,FALSE_POSITIVE
9,2013,6,MONSOON,0,0.056312654,0.056312654,MODERATE,0,MODERATE,0.09,TRUE_NEGATIVE
10,2013,6,MONSOON,0,0.07191263,0.07191263,MODERATE,0,MODERATE,0.09,TRUE_NEGATIVE
11,2013,6,MONSOON,0,0.08319923,0.08319923,MODERATE,0,MODERATE,0.09,TRUE_NEGATIVE
12,2013,6,MONSOON,0,0.058190167,0.058190167,MODERATE,0,MODERATE,0.09,TRUE_NEGATIVE
13,2013,6,MONSOON,0,0.07275556,0.07275556,MODERATE,0,MODERATE,0.09,TRUE_NEGATIVE
14,2013,6,MONSOON,0,0.06209237,0.06209237,MODERATE,0,MODERATE,0.09,TRUE_NEGATIVE
15,2013,6,MONSOON,0,0.09840225,0.09840225,ELEVATED,1,ELEVATED,0.09,FALSE_POSITIVE
16,2013,6,MONSOON,0,0.13620943,0.13620943,HIGH,1,HIGH,0.09,FALSE_POSITIVE
17,2013,6,MONSOON,0,0.14280237,0.14280237,HIGH,1,HIGH,0.09,FALSE_POSITIVE
18,2013,6,MONSOON,0,0.1382106,0.1382106,HIGH,1,HIGH,0.09,FALSE_POSITIVE
19,2013,6,MONSOON,0,0.111730546,0.111730546,HIGH,1,HIGH,0.09,FALSE_POSITIVE
20,2013,6,MONSOON,0,0.11553166,0.11553166,HIGH,1,HIGH,0.09,FALSE_POSITIVE
21,2013,6,MONSOON,1,0.0983505,0.0983505,ELEVATED,1,ELEVATED,0.09,TRUE_POSITIVE
22,2013,6,MONSOON,0,0.11677304,0.11677304,HIGH,1,HIGH,0.09,FALSE_POSITIVE
23,2013,6,MONSOON,0,0.12231355,0.12231355,HIGH,1,HIGH,0.09,FALSE_POSITIVE
24,2013,6,MONSOON,0,0.070505925,0.070505925,MODERATE,0,MODERATE,0.09,TRUE_NEGATIVE
25,2013,6,MONSOON,0,0.11840737,0.11840737,HIGH,1,HIGH,0.09,FALSE_POSITIVE
26,2013,6,MONSOON,0,0.008016983,0.008016983,LOW,0,LOW,0.09,TRUE_NEGATIVE
27,2013,6,MONSOON,0,0.1441655,0.1441655,HIGH,1,HIGH,0.09,FALSE_POSITIVE
28,2013,6,MONSOON,0,0.13651225,0.13651225,HIGH,1,HIGH,0.09,FALSE_POSITIVE
29,2013,6,MONSOON,0,0.10733868,0.10733868,HIGH,1,HIGH,0.09,FALSE_POSITIVE
30,2013,6,MONSOON,0,0.10128174,0.10128174,HIGH,1,HIGH,0.09,FALSE_POSITIVE
31,2013,6,MONSOON,0,0.08166016,0.08166016,MODERATE,0,MODERATE,0.09,TRUE_NEGATIVE
32,2013,6,MONSOON,0,0.08138652,0.08138652,MODERATE,0,MODERATE,0.09,TRUE_NEGATIVE
33,2013,6,MONSOON,0,0.06646132,0.06646132,MODERATE,0,MODERATE,0.09,TRUE_NEGATIVE
34,2013,6,MONSOON,0,0.022392739,0.022392739,LOW,0,LOW,0.09,TRUE_NEGATIVE
35,2013,6,MONSOON,0,0.050591197,0.050591197,MODERATE,0,MODERATE,0.09,TRUE_NEGATIVE
0,2013,5,PRE_MONSOON,0,0.051615186,0.051615186,MODERATE,0,MODERATE,0.09,TRUE_NEGATIVE
1,2013,5,PRE_MONSOON,0,0.06988871,0.06988871,MODERATE,0,MODERATE,0.09,TRUE_NEGATIVE
2,2013,5,PRE_MONSOON,0,0.1075003,0.1075003,HIGH,1,HIGH,0.09,FALSE_POSITIVE
3,2013,5,PRE_MONSOON,0,0.1176811,0.1176811,HIGH,1,HIGH,0.09,FALSE_POSITIVE
4,2013,5,PRE_MONSOON,0,0.105837926,0.105837926,HIGH,1,HIGH,0.09,FALSE_POSITIVE
5,2013,5,PRE_MONSOON,0,0.121799216,0.121799216,HIGH,1,HIGH,0.09,FALSE_POSITIVE
6,2013,5,PRE_MONSOON,0,0.041822314,0.041822314,LOW,0,LOW,0.09,TRUE_NEGATIVE
7,2013,5,PRE_MONSOON,0,0.0570691,0.0570691,MODERATE,0,MODERATE,0.09,TRUE_NEGATIVE
8,2013,5,PRE_MONSOON,0,0.061186668,0.061186668,MODERATE,0,MODERATE,0.09,TRUE_NEGATIVE
9,2013,5,PRE_MONSOON,0,0.042757303,0.042757303,LOW,0,LOW,0.09,TRUE_NEGATIVE
10,2013,5,PRE_MONSOON,0,0.04825512,0.04825512,LOW,0,LOW,0.09,TRUE_NEGATIVE
11,2013,5,PRE_MONSOON,0,0.05823113,0.05823113,MODERATE,0,MODERATE,0.09,TRUE_NEGATIVE
12,2013,5,PRE_MONSOON,0,0.04939379,0.04939379,LOW,0,LOW,0.09,TRUE_NEGATIVE
13,2013,5,PRE_MONSOON,0,0.052414015,0.052414015,MODERATE,0,MODERATE,0.09,TRUE_NEGATIVE
14,2013,5,PRE_MONSOON,0,0.061963335,0.061963335,MODERATE,0,MODERATE,0.09,TRUE_NEGATIVE
15,2013,5,PRE_MONSOON,0,0.07879632,0.07879632,MODERATE,0,MODERATE,0.09,TRUE_NEGATIVE
16,2013,5,PRE_MONSOON,0,0.102961674,0.102961674,HIGH,1,HIGH,0.09,FALSE_POSITIVE
17,2013,5,PRE_MONSOON,0,0.07618349,0.07618349,MODERATE,0,MODERATE,0.09,TRUE_NEGATIVE
18,2013,5,PRE_MONSOON,0,0.055374,0.055374,MODERATE,0,MODERATE,0.09,TRUE_NEGATIVE
19,2013,5,PRE_MONSOON,0,0.08141168,0.08141168,MODERATE,0,MODERATE,0.09,TRUE_NEGATIVE
20,2013,5,PRE_MONSOON,0,0.08737464,0.08737464,MODERATE,0,MODERATE,0.09,TRUE_NEGATIVE
21,2013,5,PRE_MONSOON,0,0.08851053,0.08851053,MODERATE,0,MODERATE,0.09,TRUE_NEGATIVE
22,2013,5,PRE_MONSOON,0,0.1215275,0.1215275,HIGH,1,HIGH,0.09,FALSE_POSITIVE
23,2013,5,PRE_MONSOON,0,0.06765587,0.06765587,MODERATE,0,MODERATE,0.09,TRUE_NEGATIVE
24,2013,5,PRE_MONSOON,0,0.07918553,0.07918553,MODERATE,0,MODERATE,0.09,TRUE_NEGATIVE
25,2013,5,PRE_MONSOON,0,0.11249891,0.11249891,HIGH,1,HIGH,0.09,FALSE_POSITIVE
26,2013,5,PRE_MONSOON,0,0.033559218,0.033559218,LOW,0,LOW,0.09,TRUE_NEGATIVE
27,2013,5,PRE_MONSOON,0,0.10326346,0.10326346,HIGH,1,HIGH,0.09,FALSE_POSITIVE
28,2013,5,PRE_MONSOON,0,0.08610886,0.08610886,MODERATE,0,MODERATE,0.09,TRUE_NEGATIVE
29,2013,5,PRE_MONSOON,0,0.11739877,0.11739877,HIGH,1,HIGH,0.09,FALSE_POSITIVE
30,2013,5,PRE_MONSOON,0,0.060788453,0.060788453,MODERATE,0,MODERATE,0.09,TRUE_NEGATIVE
31,2013,5,PRE_MONSOON,0,0.059007008,0.059007008,MODERATE,0,MODERATE,0.09,TRUE_NEGATIVE
32,2013,5,PRE_MONSOON,0,0.04657523,0.04657523,LOW,0,LOW,0.09,TRUE_NEGATIVE
33,2013,5,PRE_MONSOON,0,0.06390131,0.06390131,MODERATE,0,MODERATE,0.09,TRUE_NEGATIVE
34,2013,5,PRE_MONSOON,0,0.013161256,0.013161256,LOW,0,LOW,0.09,TRUE_NEGATIVE
35,2013,5,PRE_MONSOON,0,0.04663046,0.04663046,LOW,0,LOW,0.09,TRUE_NEGATIVE
0,2013,1,WINTER,0,0.043073636,0.043073636,LOW,0,LOW,0.09,TRUE_NEGATIVE
1,2013,1,WINTER,0,0.03802884,0.03802884,LOW,0,LOW,0.09,TRUE_NEGATIVE
2,2013,1,WINTER,0,0.09344491,0.09344491,ELEVATED,1,ELEVATED,0.09,FALSE_POSITIVE
3,2013,1,WINTER,0,0.03404124,0.03404124,LOW,0,LOW,0.09,TRUE_NEGATIVE
4,2013,1,WINTER,0,0.027630907,0.027630907,LOW,0,LOW,0.09,TRUE_NEGATIVE
5,2013,1,WINTER,0,0.05776986,0.05776986,MODERATE,0,MODERATE,0.09,TRUE_NEGATIVE
6,2013,1,WINTER,0,0.03234937,0.03234937,LOW,0,LOW,0.09,TRUE_NEGATIVE
7,2013,1,WINTER,0,0.01339254,0.01339254,LOW,0,LOW,0.09,TRUE_NEGATIVE
8,2013,1,WINTER,0,0.013706228,0.013706228,LOW,0,LOW,0.09,TRUE_NEGATIVE
9,2013,1,WINTER,0,0.014383302,0.014383302,LOW,0,LOW,0.09,TRUE_NEGATIVE
10,2013,1,WINTER,0,0.026899183,0.026899183,LOW,0,LOW,0.09,TRUE_NEGATIVE
11,2013,1,WINTER,0,0.012763723,0.012763723,LOW,0,LOW,0.09,TRUE_NEGATIVE
12,2013,1,WINTER,0,0.011928165,0.011928165,LOW,0,LOW,0.09,TRUE_NEGATIVE
13,2013,1,WINTER,0,0.014440271,0.014440271,LOW,0,LOW,0.09,TRUE_NEGATIVE
14,2013,1,WINTER,0,0.03162214,0.03162214,LOW,0,LOW,0.09,TRUE_NEGATIVE
15,2013,1,WINTER,0,0.023289125,0.023289125,LOW,0,LOW,0.09,TRUE_NEGATIVE
16,2013,1,WINTER,0,0.092167795,0.092167795,ELEVATED,1,ELEVATED,0.09,FALSE_POSITIVE
17,2013,1,WINTER,0,0.044400617,0.044400617,LOW,0,LOW,0.09,TRUE_NEGATIVE
18,2013,1,WINTER,0,0.01852295,0.01852295,LOW,0,LOW,0.09,TRUE_NEGATIVE
19,2013,1,WINTER,0,0.0283843,0.0283843,LOW,0,LOW,0.09,TRUE_NEGATIVE
20,2013,1,WINTER,0,0.02411111,0.02411111,LOW,0,LOW,0.09,TRUE_NEGATIVE
21,2013,1,WINTER,0,0.039677102,0.039677102,LOW,0,LOW,0.09,TRUE_NEGATIVE
22,2013,1,WINTER,0,0.044263892,0.044263892,LOW,0,LOW,0.09,TRUE_NEGATIVE
23,2013,1,WINTER,0,0.02170652,0.02170652,LOW,0,LOW,0.09,TRUE_NEGATIVE
24,2013,1,WINTER,0,0.018163525,0.018163525,LOW,0,LOW,0.09,TRUE_NEGATIVE
25,2013,1,WINTER,0,0.07273583,0.07273583,MODERATE,0,MODERATE,0.09,TRUE_NEGATIVE
26,2013,1,WINTER,0,0.017522292,0.017522292,LOW,0,LOW,0.09,TRUE_NEGATIVE
27,2013,1,WINTER,0,0.05381688,0.05381688,MODERATE,0,MODERATE,0.09,TRUE_NEGATIVE
28,2013,1,WINTER,0,0.039334167,0.039334167,LOW,0,LOW,0.09,TRUE_NEGATIVE
29,2013,1,WINTER,0,0.08672842,0.08672842,MODERATE,0,MODERATE,0.09,TRUE_NEGATIVE
30,2013,1,WINTER,0,0.013910991,0.013910991,LOW,0,LOW,0.09,TRUE_NEGATIVE
31,2013,1,WINTER,0,0.02173488,0.02173488,LOW,0,LOW,0.09,TRUE_NEGATIVE
32,2013,1,WINTER,0,0.014642869,0.014642869,LOW,0,LOW,0.09,TRUE_NEGATIVE
33,2013,1,WINTER,0,0.01661918,0.01661918,LOW,0,LOW,0.09,TRUE_NEGATIVE
34,2013,1,WINTER,0,0.0084279915,0.0084279915,LOW,0,LOW,0.09,TRUE_NEGATIVE
35,2013,1,WINTER,0,0.0073454375,0.0073454375,LOW,0,LOW,0.09,TRUE_NEGATIVE
0,2013,11,POST_MONSOON,0,0.04491811,0.04491811,LOW,0,LOW,0.09,TRUE_NEGATIVE
1,2013,11,POST_MONSOON,0,0.025169183,0.025169183,LOW,0,LOW,0.09,TRUE_NEGATIVE
2,2013,11,POST_MONSOON,0,0.04110207,0.04110207,LOW,0,LOW,0.09,TRUE_NEGATIVE
3,2013,11,POST_MONSOON,0,0.008841407,0.008841407,LOW,0,LOW,0.09,TRUE_NEGATIVE
4,2013,11,POST_MONSOON,0,0.007041563,0.007041563,LOW,0,LOW,0.09,TRUE_NEGATIVE
5,2013,11,POST_MONSOON,0,0.022367397,0.022367397,LOW,0,LOW,0.09,TRUE_NEGATIVE
6,2013,11,POST_MONSOON,0,0.022744887,0.022744887,LOW,0,LOW,0.09,TRUE_NEGATIVE
7,2013,11,POST_MONSOON,0,0.005938783,0.005938783,LOW,0,LOW,0.09,TRUE_NEGATIVE
8,2013,11,POST_MONSOON,0,0.006618204,0.006618204,LOW,0,LOW,0.09,TRUE_NEGATIVE
9,2013,11,POST_MONSOON,0,0.0063837916,0.0063837916,LOW,0,LOW,0.09,TRUE_NEGATIVE
10,2013,11,POST_MONSOON,0,0.006821066,0.006821066,LOW,0,LOW,0.09,TRUE_NEGATIVE
11,2013,11,POST_MONSOON,0,0.005971869,0.005971869,LOW,0,LOW,0.09,TRUE_NEGATIVE
12,2013,11,POST_MONSOON,0,0.006754231,0.006754231,LOW,0,LOW,0.09,TRUE_NEGATIVE
13,2013,11,POST_MONSOON,0,0.0071881507,0.0071881507,LOW,0,LOW,0.09,TRUE_NEGATIVE
14,2013,11,POST_MONSOON,0,0.017214011,0.017214011,LOW,0,LOW,0.09,TRUE_NEGATIVE
15,2013,11,POST_MONSOON,0,0.006557095,0.006557095,LOW,0,LOW,0.09,TRUE_NEGATIVE
16,2013,11,POST_MONSOON,0,0.047436215,0.047436215,LOW,0,LOW,0.09,TRUE_NEGATIVE
17,2013,11,POST_MONSOON,0,0.013182702,0.013182702,LOW,0,LOW,0.09,TRUE_NEGATIVE
18,2013,11,POST_MONSOON,0,0.0062732343,0.0062732343,LOW,0,LOW,0.09,TRUE_NEGATIVE
19,2013,11,POST_MONSOON,0,0.007746178,0.007746178,LOW,0,LOW,0.09,TRUE_NEGATIVE
20,2013,11,POST_MONSOON,0,0.007881299,0.007881299,LOW,0,LOW,0.09,TRUE_NEGATIVE
21,2013,11,POST_MONSOON,0,0.016695675,0.016695675,LOW,0,LOW,0.09,TRUE_NEGATIVE
22,2013,11,POST_MONSOON,0,0.011139233,0.011139233,LOW,0,LOW,0.09,TRUE_NEGATIVE
23,2013,11,POST_MONSOON,0,0.0061227554,0.0061227554,LOW,0,LOW,0.09,TRUE_NEGATIVE
24,2013,11,POST_MONSOON,0,0.0070871175,0.0070871175,LOW,0,LOW,0.09,TRUE_NEGATIVE
25,2013,11,POST_MONSOON,0,0.01530039,0.01530039,LOW,0,LOW,0.09,TRUE_NEGATIVE
26,2013,11,POST_MONSOON,0,0.007537807,0.007537807,LOW,0,LOW,0.09,TRUE_NEGATIVE
27,2013,11,POST_MONSOON,0,0.008491179,0.008491179,LOW,0,LOW,0.09,TRUE_NEGATIVE
28,2013,11,POST_MONSOON,0,0.012611464,0.012611464,LOW,0,LOW,0.09,TRUE_NEGATIVE
29,2013,11,POST_MONSOON,0,0.015367426,0.015367426,LOW,0,LOW,0.09,TRUE_NEGATIVE
30,2013,11,POST_MONSOON,0,0.005586745,0.005586745,LOW,0,LOW,0.09,TRUE_NEGATIVE
31,2013,11,POST_MONSOON,0,0.006138517,0.006138517,LOW,0,LOW,0.09,TRUE_NEGATIVE
32,2013,11,POST_MONSOON,0,0.0054455157,0.0054455157,LOW,0,LOW,0.09,TRUE_NEGATIVE
33,2013,11,POST_MONSOON,0,0.005341586,0.005341586,LOW,0,LOW,0.09,TRUE_NEGATIVE
34,2013,11,POST_MONSOON,0,0.0059136134,0.0059136134,LOW,0,LOW,0.09,TRUE_NEGATIVE
35,2013,11,POST_MONSOON,0,0.005492631,0.005492631,LOW,0,LOW,0.09,TRUE_NEGATIVE
0,2013,10,POST_MONSOON,0,0.013172806,0.013172806,LOW,0,LOW,0.09,TRUE_NEGATIVE
1,2013,10,POST_MONSOON,0,0.0070307082,0.0070307082,LOW,0,LOW,0.09,TRUE_NEGATIVE
2,2013,10,POST_MONSOON,0,0.006181075,0.006181075,LOW,0,LOW,0.09,TRUE_NEGATIVE
3,2013,10,POST_MONSOON,0,0.005698173,0.005698173,LOW,0,LOW,0.09,TRUE_NEGATIVE
4,2013,10,POST_MONSOON,0,0.005118576,0.005118576,LOW,0,LOW,0.09,TRUE_NEGATIVE
5,2013,10,POST_MONSOON,0,0.0093427915,0.0093427915,LOW,0,LOW,0.09,TRUE_NEGATIVE
6,2013,10,POST_MONSOON,0,0.006100273,0.006100273,LOW,0,LOW,0.09,TRUE_NEGATIVE
7,2013,10,POST_MONSOON,0,0.0052986396,0.0052986396,LOW,0,LOW,0.09,TRUE_NEGATIVE
8,2013,10,POST_MONSOON,0,0.0050039436,0.0050039436,LOW,0,LOW,0.09,TRUE_NEGATIVE
9,2013,10,POST_MONSOON,0,0.0051968866,0.0051968866,LOW,0,LOW,0.09,TRUE_NEGATIVE
10,2013,10,POST_MONSOON,0,0.0062364107,0.0062364107,LOW,0,LOW,0.09,TRUE_NEGATIVE
11,2013,10,POST_MONSOON,0,0.0049437545,0.0049437545,LOW,0,LOW,0.09,TRUE_NEGATIVE
12,2013,10,POST_MONSOON,0,0.004906297,0.004906297,LOW,0,LOW,0.09,TRUE_NEGATIVE
13,2013,10,POST_MONSOON,0,0.006772589,0.006772589,LOW,0,LOW,0.09,TRUE_NEGATIVE
14,2013,10,POST_MONSOON,0,0.010891505,0.010891505,LOW,0,LOW,0.09,TRUE_NEGATIVE
15,2013,10,POST_MONSOON,0,0.00543683,0.00543683,LOW,0,LOW,0.09,TRUE_NEGATIVE
16,2013,10,POST_MONSOON,0,0.02240353,0.02240353,LOW,0,LOW,0.09,TRUE_NEGATIVE
17,2013,10,POST_MONSOON,0,0.005792168,0.005792168,LOW,0,LOW,0.09,TRUE_NEGATIVE
18,2013,10,POST_MONSOON,0,0.0053095627,0.0053095627,LOW,0,LOW,0.09,TRUE_NEGATIVE
19,2013,10,POST_MONSOON,0,0.0051035383,0.0051035383,LOW,0,LOW,0.09,TRUE_NEGATIVE
20,2013,10,POST_MONSOON,0,0.0051394114,0.0051394114,LOW,0,LOW,0.09,TRUE_NEGATIVE
21,2013,10,POST_MONSOON,0,0.005299655,0.005299655,LOW,0,LOW,0.09,TRUE_NEGATIVE
22,2013,10,POST_MONSOON,0,0.0056372397,0.0056372397,LOW,0,LOW,0.09,TRUE_NEGATIVE
23,2013,10,POST_MONSOON,0,0.0056636585,0.0056636585,LOW,0,LOW,0.09,TRUE_NEGATIVE
24,2013,10,POST_MONSOON,0,0.0050927442,0.0050927442,LOW,0,LOW,0.09,TRUE_NEGATIVE
25,2013,10,POST_MONSOON,0,0.0073097367,0.0073097367,LOW,0,LOW,0.09,TRUE_NEGATIVE
26,2013,10,POST_MONSOON,0,0.0049674865,0.0049674865,LOW,0,LOW,0.09,TRUE_NEGATIVE
27,2013,10,POST_MONSOON,0,0.005205969,0.005205969,LOW,0,LOW,0.09,TRUE_NEGATIVE
28,2013,10,POST_MONSOON,0,0.0054206774,0.0054206774,LOW,0,LOW,0.09,TRUE_NEGATIVE
29,2013,10,POST_MONSOON,0,0.0078033707,0.0078033707,LOW,0,LOW,0.09,TRUE_NEGATIVE
30,2013,10,POST_MONSOON,0,0.004833521,0.004833521,LOW,0,LOW,0.09,TRUE_NEGATIVE
31,2013,10,POST_MONSOON,0,0.0048812395,0.0048812395,LOW,0,LOW,0.09,TRUE_NEGATIVE
32,2013,10,POST_MONSOON,0,0.0049056993,0.0049056993,LOW,0,LOW,0.09,TRUE_NEGATIVE
33,2013,10,POST_MONSOON,0,0.0047979164,0.0047979164,LOW,0,LOW,0.09,TRUE_NEGATIVE
34,2013,10,POST_MONSOON,0,0.0047484753,0.0047484753,LOW,0,LOW,0.09,TRUE_NEGATIVE
35,2013,10,POST_MONSOON,0,0.004772986,0.004772986,LOW,0,LOW,0.09,TRUE_NEGATIVE
0,2013,9,MONSOON,0,0.0064084777,0.0064084777,LOW,0,LOW,0.09,TRUE_NEGATIVE
1,2013,9,MONSOON,0,0.0066693667,0.0066693667,LOW,0,LOW,0.09,TRUE_NEGATIVE
2,2013,9,MONSOON,0,0.0065996153,0.0065996153,LOW,0,LOW,0.09,TRUE_NEGATIVE
3,2013,9,MONSOON,0,0.0049963025,0.0049963025,LOW,0,LOW,0.09,TRUE_NEGATIVE
4,2013,9,MONSOON,0,0.0052387347,0.0052387347,LOW,0,LOW,0.09,TRUE_NEGATIVE
5,2013,9,MONSOON,0,0.00521456,0.00521456,LOW,0,LOW,0.09,TRUE_NEGATIVE
6,2013,9,MONSOON,0,0.005381864,0.005381864,LOW,0,LOW,0.09,TRUE_NEGATIVE
7,2013,9,MONSOON,0,0.004994428,0.004994428,LOW,0,LOW,0.09,TRUE_NEGATIVE
8,2013,9,MONSOON,0,0.00498673,0.00498673,LOW,0,LOW,0.09,TRUE_NEGATIVE
9,2013,9,MONSOON,0,0.0049149254,0.0049149254,LOW,0,LOW,0.09,TRUE_NEGATIVE
10,2013,9,MONSOON,0,0.0059663462,0.0059663462,LOW,0,LOW,0.09,TRUE_NEGATIVE
11,2013,9,MONSOON,0,0.004843837,0.004843837,LOW,0,LOW,0.09,TRUE_NEGATIVE
12,2013,9,MONSOON,0,0.0050720493,0.0050720493,LOW,0,LOW,0.09,TRUE_NEGATIVE
13,2013,9,MONSOON,0,0.013579141,0.013579141,LOW,0,LOW,0.09,TRUE_NEGATIVE
14,2013,9,MONSOON,0,0.027242754,0.027242754,LOW,0,LOW,0.09,TRUE_NEGATIVE
15,2013,9,MONSOON,0,0.004976668,0.004976668,LOW,0,LOW,0.09,TRUE_NEGATIVE
16,2013,9,MONSOON,0,0.0060219574,0.0060219574,LOW,0,LOW,0.09,TRUE_NEGATIVE
17,2013,9,MONSOON,0,0.0058202795,0.0058202795,LOW,0,LOW,0.09,TRUE_NEGATIVE
18,2013,9,MONSOON,0,0.0054458594,0.0054458594,LOW,0,LOW,0.09,TRUE_NEGATIVE
19,2013,9,MONSOON,0,0.005383176,0.005383176,LOW,0,LOW,0.09,TRUE_NEGATIVE
20,2013,9,MONSOON,0,0.005160622,0.005160622,LOW,0,LOW,0.09,TRUE_NEGATIVE
21,2013,9,MONSOON,0,0.005528402,0.005528402,LOW,0,LOW,0.09,TRUE_NEGATIVE
22,2013,9,MONSOON,0,0.0054390067,0.0054390067,LOW,0,LOW,0.09,TRUE_NEGATIVE
23,2013,9,MONSOON,0,0.005405154,0.005405154,LOW,0,LOW,0.09,TRUE_NEGATIVE
24,2013,9,MONSOON,0,0.0049527166,0.0049527166,LOW,0,LOW,0.09,TRUE_NEGATIVE
25,2013,9,MONSOON,0,0.0058701755,0.0058701755,LOW,0,LOW,0.09,TRUE_NEGATIVE
26,2013,9,MONSOON,0,0.004811177,0.004811177,LOW,0,LOW,0.09,TRUE_NEGATIVE
27,2013,9,MONSOON,0,0.005449787,0.005449787,LOW,0,LOW,0.09,TRUE_NEGATIVE
28,2013,9,MONSOON,0,0.005341401,0.005341401,LOW,0,LOW,0.09,TRUE_NEGATIVE
29,2013,9,MONSOON,0,0.0065800734,0.0065800734,LOW,0,LOW,0.09,TRUE_NEGATIVE
30,2013,9,MONSOON,0,0.0047549494,0.0047549494,LOW,0,LOW,0.09,TRUE_NEGATIVE
31,2013,9,MONSOON,0,0.005047128,0.005047128,LOW,0,LOW,0.09,TRUE_NEGATIVE
32,2013,9,MONSOON,0,0.0049549704,0.0049549704,LOW,0,LOW,0.09,TRUE_NEGATIVE
33,2013,9,MONSOON,0,0.0046940995,0.0046940995,LOW,0,LOW,0.09,TRUE_NEGATIVE
34,2013,9,MONSOON,0,0.004786773,0.004786773,LOW,0,LOW,0.09,TRUE_NEGATIVE
35,2013,9,MONSOON,0,0.004837291,0.004837291,LOW,0,LOW,0.09,TRUE_NEGATIVE
0,2013,2,WINTER,0,0.006795047,0.006795047,LOW,0,LOW,0.09,TRUE_NEGATIVE
1,2013,2,WINTER,0,0.008965299,0.008965299,LOW,0,LOW,0.09,TRUE_NEGATIVE
2,2013,2,WINTER,0,0.008692451,0.008692451,LOW,0,LOW,0.09,TRUE_NEGATIVE
3,2013,2,WINTER,0,0.00507468,0.00507468,LOW,0,LOW,0.09,TRUE_NEGATIVE
4,2013,2,WINTER,0,0.0048357486,0.0048357486,LOW,0,LOW,0.09,TRUE_NEGATIVE
5,2013,2,WINTER,0,0.004838322,0.004838322,LOW,0,LOW,0.09,TRUE_NEGATIVE
6,2013,2,WINTER,0,0.0052911025,0.0052911025,LOW,0,LOW,0.09,TRUE_NEGATIVE
7,2013,2,WINTER,0,0.005171478,0.005171478,LOW,0,LOW,0.09,TRUE_NEGATIVE
8,2013,2,WINTER,0,0.005052912,0.005052912,LOW,0,LOW,0.09,TRUE_NEGATIVE
9,2013,2,WINTER,0,0.005143121,0.005143121,LOW,0,LOW,0.09,TRUE_NEGATIVE
10,2013,2,WINTER,0,0.0053491867,0.0053491867,LOW,0,LOW,0.09,TRUE_NEGATIVE
11,2013,2,WINTER,0,0.0048569147,0.0048569147,LOW,0,LOW,0.09,TRUE_NEGATIVE
12,2013,2,WINTER,0,0.005037361,0.005037361,LOW,0,LOW,0.09,TRUE_NEGATIVE
13,2013,2,WINTER,0,0.02156528,0.02156528,LOW,0,LOW,0.09,TRUE_NEGATIVE
14,2013,2,WINTER,0,0.02370006,0.02370006,LOW,0,LOW,0.09,TRUE_NEGATIVE
15,2013,2,WINTER,0,0.005014941,0.005014941,LOW,0,LOW,0.09,TRUE_NEGATIVE
16,2013,2,WINTER,0,0.006479798,0.006479798,LOW,0,LOW,0.09,TRUE_NEGATIVE
17,2013,2,WINTER,0,0.005420459,0.005420459,LOW,0,LOW,0.09,TRUE_NEGATIVE
18,2013,2,WINTER,0,0.00874569,0.00874569,LOW,0,LOW,0.09,TRUE_NEGATIVE
19,2013,2,WINTER,0,0.0050436766,0.0050436766,LOW,0,LOW,0.09,TRUE_NEGATIVE
20,2013,2,WINTER,0,0.005031447,0.005031447,LOW,0,LOW,0.09,TRUE_NEGATIVE
21,2013,2,WINTER,0,0.0079812035,0.0079812035,LOW,0,LOW,0.09,TRUE_NEGATIVE
22,2013,2,WINTER,0,0.004990619,0.004990619,LOW,0,LOW,0.09,TRUE_NEGATIVE
23,2013,2,WINTER,0,0.0049906257,0.0049906257,LOW,0,LOW,0.09,TRUE_NEGATIVE
24,2013,2,WINTER,0,0.0051828194,0.0051828194,LOW,0,LOW,0.09,TRUE_NEGATIVE
25,2013,2,WINTER,0,0.0057906085,0.0057906085,LOW,0,LOW,0.09,TRUE_NEGATIVE
26,2013,2,WINTER,0,0.004933725,0.004933725,LOW,0,LOW,0.09,TRUE_NEGATIVE
27,2013,2,WINTER,0,0.005821444,0.005821444,LOW,0,LOW,0.09,TRUE_NEGATIVE
28,2013,2,WINTER,0,0.005509501,0.005509501,LOW,0,LOW,0.09,TRUE_NEGATIVE
29,2013,2,WINTER,0,0.005573045,0.005573045,LOW,0,LOW,0.09,TRUE_NEGATIVE
30,2013,2,WINTER,0,0.004715593,0.004715593,LOW,0,LOW,0.09,TRUE_NEGATIVE
31,2013,2,WINTER,0,0.0062793903,0.0062793903,LOW,0,LOW,0.09,TRUE_NEGATIVE
32,2013,2,WINTER,0,0.0047766706,0.0047766706,LOW,0,LOW,0.09,TRUE_NEGATIVE
33,2013,2,WINTER,0,0.0048138173,0.0048138173,LOW,0,LOW,0.09,TRUE_NEGATIVE
34,2013,2,WINTER,0,0.004882291,0.004882291,LOW,0,LOW,0.09,TRUE_NEGATIVE
35,2013,2,WINTER,0,0.004895523,0.004895523,LOW,0,LOW,0.09,TRUE_NEGATIVE
0,2014,4,PRE_MONSOON,0,0.0063623916,0.0063623916,LOW,0,LOW,0.09,TRUE_NEGATIVE
1,2014,4,PRE_MONSOON,1,0.03755229,0.03755229,LOW,0,LOW,0.09,FALSE_NEGATIVE
2,2014,4,PRE_MONSOON,1,0.033215377,0.033215377,LOW,0,LOW,0.09,FALSE_NEGATIVE
3,2014,4,PRE_MONSOON,0,0.0058963127,0.0058963127,LOW,0,LOW,0.09,TRUE_NEGATIVE
4,2014,4,PRE_MONSOON,0,0.006969783,0.006969783,LOW,0,LOW,0.09,TRUE_NEGATIVE
5,2014,4,PRE_MONSOON,0,0.0059132576,0.0059132576,LOW,0,LOW,0.09,TRUE_NEGATIVE
6,2014,4,PRE_MONSOON,0,0.005368521,0.005368521,LOW,0,LOW,0.09,TRUE_NEGATIVE
7,2014,4,PRE_MONSOON,0,0.007881754,0.007881754,LOW,0,LOW,0.09,TRUE_NEGATIVE
8,2014,4,PRE_MONSOON,0,0.005346366,0.005346366,LOW,0,LOW,0.09,TRUE_NEGATIVE
9,2014,4,PRE_MONSOON,0,0.010925743,0.010925743,LOW,0,LOW,0.09,TRUE_NEGATIVE
10,2014,4,PRE_MONSOON,0,0.010361344,0.010361344,LOW,0,LOW,0.09,TRUE_NEGATIVE
11,2014,4,PRE_MONSOON,0,0.0050500073,0.0050500073,LOW,0,LOW,0.09,TRUE_NEGATIVE
12,2014,4,PRE_MONSOON,0,0.00574872,0.00574872,LOW,0,LOW,0.09,TRUE_NEGATIVE
13,2014,4,PRE_MONSOON,0,0.039816007,0.039816007,LOW,0,LOW,0.09,TRUE_NEGATIVE
14,2014,4,PRE_MONSOON,0,0.019674815,0.019674815,LOW,0,LOW,0.09,TRUE_NEGATIVE
15,2014,4,PRE_MONSOON,0,0.0071911933,0.0071911933,LOW,0,LOW,0.09,TRUE_NEGATIVE
16,2014,4,PRE_MONSOON,0,0.0066621844,0.0066621844,LOW,0,LOW,0.09,TRUE_NEGATIVE
17,2014,4,PRE_MONSOON,0,0.0063929204,0.0063929204,LOW,0,LOW,0.09,TRUE_NEGATIVE
18,2014,4,PRE_MONSOON,0,0.0101342,0.0101342,LOW,0,LOW,0.09,TRUE_NEGATIVE
19,2014,4,PRE_MONSOON,0,0.006133434,0.006133434,LOW,0,LOW,0.09,TRUE_NEGATIVE
20,2014,4,PRE_MONSOON,0,0.0058080168,0.0058080168,LOW,0,LOW,0.09,TRUE_NEGATIVE
21,2014,4,PRE_MONSOON,1,0.016275248,0.016275248,LOW,0,LOW,0.09,FALSE_NEGATIVE
22,2014,4,PRE_MONSOON,0,0.0055134767,0.0055134767,LOW,0,LOW,0.09,TRUE_NEGATIVE
23,2014,4,PRE_MONSOON,0,0.009354304,0.009354304,LOW,0,LOW,0.09,TRUE_NEGATIVE
24,2014,4,PRE_MONSOON,0,0.0063919537,0.0063919537,LOW,0,LOW,0.09,TRUE_NEGATIVE
25,2014,4,PRE_MONSOON,0,0.0052247904,0.0052247904,LOW,0,LOW,0.09,TRUE_NEGATIVE
26,2014,4,PRE_MONSOON,0,0.005029955,0.005029955,LOW,0,LOW,0.09,TRUE_NEGATIVE
27,2014,4,PRE_MONSOON,0,0.009120995,0.009120995,LOW,0,LOW,0.09,TRUE_NEGATIVE
28,2014,4,PRE_MONSOON,0,0.06521729,0.06521729,MODERATE,0,MODERATE,0.09,TRUE_NEGATIVE
29,2014,4,PRE_MONSOON,0,0.005372693,0.005372693,LOW,0,LOW,0.09,TRUE_NEGATIVE
30,2014,4,PRE_MONSOON,0,0.0049538654,0.0049538654,LOW,0,LOW,0.09,TRUE_NEGATIVE
31,2014,4,PRE_MONSOON,0,0.0076320223,0.0076320223,LOW,0,LOW,0.09,TRUE_NEGATIVE
32,2014,4,PRE_MONSOON,0,0.005210814,0.005210814,LOW,0,LOW,0.09,TRUE_NEGATIVE
33,2014,4,PRE_MONSOON,0,0.005231501,0.005231501,LOW,0,LOW,0.09,TRUE_NEGATIVE
34,2014,4,PRE_MONSOON,0,0.0055135866,0.0055135866,LOW,0,LOW,0.09,TRUE_NEGATIVE
35,2014,4,PRE_MONSOON,0,0.0067729033,0.0067729033,LOW,0,LOW,0.09,TRUE_NEGATIVE
0,2014,3,PRE_MONSOON,0,0.008941174,0.008941174,LOW,0,LOW,0.09,TRUE_NEGATIVE
1,2014,3,PRE_MONSOON,1,0.035548165,0.035548165,LOW,0,LOW,0.09,FALSE_NEGATIVE
2,2014,3,PRE_MONSOON,1,0.031858616,0.031858616,LOW,0,LOW,0.09,FALSE_NEGATIVE
3,2014,3,PRE_MONSOON,0,0.014001434,0.014001434,LOW,0,LOW,0.09,TRUE_NEGATIVE
4,2014,3,PRE_MONSOON,0,0.009983047,0.009983047,LOW,0,LOW,0.09,TRUE_NEGATIVE
5,2014,3,PRE_MONSOON,0,0.006274575,0.006274575,LOW,0,LOW,0.09,TRUE_NEGATIVE
6,2014,3,PRE_MONSOON,0,0.0057841195,0.0057841195,LOW,0,LOW,0.09,TRUE_NEGATIVE
7,2014,3,PRE_MONSOON,0,0.014371545,0.014371545,LOW,0,LOW,0.09,TRUE_NEGATIVE
8,2014,3,PRE_MONSOON,0,0.0058190105,0.0058190105,LOW,0,LOW,0.09,TRUE_NEGATIVE
9,2014,3,PRE_MONSOON,0,0.009141116,0.009141116,LOW,0,LOW,0.09,TRUE_NEGATIVE
10,2014,3,PRE_MONSOON,0,0.024612257,0.024612257,LOW,0,LOW,0.09,TRUE_NEGATIVE
11,2014,3,PRE_MONSOON,0,0.005530072,0.005530072,LOW,0,LOW,0.09,TRUE_NEGATIVE
12,2014,3,PRE_MONSOON,0,0.0055787824,0.0055787824,LOW,0,LOW,0.09,TRUE_NEGATIVE
13,2014,3,PRE_MONSOON,0,0.02591286,0.02591286,LOW,0,LOW,0.09,TRUE_NEGATIVE
14,2014,3,PRE_MONSOON,0,0.031730555,0.031730555,LOW,0,LOW,0.09,TRUE_NEGATIVE
15,2014,3,PRE_MONSOON,0,0.010623087,0.010623087,LOW,0,LOW,0.09,TRUE_NEGATIVE
16,2014,3,PRE_MONSOON,0,0.023539323,0.023539323,LOW,0,LOW,0.09,TRUE_NEGATIVE
17,2014,3,PRE_MONSOON,0,0.007685124,0.007685124,LOW,0,LOW,0.09,TRUE_NEGATIVE
18,2014,3,PRE_MONSOON,0,0.01029291,0.01029291,LOW,0,LOW,0.09,TRUE_NEGATIVE
19,2014,3,PRE_MONSOON,0,0.007939508,0.007939508,LOW,0,LOW,0.09,TRUE_NEGATIVE
20,2014,3,PRE_MONSOON,0,0.0077103027,0.0077103027,LOW,0,LOW,0.09,TRUE_NEGATIVE
21,2014,3,PRE_MONSOON,1,0.019232666,0.019232666,LOW,0,LOW,0.09,FALSE_NEGATIVE
22,2014,3,PRE_MONSOON,0,0.006597624,0.006597624,LOW,0,LOW,0.09,TRUE_NEGATIVE
23,2014,3,PRE_MONSOON,0,0.012920613,0.012920613,LOW,0,LOW,0.09,TRUE_NEGATIVE
24,2014,3,PRE_MONSOON,0,0.007106078,0.007106078,LOW,0,LOW,0.09,TRUE_NEGATIVE
25,2014,3,PRE_MONSOON,0,0.005589845,0.005589845,LOW,0,LOW,0.09,TRUE_NEGATIVE
26,2014,3,PRE_MONSOON,0,0.0055952896,0.0055952896,LOW,0,LOW,0.09,TRUE_NEGATIVE
27,2014,3,PRE_MONSOON,0,0.019061921,0.019061921,LOW,0,LOW,0.09,TRUE_NEGATIVE
28,2014,3,PRE_MONSOON,0,0.11960376,0.11960376,HIGH,1,HIGH,0.09,FALSE_POSITIVE
29,2014,3,PRE_MONSOON,0,0.005299785,0.005299785,LOW,0,LOW,0.09,TRUE_NEGATIVE
30,2014,3,PRE_MONSOON,0,0.005301749,0.005301749,LOW,0,LOW,0.09,TRUE_NEGATIVE
31,2014,3,PRE_MONSOON,0,0.008099359,0.008099359,LOW,0,LOW,0.09,TRUE_NEGATIVE
32,2014,3,PRE_MONSOON,0,0.005951732,0.005951732,LOW,0,LOW,0.09,TRUE_NEGATIVE
33,2014,3,PRE_MONSOON,0,0.005629029,0.005629029,LOW,0,LOW,0.09,TRUE_NEGATIVE
34,2014,3,PRE_MONSOON,0,0.0052010296,0.0052010296,LOW,0,LOW,0.09,TRUE_NEGATIVE
35,2014,3,PRE_MONSOON,0,0.0060991747,0.0060991747,LOW,0,LOW,0.09,TRUE_NEGATIVE
0,2014,7,MONSOON,0,0.024260307,0.024260307,LOW,0,LOW,0.09,TRUE_NEGATIVE
1,2014,7,MONSOON,1,0.030575942,0.030575942,LOW,0,LOW,0.09,FALSE_NEGATIVE
2,2014,7,MONSOON,1,0.10531041,0.10531041,HIGH,1,HIGH,0.09,TRUE_POSITIVE
3,2014,7,MONSOON,0,0.03342813,0.03342813,LOW,0,LOW,0.09,TRUE_NEGATIVE
4,2014,7,MONSOON,0,0.04500751,0.04500751,LOW,0,LOW,0.09,TRUE_NEGATIVE
5,2014,7,MONSOON,1,0.022365203,0.022365203,LOW,0,LOW,0.09,FALSE_NEGATIVE
6,2014,7,MONSOON,1,0.042786606,0.042786606,LOW,0,LOW,0.09,FALSE_NEGATIVE
7,2014,7,MONSOON,0,0.064458676,0.064458676,MODERATE,0,MODERATE,0.09,TRUE_NEGATIVE
8,2014,7,MONSOON,0,0.011247912,0.011247912,LOW,0,LOW,0.09,TRUE_NEGATIVE
9,2014,7,MONSOON,0,0.027754573,0.027754573,LOW,0,LOW,0.09,TRUE_NEGATIVE
10,2014,7,MONSOON,0,0.066816844,0.066816844,MODERATE,0,MODERATE,0.09,TRUE_NEGATIVE
11,2014,7,MONSOON,0,0.010657548,0.010657548,LOW,0,LOW,0.09,TRUE_NEGATIVE
12,2014,7,MONSOON,0,0.0066122473,0.0066122473,LOW,0,LOW,0.09,TRUE_NEGATIVE
13,2014,7,MONSOON,0,0.029676331,0.029676331,LOW,0,LOW,0.09,TRUE_NEGATIVE
14,2014,7,MONSOON,0,0.035803396,0.035803396,LOW,0,LOW,0.09,TRUE_NEGATIVE
15,2014,7,MONSOON,0,0.023170484,0.023170484,LOW,0,LOW,0.09,TRUE_NEGATIVE
16,2014,7,MONSOON,0,0.080229774,0.080229774,MODERATE,0,MODERATE,0.09,TRUE_NEGATIVE
17,2014,7,MONSOON,1,0.07119511,0.07119511,MODERATE,0,MODERATE,0.09,FALSE_NEGATIVE
18,2014,7,MONSOON,0,0.023253966,0.023253966,LOW,0,LOW,0.09,TRUE_NEGATIVE
19,2014,7,MONSOON,1,0.04391047,0.04391047,LOW,0,LOW,0.09,FALSE_NEGATIVE
20,2014,7,MONSOON,1,0.045965455,0.045965455,LOW,0,LOW,0.09,FALSE_NEGATIVE
21,2014,7,MONSOON,1,0.0804534,0.0804534,MODERATE,0,MODERATE,0.09,FALSE_NEGATIVE
22,2014,7,MONSOON,1,0.03232387,0.03232387,LOW,0,LOW,0.09,FALSE_NEGATIVE
23,2014,7,MONSOON,1,0.04192969,0.04192969,LOW,0,LOW,0.09,FALSE_NEGATIVE
24,2014,7,MONSOON,0,0.013735872,0.013735872,LOW,0,LOW,0.09,TRUE_NEGATIVE
25,2014,7,MONSOON,0,0.01840888,0.01840888,LOW,0,LOW,0.09,TRUE_NEGATIVE
26,2014,7,MONSOON,0,0.009471428,0.009471428,LOW,0,LOW,0.09,TRUE_NEGATIVE
27,2014,7,MONSOON,0,0.0691884,0.0691884,MODERATE,0,MODERATE,0.09,TRUE_NEGATIVE
28,2014,7,MONSOON,0,0.14858128,0.14858128,HIGH,1,HIGH,0.09,FALSE_POSITIVE
29,2014,7,MONSOON,0,0.011695312,0.011695312,LOW,0,LOW,0.09,TRUE_NEGATIVE
30,2014,7,MONSOON,0,0.030798826,0.030798826,LOW,0,LOW,0.09,TRUE_NEGATIVE
31,2014,7,MONSOON,0,0.026022952,0.026022952,LOW,0,LOW,0.09,TRUE_NEGATIVE
32,2014,7,MONSOON,0,0.048681837,0.048681837,LOW,0,LOW,0.09,TRUE_NEGATIVE
33,2014,7,MONSOON,0,0.022815809,0.022815809,LOW,0,LOW,0.09,TRUE_NEGATIVE
34,2014,7,MONSOON,0,0.006527798,0.006527798,LOW,0,LOW,0.09,TRUE_NEGATIVE
35,2014,7,MONSOON,0,0.017975105,0.017975105,LOW,0,LOW,0.09,TRUE_NEGATIVE
0,2014,0,UNKNOWN,0,0.06419551,0.06419551,MODERATE,0,MODERATE,0.09,TRUE_NEGATIVE
1,2014,0,UNKNOWN,0,0.031127376,0.031127376,LOW,0,LOW,0.09,TRUE_NEGATIVE
2,2014,0,UNKNOWN,0,0.12561496,0.12561496,HIGH,1,HIGH,0.09,FALSE_POSITIVE
3,2014,0,UNKNOWN,0,0.080871075,0.080871075,MODERATE,0,MODERATE,0.09,TRUE_NEGATIVE
4,2014,0,UNKNOWN,0,0.097014904,0.097014904,ELEVATED,1,ELEVATED,0.09,FALSE_POSITIVE
5,2014,0,UNKNOWN,1,0.057628486,0.057628486,MODERATE,0,MODERATE,0.09,FALSE_NEGATIVE
6,2014,0,UNKNOWN,1,0.12004785,0.12004785,HIGH,1,HIGH,0.09,TRUE_POSITIVE
7,2014,0,UNKNOWN,0,0.07281753,0.07281753,MODERATE,0,MODERATE,0.09,TRUE_NEGATIVE
8,2014,0,UNKNOWN,0,0.031198192,0.031198192,LOW,0,LOW,0.09,TRUE_NEGATIVE
9,2014,0,UNKNOWN,0,0.060273103,0.060273103,MODERATE,0,MODERATE,0.09,TRUE_NEGATIVE
10,2014,0,UNKNOWN,0,0.055334825,0.055334825,MODERATE,0,MODERATE,0.09,TRUE_NEGATIVE
11,2014,0,UNKNOWN,0,0.036006972,0.036006972,LOW,0,LOW,0.09,TRUE_NEGATIVE
12,2014,0,UNKNOWN,0,0.028888172,0.028888172,LOW,0,LOW,0.09,TRUE_NEGATIVE
13,2014,0,UNKNOWN,0,0.04652323,0.04652323,LOW,0,LOW,0.09,TRUE_NEGATIVE
14,2014,0,UNKNOWN,0,0.049460914,0.049460914,LOW,0,LOW,0.09,TRUE_NEGATIVE
15,2014,0,UNKNOWN,0,0.033918783,0.033918783,LOW,0,LOW,0.09,TRUE_NEGATIVE
16,2014,0,UNKNOWN,0,0.09713804,0.09713804,ELEVATED,1,ELEVATED,0.09,FALSE_POSITIVE
17,2014,0,UNKNOWN,1,0.13084964,0.13084964,HIGH,1,HIGH,0.09,TRUE_POSITIVE
18,2014,0,UNKNOWN,0,0.122008964,0.122008964,HIGH,1,HIGH,0.09,FALSE_POSITIVE
19,2014,0,UNKNOWN,1,0.095421426,0.095421426,ELEVATED,1,ELEVATED,0.09,TRUE_POSITIVE
20,2014,0,UNKNOWN,1,0.086572476,0.086572476,MODERATE,0,MODERATE,0.09,FALSE_NEGATIVE
21,2014,0,UNKNOWN,0,0.10841815,0.10841815,HIGH,1,HIGH,0.09,FALSE_POSITIVE
22,2014,0,UNKNOWN,1,0.09455159,0.09455159,ELEVATED,1,ELEVATED,0.09,TRUE_POSITIVE
23,2014,0,UNKNOWN,1,0.07652327,0.07652327,MODERATE,0,MODERATE,0.09,FALSE_NEGATIVE
24,2014,0,UNKNOWN,0,0.04170229,0.04170229,LOW,0,LOW,0.09,TRUE_NEGATIVE
25,2014,0,UNKNOWN,0,0.08951675,0.08951675,MODERATE,0,MODERATE,0.09,TRUE_NEGATIVE
26,2014,0,UNKNOWN,0,0.01408341,0.01408341,LOW,0,LOW,0.09,TRUE_NEGATIVE
27,2014,0,UNKNOWN,0,0.13990352,0.13990352,HIGH,1,HIGH,0.09,FALSE_POSITIVE
28,2014,0,UNKNOWN,1,0.14960146,0.14960146,HIGH,1,HIGH,0.09,TRUE_POSITIVE
29,2014,0,UNKNOWN,0,0.054897618,0.054897618,MODERATE,0,MODERATE,0.09,TRUE_NEGATIVE
30,2014,0,UNKNOWN,0,0.083295345,0.083295345,MODERATE,0,MODERATE,0.09,TRUE_NEGATIVE
31,2014,0,UNKNOWN,0,0.06460427,0.06460427,MODERATE,0,MODERATE,0.09,TRUE_NEGATIVE
32,2014,0,UNKNOWN,0,0.09384106,0.09384106,ELEVATED,1,ELEVATED,0.09,FALSE_POSITIVE
33,2014,0,UNKNOWN,0,0.09299963,0.09299963,ELEVATED,1,ELEVATED,0.09,FALSE_POSITIVE
34,2014,0,UNKNOWN,0,0.011292535,0.011292535,LOW,0,LOW,0.09,TRUE_NEGATIVE
35,2014,0,UNKNOWN,0,0.051481996,0.051481996,MODERATE,0,MODERATE,0.09,TRUE_NEGATIVE
0,2014,8,MONSOON,0,0.091625415,0.091625415,ELEVATED,1,ELEVATED,0.09,FALSE_POSITIVE
1,2014,8,MONSOON,0,0.045136355,0.045136355,LOW,0,LOW,0.09,TRUE_NEGATIVE
2,2014,8,MONSOON,0,0.12916127,0.12916127,HIGH,1,HIGH,0.09,FALSE_POSITIVE
3,2014,8,MONSOON,0,0.12394843,0.12394843,HIGH,1,HIGH,0.09,FALSE_POSITIVE
4,2014,8,MONSOON,0,0.13046515,0.13046515,HIGH,1,HIGH,0.09,FALSE_POSITIVE
5,2014,8,MONSOON,1,0.11037836,0.11037836,HIGH,1,HIGH,0.09,TRUE_POSITIVE
6,2014,8,MONSOON,1,0.13771886,0.13771886,HIGH,1,HIGH,0.09,TRUE_POSITIVE
7,2014,8,MONSOON,0,0.11892848,0.11892848,HIGH,1,HIGH,0.09,FALSE_POSITIVE
8,2014,8,MONSOON,0,0.08689821,0.08689821,MODERATE,0,MODERATE,0.09,TRUE_NEGATIVE
9,2014,8,MONSOON,1,0.09767618,0.09767618,ELEVATED,1,ELEVATED,0.09,TRUE_POSITIVE
10,2014,8,MONSOON,0,0.106914945,0.106914945,HIGH,1,HIGH,0.09,FALSE_POSITIVE
11,2014,8,MONSOON,0,0.109839,0.109839,HIGH,1,HIGH,0.09,FALSE_POSITIVE
12,2014,8,MONSOON,0,0.051445533,0.051445533,MODERATE,0,MODERATE,0.09,TRUE_NEGATIVE
13,2014,8,MONSOON,0,0.06355011,0.06355011,MODERATE,0,MODERATE,0.09,TRUE_NEGATIVE
14,2014,8,MONSOON,0,0.055225194,0.055225194,MODERATE,0,MODERATE,0.09,TRUE_NEGATIVE
15,2014,8,MONSOON,0,0.09900187,0.09900187,ELEVATED,1,ELEVATED,0.09,FALSE_POSITIVE
16,2014,8,MONSOON,0,0.11456124,0.11456124,HIGH,1,HIGH,0.09,FALSE_POSITIVE
17,2014,8,MONSOON,1,0.15461488,0.15461488,CRITICAL,1,CRITICAL,0.09,TRUE_POSITIVE
18,2014,8,MONSOON,0,0.14910543,0.14910543,HIGH,1,HIGH,0.09,FALSE_POSITIVE
19,2014,8,MONSOON,1,0.122345634,0.122345634,HIGH,1,HIGH,0.09,TRUE_POSITIVE
20,2014,8,MONSOON,1,0.1181695,0.1181695,HIGH,1,HIGH,0.09,TRUE_POSITIVE
21,2014,8,MONSOON,0,0.13277704,0.13277704,HIGH,1,HIGH,0.09,FALSE_POSITIVE
22,2014,8,MONSOON,1,0.100914456,0.100914456,HIGH,1,HIGH,0.09,TRUE_POSITIVE
23,2014,8,MONSOON,1,0.13311152,0.13311152,HIGH,1,HIGH,0.09,TRUE_POSITIVE
24,2014,8,MONSOON,1,0.09187402,0.09187402,ELEVATED,1,ELEVATED,0.09,TRUE_POSITIVE
25,2014,8,MONSOON,0,0.110812545,0.110812545,HIGH,1,HIGH,0.09,FALSE_POSITIVE
26,2014,8,MONSOON,0,0.029429397,0.029429397,LOW,0,LOW,0.09,TRUE_NEGATIVE
27,2014,8,MONSOON,0,0.14631575,0.14631575,HIGH,1,HIGH,0.09,FALSE_POSITIVE
28,2014,8,MONSOON,1,0.15269022,0.15269022,CRITICAL,1,CRITICAL,0.09,TRUE_POSITIVE
29,2014,8,MONSOON,0,0.0857643,0.0857643,MODERATE,0,MODERATE,0.09,TRUE_NEGATIVE
30,2014,8,MONSOON,0,0.08722195,0.08722195,MODERATE,0,MODERATE,0.09,TRUE_NEGATIVE
31,2014,8,MONSOON,0,0.07306673,0.07306673,MODERATE,0,MODERATE,0.09,TRUE_NEGATIVE
32,2014,8,MONSOON,0,0.13296004,0.13296004,HIGH,1,HIGH,0.09,FALSE_POSITIVE
33,2014,8,MONSOON,0,0.13658696,0.13658696,HIGH,1,HIGH,0.09,FALSE_POSITIVE
34,2014,8,MONSOON,0,0.016949885,0.016949885,LOW,0,LOW,0.09,TRUE_NEGATIVE
35,2014,8,MONSOON,1,0.103895895,0.103895895,HIGH,1,HIGH,0.09,TRUE_POSITIVE
0,2014,6,MONSOON,0,0.10813197,0.10813197,HIGH,1,HIGH,0.09,FALSE_POSITIVE
1,2014,6,MONSOON,0,0.035472732,0.035472732,LOW,0,LOW,0.09,TRUE_NEGATIVE
2,2014,6,MONSOON,0,0.0861365,0.0861365,MODERATE,0,MODERATE,0.09,TRUE_NEGATIVE
3,2014,6,MONSOON,0,0.12529935,0.12529935,HIGH,1,HIGH,0.09,FALSE_POSITIVE
4,2014,6,MONSOON,0,0.15356557,0.15356557,CRITICAL,1,CRITICAL,0.09,FALSE_POSITIVE
5,2014,6,MONSOON,0,0.14685972,0.14685972,HIGH,1,HIGH,0.09,FALSE_POSITIVE
6,2014,6,MONSOON,0,0.13993613,0.13993613,HIGH,1,HIGH,0.09,FALSE_POSITIVE
7,2014,6,MONSOON,0,0.12406456,0.12406456,HIGH,1,HIGH,0.09,FALSE_POSITIVE
8,2014,6,MONSOON,0,0.100399405,0.100399405,HIGH,1,HIGH,0.09,FALSE_POSITIVE
9,2014,6,MONSOON,1,0.12288241,0.12288241,HIGH,1,HIGH,0.09,TRUE_POSITIVE
10,2014,6,MONSOON,0,0.10333533,0.10333533,HIGH,1,HIGH,0.09,FALSE_POSITIVE
11,2014,6,MONSOON,0,0.1078833,0.1078833,HIGH,1,HIGH,0.09,FALSE_POSITIVE
12,2014,6,MONSOON,0,0.052801173,0.052801173,MODERATE,0,MODERATE,0.09,TRUE_NEGATIVE
13,2014,6,MONSOON,0,0.06853993,0.06853993,MODERATE,0,MODERATE,0.09,TRUE_NEGATIVE
14,2014,6,MONSOON,0,0.10167489,0.10167489,HIGH,1,HIGH,0.09,FALSE_POSITIVE
15,2014,6,MONSOON,0,0.11075959,0.11075959,HIGH,1,HIGH,0.09,FALSE_POSITIVE
16,2014,6,MONSOON,0,0.11649664,0.11649664,HIGH,1,HIGH,0.09,FALSE_POSITIVE
17,2014,6,MONSOON,0,0.16493143,0.16493143,CRITICAL,1,CRITICAL,0.09,FALSE_POSITIVE
18,2014,6,MONSOON,0,0.11856325,0.11856325,HIGH,1,HIGH,0.09,FALSE_POSITIVE
19,2014,6,MONSOON,0,0.14728309,0.14728309,HIGH,1,HIGH,0.09,FALSE_POSITIVE
20,2014,6,MONSOON,0,0.14850384,0.14850384,HIGH,1,HIGH,0.09,FALSE_POSITIVE
21,2014,6,MONSOON,0,0.1372472,0.1372472,HIGH,1,HIGH,0.09,FALSE_POSITIVE
22,2014,6,MONSOON,0,0.15311198,0.15311198,CRITICAL,1,CRITICAL,0.09,FALSE_POSITIVE
23,2014,6,MONSOON,0,0.15449172,0.15449172,CRITICAL,1,CRITICAL,0.09,FALSE_POSITIVE
24,2014,6,MONSOON,1,0.09277305,0.09277305,ELEVATED,1,ELEVATED,0.09,TRUE_POSITIVE
25,2014,6,MONSOON,0,0.11002291,0.11002291,HIGH,1,HIGH,0.09,FALSE_POSITIVE
26,2014,6,MONSOON,0,0.049361665,0.049361665,LOW,0,LOW,0.09,TRUE_NEGATIVE
27,2014,6,MONSOON,0,0.1483482,0.1483482,HIGH,1,HIGH,0.09,FALSE_POSITIVE
28,2014,6,MONSOON,1,0.13006316,0.13006316,HIGH,1,HIGH,0.09,TRUE_POSITIVE
29,2014,6,MONSOON,0,0.09876805,0.09876805,ELEVATED,1,ELEVATED,0.09,FALSE_POSITIVE
30,2014,6,MONSOON,0,0.15047547,0.15047547,CRITICAL,1,CRITICAL,0.09,FALSE_POSITIVE
31,2014,6,MONSOON,0,0.11211982,0.11211982,HIGH,1,HIGH,0.09,FALSE_POSITIVE
32,2014,6,MONSOON,0,0.15376332,0.15376332,CRITICAL,1,CRITICAL,0.09,FALSE_POSITIVE
33,2014,6,MONSOON,0,0.1452992,0.1452992,HIGH,1,HIGH,0.09,FALSE_POSITIVE
34,2014,6,MONSOON,0,0.021864302,0.021864302,LOW,0,LOW,0.09,TRUE_NEGATIVE
35,2014,6,MONSOON,1,0.123040296,0.123040296,HIGH,1,HIGH,0.09,TRUE_POSITIVE
0,2014,5,PRE_MONSOON,0,0.10909229,0.10909229,HIGH,1,HIGH,0.09,FALSE_POSITIVE
1,2014,5,PRE_MONSOON,0,0.04288572,0.04288572,LOW,0,LOW,0.09,TRUE_NEGATIVE
2,2014,5,PRE_MONSOON,1,0.091485314,0.091485314,ELEVATED,1,ELEVATED,0.09,TRUE_POSITIVE
3,2014,5,PRE_MONSOON,0,0.08589969,0.08589969,MODERATE,0,MODERATE,0.09,TRUE_NEGATIVE
4,2014,5,PRE_MONSOON,0,0.11940428,0.11940428,HIGH,1,HIGH,0.09,FALSE_POSITIVE
5,2014,5,PRE_MONSOON,0,0.094247654,0.094247654,ELEVATED,1,ELEVATED,0.09,FALSE_POSITIVE
6,2014,5,PRE_MONSOON,0,0.10647328,0.10647328,HIGH,1,HIGH,0.09,FALSE_POSITIVE
7,2014,5,PRE_MONSOON,0,0.0799268,0.0799268,MODERATE,0,MODERATE,0.09,TRUE_NEGATIVE
8,2014,5,PRE_MONSOON,0,0.06225686,0.06225686,MODERATE,0,MODERATE,0.09,TRUE_NEGATIVE
9,2014,5,PRE_MONSOON,1,0.06720693,0.06720693,MODERATE,0,MODERATE,0.09,FALSE_NEGATIVE
10,2014,5,PRE_MONSOON,0,0.05703869,0.05703869,MODERATE,0,MODERATE,0.09,TRUE_NEGATIVE
11,2014,5,PRE_MONSOON,0,0.060451403,0.060451403,MODERATE,0,MODERATE,0.09,TRUE_NEGATIVE
12,2014,5,PRE_MONSOON,0,0.009262017,0.009262017,LOW,0,LOW,0.09,TRUE_NEGATIVE
13,2014,5,PRE_MONSOON,0,0.052799102,0.052799102,MODERATE,0,MODERATE,0.09,TRUE_NEGATIVE
14,2014,5,PRE_MONSOON,0,0.08988009,0.08988009,MODERATE,0,MODERATE,0.09,TRUE_NEGATIVE
15,2014,5,PRE_MONSOON,0,0.06135943,0.06135943,MODERATE,0,MODERATE,0.09,TRUE_NEGATIVE
16,2014,5,PRE_MONSOON,0,0.087868504,0.087868504,MODERATE,0,MODERATE,0.09,TRUE_NEGATIVE
17,2014,5,PRE_MONSOON,0,0.116227224,0.116227224,HIGH,1,HIGH,0.09,FALSE_POSITIVE
18,2014,5,PRE_MONSOON,0,0.09015706,0.09015706,ELEVATED,1,ELEVATED,0.09,FALSE_POSITIVE
19,2014,5,PRE_MONSOON,0,0.105605416,0.105605416,HIGH,1,HIGH,0.09,FALSE_POSITIVE
20,2014,5,PRE_MONSOON,0,0.13691942,0.13691942,HIGH,1,HIGH,0.09,FALSE_POSITIVE
21,2014,5,PRE_MONSOON,0,0.102050774,0.102050774,HIGH,1,HIGH,0.09,FALSE_POSITIVE
22,2014,5,PRE_MONSOON,0,0.11913618,0.11913618,HIGH,1,HIGH,0.09,FALSE_POSITIVE
23,2014,5,PRE_MONSOON,0,0.113643505,0.113643505,HIGH,1,HIGH,0.09,FALSE_POSITIVE
24,2014,5,PRE_MONSOON,1,0.08458933,0.08458933,MODERATE,0,MODERATE,0.09,FALSE_NEGATIVE
25,2014,5,PRE_MONSOON,0,0.11258023,0.11258023,HIGH,1,HIGH,0.09,FALSE_POSITIVE
26,2014,5,PRE_MONSOON,0,0.035755854,0.035755854,LOW,0,LOW,0.09,TRUE_NEGATIVE
27,2014,5,PRE_MONSOON,0,0.12051207,0.12051207,HIGH,1,HIGH,0.09,FALSE_POSITIVE
28,2014,5,PRE_MONSOON,0,0.11909649,0.11909649,HIGH,1,HIGH,0.09,FALSE_POSITIVE
29,2014,5,PRE_MONSOON,0,0.084299386,0.084299386,MODERATE,0,MODERATE,0.09,TRUE_NEGATIVE
30,2014,5,PRE_MONSOON,0,0.121896416,0.121896416,HIGH,1,HIGH,0.09,FALSE_POSITIVE
31,2014,5,PRE_MONSOON,0,0.059063178,0.059063178,MODERATE,0,MODERATE,0.09,TRUE_NEGATIVE
32,2014,5,PRE_MONSOON,0,0.09223637,0.09223637,ELEVATED,1,ELEVATED,0.09,FALSE_POSITIVE
33,2014,5,PRE_MONSOON,0,0.09580557,0.09580557,ELEVATED,1,ELEVATED,0.09,FALSE_POSITIVE
34,2014,5,PRE_MONSOON,0,0.010314963,0.010314963,LOW,0,LOW,0.09,TRUE_NEGATIVE
35,2014,5,PRE_MONSOON,1,0.100435436,0.100435436,HIGH,1,HIGH,0.09,TRUE_POSITIVE
0,2014,1,WINTER,0,0.09808715,0.09808715,ELEVATED,1,ELEVATED,0.09,FALSE_POSITIVE
1,2014,1,WINTER,0,0.053131577,0.053131577,MODERATE,0,MODERATE,0.09,TRUE_NEGATIVE
2,2014,1,WINTER,1,0.08897711,0.08897711,MODERATE,0,MODERATE,0.09,FALSE_NEGATIVE
3,2014,1,WINTER,0,0.032947358,0.032947358,LOW,0,LOW,0.09,TRUE_NEGATIVE
4,2014,1,WINTER,0,0.037909128,0.037909128,LOW,0,LOW,0.09,TRUE_NEGATIVE
5,2014,1,WINTER,0,0.062376603,0.062376603,MODERATE,0,MODERATE,0.09,TRUE_NEGATIVE
6,2014,1,WINTER,0,0.07600411,0.07600411,MODERATE,0,MODERATE,0.09,TRUE_NEGATIVE
7,2014,1,WINTER,0,0.015474947,0.015474947,LOW,0,LOW,0.09,TRUE_NEGATIVE
8,2014,1,WINTER,0,0.019495731,0.019495731,LOW,0,LOW,0.09,TRUE_NEGATIVE
9,2014,1,WINTER,0,0.023471722,0.023471722,LOW,0,LOW,0.09,TRUE_NEGATIVE
10,2014,1,WINTER,0,0.024041176,0.024041176,LOW,0,LOW,0.09,TRUE_NEGATIVE
11,2014,1,WINTER,0,0.013622795,0.013622795,LOW,0,LOW,0.09,TRUE_NEGATIVE
12,2014,1,WINTER,0,0.009028762,0.009028762,LOW,0,LOW,0.09,TRUE_NEGATIVE
13,2014,1,WINTER,0,0.022949923,0.022949923,LOW,0,LOW,0.09,TRUE_NEGATIVE
14,2014,1,WINTER,0,0.029617002,0.029617002,LOW,0,LOW,0.09,TRUE_NEGATIVE
15,2014,1,WINTER,0,0.025293877,0.025293877,LOW,0,LOW,0.09,TRUE_NEGATIVE
16,2014,1,WINTER,0,0.0875911,0.0875911,MODERATE,0,MODERATE,0.09,TRUE_NEGATIVE
17,2014,1,WINTER,0,0.07191193,0.07191193,MODERATE,0,MODERATE,0.09,TRUE_NEGATIVE
18,2014,1,WINTER,0,0.034746826,0.034746826,LOW,0,LOW,0.09,TRUE_NEGATIVE
19,2014,1,WINTER,0,0.035514683,0.035514683,LOW,0,LOW,0.09,TRUE_NEGATIVE
20,2014,1,WINTER,0,0.04970999,0.04970999,LOW,0,LOW,0.09,TRUE_NEGATIVE
21,2014,1,WINTER,0,0.03999142,0.03999142,LOW,0,LOW,0.09,TRUE_NEGATIVE
22,2014,1,WINTER,0,0.06990158,0.06990158,MODERATE,0,MODERATE,0.09,TRUE_NEGATIVE
23,2014,1,WINTER,0,0.028095251,0.028095251,LOW,0,LOW,0.09,TRUE_NEGATIVE
24,2014,1,WINTER,0,0.021099254,0.021099254,LOW,0,LOW,0.09,TRUE_NEGATIVE
25,2014,1,WINTER,0,0.08778171,0.08778171,MODERATE,0,MODERATE,0.09,TRUE_NEGATIVE
26,2014,1,WINTER,0,0.016791802,0.016791802,LOW,0,LOW,0.09,TRUE_NEGATIVE
27,2014,1,WINTER,0,0.050277814,0.050277814,MODERATE,0,MODERATE,0.09,TRUE_NEGATIVE
28,2014,1,WINTER,0,0.04630467,0.04630467,LOW,0,LOW,0.09,TRUE_NEGATIVE
29,2014,1,WINTER,0,0.06847536,0.06847536,MODERATE,0,MODERATE,0.09,TRUE_NEGATIVE
30,2014,1,WINTER,0,0.021831073,0.021831073,LOW,0,LOW,0.09,TRUE_NEGATIVE
31,2014,1,WINTER,0,0.01549421,0.01549421,LOW,0,LOW,0.09,TRUE_NEGATIVE
32,2014,1,WINTER,0,0.009845374,0.009845374,LOW,0,LOW,0.09,TRUE_NEGATIVE
33,2014,1,WINTER,0,0.009281342,0.009281342,LOW,0,LOW,0.09,TRUE_NEGATIVE
34,2014,1,WINTER,0,0.008660678,0.008660678,LOW,0,LOW,0.09,TRUE_NEGATIVE
35,2014,1,WINTER,0,0.011666616,0.011666616,LOW,0,LOW,0.09,TRUE_NEGATIVE
0,2014,11,POST_MONSOON,0,0.029720275,0.029720275,LOW,0,LOW,0.09,TRUE_NEGATIVE
1,2014,11,POST_MONSOON,0,0.026343461,0.026343461,LOW,0,LOW,0.09,TRUE_NEGATIVE
2,2014,11,POST_MONSOON,1,0.04561969,0.04561969,LOW,0,LOW,0.09,FALSE_NEGATIVE
3,2014,11,POST_MONSOON,0,0.007949203,0.007949203,LOW,0,LOW,0.09,TRUE_NEGATIVE
4,2014,11,POST_MONSOON,0,0.007012738,0.007012738,LOW,0,LOW,0.09,TRUE_NEGATIVE
5,2014,11,POST_MONSOON,0,0.033704735,0.033704735,LOW,0,LOW,0.09,TRUE_NEGATIVE
6,2014,11,POST_MONSOON,0,0.06297366,0.06297366,MODERATE,0,MODERATE,0.09,TRUE_NEGATIVE
7,2014,11,POST_MONSOON,0,0.008562762,0.008562762,LOW,0,LOW,0.09,TRUE_NEGATIVE
8,2014,11,POST_MONSOON,0,0.006478714,0.006478714,LOW,0,LOW,0.09,TRUE_NEGATIVE
9,2014,11,POST_MONSOON,0,0.0073342365,0.0073342365,LOW,0,LOW,0.09,TRUE_NEGATIVE
10,2014,11,POST_MONSOON,0,0.007933557,0.007933557,LOW,0,LOW,0.09,TRUE_NEGATIVE
11,2014,11,POST_MONSOON,0,0.0081019765,0.0081019765,LOW,0,LOW,0.09,TRUE_NEGATIVE
12,2014,11,POST_MONSOON,0,0.006385918,0.006385918,LOW,0,LOW,0.09,TRUE_NEGATIVE
13,2014,11,POST_MONSOON,0,0.01527947,0.01527947,LOW,0,LOW,0.09,TRUE_NEGATIVE
14,2014,11,POST_MONSOON,0,0.016759666,0.016759666,LOW,0,LOW,0.09,TRUE_NEGATIVE
15,2014,11,POST_MONSOON,0,0.006218652,0.006218652,LOW,0,LOW,0.09,TRUE_NEGATIVE
16,2014,11,POST_MONSOON,0,0.05513593,0.05513593,MODERATE,0,MODERATE,0.09,TRUE_NEGATIVE
17,2014,11,POST_MONSOON,0,0.020121492,0.020121492,LOW,0,LOW,0.09,TRUE_NEGATIVE
18,2014,11,POST_MONSOON,0,0.0071746395,0.0071746395,LOW,0,LOW,0.09,TRUE_NEGATIVE
19,2014,11,POST_MONSOON,0,0.00885245,0.00885245,LOW,0,LOW,0.09,TRUE_NEGATIVE
20,2014,11,POST_MONSOON,0,0.008699805,0.008699805,LOW,0,LOW,0.09,TRUE_NEGATIVE
21,2014,11,POST_MONSOON,0,0.010496522,0.010496522,LOW,0,LOW,0.09,TRUE_NEGATIVE
22,2014,11,POST_MONSOON,0,0.016976204,0.016976204,LOW,0,LOW,0.09,TRUE_NEGATIVE
23,2014,11,POST_MONSOON,0,0.009279773,0.009279773,LOW,0,LOW,0.09,TRUE_NEGATIVE
24,2014,11,POST_MONSOON,0,0.008015109,0.008015109,LOW,0,LOW,0.09,TRUE_NEGATIVE
25,2014,11,POST_MONSOON,0,0.011787693,0.011787693,LOW,0,LOW,0.09,TRUE_NEGATIVE
26,2014,11,POST_MONSOON,0,0.007091652,0.007091652,LOW,0,LOW,0.09,TRUE_NEGATIVE
27,2014,11,POST_MONSOON,0,0.0096781105,0.0096781105,LOW,0,LOW,0.09,TRUE_NEGATIVE
28,2014,11,POST_MONSOON,0,0.011228842,0.011228842,LOW,0,LOW,0.09,TRUE_NEGATIVE
29,2014,11,POST_MONSOON,0,0.015258621,0.015258621,LOW,0,LOW,0.09,TRUE_NEGATIVE
30,2014,11,POST_MONSOON,0,0.01194985,0.01194985,LOW,0,LOW,0.09,TRUE_NEGATIVE
31,2014,11,POST_MONSOON,0,0.0055500646,0.0055500646,LOW,0,LOW,0.09,TRUE_NEGATIVE
32,2014,11,POST_MONSOON,0,0.0064173643,0.0064173643,LOW,0,LOW,0.09,TRUE_NEGATIVE
33,2014,11,POST_MONSOON,0,0.0062850965,0.0062850965,LOW,0,LOW,0.09,TRUE_NEGATIVE
34,2014,11,POST_MONSOON,0,0.0065978146,0.0065978146,LOW,0,LOW,0.09,TRUE_NEGATIVE
35,2014,11,POST_MONSOON,0,0.0072774556,0.0072774556,LOW,0,LOW,0.09,TRUE_NEGATIVE
0,2014,10,POST_MONSOON,0,0.011452639,0.011452639,LOW,0,LOW,0.09,TRUE_NEGATIVE
1,2014,10,POST_MONSOON,0,0.005969152,0.005969152,LOW,0,LOW,0.09,TRUE_NEGATIVE
2,2014,10,POST_MONSOON,0,0.006183369,0.006183369,LOW,0,LOW,0.09,TRUE_NEGATIVE
3,2014,10,POST_MONSOON,0,0.005055439,0.005055439,LOW,0,LOW,0.09,TRUE_NEGATIVE
4,2014,10,POST_MONSOON,0,0.004990955,0.004990955,LOW,0,LOW,0.09,TRUE_NEGATIVE
5,2014,10,POST_MONSOON,0,0.0067405445,0.0067405445,LOW,0,LOW,0.09,TRUE_NEGATIVE
6,2014,10,POST_MONSOON,0,0.0061918837,0.0061918837,LOW,0,LOW,0.09,TRUE_NEGATIVE
7,2014,10,POST_MONSOON,0,0.0052145054,0.0052145054,LOW,0,LOW,0.09,TRUE_NEGATIVE
8,2014,10,POST_MONSOON,0,0.0049665133,0.0049665133,LOW,0,LOW,0.09,TRUE_NEGATIVE
9,2014,10,POST_MONSOON,0,0.0051869857,0.0051869857,LOW,0,LOW,0.09,TRUE_NEGATIVE
10,2014,10,POST_MONSOON,0,0.005213034,0.005213034,LOW,0,LOW,0.09,TRUE_NEGATIVE
11,2014,10,POST_MONSOON,0,0.004984637,0.004984637,LOW,0,LOW,0.09,TRUE_NEGATIVE
12,2014,10,POST_MONSOON,0,0.0051369276,0.0051369276,LOW,0,LOW,0.09,TRUE_NEGATIVE
13,2014,10,POST_MONSOON,0,0.012432939,0.012432939,LOW,0,LOW,0.09,TRUE_NEGATIVE
14,2014,10,POST_MONSOON,0,0.0070662135,0.0070662135,LOW,0,LOW,0.09,TRUE_NEGATIVE
15,2014,10,POST_MONSOON,0,0.0049855565,0.0049855565,LOW,0,LOW,0.09,TRUE_NEGATIVE
16,2014,10,POST_MONSOON,0,0.037738368,0.037738368,LOW,0,LOW,0.09,TRUE_NEGATIVE
17,2014,10,POST_MONSOON,0,0.005468245,0.005468245,LOW,0,LOW,0.09,TRUE_NEGATIVE
18,2014,10,POST_MONSOON,0,0.0051775556,0.0051775556,LOW,0,LOW,0.09,TRUE_NEGATIVE
19,2014,10,POST_MONSOON,0,0.0050878273,0.0050878273,LOW,0,LOW,0.09,TRUE_NEGATIVE
20,2014,10,POST_MONSOON,0,0.0053769527,0.0053769527,LOW,0,LOW,0.09,TRUE_NEGATIVE
21,2014,10,POST_MONSOON,0,0.0055389274,0.0055389274,LOW,0,LOW,0.09,TRUE_NEGATIVE
22,2014,10,POST_MONSOON,0,0.0051269433,0.0051269433,LOW,0,LOW,0.09,TRUE_NEGATIVE
23,2014,10,POST_MONSOON,0,0.005152129,0.005152129,LOW,0,LOW,0.09,TRUE_NEGATIVE
24,2014,10,POST_MONSOON,0,0.0053310245,0.0053310245,LOW,0,LOW,0.09,TRUE_NEGATIVE
25,2014,10,POST_MONSOON,0,0.005856964,0.005856964,LOW,0,LOW,0.09,TRUE_NEGATIVE
26,2014,10,POST_MONSOON,0,0.0049998597,0.0049998597,LOW,0,LOW,0.09,TRUE_NEGATIVE
27,2014,10,POST_MONSOON,0,0.0050012334,0.0050012334,LOW,0,LOW,0.09,TRUE_NEGATIVE
28,2014,10,POST_MONSOON,0,0.00531589,0.00531589,LOW,0,LOW,0.09,TRUE_NEGATIVE
29,2014,10,POST_MONSOON,0,0.013354086,0.013354086,LOW,0,LOW,0.09,TRUE_NEGATIVE
30,2014,10,POST_MONSOON,0,0.005274189,0.005274189,LOW,0,LOW,0.09,TRUE_NEGATIVE
31,2014,10,POST_MONSOON,0,0.004724861,0.004724861,LOW,0,LOW,0.09,TRUE_NEGATIVE
32,2014,10,POST_MONSOON,0,0.0047642756,0.0047642756,LOW,0,LOW,0.09,TRUE_NEGATIVE
33,2014,10,POST_MONSOON,0,0.004763758,0.004763758,LOW,0,LOW,0.09,TRUE_NEGATIVE
34,2014,10,POST_MONSOON,0,0.0049240524,0.0049240524,LOW,0,LOW,0.09,TRUE_NEGATIVE
35,2014,10,POST_MONSOON,0,0.004888237,0.004888237,LOW,0,LOW,0.09,TRUE_NEGATIVE
0,2014,9,MONSOON,0,0.0063773617,0.0063773617,LOW,0,LOW,0.09,TRUE_NEGATIVE
1,2014,9,MONSOON,0,0.006371095,0.006371095,LOW,0,LOW,0.09,TRUE_NEGATIVE
2,2014,9,MONSOON,0,0.006215903,0.006215903,LOW,0,LOW,0.09,TRUE_NEGATIVE
3,2014,9,MONSOON,0,0.0049587404,0.0049587404,LOW,0,LOW,0.09,TRUE_NEGATIVE
4,2014,9,MONSOON,0,0.004790532,0.004790532,LOW,0,LOW,0.09,TRUE_NEGATIVE
5,2014,9,MONSOON,0,0.0058562313,0.0058562313,LOW,0,LOW,0.09,TRUE_NEGATIVE
6,2014,9,MONSOON,0,0.0059677265,0.0059677265,LOW,0,LOW,0.09,TRUE_NEGATIVE
7,2014,9,MONSOON,0,0.005216925,0.005216925,LOW,0,LOW,0.09,TRUE_NEGATIVE
8,2014,9,MONSOON,0,0.00483209,0.00483209,LOW,0,LOW,0.09,TRUE_NEGATIVE
9,2014,9,MONSOON,0,0.0048499135,0.0048499135,LOW,0,LOW,0.09,TRUE_NEGATIVE
10,2014,9,MONSOON,0,0.0052422294,0.0052422294,LOW,0,LOW,0.09,TRUE_NEGATIVE
11,2014,9,MONSOON,0,0.00483431,0.00483431,LOW,0,LOW,0.09,TRUE_NEGATIVE
12,2014,9,MONSOON,0,0.0051387725,0.0051387725,LOW,0,LOW,0.09,TRUE_NEGATIVE
13,2014,9,MONSOON,0,0.020568699,0.020568699,LOW,0,LOW,0.09,TRUE_NEGATIVE
14,2014,9,MONSOON,0,0.00817757,0.00817757,LOW,0,LOW,0.09,TRUE_NEGATIVE
15,2014,9,MONSOON,0,0.005228782,0.005228782,LOW,0,LOW,0.09,TRUE_NEGATIVE
16,2014,9,MONSOON,0,0.006002321,0.006002321,LOW,0,LOW,0.09,TRUE_NEGATIVE
17,2014,9,MONSOON,0,0.0053644665,0.0053644665,LOW,0,LOW,0.09,TRUE_NEGATIVE
18,2014,9,MONSOON,0,0.005304121,0.005304121,LOW,0,LOW,0.09,TRUE_NEGATIVE
19,2014,9,MONSOON,0,0.005432297,0.005432297,LOW,0,LOW,0.09,TRUE_NEGATIVE
20,2014,9,MONSOON,0,0.0053571207,0.0053571207,LOW,0,LOW,0.09,TRUE_NEGATIVE
21,2014,9,MONSOON,0,0.005372135,0.005372135,LOW,0,LOW,0.09,TRUE_NEGATIVE
22,2014,9,MONSOON,0,0.0052222554,0.0052222554,LOW,0,LOW,0.09,TRUE_NEGATIVE
23,2014,9,MONSOON,0,0.0050945226,0.0050945226,LOW,0,LOW,0.09,TRUE_NEGATIVE
24,2014,9,MONSOON,0,0.0050726747,0.0050726747,LOW,0,LOW,0.09,TRUE_NEGATIVE
25,2014,9,MONSOON,0,0.006378428,0.006378428,LOW,0,LOW,0.09,TRUE_NEGATIVE
26,2014,9,MONSOON,0,0.0049251504,0.0049251504,LOW,0,LOW,0.09,TRUE_NEGATIVE
27,2014,9,MONSOON,0,0.005065525,0.005065525,LOW,0,LOW,0.09,TRUE_NEGATIVE
28,2014,9,MONSOON,0,0.0053951656,0.0053951656,LOW,0,LOW,0.09,TRUE_NEGATIVE
29,2014,9,MONSOON,0,0.0070331185,0.0070331185,LOW,0,LOW,0.09,TRUE_NEGATIVE
30,2014,9,MONSOON,0,0.004844235,0.004844235,LOW,0,LOW,0.09,TRUE_NEGATIVE
31,2014,9,MONSOON,0,0.004898084,0.004898084,LOW,0,LOW,0.09,TRUE_NEGATIVE
32,2014,9,MONSOON,0,0.0048175305,0.0048175305,LOW,0,LOW,0.09,TRUE_NEGATIVE
33,2014,9,MONSOON,0,0.004731483,0.004731483,LOW,0,LOW,0.09,TRUE_NEGATIVE
34,2014,9,MONSOON,0,0.0048514763,0.0048514763,LOW,0,LOW,0.09,TRUE_NEGATIVE
35,2014,9,MONSOON,0,0.0049404553,0.0049404553,LOW,0,LOW,0.09,TRUE_NEGATIVE
0,2014,2,WINTER,0,0.0066448287,0.0066448287,LOW,0,LOW,0.09,TRUE_NEGATIVE
1,2014,2,WINTER,0,0.016814174,0.016814174,LOW,0,LOW,0.09,TRUE_NEGATIVE
2,2014,2,WINTER,0,0.016612181,0.016612181,LOW,0,LOW,0.09,TRUE_NEGATIVE
3,2014,2,WINTER,0,0.0052113007,0.0052113007,LOW,0,LOW,0.09,TRUE_NEGATIVE
4,2014,2,WINTER,0,0.004896799,0.004896799,LOW,0,LOW,0.09,TRUE_NEGATIVE
5,2014,2,WINTER,0,0.0050996947,0.0050996947,LOW,0,LOW,0.09,TRUE_NEGATIVE
6,2014,2,WINTER,0,0.005768978,0.005768978,LOW,0,LOW,0.09,TRUE_NEGATIVE
7,2014,2,WINTER,0,0.0052091284,0.0052091284,LOW,0,LOW,0.09,TRUE_NEGATIVE
8,2014,2,WINTER,0,0.004993916,0.004993916,LOW,0,LOW,0.09,TRUE_NEGATIVE
9,2014,2,WINTER,0,0.004980991,0.004980991,LOW,0,LOW,0.09,TRUE_NEGATIVE
10,2014,2,WINTER,0,0.0048832204,0.0048832204,LOW,0,LOW,0.09,TRUE_NEGATIVE
11,2014,2,WINTER,0,0.0048754523,0.0048754523,LOW,0,LOW,0.09,TRUE_NEGATIVE
12,2014,2,WINTER,0,0.0051006703,0.0051006703,LOW,0,LOW,0.09,TRUE_NEGATIVE
13,2014,2,WINTER,0,0.03737896,0.03737896,LOW,0,LOW,0.09,TRUE_NEGATIVE
14,2014,2,WINTER,0,0.028811313,0.028811313,LOW,0,LOW,0.09,TRUE_NEGATIVE
15,2014,2,WINTER,0,0.0050855037,0.0050855037,LOW,0,LOW,0.09,TRUE_NEGATIVE
16,2014,2,WINTER,0,0.006572059,0.006572059,LOW,0,LOW,0.09,TRUE_NEGATIVE
17,2014,2,WINTER,0,0.0055590724,0.0055590724,LOW,0,LOW,0.09,TRUE_NEGATIVE
18,2014,2,WINTER,0,0.005636876,0.005636876,LOW,0,LOW,0.09,TRUE_NEGATIVE
19,2014,2,WINTER,0,0.005143109,0.005143109,LOW,0,LOW,0.09,TRUE_NEGATIVE
20,2014,2,WINTER,0,0.005149068,0.005149068,LOW,0,LOW,0.09,TRUE_NEGATIVE
21,2014,2,WINTER,0,0.007310664,0.007310664,LOW,0,LOW,0.09,TRUE_NEGATIVE
22,2014,2,WINTER,0,0.005083306,0.005083306,LOW,0,LOW,0.09,TRUE_NEGATIVE
23,2014,2,WINTER,0,0.0050900243,0.0050900243,LOW,0,LOW,0.09,TRUE_NEGATIVE
24,2014,2,WINTER,0,0.0053451825,0.0053451825,LOW,0,LOW,0.09,TRUE_NEGATIVE
25,2014,2,WINTER,0,0.0057298634,0.0057298634,LOW,0,LOW,0.09,TRUE_NEGATIVE
26,2014,2,WINTER,0,0.0049439543,0.0049439543,LOW,0,LOW,0.09,TRUE_NEGATIVE
27,2014,2,WINTER,0,0.005310069,0.005310069,LOW,0,LOW,0.09,TRUE_NEGATIVE
28,2014,2,WINTER,0,0.006625224,0.006625224,LOW,0,LOW,0.09,TRUE_NEGATIVE
29,2014,2,WINTER,0,0.006368985,0.006368985,LOW,0,LOW,0.09,TRUE_NEGATIVE
30,2014,2,WINTER,0,0.0047941953,0.0047941953,LOW,0,LOW,0.09,TRUE_NEGATIVE
31,2014,2,WINTER,0,0.0053583863,0.0053583863,LOW,0,LOW,0.09,TRUE_NEGATIVE
32,2014,2,WINTER,0,0.004747326,0.004747326,LOW,0,LOW,0.09,TRUE_NEGATIVE
33,2014,2,WINTER,0,0.0047808546,0.0047808546,LOW,0,LOW,0.09,TRUE_NEGATIVE
34,2014,2,WINTER,0,0.0049615316,0.0049615316,LOW,0,LOW,0.09,TRUE_NEGATIVE
35,2014,2,WINTER,0,0.004863871,0.004863871,LOW,0,LOW,0.09,TRUE_NEGATIVE
0,2015,4,PRE_MONSOON,0,0.006324363,0.006324363,LOW,0,LOW,0.09,TRUE_NEGATIVE
1,2015,4,PRE_MONSOON,0,0.0223448,0.0223448,LOW,0,LOW,0.09,TRUE_NEGATIVE
2,2015,4,PRE_MONSOON,0,0.050729632,0.050729632,MODERATE,0,MODERATE,0.09,TRUE_NEGATIVE
3,2015,4,PRE_MONSOON,0,0.006052953,0.006052953,LOW,0,LOW,0.09,TRUE_NEGATIVE
4,2015,4,PRE_MONSOON,0,0.0064348304,0.0064348304,LOW,0,LOW,0.09,TRUE_NEGATIVE
5,2015,4,PRE_MONSOON,0,0.0054325005,0.0054325005,LOW,0,LOW,0.09,TRUE_NEGATIVE
6,2015,4,PRE_MONSOON,0,0.005487317,0.005487317,LOW,0,LOW,0.09,TRUE_NEGATIVE
7,2015,4,PRE_MONSOON,0,0.008101026,0.008101026,LOW,0,LOW,0.09,TRUE_NEGATIVE
8,2015,4,PRE_MONSOON,0,0.0051440136,0.0051440136,LOW,0,LOW,0.09,TRUE_NEGATIVE
9,2015,4,PRE_MONSOON,0,0.005553331,0.005553331,LOW,0,LOW,0.09,TRUE_NEGATIVE
10,2015,4,PRE_MONSOON,0,0.005268004,0.005268004,LOW,0,LOW,0.09,TRUE_NEGATIVE
11,2015,4,PRE_MONSOON,0,0.0050288504,0.0050288504,LOW,0,LOW,0.09,TRUE_NEGATIVE
12,2015,4,PRE_MONSOON,0,0.005567279,0.005567279,LOW,0,LOW,0.09,TRUE_NEGATIVE
13,2015,4,PRE_MONSOON,0,0.03879485,0.03879485,LOW,0,LOW,0.09,TRUE_NEGATIVE
14,2015,4,PRE_MONSOON,0,0.08281708,0.08281708,MODERATE,0,MODERATE,0.09,TRUE_NEGATIVE
15,2015,4,PRE_MONSOON,0,0.008380017,0.008380017,LOW,0,LOW,0.09,TRUE_NEGATIVE
16,2015,4,PRE_MONSOON,0,0.014114682,0.014114682,LOW,0,LOW,0.09,TRUE_NEGATIVE
17,2015,4,PRE_MONSOON,0,0.0060206875,0.0060206875,LOW,0,LOW,0.09,TRUE_NEGATIVE
18,2015,4,PRE_MONSOON,0,0.008603972,0.008603972,LOW,0,LOW,0.09,TRUE_NEGATIVE
19,2015,4,PRE_MONSOON,0,0.0058616498,0.0058616498,LOW,0,LOW,0.09,TRUE_NEGATIVE
20,2015,4,PRE_MONSOON,0,0.0053496435,0.0053496435,LOW,0,LOW,0.09,TRUE_NEGATIVE
21,2015,4,PRE_MONSOON,0,0.010239663,0.010239663,LOW,0,LOW,0.09,TRUE_NEGATIVE
22,2015,4,PRE_MONSOON,0,0.0058808173,0.0058808173,LOW,0,LOW,0.09,TRUE_NEGATIVE
23,2015,4,PRE_MONSOON,0,0.0059726336,0.0059726336,LOW,0,LOW,0.09,TRUE_NEGATIVE
24,2015,4,PRE_MONSOON,0,0.0063779233,0.0063779233,LOW,0,LOW,0.09,TRUE_NEGATIVE
25,2015,4,PRE_MONSOON,0,0.00516095,0.00516095,LOW,0,LOW,0.09,TRUE_NEGATIVE
26,2015,4,PRE_MONSOON,0,0.005080765,0.005080765,LOW,0,LOW,0.09,TRUE_NEGATIVE
27,2015,4,PRE_MONSOON,0,0.0066210167,0.0066210167,LOW,0,LOW,0.09,TRUE_NEGATIVE
28,2015,4,PRE_MONSOON,0,0.08550305,0.08550305,MODERATE,0,MODERATE,0.09,TRUE_NEGATIVE
29,2015,4,PRE_MONSOON,0,0.0061726533,0.0061726533,LOW,0,LOW,0.09,TRUE_NEGATIVE
30,2015,4,PRE_MONSOON,0,0.004938681,0.004938681,LOW,0,LOW,0.09,TRUE_NEGATIVE
31,2015,4,PRE_MONSOON,0,0.0058188424,0.0058188424,LOW,0,LOW,0.09,TRUE_NEGATIVE
32,2015,4,PRE_MONSOON,0,0.0050299484,0.0050299484,LOW,0,LOW,0.09,TRUE_NEGATIVE
33,2015,4,PRE_MONSOON,0,0.005006525,0.005006525,LOW,0,LOW,0.09,TRUE_NEGATIVE
34,2015,4,PRE_MONSOON,0,0.005301749,0.005301749,LOW,0,LOW,0.09,TRUE_NEGATIVE
35,2015,4,PRE_MONSOON,0,0.0052413573,0.0052413573,LOW,0,LOW,0.09,TRUE_NEGATIVE
0,2015,3,PRE_MONSOON,0,0.008664968,0.008664968,LOW,0,LOW,0.09,TRUE_NEGATIVE
1,2015,3,PRE_MONSOON,0,0.045540057,0.045540057,LOW,0,LOW,0.09,TRUE_NEGATIVE
2,2015,3,PRE_MONSOON,0,0.10445207,0.10445207,HIGH,1,HIGH,0.09,FALSE_POSITIVE
3,2015,3,PRE_MONSOON,0,0.0134508945,0.0134508945,LOW,0,LOW,0.09,TRUE_NEGATIVE
4,2015,3,PRE_MONSOON,0,0.010501075,0.010501075,LOW,0,LOW,0.09,TRUE_NEGATIVE
5,2015,3,PRE_MONSOON,0,0.006712022,0.006712022,LOW,0,LOW,0.09,TRUE_NEGATIVE
6,2015,3,PRE_MONSOON,0,0.0058685783,0.0058685783,LOW,0,LOW,0.09,TRUE_NEGATIVE
7,2015,3,PRE_MONSOON,0,0.0075255106,0.0075255106,LOW,0,LOW,0.09,TRUE_NEGATIVE
8,2015,3,PRE_MONSOON,0,0.0057334504,0.0057334504,LOW,0,LOW,0.09,TRUE_NEGATIVE
9,2015,3,PRE_MONSOON,0,0.0064226505,0.0064226505,LOW,0,LOW,0.09,TRUE_NEGATIVE
10,2015,3,PRE_MONSOON,0,0.0125337085,0.0125337085,LOW,0,LOW,0.09,TRUE_NEGATIVE
11,2015,3,PRE_MONSOON,0,0.005239038,0.005239038,LOW,0,LOW,0.09,TRUE_NEGATIVE
12,2015,3,PRE_MONSOON,0,0.005512648,0.005512648,LOW,0,LOW,0.09,TRUE_NEGATIVE
13,2015,3,PRE_MONSOON,0,0.029270723,0.029270723,LOW,0,LOW,0.09,TRUE_NEGATIVE
14,2015,3,PRE_MONSOON,0,0.04023466,0.04023466,LOW,0,LOW,0.09,TRUE_NEGATIVE
15,2015,3,PRE_MONSOON,0,0.014489969,0.014489969,LOW,0,LOW,0.09,TRUE_NEGATIVE
16,2015,3,PRE_MONSOON,0,0.029725451,0.029725451,LOW,0,LOW,0.09,TRUE_NEGATIVE
17,2015,3,PRE_MONSOON,0,0.005955991,0.005955991,LOW,0,LOW,0.09,TRUE_NEGATIVE
18,2015,3,PRE_MONSOON,0,0.0077175554,0.0077175554,LOW,0,LOW,0.09,TRUE_NEGATIVE
19,2015,3,PRE_MONSOON,0,0.0063277916,0.0063277916,LOW,0,LOW,0.09,TRUE_NEGATIVE
20,2015,3,PRE_MONSOON,0,0.005672527,0.005672527,LOW,0,LOW,0.09,TRUE_NEGATIVE
21,2015,3,PRE_MONSOON,0,0.023670861,0.023670861,LOW,0,LOW,0.09,TRUE_NEGATIVE
22,2015,3,PRE_MONSOON,0,0.011855818,0.011855818,LOW,0,LOW,0.09,TRUE_NEGATIVE
23,2015,3,PRE_MONSOON,0,0.012495458,0.012495458,LOW,0,LOW,0.09,TRUE_NEGATIVE
24,2015,3,PRE_MONSOON,0,0.0062394314,0.0062394314,LOW,0,LOW,0.09,TRUE_NEGATIVE
25,2015,3,PRE_MONSOON,0,0.005587627,0.005587627,LOW,0,LOW,0.09,TRUE_NEGATIVE
26,2015,3,PRE_MONSOON,0,0.0052510244,0.0052510244,LOW,0,LOW,0.09,TRUE_NEGATIVE
27,2015,3,PRE_MONSOON,0,0.012376835,0.012376835,LOW,0,LOW,0.09,TRUE_NEGATIVE
28,2015,3,PRE_MONSOON,0,0.10843714,0.10843714,HIGH,1,HIGH,0.09,FALSE_POSITIVE
29,2015,3,PRE_MONSOON,0,0.0063562696,0.0063562696,LOW,0,LOW,0.09,TRUE_NEGATIVE
30,2015,3,PRE_MONSOON,0,0.005377149,0.005377149,LOW,0,LOW,0.09,TRUE_NEGATIVE
31,2015,3,PRE_MONSOON,0,0.0067458875,0.0067458875,LOW,0,LOW,0.09,TRUE_NEGATIVE
32,2015,3,PRE_MONSOON,0,0.0056551686,0.0056551686,LOW,0,LOW,0.09,TRUE_NEGATIVE
33,2015,3,PRE_MONSOON,0,0.0056096422,0.0056096422,LOW,0,LOW,0.09,TRUE_NEGATIVE
34,2015,3,PRE_MONSOON,0,0.005167986,0.005167986,LOW,0,LOW,0.09,TRUE_NEGATIVE
35,2015,3,PRE_MONSOON,0,0.0054264776,0.0054264776,LOW,0,LOW,0.09,TRUE_NEGATIVE
0,2015,7,MONSOON,0,0.02467916,0.02467916,LOW,0,LOW,0.09,TRUE_NEGATIVE
1,2015,7,MONSOON,0,0.03988548,0.03988548,LOW,0,LOW,0.09,TRUE_NEGATIVE
2,2015,7,MONSOON,0,0.13163678,0.13163678,HIGH,1,HIGH,0.09,FALSE_POSITIVE
3,2015,7,MONSOON,0,0.03994545,0.03994545,LOW,0,LOW,0.09,TRUE_NEGATIVE
4,2015,7,MONSOON,0,0.031712078,0.031712078,LOW,0,LOW,0.09,TRUE_NEGATIVE
5,2015,7,MONSOON,0,0.028079728,0.028079728,LOW,0,LOW,0.09,TRUE_NEGATIVE
6,2015,7,MONSOON,0,0.039071936,0.039071936,LOW,0,LOW,0.09,TRUE_NEGATIVE
7,2015,7,MONSOON,0,0.027854118,0.027854118,LOW,0,LOW,0.09,TRUE_NEGATIVE
8,2015,7,MONSOON,0,0.007135553,0.007135553,LOW,0,LOW,0.09,TRUE_NEGATIVE
9,2015,7,MONSOON,0,0.013677951,0.013677951,LOW,0,LOW,0.09,TRUE_NEGATIVE
10,2015,7,MONSOON,0,0.031765353,0.031765353,LOW,0,LOW,0.09,TRUE_NEGATIVE
11,2015,7,MONSOON,0,0.008719867,0.008719867,LOW,0,LOW,0.09,TRUE_NEGATIVE
12,2015,7,MONSOON,0,0.007958324,0.007958324,LOW,0,LOW,0.09,TRUE_NEGATIVE
13,2015,7,MONSOON,0,0.030044934,0.030044934,LOW,0,LOW,0.09,TRUE_NEGATIVE
14,2015,7,MONSOON,0,0.043632586,0.043632586,LOW,0,LOW,0.09,TRUE_NEGATIVE
15,2015,7,MONSOON,0,0.027206007,0.027206007,LOW,0,LOW,0.09,TRUE_NEGATIVE
16,2015,7,MONSOON,0,0.066289194,0.066289194,MODERATE,0,MODERATE,0.09,TRUE_NEGATIVE
17,2015,7,MONSOON,0,0.03649287,0.03649287,LOW,0,LOW,0.09,TRUE_NEGATIVE
18,2015,7,MONSOON,0,0.032071162,0.032071162,LOW,0,LOW,0.09,TRUE_NEGATIVE
19,2015,7,MONSOON,0,0.03151412,0.03151412,LOW,0,LOW,0.09,TRUE_NEGATIVE
20,2015,7,MONSOON,0,0.01112377,0.01112377,LOW,0,LOW,0.09,TRUE_NEGATIVE
21,2015,7,MONSOON,0,0.0644084,0.0644084,MODERATE,0,MODERATE,0.09,TRUE_NEGATIVE
22,2015,7,MONSOON,0,0.02886076,0.02886076,LOW,0,LOW,0.09,TRUE_NEGATIVE
23,2015,7,MONSOON,0,0.04667557,0.04667557,LOW,0,LOW,0.09,TRUE_NEGATIVE
24,2015,7,MONSOON,0,0.010173517,0.010173517,LOW,0,LOW,0.09,TRUE_NEGATIVE
25,2015,7,MONSOON,0,0.016558139,0.016558139,LOW,0,LOW,0.09,TRUE_NEGATIVE
26,2015,7,MONSOON,0,0.0055505643,0.0055505643,LOW,0,LOW,0.09,TRUE_NEGATIVE
27,2015,7,MONSOON,0,0.05926931,0.05926931,MODERATE,0,MODERATE,0.09,TRUE_NEGATIVE
28,2015,7,MONSOON,0,0.12649469,0.12649469,HIGH,1,HIGH,0.09,FALSE_POSITIVE
29,2015,7,MONSOON,0,0.017250989,0.017250989,LOW,0,LOW,0.09,TRUE_NEGATIVE
30,2015,7,MONSOON,0,0.026327152,0.026327152,LOW,0,LOW,0.09,TRUE_NEGATIVE
31,2015,7,MONSOON,0,0.016786214,0.016786214,LOW,0,LOW,0.09,TRUE_NEGATIVE
32,2015,7,MONSOON,0,0.02616456,0.02616456,LOW,0,LOW,0.09,TRUE_NEGATIVE
33,2015,7,MONSOON,0,0.014661422,0.014661422,LOW,0,LOW,0.09,TRUE_NEGATIVE
34,2015,7,MONSOON,0,0.0064378646,0.0064378646,LOW,0,LOW,0.09,TRUE_NEGATIVE
35,2015,7,MONSOON,0,0.008330179,0.008330179,LOW,0,LOW,0.09,TRUE_NEGATIVE
0,2015,0,UNKNOWN,0,0.058002092,0.058002092,MODERATE,0,MODERATE,0.09,TRUE_NEGATIVE
1,2015,0,UNKNOWN,0,0.068712495,0.068712495,MODERATE,0,MODERATE,0.09,TRUE_NEGATIVE
2,2015,0,UNKNOWN,1,0.11300936,0.11300936,HIGH,1,HIGH,0.09,TRUE_POSITIVE
3,2015,0,UNKNOWN,0,0.05509106,0.05509106,MODERATE,0,MODERATE,0.09,TRUE_NEGATIVE
4,2015,0,UNKNOWN,1,0.078080736,0.078080736,MODERATE,0,MODERATE,0.09,FALSE_NEGATIVE
5,2015,0,UNKNOWN,0,0.07483588,0.07483588,MODERATE,0,MODERATE,0.09,TRUE_NEGATIVE
6,2015,0,UNKNOWN,0,0.103502415,0.103502415,HIGH,1,HIGH,0.09,FALSE_POSITIVE
7,2015,0,UNKNOWN,0,0.04987291,0.04987291,LOW,0,LOW,0.09,TRUE_NEGATIVE
8,2015,0,UNKNOWN,0,0.03356777,0.03356777,LOW,0,LOW,0.09,TRUE_NEGATIVE
9,2015,0,UNKNOWN,0,0.03185332,0.03185332,LOW,0,LOW,0.09,TRUE_NEGATIVE
10,2015,0,UNKNOWN,0,0.074832246,0.074832246,MODERATE,0,MODERATE,0.09,TRUE_NEGATIVE
11,2015,0,UNKNOWN,0,0.0145137375,0.0145137375,LOW,0,LOW,0.09,TRUE_NEGATIVE
12,2015,0,UNKNOWN,0,0.017282577,0.017282577,LOW,0,LOW,0.09,TRUE_NEGATIVE
13,2015,0,UNKNOWN,0,0.04208695,0.04208695,LOW,0,LOW,0.09,TRUE_NEGATIVE
14,2015,0,UNKNOWN,0,0.031276226,0.031276226,LOW,0,LOW,0.09,TRUE_NEGATIVE
15,2015,0,UNKNOWN,0,0.061291203,0.061291203,MODERATE,0,MODERATE,0.09,TRUE_NEGATIVE
16,2015,0,UNKNOWN,0,0.0861741,0.0861741,MODERATE,0,MODERATE,0.09,TRUE_NEGATIVE
17,2015,0,UNKNOWN,1,0.12706414,0.12706414,HIGH,1,HIGH,0.09,TRUE_POSITIVE
18,2015,0,UNKNOWN,0,0.08685552,0.08685552,MODERATE,0,MODERATE,0.09,TRUE_NEGATIVE
19,2015,0,UNKNOWN,1,0.097778544,0.097778544,ELEVATED,1,ELEVATED,0.09,TRUE_POSITIVE
20,2015,0,UNKNOWN,1,0.045610473,0.045610473,LOW,0,LOW,0.09,FALSE_NEGATIVE
21,2015,0,UNKNOWN,0,0.10337596,0.10337596,HIGH,1,HIGH,0.09,FALSE_POSITIVE
22,2015,0,UNKNOWN,1,0.074404985,0.074404985,MODERATE,0,MODERATE,0.09,FALSE_NEGATIVE
23,2015,0,UNKNOWN,0,0.09363941,0.09363941,ELEVATED,1,ELEVATED,0.09,FALSE_POSITIVE
24,2015,0,UNKNOWN,0,0.025804322,0.025804322,LOW,0,LOW,0.09,TRUE_NEGATIVE
25,2015,0,UNKNOWN,0,0.04324182,0.04324182,LOW,0,LOW,0.09,TRUE_NEGATIVE
26,2015,0,UNKNOWN,0,0.006556912,0.006556912,LOW,0,LOW,0.09,TRUE_NEGATIVE
27,2015,0,UNKNOWN,1,0.12431389,0.12431389,HIGH,1,HIGH,0.09,TRUE_POSITIVE
28,2015,0,UNKNOWN,1,0.15076213,0.15076213,CRITICAL,1,CRITICAL,0.09,TRUE_POSITIVE
29,2015,0,UNKNOWN,0,0.044921942,0.044921942,LOW,0,LOW,0.09,TRUE_NEGATIVE
30,2015,0,UNKNOWN,0,0.050382677,0.050382677,MODERATE,0,MODERATE,0.09,TRUE_NEGATIVE
31,2015,0,UNKNOWN,0,0.043398075,0.043398075,LOW,0,LOW,0.09,TRUE_NEGATIVE
32,2015,0,UNKNOWN,1,0.06176941,0.06176941,MODERATE,0,MODERATE,0.09,FALSE_NEGATIVE
33,2015,0,UNKNOWN,0,0.047063675,0.047063675,LOW,0,LOW,0.09,TRUE_NEGATIVE
34,2015,0,UNKNOWN,0,0.012387734,0.012387734,LOW,0,LOW,0.09,TRUE_NEGATIVE
35,2015,0,UNKNOWN,0,0.02426239,0.02426239,LOW,0,LOW,0.09,TRUE_NEGATIVE
0,2015,8,MONSOON,0,0.10501244,0.10501244,HIGH,1,HIGH,0.09,FALSE_POSITIVE
1,2015,8,MONSOON,0,0.05363987,0.05363987,MODERATE,0,MODERATE,0.09,TRUE_NEGATIVE
2,2015,8,MONSOON,1,0.09461196,0.09461196,ELEVATED,1,ELEVATED,0.09,TRUE_POSITIVE
3,2015,8,MONSOON,0,0.12532839,0.12532839,HIGH,1,HIGH,0.09,FALSE_POSITIVE
4,2015,8,MONSOON,1,0.13421148,0.13421148,HIGH,1,HIGH,0.09,TRUE_POSITIVE
5,2015,8,MONSOON,0,0.11082436,0.11082436,HIGH,1,HIGH,0.09,FALSE_POSITIVE
6,2015,8,MONSOON,0,0.12345914,0.12345914,HIGH,1,HIGH,0.09,FALSE_POSITIVE
7,2015,8,MONSOON,0,0.09256098,0.09256098,ELEVATED,1,ELEVATED,0.09,FALSE_POSITIVE
8,2015,8,MONSOON,0,0.080557324,0.080557324,MODERATE,0,MODERATE,0.09,TRUE_NEGATIVE
9,2015,8,MONSOON,0,0.08196483,0.08196483,MODERATE,0,MODERATE,0.09,TRUE_NEGATIVE
10,2015,8,MONSOON,0,0.1286283,0.1286283,HIGH,1,HIGH,0.09,FALSE_POSITIVE
11,2015,8,MONSOON,1,0.059573673,0.059573673,MODERATE,0,MODERATE,0.09,FALSE_NEGATIVE
12,2015,8,MONSOON,0,0.019292269,0.019292269,LOW,0,LOW,0.09,TRUE_NEGATIVE
13,2015,8,MONSOON,0,0.06474303,0.06474303,MODERATE,0,MODERATE,0.09,TRUE_NEGATIVE
14,2015,8,MONSOON,0,0.044091526,0.044091526,LOW,0,LOW,0.09,TRUE_NEGATIVE
15,2015,8,MONSOON,0,0.11363114,0.11363114,HIGH,1,HIGH,0.09,FALSE_POSITIVE
16,2015,8,MONSOON,0,0.08937742,0.08937742,MODERATE,0,MODERATE,0.09,TRUE_NEGATIVE
17,2015,8,MONSOON,1,0.14602935,0.14602935,HIGH,1,HIGH,0.09,TRUE_POSITIVE
18,2015,8,MONSOON,0,0.13182515,0.13182515,HIGH,1,HIGH,0.09,FALSE_POSITIVE
19,2015,8,MONSOON,1,0.1188652,0.1188652,HIGH,1,HIGH,0.09,TRUE_POSITIVE
20,2015,8,MONSOON,1,0.10307586,0.10307586,HIGH,1,HIGH,0.09,TRUE_POSITIVE
21,2015,8,MONSOON,0,0.10461114,0.10461114,HIGH,1,HIGH,0.09,FALSE_POSITIVE
22,2015,8,MONSOON,1,0.11328518,0.11328518,HIGH,1,HIGH,0.09,TRUE_POSITIVE
23,2015,8,MONSOON,0,0.13390857,0.13390857,HIGH,1,HIGH,0.09,FALSE_POSITIVE
24,2015,8,MONSOON,0,0.05749085,0.05749085,MODERATE,0,MODERATE,0.09,TRUE_NEGATIVE
25,2015,8,MONSOON,0,0.0961887,0.0961887,ELEVATED,1,ELEVATED,0.09,FALSE_POSITIVE
26,2015,8,MONSOON,0,0.006449279,0.006449279,LOW,0,LOW,0.09,TRUE_NEGATIVE
27,2015,8,MONSOON,1,0.14613365,0.14613365,HIGH,1,HIGH,0.09,TRUE_POSITIVE
28,2015,8,MONSOON,1,0.13412082,0.13412082,HIGH,1,HIGH,0.09,TRUE_POSITIVE
29,2015,8,MONSOON,0,0.08162169,0.08162169,MODERATE,0,MODERATE,0.09,TRUE_NEGATIVE
30,2015,8,MONSOON,0,0.08908477,0.08908477,MODERATE,0,MODERATE,0.09,TRUE_NEGATIVE
31,2015,8,MONSOON,0,0.0629394,0.0629394,MODERATE,0,MODERATE,0.09,TRUE_NEGATIVE
32,2015,8,MONSOON,1,0.08310207,0.08310207,MODERATE,0,MODERATE,0.09,FALSE_NEGATIVE
33,2015,8,MONSOON,0,0.09149231,0.09149231,ELEVATED,1,ELEVATED,0.09,FALSE_POSITIVE
34,2015,8,MONSOON,0,0.020687511,0.020687511,LOW,0,LOW,0.09,TRUE_NEGATIVE
35,2015,8,MONSOON,0,0.052545577,0.052545577,MODERATE,0,MODERATE,0.09,TRUE_NEGATIVE
0,2015,6,MONSOON,0,0.09822336,0.09822336,ELEVATED,1,ELEVATED,0.09,FALSE_POSITIVE
1,2015,6,MONSOON,0,0.048990574,0.048990574,LOW,0,LOW,0.09,TRUE_NEGATIVE
2,2015,6,MONSOON,1,0.0806847,0.0806847,MODERATE,0,MODERATE,0.09,FALSE_NEGATIVE
3,2015,6,MONSOON,0,0.13299756,0.13299756,HIGH,1,HIGH,0.09,FALSE_POSITIVE
4,2015,6,MONSOON,1,0.12720206,0.12720206,HIGH,1,HIGH,0.09,TRUE_POSITIVE
5,2015,6,MONSOON,0,0.080600105,0.080600105,MODERATE,0,MODERATE,0.09,TRUE_NEGATIVE
6,2015,6,MONSOON,0,0.06872017,0.06872017,MODERATE,0,MODERATE,0.09,TRUE_NEGATIVE
7,2015,6,MONSOON,0,0.10033044,0.10033044,HIGH,1,HIGH,0.09,FALSE_POSITIVE
8,2015,6,MONSOON,0,0.09152561,0.09152561,ELEVATED,1,ELEVATED,0.09,FALSE_POSITIVE
9,2015,6,MONSOON,1,0.09062854,0.09062854,ELEVATED,1,ELEVATED,0.09,TRUE_POSITIVE
10,2015,6,MONSOON,0,0.09565272,0.09565272,ELEVATED,1,ELEVATED,0.09,FALSE_POSITIVE
11,2015,6,MONSOON,1,0.08875589,0.08875589,MODERATE,0,MODERATE,0.09,FALSE_NEGATIVE
12,2015,6,MONSOON,0,0.04613045,0.04613045,LOW,0,LOW,0.09,TRUE_NEGATIVE
13,2015,6,MONSOON,0,0.060085163,0.060085163,MODERATE,0,MODERATE,0.09,TRUE_NEGATIVE
14,2015,6,MONSOON,0,0.057683293,0.057683293,MODERATE,0,MODERATE,0.09,TRUE_NEGATIVE
15,2015,6,MONSOON,1,0.08422166,0.08422166,MODERATE,0,MODERATE,0.09,FALSE_NEGATIVE
16,2015,6,MONSOON,0,0.08509041,0.08509041,MODERATE,0,MODERATE,0.09,TRUE_NEGATIVE
17,2015,6,MONSOON,1,0.13838708,0.13838708,HIGH,1,HIGH,0.09,TRUE_POSITIVE
18,2015,6,MONSOON,0,0.104742,0.104742,HIGH,1,HIGH,0.09,FALSE_POSITIVE
19,2015,6,MONSOON,1,0.1248528,0.1248528,HIGH,1,HIGH,0.09,TRUE_POSITIVE
20,2015,6,MONSOON,1,0.12898535,0.12898535,HIGH,1,HIGH,0.09,TRUE_POSITIVE
21,2015,6,MONSOON,0,0.11169402,0.11169402,HIGH,1,HIGH,0.09,FALSE_POSITIVE
22,2015,6,MONSOON,1,0.12760144,0.12760144,HIGH,1,HIGH,0.09,TRUE_POSITIVE
23,2015,6,MONSOON,0,0.123499125,0.123499125,HIGH,1,HIGH,0.09,FALSE_POSITIVE
24,2015,6,MONSOON,0,0.0736819,0.0736819,MODERATE,0,MODERATE,0.09,TRUE_NEGATIVE
25,2015,6,MONSOON,0,0.095930286,0.095930286,ELEVATED,1,ELEVATED,0.09,FALSE_POSITIVE
26,2015,6,MONSOON,0,0.013431793,0.013431793,LOW,0,LOW,0.09,TRUE_NEGATIVE
27,2015,6,MONSOON,1,0.14438249,0.14438249,HIGH,1,HIGH,0.09,TRUE_POSITIVE
28,2015,6,MONSOON,1,0.11118366,0.11118366,HIGH,1,HIGH,0.09,TRUE_POSITIVE
29,2015,6,MONSOON,0,0.056426972,0.056426972,MODERATE,0,MODERATE,0.09,TRUE_NEGATIVE
30,2015,6,MONSOON,0,0.06645442,0.06645442,MODERATE,0,MODERATE,0.09,TRUE_NEGATIVE
31,2015,6,MONSOON,0,0.05574902,0.05574902,MODERATE,0,MODERATE,0.09,TRUE_NEGATIVE
32,2015,6,MONSOON,1,0.099098764,0.099098764,ELEVATED,1,ELEVATED,0.09,TRUE_POSITIVE
33,2015,6,MONSOON,0,0.1006139,0.1006139,HIGH,1,HIGH,0.09,FALSE_POSITIVE
34,2015,6,MONSOON,0,0.036300063,0.036300063,LOW,0,LOW,0.09,TRUE_NEGATIVE
35,2015,6,MONSOON,0,0.07462162,0.07462162,MODERATE,0,MODERATE,0.09,TRUE_NEGATIVE
0,2015,5,PRE_MONSOON,0,0.09868529,0.09868529,ELEVATED,1,ELEVATED,0.09,FALSE_POSITIVE
1,2015,5,PRE_MONSOON,0,0.07493692,0.07493692,MODERATE,0,MODERATE,0.09,TRUE_NEGATIVE
2,2015,5,PRE_MONSOON,0,0.10457683,0.10457683,HIGH,1,HIGH,0.09,FALSE_POSITIVE
3,2015,5,PRE_MONSOON,0,0.13561359,0.13561359,HIGH,1,HIGH,0.09,FALSE_POSITIVE
4,2015,5,PRE_MONSOON,0,0.13150635,0.13150635,HIGH,1,HIGH,0.09,FALSE_POSITIVE
5,2015,5,PRE_MONSOON,0,0.0977588,0.0977588,ELEVATED,1,ELEVATED,0.09,FALSE_POSITIVE
6,2015,5,PRE_MONSOON,0,0.04639568,0.04639568,LOW,0,LOW,0.09,TRUE_NEGATIVE
7,2015,5,PRE_MONSOON,0,0.08396298,0.08396298,MODERATE,0,MODERATE,0.09,TRUE_NEGATIVE
8,2015,5,PRE_MONSOON,0,0.072843395,0.072843395,MODERATE,0,MODERATE,0.09,TRUE_NEGATIVE
9,2015,5,PRE_MONSOON,1,0.10030567,0.10030567,HIGH,1,HIGH,0.09,TRUE_POSITIVE
10,2015,5,PRE_MONSOON,0,0.06387071,0.06387071,MODERATE,0,MODERATE,0.09,TRUE_NEGATIVE
11,2015,5,PRE_MONSOON,1,0.055235405,0.055235405,MODERATE,0,MODERATE,0.09,FALSE_NEGATIVE
12,2015,5,PRE_MONSOON,0,0.010755123,0.010755123,LOW,0,LOW,0.09,TRUE_NEGATIVE
13,2015,5,PRE_MONSOON,0,0.059706144,0.059706144,MODERATE,0,MODERATE,0.09,TRUE_NEGATIVE
14,2015,5,PRE_MONSOON,0,0.059431035,0.059431035,MODERATE,0,MODERATE,0.09,TRUE_NEGATIVE
15,2015,5,PRE_MONSOON,1,0.062182017,0.062182017,MODERATE,0,MODERATE,0.09,FALSE_NEGATIVE
16,2015,5,PRE_MONSOON,0,0.102596596,0.102596596,HIGH,1,HIGH,0.09,FALSE_POSITIVE
17,2015,5,PRE_MONSOON,0,0.09443076,0.09443076,ELEVATED,1,ELEVATED,0.09,FALSE_POSITIVE
18,2015,5,PRE_MONSOON,0,0.065335,0.065335,MODERATE,0,MODERATE,0.09,TRUE_NEGATIVE
19,2015,5,PRE_MONSOON,1,0.13292477,0.13292477,HIGH,1,HIGH,0.09,TRUE_POSITIVE
20,2015,5,PRE_MONSOON,0,0.12561008,0.12561008,HIGH,1,HIGH,0.09,FALSE_POSITIVE
21,2015,5,PRE_MONSOON,0,0.07544612,0.07544612,MODERATE,0,MODERATE,0.09,TRUE_NEGATIVE
22,2015,5,PRE_MONSOON,0,0.14257751,0.14257751,HIGH,1,HIGH,0.09,FALSE_POSITIVE
23,2015,5,PRE_MONSOON,0,0.07475914,0.07475914,MODERATE,0,MODERATE,0.09,TRUE_NEGATIVE
24,2015,5,PRE_MONSOON,0,0.049842875,0.049842875,LOW,0,LOW,0.09,TRUE_NEGATIVE
25,2015,5,PRE_MONSOON,0,0.12906851,0.12906851,HIGH,1,HIGH,0.09,FALSE_POSITIVE
26,2015,5,PRE_MONSOON,0,0.037642643,0.037642643,LOW,0,LOW,0.09,TRUE_NEGATIVE
27,2015,5,PRE_MONSOON,0,0.11523072,0.11523072,HIGH,1,HIGH,0.09,FALSE_POSITIVE
28,2015,5,PRE_MONSOON,0,0.10335523,0.10335523,HIGH,1,HIGH,0.09,FALSE_POSITIVE
29,2015,5,PRE_MONSOON,0,0.06738491,0.06738491,MODERATE,0,MODERATE,0.09,TRUE_NEGATIVE
30,2015,5,PRE_MONSOON,0,0.049996465,0.049996465,LOW,0,LOW,0.09,TRUE_NEGATIVE
31,2015,5,PRE_MONSOON,0,0.06386919,0.06386919,MODERATE,0,MODERATE,0.09,TRUE_NEGATIVE
32,2015,5,PRE_MONSOON,0,0.064285025,0.064285025,MODERATE,0,MODERATE,0.09,TRUE_NEGATIVE
33,2015,5,PRE_MONSOON,0,0.05162108,0.05162108,MODERATE,0,MODERATE,0.09,TRUE_NEGATIVE
34,2015,5,PRE_MONSOON,0,0.012232832,0.012232832,LOW,0,LOW,0.09,TRUE_NEGATIVE
35,2015,5,PRE_MONSOON,0,0.07134032,0.07134032,MODERATE,0,MODERATE,0.09,TRUE_NEGATIVE
0,2015,1,WINTER,0,0.10331659,0.10331659,HIGH,1,HIGH,0.09,FALSE_POSITIVE
1,2015,1,WINTER,0,0.046391293,0.046391293,LOW,0,LOW,0.09,TRUE_NEGATIVE
2,2015,1,WINTER,0,0.09639704,0.09639704,ELEVATED,1,ELEVATED,0.09,FALSE_POSITIVE
3,2015,1,WINTER,0,0.033367377,0.033367377,LOW,0,LOW,0.09,TRUE_NEGATIVE
4,2015,1,WINTER,0,0.033932514,0.033932514,LOW,0,LOW,0.09,TRUE_NEGATIVE
5,2015,1,WINTER,0,0.040557243,0.040557243,LOW,0,LOW,0.09,TRUE_NEGATIVE
6,2015,1,WINTER,0,0.08227292,0.08227292,MODERATE,0,MODERATE,0.09,TRUE_NEGATIVE
7,2015,1,WINTER,0,0.016723895,0.016723895,LOW,0,LOW,0.09,TRUE_NEGATIVE
8,2015,1,WINTER,0,0.013941347,0.013941347,LOW,0,LOW,0.09,TRUE_NEGATIVE
9,2015,1,WINTER,1,0.022045434,0.022045434,LOW,0,LOW,0.09,FALSE_NEGATIVE
10,2015,1,WINTER,0,0.025021646,0.025021646,LOW,0,LOW,0.09,TRUE_NEGATIVE
11,2015,1,WINTER,0,0.011023662,0.011023662,LOW,0,LOW,0.09,TRUE_NEGATIVE
12,2015,1,WINTER,0,0.0110830935,0.0110830935,LOW,0,LOW,0.09,TRUE_NEGATIVE
13,2015,1,WINTER,0,0.01638252,0.01638252,LOW,0,LOW,0.09,TRUE_NEGATIVE
14,2015,1,WINTER,0,0.030322105,0.030322105,LOW,0,LOW,0.09,TRUE_NEGATIVE
15,2015,1,WINTER,1,0.015248092,0.015248092,LOW,0,LOW,0.09,FALSE_NEGATIVE
16,2015,1,WINTER,0,0.07515098,0.07515098,MODERATE,0,MODERATE,0.09,TRUE_NEGATIVE
17,2015,1,WINTER,0,0.05691013,0.05691013,MODERATE,0,MODERATE,0.09,TRUE_NEGATIVE
18,2015,1,WINTER,0,0.019557683,0.019557683,LOW,0,LOW,0.09,TRUE_NEGATIVE
19,2015,1,WINTER,0,0.032896984,0.032896984,LOW,0,LOW,0.09,TRUE_NEGATIVE
20,2015,1,WINTER,0,0.04597889,0.04597889,LOW,0,LOW,0.09,TRUE_NEGATIVE
21,2015,1,WINTER,0,0.046954505,0.046954505,LOW,0,LOW,0.09,TRUE_NEGATIVE
22,2015,1,WINTER,0,0.07402642,0.07402642,MODERATE,0,MODERATE,0.09,TRUE_NEGATIVE
23,2015,1,WINTER,0,0.026487187,0.026487187,LOW,0,LOW,0.09,TRUE_NEGATIVE
24,2015,1,WINTER,0,0.024507327,0.024507327,LOW,0,LOW,0.09,TRUE_NEGATIVE
25,2015,1,WINTER,0,0.0746773,0.0746773,MODERATE,0,MODERATE,0.09,TRUE_NEGATIVE
26,2015,1,WINTER,0,0.0132680675,0.0132680675,LOW,0,LOW,0.09,TRUE_NEGATIVE
27,2015,1,WINTER,0,0.060478758,0.060478758,MODERATE,0,MODERATE,0.09,TRUE_NEGATIVE
28,2015,1,WINTER,0,0.0355913,0.0355913,LOW,0,LOW,0.09,TRUE_NEGATIVE
29,2015,1,WINTER,0,0.06543077,0.06543077,MODERATE,0,MODERATE,0.09,TRUE_NEGATIVE
30,2015,1,WINTER,0,0.0136963995,0.0136963995,LOW,0,LOW,0.09,TRUE_NEGATIVE
31,2015,1,WINTER,0,0.015094425,0.015094425,LOW,0,LOW,0.09,TRUE_NEGATIVE
32,2015,1,WINTER,0,0.011199718,0.011199718,LOW,0,LOW,0.09,TRUE_NEGATIVE
33,2015,1,WINTER,0,0.011210856,0.011210856,LOW,0,LOW,0.09,TRUE_NEGATIVE
34,2015,1,WINTER,0,0.012506355,0.012506355,LOW,0,LOW,0.09,TRUE_NEGATIVE
35,2015,1,WINTER,0,0.0097091645,0.0097091645,LOW,0,LOW,0.09,TRUE_NEGATIVE
0,2015,11,POST_MONSOON,0,0.056008015,0.056008015,MODERATE,0,MODERATE,0.09,TRUE_NEGATIVE
1,2015,11,POST_MONSOON,0,0.022355217,0.022355217,LOW,0,LOW,0.09,TRUE_NEGATIVE
2,2015,11,POST_MONSOON,0,0.036026172,0.036026172,LOW,0,LOW,0.09,TRUE_NEGATIVE
3,2015,11,POST_MONSOON,0,0.007913335,0.007913335,LOW,0,LOW,0.09,TRUE_NEGATIVE
4,2015,11,POST_MONSOON,0,0.0065152887,0.0065152887,LOW,0,LOW,0.09,TRUE_NEGATIVE
5,2015,11,POST_MONSOON,0,0.012083076,0.012083076,LOW,0,LOW,0.09,TRUE_NEGATIVE
6,2015,11,POST_MONSOON,0,0.038937446,0.038937446,LOW,0,LOW,0.09,TRUE_NEGATIVE
7,2015,11,POST_MONSOON,0,0.006722473,0.006722473,LOW,0,LOW,0.09,TRUE_NEGATIVE
8,2015,11,POST_MONSOON,0,0.0063036326,0.0063036326,LOW,0,LOW,0.09,TRUE_NEGATIVE
9,2015,11,POST_MONSOON,0,0.0062804404,0.0062804404,LOW,0,LOW,0.09,TRUE_NEGATIVE
10,2015,11,POST_MONSOON,0,0.007052934,0.007052934,LOW,0,LOW,0.09,TRUE_NEGATIVE
11,2015,11,POST_MONSOON,0,0.0066805943,0.0066805943,LOW,0,LOW,0.09,TRUE_NEGATIVE
12,2015,11,POST_MONSOON,0,0.0064146616,0.0064146616,LOW,0,LOW,0.09,TRUE_NEGATIVE
13,2015,11,POST_MONSOON,0,0.008684874,0.008684874,LOW,0,LOW,0.09,TRUE_NEGATIVE
14,2015,11,POST_MONSOON,0,0.008803991,0.008803991,LOW,0,LOW,0.09,TRUE_NEGATIVE
15,2015,11,POST_MONSOON,0,0.0059251008,0.0059251008,LOW,0,LOW,0.09,TRUE_NEGATIVE
16,2015,11,POST_MONSOON,0,0.029936945,0.029936945,LOW,0,LOW,0.09,TRUE_NEGATIVE
17,2015,11,POST_MONSOON,0,0.0118244365,0.0118244365,LOW,0,LOW,0.09,TRUE_NEGATIVE
18,2015,11,POST_MONSOON,0,0.0063669337,0.0063669337,LOW,0,LOW,0.09,TRUE_NEGATIVE
19,2015,11,POST_MONSOON,0,0.008620779,0.008620779,LOW,0,LOW,0.09,TRUE_NEGATIVE
20,2015,11,POST_MONSOON,0,0.011245817,0.011245817,LOW,0,LOW,0.09,TRUE_NEGATIVE
21,2015,11,POST_MONSOON,0,0.01487486,0.01487486,LOW,0,LOW,0.09,TRUE_NEGATIVE
22,2015,11,POST_MONSOON,0,0.013007304,0.013007304,LOW,0,LOW,0.09,TRUE_NEGATIVE
23,2015,11,POST_MONSOON,0,0.00632882,0.00632882,LOW,0,LOW,0.09,TRUE_NEGATIVE
24,2015,11,POST_MONSOON,0,0.00736242,0.00736242,LOW,0,LOW,0.09,TRUE_NEGATIVE
25,2015,11,POST_MONSOON,0,0.012279596,0.012279596,LOW,0,LOW,0.09,TRUE_NEGATIVE
26,2015,11,POST_MONSOON,0,0.006808505,0.006808505,LOW,0,LOW,0.09,TRUE_NEGATIVE
27,2015,11,POST_MONSOON,0,0.012947728,0.012947728,LOW,0,LOW,0.09,TRUE_NEGATIVE
28,2015,11,POST_MONSOON,0,0.011097648,0.011097648,LOW,0,LOW,0.09,TRUE_NEGATIVE
29,2015,11,POST_MONSOON,0,0.04379398,0.04379398,LOW,0,LOW,0.09,TRUE_NEGATIVE
30,2015,11,POST_MONSOON,0,0.009413123,0.009413123,LOW,0,LOW,0.09,TRUE_NEGATIVE
31,2015,11,POST_MONSOON,0,0.0053685643,0.0053685643,LOW,0,LOW,0.09,TRUE_NEGATIVE
32,2015,11,POST_MONSOON,0,0.0061078556,0.0061078556,LOW,0,LOW,0.09,TRUE_NEGATIVE
33,2015,11,POST_MONSOON,0,0.0051618484,0.0051618484,LOW,0,LOW,0.09,TRUE_NEGATIVE
34,2015,11,POST_MONSOON,0,0.0055664,0.0055664,LOW,0,LOW,0.09,TRUE_NEGATIVE
35,2015,11,POST_MONSOON,0,0.0053935926,0.0053935926,LOW,0,LOW,0.09,TRUE_NEGATIVE
0,2015,10,POST_MONSOON,0,0.012418907,0.012418907,LOW,0,LOW,0.09,TRUE_NEGATIVE
1,2015,10,POST_MONSOON,0,0.005846653,0.005846653,LOW,0,LOW,0.09,TRUE_NEGATIVE
2,2015,10,POST_MONSOON,0,0.006049242,0.006049242,LOW,0,LOW,0.09,TRUE_NEGATIVE
3,2015,10,POST_MONSOON,0,0.005356915,0.005356915,LOW,0,LOW,0.09,TRUE_NEGATIVE
4,2015,10,POST_MONSOON,0,0.005003818,0.005003818,LOW,0,LOW,0.09,TRUE_NEGATIVE
5,2015,10,POST_MONSOON,0,0.005461494,0.005461494,LOW,0,LOW,0.09,TRUE_NEGATIVE
6,2015,10,POST_MONSOON,0,0.0061896867,0.0061896867,LOW,0,LOW,0.09,TRUE_NEGATIVE
7,2015,10,POST_MONSOON,0,0.005297403,0.005297403,LOW,0,LOW,0.09,TRUE_NEGATIVE
8,2015,10,POST_MONSOON,0,0.005093918,0.005093918,LOW,0,LOW,0.09,TRUE_NEGATIVE
9,2015,10,POST_MONSOON,0,0.0052494034,0.0052494034,LOW,0,LOW,0.09,TRUE_NEGATIVE
10,2015,10,POST_MONSOON,0,0.0053059524,0.0053059524,LOW,0,LOW,0.09,TRUE_NEGATIVE
11,2015,10,POST_MONSOON,0,0.005213578,0.005213578,LOW,0,LOW,0.09,TRUE_NEGATIVE
12,2015,10,POST_MONSOON,0,0.0050699897,0.0050699897,LOW,0,LOW,0.09,TRUE_NEGATIVE
13,2015,10,POST_MONSOON,0,0.0071155513,0.0071155513,LOW,0,LOW,0.09,TRUE_NEGATIVE
14,2015,10,POST_MONSOON,0,0.008255392,0.008255392,LOW,0,LOW,0.09,TRUE_NEGATIVE
15,2015,10,POST_MONSOON,0,0.0051363087,0.0051363087,LOW,0,LOW,0.09,TRUE_NEGATIVE
16,2015,10,POST_MONSOON,0,0.01479314,0.01479314,LOW,0,LOW,0.09,TRUE_NEGATIVE
17,2015,10,POST_MONSOON,0,0.005325924,0.005325924,LOW,0,LOW,0.09,TRUE_NEGATIVE
18,2015,10,POST_MONSOON,0,0.0052594077,0.0052594077,LOW,0,LOW,0.09,TRUE_NEGATIVE
19,2015,10,POST_MONSOON,0,0.005701256,0.005701256,LOW,0,LOW,0.09,TRUE_NEGATIVE
20,2015,10,POST_MONSOON,0,0.0057388814,0.0057388814,LOW,0,LOW,0.09,TRUE_NEGATIVE
21,2015,10,POST_MONSOON,0,0.0054380754,0.0054380754,LOW,0,LOW,0.09,TRUE_NEGATIVE
22,2015,10,POST_MONSOON,0,0.006356248,0.006356248,LOW,0,LOW,0.09,TRUE_NEGATIVE
23,2015,10,POST_MONSOON,0,0.004981629,0.004981629,LOW,0,LOW,0.09,TRUE_NEGATIVE
24,2015,10,POST_MONSOON,0,0.005118688,0.005118688,LOW,0,LOW,0.09,TRUE_NEGATIVE
25,2015,10,POST_MONSOON,0,0.005909144,0.005909144,LOW,0,LOW,0.09,TRUE_NEGATIVE
26,2015,10,POST_MONSOON,0,0.0052152425,0.0052152425,LOW,0,LOW,0.09,TRUE_NEGATIVE
27,2015,10,POST_MONSOON,0,0.0065606837,0.0065606837,LOW,0,LOW,0.09,TRUE_NEGATIVE
28,2015,10,POST_MONSOON,0,0.0052250433,0.0052250433,LOW,0,LOW,0.09,TRUE_NEGATIVE
29,2015,10,POST_MONSOON,0,0.014617929,0.014617929,LOW,0,LOW,0.09,TRUE_NEGATIVE
30,2015,10,POST_MONSOON,0,0.005194565,0.005194565,LOW,0,LOW,0.09,TRUE_NEGATIVE
31,2015,10,POST_MONSOON,0,0.004713222,0.004713222,LOW,0,LOW,0.09,TRUE_NEGATIVE
32,2015,10,POST_MONSOON,0,0.0048286514,0.0048286514,LOW,0,LOW,0.09,TRUE_NEGATIVE
33,2015,10,POST_MONSOON,0,0.004744058,0.004744058,LOW,0,LOW,0.09,TRUE_NEGATIVE
34,2015,10,POST_MONSOON,0,0.004764052,0.004764052,LOW,0,LOW,0.09,TRUE_NEGATIVE
35,2015,10,POST_MONSOON,0,0.0048146467,0.0048146467,LOW,0,LOW,0.09,TRUE_NEGATIVE
0,2015,9,MONSOON,0,0.006042159,0.006042159,LOW,0,LOW,0.09,TRUE_NEGATIVE
1,2015,9,MONSOON,0,0.00607445,0.00607445,LOW,0,LOW,0.09,TRUE_NEGATIVE
2,2015,9,MONSOON,0,0.006255181,0.006255181,LOW,0,LOW,0.09,TRUE_NEGATIVE
3,2015,9,MONSOON,0,0.005340745,0.005340745,LOW,0,LOW,0.09,TRUE_NEGATIVE
4,2015,9,MONSOON,0,0.0051287874,0.0051287874,LOW,0,LOW,0.09,TRUE_NEGATIVE
5,2015,9,MONSOON,0,0.005248007,0.005248007,LOW,0,LOW,0.09,TRUE_NEGATIVE
6,2015,9,MONSOON,0,0.0059981323,0.0059981323,LOW,0,LOW,0.09,TRUE_NEGATIVE
7,2015,9,MONSOON,0,0.0053267856,0.0053267856,LOW,0,LOW,0.09,TRUE_NEGATIVE
8,2015,9,MONSOON,0,0.0049102334,0.0049102334,LOW,0,LOW,0.09,TRUE_NEGATIVE
9,2015,9,MONSOON,0,0.0049090474,0.0049090474,LOW,0,LOW,0.09,TRUE_NEGATIVE
10,2015,9,MONSOON,0,0.0058871936,0.0058871936,LOW,0,LOW,0.09,TRUE_NEGATIVE
11,2015,9,MONSOON,0,0.0048978166,0.0048978166,LOW,0,LOW,0.09,TRUE_NEGATIVE
12,2015,9,MONSOON,0,0.0052206432,0.0052206432,LOW,0,LOW,0.09,TRUE_NEGATIVE
13,2015,9,MONSOON,0,0.023537837,0.023537837,LOW,0,LOW,0.09,TRUE_NEGATIVE
14,2015,9,MONSOON,0,0.013732087,0.013732087,LOW,0,LOW,0.09,TRUE_NEGATIVE
15,2015,9,MONSOON,0,0.005453445,0.005453445,LOW,0,LOW,0.09,TRUE_NEGATIVE
16,2015,9,MONSOON,0,0.0061039547,0.0061039547,LOW,0,LOW,0.09,TRUE_NEGATIVE
17,2015,9,MONSOON,0,0.0058228434,0.0058228434,LOW,0,LOW,0.09,TRUE_NEGATIVE
18,2015,9,MONSOON,0,0.005581179,0.005581179,LOW,0,LOW,0.09,TRUE_NEGATIVE
19,2015,9,MONSOON,0,0.005199424,0.005199424,LOW,0,LOW,0.09,TRUE_NEGATIVE
20,2015,9,MONSOON,0,0.0050797816,0.0050797816,LOW,0,LOW,0.09,TRUE_NEGATIVE
21,2015,9,MONSOON,0,0.0053730067,0.0053730067,LOW,0,LOW,0.09,TRUE_NEGATIVE
22,2015,9,MONSOON,0,0.0054885875,0.0054885875,LOW,0,LOW,0.09,TRUE_NEGATIVE
23,2015,9,MONSOON,0,0.005343281,0.005343281,LOW,0,LOW,0.09,TRUE_NEGATIVE
24,2015,9,MONSOON,0,0.0049830615,0.0049830615,LOW,0,LOW,0.09,TRUE_NEGATIVE
25,2015,9,MONSOON,0,0.007522804,0.007522804,LOW,0,LOW,0.09,TRUE_NEGATIVE
26,2015,9,MONSOON,0,0.0050083166,0.0050083166,LOW,0,LOW,0.09,TRUE_NEGATIVE
27,2015,9,MONSOON,0,0.005650336,0.005650336,LOW,0,LOW,0.09,TRUE_NEGATIVE
28,2015,9,MONSOON,0,0.0055640778,0.0055640778,LOW,0,LOW,0.09,TRUE_NEGATIVE
29,2015,9,MONSOON,0,0.012881294,0.012881294,LOW,0,LOW,0.09,TRUE_NEGATIVE
30,2015,9,MONSOON,0,0.0050812666,0.0050812666,LOW,0,LOW,0.09,TRUE_NEGATIVE
31,2015,9,MONSOON,0,0.004747067,0.004747067,LOW,0,LOW,0.09,TRUE_NEGATIVE
32,2015,9,MONSOON,0,0.0049197273,0.0049197273,LOW,0,LOW,0.09,TRUE_NEGATIVE
33,2015,9,MONSOON,0,0.0047739604,0.0047739604,LOW,0,LOW,0.09,TRUE_NEGATIVE
34,2015,9,MONSOON,0,0.0048553203,0.0048553203,LOW,0,LOW,0.09,TRUE_NEGATIVE
35,2015,9,MONSOON,0,0.004902225,0.004902225,LOW,0,LOW,0.09,TRUE_NEGATIVE
0,2015,2,WINTER,0,0.006681328,0.006681328,LOW,0,LOW,0.09,TRUE_NEGATIVE
1,2015,2,WINTER,0,0.009695452,0.009695452,LOW,0,LOW,0.09,TRUE_NEGATIVE
2,2015,2,WINTER,0,0.006768026,0.006768026,LOW,0,LOW,0.09,TRUE_NEGATIVE
3,2015,2,WINTER,0,0.0056762183,0.0056762183,LOW,0,LOW,0.09,TRUE_NEGATIVE
4,2015,2,WINTER,0,0.0049481946,0.0049481946,LOW,0,LOW,0.09,TRUE_NEGATIVE
5,2015,2,WINTER,0,0.0049926224,0.0049926224,LOW,0,LOW,0.09,TRUE_NEGATIVE
6,2015,2,WINTER,0,0.005578867,0.005578867,LOW,0,LOW,0.09,TRUE_NEGATIVE
7,2015,2,WINTER,0,0.005237075,0.005237075,LOW,0,LOW,0.09,TRUE_NEGATIVE
8,2015,2,WINTER,0,0.005123892,0.005123892,LOW,0,LOW,0.09,TRUE_NEGATIVE
9,2015,2,WINTER,0,0.005070055,0.005070055,LOW,0,LOW,0.09,TRUE_NEGATIVE
10,2015,2,WINTER,0,0.005209118,0.005209118,LOW,0,LOW,0.09,TRUE_NEGATIVE
11,2015,2,WINTER,0,0.0048682303,0.0048682303,LOW,0,LOW,0.09,TRUE_NEGATIVE
12,2015,2,WINTER,0,0.005936914,0.005936914,LOW,0,LOW,0.09,TRUE_NEGATIVE
13,2015,2,WINTER,0,0.035206486,0.035206486,LOW,0,LOW,0.09,TRUE_NEGATIVE
14,2015,2,WINTER,0,0.022650296,0.022650296,LOW,0,LOW,0.09,TRUE_NEGATIVE
15,2015,2,WINTER,0,0.005227656,0.005227656,LOW,0,LOW,0.09,TRUE_NEGATIVE
16,2015,2,WINTER,0,0.0066528567,0.0066528567,LOW,0,LOW,0.09,TRUE_NEGATIVE
17,2015,2,WINTER,0,0.005522645,0.005522645,LOW,0,LOW,0.09,TRUE_NEGATIVE
18,2015,2,WINTER,0,0.0057680015,0.0057680015,LOW,0,LOW,0.09,TRUE_NEGATIVE
19,2015,2,WINTER,0,0.0049806554,0.0049806554,LOW,0,LOW,0.09,TRUE_NEGATIVE
20,2015,2,WINTER,0,0.0050988044,0.0050988044,LOW,0,LOW,0.09,TRUE_NEGATIVE
21,2015,2,WINTER,0,0.0057990286,0.0057990286,LOW,0,LOW,0.09,TRUE_NEGATIVE
22,2015,2,WINTER,0,0.005061458,0.005061458,LOW,0,LOW,0.09,TRUE_NEGATIVE
23,2015,2,WINTER,0,0.0049922816,0.0049922816,LOW,0,LOW,0.09,TRUE_NEGATIVE
24,2015,2,WINTER,0,0.0063302955,0.0063302955,LOW,0,LOW,0.09,TRUE_NEGATIVE
25,2015,2,WINTER,0,0.005568911,0.005568911,LOW,0,LOW,0.09,TRUE_NEGATIVE
26,2015,2,WINTER,0,0.005004965,0.005004965,LOW,0,LOW,0.09,TRUE_NEGATIVE
27,2015,2,WINTER,0,0.005299572,0.005299572,LOW,0,LOW,0.09,TRUE_NEGATIVE
28,2015,2,WINTER,0,0.0058907922,0.0058907922,LOW,0,LOW,0.09,TRUE_NEGATIVE
29,2015,2,WINTER,0,0.0059467996,0.0059467996,LOW,0,LOW,0.09,TRUE_NEGATIVE
30,2015,2,WINTER,0,0.004958315,0.004958315,LOW,0,LOW,0.09,TRUE_NEGATIVE
31,2015,2,WINTER,0,0.00547265,0.00547265,LOW,0,LOW,0.09,TRUE_NEGATIVE
32,2015,2,WINTER,0,0.0048191515,0.0048191515,LOW,0,LOW,0.09,TRUE_NEGATIVE
33,2015,2,WINTER,0,0.0048349365,0.0048349365,LOW,0,LOW,0.09,TRUE_NEGATIVE
34,2015,2,WINTER,0,0.004842683,0.004842683,LOW,0,LOW,0.09,TRUE_NEGATIVE
35,2015,2,WINTER,0,0.0048613697,0.0048613697,LOW,0,LOW,0.09,TRUE_NEGATIVE
0,2016,4,PRE_MONSOON,0,0.0064931284,0.0064931284,LOW,0,LOW,0.09,TRUE_NEGATIVE
1,2016,4,PRE_MONSOON,0,0.014235602,0.014235602,LOW,0,LOW,0.09,TRUE_NEGATIVE
2,2016,4,PRE_MONSOON,0,0.020933747,0.020933747,LOW,0,LOW,0.09,TRUE_NEGATIVE
3,2016,4,PRE_MONSOON,0,0.0063507515,0.0063507515,LOW,0,LOW,0.09,TRUE_NEGATIVE
4,2016,4,PRE_MONSOON,0,0.007251774,0.007251774,LOW,0,LOW,0.09,TRUE_NEGATIVE
5,2016,4,PRE_MONSOON,0,0.005812934,0.005812934,LOW,0,LOW,0.09,TRUE_NEGATIVE
6,2016,4,PRE_MONSOON,0,0.005585296,0.005585296,LOW,0,LOW,0.09,TRUE_NEGATIVE
7,2016,4,PRE_MONSOON,0,0.00971463,0.00971463,LOW,0,LOW,0.09,TRUE_NEGATIVE
8,2016,4,PRE_MONSOON,0,0.005933937,0.005933937,LOW,0,LOW,0.09,TRUE_NEGATIVE
9,2016,4,PRE_MONSOON,0,0.0057494044,0.0057494044,LOW,0,LOW,0.09,TRUE_NEGATIVE
10,2016,4,PRE_MONSOON,0,0.0057329554,0.0057329554,LOW,0,LOW,0.09,TRUE_NEGATIVE
11,2016,4,PRE_MONSOON,0,0.005143948,0.005143948,LOW,0,LOW,0.09,TRUE_NEGATIVE
12,2016,4,PRE_MONSOON,0,0.0074868007,0.0074868007,LOW,0,LOW,0.09,TRUE_NEGATIVE
13,2016,4,PRE_MONSOON,0,0.05595221,0.05595221,MODERATE,0,MODERATE,0.09,TRUE_NEGATIVE
14,2016,4,PRE_MONSOON,0,0.09352211,0.09352211,ELEVATED,1,ELEVATED,0.09,FALSE_POSITIVE
15,2016,4,PRE_MONSOON,0,0.009132608,0.009132608,LOW,0,LOW,0.09,TRUE_NEGATIVE
16,2016,4,PRE_MONSOON,1,0.01186334,0.01186334,LOW,0,LOW,0.09,FALSE_NEGATIVE
17,2016,4,PRE_MONSOON,0,0.005360191,0.005360191,LOW,0,LOW,0.09,TRUE_NEGATIVE
18,2016,4,PRE_MONSOON,0,0.006654666,0.006654666,LOW,0,LOW,0.09,TRUE_NEGATIVE
19,2016,4,PRE_MONSOON,0,0.0058130743,0.0058130743,LOW,0,LOW,0.09,TRUE_NEGATIVE
20,2016,4,PRE_MONSOON,0,0.005644579,0.005644579,LOW,0,LOW,0.09,TRUE_NEGATIVE
21,2016,4,PRE_MONSOON,0,0.013398168,0.013398168,LOW,0,LOW,0.09,TRUE_NEGATIVE
22,2016,4,PRE_MONSOON,0,0.005960992,0.005960992,LOW,0,LOW,0.09,TRUE_NEGATIVE
23,2016,4,PRE_MONSOON,0,0.005830796,0.005830796,LOW,0,LOW,0.09,TRUE_NEGATIVE
24,2016,4,PRE_MONSOON,0,0.008257192,0.008257192,LOW,0,LOW,0.09,TRUE_NEGATIVE
25,2016,4,PRE_MONSOON,0,0.0049139974,0.0049139974,LOW,0,LOW,0.09,TRUE_NEGATIVE
26,2016,4,PRE_MONSOON,0,0.005114074,0.005114074,LOW,0,LOW,0.09,TRUE_NEGATIVE
27,2016,4,PRE_MONSOON,0,0.0074489824,0.0074489824,LOW,0,LOW,0.09,TRUE_NEGATIVE
28,2016,4,PRE_MONSOON,0,0.03804617,0.03804617,LOW,0,LOW,0.09,TRUE_NEGATIVE
29,2016,4,PRE_MONSOON,0,0.0052757477,0.0052757477,LOW,0,LOW,0.09,TRUE_NEGATIVE
30,2016,4,PRE_MONSOON,0,0.005276544,0.005276544,LOW,0,LOW,0.09,TRUE_NEGATIVE
31,2016,4,PRE_MONSOON,0,0.0068361363,0.0068361363,LOW,0,LOW,0.09,TRUE_NEGATIVE
32,2016,4,PRE_MONSOON,0,0.0054393783,0.0054393783,LOW,0,LOW,0.09,TRUE_NEGATIVE
33,2016,4,PRE_MONSOON,0,0.005242145,0.005242145,LOW,0,LOW,0.09,TRUE_NEGATIVE
34,2016,4,PRE_MONSOON,0,0.005600086,0.005600086,LOW,0,LOW,0.09,TRUE_NEGATIVE
35,2016,4,PRE_MONSOON,0,0.0050567226,0.0050567226,LOW,0,LOW,0.09,TRUE_NEGATIVE
0,2016,3,PRE_MONSOON,0,0.008218655,0.008218655,LOW,0,LOW,0.09,TRUE_NEGATIVE
1,2016,3,PRE_MONSOON,0,0.016256416,0.016256416,LOW,0,LOW,0.09,TRUE_NEGATIVE
2,2016,3,PRE_MONSOON,0,0.036047466,0.036047466,LOW,0,LOW,0.09,TRUE_NEGATIVE
3,2016,3,PRE_MONSOON,0,0.00854505,0.00854505,LOW,0,LOW,0.09,TRUE_NEGATIVE
4,2016,3,PRE_MONSOON,0,0.009918449,0.009918449,LOW,0,LOW,0.09,TRUE_NEGATIVE
5,2016,3,PRE_MONSOON,0,0.0071608666,0.0071608666,LOW,0,LOW,0.09,TRUE_NEGATIVE
6,2016,3,PRE_MONSOON,0,0.0058319215,0.0058319215,LOW,0,LOW,0.09,TRUE_NEGATIVE
7,2016,3,PRE_MONSOON,0,0.009204976,0.009204976,LOW,0,LOW,0.09,TRUE_NEGATIVE
8,2016,3,PRE_MONSOON,0,0.006900749,0.006900749,LOW,0,LOW,0.09,TRUE_NEGATIVE
9,2016,3,PRE_MONSOON,0,0.0061333817,0.0061333817,LOW,0,LOW,0.09,TRUE_NEGATIVE
10,2016,3,PRE_MONSOON,0,0.019376654,0.019376654,LOW,0,LOW,0.09,TRUE_NEGATIVE
11,2016,3,PRE_MONSOON,0,0.0053133694,0.0053133694,LOW,0,LOW,0.09,TRUE_NEGATIVE
12,2016,3,PRE_MONSOON,0,0.006859037,0.006859037,LOW,0,LOW,0.09,TRUE_NEGATIVE
13,2016,3,PRE_MONSOON,0,0.046305493,0.046305493,LOW,0,LOW,0.09,TRUE_NEGATIVE
14,2016,3,PRE_MONSOON,0,0.068531446,0.068531446,MODERATE,0,MODERATE,0.09,TRUE_NEGATIVE
15,2016,3,PRE_MONSOON,0,0.016323429,0.016323429,LOW,0,LOW,0.09,TRUE_NEGATIVE
16,2016,3,PRE_MONSOON,1,0.0276177,0.0276177,LOW,0,LOW,0.09,FALSE_NEGATIVE
17,2016,3,PRE_MONSOON,0,0.006354769,0.006354769,LOW,0,LOW,0.09,TRUE_NEGATIVE
18,2016,3,PRE_MONSOON,0,0.007183103,0.007183103,LOW,0,LOW,0.09,TRUE_NEGATIVE
19,2016,3,PRE_MONSOON,0,0.0061387904,0.0061387904,LOW,0,LOW,0.09,TRUE_NEGATIVE
20,2016,3,PRE_MONSOON,0,0.006225524,0.006225524,LOW,0,LOW,0.09,TRUE_NEGATIVE
21,2016,3,PRE_MONSOON,0,0.032803915,0.032803915,LOW,0,LOW,0.09,TRUE_NEGATIVE
22,2016,3,PRE_MONSOON,0,0.007002784,0.007002784,LOW,0,LOW,0.09,TRUE_NEGATIVE
23,2016,3,PRE_MONSOON,0,0.010565882,0.010565882,LOW,0,LOW,0.09,TRUE_NEGATIVE
24,2016,3,PRE_MONSOON,0,0.0071440064,0.0071440064,LOW,0,LOW,0.09,TRUE_NEGATIVE
25,2016,3,PRE_MONSOON,0,0.005300839,0.005300839,LOW,0,LOW,0.09,TRUE_NEGATIVE
26,2016,3,PRE_MONSOON,0,0.005212178,0.005212178,LOW,0,LOW,0.09,TRUE_NEGATIVE
27,2016,3,PRE_MONSOON,0,0.011660658,0.011660658,LOW,0,LOW,0.09,TRUE_NEGATIVE
28,2016,3,PRE_MONSOON,0,0.09727076,0.09727076,ELEVATED,1,ELEVATED,0.09,FALSE_POSITIVE
29,2016,3,PRE_MONSOON,0,0.005670408,0.005670408,LOW,0,LOW,0.09,TRUE_NEGATIVE
30,2016,3,PRE_MONSOON,0,0.0057826145,0.0057826145,LOW,0,LOW,0.09,TRUE_NEGATIVE
31,2016,3,PRE_MONSOON,0,0.0077812835,0.0077812835,LOW,0,LOW,0.09,TRUE_NEGATIVE
32,2016,3,PRE_MONSOON,0,0.0060181855,0.0060181855,LOW,0,LOW,0.09,TRUE_NEGATIVE
33,2016,3,PRE_MONSOON,0,0.0056245364,0.0056245364,LOW,0,LOW,0.09,TRUE_NEGATIVE
34,2016,3,PRE_MONSOON,0,0.0052372664,0.0052372664,LOW,0,LOW,0.09,TRUE_NEGATIVE
35,2016,3,PRE_MONSOON,0,0.0057418393,0.0057418393,LOW,0,LOW,0.09,TRUE_NEGATIVE
0,2016,7,MONSOON,0,0.023631357,0.023631357,LOW,0,LOW,0.09,TRUE_NEGATIVE
1,2016,7,MONSOON,0,0.021752067,0.021752067,LOW,0,LOW,0.09,TRUE_NEGATIVE
2,2016,7,MONSOON,0,0.06965222,0.06965222,MODERATE,0,MODERATE,0.09,TRUE_NEGATIVE
3,2016,7,MONSOON,0,0.017847927,0.017847927,LOW,0,LOW,0.09,TRUE_NEGATIVE
4,2016,7,MONSOON,0,0.02446036,0.02446036,LOW,0,LOW,0.09,TRUE_NEGATIVE
5,2016,7,MONSOON,0,0.038628228,0.038628228,LOW,0,LOW,0.09,TRUE_NEGATIVE
6,2016,7,MONSOON,0,0.039265603,0.039265603,LOW,0,LOW,0.09,TRUE_NEGATIVE
7,2016,7,MONSOON,0,0.0114617115,0.0114617115,LOW,0,LOW,0.09,TRUE_NEGATIVE
8,2016,7,MONSOON,0,0.007660581,0.007660581,LOW,0,LOW,0.09,TRUE_NEGATIVE
9,2016,7,MONSOON,0,0.007542168,0.007542168,LOW,0,LOW,0.09,TRUE_NEGATIVE
10,2016,7,MONSOON,0,0.061007638,0.061007638,MODERATE,0,MODERATE,0.09,TRUE_NEGATIVE
11,2016,7,MONSOON,0,0.0064466544,0.0064466544,LOW,0,LOW,0.09,TRUE_NEGATIVE
12,2016,7,MONSOON,0,0.0066498728,0.0066498728,LOW,0,LOW,0.09,TRUE_NEGATIVE
13,2016,7,MONSOON,0,0.02790234,0.02790234,LOW,0,LOW,0.09,TRUE_NEGATIVE
14,2016,7,MONSOON,0,0.032501746,0.032501746,LOW,0,LOW,0.09,TRUE_NEGATIVE
15,2016,7,MONSOON,0,0.012164032,0.012164032,LOW,0,LOW,0.09,TRUE_NEGATIVE
16,2016,7,MONSOON,1,0.0799486,0.0799486,MODERATE,0,MODERATE,0.09,FALSE_NEGATIVE
17,2016,7,MONSOON,0,0.061141502,0.061141502,MODERATE,0,MODERATE,0.09,TRUE_NEGATIVE
18,2016,7,MONSOON,0,0.027471997,0.027471997,LOW,0,LOW,0.09,TRUE_NEGATIVE
19,2016,7,MONSOON,0,0.016799204,0.016799204,LOW,0,LOW,0.09,TRUE_NEGATIVE
20,2016,7,MONSOON,0,0.014101536,0.014101536,LOW,0,LOW,0.09,TRUE_NEGATIVE
21,2016,7,MONSOON,0,0.07583181,0.07583181,MODERATE,0,MODERATE,0.09,TRUE_NEGATIVE
22,2016,7,MONSOON,0,0.027529625,0.027529625,LOW,0,LOW,0.09,TRUE_NEGATIVE
23,2016,7,MONSOON,0,0.031348217,0.031348217,LOW,0,LOW,0.09,TRUE_NEGATIVE
24,2016,7,MONSOON,0,0.008984651,0.008984651,LOW,0,LOW,0.09,TRUE_NEGATIVE
25,2016,7,MONSOON,0,0.024282722,0.024282722,LOW,0,LOW,0.09,TRUE_NEGATIVE
26,2016,7,MONSOON,0,0.0059785927,0.0059785927,LOW,0,LOW,0.09,TRUE_NEGATIVE
27,2016,7,MONSOON,0,0.06119415,0.06119415,MODERATE,0,MODERATE,0.09,TRUE_NEGATIVE
28,2016,7,MONSOON,0,0.11739609,0.11739609,HIGH,1,HIGH,0.09,FALSE_POSITIVE
29,2016,7,MONSOON,0,0.019729877,0.019729877,LOW,0,LOW,0.09,TRUE_NEGATIVE
30,2016,7,MONSOON,0,0.019748054,0.019748054,LOW,0,LOW,0.09,TRUE_NEGATIVE
31,2016,7,MONSOON,0,0.019697493,0.019697493,LOW,0,LOW,0.09,TRUE_NEGATIVE
32,2016,7,MONSOON,0,0.022294633,0.022294633,LOW,0,LOW,0.09,TRUE_NEGATIVE
33,2016,7,MONSOON,0,0.015399083,0.015399083,LOW,0,LOW,0.09,TRUE_NEGATIVE
34,2016,7,MONSOON,0,0.0071811373,0.0071811373,LOW,0,LOW,0.09,TRUE_NEGATIVE
35,2016,7,MONSOON,0,0.008832549,0.008832549,LOW,0,LOW,0.09,TRUE_NEGATIVE
0,2016,0,UNKNOWN,0,0.056587666,0.056587666,MODERATE,0,MODERATE,0.09,TRUE_NEGATIVE
1,2016,0,UNKNOWN,0,0.03602356,0.03602356,LOW,0,LOW,0.09,TRUE_NEGATIVE
2,2016,0,UNKNOWN,0,0.11042279,0.11042279,HIGH,1,HIGH,0.09,FALSE_POSITIVE
3,2016,0,UNKNOWN,0,0.058062248,0.058062248,MODERATE,0,MODERATE,0.09,TRUE_NEGATIVE
4,2016,0,UNKNOWN,0,0.11879517,0.11879517,HIGH,1,HIGH,0.09,FALSE_POSITIVE
5,2016,0,UNKNOWN,0,0.09305947,0.09305947,ELEVATED,1,ELEVATED,0.09,FALSE_POSITIVE
6,2016,0,UNKNOWN,0,0.113327175,0.113327175,HIGH,1,HIGH,0.09,FALSE_POSITIVE
7,2016,0,UNKNOWN,0,0.07300166,0.07300166,MODERATE,0,MODERATE,0.09,TRUE_NEGATIVE
8,2016,0,UNKNOWN,0,0.046400703,0.046400703,LOW,0,LOW,0.09,TRUE_NEGATIVE
9,2016,0,UNKNOWN,0,0.039015055,0.039015055,LOW,0,LOW,0.09,TRUE_NEGATIVE
10,2016,0,UNKNOWN,0,0.07970907,0.07970907,MODERATE,0,MODERATE,0.09,TRUE_NEGATIVE
11,2016,0,UNKNOWN,0,0.016056998,0.016056998,LOW,0,LOW,0.09,TRUE_NEGATIVE
12,2016,0,UNKNOWN,0,0.011118809,0.011118809,LOW,0,LOW,0.09,TRUE_NEGATIVE
13,2016,0,UNKNOWN,0,0.06347657,0.06347657,MODERATE,0,MODERATE,0.09,TRUE_NEGATIVE
14,2016,0,UNKNOWN,0,0.037099812,0.037099812,LOW,0,LOW,0.09,TRUE_NEGATIVE
15,2016,0,UNKNOWN,0,0.0453618,0.0453618,LOW,0,LOW,0.09,TRUE_NEGATIVE
16,2016,0,UNKNOWN,0,0.10102245,0.10102245,HIGH,1,HIGH,0.09,FALSE_POSITIVE
17,2016,0,UNKNOWN,0,0.14473213,0.14473213,HIGH,1,HIGH,0.09,FALSE_POSITIVE
18,2016,0,UNKNOWN,0,0.059087235,0.059087235,MODERATE,0,MODERATE,0.09,TRUE_NEGATIVE
19,2016,0,UNKNOWN,0,0.084918775,0.084918775,MODERATE,0,MODERATE,0.09,TRUE_NEGATIVE
20,2016,0,UNKNOWN,0,0.070109524,0.070109524,MODERATE,0,MODERATE,0.09,TRUE_NEGATIVE
21,2016,0,UNKNOWN,0,0.123462364,0.123462364,HIGH,1,HIGH,0.09,FALSE_POSITIVE
22,2016,0,UNKNOWN,0,0.086031854,0.086031854,MODERATE,0,MODERATE,0.09,TRUE_NEGATIVE
23,2016,0,UNKNOWN,0,0.10074618,0.10074618,HIGH,1,HIGH,0.09,FALSE_POSITIVE
24,2016,0,UNKNOWN,0,0.036019225,0.036019225,LOW,0,LOW,0.09,TRUE_NEGATIVE
25,2016,0,UNKNOWN,0,0.040028892,0.040028892,LOW,0,LOW,0.09,TRUE_NEGATIVE
26,2016,0,UNKNOWN,0,0.0070446706,0.0070446706,LOW,0,LOW,0.09,TRUE_NEGATIVE
27,2016,0,UNKNOWN,0,0.14441635,0.14441635,HIGH,1,HIGH,0.09,FALSE_POSITIVE
28,2016,0,UNKNOWN,0,0.14487001,0.14487001,HIGH,1,HIGH,0.09,FALSE_POSITIVE
29,2016,0,UNKNOWN,0,0.064653836,0.064653836,MODERATE,0,MODERATE,0.09,TRUE_NEGATIVE
30,2016,0,UNKNOWN,0,0.07907891,0.07907891,MODERATE,0,MODERATE,0.09,TRUE_NEGATIVE
31,2016,0,UNKNOWN,0,0.08231214,0.08231214,MODERATE,0,MODERATE,0.09,TRUE_NEGATIVE
32,2016,0,UNKNOWN,0,0.09115047,0.09115047,ELEVATED,1,ELEVATED,0.09,FALSE_POSITIVE
33,2016,0,UNKNOWN,0,0.07030859,0.07030859,MODERATE,0,MODERATE,0.09,TRUE_NEGATIVE
34,2016,0,UNKNOWN,0,0.015044403,0.015044403,LOW,0,LOW,0.09,TRUE_NEGATIVE
35,2016,0,UNKNOWN,0,0.033828814,0.033828814,LOW,0,LOW,0.09,TRUE_NEGATIVE
0,2016,8,MONSOON,0,0.09145131,0.09145131,ELEVATED,1,ELEVATED,0.09,FALSE_POSITIVE
1,2016,8,MONSOON,0,0.04618562,0.04618562,LOW,0,LOW,0.09,TRUE_NEGATIVE
2,2016,8,MONSOON,1,0.07660917,0.07660917,MODERATE,0,MODERATE,0.09,FALSE_NEGATIVE
3,2016,8,MONSOON,1,0.07972869,0.07972869,MODERATE,0,MODERATE,0.09,FALSE_NEGATIVE
4,2016,8,MONSOON,0,0.12439996,0.12439996,HIGH,1,HIGH,0.09,FALSE_POSITIVE
5,2016,8,MONSOON,0,0.10924425,0.10924425,HIGH,1,HIGH,0.09,FALSE_POSITIVE
6,2016,8,MONSOON,0,0.13084301,0.13084301,HIGH,1,HIGH,0.09,FALSE_POSITIVE
7,2016,8,MONSOON,0,0.06893191,0.06893191,MODERATE,0,MODERATE,0.09,TRUE_NEGATIVE
8,2016,8,MONSOON,0,0.060876433,0.060876433,MODERATE,0,MODERATE,0.09,TRUE_NEGATIVE
9,2016,8,MONSOON,0,0.033328712,0.033328712,LOW,0,LOW,0.09,TRUE_NEGATIVE
10,2016,8,MONSOON,0,0.114035234,0.114035234,HIGH,1,HIGH,0.09,FALSE_POSITIVE
11,2016,8,MONSOON,0,0.030630196,0.030630196,LOW,0,LOW,0.09,TRUE_NEGATIVE
12,2016,8,MONSOON,0,0.011417887,0.011417887,LOW,0,LOW,0.09,TRUE_NEGATIVE
13,2016,8,MONSOON,0,0.077453546,0.077453546,MODERATE,0,MODERATE,0.09,TRUE_NEGATIVE
14,2016,8,MONSOON,0,0.058105376,0.058105376,MODERATE,0,MODERATE,0.09,TRUE_NEGATIVE
15,2016,8,MONSOON,0,0.10352896,0.10352896,HIGH,1,HIGH,0.09,FALSE_POSITIVE
16,2016,8,MONSOON,0,0.0925755,0.0925755,ELEVATED,1,ELEVATED,0.09,FALSE_POSITIVE
17,2016,8,MONSOON,0,0.16498064,0.16498064,CRITICAL,1,CRITICAL,0.09,FALSE_POSITIVE
18,2016,8,MONSOON,0,0.0900571,0.0900571,ELEVATED,1,ELEVATED,0.09,FALSE_POSITIVE
19,2016,8,MONSOON,0,0.1281021,0.1281021,HIGH,1,HIGH,0.09,FALSE_POSITIVE
20,2016,8,MONSOON,0,0.087664455,0.087664455,MODERATE,0,MODERATE,0.09,TRUE_NEGATIVE
21,2016,8,MONSOON,0,0.12491605,0.12491605,HIGH,1,HIGH,0.09,FALSE_POSITIVE
22,2016,8,MONSOON,0,0.10394772,0.10394772,HIGH,1,HIGH,0.09,FALSE_POSITIVE
23,2016,8,MONSOON,0,0.13017124,0.13017124,HIGH,1,HIGH,0.09,FALSE_POSITIVE
24,2016,8,MONSOON,0,0.039804853,0.039804853,LOW,0,LOW,0.09,TRUE_NEGATIVE
25,2016,8,MONSOON,0,0.08790471,0.08790471,MODERATE,0,MODERATE,0.09,TRUE_NEGATIVE
26,2016,8,MONSOON,0,0.010022773,0.010022773,LOW,0,LOW,0.09,TRUE_NEGATIVE
27,2016,8,MONSOON,1,0.14037132,0.14037132,HIGH,1,HIGH,0.09,TRUE_POSITIVE
28,2016,8,MONSOON,1,0.12130475,0.12130475,HIGH,1,HIGH,0.09,TRUE_POSITIVE
29,2016,8,MONSOON,0,0.07153964,0.07153964,MODERATE,0,MODERATE,0.09,TRUE_NEGATIVE
30,2016,8,MONSOON,0,0.075252704,0.075252704,MODERATE,0,MODERATE,0.09,TRUE_NEGATIVE
31,2016,8,MONSOON,0,0.10470621,0.10470621,HIGH,1,HIGH,0.09,FALSE_POSITIVE
32,2016,8,MONSOON,0,0.107802525,0.107802525,HIGH,1,HIGH,0.09,FALSE_POSITIVE
33,2016,8,MONSOON,0,0.09181553,0.09181553,ELEVATED,1,ELEVATED,0.09,FALSE_POSITIVE
34,2016,8,MONSOON,0,0.017543804,0.017543804,LOW,0,LOW,0.09,TRUE_NEGATIVE
35,2016,8,MONSOON,0,0.039206754,0.039206754,LOW,0,LOW,0.09,TRUE_NEGATIVE
0,2016,6,MONSOON,0,0.12258289,0.12258289,HIGH,1,HIGH,0.09,FALSE_POSITIVE
1,2016,6,MONSOON,0,0.04201297,0.04201297,LOW,0,LOW,0.09,TRUE_NEGATIVE
2,2016,6,MONSOON,1,0.10220399,0.10220399,HIGH,1,HIGH,0.09,TRUE_POSITIVE
3,2016,6,MONSOON,1,0.10119789,0.10119789,HIGH,1,HIGH,0.09,TRUE_POSITIVE
4,2016,6,MONSOON,0,0.13097198,0.13097198,HIGH,1,HIGH,0.09,FALSE_POSITIVE
5,2016,6,MONSOON,0,0.11925171,0.11925171,HIGH,1,HIGH,0.09,FALSE_POSITIVE
6,2016,6,MONSOON,0,0.13448337,0.13448337,HIGH,1,HIGH,0.09,FALSE_POSITIVE
7,2016,6,MONSOON,0,0.10620041,0.10620041,HIGH,1,HIGH,0.09,FALSE_POSITIVE
8,2016,6,MONSOON,0,0.07099177,0.07099177,MODERATE,0,MODERATE,0.09,TRUE_NEGATIVE
9,2016,6,MONSOON,0,0.065208696,0.065208696,MODERATE,0,MODERATE,0.09,TRUE_NEGATIVE
10,2016,6,MONSOON,0,0.102941774,0.102941774,HIGH,1,HIGH,0.09,FALSE_POSITIVE
11,2016,6,MONSOON,0,0.058243558,0.058243558,MODERATE,0,MODERATE,0.09,TRUE_NEGATIVE
12,2016,6,MONSOON,0,0.017537609,0.017537609,LOW,0,LOW,0.09,TRUE_NEGATIVE
13,2016,6,MONSOON,0,0.073952764,0.073952764,MODERATE,0,MODERATE,0.09,TRUE_NEGATIVE
14,2016,6,MONSOON,0,0.050133213,0.050133213,MODERATE,0,MODERATE,0.09,TRUE_NEGATIVE
15,2016,6,MONSOON,0,0.09826991,0.09826991,ELEVATED,1,ELEVATED,0.09,FALSE_POSITIVE
16,2016,6,MONSOON,0,0.10419628,0.10419628,HIGH,1,HIGH,0.09,FALSE_POSITIVE
17,2016,6,MONSOON,0,0.13575387,0.13575387,HIGH,1,HIGH,0.09,FALSE_POSITIVE
18,2016,6,MONSOON,0,0.10631821,0.10631821,HIGH,1,HIGH,0.09,FALSE_POSITIVE
19,2016,6,MONSOON,0,0.116465844,0.116465844,HIGH,1,HIGH,0.09,FALSE_POSITIVE
20,2016,6,MONSOON,0,0.07765887,0.07765887,MODERATE,0,MODERATE,0.09,TRUE_NEGATIVE
21,2016,6,MONSOON,0,0.09739105,0.09739105,ELEVATED,1,ELEVATED,0.09,FALSE_POSITIVE
22,2016,6,MONSOON,0,0.103781514,0.103781514,HIGH,1,HIGH,0.09,FALSE_POSITIVE
23,2016,6,MONSOON,0,0.13169897,0.13169897,HIGH,1,HIGH,0.09,FALSE_POSITIVE
24,2016,6,MONSOON,0,0.043349918,0.043349918,LOW,0,LOW,0.09,TRUE_NEGATIVE
25,2016,6,MONSOON,0,0.11525042,0.11525042,HIGH,1,HIGH,0.09,FALSE_POSITIVE
26,2016,6,MONSOON,0,0.014272626,0.014272626,LOW,0,LOW,0.09,TRUE_NEGATIVE
27,2016,6,MONSOON,1,0.13342859,0.13342859,HIGH,1,HIGH,0.09,TRUE_POSITIVE
28,2016,6,MONSOON,1,0.116780594,0.116780594,HIGH,1,HIGH,0.09,TRUE_POSITIVE
29,2016,6,MONSOON,1,0.09080284,0.09080284,ELEVATED,1,ELEVATED,0.09,TRUE_POSITIVE
30,2016,6,MONSOON,0,0.09166294,0.09166294,ELEVATED,1,ELEVATED,0.09,FALSE_POSITIVE
31,2016,6,MONSOON,0,0.11575286,0.11575286,HIGH,1,HIGH,0.09,FALSE_POSITIVE
32,2016,6,MONSOON,0,0.0960031,0.0960031,ELEVATED,1,ELEVATED,0.09,FALSE_POSITIVE
33,2016,6,MONSOON,0,0.10312944,0.10312944,HIGH,1,HIGH,0.09,FALSE_POSITIVE
34,2016,6,MONSOON,0,0.023999112,0.023999112,LOW,0,LOW,0.09,TRUE_NEGATIVE
35,2016,6,MONSOON,0,0.06770963,0.06770963,MODERATE,0,MODERATE,0.09,TRUE_NEGATIVE
0,2016,5,PRE_MONSOON,0,0.10316689,0.10316689,HIGH,1,HIGH,0.09,FALSE_POSITIVE
1,2016,5,PRE_MONSOON,0,0.05506973,0.05506973,MODERATE,0,MODERATE,0.09,TRUE_NEGATIVE
2,2016,5,PRE_MONSOON,1,0.09532234,0.09532234,ELEVATED,1,ELEVATED,0.09,TRUE_POSITIVE
3,2016,5,PRE_MONSOON,1,0.07224187,0.07224187,MODERATE,0,MODERATE,0.09,FALSE_NEGATIVE
4,2016,5,PRE_MONSOON,0,0.10351134,0.10351134,HIGH,1,HIGH,0.09,FALSE_POSITIVE
5,2016,5,PRE_MONSOON,0,0.083436765,0.083436765,MODERATE,0,MODERATE,0.09,TRUE_NEGATIVE
6,2016,5,PRE_MONSOON,0,0.1003201,0.1003201,HIGH,1,HIGH,0.09,FALSE_POSITIVE
7,2016,5,PRE_MONSOON,0,0.08027609,0.08027609,MODERATE,0,MODERATE,0.09,TRUE_NEGATIVE
8,2016,5,PRE_MONSOON,0,0.03814691,0.03814691,LOW,0,LOW,0.09,TRUE_NEGATIVE
9,2016,5,PRE_MONSOON,0,0.04583394,0.04583394,LOW,0,LOW,0.09,TRUE_NEGATIVE
10,2016,5,PRE_MONSOON,0,0.064900994,0.064900994,MODERATE,0,MODERATE,0.09,TRUE_NEGATIVE
11,2016,5,PRE_MONSOON,0,0.013347943,0.013347943,LOW,0,LOW,0.09,TRUE_NEGATIVE
12,2016,5,PRE_MONSOON,0,0.0074097514,0.0074097514,LOW,0,LOW,0.09,TRUE_NEGATIVE
13,2016,5,PRE_MONSOON,0,0.049551494,0.049551494,LOW,0,LOW,0.09,TRUE_NEGATIVE
14,2016,5,PRE_MONSOON,0,0.0598175,0.0598175,MODERATE,0,MODERATE,0.09,TRUE_NEGATIVE
15,2016,5,PRE_MONSOON,0,0.0648991,0.0648991,MODERATE,0,MODERATE,0.09,TRUE_NEGATIVE
16,2016,5,PRE_MONSOON,1,0.126158,0.126158,HIGH,1,HIGH,0.09,TRUE_POSITIVE
17,2016,5,PRE_MONSOON,0,0.08532725,0.08532725,MODERATE,0,MODERATE,0.09,TRUE_NEGATIVE
18,2016,5,PRE_MONSOON,0,0.067515016,0.067515016,MODERATE,0,MODERATE,0.09,TRUE_NEGATIVE
19,2016,5,PRE_MONSOON,0,0.09011842,0.09011842,ELEVATED,1,ELEVATED,0.09,FALSE_POSITIVE
20,2016,5,PRE_MONSOON,0,0.087916985,0.087916985,MODERATE,0,MODERATE,0.09,TRUE_NEGATIVE
21,2016,5,PRE_MONSOON,0,0.08169726,0.08169726,MODERATE,0,MODERATE,0.09,TRUE_NEGATIVE
22,2016,5,PRE_MONSOON,0,0.10204435,0.10204435,HIGH,1,HIGH,0.09,FALSE_POSITIVE
23,2016,5,PRE_MONSOON,0,0.08913272,0.08913272,MODERATE,0,MODERATE,0.09,TRUE_NEGATIVE
24,2016,5,PRE_MONSOON,0,0.012382046,0.012382046,LOW,0,LOW,0.09,TRUE_NEGATIVE
25,2016,5,PRE_MONSOON,1,0.10819654,0.10819654,HIGH,1,HIGH,0.09,TRUE_POSITIVE
26,2016,5,PRE_MONSOON,0,0.005738797,0.005738797,LOW,0,LOW,0.09,TRUE_NEGATIVE
27,2016,5,PRE_MONSOON,1,0.108679004,0.108679004,HIGH,1,HIGH,0.09,TRUE_POSITIVE
28,2016,5,PRE_MONSOON,1,0.09583369,0.09583369,ELEVATED,1,ELEVATED,0.09,TRUE_POSITIVE
29,2016,5,PRE_MONSOON,1,0.090472884,0.090472884,ELEVATED,1,ELEVATED,0.09,TRUE_POSITIVE
30,2016,5,PRE_MONSOON,0,0.04944193,0.04944193,LOW,0,LOW,0.09,TRUE_NEGATIVE
31,2016,5,PRE_MONSOON,0,0.04247546,0.04247546,LOW,0,LOW,0.09,TRUE_NEGATIVE
32,2016,5,PRE_MONSOON,0,0.053461984,0.053461984,MODERATE,0,MODERATE,0.09,TRUE_NEGATIVE
33,2016,5,PRE_MONSOON,0,0.051555414,0.051555414,MODERATE,0,MODERATE,0.09,TRUE_NEGATIVE
34,2016,5,PRE_MONSOON,0,0.007999917,0.007999917,LOW,0,LOW,0.09,TRUE_NEGATIVE
35,2016,5,PRE_MONSOON,0,0.03895585,0.03895585,LOW,0,LOW,0.09,TRUE_NEGATIVE
0,2016,1,WINTER,0,0.08383302,0.08383302,MODERATE,0,MODERATE,0.09,TRUE_NEGATIVE
1,2016,1,WINTER,0,0.03235508,0.03235508,LOW,0,LOW,0.09,TRUE_NEGATIVE
2,2016,1,WINTER,0,0.056337688,0.056337688,MODERATE,0,MODERATE,0.09,TRUE_NEGATIVE
3,2016,1,WINTER,0,0.029164283,0.029164283,LOW,0,LOW,0.09,TRUE_NEGATIVE
4,2016,1,WINTER,0,0.037873145,0.037873145,LOW,0,LOW,0.09,TRUE_NEGATIVE
5,2016,1,WINTER,0,0.05452342,0.05452342,MODERATE,0,MODERATE,0.09,TRUE_NEGATIVE
6,2016,1,WINTER,0,0.06826949,0.06826949,MODERATE,0,MODERATE,0.09,TRUE_NEGATIVE
7,2016,1,WINTER,0,0.020726528,0.020726528,LOW,0,LOW,0.09,TRUE_NEGATIVE
8,2016,1,WINTER,0,0.013520969,0.013520969,LOW,0,LOW,0.09,TRUE_NEGATIVE
9,2016,1,WINTER,0,0.021178178,0.021178178,LOW,0,LOW,0.09,TRUE_NEGATIVE
10,2016,1,WINTER,0,0.023986751,0.023986751,LOW,0,LOW,0.09,TRUE_NEGATIVE
11,2016,1,WINTER,0,0.008390644,0.008390644,LOW,0,LOW,0.09,TRUE_NEGATIVE
12,2016,1,WINTER,0,0.007362807,0.007362807,LOW,0,LOW,0.09,TRUE_NEGATIVE
13,2016,1,WINTER,0,0.021468088,0.021468088,LOW,0,LOW,0.09,TRUE_NEGATIVE
14,2016,1,WINTER,0,0.025597008,0.025597008,LOW,0,LOW,0.09,TRUE_NEGATIVE
15,2016,1,WINTER,0,0.022598067,0.022598067,LOW,0,LOW,0.09,TRUE_NEGATIVE
16,2016,1,WINTER,1,0.06893663,0.06893663,MODERATE,0,MODERATE,0.09,FALSE_NEGATIVE
17,2016,1,WINTER,0,0.026697733,0.026697733,LOW,0,LOW,0.09,TRUE_NEGATIVE
18,2016,1,WINTER,0,0.023043973,0.023043973,LOW,0,LOW,0.09,TRUE_NEGATIVE
19,2016,1,WINTER,0,0.024593996,0.024593996,LOW,0,LOW,0.09,TRUE_NEGATIVE
20,2016,1,WINTER,0,0.024999397,0.024999397,LOW,0,LOW,0.09,TRUE_NEGATIVE
21,2016,1,WINTER,0,0.053094223,0.053094223,MODERATE,0,MODERATE,0.09,TRUE_NEGATIVE
22,2016,1,WINTER,0,0.03625661,0.03625661,LOW,0,LOW,0.09,TRUE_NEGATIVE
23,2016,1,WINTER,0,0.030304998,0.030304998,LOW,0,LOW,0.09,TRUE_NEGATIVE
24,2016,1,WINTER,0,0.016757088,0.016757088,LOW,0,LOW,0.09,TRUE_NEGATIVE
25,2016,1,WINTER,1,0.08192018,0.08192018,MODERATE,0,MODERATE,0.09,FALSE_NEGATIVE
26,2016,1,WINTER,0,0.007538735,0.007538735,LOW,0,LOW,0.09,TRUE_NEGATIVE
27,2016,1,WINTER,1,0.058448948,0.058448948,MODERATE,0,MODERATE,0.09,FALSE_NEGATIVE
28,2016,1,WINTER,0,0.027911233,0.027911233,LOW,0,LOW,0.09,TRUE_NEGATIVE
29,2016,1,WINTER,1,0.089674585,0.089674585,MODERATE,0,MODERATE,0.09,FALSE_NEGATIVE
30,2016,1,WINTER,0,0.008983888,0.008983888,LOW,0,LOW,0.09,TRUE_NEGATIVE
31,2016,1,WINTER,0,0.013683504,0.013683504,LOW,0,LOW,0.09,TRUE_NEGATIVE
32,2016,1,WINTER,0,0.013909159,0.013909159,LOW,0,LOW,0.09,TRUE_NEGATIVE
33,2016,1,WINTER,0,0.009871622,0.009871622,LOW,0,LOW,0.09,TRUE_NEGATIVE
34,2016,1,WINTER,0,0.007042713,0.007042713,LOW,0,LOW,0.09,TRUE_NEGATIVE
35,2016,1,WINTER,0,0.008842606,0.008842606,LOW,0,LOW,0.09,TRUE_NEGATIVE
0,2016,11,POST_MONSOON,0,0.025888834,0.025888834,LOW,0,LOW,0.09,TRUE_NEGATIVE
1,2016,11,POST_MONSOON,0,0.023675933,0.023675933,LOW,0,LOW,0.09,TRUE_NEGATIVE
2,2016,11,POST_MONSOON,0,0.042370517,0.042370517,LOW,0,LOW,0.09,TRUE_NEGATIVE
3,2016,11,POST_MONSOON,0,0.0076876255,0.0076876255,LOW,0,LOW,0.09,TRUE_NEGATIVE
4,2016,11,POST_MONSOON,0,0.006709495,0.006709495,LOW,0,LOW,0.09,TRUE_NEGATIVE
5,2016,11,POST_MONSOON,0,0.018109228,0.018109228,LOW,0,LOW,0.09,TRUE_NEGATIVE
6,2016,11,POST_MONSOON,0,0.043040857,0.043040857,LOW,0,LOW,0.09,TRUE_NEGATIVE
7,2016,11,POST_MONSOON,0,0.0065129586,0.0065129586,LOW,0,LOW,0.09,TRUE_NEGATIVE
8,2016,11,POST_MONSOON,0,0.0063290303,0.0063290303,LOW,0,LOW,0.09,TRUE_NEGATIVE
9,2016,11,POST_MONSOON,0,0.006370192,0.006370192,LOW,0,LOW,0.09,TRUE_NEGATIVE
10,2016,11,POST_MONSOON,0,0.0058297734,0.0058297734,LOW,0,LOW,0.09,TRUE_NEGATIVE
11,2016,11,POST_MONSOON,0,0.0063110804,0.0063110804,LOW,0,LOW,0.09,TRUE_NEGATIVE
12,2016,11,POST_MONSOON,0,0.0059562926,0.0059562926,LOW,0,LOW,0.09,TRUE_NEGATIVE
13,2016,11,POST_MONSOON,0,0.008083994,0.008083994,LOW,0,LOW,0.09,TRUE_NEGATIVE
14,2016,11,POST_MONSOON,0,0.009510327,0.009510327,LOW,0,LOW,0.09,TRUE_NEGATIVE
15,2016,11,POST_MONSOON,0,0.006260963,0.006260963,LOW,0,LOW,0.09,TRUE_NEGATIVE
16,2016,11,POST_MONSOON,1,0.026820865,0.026820865,LOW,0,LOW,0.09,FALSE_NEGATIVE
17,2016,11,POST_MONSOON,0,0.016369823,0.016369823,LOW,0,LOW,0.09,TRUE_NEGATIVE
18,2016,11,POST_MONSOON,0,0.007142576,0.007142576,LOW,0,LOW,0.09,TRUE_NEGATIVE
19,2016,11,POST_MONSOON,0,0.00842894,0.00842894,LOW,0,LOW,0.09,TRUE_NEGATIVE
20,2016,11,POST_MONSOON,0,0.008496206,0.008496206,LOW,0,LOW,0.09,TRUE_NEGATIVE
21,2016,11,POST_MONSOON,0,0.012442386,0.012442386,LOW,0,LOW,0.09,TRUE_NEGATIVE
22,2016,11,POST_MONSOON,0,0.009395807,0.009395807,LOW,0,LOW,0.09,TRUE_NEGATIVE
23,2016,11,POST_MONSOON,0,0.0063944743,0.0063944743,LOW,0,LOW,0.09,TRUE_NEGATIVE
24,2016,11,POST_MONSOON,0,0.0069810622,0.0069810622,LOW,0,LOW,0.09,TRUE_NEGATIVE
25,2016,11,POST_MONSOON,1,0.036373977,0.036373977,LOW,0,LOW,0.09,FALSE_NEGATIVE
26,2016,11,POST_MONSOON,0,0.0069964663,0.0069964663,LOW,0,LOW,0.09,TRUE_NEGATIVE
27,2016,11,POST_MONSOON,1,0.020215949,0.020215949,LOW,0,LOW,0.09,FALSE_NEGATIVE
28,2016,11,POST_MONSOON,0,0.01064122,0.01064122,LOW,0,LOW,0.09,TRUE_NEGATIVE
29,2016,11,POST_MONSOON,1,0.05929234,0.05929234,MODERATE,0,MODERATE,0.09,FALSE_NEGATIVE
30,2016,11,POST_MONSOON,0,0.006375428,0.006375428,LOW,0,LOW,0.09,TRUE_NEGATIVE
31,2016,11,POST_MONSOON,0,0.0053585847,0.0053585847,LOW,0,LOW,0.09,TRUE_NEGATIVE
32,2016,11,POST_MONSOON,0,0.0054627913,0.0054627913,LOW,0,LOW,0.09,TRUE_NEGATIVE
33,2016,11,POST_MONSOON,0,0.005318939,0.005318939,LOW,0,LOW,0.09,TRUE_NEGATIVE
34,2016,11,POST_MONSOON,0,0.0058792597,0.0058792597,LOW,0,LOW,0.09,TRUE_NEGATIVE
35,2016,11,POST_MONSOON,0,0.0052474914,0.0052474914,LOW,0,LOW,0.09,TRUE_NEGATIVE
0,2016,10,POST_MONSOON,0,0.014308777,0.014308777,LOW,0,LOW,0.09,TRUE_NEGATIVE
1,2016,10,POST_MONSOON,0,0.0061739846,0.0061739846,LOW,0,LOW,0.09,TRUE_NEGATIVE
2,2016,10,POST_MONSOON,0,0.005983979,0.005983979,LOW,0,LOW,0.09,TRUE_NEGATIVE
3,2016,10,POST_MONSOON,0,0.005371467,0.005371467,LOW,0,LOW,0.09,TRUE_NEGATIVE
4,2016,10,POST_MONSOON,0,0.004990955,0.004990955,LOW,0,LOW,0.09,TRUE_NEGATIVE
5,2016,10,POST_MONSOON,0,0.0064084437,0.0064084437,LOW,0,LOW,0.09,TRUE_NEGATIVE
6,2016,10,POST_MONSOON,0,0.005793008,0.005793008,LOW,0,LOW,0.09,TRUE_NEGATIVE
7,2016,10,POST_MONSOON,0,0.0049280375,0.0049280375,LOW,0,LOW,0.09,TRUE_NEGATIVE
8,2016,10,POST_MONSOON,0,0.005004981,0.005004981,LOW,0,LOW,0.09,TRUE_NEGATIVE
9,2016,10,POST_MONSOON,0,0.00493728,0.00493728,LOW,0,LOW,0.09,TRUE_NEGATIVE
10,2016,10,POST_MONSOON,0,0.0049721487,0.0049721487,LOW,0,LOW,0.09,TRUE_NEGATIVE
11,2016,10,POST_MONSOON,0,0.0052534384,0.0052534384,LOW,0,LOW,0.09,TRUE_NEGATIVE
12,2016,10,POST_MONSOON,0,0.004954416,0.004954416,LOW,0,LOW,0.09,TRUE_NEGATIVE
13,2016,10,POST_MONSOON,0,0.0071479785,0.0071479785,LOW,0,LOW,0.09,TRUE_NEGATIVE
14,2016,10,POST_MONSOON,0,0.011518579,0.011518579,LOW,0,LOW,0.09,TRUE_NEGATIVE
15,2016,10,POST_MONSOON,0,0.0050107385,0.0050107385,LOW,0,LOW,0.09,TRUE_NEGATIVE
16,2016,10,POST_MONSOON,0,0.0130700525,0.0130700525,LOW,0,LOW,0.09,TRUE_NEGATIVE
17,2016,10,POST_MONSOON,0,0.005488663,0.005488663,LOW,0,LOW,0.09,TRUE_NEGATIVE
18,2016,10,POST_MONSOON,0,0.006411165,0.006411165,LOW,0,LOW,0.09,TRUE_NEGATIVE
19,2016,10,POST_MONSOON,0,0.004957376,0.004957376,LOW,0,LOW,0.09,TRUE_NEGATIVE
20,2016,10,POST_MONSOON,0,0.005475277,0.005475277,LOW,0,LOW,0.09,TRUE_NEGATIVE
21,2016,10,POST_MONSOON,0,0.00541663,0.00541663,LOW,0,LOW,0.09,TRUE_NEGATIVE
22,2016,10,POST_MONSOON,0,0.0061869416,0.0061869416,LOW,0,LOW,0.09,TRUE_NEGATIVE
23,2016,10,POST_MONSOON,0,0.0049419394,0.0049419394,LOW,0,LOW,0.09,TRUE_NEGATIVE
24,2016,10,POST_MONSOON,0,0.0051088603,0.0051088603,LOW,0,LOW,0.09,TRUE_NEGATIVE
25,2016,10,POST_MONSOON,0,0.021609172,0.021609172,LOW,0,LOW,0.09,TRUE_NEGATIVE
26,2016,10,POST_MONSOON,0,0.0053382404,0.0053382404,LOW,0,LOW,0.09,TRUE_NEGATIVE
27,2016,10,POST_MONSOON,0,0.00962919,0.00962919,LOW,0,LOW,0.09,TRUE_NEGATIVE
28,2016,10,POST_MONSOON,0,0.005273439,0.005273439,LOW,0,LOW,0.09,TRUE_NEGATIVE
29,2016,10,POST_MONSOON,1,0.041045353,0.041045353,LOW,0,LOW,0.09,FALSE_NEGATIVE
30,2016,10,POST_MONSOON,0,0.004833475,0.004833475,LOW,0,LOW,0.09,TRUE_NEGATIVE
31,2016,10,POST_MONSOON,0,0.00469332,0.00469332,LOW,0,LOW,0.09,TRUE_NEGATIVE
32,2016,10,POST_MONSOON,0,0.004751255,0.004751255,LOW,0,LOW,0.09,TRUE_NEGATIVE
33,2016,10,POST_MONSOON,0,0.0047474094,0.0047474094,LOW,0,LOW,0.09,TRUE_NEGATIVE
34,2016,10,POST_MONSOON,0,0.004773958,0.004773958,LOW,0,LOW,0.09,TRUE_NEGATIVE
35,2016,10,POST_MONSOON,0,0.0047589815,0.0047589815,LOW,0,LOW,0.09,TRUE_NEGATIVE
0,2016,9,MONSOON,0,0.006334613,0.006334613,LOW,0,LOW,0.09,TRUE_NEGATIVE
1,2016,9,MONSOON,0,0.005834739,0.005834739,LOW,0,LOW,0.09,TRUE_NEGATIVE
2,2016,9,MONSOON,0,0.007288543,0.007288543,LOW,0,LOW,0.09,TRUE_NEGATIVE
3,2016,9,MONSOON,0,0.0048848423,0.0048848423,LOW,0,LOW,0.09,TRUE_NEGATIVE
4,2016,9,MONSOON,0,0.005022639,0.005022639,LOW,0,LOW,0.09,TRUE_NEGATIVE
5,2016,9,MONSOON,0,0.00549662,0.00549662,LOW,0,LOW,0.09,TRUE_NEGATIVE
6,2016,9,MONSOON,0,0.00622402,0.00622402,LOW,0,LOW,0.09,TRUE_NEGATIVE
7,2016,9,MONSOON,0,0.0050436766,0.0050436766,LOW,0,LOW,0.09,TRUE_NEGATIVE
8,2016,9,MONSOON,0,0.004887154,0.004887154,LOW,0,LOW,0.09,TRUE_NEGATIVE
9,2016,9,MONSOON,0,0.0049605174,0.0049605174,LOW,0,LOW,0.09,TRUE_NEGATIVE
10,2016,9,MONSOON,0,0.0050516557,0.0050516557,LOW,0,LOW,0.09,TRUE_NEGATIVE
11,2016,9,MONSOON,0,0.00488351,0.00488351,LOW,0,LOW,0.09,TRUE_NEGATIVE
12,2016,9,MONSOON,0,0.004951807,0.004951807,LOW,0,LOW,0.09,TRUE_NEGATIVE
13,2016,9,MONSOON,0,0.025732916,0.025732916,LOW,0,LOW,0.09,TRUE_NEGATIVE
14,2016,9,MONSOON,0,0.041473124,0.041473124,LOW,0,LOW,0.09,TRUE_NEGATIVE
15,2016,9,MONSOON,0,0.0050109406,0.0050109406,LOW,0,LOW,0.09,TRUE_NEGATIVE
16,2016,9,MONSOON,0,0.011309183,0.011309183,LOW,0,LOW,0.09,TRUE_NEGATIVE
17,2016,9,MONSOON,0,0.0056934115,0.0056934115,LOW,0,LOW,0.09,TRUE_NEGATIVE
18,2016,9,MONSOON,0,0.010643434,0.010643434,LOW,0,LOW,0.09,TRUE_NEGATIVE
19,2016,9,MONSOON,0,0.005492855,0.005492855,LOW,0,LOW,0.09,TRUE_NEGATIVE
20,2016,9,MONSOON,0,0.0052918834,0.0052918834,LOW,0,LOW,0.09,TRUE_NEGATIVE
21,2016,9,MONSOON,0,0.0053487886,0.0053487886,LOW,0,LOW,0.09,TRUE_NEGATIVE
22,2016,9,MONSOON,0,0.0053486386,0.0053486386,LOW,0,LOW,0.09,TRUE_NEGATIVE
23,2016,9,MONSOON,0,0.0049326206,0.0049326206,LOW,0,LOW,0.09,TRUE_NEGATIVE
24,2016,9,MONSOON,0,0.005038061,0.005038061,LOW,0,LOW,0.09,TRUE_NEGATIVE
25,2016,9,MONSOON,0,0.009777946,0.009777946,LOW,0,LOW,0.09,TRUE_NEGATIVE
26,2016,9,MONSOON,0,0.0049271863,0.0049271863,LOW,0,LOW,0.09,TRUE_NEGATIVE
27,2016,9,MONSOON,0,0.007856599,0.007856599,LOW,0,LOW,0.09,TRUE_NEGATIVE
28,2016,9,MONSOON,0,0.005532412,0.005532412,LOW,0,LOW,0.09,TRUE_NEGATIVE
29,2016,9,MONSOON,0,0.012540716,0.012540716,LOW,0,LOW,0.09,TRUE_NEGATIVE
30,2016,9,MONSOON,0,0.0048710406,0.0048710406,LOW,0,LOW,0.09,TRUE_NEGATIVE
31,2016,9,MONSOON,0,0.0048614093,0.0048614093,LOW,0,LOW,0.09,TRUE_NEGATIVE
32,2016,9,MONSOON,0,0.0048245997,0.0048245997,LOW,0,LOW,0.09,TRUE_NEGATIVE
33,2016,9,MONSOON,0,0.004720598,0.004720598,LOW,0,LOW,0.09,TRUE_NEGATIVE
34,2016,9,MONSOON,0,0.0048276917,0.0048276917,LOW,0,LOW,0.09,TRUE_NEGATIVE
35,2016,9,MONSOON,0,0.0048682005,0.0048682005,LOW,0,LOW,0.09,TRUE_NEGATIVE
0,2016,2,WINTER,0,0.0071127787,0.0071127787,LOW,0,LOW,0.09,TRUE_NEGATIVE
1,2016,2,WINTER,0,0.009091981,0.009091981,LOW,0,LOW,0.09,TRUE_NEGATIVE
2,2016,2,WINTER,0,0.0076810266,0.0076810266,LOW,0,LOW,0.09,TRUE_NEGATIVE
3,2016,2,WINTER,0,0.005055938,0.005055938,LOW,0,LOW,0.09,TRUE_NEGATIVE
4,2016,2,WINTER,0,0.00486994,0.00486994,LOW,0,LOW,0.09,TRUE_NEGATIVE
5,2016,2,WINTER,0,0.0053428076,0.0053428076,LOW,0,LOW,0.09,TRUE_NEGATIVE
6,2016,2,WINTER,0,0.0059047034,0.0059047034,LOW,0,LOW,0.09,TRUE_NEGATIVE
7,2016,2,WINTER,0,0.005026804,0.005026804,LOW,0,LOW,0.09,TRUE_NEGATIVE
8,2016,2,WINTER,0,0.005323755,0.005323755,LOW,0,LOW,0.09,TRUE_NEGATIVE
9,2016,2,WINTER,0,0.0057833767,0.0057833767,LOW,0,LOW,0.09,TRUE_NEGATIVE
10,2016,2,WINTER,0,0.004886382,0.004886382,LOW,0,LOW,0.09,TRUE_NEGATIVE
11,2016,2,WINTER,0,0.0049876245,0.0049876245,LOW,0,LOW,0.09,TRUE_NEGATIVE
12,2016,2,WINTER,0,0.0056863464,0.0056863464,LOW,0,LOW,0.09,TRUE_NEGATIVE
13,2016,2,WINTER,0,0.048841495,0.048841495,LOW,0,LOW,0.09,TRUE_NEGATIVE
14,2016,2,WINTER,0,0.059394196,0.059394196,MODERATE,0,MODERATE,0.09,TRUE_NEGATIVE
15,2016,2,WINTER,0,0.005237937,0.005237937,LOW,0,LOW,0.09,TRUE_NEGATIVE
16,2016,2,WINTER,0,0.01055881,0.01055881,LOW,0,LOW,0.09,TRUE_NEGATIVE
17,2016,2,WINTER,0,0.005500049,0.005500049,LOW,0,LOW,0.09,TRUE_NEGATIVE
18,2016,2,WINTER,0,0.010526891,0.010526891,LOW,0,LOW,0.09,TRUE_NEGATIVE
19,2016,2,WINTER,0,0.005069225,0.005069225,LOW,0,LOW,0.09,TRUE_NEGATIVE
20,2016,2,WINTER,0,0.0049959538,0.0049959538,LOW,0,LOW,0.09,TRUE_NEGATIVE
21,2016,2,WINTER,0,0.0065972893,0.0065972893,LOW,0,LOW,0.09,TRUE_NEGATIVE
22,2016,2,WINTER,0,0.0049820193,0.0049820193,LOW,0,LOW,0.09,TRUE_NEGATIVE
23,2016,2,WINTER,0,0.004881089,0.004881089,LOW,0,LOW,0.09,TRUE_NEGATIVE
24,2016,2,WINTER,0,0.0060391813,0.0060391813,LOW,0,LOW,0.09,TRUE_NEGATIVE
25,2016,2,WINTER,0,0.006436944,0.006436944,LOW,0,LOW,0.09,TRUE_NEGATIVE
26,2016,2,WINTER,0,0.0050462233,0.0050462233,LOW,0,LOW,0.09,TRUE_NEGATIVE
27,2016,2,WINTER,0,0.0069361283,0.0069361283,LOW,0,LOW,0.09,TRUE_NEGATIVE
28,2016,2,WINTER,0,0.0071599777,0.0071599777,LOW,0,LOW,0.09,TRUE_NEGATIVE
29,2016,2,WINTER,0,0.0071114153,0.0071114153,LOW,0,LOW,0.09,TRUE_NEGATIVE
30,2016,2,WINTER,0,0.0047720056,0.0047720056,LOW,0,LOW,0.09,TRUE_NEGATIVE
31,2016,2,WINTER,0,0.0053327717,0.0053327717,LOW,0,LOW,0.09,TRUE_NEGATIVE
32,2016,2,WINTER,0,0.004701185,0.004701185,LOW,0,LOW,0.09,TRUE_NEGATIVE
33,2016,2,WINTER,0,0.0047461186,0.0047461186,LOW,0,LOW,0.09,TRUE_NEGATIVE
34,2016,2,WINTER,0,0.004863585,0.004863585,LOW,0,LOW,0.09,TRUE_NEGATIVE
35,2016,2,WINTER,0,0.0049459604,0.0049459604,LOW,0,LOW,0.09,TRUE_NEGATIVE
0,2017,4,PRE_MONSOON,0,0.0071751527,0.0071751527,LOW,0,LOW,0.09,TRUE_NEGATIVE
1,2017,4,PRE_MONSOON,0,0.04178788,0.04178788,LOW,0,LOW,0.09,TRUE_NEGATIVE
2,2017,4,PRE_MONSOON,0,0.06622426,0.06622426,MODERATE,0,MODERATE,0.09,TRUE_NEGATIVE
3,2017,4,PRE_MONSOON,0,0.0064475774,0.0064475774,LOW,0,LOW,0.09,TRUE_NEGATIVE
4,2017,4,PRE_MONSOON,0,0.0071232156,0.0071232156,LOW,0,LOW,0.09,TRUE_NEGATIVE
5,2017,4,PRE_MONSOON,0,0.006236266,0.006236266,LOW,0,LOW,0.09,TRUE_NEGATIVE
6,2017,4,PRE_MONSOON,0,0.006097551,0.006097551,LOW,0,LOW,0.09,TRUE_NEGATIVE
7,2017,4,PRE_MONSOON,0,0.007593469,0.007593469,LOW,0,LOW,0.09,TRUE_NEGATIVE
8,2017,4,PRE_MONSOON,0,0.0051312624,0.0051312624,LOW,0,LOW,0.09,TRUE_NEGATIVE
9,2017,4,PRE_MONSOON,0,0.0062466622,0.0062466622,LOW,0,LOW,0.09,TRUE_NEGATIVE
10,2017,4,PRE_MONSOON,0,0.005797113,0.005797113,LOW,0,LOW,0.09,TRUE_NEGATIVE
11,2017,4,PRE_MONSOON,0,0.0050496073,0.0050496073,LOW,0,LOW,0.09,TRUE_NEGATIVE
12,2017,4,PRE_MONSOON,0,0.005887663,0.005887663,LOW,0,LOW,0.09,TRUE_NEGATIVE
13,2017,4,PRE_MONSOON,0,0.046070646,0.046070646,LOW,0,LOW,0.09,TRUE_NEGATIVE
14,2017,4,PRE_MONSOON,0,0.061891634,0.061891634,MODERATE,0,MODERATE,0.09,TRUE_NEGATIVE
15,2017,4,PRE_MONSOON,0,0.008872651,0.008872651,LOW,0,LOW,0.09,TRUE_NEGATIVE
16,2017,4,PRE_MONSOON,0,0.0075136423,0.0075136423,LOW,0,LOW,0.09,TRUE_NEGATIVE
17,2017,4,PRE_MONSOON,0,0.006593803,0.006593803,LOW,0,LOW,0.09,TRUE_NEGATIVE
18,2017,4,PRE_MONSOON,0,0.013387545,0.013387545,LOW,0,LOW,0.09,TRUE_NEGATIVE
19,2017,4,PRE_MONSOON,0,0.0058542076,0.0058542076,LOW,0,LOW,0.09,TRUE_NEGATIVE
20,2017,4,PRE_MONSOON,0,0.0054783835,0.0054783835,LOW,0,LOW,0.09,TRUE_NEGATIVE
21,2017,4,PRE_MONSOON,0,0.010135821,0.010135821,LOW,0,LOW,0.09,TRUE_NEGATIVE
22,2017,4,PRE_MONSOON,0,0.00570838,0.00570838,LOW,0,LOW,0.09,TRUE_NEGATIVE
23,2017,4,PRE_MONSOON,0,0.0058989264,0.0058989264,LOW,0,LOW,0.09,TRUE_NEGATIVE
24,2017,4,PRE_MONSOON,0,0.006538193,0.006538193,LOW,0,LOW,0.09,TRUE_NEGATIVE
25,2017,4,PRE_MONSOON,0,0.0057004937,0.0057004937,LOW,0,LOW,0.09,TRUE_NEGATIVE
26,2017,4,PRE_MONSOON,0,0.005034329,0.005034329,LOW,0,LOW,0.09,TRUE_NEGATIVE
27,2017,4,PRE_MONSOON,0,0.011158436,0.011158436,LOW,0,LOW,0.09,TRUE_NEGATIVE
28,2017,4,PRE_MONSOON,0,0.085603535,0.085603535,MODERATE,0,MODERATE,0.09,TRUE_NEGATIVE
29,2017,4,PRE_MONSOON,0,0.008138485,0.008138485,LOW,0,LOW,0.09,TRUE_NEGATIVE
30,2017,4,PRE_MONSOON,0,0.0053047678,0.0053047678,LOW,0,LOW,0.09,TRUE_NEGATIVE
31,2017,4,PRE_MONSOON,0,0.0059460443,0.0059460443,LOW,0,LOW,0.09,TRUE_NEGATIVE
32,2017,4,PRE_MONSOON,0,0.004974874,0.004974874,LOW,0,LOW,0.09,TRUE_NEGATIVE
33,2017,4,PRE_MONSOON,0,0.0049896673,0.0049896673,LOW,0,LOW,0.09,TRUE_NEGATIVE
34,2017,4,PRE_MONSOON,0,0.0053038415,0.0053038415,LOW,0,LOW,0.09,TRUE_NEGATIVE
35,2017,4,PRE_MONSOON,0,0.005219296,0.005219296,LOW,0,LOW,0.09,TRUE_NEGATIVE
0,2017,3,PRE_MONSOON,0,0.0067476607,0.0067476607,LOW,0,LOW,0.09,TRUE_NEGATIVE
1,2017,3,PRE_MONSOON,0,0.027541539,0.027541539,LOW,0,LOW,0.09,TRUE_NEGATIVE
2,2017,3,PRE_MONSOON,0,0.07720994,0.07720994,MODERATE,0,MODERATE,0.09,TRUE_NEGATIVE
3,2017,3,PRE_MONSOON,0,0.014813412,0.014813412,LOW,0,LOW,0.09,TRUE_NEGATIVE
4,2017,3,PRE_MONSOON,0,0.00882078,0.00882078,LOW,0,LOW,0.09,TRUE_NEGATIVE
5,2017,3,PRE_MONSOON,0,0.007659102,0.007659102,LOW,0,LOW,0.09,TRUE_NEGATIVE
6,2017,3,PRE_MONSOON,0,0.007216484,0.007216484,LOW,0,LOW,0.09,TRUE_NEGATIVE
7,2017,3,PRE_MONSOON,0,0.009380929,0.009380929,LOW,0,LOW,0.09,TRUE_NEGATIVE
8,2017,3,PRE_MONSOON,0,0.006591835,0.006591835,LOW,0,LOW,0.09,TRUE_NEGATIVE
9,2017,3,PRE_MONSOON,0,0.007249746,0.007249746,LOW,0,LOW,0.09,TRUE_NEGATIVE
10,2017,3,PRE_MONSOON,0,0.009955205,0.009955205,LOW,0,LOW,0.09,TRUE_NEGATIVE
11,2017,3,PRE_MONSOON,0,0.0055004037,0.0055004037,LOW,0,LOW,0.09,TRUE_NEGATIVE
12,2017,3,PRE_MONSOON,0,0.006010566,0.006010566,LOW,0,LOW,0.09,TRUE_NEGATIVE
13,2017,3,PRE_MONSOON,0,0.038446665,0.038446665,LOW,0,LOW,0.09,TRUE_NEGATIVE
14,2017,3,PRE_MONSOON,0,0.023262994,0.023262994,LOW,0,LOW,0.09,TRUE_NEGATIVE
15,2017,3,PRE_MONSOON,0,0.01183906,0.01183906,LOW,0,LOW,0.09,TRUE_NEGATIVE
16,2017,3,PRE_MONSOON,0,0.025211561,0.025211561,LOW,0,LOW,0.09,TRUE_NEGATIVE
17,2017,3,PRE_MONSOON,0,0.0066324803,0.0066324803,LOW,0,LOW,0.09,TRUE_NEGATIVE
18,2017,3,PRE_MONSOON,0,0.01462023,0.01462023,LOW,0,LOW,0.09,TRUE_NEGATIVE
19,2017,3,PRE_MONSOON,0,0.0073930975,0.0073930975,LOW,0,LOW,0.09,TRUE_NEGATIVE
20,2017,3,PRE_MONSOON,0,0.0068504605,0.0068504605,LOW,0,LOW,0.09,TRUE_NEGATIVE
21,2017,3,PRE_MONSOON,0,0.03986522,0.03986522,LOW,0,LOW,0.09,TRUE_NEGATIVE
22,2017,3,PRE_MONSOON,0,0.023290964,0.023290964,LOW,0,LOW,0.09,TRUE_NEGATIVE
23,2017,3,PRE_MONSOON,0,0.010022565,0.010022565,LOW,0,LOW,0.09,TRUE_NEGATIVE
24,2017,3,PRE_MONSOON,0,0.00630288,0.00630288,LOW,0,LOW,0.09,TRUE_NEGATIVE
25,2017,3,PRE_MONSOON,0,0.0062955497,0.0062955497,LOW,0,LOW,0.09,TRUE_NEGATIVE
26,2017,3,PRE_MONSOON,0,0.005406333,0.005406333,LOW,0,LOW,0.09,TRUE_NEGATIVE
27,2017,3,PRE_MONSOON,0,0.019920208,0.019920208,LOW,0,LOW,0.09,TRUE_NEGATIVE
28,2017,3,PRE_MONSOON,0,0.12681155,0.12681155,HIGH,1,HIGH,0.09,FALSE_POSITIVE
29,2017,3,PRE_MONSOON,0,0.006692673,0.006692673,LOW,0,LOW,0.09,TRUE_NEGATIVE
30,2017,3,PRE_MONSOON,0,0.0055961283,0.0055961283,LOW,0,LOW,0.09,TRUE_NEGATIVE
31,2017,3,PRE_MONSOON,0,0.007731451,0.007731451,LOW,0,LOW,0.09,TRUE_NEGATIVE
32,2017,3,PRE_MONSOON,0,0.005691916,0.005691916,LOW,0,LOW,0.09,TRUE_NEGATIVE
33,2017,3,PRE_MONSOON,0,0.00529408,0.00529408,LOW,0,LOW,0.09,TRUE_NEGATIVE
34,2017,3,PRE_MONSOON,0,0.0053274278,0.0053274278,LOW,0,LOW,0.09,TRUE_NEGATIVE
35,2017,3,PRE_MONSOON,0,0.0056701335,0.0056701335,LOW,0,LOW,0.09,TRUE_NEGATIVE
0,2017,7,MONSOON,0,0.022620648,0.022620648,LOW,0,LOW,0.09,TRUE_NEGATIVE
1,2017,7,MONSOON,0,0.027266692,0.027266692,LOW,0,LOW,0.09,TRUE_NEGATIVE
2,2017,7,MONSOON,0,0.1251076,0.1251076,HIGH,1,HIGH,0.09,FALSE_POSITIVE
3,2017,7,MONSOON,0,0.030206135,0.030206135,LOW,0,LOW,0.09,TRUE_NEGATIVE
4,2017,7,MONSOON,0,0.032419417,0.032419417,LOW,0,LOW,0.09,TRUE_NEGATIVE
5,2017,7,MONSOON,0,0.031037968,0.031037968,LOW,0,LOW,0.09,TRUE_NEGATIVE
6,2017,7,MONSOON,0,0.07125167,0.07125167,MODERATE,0,MODERATE,0.09,TRUE_NEGATIVE
7,2017,7,MONSOON,0,0.016955288,0.016955288,LOW,0,LOW,0.09,TRUE_NEGATIVE
8,2017,7,MONSOON,0,0.009729721,0.009729721,LOW,0,LOW,0.09,TRUE_NEGATIVE
9,2017,7,MONSOON,0,0.01277162,0.01277162,LOW,0,LOW,0.09,TRUE_NEGATIVE
10,2017,7,MONSOON,0,0.030837068,0.030837068,LOW,0,LOW,0.09,TRUE_NEGATIVE
11,2017,7,MONSOON,0,0.0077022957,0.0077022957,LOW,0,LOW,0.09,TRUE_NEGATIVE
12,2017,7,MONSOON,0,0.008164245,0.008164245,LOW,0,LOW,0.09,TRUE_NEGATIVE
13,2017,7,MONSOON,0,0.029905071,0.029905071,LOW,0,LOW,0.09,TRUE_NEGATIVE
14,2017,7,MONSOON,0,0.030678794,0.030678794,LOW,0,LOW,0.09,TRUE_NEGATIVE
15,2017,7,MONSOON,0,0.024143165,0.024143165,LOW,0,LOW,0.09,TRUE_NEGATIVE
16,2017,7,MONSOON,0,0.08255837,0.08255837,MODERATE,0,MODERATE,0.09,TRUE_NEGATIVE
17,2017,7,MONSOON,0,0.056908835,0.056908835,MODERATE,0,MODERATE,0.09,TRUE_NEGATIVE
18,2017,7,MONSOON,0,0.044313047,0.044313047,LOW,0,LOW,0.09,TRUE_NEGATIVE
19,2017,7,MONSOON,0,0.032384757,0.032384757,LOW,0,LOW,0.09,TRUE_NEGATIVE
20,2017,7,MONSOON,0,0.035845924,0.035845924,LOW,0,LOW,0.09,TRUE_NEGATIVE
21,2017,7,MONSOON,0,0.082201034,0.082201034,MODERATE,0,MODERATE,0.09,TRUE_NEGATIVE
22,2017,7,MONSOON,0,0.01723541,0.01723541,LOW,0,LOW,0.09,TRUE_NEGATIVE
23,2017,7,MONSOON,0,0.03239828,0.03239828,LOW,0,LOW,0.09,TRUE_NEGATIVE
24,2017,7,MONSOON,0,0.009949369,0.009949369,LOW,0,LOW,0.09,TRUE_NEGATIVE
25,2017,7,MONSOON,0,0.013343523,0.013343523,LOW,0,LOW,0.09,TRUE_NEGATIVE
26,2017,7,MONSOON,0,0.006798121,0.006798121,LOW,0,LOW,0.09,TRUE_NEGATIVE
27,2017,7,MONSOON,0,0.017448124,0.017448124,LOW,0,LOW,0.09,TRUE_NEGATIVE
28,2017,7,MONSOON,0,0.15411216,0.15411216,CRITICAL,1,CRITICAL,0.09,FALSE_POSITIVE
29,2017,7,MONSOON,0,0.01812764,0.01812764,LOW,0,LOW,0.09,TRUE_NEGATIVE
30,2017,7,MONSOON,0,0.0192788,0.0192788,LOW,0,LOW,0.09,TRUE_NEGATIVE
31,2017,7,MONSOON,0,0.021418324,0.021418324,LOW,0,LOW,0.09,TRUE_NEGATIVE
32,2017,7,MONSOON,0,0.030981483,0.030981483,LOW,0,LOW,0.09,TRUE_NEGATIVE
33,2017,7,MONSOON,0,0.013991129,0.013991129,LOW,0,LOW,0.09,TRUE_NEGATIVE
34,2017,7,MONSOON,0,0.006588623,0.006588623,LOW,0,LOW,0.09,TRUE_NEGATIVE
35,2017,7,MONSOON,0,0.009942693,0.009942693,LOW,0,LOW,0.09,TRUE_NEGATIVE
0,2017,0,UNKNOWN,0,0.06639181,0.06639181,MODERATE,0,MODERATE,0.09,TRUE_NEGATIVE
1,2017,0,UNKNOWN,0,0.03174861,0.03174861,LOW,0,LOW,0.09,TRUE_NEGATIVE
2,2017,0,UNKNOWN,0,0.091942415,0.091942415,ELEVATED,1,ELEVATED,0.09,FALSE_POSITIVE
3,2017,0,UNKNOWN,0,0.10380996,0.10380996,HIGH,1,HIGH,0.09,FALSE_POSITIVE
4,2017,0,UNKNOWN,0,0.1463481,0.1463481,HIGH,1,HIGH,0.09,FALSE_POSITIVE
5,2017,0,UNKNOWN,0,0.101158574,0.101158574,HIGH,1,HIGH,0.09,FALSE_POSITIVE
6,2017,0,UNKNOWN,0,0.14542586,0.14542586,HIGH,1,HIGH,0.09,FALSE_POSITIVE
7,2017,0,UNKNOWN,0,0.11927507,0.11927507,HIGH,1,HIGH,0.09,FALSE_POSITIVE
8,2017,0,UNKNOWN,0,0.07943438,0.07943438,MODERATE,0,MODERATE,0.09,TRUE_NEGATIVE
9,2017,0,UNKNOWN,0,0.073384486,0.073384486,MODERATE,0,MODERATE,0.09,TRUE_NEGATIVE
10,2017,0,UNKNOWN,0,0.10422929,0.10422929,HIGH,1,HIGH,0.09,FALSE_POSITIVE
11,2017,0,UNKNOWN,0,0.021924825,0.021924825,LOW,0,LOW,0.09,TRUE_NEGATIVE
12,2017,0,UNKNOWN,0,0.027779715,0.027779715,LOW,0,LOW,0.09,TRUE_NEGATIVE
13,2017,0,UNKNOWN,0,0.026910068,0.026910068,LOW,0,LOW,0.09,TRUE_NEGATIVE
14,2017,0,UNKNOWN,0,0.03770143,0.03770143,LOW,0,LOW,0.09,TRUE_NEGATIVE
15,2017,0,UNKNOWN,0,0.10895975,0.10895975,HIGH,1,HIGH,0.09,FALSE_POSITIVE
16,2017,0,UNKNOWN,0,0.11483606,0.11483606,HIGH,1,HIGH,0.09,FALSE_POSITIVE
17,2017,0,UNKNOWN,0,0.14905274,0.14905274,HIGH,1,HIGH,0.09,FALSE_POSITIVE
18,2017,0,UNKNOWN,0,0.1021628,0.1021628,HIGH,1,HIGH,0.09,FALSE_POSITIVE
19,2017,0,UNKNOWN,0,0.117113546,0.117113546,HIGH,1,HIGH,0.09,FALSE_POSITIVE
20,2017,0,UNKNOWN,0,0.13075241,0.13075241,HIGH,1,HIGH,0.09,FALSE_POSITIVE
21,2017,0,UNKNOWN,0,0.062638775,0.062638775,MODERATE,0,MODERATE,0.09,TRUE_NEGATIVE
22,2017,0,UNKNOWN,0,0.092758715,0.092758715,ELEVATED,1,ELEVATED,0.09,FALSE_POSITIVE
23,2017,0,UNKNOWN,0,0.11084599,0.11084599,HIGH,1,HIGH,0.09,FALSE_POSITIVE
24,2017,0,UNKNOWN,0,0.035847437,0.035847437,LOW,0,LOW,0.09,TRUE_NEGATIVE
25,2017,0,UNKNOWN,0,0.06883356,0.06883356,MODERATE,0,MODERATE,0.09,TRUE_NEGATIVE
26,2017,0,UNKNOWN,0,0.010714289,0.010714289,LOW,0,LOW,0.09,TRUE_NEGATIVE
27,2017,0,UNKNOWN,0,0.098969094,0.098969094,ELEVATED,1,ELEVATED,0.09,FALSE_POSITIVE
28,2017,0,UNKNOWN,0,0.1495212,0.1495212,HIGH,1,HIGH,0.09,FALSE_POSITIVE
29,2017,0,UNKNOWN,0,0.08205946,0.08205946,MODERATE,0,MODERATE,0.09,TRUE_NEGATIVE
30,2017,0,UNKNOWN,0,0.09540532,0.09540532,ELEVATED,1,ELEVATED,0.09,FALSE_POSITIVE
31,2017,0,UNKNOWN,0,0.08268622,0.08268622,MODERATE,0,MODERATE,0.09,TRUE_NEGATIVE
32,2017,0,UNKNOWN,0,0.118705414,0.118705414,HIGH,1,HIGH,0.09,FALSE_POSITIVE
33,2017,0,UNKNOWN,0,0.094981894,0.094981894,ELEVATED,1,ELEVATED,0.09,FALSE_POSITIVE
34,2017,0,UNKNOWN,0,0.012560028,0.012560028,LOW,0,LOW,0.09,TRUE_NEGATIVE
35,2017,0,UNKNOWN,0,0.052419934,0.052419934,MODERATE,0,MODERATE,0.09,TRUE_NEGATIVE
0,2017,8,MONSOON,0,0.09752713,0.09752713,ELEVATED,1,ELEVATED,0.09,FALSE_POSITIVE
1,2017,8,MONSOON,0,0.042987593,0.042987593,LOW,0,LOW,0.09,TRUE_NEGATIVE
2,2017,8,MONSOON,0,0.08128582,0.08128582,MODERATE,0,MODERATE,0.09,TRUE_NEGATIVE
3,2017,8,MONSOON,0,0.12616165,0.12616165,HIGH,1,HIGH,0.09,FALSE_POSITIVE
4,2017,8,MONSOON,0,0.14881113,0.14881113,HIGH,1,HIGH,0.09,FALSE_POSITIVE
5,2017,8,MONSOON,0,0.115163766,0.115163766,HIGH,1,HIGH,0.09,FALSE_POSITIVE
6,2017,8,MONSOON,0,0.13207558,0.13207558,HIGH,1,HIGH,0.09,FALSE_POSITIVE
7,2017,8,MONSOON,1,0.12726828,0.12726828,HIGH,1,HIGH,0.09,TRUE_POSITIVE
8,2017,8,MONSOON,0,0.092640124,0.092640124,ELEVATED,1,ELEVATED,0.09,FALSE_POSITIVE
9,2017,8,MONSOON,0,0.07556131,0.07556131,MODERATE,0,MODERATE,0.09,TRUE_NEGATIVE
10,2017,8,MONSOON,0,0.10830598,0.10830598,HIGH,1,HIGH,0.09,FALSE_POSITIVE
11,2017,8,MONSOON,0,0.033084262,0.033084262,LOW,0,LOW,0.09,TRUE_NEGATIVE
12,2017,8,MONSOON,0,0.015010051,0.015010051,LOW,0,LOW,0.09,TRUE_NEGATIVE
13,2017,8,MONSOON,0,0.07341481,0.07341481,MODERATE,0,MODERATE,0.09,TRUE_NEGATIVE
14,2017,8,MONSOON,0,0.07232275,0.07232275,MODERATE,0,MODERATE,0.09,TRUE_NEGATIVE
15,2017,8,MONSOON,0,0.113847695,0.113847695,HIGH,1,HIGH,0.09,FALSE_POSITIVE
16,2017,8,MONSOON,0,0.11232848,0.11232848,HIGH,1,HIGH,0.09,FALSE_POSITIVE
17,2017,8,MONSOON,0,0.13364455,0.13364455,HIGH,1,HIGH,0.09,FALSE_POSITIVE
18,2017,8,MONSOON,0,0.11763993,0.11763993,HIGH,1,HIGH,0.09,FALSE_POSITIVE
19,2017,8,MONSOON,0,0.11966359,0.11966359,HIGH,1,HIGH,0.09,FALSE_POSITIVE
20,2017,8,MONSOON,0,0.13313527,0.13313527,HIGH,1,HIGH,0.09,FALSE_POSITIVE
21,2017,8,MONSOON,0,0.07906669,0.07906669,MODERATE,0,MODERATE,0.09,TRUE_NEGATIVE
22,2017,8,MONSOON,0,0.11528532,0.11528532,HIGH,1,HIGH,0.09,FALSE_POSITIVE
23,2017,8,MONSOON,0,0.13248262,0.13248262,HIGH,1,HIGH,0.09,FALSE_POSITIVE
24,2017,8,MONSOON,0,0.055697046,0.055697046,MODERATE,0,MODERATE,0.09,TRUE_NEGATIVE
25,2017,8,MONSOON,0,0.081194334,0.081194334,MODERATE,0,MODERATE,0.09,TRUE_NEGATIVE
26,2017,8,MONSOON,0,0.011025018,0.011025018,LOW,0,LOW,0.09,TRUE_NEGATIVE
27,2017,8,MONSOON,0,0.13380805,0.13380805,HIGH,1,HIGH,0.09,FALSE_POSITIVE
28,2017,8,MONSOON,0,0.13546216,0.13546216,HIGH,1,HIGH,0.09,FALSE_POSITIVE
29,2017,8,MONSOON,0,0.09149027,0.09149027,ELEVATED,1,ELEVATED,0.09,FALSE_POSITIVE
30,2017,8,MONSOON,0,0.1150737,0.1150737,HIGH,1,HIGH,0.09,FALSE_POSITIVE
31,2017,8,MONSOON,0,0.10008195,0.10008195,HIGH,1,HIGH,0.09,FALSE_POSITIVE
32,2017,8,MONSOON,0,0.14223932,0.14223932,HIGH,1,HIGH,0.09,FALSE_POSITIVE
33,2017,8,MONSOON,0,0.1268486,0.1268486,HIGH,1,HIGH,0.09,FALSE_POSITIVE
34,2017,8,MONSOON,0,0.011349418,0.011349418,LOW,0,LOW,0.09,TRUE_NEGATIVE
35,2017,8,MONSOON,0,0.09633507,0.09633507,ELEVATED,1,ELEVATED,0.09,FALSE_POSITIVE
0,2017,6,MONSOON,0,0.07441569,0.07441569,MODERATE,0,MODERATE,0.09,TRUE_NEGATIVE
1,2017,6,MONSOON,0,0.038514677,0.038514677,LOW,0,LOW,0.09,TRUE_NEGATIVE
2,2017,6,MONSOON,0,0.08912184,0.08912184,MODERATE,0,MODERATE,0.09,TRUE_NEGATIVE
3,2017,6,MONSOON,0,0.15421796,0.15421796,CRITICAL,1,CRITICAL,0.09,FALSE_POSITIVE
4,2017,6,MONSOON,0,0.13721748,0.13721748,HIGH,1,HIGH,0.09,FALSE_POSITIVE
5,2017,6,MONSOON,0,0.096973784,0.096973784,ELEVATED,1,ELEVATED,0.09,FALSE_POSITIVE
6,2017,6,MONSOON,0,0.12558976,0.12558976,HIGH,1,HIGH,0.09,FALSE_POSITIVE
7,2017,6,MONSOON,1,0.11702426,0.11702426,HIGH,1,HIGH,0.09,TRUE_POSITIVE
8,2017,6,MONSOON,0,0.09197366,0.09197366,ELEVATED,1,ELEVATED,0.09,FALSE_POSITIVE
9,2017,6,MONSOON,0,0.100965396,0.100965396,HIGH,1,HIGH,0.09,FALSE_POSITIVE
10,2017,6,MONSOON,0,0.107410565,0.107410565,HIGH,1,HIGH,0.09,FALSE_POSITIVE
11,2017,6,MONSOON,0,0.07769353,0.07769353,MODERATE,0,MODERATE,0.09,TRUE_NEGATIVE
12,2017,6,MONSOON,0,0.026593916,0.026593916,LOW,0,LOW,0.09,TRUE_NEGATIVE
13,2017,6,MONSOON,0,0.054813437,0.054813437,MODERATE,0,MODERATE,0.09,TRUE_NEGATIVE
14,2017,6,MONSOON,0,0.07776114,0.07776114,MODERATE,0,MODERATE,0.09,TRUE_NEGATIVE
15,2017,6,MONSOON,0,0.09560404,0.09560404,ELEVATED,1,ELEVATED,0.09,FALSE_POSITIVE
16,2017,6,MONSOON,0,0.079228014,0.079228014,MODERATE,0,MODERATE,0.09,TRUE_NEGATIVE
17,2017,6,MONSOON,0,0.12948017,0.12948017,HIGH,1,HIGH,0.09,FALSE_POSITIVE
18,2017,6,MONSOON,0,0.103037775,0.103037775,HIGH,1,HIGH,0.09,FALSE_POSITIVE
19,2017,6,MONSOON,0,0.11395026,0.11395026,HIGH,1,HIGH,0.09,FALSE_POSITIVE
20,2017,6,MONSOON,0,0.11174761,0.11174761,HIGH,1,HIGH,0.09,FALSE_POSITIVE
21,2017,6,MONSOON,0,0.06736659,0.06736659,MODERATE,0,MODERATE,0.09,TRUE_NEGATIVE
22,2017,6,MONSOON,0,0.12476156,0.12476156,HIGH,1,HIGH,0.09,FALSE_POSITIVE
23,2017,6,MONSOON,0,0.1323248,0.1323248,HIGH,1,HIGH,0.09,FALSE_POSITIVE
24,2017,6,MONSOON,0,0.050014704,0.050014704,MODERATE,0,MODERATE,0.09,TRUE_NEGATIVE
25,2017,6,MONSOON,0,0.07342246,0.07342246,MODERATE,0,MODERATE,0.09,TRUE_NEGATIVE
26,2017,6,MONSOON,0,0.03314608,0.03314608,LOW,0,LOW,0.09,TRUE_NEGATIVE
27,2017,6,MONSOON,0,0.14353892,0.14353892,HIGH,1,HIGH,0.09,FALSE_POSITIVE
28,2017,6,MONSOON,0,0.119628854,0.119628854,HIGH,1,HIGH,0.09,FALSE_POSITIVE
29,2017,6,MONSOON,0,0.080041036,0.080041036,MODERATE,0,MODERATE,0.09,TRUE_NEGATIVE
30,2017,6,MONSOON,0,0.10476603,0.10476603,HIGH,1,HIGH,0.09,FALSE_POSITIVE
31,2017,6,MONSOON,0,0.08850395,0.08850395,MODERATE,0,MODERATE,0.09,TRUE_NEGATIVE
32,2017,6,MONSOON,0,0.13162862,0.13162862,HIGH,1,HIGH,0.09,FALSE_POSITIVE
33,2017,6,MONSOON,0,0.12760203,0.12760203,HIGH,1,HIGH,0.09,FALSE_POSITIVE
34,2017,6,MONSOON,0,0.019520575,0.019520575,LOW,0,LOW,0.09,TRUE_NEGATIVE
35,2017,6,MONSOON,0,0.09439605,0.09439605,ELEVATED,1,ELEVATED,0.09,FALSE_POSITIVE
0,2017,5,PRE_MONSOON,0,0.100448795,0.100448795,HIGH,1,HIGH,0.09,FALSE_POSITIVE
1,2017,5,PRE_MONSOON,0,0.040440653,0.040440653,LOW,0,LOW,0.09,TRUE_NEGATIVE
2,2017,5,PRE_MONSOON,0,0.08128576,0.08128576,MODERATE,0,MODERATE,0.09,TRUE_NEGATIVE
3,2017,5,PRE_MONSOON,0,0.113240674,0.113240674,HIGH,1,HIGH,0.09,FALSE_POSITIVE
4,2017,5,PRE_MONSOON,0,0.11770597,0.11770597,HIGH,1,HIGH,0.09,FALSE_POSITIVE
5,2017,5,PRE_MONSOON,0,0.07222824,0.07222824,MODERATE,0,MODERATE,0.09,TRUE_NEGATIVE
6,2017,5,PRE_MONSOON,0,0.11549634,0.11549634,HIGH,1,HIGH,0.09,FALSE_POSITIVE
7,2017,5,PRE_MONSOON,1,0.081250034,0.081250034,MODERATE,0,MODERATE,0.09,FALSE_NEGATIVE
8,2017,5,PRE_MONSOON,0,0.0709724,0.0709724,MODERATE,0,MODERATE,0.09,TRUE_NEGATIVE
9,2017,5,PRE_MONSOON,0,0.06705326,0.06705326,MODERATE,0,MODERATE,0.09,TRUE_NEGATIVE
10,2017,5,PRE_MONSOON,0,0.062267754,0.062267754,MODERATE,0,MODERATE,0.09,TRUE_NEGATIVE
11,2017,5,PRE_MONSOON,0,0.054359436,0.054359436,MODERATE,0,MODERATE,0.09,TRUE_NEGATIVE
12,2017,5,PRE_MONSOON,0,0.020278644,0.020278644,LOW,0,LOW,0.09,TRUE_NEGATIVE
13,2017,5,PRE_MONSOON,0,0.056718666,0.056718666,MODERATE,0,MODERATE,0.09,TRUE_NEGATIVE
14,2017,5,PRE_MONSOON,0,0.048825614,0.048825614,LOW,0,LOW,0.09,TRUE_NEGATIVE
15,2017,5,PRE_MONSOON,0,0.083755955,0.083755955,MODERATE,0,MODERATE,0.09,TRUE_NEGATIVE
16,2017,5,PRE_MONSOON,0,0.090259515,0.090259515,ELEVATED,1,ELEVATED,0.09,FALSE_POSITIVE
17,2017,5,PRE_MONSOON,0,0.097166754,0.097166754,ELEVATED,1,ELEVATED,0.09,FALSE_POSITIVE
18,2017,5,PRE_MONSOON,0,0.06622214,0.06622214,MODERATE,0,MODERATE,0.09,TRUE_NEGATIVE
19,2017,5,PRE_MONSOON,0,0.08950391,0.08950391,MODERATE,0,MODERATE,0.09,TRUE_NEGATIVE
20,2017,5,PRE_MONSOON,0,0.11799716,0.11799716,HIGH,1,HIGH,0.09,FALSE_POSITIVE
21,2017,5,PRE_MONSOON,0,0.09401518,0.09401518,ELEVATED,1,ELEVATED,0.09,FALSE_POSITIVE
22,2017,5,PRE_MONSOON,0,0.12368486,0.12368486,HIGH,1,HIGH,0.09,FALSE_POSITIVE
23,2017,5,PRE_MONSOON,0,0.08494151,0.08494151,MODERATE,0,MODERATE,0.09,TRUE_NEGATIVE
24,2017,5,PRE_MONSOON,0,0.05400728,0.05400728,MODERATE,0,MODERATE,0.09,TRUE_NEGATIVE
25,2017,5,PRE_MONSOON,0,0.037260335,0.037260335,LOW,0,LOW,0.09,TRUE_NEGATIVE
26,2017,5,PRE_MONSOON,0,0.02983686,0.02983686,LOW,0,LOW,0.09,TRUE_NEGATIVE
27,2017,5,PRE_MONSOON,0,0.14348066,0.14348066,HIGH,1,HIGH,0.09,FALSE_POSITIVE
28,2017,5,PRE_MONSOON,0,0.09310486,0.09310486,ELEVATED,1,ELEVATED,0.09,FALSE_POSITIVE
29,2017,5,PRE_MONSOON,0,0.09009569,0.09009569,ELEVATED,1,ELEVATED,0.09,FALSE_POSITIVE
30,2017,5,PRE_MONSOON,0,0.10175667,0.10175667,HIGH,1,HIGH,0.09,FALSE_POSITIVE
31,2017,5,PRE_MONSOON,0,0.039681755,0.039681755,LOW,0,LOW,0.09,TRUE_NEGATIVE
32,2017,5,PRE_MONSOON,0,0.082380176,0.082380176,MODERATE,0,MODERATE,0.09,TRUE_NEGATIVE
33,2017,5,PRE_MONSOON,0,0.081169896,0.081169896,MODERATE,0,MODERATE,0.09,TRUE_NEGATIVE
34,2017,5,PRE_MONSOON,0,0.013477034,0.013477034,LOW,0,LOW,0.09,TRUE_NEGATIVE
35,2017,5,PRE_MONSOON,0,0.04371631,0.04371631,LOW,0,LOW,0.09,TRUE_NEGATIVE
0,2017,1,WINTER,0,0.081412055,0.081412055,MODERATE,0,MODERATE,0.09,TRUE_NEGATIVE
1,2017,1,WINTER,0,0.04847141,0.04847141,LOW,0,LOW,0.09,TRUE_NEGATIVE
2,2017,1,WINTER,0,0.0946775,0.0946775,ELEVATED,1,ELEVATED,0.09,FALSE_POSITIVE
3,2017,1,WINTER,0,0.031856045,0.031856045,LOW,0,LOW,0.09,TRUE_NEGATIVE
4,2017,1,WINTER,0,0.034772,0.034772,LOW,0,LOW,0.09,TRUE_NEGATIVE
5,2017,1,WINTER,0,0.03089173,0.03089173,LOW,0,LOW,0.09,TRUE_NEGATIVE
6,2017,1,WINTER,0,0.09189095,0.09189095,ELEVATED,1,ELEVATED,0.09,FALSE_POSITIVE
7,2017,1,WINTER,0,0.01852865,0.01852865,LOW,0,LOW,0.09,TRUE_NEGATIVE
8,2017,1,WINTER,0,0.014042605,0.014042605,LOW,0,LOW,0.09,TRUE_NEGATIVE
9,2017,1,WINTER,0,0.018648861,0.018648861,LOW,0,LOW,0.09,TRUE_NEGATIVE
10,2017,1,WINTER,0,0.017017752,0.017017752,LOW,0,LOW,0.09,TRUE_NEGATIVE
11,2017,1,WINTER,0,0.009656321,0.009656321,LOW,0,LOW,0.09,TRUE_NEGATIVE
12,2017,1,WINTER,0,0.0072985757,0.0072985757,LOW,0,LOW,0.09,TRUE_NEGATIVE
13,2017,1,WINTER,0,0.020508248,0.020508248,LOW,0,LOW,0.09,TRUE_NEGATIVE
14,2017,1,WINTER,0,0.022294749,0.022294749,LOW,0,LOW,0.09,TRUE_NEGATIVE
15,2017,1,WINTER,0,0.018750286,0.018750286,LOW,0,LOW,0.09,TRUE_NEGATIVE
16,2017,1,WINTER,0,0.05442291,0.05442291,MODERATE,0,MODERATE,0.09,TRUE_NEGATIVE
17,2017,1,WINTER,0,0.06870574,0.06870574,MODERATE,0,MODERATE,0.09,TRUE_NEGATIVE
18,2017,1,WINTER,0,0.01796621,0.01796621,LOW,0,LOW,0.09,TRUE_NEGATIVE
19,2017,1,WINTER,0,0.031385407,0.031385407,LOW,0,LOW,0.09,TRUE_NEGATIVE
20,2017,1,WINTER,0,0.041857764,0.041857764,LOW,0,LOW,0.09,TRUE_NEGATIVE
21,2017,1,WINTER,0,0.06538911,0.06538911,MODERATE,0,MODERATE,0.09,TRUE_NEGATIVE
22,2017,1,WINTER,0,0.046842273,0.046842273,LOW,0,LOW,0.09,TRUE_NEGATIVE
23,2017,1,WINTER,0,0.031172829,0.031172829,LOW,0,LOW,0.09,TRUE_NEGATIVE
24,2017,1,WINTER,0,0.015877971,0.015877971,LOW,0,LOW,0.09,TRUE_NEGATIVE
25,2017,1,WINTER,0,0.025495483,0.025495483,LOW,0,LOW,0.09,TRUE_NEGATIVE
26,2017,1,WINTER,0,0.012785734,0.012785734,LOW,0,LOW,0.09,TRUE_NEGATIVE
27,2017,1,WINTER,0,0.046460703,0.046460703,LOW,0,LOW,0.09,TRUE_NEGATIVE
28,2017,1,WINTER,0,0.05837907,0.05837907,MODERATE,0,MODERATE,0.09,TRUE_NEGATIVE
29,2017,1,WINTER,0,0.061342303,0.061342303,MODERATE,0,MODERATE,0.09,TRUE_NEGATIVE
30,2017,1,WINTER,0,0.012700566,0.012700566,LOW,0,LOW,0.09,TRUE_NEGATIVE
31,2017,1,WINTER,0,0.014525795,0.014525795,LOW,0,LOW,0.09,TRUE_NEGATIVE
32,2017,1,WINTER,0,0.009575888,0.009575888,LOW,0,LOW,0.09,TRUE_NEGATIVE
33,2017,1,WINTER,0,0.00894488,0.00894488,LOW,0,LOW,0.09,TRUE_NEGATIVE
34,2017,1,WINTER,0,0.008807736,0.008807736,LOW,0,LOW,0.09,TRUE_NEGATIVE
35,2017,1,WINTER,0,0.011892487,0.011892487,LOW,0,LOW,0.09,TRUE_NEGATIVE
0,2017,11,POST_MONSOON,0,0.047956288,0.047956288,LOW,0,LOW,0.09,TRUE_NEGATIVE
1,2017,11,POST_MONSOON,0,0.02616069,0.02616069,LOW,0,LOW,0.09,TRUE_NEGATIVE
2,2017,11,POST_MONSOON,0,0.034439266,0.034439266,LOW,0,LOW,0.09,TRUE_NEGATIVE
3,2017,11,POST_MONSOON,0,0.007069048,0.007069048,LOW,0,LOW,0.09,TRUE_NEGATIVE
4,2017,11,POST_MONSOON,0,0.0065999436,0.0065999436,LOW,0,LOW,0.09,TRUE_NEGATIVE
5,2017,11,POST_MONSOON,0,0.015670642,0.015670642,LOW,0,LOW,0.09,TRUE_NEGATIVE
6,2017,11,POST_MONSOON,0,0.036244035,0.036244035,LOW,0,LOW,0.09,TRUE_NEGATIVE
7,2017,11,POST_MONSOON,0,0.007234894,0.007234894,LOW,0,LOW,0.09,TRUE_NEGATIVE
8,2017,11,POST_MONSOON,0,0.0061534736,0.0061534736,LOW,0,LOW,0.09,TRUE_NEGATIVE
9,2017,11,POST_MONSOON,0,0.00655403,0.00655403,LOW,0,LOW,0.09,TRUE_NEGATIVE
10,2017,11,POST_MONSOON,0,0.0060175983,0.0060175983,LOW,0,LOW,0.09,TRUE_NEGATIVE
11,2017,11,POST_MONSOON,0,0.0056249257,0.0056249257,LOW,0,LOW,0.09,TRUE_NEGATIVE
12,2017,11,POST_MONSOON,0,0.0063113794,0.0063113794,LOW,0,LOW,0.09,TRUE_NEGATIVE
13,2017,11,POST_MONSOON,0,0.0067455773,0.0067455773,LOW,0,LOW,0.09,TRUE_NEGATIVE
14,2017,11,POST_MONSOON,0,0.008297442,0.008297442,LOW,0,LOW,0.09,TRUE_NEGATIVE
15,2017,11,POST_MONSOON,0,0.006279664,0.006279664,LOW,0,LOW,0.09,TRUE_NEGATIVE
16,2017,11,POST_MONSOON,0,0.021818072,0.021818072,LOW,0,LOW,0.09,TRUE_NEGATIVE
17,2017,11,POST_MONSOON,0,0.012855455,0.012855455,LOW,0,LOW,0.09,TRUE_NEGATIVE
18,2017,11,POST_MONSOON,0,0.0065661557,0.0065661557,LOW,0,LOW,0.09,TRUE_NEGATIVE
19,2017,11,POST_MONSOON,0,0.0080824485,0.0080824485,LOW,0,LOW,0.09,TRUE_NEGATIVE
20,2017,11,POST_MONSOON,0,0.016110953,0.016110953,LOW,0,LOW,0.09,TRUE_NEGATIVE
21,2017,11,POST_MONSOON,0,0.016844874,0.016844874,LOW,0,LOW,0.09,TRUE_NEGATIVE
22,2017,11,POST_MONSOON,0,0.010530786,0.010530786,LOW,0,LOW,0.09,TRUE_NEGATIVE
23,2017,11,POST_MONSOON,0,0.00629164,0.00629164,LOW,0,LOW,0.09,TRUE_NEGATIVE
24,2017,11,POST_MONSOON,0,0.007013788,0.007013788,LOW,0,LOW,0.09,TRUE_NEGATIVE
25,2017,11,POST_MONSOON,0,0.010436947,0.010436947,LOW,0,LOW,0.09,TRUE_NEGATIVE
26,2017,11,POST_MONSOON,0,0.006278057,0.006278057,LOW,0,LOW,0.09,TRUE_NEGATIVE
27,2017,11,POST_MONSOON,0,0.021430604,0.021430604,LOW,0,LOW,0.09,TRUE_NEGATIVE
28,2017,11,POST_MONSOON,0,0.012201803,0.012201803,LOW,0,LOW,0.09,TRUE_NEGATIVE
29,2017,11,POST_MONSOON,0,0.012661074,0.012661074,LOW,0,LOW,0.09,TRUE_NEGATIVE
30,2017,11,POST_MONSOON,0,0.0074453033,0.0074453033,LOW,0,LOW,0.09,TRUE_NEGATIVE
31,2017,11,POST_MONSOON,0,0.0055995868,0.0055995868,LOW,0,LOW,0.09,TRUE_NEGATIVE
32,2017,11,POST_MONSOON,0,0.005824461,0.005824461,LOW,0,LOW,0.09,TRUE_NEGATIVE
33,2017,11,POST_MONSOON,0,0.0055525573,0.0055525573,LOW,0,LOW,0.09,TRUE_NEGATIVE
34,2017,11,POST_MONSOON,0,0.0054918625,0.0054918625,LOW,0,LOW,0.09,TRUE_NEGATIVE
35,2017,11,POST_MONSOON,0,0.0058025434,0.0058025434,LOW,0,LOW,0.09,TRUE_NEGATIVE
