subdivision,year,original_month,corrected_month,season,conversion,repair_method,confidence
0,2000,4,5,PRE_MONSOON,4 -> 5,ZERO_BASED_TO_CALENDAR,HIGH
1,2000,4,5,PRE_MONSOON,4 -> 5,ZERO_BASED_TO_CALENDAR,HIGH
2,2000,4,5,PRE_MONSOON,4 -> 5,ZERO_BASED_TO_CALENDAR,HIGH
3,2000,4,5,PRE_MONSOON,4 -> 5,ZERO_BASED_TO_CALENDAR,HIGH
4,2000,4,5,PRE_MONSOON,4 -> 5,ZERO_BASED_TO_CALENDAR,HIGH
5,2000,4,5,PRE_MONSOON,4 -> 5,ZERO_BASED_TO_CALENDAR,HIGH
6,2000,4,5,PRE_MONSOON,4 -> 5,ZERO_BASED_TO_CALENDAR,HIGH
7,2000,4,5,PRE_MONSOON,4 -> 5,ZERO_BASED_TO_CALENDAR,HIGH
8,2000,4,5,PRE_MONSOON,4 -> 5,ZERO_BASED_TO_CALENDAR,HIGH
9,2000,4,5,PRE_MONSOON,4 -> 5,ZERO_BASED_TO_CALENDAR,HIGH
10,2000,4,5,PRE_MONSOON,4 -> 5,ZERO_BASED_TO_CALENDAR,HIGH
11,2000,4,5,PRE_MONSOON,4 -> 5,ZERO_BASED_TO_CALENDAR,HIGH
12,2000,4,5,PRE_MONSOON,4 -> 5,ZERO_BASED_TO_CALENDAR,HIGH
13,2000,4,5,PRE_MONSOON,4 -> 5,ZERO_BASED_TO_CALENDAR,HIGH
14,2000,4,5,PRE_MONSOON,4 -> 5,ZERO_BASED_TO_CALENDAR,HIGH
15,2000,4,5,PRE_MONSOON,4 -> 5,ZERO_BASED_TO_CALENDAR,HIGH
16,2000,4,5,PRE_MONSOON,4 -> 5,ZERO_BASED_TO_CALENDAR,HIGH
17,2000,4,5,PRE_MONSOON,4 -> 5,ZERO_BASED_TO_CALENDAR,HIGH
18,2000,4,5,PRE_MONSOON,4 -> 5,ZERO_BASED_TO_CALENDAR,HIGH
19,2000,4,5,PRE_MONSOON,4 -> 5,ZERO_BASED_TO_CALENDAR,HIGH
20,2000,4,5,PRE_MONSOON,4 -> 5,ZERO_BASED_TO_CALENDAR,HIGH
21,2000,4,5,PRE_MONSOON,4 -> 5,ZERO_BASED_TO_CALENDAR,HIGH
22,2000,4,5,PRE_MONSOON,4 -> 5,ZERO_BASED_TO_CALENDAR,HIGH
23,2000,4,5,PRE_MONSOON,4 -> 5,ZERO_BASED_TO_CALENDAR,HIGH
24,2000,4,5,PRE_MONSOON,4 -> 5,ZERO_BASED_TO_CALENDAR,HIGH
25,2000,4,5,PRE_MONSOON,4 -> 5,ZERO_BASED_TO_CALENDAR,HIGH
26,2000,4,5,PRE_MONSOON,4 -> 5,ZERO_BASED_TO_CALENDAR,HIGH
27,2000,4,5,PRE_MONSOON,4 -> 5,ZERO_BASED_TO_CALENDAR,HIGH
28,2000,4,5,PRE_MONSOON,4 -> 5,ZERO_BASED_TO_CALENDAR,HIGH
29,2000,4,5,PRE_MONSOON,4 -> 5,ZERO_BASED_TO_CALENDAR,HIGH
30,2000,4,5,PRE_MONSOON,4 -> 5,ZERO_BASED_TO_CALENDAR,HIGH
31,2000,4,5,PRE_MONSOON,4 -> 5,ZERO_BASED_TO_CALENDAR,HIGH
32,2000,4,5,PRE_MONSOON,4 -> 5,ZERO_BASED_TO_CALENDAR,HIGH
33,2000,4,5,PRE_MONSOON,4 -> 5,ZERO_BASED_TO_CALENDAR,HIGH
34,2000,4,5,PRE_MONSOON,4 -> 5,ZERO_BASED_TO_CALENDAR,HIGH
35,2000,4,5,PRE_MONSOON,4 -> 5,ZERO_BASED_TO_CALENDAR,HIGH
0,2000,3,4,PRE_MONSOON,3 -> 4,ZERO_BASED_TO_CALENDAR,HIGH
1,2000,3,4,PRE_MONSOON,3 -> 4,ZERO_BASED_TO_CALENDAR,HIGH
2,2000,3,4,PRE_MONSOON,3 -> 4,ZERO_BASED_TO_CALENDAR,HIGH
3,2000,3,4,PRE_MONSOON,3 -> 4,ZERO_BASED_TO_CALENDAR,HIGH
4,2000,3,4,PRE_MONSOON,3 -> 4,ZERO_BASED_TO_CALENDAR,HIGH
5,2000,3,4,PRE_MONSOON,3 -> 4,ZERO_BASED_TO_CALENDAR,HIGH
6,2000,3,4,PRE_MONSOON,3 -> 4,ZERO_BASED_TO_CALENDAR,HIGH
7,2000,3,4,PRE_MONSOON,3 -> 4,ZERO_BASED_TO_CALENDAR,HIGH
8,2000,3,4,PRE_MONSOON,3 -> 4,ZERO_BASED_TO_CALENDAR,HIGH
9,2000,3,4,PRE_MONSOON,3 -> 4,ZERO_BASED_TO_CALENDAR,HIGH
10,2000,3,4,PRE_MONSOON,3 -> 4,ZERO_BASED_TO_CALENDAR,HIGH
11,2000,3,4,PRE_MONSOON,3 -> 4,ZERO_BASED_TO_CALENDAR,HIGH
12,2000,3,4,PRE_MONSOON,3 -> 4,ZERO_BASED_TO_CALENDAR,HIGH
13,2000,3,4,PRE_MONSOON,3 -> 4,ZERO_BASED_TO_CALENDAR,HIGH
14,2000,3,4,PRE_MONSOON,3 -> 4,ZERO_BASED_TO_CALENDAR,HIGH
15,2000,3,4,PRE_MONSOON,3 -> 4,ZERO_BASED_TO_CALENDAR,HIGH
16,2000,3,4,PRE_MONSOON,3 -> 4,ZERO_BASED_TO_CALENDAR,HIGH
17,2000,3,4,PRE_MONSOON,3 -> 4,ZERO_BASED_TO_CALENDAR,HIGH
18,2000,3,4,PRE_MONSOON,3 -> 4,ZERO_BASED_TO_CALENDAR,HIGH
19,2000,3,4,PRE_MONSOON,3 -> 4,ZERO_BASED_TO_CALENDAR,HIGH
20,2000,3,4,PRE_MONSOON,3 -> 4,ZERO_BASED_TO_CALENDAR,HIGH
21,2000,3,4,PRE_MONSOON,3 -> 4,ZERO_BASED_TO_CALENDAR,HIGH
22,2000,3,4,PRE_MONSOON,3 -> 4,ZERO_BASED_TO_CALENDAR,HIGH
23,2000,3,4,PRE_MONSOON,3 -> 4,ZERO_BASED_TO_CALENDAR,HIGH
24,2000,3,4,PRE_MONSOON,3 -> 4,ZERO_BASED_TO_CALENDAR,HIGH
25,2000,3,4,PRE_MONSOON,3 -> 4,ZERO_BASED_TO_CALENDAR,HIGH
26,2000,3,4,PRE_MONSOON,3 -> 4,ZERO_BASED_TO_CALENDAR,HIGH
27,2000,3,4,PRE_MONSOON,3 -> 4,ZERO_BASED_TO_CALENDAR,HIGH
28,2000,3,4,PRE_MONSOON,3 -> 4,ZERO_BASED_TO_CALENDAR,HIGH
29,2000,3,4,PRE_MONSOON,3 -> 4,ZERO_BASED_TO_CALENDAR,HIGH
30,2000,3,4,PRE_MONSOON,3 -> 4,ZERO_BASED_TO_CALENDAR,HIGH
31,2000,3,4,PRE_MONSOON,3 -> 4,ZERO_BASED_TO_CALENDAR,HIGH
32,2000,3,4,PRE_MONSOON,3 -> 4,ZERO_BASED_TO_CALENDAR,HIGH
33,2000,3,4,PRE_MONSOON,3 -> 4,ZERO_BASED_TO_CALENDAR,HIGH
34,2000,3,4,PRE_MONSOON,3 -> 4,ZERO_BASED_TO_CALENDAR,HIGH
35,2000,3,4,PRE_MONSOON,3 -> 4,ZERO_BASED_TO_CALENDAR,HIGH
0,2000,7,8,MONSOON,7 -> 8,ZERO_BASED_TO_CALENDAR,HIGH
1,2000,7,8,MONSOON,7 -> 8,ZERO_BASED_TO_CALENDAR,HIGH
2,2000,7,8,MONSOON,7 -> 8,ZERO_BASED_TO_CALENDAR,HIGH
3,2000,7,8,MONSOON,7 -> 8,ZERO_BASED_TO_CALENDAR,HIGH
4,2000,7,8,MONSOON,7 -> 8,ZERO_BASED_TO_CALENDAR,HIGH
5,2000,7,8,MONSOON,7 -> 8,ZERO_BASED_TO_CALENDAR,HIGH
6,2000,7,8,MONSOON,7 -> 8,ZERO_BASED_TO_CALENDAR,HIGH
7,2000,7,8,MONSOON,7 -> 8,ZERO_BASED_TO_CALENDAR,HIGH
8,2000,7,8,MONSOON,7 -> 8,ZERO_BASED_TO_CALENDAR,HIGH
9,2000,7,8,MONSOON,7 -> 8,ZERO_BASED_TO_CALENDAR,HIGH
10,2000,7,8,MONSOON,7 -> 8,ZERO_BASED_TO_CALENDAR,HIGH
11,2000,7,8,MONSOON,7 -> 8,ZERO_BASED_TO_CALENDAR,HIGH
12,2000,7,8,MONSOON,7 -> 8,ZERO_BASED_TO_CALENDAR,HIGH
13,2000,7,8,MONSOON,7 -> 8,ZERO_BASED_TO_CALENDAR,HIGH
14,2000,7,8,MONSOON,7 -> 8,ZERO_BASED_TO_CALENDAR,HIGH
15,2000,7,8,MONSOON,7 -> 8,ZERO_BASED_TO_CALENDAR,HIGH
16,2000,7,8,MONSOON,7 -> 8,ZERO_BASED_TO_CALENDAR,HIGH
17,2000,7,8,MONSOON,7 -> 8,ZERO_BASED_TO_CALENDAR,HIGH
18,2000,7,8,MONSOON,7 -> 8,ZERO_BASED_TO_CALENDAR,HIGH
19,2000,7,8,MONSOON,7 -> 8,ZERO_BASED_TO_CALENDAR,HIGH
20,2000,7,8,MONSOON,7 -> 8,ZERO_BASED_TO_CALENDAR,HIGH
21,2000,7,8,MONSOON,7 -> 8,ZERO_BASED_TO_CALENDAR,HIGH
22,2000,7,8,MONSOON,7 -> 8,ZERO_BASED_TO_CALENDAR,HIGH
23,2000,7,8,MONSOON,7 -> 8,ZERO_BASED_TO_CALENDAR,HIGH
24,2000,7,8,MONSOON,7 -> 8,ZERO_BASED_TO_CALENDAR,HIGH
25,2000,7,8,MONSOON,7 -> 8,ZERO_BASED_TO_CALENDAR,HIGH
26,2000,7,8,MONSOON,7 -> 8,ZERO_BASED_TO_CALENDAR,HIGH
27,2000,7,8,MONSOON,7 -> 8,ZERO_BASED_TO_CALENDAR,HIGH
28,2000,7,8,MONSOON,7 -> 8,ZERO_BASED_TO_CALENDAR,HIGH
29,2000,7,8,MONSOON,7 -> 8,ZERO_BASED_TO_CALENDAR,HIGH
30,2000,7,8,MONSOON,7 -> 8,ZERO_BASED_TO_CALENDAR,HIGH
31,2000,7,8,MONSOON,7 -> 8,ZERO_BASED_TO_CALENDAR,HIGH
32,2000,7,8,MONSOON,7 -> 8,ZERO_BASED_TO_CALENDAR,HIGH
33,2000,7,8,MONSOON,7 -> 8,ZERO_BASED_TO_CALENDAR,HIGH
34,2000,7,8,MONSOON,7 -> 8,ZERO_BASED_TO_CALENDAR,HIGH
35,2000,7,8,MONSOON,7 -> 8,ZERO_BASED_TO_CALENDAR,HIGH
0,2000,0,1,WINTER,0 -> 1,ZERO_BASED_TO_CALENDAR,HIGH
1,2000,0,1,WINTER,0 -> 1,ZERO_BASED_TO_CALENDAR,HIGH
2,2000,0,1,WINTER,0 -> 1,ZERO_BASED_TO_CALENDAR,HIGH
3,2000,0,1,WINTER,0 -> 1,ZERO_BASED_TO_CALENDAR,HIGH
4,2000,0,1,WINTER,0 -> 1,ZERO_BASED_TO_CALENDAR,HIGH
5,2000,0,1,WINTER,0 -> 1,ZERO_BASED_TO_CALENDAR,HIGH
6,2000,0,1,WINTER,0 -> 1,ZERO_BASED_TO_CALENDAR,HIGH
7,2000,0,1,WINTER,0 -> 1,ZERO_BASED_TO_CALENDAR,HIGH
8,2000,0,1,WINTER,0 -> 1,ZERO_BASED_TO_CALENDAR,HIGH
9,2000,0,1,WINTER,0 -> 1,ZERO_BASED_TO_CALENDAR,HIGH
10,2000,0,1,WINTER,0 -> 1,ZERO_BASED_TO_CALENDAR,HIGH
11,2000,0,1,WINTER,0 -> 1,ZERO_BASED_TO_CALENDAR,HIGH
12,2000,0,1,WINTER,0 -> 1,ZERO_BASED_TO_CALENDAR,HIGH
13,2000,0,1,WINTER,0 -> 1,ZERO_BASED_TO_CALENDAR,HIGH
14,2000,0,1,WINTER,0 -> 1,ZERO_BASED_TO_CALENDAR,HIGH
15,2000,0,1,WINTER,0 -> 1,ZERO_BASED_TO_CALENDAR,HIGH
16,2000,0,1,WINTER,0 -> 1,ZERO_BASED_TO_CALENDAR,HIGH
17,2000,0,1,WINTER,0 -> 1,ZERO_BASED_TO_CALENDAR,HIGH
18,2000,0,1,WINTER,0 -> 1,ZERO_BASED_TO_CALENDAR,HIGH
19,2000,0,1,WINTER,0 -> 1,ZERO_BASED_TO_CALENDAR,HIGH
20,2000,0,1,WINTER,0 -> 1,ZERO_BASED_TO_CALENDAR,HIGH
21,2000,0,1,WINTER,0 -> 1,ZERO_BASED_TO_CALENDAR,HIGH
22,2000,0,1,WINTER,0 -> 1,ZERO_BASED_TO_CALENDAR,HIGH
23,2000,0,1,WINTER,0 -> 1,ZERO_BASED_TO_CALENDAR,HIGH
24,2000,0,1,WINTER,0 -> 1,ZERO_BASED_TO_CALENDAR,HIGH
25,2000,0,1,WINTER,0 -> 1,ZERO_BASED_TO_CALENDAR,HIGH
26,2000,0,1,WINTER,0 -> 1,ZERO_BASED_TO_CALENDAR,HIGH
27,2000,0,1,WINTER,0 -> 1,ZERO_BASED_TO_CALENDAR,HIGH
28,2000,0,1,WINTER,0 -> 1,ZERO_BASED_TO_CALENDAR,HIGH
29,2000,0,1,WINTER,0 -> 1,ZERO_BASED_TO_CALENDAR,HIGH
30,2000,0,1,WINTER,0 -> 1,ZERO_BASED_TO_CALENDAR,HIGH
31,2000,0,1,WINTER,0 -> 1,ZERO_BASED_TO_CALENDAR,HIGH
32,2000,0,1,WINTER,0 -> 1,ZERO_BASED_TO_CALENDAR,HIGH
33,2000,0,1,WINTER,0 -> 1,ZERO_BASED_TO_CALENDAR,HIGH
34,2000,0,1,WINTER,0 -> 1,ZERO_BASED_TO_CALENDAR,HIGH
35,2000,0,1,WINTER,0 -> 1,ZERO_BASED_TO_CALENDAR,HIGH
0,2000,8,9,MONSOON,8 -> 9,ZERO_BASED_TO_CALENDAR,HIGH
1,2000,8,9,MONSOON,8 -> 9,ZERO_BASED_TO_CALENDAR,HIGH
2,2000,8,9,MONSOON,8 -> 9,ZERO_BASED_TO_CALENDAR,HIGH
3,2000,8,9,MONSOON,8 -> 9,ZERO_BASED_TO_CALENDAR,HIGH
4,2000,8,9,MONSOON,8 -> 9,ZERO_BASED_TO_CALENDAR,HIGH
5,2000,8,9,MONSOON,8 -> 9,ZERO_BASED_TO_CALENDAR,HIGH
6,2000,8,9,MONSOON,8 -> 9,ZERO_BASED_TO_CALENDAR,HIGH
7,2000,8,9,MONSOON,8 -> 9,ZERO_BASED_TO_CALENDAR,HIGH
8,2000,8,9,MONSOON,8 -> 9,ZERO_BASED_TO_CALENDAR,HIGH
9,2000,8,9,MONSOON,8 -> 9,ZERO_BASED_TO_CALENDAR,HIGH
10,2000,8,9,MONSOON,8 -> 9,ZERO_BASED_TO_CALENDAR,HIGH
11,2000,8,9,MONSOON,8 -> 9,ZERO_BASED_TO_CALENDAR,HIGH
12,2000,8,9,MONSOON,8 -> 9,ZERO_BASED_TO_CALENDAR,HIGH
13,2000,8,9,MONSOON,8 -> 9,ZERO_BASED_TO_CALENDAR,HIGH
14,2000,8,9,MONSOON,8 -> 9,ZERO_BASED_TO_CALENDAR,HIGH
15,2000,8,9,MONSOON,8 -> 9,ZERO_BASED_TO_CALENDAR,HIGH
16,2000,8,9,MONSOON,8 -> 9,ZERO_BASED_TO_CALENDAR,HIGH
17,2000,8,9,MONSOON,8 -> 9,ZERO_BASED_TO_CALENDAR,HIGH
18,2000,8,9,MONSOON,8 -> 9,ZERO_BASED_TO_CALENDAR,HIGH
19,2000,8,9,MONSOON,8 -> 9,ZERO_BASED_TO_CALENDAR,HIGH
20,2000,8,9,MONSOON,8 -> 9,ZERO_BASED_TO_CALENDAR,HIGH
21,2000,8,9,MONSOON,8 -> 9,ZERO_BASED_TO_CALENDAR,HIGH
22,2000,8,9,MONSOON,8 -> 9,ZERO_BASED_TO_CALENDAR,HIGH
23,2000,8,9,MONSOON,8 -> 9,ZERO_BASED_TO_CALENDAR,HIGH
24,2000,8,9,MONSOON,8 -> 9,ZERO_BASED_TO_CALENDAR,HIGH
25,2000,8,9,MONSOON,8 -> 9,ZERO_BASED_TO_CALENDAR,HIGH
26,2000,8,9,MONSOON,8 -> 9,ZERO_BASED_TO_CALENDAR,HIGH
27,2000,8,9,MONSOON,8 -> 9,ZERO_BASED_TO_CALENDAR,HIGH
28,2000,8,9,MONSOON,8 -> 9,ZERO_BASED_TO_CALENDAR,HIGH
29,2000,8,9,MONSOON,8 -> 9,ZERO_BASED_TO_CALENDAR,HIGH
30,2000,8,9,MONSOON,8 -> 9,ZERO_BASED_TO_CALENDAR,HIGH
31,2000,8,9,MONSOON,8 -> 9,ZERO_BASED_TO_CALENDAR,HIGH
32,2000,8,9,MONSOON,8 -> 9,ZERO_BASED_TO_CALENDAR,HIGH
33,2000,8,9,MONSOON,8 -> 9,ZERO_BASED_TO_CALENDAR,HIGH
34,2000,8,9,MONSOON,8 -> 9,ZERO_BASED_TO_CALENDAR,HIGH
35,2000,8,9,MONSOON,8 -> 9,ZERO_BASED_TO_CALENDAR,HIGH
0,2000,6,7,MONSOON,6 -> 7,ZERO_BASED_TO_CALENDAR,HIGH
1,2000,6,7,MONSOON,6 -> 7,ZERO_BASED_TO_CALENDAR,HIGH
2,2000,6,7,MONSOON,6 -> 7,ZERO_BASED_TO_CALENDAR,HIGH
3,2000,6,7,MONSOON,6 -> 7,ZERO_BASED_TO_CALENDAR,HIGH
4,2000,6,7,MONSOON,6 -> 7,ZERO_BASED_TO_CALENDAR,HIGH
5,2000,6,7,MONSOON,6 -> 7,ZERO_BASED_TO_CALENDAR,HIGH
6,2000,6,7,MONSOON,6 -> 7,ZERO_BASED_TO_CALENDAR,HIGH
7,2000,6,7,MONSOON,6 -> 7,ZERO_BASED_TO_CALENDAR,HIGH
8,2000,6,7,MONSOON,6 -> 7,ZERO_BASED_TO_CALENDAR,HIGH
9,2000,6,7,MONSOON,6 -> 7,ZERO_BASED_TO_CALENDAR,HIGH
10,2000,6,7,MONSOON,6 -> 7,ZERO_BASED_TO_CALENDAR,HIGH
11,2000,6,7,MONSOON,6 -> 7,ZERO_BASED_TO_CALENDAR,HIGH
12,2000,6,7,MONSOON,6 -> 7,ZERO_BASED_TO_CALENDAR,HIGH
13,2000,6,7,MONSOON,6 -> 7,ZERO_BASED_TO_CALENDAR,HIGH
14,2000,6,7,MONSOON,6 -> 7,ZERO_BASED_TO_CALENDAR,HIGH
15,2000,6,7,MONSOON,6 -> 7,ZERO_BASED_TO_CALENDAR,HIGH
16,2000,6,7,MONSOON,6 -> 7,ZERO_BASED_TO_CALENDAR,HIGH
17,2000,6,7,MONSOON,6 -> 7,ZERO_BASED_TO_CALENDAR,HIGH
18,2000,6,7,MONSOON,6 -> 7,ZERO_BASED_TO_CALENDAR,HIGH
19,2000,6,7,MONSOON,6 -> 7,ZERO_BASED_TO_CALENDAR,HIGH
20,2000,6,7,MONSOON,6 -> 7,ZERO_BASED_TO_CALENDAR,HIGH
21,2000,6,7,MONSOON,6 -> 7,ZERO_BASED_TO_CALENDAR,HIGH
22,2000,6,7,MONSOON,6 -> 7,ZERO_BASED_TO_CALENDAR,HIGH
23,2000,6,7,MONSOON,6 -> 7,ZERO_BASED_TO_CALENDAR,HIGH
24,2000,6,7,MONSOON,6 -> 7,ZERO_BASED_TO_CALENDAR,HIGH
25,2000,6,7,MONSOON,6 -> 7,ZERO_BASED_TO_CALENDAR,HIGH
26,2000,6,7,MONSOON,6 -> 7,ZERO_BASED_TO_CALENDAR,HIGH
27,2000,6,7,MONSOON,6 -> 7,ZERO_BASED_TO_CALENDAR,HIGH
28,2000,6,7,MONSOON,6 -> 7,ZERO_BASED_TO_CALENDAR,HIGH
29,2000,6,7,MONSOON,6 -> 7,ZERO_BASED_TO_CALENDAR,HIGH
30,2000,6,7,MONSOON,6 -> 7,ZERO_BASED_TO_CALENDAR,HIGH
31,2000,6,7,MONSOON,6 -> 7,ZERO_BASED_TO_CALENDAR,HIGH
32,2000,6,7,MONSOON,6 -> 7,ZERO_BASED_TO_CALENDAR,HIGH
33,2000,6,7,MONSOON,6 -> 7,ZERO_BASED_TO_CALENDAR,HIGH
34,2000,6,7,MONSOON,6 -> 7,ZERO_BASED_TO_CALENDAR,HIGH
35,2000,6,7,MONSOON,6 -> 7,ZERO_BASED_TO_CALENDAR,HIGH
0,2000,5,6,MONSOON,5 -> 6,ZERO_BASED_TO_CALENDAR,HIGH
1,2000,5,6,MONSOON,5 -> 6,ZERO_BASED_TO_CALENDAR,HIGH
2,2000,5,6,MONSOON,5 -> 6,ZERO_BASED_TO_CALENDAR,HIGH
3,2000,5,6,MONSOON,5 -> 6,ZERO_BASED_TO_CALENDAR,HIGH
4,2000,5,6,MONSOON,5 -> 6,ZERO_BASED_TO_CALENDAR,HIGH
5,2000,5,6,MONSOON,5 -> 6,ZERO_BASED_TO_CALENDAR,HIGH
6,2000,5,6,MONSOON,5 -> 6,ZERO_BASED_TO_CALENDAR,HIGH
7,2000,5,6,MONSOON,5 -> 6,ZERO_BASED_TO_CALENDAR,HIGH
8,2000,5,6,MONSOON,5 -> 6,ZERO_BASED_TO_CALENDAR,HIGH
9,2000,5,6,MONSOON,5 -> 6,ZERO_BASED_TO_CALENDAR,HIGH
10,2000,5,6,MONSOON,5 -> 6,ZERO_BASED_TO_CALENDAR,HIGH
11,2000,5,6,MONSOON,5 -> 6,ZERO_BASED_TO_CALENDAR,HIGH
12,2000,5,6,MONSOON,5 -> 6,ZERO_BASED_TO_CALENDAR,HIGH
13,2000,5,6,MONSOON,5 -> 6,ZERO_BASED_TO_CALENDAR,HIGH
14,2000,5,6,MONSOON,5 -> 6,ZERO_BASED_TO_CALENDAR,HIGH
15,2000,5,6,MONSOON,5 -> 6,ZERO_BASED_TO_CALENDAR,HIGH
16,2000,5,6,MONSOON,5 -> 6,ZERO_BASED_TO_CALENDAR,HIGH
17,2000,5,6,MONSOON,5 -> 6,ZERO_BASED_TO_CALENDAR,HIGH
18,2000,5,6,MONSOON,5 -> 6,ZERO_BASED_TO_CALENDAR,HIGH
19,2000,5,6,MONSOON,5 -> 6,ZERO_BASED_TO_CALENDAR,HIGH
20,2000,5,6,MONSOON,5 -> 6,ZERO_BASED_TO_CALENDAR,HIGH
21,2000,5,6,MONSOON,5 -> 6,ZERO_BASED_TO_CALENDAR,HIGH
22,2000,5,6,MONSOON,5 -> 6,ZERO_BASED_TO_CALENDAR,HIGH
23,2000,5,6,MONSOON,5 -> 6,ZERO_BASED_TO_CALENDAR,HIGH
24,2000,5,6,MONSOON,5 -> 6,ZERO_BASED_TO_CALENDAR,HIGH
25,2000,5,6,MONSOON,5 -> 6,ZERO_BASED_TO_CALENDAR,HIGH
26,2000,5,6,MONSOON,5 -> 6,ZERO_BASED_TO_CALENDAR,HIGH
27,2000,5,6,MONSOON,5 -> 6,ZERO_BASED_TO_CALENDAR,HIGH
28,2000,5,6,MONSOON,5 -> 6,ZERO_BASED_TO_CALENDAR,HIGH
29,2000,5,6,MONSOON,5 -> 6,ZERO_BASED_TO_CALENDAR,HIGH
30,2000,5,6,MONSOON,5 -> 6,ZERO_BASED_TO_CALENDAR,HIGH
31,2000,5,6,MONSOON,5 -> 6,ZERO_BASED_TO_CALENDAR,HIGH
32,2000,5,6,MONSOON,5 -> 6,ZERO_BASED_TO_CALENDAR,HIGH
33,2000,5,6,MONSOON,5 -> 6,ZERO_BASED_TO_CALENDAR,HIGH
34,2000,5,6,MONSOON,5 -> 6,ZERO_BASED_TO_CALENDAR,HIGH
35,2000,5,6,MONSOON,5 -> 6,ZERO_BASED_TO_CALENDAR,HIGH
0,2000,1,2,WINTER,1 -> 2,ZERO_BASED_TO_CALENDAR,HIGH
1,2000,1,2,WINTER,1 -> 2,ZERO_BASED_TO_CALENDAR,HIGH
2,2000,1,2,WINTER,1 -> 2,ZERO_BASED_TO_CALENDAR,HIGH
3,2000,1,2,WINTER,1 -> 2,ZERO_BASED_TO_CALENDAR,HIGH
4,2000,1,2,WINTER,1 -> 2,ZERO_BASED_TO_CALENDAR,HIGH
5,2000,1,2,WINTER,1 -> 2,ZERO_BASED_TO_CALENDAR,HIGH
6,2000,1,2,WINTER,1 -> 2,ZERO_BASED_TO_CALENDAR,HIGH
7,2000,1,2,WINTER,1 -> 2,ZERO_BASED_TO_CALENDAR,HIGH
8,2000,1,2,WINTER,1 -> 2,ZERO_BASED_TO_CALENDAR,HIGH
9,2000,1,2,WINTER,1 -> 2,ZERO_BASED_TO_CALENDAR,HIGH
10,2000,1,2,WINTER,1 -> 2,ZERO_BASED_TO_CALENDAR,HIGH
11,2000,1,2,WINTER,1 -> 2,ZERO_BASED_TO_CALENDAR,HIGH
12,2000,1,2,WINTER,1 -> 2,ZERO_BASED_TO_CALENDAR,HIGH
13,2000,1,2,WINTER,1 -> 2,ZERO_BASED_TO_CALENDAR,HIGH
14,2000,1,2,WINTER,1 -> 2,ZERO_BASED_TO_CALENDAR,HIGH
15,2000,1,2,WINTER,1 -> 2,ZERO_BASED_TO_CALENDAR,HIGH
16,2000,1,2,WINTER,1 -> 2,ZERO_BASED_TO_CALENDAR,HIGH
17,2000,1,2,WINTER,1 -> 2,ZERO_BASED_TO_CALENDAR,HIGH
18,2000,1,2,WINTER,1 -> 2,ZERO_BASED_TO_CALENDAR,HIGH
19,2000,1,2,WINTER,1 -> 2,ZERO_BASED_TO_CALENDAR,HIGH
20,2000,1,2,WINTER,1 -> 2,ZERO_BASED_TO_CALENDAR,HIGH
21,2000,1,2,WINTER,1 -> 2,ZERO_BASED_TO_CALENDAR,HIGH
22,2000,1,2,WINTER,1 -> 2,ZERO_BASED_TO_CALENDAR,HIGH
23,2000,1,2,WINTER,1 -> 2,ZERO_BASED_TO_CALENDAR,HIGH
24,2000,1,2,WINTER,1 -> 2,ZERO_BASED_TO_CALENDAR,HIGH
25,2000,1,2,WINTER,1 -> 2,ZERO_BASED_TO_CALENDAR,HIGH
26,2000,1,2,WINTER,1 -> 2,ZERO_BASED_TO_CALENDAR,HIGH
27,2000,1,2,WINTER,1 -> 2,ZERO_BASED_TO_CALENDAR,HIGH
28,2000,1,2,WINTER,1 -> 2,ZERO_BASED_TO_CALENDAR,HIGH
29,2000,1,2,WINTER,1 -> 2,ZERO_BASED_TO_CALENDAR,HIGH
30,2000,1,2,WINTER,1 -> 2,ZERO_BASED_TO_CALENDAR,HIGH
31,2000,1,2,WINTER,1 -> 2,ZERO_BASED_TO_CALENDAR,HIGH
32,2000,1,2,WINTER,1 -> 2,ZERO_BASED_TO_CALENDAR,HIGH
33,2000,1,2,WINTER,1 -> 2,ZERO_BASED_TO_CALENDAR,HIGH
34,2000,1,2,WINTER,1 -> 2,ZERO_BASED_TO_CALENDAR,HIGH
35,2000,1,2,WINTER,1 -> 2,ZERO_BASED_TO_CALENDAR,HIGH
0,2000,11,12,WINTER,11 -> 12,ZERO_BASED_TO_CALENDAR,HIGH
1,2000,11,12,WINTER,11 -> 12,ZERO_BASED_TO_CALENDAR,HIGH
2,2000,11,12,WINTER,11 -> 12,ZERO_BASED_TO_CALENDAR,HIGH
3,2000,11,12,WINTER,11 -> 12,ZERO_BASED_TO_CALENDAR,HIGH
4,2000,11,12,WINTER,11 -> 12,ZERO_BASED_TO_CALENDAR,HIGH
5,2000,11,12,WINTER,11 -> 12,ZERO_BASED_TO_CALENDAR,HIGH
6,2000,11,12,WINTER,11 -> 12,ZERO_BASED_TO_CALENDAR,HIGH
7,2000,11,12,WINTER,11 -> 12,ZERO_BASED_TO_CALENDAR,HIGH
8,2000,11,12,WINTER,11 -> 12,ZERO_BASED_TO_CALENDAR,HIGH
9,2000,11,12,WINTER,11 -> 12,ZERO_BASED_TO_CALENDAR,HIGH
10,2000,11,12,WINTER,11 -> 12,ZERO_BASED_TO_CALENDAR,HIGH
11,2000,11,12,WINTER,11 -> 12,ZERO_BASED_TO_CALENDAR,HIGH
12,2000,11,12,WINTER,11 -> 12,ZERO_BASED_TO_CALENDAR,HIGH
13,2000,11,12,WINTER,11 -> 12,ZERO_BASED_TO_CALENDAR,HIGH
14,2000,11,12,WINTER,11 -> 12,ZERO_BASED_TO_CALENDAR,HIGH
15,2000,11,12,WINTER,11 -> 12,ZERO_BASED_TO_CALENDAR,HIGH
16,2000,11,12,WINTER,11 -> 12,ZERO_BASED_TO_CALENDAR,HIGH
17,2000,11,12,WINTER,11 -> 12,ZERO_BASED_TO_CALENDAR,HIGH
18,2000,11,12,WINTER,11 -> 12,ZERO_BASED_TO_CALENDAR,HIGH
19,2000,11,12,WINTER,11 -> 12,ZERO_BASED_TO_CALENDAR,HIGH
20,2000,11,12,WINTER,11 -> 12,ZERO_BASED_TO_CALENDAR,HIGH
21,2000,11,12,WINTER,11 -> 12,ZERO_BASED_TO_CALENDAR,HIGH
22,2000,11,12,WINTER,11 -> 12,ZERO_BASED_TO_CALENDAR,HIGH
23,2000,11,12,WINTER,11 -> 12,ZERO_BASED_TO_CALENDAR,HIGH
24,2000,11,12,WINTER,11 -> 12,ZERO_BASED_TO_CALENDAR,HIGH
25,2000,11,12,WINTER,11 -> 12,ZERO_BASED_TO_CALENDAR,HIGH
26,2000,11,12,WINTER,11 -> 12,ZERO_BASED_TO_CALENDAR,HIGH
27,2000,11,12,WINTER,11 -> 12,ZERO_BASED_TO_CALENDAR,HIGH
28,2000,11,12,WINTER,11 -> 12,ZERO_BASED_TO_CALENDAR,HIGH
29,2000,11,12,WINTER,11 -> 12,ZERO_BASED_TO_CALENDAR,HIGH
30,2000,11,12,WINTER,11 -> 12,ZERO_BASED_TO_CALENDAR,HIGH
31,2000,11,12,WINTER,11 -> 12,ZERO_BASED_TO_CALENDAR,HIGH
32,2000,11,12,WINTER,11 -> 12,ZERO_BASED_TO_CALENDAR,HIGH
33,2000,11,12,WINTER,11 -> 12,ZERO_BASED_TO_CALENDAR,HIGH
34,2000,11,12,WINTER,11 -> 12,ZERO_BASED_TO_CALENDAR,HIGH
35,2000,11,12,WINTER,11 -> 12,ZERO_BASED_TO_CALENDAR,HIGH
0,2000,10,11,POST_MONSOON,10 -> 11,ZERO_BASED_TO_CALENDAR,HIGH
1,2000,10,11,POST_MONSOON,10 -> 11,ZERO_BASED_TO_CALENDAR,HIGH
2,2000,10,11,POST_MONSOON,10 -> 11,ZERO_BASED_TO_CALENDAR,HIGH
3,2000,10,11,POST_MONSOON,10 -> 11,ZERO_BASED_TO_CALENDAR,HIGH
4,2000,10,11,POST_MONSOON,10 -> 11,ZERO_BASED_TO_CALENDAR,HIGH
5,2000,10,11,POST_MONSOON,10 -> 11,ZERO_BASED_TO_CALENDAR,HIGH
6,2000,10,11,POST_MONSOON,10 -> 11,ZERO_BASED_TO_CALENDAR,HIGH
7,2000,10,11,POST_MONSOON,10 -> 11,ZERO_BASED_TO_CALENDAR,HIGH
8,2000,10,11,POST_MONSOON,10 -> 11,ZERO_BASED_TO_CALENDAR,HIGH
9,2000,10,11,POST_MONSOON,10 -> 11,ZERO_BASED_TO_CALENDAR,HIGH
10,2000,10,11,POST_MONSOON,10 -> 11,ZERO_BASED_TO_CALENDAR,HIGH
11,2000,10,11,POST_MONSOON,10 -> 11,ZERO_BASED_TO_CALENDAR,HIGH
12,2000,10,11,POST_MONSOON,10 -> 11,ZERO_BASED_TO_CALENDAR,HIGH
13,2000,10,11,POST_MONSOON,10 -> 11,ZERO_BASED_TO_CALENDAR,HIGH
14,2000,10,11,POST_MONSOON,10 -> 11,ZERO_BASED_TO_CALENDAR,HIGH
15,2000,10,11,POST_MONSOON,10 -> 11,ZERO_BASED_TO_CALENDAR,HIGH
16,2000,10,11,POST_MONSOON,10 -> 11,ZERO_BASED_TO_CALENDAR,HIGH
17,2000,10,11,POST_MONSOON,10 -> 11,ZERO_BASED_TO_CALENDAR,HIGH
18,2000,10,11,POST_MONSOON,10 -> 11,ZERO_BASED_TO_CALENDAR,HIGH
19,2000,10,11,POST_MONSOON,10 -> 11,ZERO_BASED_TO_CALENDAR,HIGH
20,2000,10,11,POST_MONSOON,10 -> 11,ZERO_BASED_TO_CALENDAR,HIGH
21,2000,10,11,POST_MONSOON,10 -> 11,ZERO_BASED_TO_CALENDAR,HIGH
22,2000,10,11,POST_MONSOON,10 -> 11,ZERO_BASED_TO_CALENDAR,HIGH
23,2000,10,11,POST_MONSOON,10 -> 11,ZERO_BASED_TO_CALENDAR,HIGH
24,2000,10,11,POST_MONSOON,10 -> 11,ZERO_BASED_TO_CALENDAR,HIGH
25,2000,10,11,POST_MONSOON,10 -> 11,ZERO_BASED_TO_CALENDAR,HIGH
26,2000,10,11,POST_MONSOON,10 -> 11,ZERO_BASED_TO_CALENDAR,HIGH
27,2000,10,11,POST_MONSOON,10 -> 11,ZERO_BASED_TO_CALENDAR,HIGH
28,2000,10,11,POST_MONSOON,10 -> 11,ZERO_BASED_TO_CALENDAR,HIGH
29,2000,10,11,POST_MONSOON,10 -> 11,ZERO_BASED_TO_CALENDAR,HIGH
30,2000,10,11,POST_MONSOON,10 -> 11,ZERO_BASED_TO_CALENDAR,HIGH
31,2000,10,11,POST_MONSOON,10 -> 11,ZERO_BASED_TO_CALENDAR,HIGH
32,2000,10,11,POST_MONSOON,10 -> 11,ZERO_BASED_TO_CALENDAR,HIGH
33,2000,10,11,POST_MONSOON,10 -> 11,ZERO_BASED_TO_CALENDAR,HIGH
34,2000,10,11,POST_MONSOON,10 -> 11,ZERO_BASED_TO_CALENDAR,HIGH
35,2000,10,11,POST_MONSOON,10 -> 11,ZERO_BASED_TO_CALENDAR,HIGH
0,2000,9,10,POST_MONSOON,9 -> 10,ZERO_BASED_TO_CALENDAR,HIGH
1,2000,9,10,POST_MONSOON,9 -> 10,ZERO_BASED_TO_CALENDAR,HIGH
2,2000,9,10,POST_MONSOON,9 -> 10,ZERO_BASED_TO_CALENDAR,HIGH
3,2000,9,10,POST_MONSOON,9 -> 10,ZERO_BASED_TO_CALENDAR,HIGH
4,2000,9,10,POST_MONSOON,9 -> 10,ZERO_BASED_TO_CALENDAR,HIGH
5,2000,9,10,POST_MONSOON,9 -> 10,ZERO_BASED_TO_CALENDAR,HIGH
6,2000,9,10,POST_MONSOON,9 -> 10,ZERO_BASED_TO_CALENDAR,HIGH
7,2000,9,10,POST_MONSOON,9 -> 10,ZERO_BASED_TO_CALENDAR,HIGH
8,2000,9,10,POST_MONSOON,9 -> 10,ZERO_BASED_TO_CALENDAR,HIGH
9,2000,9,10,POST_MONSOON,9 -> 10,ZERO_BASED_TO_CALENDAR,HIGH
10,2000,9,10,POST_MONSOON,9 -> 10,ZERO_BASED_TO_CALENDAR,HIGH
11,2000,9,10,POST_MONSOON,9 -> 10,ZERO_BASED_TO_CALENDAR,HIGH
12,2000,9,10,POST_MONSOON,9 -> 10,ZERO_BASED_TO_CALENDAR,HIGH
13,2000,9,10,POST_MONSOON,9 -> 10,ZERO_BASED_TO_CALENDAR,HIGH
14,2000,9,10,POST_MONSOON,9 -> 10,ZERO_BASED_TO_CALENDAR,HIGH
15,2000,9,10,POST_MONSOON,9 -> 10,ZERO_BASED_TO_CALENDAR,HIGH
16,2000,9,10,POST_MONSOON,9 -> 10,ZERO_BASED_TO_CALENDAR,HIGH
17,2000,9,10,POST_MONSOON,9 -> 10,ZERO_BASED_TO_CALENDAR,HIGH
18,2000,9,10,POST_MONSOON,9 -> 10,ZERO_BASED_TO_CALENDAR,HIGH
19,2000,9,10,POST_MONSOON,9 -> 10,ZERO_BASED_TO_CALENDAR,HIGH
20,2000,9,10,POST_MONSOON,9 -> 10,ZERO_BASED_TO_CALENDAR,HIGH
21,2000,9,10,POST_MONSOON,9 -> 10,ZERO_BASED_TO_CALENDAR,HIGH
22,2000,9,10,POST_MONSOON,9 -> 10,ZERO_BASED_TO_CALENDAR,HIGH
23,2000,9,10,POST_MONSOON,9 -> 10,ZERO_BASED_TO_CALENDAR,HIGH
24,2000,9,10,POST_MONSOON,9 -> 10,ZERO_BASED_TO_CALENDAR,HIGH
25,2000,9,10,POST_MONSOON,9 -> 10,ZERO_BASED_TO_CALENDAR,HIGH
26,2000,9,10,POST_MONSOON,9 -> 10,ZERO_BASED_TO_CALENDAR,HIGH
27,2000,9,10,POST_MONSOON,9 -> 10,ZERO_BASED_TO_CALENDAR,HIGH
28,2000,9,10,POST_MONSOON,9 -> 10,ZERO_BASED_TO_CALENDAR,HIGH
29,2000,9,10,POST_MONSOON,9 -> 10,ZERO_BASED_TO_CALENDAR,HIGH
30,2000,9,10,POST_MONSOON,9 -> 10,ZERO_BASED_TO_CALENDAR,HIGH
31,2000,9,10,POST_MONSOON,9 -> 10,ZERO_BASED_TO_CALENDAR,HIGH
32,2000,9,10,POST_MONSOON,9 -> 10,ZERO_BASED_TO_CALENDAR,HIGH
33,2000,9,10,POST_MONSOON,9 -> 10,ZERO_BASED_TO_CALENDAR,HIGH
34,2000,9,10,POST_MONSOON,9 -> 10,ZERO_BASED_TO_CALENDAR,HIGH
35,2000,9,10,POST_MONSOON,9 -> 10,ZERO_BASED_TO_CALENDAR,HIGH
0,2000,2,3,PRE_MONSOON,2 -> 3,ZERO_BASED_TO_CALENDAR,HIGH
1,2000,2,3,PRE_MONSOON,2 -> 3,ZERO_BASED_TO_CALENDAR,HIGH
2,2000,2,3,PRE_MONSOON,2 -> 3,ZERO_BASED_TO_CALENDAR,HIGH
3,2000,2,3,PRE_MONSOON,2 -> 3,ZERO_BASED_TO_CALENDAR,HIGH
4,2000,2,3,PRE_MONSOON,2 -> 3,ZERO_BASED_TO_CALENDAR,HIGH
5,2000,2,3,PRE_MONSOON,2 -> 3,ZERO_BASED_TO_CALENDAR,HIGH
6,2000,2,3,PRE_MONSOON,2 -> 3,ZERO_BASED_TO_CALENDAR,HIGH
7,2000,2,3,PRE_MONSOON,2 -> 3,ZERO_BASED_TO_CALENDAR,HIGH
8,2000,2,3,PRE_MONSOON,2 -> 3,ZERO_BASED_TO_CALENDAR,HIGH
9,2000,2,3,PRE_MONSOON,2 -> 3,ZERO_BASED_TO_CALENDAR,HIGH
10,2000,2,3,PRE_MONSOON,2 -> 3,ZERO_BASED_TO_CALENDAR,HIGH
11,2000,2,3,PRE_MONSOON,2 -> 3,ZERO_BASED_TO_CALENDAR,HIGH
12,2000,2,3,PRE_MONSOON,2 -> 3,ZERO_BASED_TO_CALENDAR,HIGH
13,2000,2,3,PRE_MONSOON,2 -> 3,ZERO_BASED_TO_CALENDAR,HIGH
14,2000,2,3,PRE_MONSOON,2 -> 3,ZERO_BASED_TO_CALENDAR,HIGH
15,2000,2,3,PRE_MONSOON,2 -> 3,ZERO_BASED_TO_CALENDAR,HIGH
16,2000,2,3,PRE_MONSOON,2 -> 3,ZERO_BASED_TO_CALENDAR,HIGH
17,2000,2,3,PRE_MONSOON,2 -> 3,ZERO_BASED_TO_CALENDAR,HIGH
18,2000,2,3,PRE_MONSOON,2 -> 3,ZERO_BASED_TO_CALENDAR,HIGH
19,2000,2,3,PRE_MONSOON,2 -> 3,ZERO_BASED_TO_CALENDAR,HIGH
20,2000,2,3,PRE_MONSOON,2 -> 3,ZERO_BASED_TO_CALENDAR,HIGH
21,2000,2,3,PRE_MONSOON,2 -> 3,ZERO_BASED_TO_CALENDAR,HIGH
22,2000,2,3,PRE_MONSOON,2 -> 3,ZERO_BASED_TO_CALENDAR,HIGH
23,2000,2,3,PRE_MONSOON,2 -> 3,ZERO_BASED_TO_CALENDAR,HIGH
24,2000,2,3,PRE_MONSOON,2 -> 3,ZERO_BASED_TO_CALENDAR,HIGH
25,2000,2,3,PRE_MONSOON,2 -> 3,ZERO_BASED_TO_CALENDAR,HIGH
26,2000,2,3,PRE_MONSOON,2 -> 3,ZERO_BASED_TO_CALENDAR,HIGH
27,2000,2,3,PRE_MONSOON,2 -> 3,ZERO_BASED_TO_CALENDAR,HIGH
28,2000,2,3,PRE_MONSOON,2 -> 3,ZERO_BASED_TO_CALENDAR,HIGH
29,2000,2,3,PRE_MONSOON,2 -> 3,ZERO_BASED_TO_CALENDAR,HIGH
30,2000,2,3,PRE_MONSOON,2 -> 3,ZERO_BASED_TO_CALENDAR,HIGH
31,2000,2,3,PRE_MONSOON,2 -> 3,ZERO_BASED_TO_CALENDAR,HIGH
32,2000,2,3,PRE_MONSOON,2 -> 3,ZERO_BASED_TO_CALENDAR,HIGH
33,2000,2,3,PRE_MONSOON,2 -> 3,ZERO_BASED_TO_CALENDAR,HIGH
34,2000,2,3,PRE_MONSOON,2 -> 3,ZERO_BASED_TO_CALENDAR,HIGH
35,2000,2,3,PRE_MONSOON,2 -> 3,ZERO_BASED_TO_CALENDAR,HIGH
0,2001,4,5,PRE_MONSOON,4 -> 5,ZERO_BASED_TO_CALENDAR,HIGH
1,2001,4,5,PRE_MONSOON,4 -> 5,ZERO_BASED_TO_CALENDAR,HIGH
2,2001,4,5,PRE_MONSOON,4 -> 5,ZERO_BASED_TO_CALENDAR,HIGH
3,2001,4,5,PRE_MONSOON,4 -> 5,ZERO_BASED_TO_CALENDAR,HIGH
4,2001,4,5,PRE_MONSOON,4 -> 5,ZERO_BASED_TO_CALENDAR,HIGH
5,2001,4,5,PRE_MONSOON,4 -> 5,ZERO_BASED_TO_CALENDAR,HIGH
6,2001,4,5,PRE_MONSOON,4 -> 5,ZERO_BASED_TO_CALENDAR,HIGH
7,2001,4,5,PRE_MONSOON,4 -> 5,ZERO_BASED_TO_CALENDAR,HIGH
8,2001,4,5,PRE_MONSOON,4 -> 5,ZERO_BASED_TO_CALENDAR,HIGH
9,2001,4,5,PRE_MONSOON,4 -> 5,ZERO_BASED_TO_CALENDAR,HIGH
10,2001,4,5,PRE_MONSOON,4 -> 5,ZERO_BASED_TO_CALENDAR,HIGH
11,2001,4,5,PRE_MONSOON,4 -> 5,ZERO_BASED_TO_CALENDAR,HIGH
12,2001,4,5,PRE_MONSOON,4 -> 5,ZERO_BASED_TO_CALENDAR,HIGH
13,2001,4,5,PRE_MONSOON,4 -> 5,ZERO_BASED_TO_CALENDAR,HIGH
14,2001,4,5,PRE_MONSOON,4 -> 5,ZERO_BASED_TO_CALENDAR,HIGH
15,2001,4,5,PRE_MONSOON,4 -> 5,ZERO_BASED_TO_CALENDAR,HIGH
16,2001,4,5,PRE_MONSOON,4 -> 5,ZERO_BASED_TO_CALENDAR,HIGH
17,2001,4,5,PRE_MONSOON,4 -> 5,ZERO_BASED_TO_CALENDAR,HIGH
18,2001,4,5,PRE_MONSOON,4 -> 5,ZERO_BASED_TO_CALENDAR,HIGH
19,2001,4,5,PRE_MONSOON,4 -> 5,ZERO_BASED_TO_CALENDAR,HIGH
20,2001,4,5,PRE_MONSOON,4 -> 5,ZERO_BASED_TO_CALENDAR,HIGH
21,2001,4,5,PRE_MONSOON,4 -> 5,ZERO_BASED_TO_CALENDAR,HIGH
22,2001,4,5,PRE_MONSOON,4 -> 5,ZERO_BASED_TO_CALENDAR,HIGH
23,2001,4,5,PRE_MONSOON,4 -> 5,ZERO_BASED_TO_CALENDAR,HIGH
24,2001,4,5,PRE_MONSOON,4 -> 5,ZERO_BASED_TO_CALENDAR,HIGH
25,2001,4,5,PRE_MONSOON,4 -> 5,ZERO_BASED_TO_CALENDAR,HIGH
26,2001,4,5,PRE_MONSOON,4 -> 5,ZERO_BASED_TO_CALENDAR,HIGH
27,2001,4,5,PRE_MONSOON,4 -> 5,ZERO_BASED_TO_CALENDAR,HIGH
28,2001,4,5,PRE_MONSOON,4 -> 5,ZERO_BASED_TO_CALENDAR,HIGH
29,2001,4,5,PRE_MONSOON,4 -> 5,ZERO_BASED_TO_CALENDAR,HIGH
30,2001,4,5,PRE_MONSOON,4 -> 5,ZERO_BASED_TO_CALENDAR,HIGH
31,2001,4,5,PRE_MONSOON,4 -> 5,ZERO_BASED_TO_CALENDAR,HIGH
32,2001,4,5,PRE_MONSOON,4 -> 5,ZERO_BASED_TO_CALENDAR,HIGH
33,2001,4,5,PRE_MONSOON,4 -> 5,ZERO_BASED_TO_CALENDAR,HIGH
34,2001,4,5,PRE_MONSOON,4 -> 5,ZERO_BASED_TO_CALENDAR,HIGH
35,2001,4,5,PRE_MONSOON,4 -> 5,ZERO_BASED_TO_CALENDAR,HIGH
0,2001,3,4,PRE_MONSOON,3 -> 4,ZERO_BASED_TO_CALENDAR,HIGH
1,2001,3,4,PRE_MONSOON,3 -> 4,ZERO_BASED_TO_CALENDAR,HIGH
2,2001,3,4,PRE_MONSOON,3 -> 4,ZERO_BASED_TO_CALENDAR,HIGH
3,2001,3,4,PRE_MONSOON,3 -> 4,ZERO_BASED_TO_CALENDAR,HIGH
4,2001,3,4,PRE_MONSOON,3 -> 4,ZERO_BASED_TO_CALENDAR,HIGH
5,2001,3,4,PRE_MONSOON,3 -> 4,ZERO_BASED_TO_CALENDAR,HIGH
6,2001,3,4,PRE_MONSOON,3 -> 4,ZERO_BASED_TO_CALENDAR,HIGH
7,2001,3,4,PRE_MONSOON,3 -> 4,ZERO_BASED_TO_CALENDAR,HIGH
8,2001,3,4,PRE_MONSOON,3 -> 4,ZERO_BASED_TO_CALENDAR,HIGH
9,2001,3,4,PRE_MONSOON,3 -> 4,ZERO_BASED_TO_CALENDAR,HIGH
10,2001,3,4,PRE_MONSOON,3 -> 4,ZERO_BASED_TO_CALENDAR,HIGH
11,2001,3,4,PRE_MONSOON,3 -> 4,ZERO_BASED_TO_CALENDAR,HIGH
12,2001,3,4,PRE_MONSOON,3 -> 4,ZERO_BASED_TO_CALENDAR,HIGH
13,2001,3,4,PRE_MONSOON,3 -> 4,ZERO_BASED_TO_CALENDAR,HIGH
14,2001,3,4,PRE_MONSOON,3 -> 4,ZERO_BASED_TO_CALENDAR,HIGH
15,2001,3,4,PRE_MONSOON,3 -> 4,ZERO_BASED_TO_CALENDAR,HIGH
16,2001,3,4,PRE_MONSOON,3 -> 4,ZERO_BASED_TO_CALENDAR,HIGH
17,2001,3,4,PRE_MONSOON,3 -> 4,ZERO_BASED_TO_CALENDAR,HIGH
18,2001,3,4,PRE_MONSOON,3 -> 4,ZERO_BASED_TO_CALENDAR,HIGH
19,2001,3,4,PRE_MONSOON,3 -> 4,ZERO_BASED_TO_CALENDAR,HIGH
20,2001,3,4,PRE_MONSOON,3 -> 4,ZERO_BASED_TO_CALENDAR,HIGH
21,2001,3,4,PRE_MONSOON,3 -> 4,ZERO_BASED_TO_CALENDAR,HIGH
22,2001,3,4,PRE_MONSOON,3 -> 4,ZERO_BASED_TO_CALENDAR,HIGH
23,2001,3,4,PRE_MONSOON,3 -> 4,ZERO_BASED_TO_CALENDAR,HIGH
24,2001,3,4,PRE_MONSOON,3 -> 4,ZERO_BASED_TO_CALENDAR,HIGH
25,2001,3,4,PRE_MONSOON,3 -> 4,ZERO_BASED_TO_CALENDAR,HIGH
26,2001,3,4,PRE_MONSOON,3 -> 4,ZERO_BASED_TO_CALENDAR,HIGH
27,2001,3,4,PRE_MONSOON,3 -> 4,ZERO_BASED_TO_CALENDAR,HIGH
28,2001,3,4,PRE_MONSOON,3 -> 4,ZERO_BASED_TO_CALENDAR,HIGH
29,2001,3,4,PRE_MONSOON,3 -> 4,ZERO_BASED_TO_CALENDAR,HIGH
30,2001,3,4,PRE_MONSOON,3 -> 4,ZERO_BASED_TO_CALENDAR,HIGH
31,2001,3,4,PRE_MONSOON,3 -> 4,ZERO_BASED_TO_CALENDAR,HIGH
32,2001,3,4,PRE_MONSOON,3 -> 4,ZERO_BASED_TO_CALENDAR,HIGH
33,2001,3,4,PRE_MONSOON,3 -> 4,ZERO_BASED_TO_CALENDAR,HIGH
34,2001,3,4,PRE_MONSOON,3 -> 4,ZERO_BASED_TO_CALENDAR,HIGH
35,2001,3,4,PRE_MONSOON,3 -> 4,ZERO_BASED_TO_CALENDAR,HIGH
0,2001,7,8,MONSOON,7 -> 8,ZERO_BASED_TO_CALENDAR,HIGH
1,2001,7,8,MONSOON,7 -> 8,ZERO_BASED_TO_CALENDAR,HIGH
2,2001,7,8,MONSOON,7 -> 8,ZERO_BASED_TO_CALENDAR,HIGH
3,2001,7,8,MONSOON,7 -> 8,ZERO_BASED_TO_CALENDAR,HIGH
4,2001,7,8,MONSOON,7 -> 8,ZERO_BASED_TO_CALENDAR,HIGH
5,2001,7,8,MONSOON,7 -> 8,ZERO_BASED_TO_CALENDAR,HIGH
6,2001,7,8,MONSOON,7 -> 8,ZERO_BASED_TO_CALENDAR,HIGH
7,2001,7,8,MONSOON,7 -> 8,ZERO_BASED_TO_CALENDAR,HIGH
8,2001,7,8,MONSOON,7 -> 8,ZERO_BASED_TO_CALENDAR,HIGH
9,2001,7,8,MONSOON,7 -> 8,ZERO_BASED_TO_CALENDAR,HIGH
10,2001,7,8,MONSOON,7 -> 8,ZERO_BASED_TO_CALENDAR,HIGH
11,2001,7,8,MONSOON,7 -> 8,ZERO_BASED_TO_CALENDAR,HIGH
12,2001,7,8,MONSOON,7 -> 8,ZERO_BASED_TO_CALENDAR,HIGH
13,2001,7,8,MONSOON,7 -> 8,ZERO_BASED_TO_CALENDAR,HIGH
14,2001,7,8,MONSOON,7 -> 8,ZERO_BASED_TO_CALENDAR,HIGH
15,2001,7,8,MONSOON,7 -> 8,ZERO_BASED_TO_CALENDAR,HIGH
16,2001,7,8,MONSOON,7 -> 8,ZERO_BASED_TO_CALENDAR,HIGH
17,2001,7,8,MONSOON,7 -> 8,ZERO_BASED_TO_CALENDAR,HIGH
18,2001,7,8,MONSOON,7 -> 8,ZERO_BASED_TO_CALENDAR,HIGH
19,2001,7,8,MONSOON,7 -> 8,ZERO_BASED_TO_CALENDAR,HIGH
20,2001,7,8,MONSOON,7 -> 8,ZERO_BASED_TO_CALENDAR,HIGH
21,2001,7,8,MONSOON,7 -> 8,ZERO_BASED_TO_CALENDAR,HIGH
22,2001,7,8,MONSOON,7 -> 8,ZERO_BASED_TO_CALENDAR,HIGH
23,2001,7,8,MONSOON,7 -> 8,ZERO_BASED_TO_CALENDAR,HIGH
24,2001,7,8,MONSOON,7 -> 8,ZERO_BASED_TO_CALENDAR,HIGH
25,2001,7,8,MONSOON,7 -> 8,ZERO_BASED_TO_CALENDAR,HIGH
26,2001,7,8,MONSOON,7 -> 8,ZERO_BASED_TO_CALENDAR,HIGH
27,2001,7,8,MONSOON,7 -> 8,ZERO_BASED_TO_CALENDAR,HIGH
28,2001,7,8,MONSOON,7 -> 8,ZERO_BASED_TO_CALENDAR,HIGH
29,2001,7,8,MONSOON,7 -> 8,ZERO_BASED_TO_CALENDAR,HIGH
30,2001,7,8,MONSOON,7 -> 8,ZERO_BASED_TO_CALENDAR,HIGH
31,2001,7,8,MONSOON,7 -> 8,ZERO_BASED_TO_CALENDAR,HIGH
32,2001,7,8,MONSOON,7 -> 8,ZERO_BASED_TO_CALENDAR,HIGH
33,2001,7,8,MONSOON,7 -> 8,ZERO_BASED_TO_CALENDAR,HIGH
34,2001,7,8,MONSOON,7 -> 8,ZERO_BASED_TO_CALENDAR,HIGH
35,2001,7,8,MONSOON,7 -> 8,ZERO_BASED_TO_CALENDAR,HIGH
0,2001,0,1,WINTER,0 -> 1,ZERO_BASED_TO_CALENDAR,HIGH
1,2001,0,1,WINTER,0 -> 1,ZERO_BASED_TO_CALENDAR,HIGH
2,2001,0,1,WINTER,0 -> 1,ZERO_BASED_TO_CALENDAR,HIGH
3,2001,0,1,WINTER,0 -> 1,ZERO_BASED_TO_CALENDAR,HIGH
4,2001,0,1,WINTER,0 -> 1,ZERO_BASED_TO_CALENDAR,HIGH
5,2001,0,1,WINTER,0 -> 1,ZERO_BASED_TO_CALENDAR,HIGH
6,2001,0,1,WINTER,0 -> 1,ZERO_BASED_TO_CALENDAR,HIGH
7,2001,0,1,WINTER,0 -> 1,ZERO_BASED_TO_CALENDAR,HIGH
8,2001,0,1,WINTER,0 -> 1,ZERO_BASED_TO_CALENDAR,HIGH
9,2001,0,1,WINTER,0 -> 1,ZERO_BASED_TO_CALENDAR,HIGH
10,2001,0,1,WINTER,0 -> 1,ZERO_BASED_TO_CALENDAR,HIGH
11,2001,0,1,WINTER,0 -> 1,ZERO_BASED_TO_CALENDAR,HIGH
12,2001,0,1,WINTER,0 -> 1,ZERO_BASED_TO_CALENDAR,HIGH
13,2001,0,1,WINTER,0 -> 1,ZERO_BASED_TO_CALENDAR,HIGH
14,2001,0,1,WINTER,0 -> 1,ZERO_BASED_TO_CALENDAR,HIGH
15,2001,0,1,WINTER,0 -> 1,ZERO_BASED_TO_CALENDAR,HIGH
16,2001,0,1,WINTER,0 -> 1,ZERO_BASED_TO_CALENDAR,HIGH
17,2001,0,1,WINTER,0 -> 1,ZERO_BASED_TO_CALENDAR,HIGH
18,2001,0,1,WINTER,0 -> 1,ZERO_BASED_TO_CALENDAR,HIGH
19,2001,0,1,WINTER,0 -> 1,ZERO_BASED_TO_CALENDAR,HIGH
20,2001,0,1,WINTER,0 -> 1,ZERO_BASED_TO_CALENDAR,HIGH
21,2001,0,1,WINTER,0 -> 1,ZERO_BASED_TO_CALENDAR,HIGH
22,2001,0,1,WINTER,0 -> 1,ZERO_BASED_TO_CALENDAR,HIGH
23,2001,0,1,WINTER,0 -> 1,ZERO_BASED_TO_CALENDAR,HIGH
24,2001,0,1,WINTER,0 -> 1,ZERO_BASED_TO_CALENDAR,HIGH
25,2001,0,1,WINTER,0 -> 1,ZERO_BASED_TO_CALENDAR,HIGH
26,2001,0,1,WINTER,0 -> 1,ZERO_BASED_TO_CALENDAR,HIGH
27,2001,0,1,WINTER,0 -> 1,ZERO_BASED_TO_CALENDAR,HIGH
28,2001,0,1,WINTER,0 -> 1,ZERO_BASED_TO_CALENDAR,HIGH
29,2001,0,1,WINTER,0 -> 1,ZERO_BASED_TO_CALENDAR,HIGH
30,2001,0,1,WINTER,0 -> 1,ZERO_BASED_TO_CALENDAR,HIGH
31,2001,0,1,WINTER,0 -> 1,ZERO_BASED_TO_CALENDAR,HIGH
32,2001,0,1,WINTER,0 -> 1,ZERO_BASED_TO_CALENDAR,HIGH
33,2001,0,1,WINTER,0 -> 1,ZERO_BASED_TO_CALENDAR,HIGH
34,2001,0,1,WINTER,0 -> 1,ZERO_BASED_TO_CALENDAR,HIGH
35,2001,0,1,WINTER,0 -> 1,ZERO_BASED_TO_CALENDAR,HIGH
0,2001,8,9,MONSOON,8 -> 9,ZERO_BASED_TO_CALENDAR,HIGH
1,2001,8,9,MONSOON,8 -> 9,ZERO_BASED_TO_CALENDAR,HIGH
2,2001,8,9,MONSOON,8 -> 9,ZERO_BASED_TO_CALENDAR,HIGH
3,2001,8,9,MONSOON,8 -> 9,ZERO_BASED_TO_CALENDAR,HIGH
4,2001,8,9,MONSOON,8 -> 9,ZERO_BASED_TO_CALENDAR,HIGH
5,2001,8,9,MONSOON,8 -> 9,ZERO_BASED_TO_CALENDAR,HIGH
6,2001,8,9,MONSOON,8 -> 9,ZERO_BASED_TO_CALENDAR,HIGH
7,2001,8,9,MONSOON,8 -> 9,ZERO_BASED_TO_CALENDAR,HIGH
8,2001,8,9,MONSOON,8 -> 9,ZERO_BASED_TO_CALENDAR,HIGH
9,2001,8,9,MONSOON,8 -> 9,ZERO_BASED_TO_CALENDAR,HIGH
10,2001,8,9,MONSOON,8 -> 9,ZERO_BASED_TO_CALENDAR,HIGH
11,2001,8,9,MONSOON,8 -> 9,ZERO_BASED_TO_CALENDAR,HIGH
12,2001,8,9,MONSOON,8 -> 9,ZERO_BASED_TO_CALENDAR,HIGH
13,2001,8,9,MONSOON,8 -> 9,ZERO_BASED_TO_CALENDAR,HIGH
14,2001,8,9,MONSOON,8 -> 9,ZERO_BASED_TO_CALENDAR,HIGH
15,2001,8,9,MONSOON,8 -> 9,ZERO_BASED_TO_CALENDAR,HIGH
16,2001,8,9,MONSOON,8 -> 9,ZERO_BASED_TO_CALENDAR,HIGH
17,2001,8,9,MONSOON,8 -> 9,ZERO_BASED_TO_CALENDAR,HIGH
18,2001,8,9,MONSOON,8 -> 9,ZERO_BASED_TO_CALENDAR,HIGH
19,2001,8,9,MONSOON,8 -> 9,ZERO_BASED_TO_CALENDAR,HIGH
20,2001,8,9,MONSOON,8 -> 9,ZERO_BASED_TO_CALENDAR,HIGH
21,2001,8,9,MONSOON,8 -> 9,ZERO_BASED_TO_CALENDAR,HIGH
22,2001,8,9,MONSOON,8 -> 9,ZERO_BASED_TO_CALENDAR,HIGH
23,2001,8,9,MONSOON,8 -> 9,ZERO_BASED_TO_CALENDAR,HIGH
24,2001,8,9,MONSOON,8 -> 9,ZERO_BASED_TO_CALENDAR,HIGH
25,2001,8,9,MONSOON,8 -> 9,ZERO_BASED_TO_CALENDAR,HIGH
26,2001,8,9,MONSOON,8 -> 9,ZERO_BASED_TO_CALENDAR,HIGH
27,2001,8,9,MONSOON,8 -> 9,ZERO_BASED_TO_CALENDAR,HIGH
28,2001,8,9,MONSOON,8 -> 9,ZERO_BASED_TO_CALENDAR,HIGH
29,2001,8,9,MONSOON,8 -> 9,ZERO_BASED_TO_CALENDAR,HIGH
30,2001,8,9,MONSOON,8 -> 9,ZERO_BASED_TO_CALENDAR,HIGH
31,2001,8,9,MONSOON,8 -> 9,ZERO_BASED_TO_CALENDAR,HIGH
32,2001,8,9,MONSOON,8 -> 9,ZERO_BASED_TO_CALENDAR,HIGH
33,2001,8,9,MONSOON,8 -> 9,ZERO_BASED_TO_CALENDAR,HIGH
34,2001,8,9,MONSOON,8 -> 9,ZERO_BASED_TO_CALENDAR,HIGH
35,2001,8,9,MONSOON,8 -> 9,ZERO_BASED_TO_CALENDAR,HIGH
0,2001,6,7,MONSOON,6 -> 7,ZERO_BASED_TO_CALENDAR,HIGH
1,2001,6,7,MONSOON,6 -> 7,ZERO_BASED_TO_CALENDAR,HIGH
2,2001,6,7,MONSOON,6 -> 7,ZERO_BASED_TO_CALENDAR,HIGH
3,2001,6,7,MONSOON,6 -> 7,ZERO_BASED_TO_CALENDAR,HIGH
4,2001,6,7,MONSOON,6 -> 7,ZERO_BASED_TO_CALENDAR,HIGH
5,2001,6,7,MONSOON,6 -> 7,ZERO_BASED_TO_CALENDAR,HIGH
6,2001,6,7,MONSOON,6 -> 7,ZERO_BASED_TO_CALENDAR,HIGH
7,2001,6,7,MONSOON,6 -> 7,ZERO_BASED_TO_CALENDAR,HIGH
8,2001,6,7,MONSOON,6 -> 7,ZERO_BASED_TO_CALENDAR,HIGH
9,2001,6,7,MONSOON,6 -> 7,ZERO_BASED_TO_CALENDAR,HIGH
10,2001,6,7,MONSOON,6 -> 7,ZERO_BASED_TO_CALENDAR,HIGH
11,2001,6,7,MONSOON,6 -> 7,ZERO_BASED_TO_CALENDAR,HIGH
12,2001,6,7,MONSOON,6 -> 7,ZERO_BASED_TO_CALENDAR,HIGH
13,2001,6,7,MONSOON,6 -> 7,ZERO_BASED_TO_CALENDAR,HIGH
14,2001,6,7,MONSOON,6 -> 7,ZERO_BASED_TO_CALENDAR,HIGH
15,2001,6,7,MONSOON,6 -> 7,ZERO_BASED_TO_CALENDAR,HIGH
16,2001,6,7,MONSOON,6 -> 7,ZERO_BASED_TO_CALENDAR,HIGH
17,2001,6,7,MONSOON,6 -> 7,ZERO_BASED_TO_CALENDAR,HIGH
18,2001,6,7,MONSOON,6 -> 7,ZERO_BASED_TO_CALENDAR,HIGH
19,2001,6,7,MONSOON,6 -> 7,ZERO_BASED_TO_CALENDAR,HIGH
20,2001,6,7,MONSOON,6 -> 7,ZERO_BASED_TO_CALENDAR,HIGH
21,2001,6,7,MONSOON,6 -> 7,ZERO_BASED_TO_CALENDAR,HIGH
22,2001,6,7,MONSOON,6 -> 7,ZERO_BASED_TO_CALENDAR,HIGH
23,2001,6,7,MONSOON,6 -> 7,ZERO_BASED_TO_CALENDAR,HIGH
24,2001,6,7,MONSOON,6 -> 7,ZERO_BASED_TO_CALENDAR,HIGH
25,2001,6,7,MONSOON,6 -> 7,ZERO_BASED_TO_CALENDAR,HIGH
26,2001,6,7,MONSOON,6 -> 7,ZERO_BASED_TO_CALENDAR,HIGH
27,2001,6,7,MONSOON,6 -> 7,ZERO_BASED_TO_CALENDAR,HIGH
28,2001,6,7,MONSOON,6 -> 7,ZERO_BASED_TO_CALENDAR,HIGH
29,2001,6,7,MONSOON,6 -> 7,ZERO_BASED_TO_CALENDAR,HIGH
30,2001,6,7,MONSOON,6 -> 7,ZERO_BASED_TO_CALENDAR,HIGH
31,2001,6,7,MONSOON,6 -> 7,ZERO_BASED_TO_CALENDAR,HIGH
32,2001,6,7,MONSOON,6 -> 7,ZERO_BASED_TO_CALENDAR,HIGH
33,2001,6,7,MONSOON,6 -> 7,ZERO_BASED_TO_CALENDAR,HIGH
34,2001,6,7,MONSOON,6 -> 7,ZERO_BASED_TO_CALENDAR,HIGH
35,2001,6,7,MONSOON,6 -> 7,ZERO_BASED_TO_CALENDAR,HIGH
0,2001,5,6,MONSOON,5 -> 6,ZERO_BASED_TO_CALENDAR,HIGH
1,2001,5,6,MONSOON,5 -> 6,ZERO_BASED_TO_CALENDAR,HIGH
2,2001,5,6,MONSOON,5 -> 6,ZERO_BASED_TO_CALENDAR,HIGH
3,2001,5,6,MONSOON,5 -> 6,ZERO_BASED_TO_CALENDAR,HIGH
4,2001,5,6,MONSOON,5 -> 6,ZERO_BASED_TO_CALENDAR,HIGH
5,2001,5,6,MONSOON,5 -> 6,ZERO_BASED_TO_CALENDAR,HIGH
6,2001,5,6,MONSOON,5 -> 6,ZERO_BASED_TO_CALENDAR,HIGH
7,2001,5,6,MONSOON,5 -> 6,ZERO_BASED_TO_CALENDAR,HIGH
8,2001,5,6,MONSOON,5 -> 6,ZERO_BASED_TO_CALENDAR,HIGH
9,2001,5,6,MONSOON,5 -> 6,ZERO_BASED_TO_CALENDAR,HIGH
10,2001,5,6,MONSOON,5 -> 6,ZERO_BASED_TO_CALENDAR,HIGH
11,2001,5,6,MONSOON,5 -> 6,ZERO_BASED_TO_CALENDAR,HIGH
12,2001,5,6,MONSOON,5 -> 6,ZERO_BASED_TO_CALENDAR,HIGH
13,2001,5,6,MONSOON,5 -> 6,ZERO_BASED_TO_CALENDAR,HIGH
14,2001,5,6,MONSOON,5 -> 6,ZERO_BASED_TO_CALENDAR,HIGH
15,2001,5,6,MONSOON,5 -> 6,ZERO_BASED_TO_CALENDAR,HIGH
16,2001,5,6,MONSOON,5 -> 6,ZERO_BASED_TO_CALENDAR,HIGH
17,2001,5,6,MONSOON,5 -> 6,ZERO_BASED_TO_CALENDAR,HIGH
18,2001,5,6,MONSOON,5 -> 6,ZERO_BASED_TO_CALENDAR,HIGH
19,2001,5,6,MONSOON,5 -> 6,ZERO_BASED_TO_CALENDAR,HIGH
20,2001,5,6,MONSOON,5 -> 6,ZERO_BASED_TO_CALENDAR,HIGH
21,2001,5,6,MONSOON,5 -> 6,ZERO_BASED_TO_CALENDAR,HIGH
22,2001,5,6,MONSOON,5 -> 6,ZERO_BASED_TO_CALENDAR,HIGH
23,2001,5,6,MONSOON,5 -> 6,ZERO_BASED_TO_CALENDAR,HIGH
24,2001,5,6,MONSOON,5 -> 6,ZERO_BASED_TO_CALENDAR,HIGH
25,2001,5,6,MONSOON,5 -> 6,ZERO_BASED_TO_CALENDAR,HIGH
26,2001,5,6,MONSOON,5 -> 6,ZERO_BASED_TO_CALENDAR,HIGH
27,2001,5,6,MONSOON,5 -> 6,ZERO_BASED_TO_CALENDAR,HIGH
28,2001,5,6,MONSOON,5 -> 6,ZERO_BASED_TO_CALENDAR,HIGH
29,2001,5,6,MONSOON,5 -> 6,ZERO_BASED_TO_CALENDAR,HIGH
30,2001,5,6,MONSOON,5 -> 6,ZERO_BASED_TO_CALENDAR,HIGH
31,2001,5,6,MONSOON,5 -> 6,ZERO_BASED_TO_CALENDAR,HIGH
32,2001,5,6,MONSOON,5 -> 6,ZERO_BASED_TO_CALENDAR,HIGH
33,2001,5,6,MONSOON,5 -> 6,ZERO_BASED_TO_CALENDAR,HIGH
34,2001,5,6,MONSOON,5 -> 6,ZERO_BASED_TO_CALENDAR,HIGH
35,2001,5,6,MONSOON,5 -> 6,ZERO_BASED_TO_CALENDAR,HIGH
0,2001,1,2,WINTER,1 -> 2,ZERO_BASED_TO_CALENDAR,HIGH
1,2001,1,2,WINTER,1 -> 2,ZERO_BASED_TO_CALENDAR,HIGH
2,2001,1,2,WINTER,1 -> 2,ZERO_BASED_TO_CALENDAR,HIGH
3,2001,1,2,WINTER,1 -> 2,ZERO_BASED_TO_CALENDAR,HIGH
4,2001,1,2,WINTER,1 -> 2,ZERO_BASED_TO_CALENDAR,HIGH
5,2001,1,2,WINTER,1 -> 2,ZERO_BASED_TO_CALENDAR,HIGH
6,2001,1,2,WINTER,1 -> 2,ZERO_BASED_TO_CALENDAR,HIGH
7,2001,1,2,WINTER,1 -> 2,ZERO_BASED_TO_CALENDAR,HIGH
8,2001,1,2,WINTER,1 -> 2,ZERO_BASED_TO_CALENDAR,HIGH
9,2001,1,2,WINTER,1 -> 2,ZERO_BASED_TO_CALENDAR,HIGH
10,2001,1,2,WINTER,1 -> 2,ZERO_BASED_TO_CALENDAR,HIGH
11,2001,1,2,WINTER,1 -> 2,ZERO_BASED_TO_CALENDAR,HIGH
12,2001,1,2,WINTER,1 -> 2,ZERO_BASED_TO_CALENDAR,HIGH
13,2001,1,2,WINTER,1 -> 2,ZERO_BASED_TO_CALENDAR,HIGH
14,2001,1,2,WINTER,1 -> 2,ZERO_BASED_TO_CALENDAR,HIGH
15,2001,1,2,WINTER,1 -> 2,ZERO_BASED_TO_CALENDAR,HIGH
16,2001,1,2,WINTER,1 -> 2,ZERO_BASED_TO_CALENDAR,HIGH
17,2001,1,2,WINTER,1 -> 2,ZERO_BASED_TO_CALENDAR,HIGH
18,2001,1,2,WINTER,1 -> 2,ZERO_BASED_TO_CALENDAR,HIGH
19,2001,1,2,WINTER,1 -> 2,ZERO_BASED_TO_CALENDAR,HIGH
20,2001,1,2,WINTER,1 -> 2,ZERO_BASED_TO_CALENDAR,HIGH
21,2001,1,2,WINTER,1 -> 2,ZERO_BASED_TO_CALENDAR,HIGH
22,2001,1,2,WINTER,1 -> 2,ZERO_BASED_TO_CALENDAR,HIGH
23,2001,1,2,WINTER,1 -> 2,ZERO_BASED_TO_CALENDAR,HIGH
24,2001,1,2,WINTER,1 -> 2,ZERO_BASED_TO_CALENDAR,HIGH
25,2001,1,2,WINTER,1 -> 2,ZERO_BASED_TO_CALENDAR,HIGH
26,2001,1,2,WINTER,1 -> 2,ZERO_BASED_TO_CALENDAR,HIGH
27,2001,1,2,WINTER,1 -> 2,ZERO_BASED_TO_CALENDAR,HIGH
28,2001,1,2,WINTER,1 -> 2,ZERO_BASED_TO_CALENDAR,HIGH
29,2001,1,2,WINTER,1 -> 2,ZERO_BASED_TO_CALENDAR,HIGH
30,2001,1,2,WINTER,1 -> 2,ZERO_BASED_TO_CALENDAR,HIGH
31,2001,1,2,WINTER,1 -> 2,ZERO_BASED_TO_CALENDAR,HIGH
32,2001,1,2,WINTER,1 -> 2,ZERO_BASED_TO_CALENDAR,HIGH
33,2001,1,2,WINTER,1 -> 2,ZERO_BASED_TO_CALENDAR,HIGH
34,2001,1,2,WINTER,1 -> 2,ZERO_BASED_TO_CALENDAR,HIGH
35,2001,1,2,WINTER,1 -> 2,ZERO_BASED_TO_CALENDAR,HIGH
0,2001,11,12,WINTER,11 -> 12,ZERO_BASED_TO_CALENDAR,HIGH
1,2001,11,12,WINTER,11 -> 12,ZERO_BASED_TO_CALENDAR,HIGH
2,2001,11,12,WINTER,11 -> 12,ZERO_BASED_TO_CALENDAR,HIGH
3,2001,11,12,WINTER,11 -> 12,ZERO_BASED_TO_CALENDAR,HIGH
4,2001,11,12,WINTER,11 -> 12,ZERO_BASED_TO_CALENDAR,HIGH
5,2001,11,12,WINTER,11 -> 12,ZERO_BASED_TO_CALENDAR,HIGH
6,2001,11,12,WINTER,11 -> 12,ZERO_BASED_TO_CALENDAR,HIGH
7,2001,11,12,WINTER,11 -> 12,ZERO_BASED_TO_CALENDAR,HIGH
8,2001,11,12,WINTER,11 -> 12,ZERO_BASED_TO_CALENDAR,HIGH
9,2001,11,12,WINTER,11 -> 12,ZERO_BASED_TO_CALENDAR,HIGH
10,2001,11,12,WINTER,11 -> 12,ZERO_BASED_TO_CALENDAR,HIGH
11,2001,11,12,WINTER,11 -> 12,ZERO_BASED_TO_CALENDAR,HIGH
12,2001,11,12,WINTER,11 -> 12,ZERO_BASED_TO_CALENDAR,HIGH
13,2001,11,12,WINTER,11 -> 12,ZERO_BASED_TO_CALENDAR,HIGH
14,2001,11,12,WINTER,11 -> 12,ZERO_BASED_TO_CALENDAR,HIGH
15,2001,11,12,WINTER,11 -> 12,ZERO_BASED_TO_CALENDAR,HIGH
16,2001,11,12,WINTER,11 -> 12,ZERO_BASED_TO_CALENDAR,HIGH
17,2001,11,12,WINTER,11 -> 12,ZERO_BASED_TO_CALENDAR,HIGH
18,2001,11,12,WINTER,11 -> 12,ZERO_BASED_TO_CALENDAR,HIGH
19,2001,11,12,WINTER,11 -> 12,ZERO_BASED_TO_CALENDAR,HIGH
20,2001,11,12,WINTER,11 -> 12,ZERO_BASED_TO_CALENDAR,HIGH
21,2001,11,12,WINTER,11 -> 12,ZERO_BASED_TO_CALENDAR,HIGH
22,2001,11,12,WINTER,11 -> 12,ZERO_BASED_TO_CALENDAR,HIGH
23,2001,11,12,WINTER,11 -> 12,ZERO_BASED_TO_CALENDAR,HIGH
24,2001,11,12,WINTER,11 -> 12,ZERO_BASED_TO_CALENDAR,HIGH
25,2001,11,12,WINTER,11 -> 12,ZERO_BASED_TO_CALENDAR,HIGH
26,2001,11,12,WINTER,11 -> 12,ZERO_BASED_TO_CALENDAR,HIGH
27,2001,11,12,WINTER,11 -> 12,ZERO_BASED_TO_CALENDAR,HIGH
28,2001,11,12,WINTER,11 -> 12,ZERO_BASED_TO_CALENDAR,HIGH
29,2001,11,12,WINTER,11 -> 12,ZERO_BASED_TO_CALENDAR,HIGH
30,2001,11,12,WINTER,11 -> 12,ZERO_BASED_TO_CALENDAR,HIGH
31,2001,11,12,WINTER,11 -> 12,ZERO_BASED_TO_CALENDAR,HIGH
32,2001,11,12,WINTER,11 -> 12,ZERO_BASED_TO_CALENDAR,HIGH
33,2001,11,12,WINTER,11 -> 12,ZERO_BASED_TO_CALENDAR,HIGH
34,2001,11,12,WINTER,11 -> 12,ZERO_BASED_TO_CALENDAR,HIGH
35,2001,11,12,WINTER,11 -> 12,ZERO_BASED_TO_CALENDAR,HIGH
0,2001,10,11,POST_MONSOON,10 -> 11,ZERO_BASED_TO_CALENDAR,HIGH
1,2001,10,11,POST_MONSOON,10 -> 11,ZERO_BASED_TO_CALENDAR,HIGH
2,2001,10,11,POST_MONSOON,10 -> 11,ZERO_BASED_TO_CALENDAR,HIGH
3,2001,10,11,POST_MONSOON,10 -> 11,ZERO_BASED_TO_CALENDAR,HIGH
4,2001,10,11,POST_MONSOON,10 -> 11,ZERO_BASED_TO_CALENDAR,HIGH
5,2001,10,11,POST_MONSOON,10 -> 11,ZERO_BASED_TO_CALENDAR,HIGH
6,2001,10,11,POST_MONSOON,10 -> 11,ZERO_BASED_TO_CALENDAR,HIGH
7,2001,10,11,POST_MONSOON,10 -> 11,ZERO_BASED_TO_CALENDAR,HIGH
8,2001,10,11,POST_MONSOON,10 -> 11,ZERO_BASED_TO_CALENDAR,HIGH
9,2001,10,11,POST_MONSOON,10 -> 11,ZERO_BASED_TO_CALENDAR,HIGH
10,2001,10,11,POST_MONSOON,10 -> 11,ZERO_BASED_TO_CALENDAR,HIGH
11,2001,10,11,POST_MONSOON,10 -> 11,ZERO_BASED_TO_CALENDAR,HIGH
12,2001,10,11,POST_MONSOON,10 -> 11,ZERO_BASED_TO_CALENDAR,HIGH
13,2001,10,11,POST_MONSOON,10 -> 11,ZERO_BASED_TO_CALENDAR,HIGH
14,2001,10,11,POST_MONSOON,10 -> 11,ZERO_BASED_TO_CALENDAR,HIGH
15,2001,10,11,POST_MONSOON,10 -> 11,ZERO_BASED_TO_CALENDAR,HIGH
16,2001,10,11,POST_MONSOON,10 -> 11,ZERO_BASED_TO_CALENDAR,HIGH
17,2001,10,11,POST_MONSOON,10 -> 11,ZERO_BASED_TO_CALENDAR,HIGH
18,2001,10,11,POST_MONSOON,10 -> 11,ZERO_BASED_TO_CALENDAR,HIGH
19,2001,10,11,POST_MONSOON,10 -> 11,ZERO_BASED_TO_CALENDAR,HIGH
20,2001,10,11,POST_MONSOON,10 -> 11,ZERO_BASED_TO_CALENDAR,HIGH
21,2001,10,11,POST_MONSOON,10 -> 11,ZERO_BASED_TO_CALENDAR,HIGH
22,2001,10,11,POST_MONSOON,10 -> 11,ZERO_BASED_TO_CALENDAR,HIGH
23,2001,10,11,POST_MONSOON,10 -> 11,ZERO_BASED_TO_CALENDAR,HIGH
24,2001,10,11,POST_MONSOON,10 -> 11,ZERO_BASED_TO_CALENDAR,HIGH
25,2001,10,11,POST_MONSOON,10 -> 11,ZERO_BASED_TO_CALENDAR,HIGH
26,2001,10,11,POST_MONSOON,10 -> 11,ZERO_BASED_TO_CALENDAR,HIGH
27,2001,10,11,POST_MONSOON,10 -> 11,ZERO_BASED_TO_CALENDAR,HIGH
28,2001,10,11,POST_MONSOON,10 -> 11,ZERO_BASED_TO_CALENDAR,HIGH
29,2001,10,11,POST_MONSOON,10 -> 11,ZERO_BASED_TO_CALENDAR,HIGH
30,2001,10,11,POST_MONSOON,10 -> 11,ZERO_BASED_TO_CALENDAR,HIGH
31,2001,10,11,POST_MONSOON,10 -> 11,ZERO_BASED_TO_CALENDAR,HIGH
32,2001,10,11,POST_MONSOON,10 -> 11,ZERO_BASED_TO_CALENDAR,HIGH
33,2001,10,11,POST_MONSOON,10 -> 11,ZERO_BASED_TO_CALENDAR,HIGH
34,2001,10,11,POST_MONSOON,10 -> 11,ZERO_BASED_TO_CALENDAR,HIGH
35,2001,10,11,POST_MONSOON,10 -> 11,ZERO_BASED_TO_CALENDAR,HIGH
0,2001,9,10,POST_MONSOON,9 -> 10,ZERO_BASED_TO_CALENDAR,HIGH
1,2001,9,10,POST_MONSOON,9 -> 10,ZERO_BASED_TO_CALENDAR,HIGH
2,2001,9,10,POST_MONSOON,9 -> 10,ZERO_BASED_TO_CALENDAR,HIGH
3,2001,9,10,POST_MONSOON,9 -> 10,ZERO_BASED_TO_CALENDAR,HIGH
4,2001,9,10,POST_MONSOON,9 -> 10,ZERO_BASED_TO_CALENDAR,HIGH
5,2001,9,10,POST_MONSOON,9 -> 10,ZERO_BASED_TO_CALENDAR,HIGH
6,2001,9,10,POST_MONSOON,9 -> 10,ZERO_BASED_TO_CALENDAR,HIGH
7,2001,9,10,POST_MONSOON,9 -> 10,ZERO_BASED_TO_CALENDAR,HIGH
8,2001,9,10,POST_MONSOON,9 -> 10,ZERO_BASED_TO_CALENDAR,HIGH
9,2001,9,10,POST_MONSOON,9 -> 10,ZERO_BASED_TO_CALENDAR,HIGH
10,2001,9,10,POST_MONSOON,9 -> 10,ZERO_BASED_TO_CALENDAR,HIGH
11,2001,9,10,POST_MONSOON,9 -> 10,ZERO_BASED_TO_CALENDAR,HIGH
12,2001,9,10,POST_MONSOON,9 -> 10,ZERO_BASED_TO_CALENDAR,HIGH
13,2001,9,10,POST_MONSOON,9 -> 10,ZERO_BASED_TO_CALENDAR,HIGH
14,2001,9,10,POST_MONSOON,9 -> 10,ZERO_BASED_TO_CALENDAR,HIGH
15,2001,9,10,POST_MONSOON,9 -> 10,ZERO_BASED_TO_CALENDAR,HIGH
16,2001,9,10,POST_MONSOON,9 -> 10,ZERO_BASED_TO_CALENDAR,HIGH
17,2001,9,10,POST_MONSOON,9 -> 10,ZERO_BASED_TO_CALENDAR,HIGH
18,2001,9,10,POST_MONSOON,9 -> 10,ZERO_BASED_TO_CALENDAR,HIGH
19,2001,9,10,POST_MONSOON,9 -> 10,ZERO_BASED_TO_CALENDAR,HIGH
20,2001,9,10,POST_MONSOON,9 -> 10,ZERO_BASED_TO_CALENDAR,HIGH
21,2001,9,10,POST_MONSOON,9 -> 10,ZERO_BASED_TO_CALENDAR,HIGH
22,2001,9,10,POST_MONSOON,9 -> 10,ZERO_BASED_TO_CALENDAR,HIGH
23,2001,9,10,POST_MONSOON,9 -> 10,ZERO_BASED_TO_CALENDAR,HIGH
24,2001,9,10,POST_MONSOON,9 -> 10,ZERO_BASED_TO_CALENDAR,HIGH
25,2001,9,10,POST_MONSOON,9 -> 10,ZERO_BASED_TO_CALENDAR,HIGH
26,2001,9,10,POST_MONSOON,9 -> 10,ZERO_BASED_TO_CALENDAR,HIGH
27,2001,9,10,POST_MONSOON,9 -> 10,ZERO_BASED_TO_CALENDAR,HIGH
28,2001,9,10,POST_MONSOON,9 -> 10,ZERO_BASED_TO_CALENDAR,HIGH
29,2001,9,10,POST_MONSOON,9 -> 10,ZERO_BASED_TO_CALENDAR,HIGH
30,2001,9,10,POST_MONSOON,9 -> 10,ZERO_BASED_TO_CALENDAR,HIGH
31,2001,9,10,POST_MONSOON,9 -> 10,ZERO_BASED_TO_CALENDAR,HIGH
32,2001,9,10,POST_MONSOON,9 -> 10,ZERO_BASED_TO_CALENDAR,HIGH
33,2001,9,10,POST_MONSOON,9 -> 10,ZERO_BASED_TO_CALENDAR,HIGH
34,2001,9,10,POST_MONSOON,9 -> 10,ZERO_BASED_TO_CALENDAR,HIGH
35,2001,9,10,POST_MONSOON,9 -> 10,ZERO_BASED_TO_CALENDAR,HIGH
0,2001,2,3,PRE_MONSOON,2 -> 3,ZERO_BASED_TO_CALENDAR,HIGH
1,2001,2,3,PRE_MONSOON,2 -> 3,ZERO_BASED_TO_CALENDAR,HIGH
2,2001,2,3,PRE_MONSOON,2 -> 3,ZERO_BASED_TO_CALENDAR,HIGH
3,2001,2,3,PRE_MONSOON,2 -> 3,ZERO_BASED_TO_CALENDAR,HIGH
4,2001,2,3,PRE_MONSOON,2 -> 3,ZERO_BASED_TO_CALENDAR,HIGH
5,2001,2,3,PRE_MONSOON,2 -> 3,ZERO_BASED_TO_CALENDAR,HIGH
6,2001,2,3,PRE_MONSOON,2 -> 3,ZERO_BASED_TO_CALENDAR,HIGH
7,2001,2,3,PRE_MONSOON,2 -> 3,ZERO_BASED_TO_CALENDAR,HIGH
8,2001,2,3,PRE_MONSOON,2 -> 3,ZERO_BASED_TO_CALENDAR,HIGH
9,2001,2,3,PRE_MONSOON,2 -> 3,ZERO_BASED_TO_CALENDAR,HIGH
10,2001,2,3,PRE_MONSOON,2 -> 3,ZERO_BASED_TO_CALENDAR,HIGH
11,2001,2,3,PRE_MONSOON,2 -> 3,ZERO_BASED_TO_CALENDAR,HIGH
12,2001,2,3,PRE_MONSOON,2 -> 3,ZERO_BASED_TO_CALENDAR,HIGH
13,2001,2,3,PRE_MONSOON,2 -> 3,ZERO_BASED_TO_CALENDAR,HIGH
14,2001,2,3,PRE_MONSOON,2 -> 3,ZERO_BASED_TO_CALENDAR,HIGH
15,2001,2,3,PRE_MONSOON,2 -> 3,ZERO_BASED_TO_CALENDAR,HIGH
16,2001,2,3,PRE_MONSOON,2 -> 3,ZERO_BASED_TO_CALENDAR,HIGH
17,2001,2,3,PRE_MONSOON,2 -> 3,ZERO_BASED_TO_CALENDAR,HIGH
18,2001,2,3,PRE_MONSOON,2 -> 3,ZERO_BASED_TO_CALENDAR,HIGH
19,2001,2,3,PRE_MONSOON,2 -> 3,ZERO_BASED_TO_CALENDAR,HIGH
20,2001,2,3,PRE_MONSOON,2 -> 3,ZERO_BASED_TO_CALENDAR,HIGH
21,2001,2,3,PRE_MONSOON,2 -> 3,ZERO_BASED_TO_CALENDAR,HIGH
22,2001,2,3,PRE_MONSOON,2 -> 3,ZERO_BASED_TO_CALENDAR,HIGH
23,2001,2,3,PRE_MONSOON,2 -> 3,ZERO_BASED_TO_CALENDAR,HIGH
24,2001,2,3,PRE_MONSOON,2 -> 3,ZERO_BASED_TO_CALENDAR,HIGH
25,2001,2,3,PRE_MONSOON,2 -> 3,ZERO_BASED_TO_CALENDAR,HIGH
26,2001,2,3,PRE_MONSOON,2 -> 3,ZERO_BASED_TO_CALENDAR,HIGH
27,2001,2,3,PRE_MONSOON,2 -> 3,ZERO_BASED_TO_CALENDAR,HIGH
28,2001,2,3,PRE_MONSOON,2 -> 3,ZERO_BASED_TO_CALENDAR,HIGH
29,2001,2,3,PRE_MONSOON,2 -> 3,ZERO_BASED_TO_CALENDAR,HIGH
30,2001,2,3,PRE_MONSOON,2 -> 3,ZERO_BASED_TO_CALENDAR,HIGH
31,2001,2,3,PRE_MONSOON,2 -> 3,ZERO_BASED_TO_CALENDAR,HIGH
32,2001,2,3,PRE_MONSOON,2 -> 3,ZERO_BASED_TO_CALENDAR,HIGH
33,2001,2,3,PRE_MONSOON,2 -> 3,ZERO_BASED_TO_CALENDAR,HIGH
34,2001,2,3,PRE_MONSOON,2 -> 3,ZERO_BASED_TO_CALENDAR,HIGH
35,2001,2,3,PRE_MONSOON,2 -> 3,ZERO_BASED_TO_CALENDAR,HIGH
0,2002,4,5,PRE_MONSOON,4 -> 5,ZERO_BASED_TO_CALENDAR,HIGH
1,2002,4,5,PRE_MONSOON,4 -> 5,ZERO_BASED_TO_CALENDAR,HIGH
2,2002,4,5,PRE_MONSOON,4 -> 5,ZERO_BASED_TO_CALENDAR,HIGH
3,2002,4,5,PRE_MONSOON,4 -> 5,ZERO_BASED_TO_CALENDAR,HIGH
4,2002,4,5,PRE_MONSOON,4 -> 5,ZERO_BASED_TO_CALENDAR,HIGH
5,2002,4,5,PRE_MONSOON,4 -> 5,ZERO_BASED_TO_CALENDAR,HIGH
6,2002,4,5,PRE_MONSOON,4 -> 5,ZERO_BASED_TO_CALENDAR,HIGH
7,2002,4,5,PRE_MONSOON,4 -> 5,ZERO_BASED_TO_CALENDAR,HIGH
8,2002,4,5,PRE_MONSOON,4 -> 5,ZERO_BASED_TO_CALENDAR,HIGH
9,2002,4,5,PRE_MONSOON,4 -> 5,ZERO_BASED_TO_CALENDAR,HIGH
10,2002,4,5,PRE_MONSOON,4 -> 5,ZERO_BASED_TO_CALENDAR,HIGH
11,2002,4,5,PRE_MONSOON,4 -> 5,ZERO_BASED_TO_CALENDAR,HIGH
12,2002,4,5,PRE_MONSOON,4 -> 5,ZERO_BASED_TO_CALENDAR,HIGH
13,2002,4,5,PRE_MONSOON,4 -> 5,ZERO_BASED_TO_CALENDAR,HIGH
14,2002,4,5,PRE_MONSOON,4 -> 5,ZERO_BASED_TO_CALENDAR,HIGH
15,2002,4,5,PRE_MONSOON,4 -> 5,ZERO_BASED_TO_CALENDAR,HIGH
16,2002,4,5,PRE_MONSOON,4 -> 5,ZERO_BASED_TO_CALENDAR,HIGH
17,2002,4,5,PRE_MONSOON,4 -> 5,ZERO_BASED_TO_CALENDAR,HIGH
18,2002,4,5,PRE_MONSOON,4 -> 5,ZERO_BASED_TO_CALENDAR,HIGH
19,2002,4,5,PRE_MONSOON,4 -> 5,ZERO_BASED_TO_CALENDAR,HIGH
20,2002,4,5,PRE_MONSOON,4 -> 5,ZERO_BASED_TO_CALENDAR,HIGH
21,2002,4,5,PRE_MONSOON,4 -> 5,ZERO_BASED_TO_CALENDAR,HIGH
22,2002,4,5,PRE_MONSOON,4 -> 5,ZERO_BASED_TO_CALENDAR,HIGH
23,2002,4,5,PRE_MONSOON,4 -> 5,ZERO_BASED_TO_CALENDAR,HIGH
24,2002,4,5,PRE_MONSOON,4 -> 5,ZERO_BASED_TO_CALENDAR,HIGH
25,2002,4,5,PRE_MONSOON,4 -> 5,ZERO_BASED_TO_CALENDAR,HIGH
26,2002,4,5,PRE_MONSOON,4 -> 5,ZERO_BASED_TO_CALENDAR,HIGH
27,2002,4,5,PRE_MONSOON,4 -> 5,ZERO_BASED_TO_CALENDAR,HIGH
28,2002,4,5,PRE_MONSOON,4 -> 5,ZERO_BASED_TO_CALENDAR,HIGH
29,2002,4,5,PRE_MONSOON,4 -> 5,ZERO_BASED_TO_CALENDAR,HIGH
30,2002,4,5,PRE_MONSOON,4 -> 5,ZERO_BASED_TO_CALENDAR,HIGH
31,2002,4,5,PRE_MONSOON,4 -> 5,ZERO_BASED_TO_CALENDAR,HIGH
32,2002,4,5,PRE_MONSOON,4 -> 5,ZERO_BASED_TO_CALENDAR,HIGH
33,2002,4,5,PRE_MONSOON,4 -> 5,ZERO_BASED_TO_CALENDAR,HIGH
34,2002,4,5,PRE_MONSOON,4 -> 5,ZERO_BASED_TO_CALENDAR,HIGH
35,2002,4,5,PRE_MONSOON,4 -> 5,ZERO_BASED_TO_CALENDAR,HIGH
0,2002,3,4,PRE_MONSOON,3 -> 4,ZERO_BASED_TO_CALENDAR,HIGH
1,2002,3,4,PRE_MONSOON,3 -> 4,ZERO_BASED_TO_CALENDAR,HIGH
2,2002,3,4,PRE_MONSOON,3 -> 4,ZERO_BASED_TO_CALENDAR,HIGH
3,2002,3,4,PRE_MONSOON,3 -> 4,ZERO_BASED_TO_CALENDAR,HIGH
4,2002,3,4,PRE_MONSOON,3 -> 4,ZERO_BASED_TO_CALENDAR,HIGH
5,2002,3,4,PRE_MONSOON,3 -> 4,ZERO_BASED_TO_CALENDAR,HIGH
6,2002,3,4,PRE_MONSOON,3 -> 4,ZERO_BASED_TO_CALENDAR,HIGH
7,2002,3,4,PRE_MONSOON,3 -> 4,ZERO_BASED_TO_CALENDAR,HIGH
8,2002,3,4,PRE_MONSOON,3 -> 4,ZERO_BASED_TO_CALENDAR,HIGH
9,2002,3,4,PRE_MONSOON,3 -> 4,ZERO_BASED_TO_CALENDAR,HIGH
10,2002,3,4,PRE_MONSOON,3 -> 4,ZERO_BASED_TO_CALENDAR,HIGH
11,2002,3,4,PRE_MONSOON,3 -> 4,ZERO_BASED_TO_CALENDAR,HIGH
12,2002,3,4,PRE_MONSOON,3 -> 4,ZERO_BASED_TO_CALENDAR,HIGH
13,2002,3,4,PRE_MONSOON,3 -> 4,ZERO_BASED_TO_CALENDAR,HIGH
14,2002,3,4,PRE_MONSOON,3 -> 4,ZERO_BASED_TO_CALENDAR,HIGH
15,2002,3,4,PRE_MONSOON,3 -> 4,ZERO_BASED_TO_CALENDAR,HIGH
16,2002,3,4,PRE_MONSOON,3 -> 4,ZERO_BASED_TO_CALENDAR,HIGH
17,2002,3,4,PRE_MONSOON,3 -> 4,ZERO_BASED_TO_CALENDAR,HIGH
18,2002,3,4,PRE_MONSOON,3 -> 4,ZERO_BASED_TO_CALENDAR,HIGH
19,2002,3,4,PRE_MONSOON,3 -> 4,ZERO_BASED_TO_CALENDAR,HIGH
20,2002,3,4,PRE_MONSOON,3 -> 4,ZERO_BASED_TO_CALENDAR,HIGH
21,2002,3,4,PRE_MONSOON,3 -> 4,ZERO_BASED_TO_CALENDAR,HIGH
22,2002,3,4,PRE_MONSOON,3 -> 4,ZERO_BASED_TO_CALENDAR,HIGH
23,2002,3,4,PRE_MONSOON,3 -> 4,ZERO_BASED_TO_CALENDAR,HIGH
24,2002,3,4,PRE_MONSOON,3 -> 4,ZERO_BASED_TO_CALENDAR,HIGH
25,2002,3,4,PRE_MONSOON,3 -> 4,ZERO_BASED_TO_CALENDAR,HIGH
26,2002,3,4,PRE_MONSOON,3 -> 4,ZERO_BASED_TO_CALENDAR,HIGH
27,2002,3,4,PRE_MONSOON,3 -> 4,ZERO_BASED_TO_CALENDAR,HIGH
28,2002,3,4,PRE_MONSOON,3 -> 4,ZERO_BASED_TO_CALENDAR,HIGH
29,2002,3,4,PRE_MONSOON,3 -> 4,ZERO_BASED_TO_CALENDAR,HIGH
30,2002,3,4,PRE_MONSOON,3 -> 4,ZERO_BASED_TO_CALENDAR,HIGH
31,2002,3,4,PRE_MONSOON,3 -> 4,ZERO_BASED_TO_CALENDAR,HIGH
32,2002,3,4,PRE_MONSOON,3 -> 4,ZERO_BASED_TO_CALENDAR,HIGH
33,2002,3,4,PRE_MONSOON,3 -> 4,ZERO_BASED_TO_CALENDAR,HIGH
34,2002,3,4,PRE_MONSOON,3 -> 4,ZERO_BASED_TO_CALENDAR,HIGH
35,2002,3,4,PRE_MONSOON,3 -> 4,ZERO_BASED_TO_CALENDAR,HIGH
0,2002,7,8,MONSOON,7 -> 8,ZERO_BASED_TO_CALENDAR,HIGH
1,2002,7,8,MONSOON,7 -> 8,ZERO_BASED_TO_CALENDAR,HIGH
2,2002,7,8,MONSOON,7 -> 8,ZERO_BASED_TO_CALENDAR,HIGH
3,2002,7,8,MONSOON,7 -> 8,ZERO_BASED_TO_CALENDAR,HIGH
4,2002,7,8,MONSOON,7 -> 8,ZERO_BASED_TO_CALENDAR,HIGH
5,2002,7,8,MONSOON,7 -> 8,ZERO_BASED_TO_CALENDAR,HIGH
6,2002,7,8,MONSOON,7 -> 8,ZERO_BASED_TO_CALENDAR,HIGH
7,2002,7,8,MONSOON,7 -> 8,ZERO_BASED_TO_CALENDAR,HIGH
8,2002,7,8,MONSOON,7 -> 8,ZERO_BASED_TO_CALENDAR,HIGH
9,2002,7,8,MONSOON,7 -> 8,ZERO_BASED_TO_CALENDAR,HIGH
10,2002,7,8,MONSOON,7 -> 8,ZERO_BASED_TO_CALENDAR,HIGH
11,2002,7,8,MONSOON,7 -> 8,ZERO_BASED_TO_CALENDAR,HIGH
12,2002,7,8,MONSOON,7 -> 8,ZERO_BASED_TO_CALENDAR,HIGH
13,2002,7,8,MONSOON,7 -> 8,ZERO_BASED_TO_CALENDAR,HIGH
14,2002,7,8,MONSOON,7 -> 8,ZERO_BASED_TO_CALENDAR,HIGH
15,2002,7,8,MONSOON,7 -> 8,ZERO_BASED_TO_CALENDAR,HIGH
16,2002,7,8,MONSOON,7 -> 8,ZERO_BASED_TO_CALENDAR,HIGH
17,2002,7,8,MONSOON,7 -> 8,ZERO_BASED_TO_CALENDAR,HIGH
18,2002,7,8,MONSOON,7 -> 8,ZERO_BASED_TO_CALENDAR,HIGH
19,2002,7,8,MONSOON,7 -> 8,ZERO_BASED_TO_CALENDAR,HIGH
20,2002,7,8,MONSOON,7 -> 8,ZERO_BASED_TO_CALENDAR,HIGH
21,2002,7,8,MONSOON,7 -> 8,ZERO_BASED_TO_CALENDAR,HIGH
22,2002,7,8,MONSOON,7 -> 8,ZERO_BASED_TO_CALENDAR,HIGH
23,2002,7,8,MONSOON,7 -> 8,ZERO_BASED_TO_CALENDAR,HIGH
24,2002,7,8,MONSOON,7 -> 8,ZERO_BASED_TO_CALENDAR,HIGH
25,2002,7,8,MONSOON,7 -> 8,ZERO_BASED_TO_CALENDAR,HIGH
26,2002,7,8,MONSOON,7 -> 8,ZERO_BASED_TO_CALENDAR,HIGH
27,2002,7,8,MONSOON,7 -> 8,ZERO_BASED_TO_CALENDAR,HIGH
28,2002,7,8,MONSOON,7 -> 8,ZERO_BASED_TO_CALENDAR,HIGH
29,2002,7,8,MONSOON,7 -> 8,ZERO_BASED_TO_CALENDAR,HIGH
30,2002,7,8,MONSOON,7 -> 8,ZERO_BASED_TO_CALENDAR,HIGH
31,2002,7,8,MONSOON,7 -> 8,ZERO_BASED_TO_CALENDAR,HIGH
32,2002,7,8,MONSOON,7 -> 8,ZERO_BASED_TO_CALENDAR,HIGH
33,2002,7,8,MONSOON,7 -> 8,ZERO_BASED_TO_CALENDAR,HIGH
34,2002,7,8,MONSOON,7 -> 8,ZERO_BASED_TO_CALENDAR,HIGH
35,2002,7,8,MONSOON,7 -> 8,ZERO_BASED_TO_CALENDAR,HIGH
0,2002,0,1,WINTER,0 -> 1,ZERO_BASED_TO_CALENDAR,HIGH
1,2002,0,1,WINTER,0 -> 1,ZERO_BASED_TO_CALENDAR,HIGH
2,2002,0,1,WINTER,0 -> 1,ZERO_BASED_TO_CALENDAR,HIGH
3,2002,0,1,WINTER,0 -> 1,ZERO_BASED_TO_CALENDAR,HIGH
4,2002,0,1,WINTER,0 -> 1,ZERO_BASED_TO_CALENDAR,HIGH
5,2002,0,1,WINTER,0 -> 1,ZERO_BASED_TO_CALENDAR,HIGH
6,2002,0,1,WINTER,0 -> 1,ZERO_BASED_TO_CALENDAR,HIGH
7,2002,0,1,WINTER,0 -> 1,ZERO_BASED_TO_CALENDAR,HIGH
8,2002,0,1,WINTER,0 -> 1,ZERO_BASED_TO_CALENDAR,HIGH
9,2002,0,1,WINTER,0 -> 1,ZERO_BASED_TO_CALENDAR,HIGH
10,2002,0,1,WINTER,0 -> 1,ZERO_BASED_TO_CALENDAR,HIGH
11,2002,0,1,WINTER,0 -> 1,ZERO_BASED_TO_CALENDAR,HIGH
12,2002,0,1,WINTER,0 -> 1,ZERO_BASED_TO_CALENDAR,HIGH
13,2002,0,1,WINTER,0 -> 1,ZERO_BASED_TO_CALENDAR,HIGH
14,2002,0,1,WINTER,0 -> 1,ZERO_BASED_TO_CALENDAR,HIGH
15,2002,0,1,WINTER,0 -> 1,ZERO_BASED_TO_CALENDAR,HIGH
16,2002,0,1,WINTER,0 -> 1,ZERO_BASED_TO_CALENDAR,HIGH
17,2002,0,1,WINTER,0 -> 1,ZERO_BASED_TO_CALENDAR,HIGH
18,2002,0,1,WINTER,0 -> 1,ZERO_BASED_TO_CALENDAR,HIGH
19,2002,0,1,WINTER,0 -> 1,ZERO_BASED_TO_CALENDAR,HIGH
20,2002,0,1,WINTER,0 -> 1,ZERO_BASED_TO_CALENDAR,HIGH
21,2002,0,1,WINTER,0 -> 1,ZERO_BASED_TO_CALENDAR,HIGH
22,2002,0,1,WINTER,0 -> 1,ZERO_BASED_TO_CALENDAR,HIGH
23,2002,0,1,WINTER,0 -> 1,ZERO_BASED_TO_CALENDAR,HIGH
24,2002,0,1,WINTER,0 -> 1,ZERO_BASED_TO_CALENDAR,HIGH
25,2002,0,1,WINTER,0 -> 1,ZERO_BASED_TO_CALENDAR,HIGH
26,2002,0,1,WINTER,0 -> 1,ZERO_BASED_TO_CALENDAR,HIGH
27,2002,0,1,WINTER,0 -> 1,ZERO_BASED_TO_CALENDAR,HIGH
28,2002,0,1,WINTER,0 -> 1,ZERO_BASED_TO_CALENDAR,HIGH
29,2002,0,1,WINTER,0 -> 1,ZERO_BASED_TO_CALENDAR,HIGH
30,2002,0,1,WINTER,0 -> 1,ZERO_BASED_TO_CALENDAR,HIGH
31,2002,0,1,WINTER,0 -> 1,ZERO_BASED_TO_CALENDAR,HIGH
32,2002,0,1,WINTER,0 -> 1,ZERO_BASED_TO_CALENDAR,HIGH
33,2002,0,1,WINTER,0 -> 1,ZERO_BASED_TO_CALENDAR,HIGH
34,2002,0,1,WINTER,0 -> 1,ZERO_BASED_TO_CALENDAR,HIGH
35,2002,0,1,WINTER,0 -> 1,ZERO_BASED_TO_CALENDAR,HIGH
0,2002,8,9,MONSOON,8 -> 9,ZERO_BASED_TO_CALENDAR,HIGH
1,2002,8,9,MONSOON,8 -> 9,ZERO_BASED_TO_CALENDAR,HIGH
2,2002,8,9,MONSOON,8 -> 9,ZERO_BASED_TO_CALENDAR,HIGH
3,2002,8,9,MONSOON,8 -> 9,ZERO_BASED_TO_CALENDAR,HIGH
4,2002,8,9,MONSOON,8 -> 9,ZERO_BASED_TO_CALENDAR,HIGH
5,2002,8,9,MONSOON,8 -> 9,ZERO_BASED_TO_CALENDAR,HIGH
6,2002,8,9,MONSOON,8 -> 9,ZERO_BASED_TO_CALENDAR,HIGH
7,2002,8,9,MONSOON,8 -> 9,ZERO_BASED_TO_CALENDAR,HIGH
8,2002,8,9,MONSOON,8 -> 9,ZERO_BASED_TO_CALENDAR,HIGH
9,2002,8,9,MONSOON,8 -> 9,ZERO_BASED_TO_CALENDAR,HIGH
10,2002,8,9,MONSOON,8 -> 9,ZERO_BASED_TO_CALENDAR,HIGH
11,2002,8,9,MONSOON,8 -> 9,ZERO_BASED_TO_CALENDAR,HIGH
12,2002,8,9,MONSOON,8 -> 9,ZERO_BASED_TO_CALENDAR,HIGH
13,2002,8,9,MONSOON,8 -> 9,ZERO_BASED_TO_CALENDAR,HIGH
14,2002,8,9,MONSOON,8 -> 9,ZERO_BASED_TO_CALENDAR,HIGH
15,2002,8,9,MONSOON,8 -> 9,ZERO_BASED_TO_CALENDAR,HIGH
16,2002,8,9,MONSOON,8 -> 9,ZERO_BASED_TO_CALENDAR,HIGH
17,2002,8,9,MONSOON,8 -> 9,ZERO_BASED_TO_CALENDAR,HIGH
18,2002,8,9,MONSOON,8 -> 9,ZERO_BASED_TO_CALENDAR,HIGH
19,2002,8,9,MONSOON,8 -> 9,ZERO_BASED_TO_CALENDAR,HIGH
20,2002,8,9,MONSOON,8 -> 9,ZERO_BASED_TO_CALENDAR,HIGH
21,2002,8,9,MONSOON,8 -> 9,ZERO_BASED_TO_CALENDAR,HIGH
22,2002,8,9,MONSOON,8 -> 9,ZERO_BASED_TO_CALENDAR,HIGH
23,2002,8,9,MONSOON,8 -> 9,ZERO_BASED_TO_CALENDAR,HIGH
24,2002,8,9,MONSOON,8 -> 9,ZERO_BASED_TO_CALENDAR,HIGH
25,2002,8,9,MONSOON,8 -> 9,ZERO_BASED_TO_CALENDAR,HIGH
26,2002,8,9,MONSOON,8 -> 9,ZERO_BASED_TO_CALENDAR,HIGH
27,2002,8,9,MONSOON,8 -> 9,ZERO_BASED_TO_CALENDAR,HIGH
28,2002,8,9,MONSOON,8 -> 9,ZERO_BASED_TO_CALENDAR,HIGH
29,2002,8,9,MONSOON,8 -> 9,ZERO_BASED_TO_CALENDAR,HIGH
30,2002,8,9,MONSOON,8 -> 9,ZERO_BASED_TO_CALENDAR,HIGH
31,2002,8,9,MONSOON,8 -> 9,ZERO_BASED_TO_CALENDAR,HIGH
32,2002,8,9,MONSOON,8 -> 9,ZERO_BASED_TO_CALENDAR,HIGH
33,2002,8,9,MONSOON,8 -> 9,ZERO_BASED_TO_CALENDAR,HIGH
34,2002,8,9,MONSOON,8 -> 9,ZERO_BASED_TO_CALENDAR,HIGH
35,2002,8,9,MONSOON,8 -> 9,ZERO_BASED_TO_CALENDAR,HIGH
0,2002,6,7,MONSOON,6 -> 7,ZERO_BASED_TO_CALENDAR,HIGH
1,2002,6,7,MONSOON,6 -> 7,ZERO_BASED_TO_CALENDAR,HIGH
2,2002,6,7,MONSOON,6 -> 7,ZERO_BASED_TO_CALENDAR,HIGH
3,2002,6,7,MONSOON,6 -> 7,ZERO_BASED_TO_CALENDAR,HIGH
4,2002,6,7,MONSOON,6 -> 7,ZERO_BASED_TO_CALENDAR,HIGH
5,2002,6,7,MONSOON,6 -> 7,ZERO_BASED_TO_CALENDAR,HIGH
6,2002,6,7,MONSOON,6 -> 7,ZERO_BASED_TO_CALENDAR,HIGH
7,2002,6,7,MONSOON,6 -> 7,ZERO_BASED_TO_CALENDAR,HIGH
8,2002,6,7,MONSOON,6 -> 7,ZERO_BASED_TO_CALENDAR,HIGH
9,2002,6,7,MONSOON,6 -> 7,ZERO_BASED_TO_CALENDAR,HIGH
10,2002,6,7,MONSOON,6 -> 7,ZERO_BASED_TO_CALENDAR,HIGH
11,2002,6,7,MONSOON,6 -> 7,ZERO_BASED_TO_CALENDAR,HIGH
12,2002,6,7,MONSOON,6 -> 7,ZERO_BASED_TO_CALENDAR,HIGH
13,2002,6,7,MONSOON,6 -> 7,ZERO_BASED_TO_CALENDAR,HIGH
14,2002,6,7,MONSOON,6 -> 7,ZERO_BASED_TO_CALENDAR,HIGH
15,2002,6,7,MONSOON,6 -> 7,ZERO_BASED_TO_CALENDAR,HIGH
16,2002,6,7,MONSOON,6 -> 7,ZERO_BASED_TO_CALENDAR,HIGH
17,2002,6,7,MONSOON,6 -> 7,ZERO_BASED_TO_CALENDAR,HIGH
18,2002,6,7,MONSOON,6 -> 7,ZERO_BASED_TO_CALENDAR,HIGH
19,2002,6,7,MONSOON,6 -> 7,ZERO_BASED_TO_CALENDAR,HIGH
20,2002,6,7,MONSOON,6 -> 7,ZERO_BASED_TO_CALENDAR,HIGH
21,2002,6,7,MONSOON,6 -> 7,ZERO_BASED_TO_CALENDAR,HIGH
22,2002,6,7,MONSOON,6 -> 7,ZERO_BASED_TO_CALENDAR,HIGH
23,2002,6,7,MONSOON,6 -> 7,ZERO_BASED_TO_CALENDAR,HIGH
24,2002,6,7,MONSOON,6 -> 7,ZERO_BASED_TO_CALENDAR,HIGH
25,2002,6,7,MONSOON,6 -> 7,ZERO_BASED_TO_CALENDAR,HIGH
26,2002,6,7,MONSOON,6 -> 7,ZERO_BASED_TO_CALENDAR,HIGH
27,2002,6,7,MONSOON,6 -> 7,ZERO_BASED_TO_CALENDAR,HIGH
28,2002,6,7,MONSOON,6 -> 7,ZERO_BASED_TO_CALENDAR,HIGH
29,2002,6,7,MONSOON,6 -> 7,ZERO_BASED_TO_CALENDAR,HIGH
30,2002,6,7,MONSOON,6 -> 7,ZERO_BASED_TO_CALENDAR,HIGH
31,2002,6,7,MONSOON,6 -> 7,ZERO_BASED_TO_CALENDAR,HIGH
32,2002,6,7,MONSOON,6 -> 7,ZERO_BASED_TO_CALENDAR,HIGH
33,2002,6,7,MONSOON,6 -> 7,ZERO_BASED_TO_CALENDAR,HIGH
34,2002,6,7,MONSOON,6 -> 7,ZERO_BASED_TO_CALENDAR,HIGH
35,2002,6,7,MONSOON,6 -> 7,ZERO_BASED_TO_CALENDAR,HIGH
0,2002,5,6,MONSOON,5 -> 6,ZERO_BASED_TO_CALENDAR,HIGH
1,2002,5,6,MONSOON,5 -> 6,ZERO_BASED_TO_CALENDAR,HIGH
2,2002,5,6,MONSOON,5 -> 6,ZERO_BASED_TO_CALENDAR,HIGH
3,2002,5,6,MONSOON,5 -> 6,ZERO_BASED_TO_CALENDAR,HIGH
4,2002,5,6,MONSOON,5 -> 6,ZERO_BASED_TO_CALENDAR,HIGH
5,2002,5,6,MONSOON,5 -> 6,ZERO_BASED_TO_CALENDAR,HIGH
6,2002,5,6,MONSOON,5 -> 6,ZERO_BASED_TO_CALENDAR,HIGH
7,2002,5,6,MONSOON,5 -> 6,ZERO_BASED_TO_CALENDAR,HIGH
8,2002,5,6,MONSOON,5 -> 6,ZERO_BASED_TO_CALENDAR,HIGH
9,2002,5,6,MONSOON,5 -> 6,ZERO_BASED_TO_CALENDAR,HIGH
10,2002,5,6,MONSOON,5 -> 6,ZERO_BASED_TO_CALENDAR,HIGH
11,2002,5,6,MONSOON,5 -> 6,ZERO_BASED_TO_CALENDAR,HIGH
12,2002,5,6,MONSOON,5 -> 6,ZERO_BASED_TO_CALENDAR,HIGH
13,2002,5,6,MONSOON,5 -> 6,ZERO_BASED_TO_CALENDAR,HIGH
14,2002,5,6,MONSOON,5 -> 6,ZERO_BASED_TO_CALENDAR,HIGH
15,2002,5,6,MONSOON,5 -> 6,ZERO_BASED_TO_CALENDAR,HIGH
16,2002,5,6,MONSOON,5 -> 6,ZERO_BASED_TO_CALENDAR,HIGH
17,2002,5,6,MONSOON,5 -> 6,ZERO_BASED_TO_CALENDAR,HIGH
18,2002,5,6,MONSOON,5 -> 6,ZERO_BASED_TO_CALENDAR,HIGH
19,2002,5,6,MONSOON,5 -> 6,ZERO_BASED_TO_CALENDAR,HIGH
20,2002,5,6,MONSOON,5 -> 6,ZERO_BASED_TO_CALENDAR,HIGH
21,2002,5,6,MONSOON,5 -> 6,ZERO_BASED_TO_CALENDAR,HIGH
22,2002,5,6,MONSOON,5 -> 6,ZERO_BASED_TO_CALENDAR,HIGH
23,2002,5,6,MONSOON,5 -> 6,ZERO_BASED_TO_CALENDAR,HIGH
24,2002,5,6,MONSOON,5 -> 6,ZERO_BASED_TO_CALENDAR,HIGH
25,2002,5,6,MONSOON,5 -> 6,ZERO_BASED_TO_CALENDAR,HIGH
26,2002,5,6,MONSOON,5 -> 6,ZERO_BASED_TO_CALENDAR,HIGH
27,2002,5,6,MONSOON,5 -> 6,ZERO_BASED_TO_CALENDAR,HIGH
28,2002,5,6,MONSOON,5 -> 6,ZERO_BASED_TO_CALENDAR,HIGH
29,2002,5,6,MONSOON,5 -> 6,ZERO_BASED_TO_CALENDAR,HIGH
30,2002,5,6,MONSOON,5 -> 6,ZERO_BASED_TO_CALENDAR,HIGH
31,2002,5,6,MONSOON,5 -> 6,ZERO_BASED_TO_CALENDAR,HIGH
32,2002,5,6,MONSOON,5 -> 6,ZERO_BASED_TO_CALENDAR,HIGH
33,2002,5,6,MONSOON,5 -> 6,ZERO_BASED_TO_CALENDAR,HIGH
34,2002,5,6,MONSOON,5 -> 6,ZERO_BASED_TO_CALENDAR,HIGH
35,2002,5,6,MONSOON,5 -> 6,ZERO_BASED_TO_CALENDAR,HIGH
0,2002,1,2,WINTER,1 -> 2,ZERO_BASED_TO_CALENDAR,HIGH
1,2002,1,2,WINTER,1 -> 2,ZERO_BASED_TO_CALENDAR,HIGH
2,2002,1,2,WINTER,1 -> 2,ZERO_BASED_TO_CALENDAR,HIGH
3,2002,1,2,WINTER,1 -> 2,ZERO_BASED_TO_CALENDAR,HIGH
4,2002,1,2,WINTER,1 -> 2,ZERO_BASED_TO_CALENDAR,HIGH
5,2002,1,2,WINTER,1 -> 2,ZERO_BASED_TO_CALENDAR,HIGH
6,2002,1,2,WINTER,1 -> 2,ZERO_BASED_TO_CALENDAR,HIGH
7,2002,1,2,WINTER,1 -> 2,ZERO_BASED_TO_CALENDAR,HIGH
8,2002,1,2,WINTER,1 -> 2,ZERO_BASED_TO_CALENDAR,HIGH
9,2002,1,2,WINTER,1 -> 2,ZERO_BASED_TO_CALENDAR,HIGH
10,2002,1,2,WINTER,1 -> 2,ZERO_BASED_TO_CALENDAR,HIGH
11,2002,1,2,WINTER,1 -> 2,ZERO_BASED_TO_CALENDAR,HIGH
12,2002,1,2,WINTER,1 -> 2,ZERO_BASED_TO_CALENDAR,HIGH
13,2002,1,2,WINTER,1 -> 2,ZERO_BASED_TO_CALENDAR,HIGH
14,2002,1,2,WINTER,1 -> 2,ZERO_BASED_TO_CALENDAR,HIGH
15,2002,1,2,WINTER,1 -> 2,ZERO_BASED_TO_CALENDAR,HIGH
16,2002,1,2,WINTER,1 -> 2,ZERO_BASED_TO_CALENDAR,HIGH
17,2002,1,2,WINTER,1 -> 2,ZERO_BASED_TO_CALENDAR,HIGH
18,2002,1,2,WINTER,1 -> 2,ZERO_BASED_TO_CALENDAR,HIGH
19,2002,1,2,WINTER,1 -> 2,ZERO_BASED_TO_CALENDAR,HIGH
20,2002,1,2,WINTER,1 -> 2,ZERO_BASED_TO_CALENDAR,HIGH
21,2002,1,2,WINTER,1 -> 2,ZERO_BASED_TO_CALENDAR,HIGH
22,2002,1,2,WINTER,1 -> 2,ZERO_BASED_TO_CALENDAR,HIGH
23,2002,1,2,WINTER,1 -> 2,ZERO_BASED_TO_CALENDAR,HIGH
24,2002,1,2,WINTER,1 -> 2,ZERO_BASED_TO_CALENDAR,HIGH
25,2002,1,2,WINTER,1 -> 2,ZERO_BASED_TO_CALENDAR,HIGH
26,2002,1,2,WINTER,1 -> 2,ZERO_BASED_TO_CALENDAR,HIGH
27,2002,1,2,WINTER,1 -> 2,ZERO_BASED_TO_CALENDAR,HIGH
28,2002,1,2,WINTER,1 -> 2,ZERO_BASED_TO_CALENDAR,HIGH
29,2002,1,2,WINTER,1 -> 2,ZERO_BASED_TO_CALENDAR,HIGH
30,2002,1,2,WINTER,1 -> 2,ZERO_BASED_TO_CALENDAR,HIGH
31,2002,1,2,WINTER,1 -> 2,ZERO_BASED_TO_CALENDAR,HIGH
32,2002,1,2,WINTER,1 -> 2,ZERO_BASED_TO_CALENDAR,HIGH
33,2002,1,2,WINTER,1 -> 2,ZERO_BASED_TO_CALENDAR,HIGH
34,2002,1,2,WINTER,1 -> 2,ZERO_BASED_TO_CALENDAR,HIGH
35,2002,1,2,WINTER,1 -> 2,ZERO_BASED_TO_CALENDAR,HIGH
0,2002,11,12,WINTER,11 -> 12,ZERO_BASED_TO_CALENDAR,HIGH
1,2002,11,12,WINTER,11 -> 12,ZERO_BASED_TO_CALENDAR,HIGH
2,2002,11,12,WINTER,11 -> 12,ZERO_BASED_TO_CALENDAR,HIGH
3,2002,11,12,WINTER,11 -> 12,ZERO_BASED_TO_CALENDAR,HIGH
4,2002,11,12,WINTER,11 -> 12,ZERO_BASED_TO_CALENDAR,HIGH
5,2002,11,12,WINTER,11 -> 12,ZERO_BASED_TO_CALENDAR,HIGH
6,2002,11,12,WINTER,11 -> 12,ZERO_BASED_TO_CALENDAR,HIGH
7,2002,11,12,WINTER,11 -> 12,ZERO_BASED_TO_CALENDAR,HIGH
8,2002,11,12,WINTER,11 -> 12,ZERO_BASED_TO_CALENDAR,HIGH
9,2002,11,12,WINTER,11 -> 12,ZERO_BASED_TO_CALENDAR,HIGH
10,2002,11,12,WINTER,11 -> 12,ZERO_BASED_TO_CALENDAR,HIGH
11,2002,11,12,WINTER,11 -> 12,ZERO_BASED_TO_CALENDAR,HIGH
12,2002,11,12,WINTER,11 -> 12,ZERO_BASED_TO_CALENDAR,HIGH
13,2002,11,12,WINTER,11 -> 12,ZERO_BASED_TO_CALENDAR,HIGH
14,2002,11,12,WINTER,11 -> 12,ZERO_BASED_TO_CALENDAR,HIGH
15,2002,11,12,WINTER,11 -> 12,ZERO_BASED_TO_CALENDAR,HIGH
16,2002,11,12,WINTER,11 -> 12,ZERO_BASED_TO_CALENDAR,HIGH
17,2002,11,12,WINTER,11 -> 12,ZERO_BASED_TO_CALENDAR,HIGH
18,2002,11,12,WINTER,11 -> 12,ZERO_BASED_TO_CALENDAR,HIGH
19,2002,11,12,WINTER,11 -> 12,ZERO_BASED_TO_CALENDAR,HIGH
20,2002,11,12,WINTER,11 -> 12,ZERO_BASED_TO_CALENDAR,HIGH
21,2002,11,12,WINTER,11 -> 12,ZERO_BASED_TO_CALENDAR,HIGH
22,2002,11,12,WINTER,11 -> 12,ZERO_BASED_TO_CALENDAR,HIGH
23,2002,11,12,WINTER,11 -> 12,ZERO_BASED_TO_CALENDAR,HIGH
24,2002,11,12,WINTER,11 -> 12,ZERO_BASED_TO_CALENDAR,HIGH
25,2002,11,12,WINTER,11 -> 12,ZERO_BASED_TO_CALENDAR,HIGH
26,2002,11,12,WINTER,11 -> 12,ZERO_BASED_TO_CALENDAR,HIGH
27,2002,11,12,WINTER,11 -> 12,ZERO_BASED_TO_CALENDAR,HIGH
28,2002,11,12,WINTER,11 -> 12,ZERO_BASED_TO_CALENDAR,HIGH
29,2002,11,12,WINTER,11 -> 12,ZERO_BASED_TO_CALENDAR,HIGH
30,2002,11,12,WINTER,11 -> 12,ZERO_BASED_TO_CALENDAR,HIGH
31,2002,11,12,WINTER,11 -> 12,ZERO_BASED_TO_CALENDAR,HIGH
32,2002,11,12,WINTER,11 -> 12,ZERO_BASED_TO_CALENDAR,HIGH
33,2002,11,12,WINTER,11 -> 12,ZERO_BASED_TO_CALENDAR,HIGH
34,2002,11,12,WINTER,11 -> 12,ZERO_BASED_TO_CALENDAR,HIGH
35,2002,11,12,WINTER,11 -> 12,ZERO_BASED_TO_CALENDAR,HIGH
0,2002,10,11,POST_MONSOON,10 -> 11,ZERO_BASED_TO_CALENDAR,HIGH
1,2002,10,11,POST_MONSOON,10 -> 11,ZERO_BASED_TO_CALENDAR,HIGH
2,2002,10,11,POST_MONSOON,10 -> 11,ZERO_BASED_TO_CALENDAR,HIGH
3,2002,10,11,POST_MONSOON,10 -> 11,ZERO_BASED_TO_CALENDAR,HIGH
4,2002,10,11,POST_MONSOON,10 -> 11,ZERO_BASED_TO_CALENDAR,HIGH
5,2002,10,11,POST_MONSOON,10 -> 11,ZERO_BASED_TO_CALENDAR,HIGH
6,2002,10,11,POST_MONSOON,10 -> 11,ZERO_BASED_TO_CALENDAR,HIGH
7,2002,10,11,POST_MONSOON,10 -> 11,ZERO_BASED_TO_CALENDAR,HIGH
8,2002,10,11,POST_MONSOON,10 -> 11,ZERO_BASED_TO_CALENDAR,HIGH
9,2002,10,11,POST_MONSOON,10 -> 11,ZERO_BASED_TO_CALENDAR,HIGH
10,2002,10,11,POST_MONSOON,10 -> 11,ZERO_BASED_TO_CALENDAR,HIGH
11,2002,10,11,POST_MONSOON,10 -> 11,ZERO_BASED_TO_CALENDAR,HIGH
12,2002,10,11,POST_MONSOON,10 -> 11,ZERO_BASED_TO_CALENDAR,HIGH
13,2002,10,11,POST_MONSOON,10 -> 11,ZERO_BASED_TO_CALENDAR,HIGH
14,2002,10,11,POST_MONSOON,10 -> 11,ZERO_BASED_TO_CALENDAR,HIGH
15,2002,10,11,POST_MONSOON,10 -> 11,ZERO_BASED_TO_CALENDAR,HIGH
16,2002,10,11,POST_MONSOON,10 -> 11,ZERO_BASED_TO_CALENDAR,HIGH
17,2002,10,11,POST_MONSOON,10 -> 11,ZERO_BASED_TO_CALENDAR,HIGH
18,2002,10,11,POST_MONSOON,10 -> 11,ZERO_BASED_TO_CALENDAR,HIGH
19,2002,10,11,POST_MONSOON,10 -> 11,ZERO_BASED_TO_CALENDAR,HIGH
20,2002,10,11,POST_MONSOON,10 -> 11,ZERO_BASED_TO_CALENDAR,HIGH
21,2002,10,11,POST_MONSOON,10 -> 11,ZERO_BASED_TO_CALENDAR,HIGH
22,2002,10,11,POST_MONSOON,10 -> 11,ZERO_BASED_TO_CALENDAR,HIGH
23,2002,10,11,POST_MONSOON,10 -> 11,ZERO_BASED_TO_CALENDAR,HIGH
24,2002,10,11,POST_MONSOON,10 -> 11,ZERO_BASED_TO_CALENDAR,HIGH
25,2002,10,11,POST_MONSOON,10 -> 11,ZERO_BASED_TO_CALENDAR,HIGH
26,2002,10,11,POST_MONSOON,10 -> 11,ZERO_BASED_TO_CALENDAR,HIGH
27,2002,10,11,POST_MONSOON,10 -> 11,ZERO_BASED_TO_CALENDAR,HIGH
28,2002,10,11,POST_MONSOON,10 -> 11,ZERO_BASED_TO_CALENDAR,HIGH
29,2002,10,11,POST_MONSOON,10 -> 11,ZERO_BASED_TO_CALENDAR,HIGH
30,2002,10,11,POST_MONSOON,10 -> 11,ZERO_BASED_TO_CALENDAR,HIGH
31,2002,10,11,POST_MONSOON,10 -> 11,ZERO_BASED_TO_CALENDAR,HIGH
32,2002,10,11,POST_MONSOON,10 -> 11,ZERO_BASED_TO_CALENDAR,HIGH
33,2002,10,11,POST_MONSOON,10 -> 11,ZERO_BASED_TO_CALENDAR,HIGH
34,2002,10,11,POST_MONSOON,10 -> 11,ZERO_BASED_TO_CALENDAR,HIGH
35,2002,10,11,POST_MONSOON,10 -> 11,ZERO_BASED_TO_CALENDAR,HIGH
0,2002,9,10,POST_MONSOON,9 -> 10,ZERO_BASED_TO_CALENDAR,HIGH
1,2002,9,10,POST_MONSOON,9 -> 10,ZERO_BASED_TO_CALENDAR,HIGH
2,2002,9,10,POST_MONSOON,9 -> 10,ZERO_BASED_TO_CALENDAR,HIGH
3,2002,9,10,POST_MONSOON,9 -> 10,ZERO_BASED_TO_CALENDAR,HIGH
4,2002,9,10,POST_MONSOON,9 -> 10,ZERO_BASED_TO_CALENDAR,HIGH
5,2002,9,10,POST_MONSOON,9 -> 10,ZERO_BASED_TO_CALENDAR,HIGH
6,2002,9,10,POST_MONSOON,9 -> 10,ZERO_BASED_TO_CALENDAR,HIGH
7,2002,9,10,POST_MONSOON,9 -> 10,ZERO_BASED_TO_CALENDAR,HIGH
8,2002,9,10,POST_MONSOON,9 -> 10,ZERO_BASED_TO_CALENDAR,HIGH
9,2002,9,10,POST_MONSOON,9 -> 10,ZERO_BASED_TO_CALENDAR,HIGH
10,2002,9,10,POST_MONSOON,9 -> 10,ZERO_BASED_TO_CALENDAR,HIGH
11,2002,9,10,POST_MONSOON,9 -> 10,ZERO_BASED_TO_CALENDAR,HIGH
12,2002,9,10,POST_MONSOON,9 -> 10,ZERO_BASED_TO_CALENDAR,HIGH
13,2002,9,10,POST_MONSOON,9 -> 10,ZERO_BASED_TO_CALENDAR,HIGH
14,2002,9,10,POST_MONSOON,9 -> 10,ZERO_BASED_TO_CALENDAR,HIGH
15,2002,9,10,POST_MONSOON,9 -> 10,ZERO_BASED_TO_CALENDAR,HIGH
16,2002,9,10,POST_MONSOON,9 -> 10,ZERO_BASED_TO_CALENDAR,HIGH
17,2002,9,10,POST_MONSOON,9 -> 10,ZERO_BASED_TO_CALENDAR,HIGH
18,2002,9,10,POST_MONSOON,9 -> 10,ZERO_BASED_TO_CALENDAR,HIGH
19,2002,9,10,POST_MONSOON,9 -> 10,ZERO_BASED_TO_CALENDAR,HIGH
20,2002,9,10,POST_MONSOON,9 -> 10,ZERO_BASED_TO_CALENDAR,HIGH
21,2002,9,10,POST_MONSOON,9 -> 10,ZERO_BASED_TO_CALENDAR,HIGH
22,2002,9,10,POST_MONSOON,9 -> 10,ZERO_BASED_TO_CALENDAR,HIGH
23,2002,9,10,POST_MONSOON,9 -> 10,ZERO_BASED_TO_CALENDAR,HIGH
24,2002,9,10,POST_MONSOON,9 -> 10,ZERO_BASED_TO_CALENDAR,HIGH
25,2002,9,10,POST_MONSOON,9 -> 10,ZERO_BASED_TO_CALENDAR,HIGH
26,2002,9,10,POST_MONSOON,9 -> 10,ZERO_BASED_TO_CALENDAR,HIGH
27,2002,9,10,POST_MONSOON,9 -> 10,ZERO_BASED_TO_CALENDAR,HIGH
28,2002,9,10,POST_MONSOON,9 -> 10,ZERO_BASED_TO_CALENDAR,HIGH
29,2002,9,10,POST_MONSOON,9 -> 10,ZERO_BASED_TO_CALENDAR,HIGH
30,2002,9,10,POST_MONSOON,9 -> 10,ZERO_BASED_TO_CALENDAR,HIGH
31,2002,9,10,POST_MONSOON,9 -> 10,ZERO_BASED_TO_CALENDAR,HIGH
32,2002,9,10,POST_MONSOON,9 -> 10,ZERO_BASED_TO_CALENDAR,HIGH
33,2002,9,10,POST_MONSOON,9 -> 10,ZERO_BASED_TO_CALENDAR,HIGH
34,2002,9,10,POST_MONSOON,9 -> 10,ZERO_BASED_TO_CALENDAR,HIGH
35,2002,9,10,POST_MONSOON,9 -> 10,ZERO_BASED_TO_CALENDAR,HIGH
0,2002,2,3,PRE_MONSOON,2 -> 3,ZERO_BASED_TO_CALENDAR,HIGH
1,2002,2,3,PRE_MONSOON,2 -> 3,ZERO_BASED_TO_CALENDAR,HIGH
2,2002,2,3,PRE_MONSOON,2 -> 3,ZERO_BASED_TO_CALENDAR,HIGH
3,2002,2,3,PRE_MONSOON,2 -> 3,ZERO_BASED_TO_CALENDAR,HIGH
4,2002,2,3,PRE_MONSOON,2 -> 3,ZERO_BASED_TO_CALENDAR,HIGH
5,2002,2,3,PRE_MONSOON,2 -> 3,ZERO_BASED_TO_CALENDAR,HIGH
6,2002,2,3,PRE_MONSOON,2 -> 3,ZERO_BASED_TO_CALENDAR,HIGH
7,2002,2,3,PRE_MONSOON,2 -> 3,ZERO_BASED_TO_CALENDAR,HIGH
8,2002,2,3,PRE_MONSOON,2 -> 3,ZERO_BASED_TO_CALENDAR,HIGH
9,2002,2,3,PRE_MONSOON,2 -> 3,ZERO_BASED_TO_CALENDAR,HIGH
10,2002,2,3,PRE_MONSOON,2 -> 3,ZERO_BASED_TO_CALENDAR,HIGH
11,2002,2,3,PRE_MONSOON,2 -> 3,ZERO_BASED_TO_CALENDAR,HIGH
12,2002,2,3,PRE_MONSOON,2 -> 3,ZERO_BASED_TO_CALENDAR,HIGH
13,2002,2,3,PRE_MONSOON,2 -> 3,ZERO_BASED_TO_CALENDAR,HIGH
14,2002,2,3,PRE_MONSOON,2 -> 3,ZERO_BASED_TO_CALENDAR,HIGH
15,2002,2,3,PRE_MONSOON,2 -> 3,ZERO_BASED_TO_CALENDAR,HIGH
16,2002,2,3,PRE_MONSOON,2 -> 3,ZERO_BASED_TO_CALENDAR,HIGH
17,2002,2,3,PRE_MONSOON,2 -> 3,ZERO_BASED_TO_CALENDAR,HIGH
18,2002,2,3,PRE_MONSOON,2 -> 3,ZERO_BASED_TO_CALENDAR,HIGH
19,2002,2,3,PRE_MONSOON,2 -> 3,ZERO_BASED_TO_CALENDAR,HIGH
20,2002,2,3,PRE_MONSOON,2 -> 3,ZERO_BASED_TO_CALENDAR,HIGH
21,2002,2,3,PRE_MONSOON,2 -> 3,ZERO_BASED_TO_CALENDAR,HIGH
22,2002,2,3,PRE_MONSOON,2 -> 3,ZERO_BASED_TO_CALENDAR,HIGH
23,2002,2,3,PRE_MONSOON,2 -> 3,ZERO_BASED_TO_CALENDAR,HIGH
24,2002,2,3,PRE_MONSOON,2 -> 3,ZERO_BASED_TO_CALENDAR,HIGH
25,2002,2,3,PRE_MONSOON,2 -> 3,ZERO_BASED_TO_CALENDAR,HIGH
26,2002,2,3,PRE_MONSOON,2 -> 3,ZERO_BASED_TO_CALENDAR,HIGH
27,2002,2,3,PRE_MONSOON,2 -> 3,ZERO_BASED_TO_CALENDAR,HIGH
28,2002,2,3,PRE_MONSOON,2 -> 3,ZERO_BASED_TO_CALENDAR,HIGH
29,2002,2,3,PRE_MONSOON,2 -> 3,ZERO_BASED_TO_CALENDAR,HIGH
30,2002,2,3,PRE_MONSOON,2 -> 3,ZERO_BASED_TO_CALENDAR,HIGH
31,2002,2,3,PRE_MONSOON,2 -> 3,ZERO_BASED_TO_CALENDAR,HIGH
32,2002,2,3,PRE_MONSOON,2 -> 3,ZERO_BASED_TO_CALENDAR,HIGH
33,2002,2,3,PRE_MONSOON,2 -> 3,ZERO_BASED_TO_CALENDAR,HIGH
34,2002,2,3,PRE_MONSOON,2 -> 3,ZERO_BASED_TO_CALENDAR,HIGH
35,2002,2,3,PRE_MONSOON,2 -> 3,ZERO_BASED_TO_CALENDAR,HIGH
0,2003,4,5,PRE_MONSOON,4 -> 5,ZERO_BASED_TO_CALENDAR,HIGH
1,2003,4,5,PRE_MONSOON,4 -> 5,ZERO_BASED_TO_CALENDAR,HIGH
2,2003,4,5,PRE_MONSOON,4 -> 5,ZERO_BASED_TO_CALENDAR,HIGH
3,2003,4,5,PRE_MONSOON,4 -> 5,ZERO_BASED_TO_CALENDAR,HIGH
4,2003,4,5,PRE_MONSOON,4 -> 5,ZERO_BASED_TO_CALENDAR,HIGH
5,2003,4,5,PRE_MONSOON,4 -> 5,ZERO_BASED_TO_CALENDAR,HIGH
6,2003,4,5,PRE_MONSOON,4 -> 5,ZERO_BASED_TO_CALENDAR,HIGH
7,2003,4,5,PRE_MONSOON,4 -> 5,ZERO_BASED_TO_CALENDAR,HIGH
8,2003,4,5,PRE_MONSOON,4 -> 5,ZERO_BASED_TO_CALENDAR,HIGH
9,2003,4,5,PRE_MONSOON,4 -> 5,ZERO_BASED_TO_CALENDAR,HIGH
10,2003,4,5,PRE_MONSOON,4 -> 5,ZERO_BASED_TO_CALENDAR,HIGH
11,2003,4,5,PRE_MONSOON,4 -> 5,ZERO_BASED_TO_CALENDAR,HIGH
12,2003,4,5,PRE_MONSOON,4 -> 5,ZERO_BASED_TO_CALENDAR,HIGH
13,2003,4,5,PRE_MONSOON,4 -> 5,ZERO_BASED_TO_CALENDAR,HIGH
14,2003,4,5,PRE_MONSOON,4 -> 5,ZERO_BASED_TO_CALENDAR,HIGH
15,2003,4,5,PRE_MONSOON,4 -> 5,ZERO_BASED_TO_CALENDAR,HIGH
16,2003,4,5,PRE_MONSOON,4 -> 5,ZERO_BASED_TO_CALENDAR,HIGH
17,2003,4,5,PRE_MONSOON,4 -> 5,ZERO_BASED_TO_CALENDAR,HIGH
18,2003,4,5,PRE_MONSOON,4 -> 5,ZERO_BASED_TO_CALENDAR,HIGH
19,2003,4,5,PRE_MONSOON,4 -> 5,ZERO_BASED_TO_CALENDAR,HIGH
20,2003,4,5,PRE_MONSOON,4 -> 5,ZERO_BASED_TO_CALENDAR,HIGH
21,2003,4,5,PRE_MONSOON,4 -> 5,ZERO_BASED_TO_CALENDAR,HIGH
22,2003,4,5,PRE_MONSOON,4 -> 5,ZERO_BASED_TO_CALENDAR,HIGH
23,2003,4,5,PRE_MONSOON,4 -> 5,ZERO_BASED_TO_CALENDAR,HIGH
24,2003,4,5,PRE_MONSOON,4 -> 5,ZERO_BASED_TO_CALENDAR,HIGH
25,2003,4,5,PRE_MONSOON,4 -> 5,ZERO_BASED_TO_CALENDAR,HIGH
26,2003,4,5,PRE_MONSOON,4 -> 5,ZERO_BASED_TO_CALENDAR,HIGH
27,2003,4,5,PRE_MONSOON,4 -> 5,ZERO_BASED_TO_CALENDAR,HIGH
28,2003,4,5,PRE_MONSOON,4 -> 5,ZERO_BASED_TO_CALENDAR,HIGH
29,2003,4,5,PRE_MONSOON,4 -> 5,ZERO_BASED_TO_CALENDAR,HIGH
30,2003,4,5,PRE_MONSOON,4 -> 5,ZERO_BASED_TO_CALENDAR,HIGH
31,2003,4,5,PRE_MONSOON,4 -> 5,ZERO_BASED_TO_CALENDAR,HIGH
32,2003,4,5,PRE_MONSOON,4 -> 5,ZERO_BASED_TO_CALENDAR,HIGH
33,2003,4,5,PRE_MONSOON,4 -> 5,ZERO_BASED_TO_CALENDAR,HIGH
34,2003,4,5,PRE_MONSOON,4 -> 5,ZERO_BASED_TO_CALENDAR,HIGH
35,2003,4,5,PRE_MONSOON,4 -> 5,ZERO_BASED_TO_CALENDAR,HIGH
0,2003,3,4,PRE_MONSOON,3 -> 4,ZERO_BASED_TO_CALENDAR,HIGH
1,2003,3,4,PRE_MONSOON,3 -> 4,ZERO_BASED_TO_CALENDAR,HIGH
2,2003,3,4,PRE_MONSOON,3 -> 4,ZERO_BASED_TO_CALENDAR,HIGH
3,2003,3,4,PRE_MONSOON,3 -> 4,ZERO_BASED_TO_CALENDAR,HIGH
4,2003,3,4,PRE_MONSOON,3 -> 4,ZERO_BASED_TO_CALENDAR,HIGH
5,2003,3,4,PRE_MONSOON,3 -> 4,ZERO_BASED_TO_CALENDAR,HIGH
6,2003,3,4,PRE_MONSOON,3 -> 4,ZERO_BASED_TO_CALENDAR,HIGH
7,2003,3,4,PRE_MONSOON,3 -> 4,ZERO_BASED_TO_CALENDAR,HIGH
8,2003,3,4,PRE_MONSOON,3 -> 4,ZERO_BASED_TO_CALENDAR,HIGH
9,2003,3,4,PRE_MONSOON,3 -> 4,ZERO_BASED_TO_CALENDAR,HIGH
10,2003,3,4,PRE_MONSOON,3 -> 4,ZERO_BASED_TO_CALENDAR,HIGH
11,2003,3,4,PRE_MONSOON,3 -> 4,ZERO_BASED_TO_CALENDAR,HIGH
12,2003,3,4,PRE_MONSOON,3 -> 4,ZERO_BASED_TO_CALENDAR,HIGH
13,2003,3,4,PRE_MONSOON,3 -> 4,ZERO_BASED_TO_CALENDAR,HIGH
14,2003,3,4,PRE_MONSOON,3 -> 4,ZERO_BASED_TO_CALENDAR,HIGH
15,2003,3,4,PRE_MONSOON,3 -> 4,ZERO_BASED_TO_CALENDAR,HIGH
16,2003,3,4,PRE_MONSOON,3 -> 4,ZERO_BASED_TO_CALENDAR,HIGH
17,2003,3,4,PRE_MONSOON,3 -> 4,ZERO_BASED_TO_CALENDAR,HIGH
18,2003,3,4,PRE_MONSOON,3 -> 4,ZERO_BASED_TO_CALENDAR,HIGH
19,2003,3,4,PRE_MONSOON,3 -> 4,ZERO_BASED_TO_CALENDAR,HIGH
20,2003,3,4,PRE_MONSOON,3 -> 4,ZERO_BASED_TO_CALENDAR,HIGH
21,2003,3,4,PRE_MONSOON,3 -> 4,ZERO_BASED_TO_CALENDAR,HIGH
22,2003,3,4,PRE_MONSOON,3 -> 4,ZERO_BASED_TO_CALENDAR,HIGH
23,2003,3,4,PRE_MONSOON,3 -> 4,ZERO_BASED_TO_CALENDAR,HIGH
24,2003,3,4,PRE_MONSOON,3 -> 4,ZERO_BASED_TO_CALENDAR,HIGH
25,2003,3,4,PRE_MONSOON,3 -> 4,ZERO_BASED_TO_CALENDAR,HIGH
26,2003,3,4,PRE_MONSOON,3 -> 4,ZERO_BASED_TO_CALENDAR,HIGH
27,2003,3,4,PRE_MONSOON,3 -> 4,ZERO_BASED_TO_CALENDAR,HIGH
28,2003,3,4,PRE_MONSOON,3 -> 4,ZERO_BASED_TO_CALENDAR,HIGH
29,2003,3,4,PRE_MONSOON,3 -> 4,ZERO_BASED_TO_CALENDAR,HIGH
30,2003,3,4,PRE_MONSOON,3 -> 4,ZERO_BASED_TO_CALENDAR,HIGH
31,2003,3,4,PRE_MONSOON,3 -> 4,ZERO_BASED_TO_CALENDAR,HIGH
32,2003,3,4,PRE_MONSOON,3 -> 4,ZERO_BASED_TO_CALENDAR,HIGH
33,2003,3,4,PRE_MONSOON,3 -> 4,ZERO_BASED_TO_CALENDAR,HIGH
34,2003,3,4,PRE_MONSOON,3 -> 4,ZERO_BASED_TO_CALENDAR,HIGH
35,2003,3,4,PRE_MONSOON,3 -> 4,ZERO_BASED_TO_CALENDAR,HIGH
0,2003,7,8,MONSOON,7 -> 8,ZERO_BASED_TO_CALENDAR,HIGH
1,2003,7,8,MONSOON,7 -> 8,ZERO_BASED_TO_CALENDAR,HIGH
2,2003,7,8,MONSOON,7 -> 8,ZERO_BASED_TO_CALENDAR,HIGH
3,2003,7,8,MONSOON,7 -> 8,ZERO_BASED_TO_CALENDAR,HIGH
4,2003,7,8,MONSOON,7 -> 8,ZERO_BASED_TO_CALENDAR,HIGH
5,2003,7,8,MONSOON,7 -> 8,ZERO_BASED_TO_CALENDAR,HIGH
6,2003,7,8,MONSOON,7 -> 8,ZERO_BASED_TO_CALENDAR,HIGH
7,2003,7,8,MONSOON,7 -> 8,ZERO_BASED_TO_CALENDAR,HIGH
8,2003,7,8,MONSOON,7 -> 8,ZERO_BASED_TO_CALENDAR,HIGH
9,2003,7,8,MONSOON,7 -> 8,ZERO_BASED_TO_CALENDAR,HIGH
10,2003,7,8,MONSOON,7 -> 8,ZERO_BASED_TO_CALENDAR,HIGH
11,2003,7,8,MONSOON,7 -> 8,ZERO_BASED_TO_CALENDAR,HIGH
12,2003,7,8,MONSOON,7 -> 8,ZERO_BASED_TO_CALENDAR,HIGH
13,2003,7,8,MONSOON,7 -> 8,ZERO_BASED_TO_CALENDAR,HIGH
14,2003,7,8,MONSOON,7 -> 8,ZERO_BASED_TO_CALENDAR,HIGH
15,2003,7,8,MONSOON,7 -> 8,ZERO_BASED_TO_CALENDAR,HIGH
16,2003,7,8,MONSOON,7 -> 8,ZERO_BASED_TO_CALENDAR,HIGH
17,2003,7,8,MONSOON,7 -> 8,ZERO_BASED_TO_CALENDAR,HIGH
18,2003,7,8,MONSOON,7 -> 8,ZERO_BASED_TO_CALENDAR,HIGH
19,2003,7,8,MONSOON,7 -> 8,ZERO_BASED_TO_CALENDAR,HIGH
20,2003,7,8,MONSOON,7 -> 8,ZERO_BASED_TO_CALENDAR,HIGH
21,2003,7,8,MONSOON,7 -> 8,ZERO_BASED_TO_CALENDAR,HIGH
22,2003,7,8,MONSOON,7 -> 8,ZERO_BASED_TO_CALENDAR,HIGH
23,2003,7,8,MONSOON,7 -> 8,ZERO_BASED_TO_CALENDAR,HIGH
24,2003,7,8,MONSOON,7 -> 8,ZERO_BASED_TO_CALENDAR,HIGH
25,2003,7,8,MONSOON,7 -> 8,ZERO_BASED_TO_CALENDAR,HIGH
26,2003,7,8,MONSOON,7 -> 8,ZERO_BASED_TO_CALENDAR,HIGH
27,2003,7,8,MONSOON,7 -> 8,ZERO_BASED_TO_CALENDAR,HIGH
28,2003,7,8,MONSOON,7 -> 8,ZERO_BASED_TO_CALENDAR,HIGH
29,2003,7,8,MONSOON,7 -> 8,ZERO_BASED_TO_CALENDAR,HIGH
30,2003,7,8,MONSOON,7 -> 8,ZERO_BASED_TO_CALENDAR,HIGH
31,2003,7,8,MONSOON,7 -> 8,ZERO_BASED_TO_CALENDAR,HIGH
32,2003,7,8,MONSOON,7 -> 8,ZERO_BASED_TO_CALENDAR,HIGH
33,2003,7,8,MONSOON,7 -> 8,ZERO_BASED_TO_CALENDAR,HIGH
34,2003,7,8,MONSOON,7 -> 8,ZERO_BASED_TO_CALENDAR,HIGH
35,2003,7,8,MONSOON,7 -> 8,ZERO_BASED_TO_CALENDAR,HIGH
0,2003,0,1,WINTER,0 -> 1,ZERO_BASED_TO_CALENDAR,HIGH
1,2003,0,1,WINTER,0 -> 1,ZERO_BASED_TO_CALENDAR,HIGH
2,2003,0,1,WINTER,0 -> 1,ZERO_BASED_TO_CALENDAR,HIGH
3,2003,0,1,WINTER,0 -> 1,ZERO_BASED_TO_CALENDAR,HIGH
4,2003,0,1,WINTER,0 -> 1,ZERO_BASED_TO_CALENDAR,HIGH
5,2003,0,1,WINTER,0 -> 1,ZERO_BASED_TO_CALENDAR,HIGH
6,2003,0,1,WINTER,0 -> 1,ZERO_BASED_TO_CALENDAR,HIGH
7,2003,0,1,WINTER,0 -> 1,ZERO_BASED_TO_CALENDAR,HIGH
8,2003,0,1,WINTER,0 -> 1,ZERO_BASED_TO_CALENDAR,HIGH
9,2003,0,1,WINTER,0 -> 1,ZERO_BASED_TO_CALENDAR,HIGH
10,2003,0,1,WINTER,0 -> 1,ZERO_BASED_TO_CALENDAR,HIGH
11,2003,0,1,WINTER,0 -> 1,ZERO_BASED_TO_CALENDAR,HIGH
12,2003,0,1,WINTER,0 -> 1,ZERO_BASED_TO_CALENDAR,HIGH
13,2003,0,1,WINTER,0 -> 1,ZERO_BASED_TO_CALENDAR,HIGH
14,2003,0,1,WINTER,0 -> 1,ZERO_BASED_TO_CALENDAR,HIGH
15,2003,0,1,WINTER,0 -> 1,ZERO_BASED_TO_CALENDAR,HIGH
16,2003,0,1,WINTER,0 -> 1,ZERO_BASED_TO_CALENDAR,HIGH
17,2003,0,1,WINTER,0 -> 1,ZERO_BASED_TO_CALENDAR,HIGH
18,2003,0,1,WINTER,0 -> 1,ZERO_BASED_TO_CALENDAR,HIGH
19,2003,0,1,WINTER,0 -> 1,ZERO_BASED_TO_CALENDAR,HIGH
20,2003,0,1,WINTER,0 -> 1,ZERO_BASED_TO_CALENDAR,HIGH
21,2003,0,1,WINTER,0 -> 1,ZERO_BASED_TO_CALENDAR,HIGH
22,2003,0,1,WINTER,0 -> 1,ZERO_BASED_TO_CALENDAR,HIGH
23,2003,0,1,WINTER,0 -> 1,ZERO_BASED_TO_CALENDAR,HIGH
24,2003,0,1,WINTER,0 -> 1,ZERO_BASED_TO_CALENDAR,HIGH
25,2003,0,1,WINTER,0 -> 1,ZERO_BASED_TO_CALENDAR,HIGH
26,2003,0,1,WINTER,0 -> 1,ZERO_BASED_TO_CALENDAR,HIGH
27,2003,0,1,WINTER,0 -> 1,ZERO_BASED_TO_CALENDAR,HIGH
28,2003,0,1,WINTER,0 -> 1,ZERO_BASED_TO_CALENDAR,HIGH
29,2003,0,1,WINTER,0 -> 1,ZERO_BASED_TO_CALENDAR,HIGH
30,2003,0,1,WINTER,0 -> 1,ZERO_BASED_TO_CALENDAR,HIGH
31,2003,0,1,WINTER,0 -> 1,ZERO_BASED_TO_CALENDAR,HIGH
32,2003,0,1,WINTER,0 -> 1,ZERO_BASED_TO_CALENDAR,HIGH
33,2003,0,1,WINTER,0 -> 1,ZERO_BASED_TO_CALENDAR,HIGH
34,2003,0,1,WINTER,0 -> 1,ZERO_BASED_TO_CALENDAR,HIGH
35,2003,0,1,WINTER,0 -> 1,ZERO_BASED_TO_CALENDAR,HIGH
0,2003,8,9,MONSOON,8 -> 9,ZERO_BASED_TO_CALENDAR,HIGH
1,2003,8,9,MONSOON,8 -> 9,ZERO_BASED_TO_CALENDAR,HIGH
2,2003,8,9,MONSOON,8 -> 9,ZERO_BASED_TO_CALENDAR,HIGH
3,2003,8,9,MONSOON,8 -> 9,ZERO_BASED_TO_CALENDAR,HIGH
4,2003,8,9,MONSOON,8 -> 9,ZERO_BASED_TO_CALENDAR,HIGH
5,2003,8,9,MONSOON,8 -> 9,ZERO_BASED_TO_CALENDAR,HIGH
6,2003,8,9,MONSOON,8 -> 9,ZERO_BASED_TO_CALENDAR,HIGH
7,2003,8,9,MONSOON,8 -> 9,ZERO_BASED_TO_CALENDAR,HIGH
8,2003,8,9,MONSOON,8 -> 9,ZERO_BASED_TO_CALENDAR,HIGH
9,2003,8,9,MONSOON,8 -> 9,ZERO_BASED_TO_CALENDAR,HIGH
10,2003,8,9,MONSOON,8 -> 9,ZERO_BASED_TO_CALENDAR,HIGH
11,2003,8,9,MONSOON,8 -> 9,ZERO_BASED_TO_CALENDAR,HIGH
12,2003,8,9,MONSOON,8 -> 9,ZERO_BASED_TO_CALENDAR,HIGH
13,2003,8,9,MONSOON,8 -> 9,ZERO_BASED_TO_CALENDAR,HIGH
14,2003,8,9,MONSOON,8 -> 9,ZERO_BASED_TO_CALENDAR,HIGH
15,2003,8,9,MONSOON,8 -> 9,ZERO_BASED_TO_CALENDAR,HIGH
16,2003,8,9,MONSOON,8 -> 9,ZERO_BASED_TO_CALENDAR,HIGH
17,2003,8,9,MONSOON,8 -> 9,ZERO_BASED_TO_CALENDAR,HIGH
18,2003,8,9,MONSOON,8 -> 9,ZERO_BASED_TO_CALENDAR,HIGH
19,2003,8,9,MONSOON,8 -> 9,ZERO_BASED_TO_CALENDAR,HIGH
20,2003,8,9,MONSOON,8 -> 9,ZERO_BASED_TO_CALENDAR,HIGH
21,2003,8,9,MONSOON,8 -> 9,ZERO_BASED_TO_CALENDAR,HIGH
22,2003,8,9,MONSOON,8 -> 9,ZERO_BASED_TO_CALENDAR,HIGH
23,2003,8,9,MONSOON,8 -> 9,ZERO_BASED_TO_CALENDAR,HIGH
24,2003,8,9,MONSOON,8 -> 9,ZERO_BASED_TO_CALENDAR,HIGH
25,2003,8,9,MONSOON,8 -> 9,ZERO_BASED_TO_CALENDAR,HIGH
26,2003,8,9,MONSOON,8 -> 9,ZERO_BASED_TO_CALENDAR,HIGH
27,2003,8,9,MONSOON,8 -> 9,ZERO_BASED_TO_CALENDAR,HIGH
28,2003,8,9,MONSOON,8 -> 9,ZERO_BASED_TO_CALENDAR,HIGH
29,2003,8,9,MONSOON,8 -> 9,ZERO_BASED_TO_CALENDAR,HIGH
30,2003,8,9,MONSOON,8 -> 9,ZERO_BASED_TO_CALENDAR,HIGH
31,2003,8,9,MONSOON,8 -> 9,ZERO_BASED_TO_CALENDAR,HIGH
32,2003,8,9,MONSOON,8 -> 9,ZERO_BASED_TO_CALENDAR,HIGH
33,2003,8,9,MONSOON,8 -> 9,ZERO_BASED_TO_CALENDAR,HIGH
34,2003,8,9,MONSOON,8 -> 9,ZERO_BASED_TO_CALENDAR,HIGH
35,2003,8,9,MONSOON,8 -> 9,ZERO_BASED_TO_CALENDAR,HIGH
0,2003,6,7,MONSOON,6 -> 7,ZERO_BASED_TO_CALENDAR,HIGH
1,2003,6,7,MONSOON,6 -> 7,ZERO_BASED_TO_CALENDAR,HIGH
2,2003,6,7,MONSOON,6 -> 7,ZERO_BASED_TO_CALENDAR,HIGH
3,2003,6,7,MONSOON,6 -> 7,ZERO_BASED_TO_CALENDAR,HIGH
4,2003,6,7,MONSOON,6 -> 7,ZERO_BASED_TO_CALENDAR,HIGH
5,2003,6,7,MONSOON,6 -> 7,ZERO_BASED_TO_CALENDAR,HIGH
6,2003,6,7,MONSOON,6 -> 7,ZERO_BASED_TO_CALENDAR,HIGH
7,2003,6,7,MONSOON,6 -> 7,ZERO_BASED_TO_CALENDAR,HIGH
8,2003,6,7,MONSOON,6 -> 7,ZERO_BASED_TO_CALENDAR,HIGH
9,2003,6,7,MONSOON,6 -> 7,ZERO_BASED_TO_CALENDAR,HIGH
10,2003,6,7,MONSOON,6 -> 7,ZERO_BASED_TO_CALENDAR,HIGH
11,2003,6,7,MONSOON,6 -> 7,ZERO_BASED_TO_CALENDAR,HIGH
12,2003,6,7,MONSOON,6 -> 7,ZERO_BASED_TO_CALENDAR,HIGH
13,2003,6,7,MONSOON,6 -> 7,ZERO_BASED_TO_CALENDAR,HIGH
14,2003,6,7,MONSOON,6 -> 7,ZERO_BASED_TO_CALENDAR,HIGH
15,2003,6,7,MONSOON,6 -> 7,ZERO_BASED_TO_CALENDAR,HIGH
16,2003,6,7,MONSOON,6 -> 7,ZERO_BASED_TO_CALENDAR,HIGH
17,2003,6,7,MONSOON,6 -> 7,ZERO_BASED_TO_CALENDAR,HIGH
18,2003,6,7,MONSOON,6 -> 7,ZERO_BASED_TO_CALENDAR,HIGH
19,2003,6,7,MONSOON,6 -> 7,ZERO_BASED_TO_CALENDAR,HIGH
20,2003,6,7,MONSOON,6 -> 7,ZERO_BASED_TO_CALENDAR,HIGH
21,2003,6,7,MONSOON,6 -> 7,ZERO_BASED_TO_CALENDAR,HIGH
22,2003,6,7,MONSOON,6 -> 7,ZERO_BASED_TO_CALENDAR,HIGH
23,2003,6,7,MONSOON,6 -> 7,ZERO_BASED_TO_CALENDAR,HIGH
24,2003,6,7,MONSOON,6 -> 7,ZERO_BASED_TO_CALENDAR,HIGH
25,2003,6,7,MONSOON,6 -> 7,ZERO_BASED_TO_CALENDAR,HIGH
26,2003,6,7,MONSOON,6 -> 7,ZERO_BASED_TO_CALENDAR,HIGH
27,2003,6,7,MONSOON,6 -> 7,ZERO_BASED_TO_CALENDAR,HIGH
28,2003,6,7,MONSOON,6 -> 7,ZERO_BASED_TO_CALENDAR,HIGH
29,2003,6,7,MONSOON,6 -> 7,ZERO_BASED_TO_CALENDAR,HIGH
30,2003,6,7,MONSOON,6 -> 7,ZERO_BASED_TO_CALENDAR,HIGH
31,2003,6,7,MONSOON,6 -> 7,ZERO_BASED_TO_CALENDAR,HIGH
32,2003,6,7,MONSOON,6 -> 7,ZERO_BASED_TO_CALENDAR,HIGH
33,2003,6,7,MONSOON,6 -> 7,ZERO_BASED_TO_CALENDAR,HIGH
34,2003,6,7,MONSOON,6 -> 7,ZERO_BASED_TO_CALENDAR,HIGH
35,2003,6,7,MONSOON,6 -> 7,ZERO_BASED_TO_CALENDAR,HIGH
0,2003,5,6,MONSOON,5 -> 6,ZERO_BASED_TO_CALENDAR,HIGH
1,2003,5,6,MONSOON,5 -> 6,ZERO_BASED_TO_CALENDAR,HIGH
2,2003,5,6,MONSOON,5 -> 6,ZERO_BASED_TO_CALENDAR,HIGH
3,2003,5,6,MONSOON,5 -> 6,ZERO_BASED_TO_CALENDAR,HIGH
4,2003,5,6,MONSOON,5 -> 6,ZERO_BASED_TO_CALENDAR,HIGH
5,2003,5,6,MONSOON,5 -> 6,ZERO_BASED_TO_CALENDAR,HIGH
6,2003,5,6,MONSOON,5 -> 6,ZERO_BASED_TO_CALENDAR,HIGH
7,2003,5,6,MONSOON,5 -> 6,ZERO_BASED_TO_CALENDAR,HIGH
8,2003,5,6,MONSOON,5 -> 6,ZERO_BASED_TO_CALENDAR,HIGH
9,2003,5,6,MONSOON,5 -> 6,ZERO_BASED_TO_CALENDAR,HIGH
10,2003,5,6,MONSOON,5 -> 6,ZERO_BASED_TO_CALENDAR,HIGH
11,2003,5,6,MONSOON,5 -> 6,ZERO_BASED_TO_CALENDAR,HIGH
12,2003,5,6,MONSOON,5 -> 6,ZERO_BASED_TO_CALENDAR,HIGH
13,2003,5,6,MONSOON,5 -> 6,ZERO_BASED_TO_CALENDAR,HIGH
14,2003,5,6,MONSOON,5 -> 6,ZERO_BASED_TO_CALENDAR,HIGH
15,2003,5,6,MONSOON,5 -> 6,ZERO_BASED_TO_CALENDAR,HIGH
16,2003,5,6,MONSOON,5 -> 6,ZERO_BASED_TO_CALENDAR,HIGH
17,2003,5,6,MONSOON,5 -> 6,ZERO_BASED_TO_CALENDAR,HIGH
18,2003,5,6,MONSOON,5 -> 6,ZERO_BASED_TO_CALENDAR,HIGH
19,2003,5,6,MONSOON,5 -> 6,ZERO_BASED_TO_CALENDAR,HIGH
20,2003,5,6,MONSOON,5 -> 6,ZERO_BASED_TO_CALENDAR,HIGH
21,2003,5,6,MONSOON,5 -> 6,ZERO_BASED_TO_CALENDAR,HIGH
22,2003,5,6,MONSOON,5 -> 6,ZERO_BASED_TO_CALENDAR,HIGH
23,2003,5,6,MONSOON,5 -> 6,ZERO_BASED_TO_CALENDAR,HIGH
24,2003,5,6,MONSOON,5 -> 6,ZERO_BASED_TO_CALENDAR,HIGH
25,2003,5,6,MONSOON,5 -> 6,ZERO_BASED_TO_CALENDAR,HIGH
26,2003,5,6,MONSOON,5 -> 6,ZERO_BASED_TO_CALENDAR,HIGH
27,2003,5,6,MONSOON,5 -> 6,ZERO_BASED_TO_CALENDAR,HIGH
28,2003,5,6,MONSOON,5 -> 6,ZERO_BASED_TO_CALENDAR,HIGH
29,2003,5,6,MONSOON,5 -> 6,ZERO_BASED_TO_CALENDAR,HIGH
30,2003,5,6,MONSOON,5 -> 6,ZERO_BASED_TO_CALENDAR,HIGH
31,2003,5,6,MONSOON,5 -> 6,ZERO_BASED_TO_CALENDAR,HIGH
32,2003,5,6,MONSOON,5 -> 6,ZERO_BASED_TO_CALENDAR,HIGH
33,2003,5,6,MONSOON,5 -> 6,ZERO_BASED_TO_CALENDAR,HIGH
34,2003,5,6,MONSOON,5 -> 6,ZERO_BASED_TO_CALENDAR,HIGH
35,2003,5,6,MONSOON,5 -> 6,ZERO_BASED_TO_CALENDAR,HIGH
0,2003,1,2,WINTER,1 -> 2,ZERO_BASED_TO_CALENDAR,HIGH
1,2003,1,2,WINTER,1 -> 2,ZERO_BASED_TO_CALENDAR,HIGH
2,2003,1,2,WINTER,1 -> 2,ZERO_BASED_TO_CALENDAR,HIGH
3,2003,1,2,WINTER,1 -> 2,ZERO_BASED_TO_CALENDAR,HIGH
4,2003,1,2,WINTER,1 -> 2,ZERO_BASED_TO_CALENDAR,HIGH
5,2003,1,2,WINTER,1 -> 2,ZERO_BASED_TO_CALENDAR,HIGH
6,2003,1,2,WINTER,1 -> 2,ZERO_BASED_TO_CALENDAR,HIGH
7,2003,1,2,WINTER,1 -> 2,ZERO_BASED_TO_CALENDAR,HIGH
8,2003,1,2,WINTER,1 -> 2,ZERO_BASED_TO_CALENDAR,HIGH
9,2003,1,2,WINTER,1 -> 2,ZERO_BASED_TO_CALENDAR,HIGH
10,2003,1,2,WINTER,1 -> 2,ZERO_BASED_TO_CALENDAR,HIGH
11,2003,1,2,WINTER,1 -> 2,ZERO_BASED_TO_CALENDAR,HIGH
12,2003,1,2,WINTER,1 -> 2,ZERO_BASED_TO_CALENDAR,HIGH
13,2003,1,2,WINTER,1 -> 2,ZERO_BASED_TO_CALENDAR,HIGH
14,2003,1,2,WINTER,1 -> 2,ZERO_BASED_TO_CALENDAR,HIGH
15,2003,1,2,WINTER,1 -> 2,ZERO_BASED_TO_CALENDAR,HIGH
16,2003,1,2,WINTER,1 -> 2,ZERO_BASED_TO_CALENDAR,HIGH
17,2003,1,2,WINTER,1 -> 2,ZERO_BASED_TO_CALENDAR,HIGH
18,2003,1,2,WINTER,1 -> 2,ZERO_BASED_TO_CALENDAR,HIGH
19,2003,1,2,WINTER,1 -> 2,ZERO_BASED_TO_CALENDAR,HIGH
20,2003,1,2,WINTER,1 -> 2,ZERO_BASED_TO_CALENDAR,HIGH
21,2003,1,2,WINTER,1 -> 2,ZERO_BASED_TO_CALENDAR,HIGH
22,2003,1,2,WINTER,1 -> 2,ZERO_BASED_TO_CALENDAR,HIGH
23,2003,1,2,WINTER,1 -> 2,ZERO_BASED_TO_CALENDAR,HIGH
24,2003,1,2,WINTER,1 -> 2,ZERO_BASED_TO_CALENDAR,HIGH
25,2003,1,2,WINTER,1 -> 2,ZERO_BASED_TO_CALENDAR,HIGH
26,2003,1,2,WINTER,1 -> 2,ZERO_BASED_TO_CALENDAR,HIGH
27,2003,1,2,WINTER,1 -> 2,ZERO_BASED_TO_CALENDAR,HIGH
28,2003,1,2,WINTER,1 -> 2,ZERO_BASED_TO_CALENDAR,HIGH
29,2003,1,2,WINTER,1 -> 2,ZERO_BASED_TO_CALENDAR,HIGH
30,2003,1,2,WINTER,1 -> 2,ZERO_BASED_TO_CALENDAR,HIGH
31,2003,1,2,WINTER,1 -> 2,ZERO_BASED_TO_CALENDAR,HIGH
32,2003,1,2,WINTER,1 -> 2,ZERO_BASED_TO_CALENDAR,HIGH
33,2003,1,2,WINTER,1 -> 2,ZERO_BASED_TO_CALENDAR,HIGH
34,2003,1,2,WINTER,1 -> 2,ZERO_BASED_TO_CALENDAR,HIGH
35,2003,1,2,WINTER,1 -> 2,ZERO_BASED_TO_CALENDAR,HIGH
0,2003,11,12,WINTER,11 -> 12,ZERO_BASED_TO_CALENDAR,HIGH
1,2003,11,12,WINTER,11 -> 12,ZERO_BASED_TO_CALENDAR,HIGH
2,2003,11,12,WINTER,11 -> 12,ZERO_BASED_TO_CALENDAR,HIGH
3,2003,11,12,WINTER,11 -> 12,ZERO_BASED_TO_CALENDAR,HIGH
4,2003,11,12,WINTER,11 -> 12,ZERO_BASED_TO_CALENDAR,HIGH
5,2003,11,12,WINTER,11 -> 12,ZERO_BASED_TO_CALENDAR,HIGH
6,2003,11,12,WINTER,11 -> 12,ZERO_BASED_TO_CALENDAR,HIGH
7,2003,11,12,WINTER,11 -> 12,ZERO_BASED_TO_CALENDAR,HIGH
8,2003,11,12,WINTER,11 -> 12,ZERO_BASED_TO_CALENDAR,HIGH
9,2003,11,12,WINTER,11 -> 12,ZERO_BASED_TO_CALENDAR,HIGH
10,2003,11,12,WINTER,11 -> 12,ZERO_BASED_TO_CALENDAR,HIGH
11,2003,11,12,WINTER,11 -> 12,ZERO_BASED_TO_CALENDAR,HIGH
12,2003,11,12,WINTER,11 -> 12,ZERO_BASED_TO_CALENDAR,HIGH
13,2003,11,12,WINTER,11 -> 12,ZERO_BASED_TO_CALENDAR,HIGH
14,2003,11,12,WINTER,11 -> 12,ZERO_BASED_TO_CALENDAR,HIGH
15,2003,11,12,WINTER,11 -> 12,ZERO_BASED_TO_CALENDAR,HIGH
16,2003,11,12,WINTER,11 -> 12,ZERO_BASED_TO_CALENDAR,HIGH
17,2003,11,12,WINTER,11 -> 12,ZERO_BASED_TO_CALENDAR,HIGH
18,2003,11,12,WINTER,11 -> 12,ZERO_BASED_TO_CALENDAR,HIGH
19,2003,11,12,WINTER,11 -> 12,ZERO_BASED_TO_CALENDAR,HIGH
20,2003,11,12,WINTER,11 -> 12,ZERO_BASED_TO_CALENDAR,HIGH
21,2003,11,12,WINTER,11 -> 12,ZERO_BASED_TO_CALENDAR,HIGH
22,2003,11,12,WINTER,11 -> 12,ZERO_BASED_TO_CALENDAR,HIGH
23,2003,11,12,WINTER,11 -> 12,ZERO_BASED_TO_CALENDAR,HIGH
24,2003,11,12,WINTER,11 -> 12,ZERO_BASED_TO_CALENDAR,HIGH
25,2003,11,12,WINTER,11 -> 12,ZERO_BASED_TO_CALENDAR,HIGH
26,2003,11,12,WINTER,11 -> 12,ZERO_BASED_TO_CALENDAR,HIGH
27,2003,11,12,WINTER,11 -> 12,ZERO_BASED_TO_CALENDAR,HIGH
28,2003,11,12,WINTER,11 -> 12,ZERO_BASED_TO_CALENDAR,HIGH
29,2003,11,12,WINTER,11 -> 12,ZERO_BASED_TO_CALENDAR,HIGH
30,2003,11,12,WINTER,11 -> 12,ZERO_BASED_TO_CALENDAR,HIGH
31,2003,11,12,WINTER,11 -> 12,ZERO_BASED_TO_CALENDAR,HIGH
32,2003,11,12,WINTER,11 -> 12,ZERO_BASED_TO_CALENDAR,HIGH
33,2003,11,12,WINTER,11 -> 12,ZERO_BASED_TO_CALENDAR,HIGH
34,2003,11,12,WINTER,11 -> 12,ZERO_BASED_TO_CALENDAR,HIGH
35,2003,11,12,WINTER,11 -> 12,ZERO_BASED_TO_CALENDAR,HIGH
0,2003,10,11,POST_MONSOON,10 -> 11,ZERO_BASED_TO_CALENDAR,HIGH
1,2003,10,11,POST_MONSOON,10 -> 11,ZERO_BASED_TO_CALENDAR,HIGH
2,2003,10,11,POST_MONSOON,10 -> 11,ZERO_BASED_TO_CALENDAR,HIGH
3,2003,10,11,POST_MONSOON,10 -> 11,ZERO_BASED_TO_CALENDAR,HIGH
4,2003,10,11,POST_MONSOON,10 -> 11,ZERO_BASED_TO_CALENDAR,HIGH
5,2003,10,11,POST_MONSOON,10 -> 11,ZERO_BASED_TO_CALENDAR,HIGH
6,2003,10,11,POST_MONSOON,10 -> 11,ZERO_BASED_TO_CALENDAR,HIGH
7,2003,10,11,POST_MONSOON,10 -> 11,ZERO_BASED_TO_CALENDAR,HIGH
8,2003,10,11,POST_MONSOON,10 -> 11,ZERO_BASED_TO_CALENDAR,HIGH
9,2003,10,11,POST_MONSOON,10 -> 11,ZERO_BASED_TO_CALENDAR,HIGH
10,2003,10,11,POST_MONSOON,10 -> 11,ZERO_BASED_TO_CALENDAR,HIGH
11,2003,10,11,POST_MONSOON,10 -> 11,ZERO_BASED_TO_CALENDAR,HIGH
12,2003,10,11,POST_MONSOON,10 -> 11,ZERO_BASED_TO_CALENDAR,HIGH
13,2003,10,11,POST_MONSOON,10 -> 11,ZERO_BASED_TO_CALENDAR,HIGH
14,2003,10,11,POST_MONSOON,10 -> 11,ZERO_BASED_TO_CALENDAR,HIGH
15,2003,10,11,POST_MONSOON,10 -> 11,ZERO_BASED_TO_CALENDAR,HIGH
16,2003,10,11,POST_MONSOON,10 -> 11,ZERO_BASED_TO_CALENDAR,HIGH
17,2003,10,11,POST_MONSOON,10 -> 11,ZERO_BASED_TO_CALENDAR,HIGH
18,2003,10,11,POST_MONSOON,10 -> 11,ZERO_BASED_TO_CALENDAR,HIGH
19,2003,10,11,POST_MONSOON,10 -> 11,ZERO_BASED_TO_CALENDAR,HIGH
20,2003,10,11,POST_MONSOON,10 -> 11,ZERO_BASED_TO_CALENDAR,HIGH
21,2003,10,11,POST_MONSOON,10 -> 11,ZERO_BASED_TO_CALENDAR,HIGH
22,2003,10,11,POST_MONSOON,10 -> 11,ZERO_BASED_TO_CALENDAR,HIGH
23,2003,10,11,POST_MONSOON,10 -> 11,ZERO_BASED_TO_CALENDAR,HIGH
24,2003,10,11,POST_MONSOON,10 -> 11,ZERO_BASED_TO_CALENDAR,HIGH
25,2003,10,11,POST_MONSOON,10 -> 11,ZERO_BASED_TO_CALENDAR,HIGH
26,2003,10,11,POST_MONSOON,10 -> 11,ZERO_BASED_TO_CALENDAR,HIGH
27,2003,10,11,POST_MONSOON,10 -> 11,ZERO_BASED_TO_CALENDAR,HIGH
28,2003,10,11,POST_MONSOON,10 -> 11,ZERO_BASED_TO_CALENDAR,HIGH
29,2003,10,11,POST_MONSOON,10 -> 11,ZERO_BASED_TO_CALENDAR,HIGH
30,2003,10,11,POST_MONSOON,10 -> 11,ZERO_BASED_TO_CALENDAR,HIGH
31,2003,10,11,POST_MONSOON,10 -> 11,ZERO_BASED_TO_CALENDAR,HIGH
32,2003,10,11,POST_MONSOON,10 -> 11,ZERO_BASED_TO_CALENDAR,HIGH
33,2003,10,11,POST_MONSOON,10 -> 11,ZERO_BASED_TO_CALENDAR,HIGH
34,2003,10,11,POST_MONSOON,10 -> 11,ZERO_BASED_TO_CALENDAR,HIGH
35,2003,10,11,POST_MONSOON,10 -> 11,ZERO_BASED_TO_CALENDAR,HIGH
0,2003,9,10,POST_MONSOON,9 -> 10,ZERO_BASED_TO_CALENDAR,HIGH
1,2003,9,10,POST_MONSOON,9 -> 10,ZERO_BASED_TO_CALENDAR,HIGH
2,2003,9,10,POST_MONSOON,9 -> 10,ZERO_BASED_TO_CALENDAR,HIGH
3,2003,9,10,POST_MONSOON,9 -> 10,ZERO_BASED_TO_CALENDAR,HIGH
4,2003,9,10,POST_MONSOON,9 -> 10,ZERO_BASED_TO_CALENDAR,HIGH
5,2003,9,10,POST_MONSOON,9 -> 10,ZERO_BASED_TO_CALENDAR,HIGH
6,2003,9,10,POST_MONSOON,9 -> 10,ZERO_BASED_TO_CALENDAR,HIGH
7,2003,9,10,POST_MONSOON,9 -> 10,ZERO_BASED_TO_CALENDAR,HIGH
8,2003,9,10,POST_MONSOON,9 -> 10,ZERO_BASED_TO_CALENDAR,HIGH
9,2003,9,10,POST_MONSOON,9 -> 10,ZERO_BASED_TO_CALENDAR,HIGH
10,2003,9,10,POST_MONSOON,9 -> 10,ZERO_BASED_TO_CALENDAR,HIGH
11,2003,9,10,POST_MONSOON,9 -> 10,ZERO_BASED_TO_CALENDAR,HIGH
12,2003,9,10,POST_MONSOON,9 -> 10,ZERO_BASED_TO_CALENDAR,HIGH
13,2003,9,10,POST_MONSOON,9 -> 10,ZERO_BASED_TO_CALENDAR,HIGH
14,2003,9,10,POST_MONSOON,9 -> 10,ZERO_BASED_TO_CALENDAR,HIGH
15,2003,9,10,POST_MONSOON,9 -> 10,ZERO_BASED_TO_CALENDAR,HIGH
16,2003,9,10,POST_MONSOON,9 -> 10,ZERO_BASED_TO_CALENDAR,HIGH
17,2003,9,10,POST_MONSOON,9 -> 10,ZERO_BASED_TO_CALENDAR,HIGH
18,2003,9,10,POST_MONSOON,9 -> 10,ZERO_BASED_TO_CALENDAR,HIGH
19,2003,9,10,POST_MONSOON,9 -> 10,ZERO_BASED_TO_CALENDAR,HIGH
20,2003,9,10,POST_MONSOON,9 -> 10,ZERO_BASED_TO_CALENDAR,HIGH
21,2003,9,10,POST_MONSOON,9 -> 10,ZERO_BASED_TO_CALENDAR,HIGH
22,2003,9,10,POST_MONSOON,9 -> 10,ZERO_BASED_TO_CALENDAR,HIGH
23,2003,9,10,POST_MONSOON,9 -> 10,ZERO_BASED_TO_CALENDAR,HIGH
24,2003,9,10,POST_MONSOON,9 -> 10,ZERO_BASED_TO_CALENDAR,HIGH
25,2003,9,10,POST_MONSOON,9 -> 10,ZERO_BASED_TO_CALENDAR,HIGH
26,2003,9,10,POST_MONSOON,9 -> 10,ZERO_BASED_TO_CALENDAR,HIGH
27,2003,9,10,POST_MONSOON,9 -> 10,ZERO_BASED_TO_CALENDAR,HIGH
28,2003,9,10,POST_MONSOON,9 -> 10,ZERO_BASED_TO_CALENDAR,HIGH
29,2003,9,10,POST_MONSOON,9 -> 10,ZERO_BASED_TO_CALENDAR,HIGH
30,2003,9,10,POST_MONSOON,9 -> 10,ZERO_BASED_TO_CALENDAR,HIGH
31,2003,9,10,POST_MONSOON,9 -> 10,ZERO_BASED_TO_CALENDAR,HIGH
32,2003,9,10,POST_MONSOON,9 -> 10,ZERO_BASED_TO_CALENDAR,HIGH
33,2003,9,10,POST_MONSOON,9 -> 10,ZERO_BASED_TO_CALENDAR,HIGH
34,2003,9,10,POST_MONSOON,9 -> 10,ZERO_BASED_TO_CALENDAR,HIGH
35,2003,9,10,POST_MONSOON,9 -> 10,ZERO_BASED_TO_CALENDAR,HIGH
0,2003,2,3,PRE_MONSOON,2 -> 3,ZERO_BASED_TO_CALENDAR,HIGH
1,2003,2,3,PRE_MONSOON,2 -> 3,ZERO_BASED_TO_CALENDAR,HIGH
2,2003,2,3,PRE_MONSOON,2 -> 3,ZERO_BASED_TO_CALENDAR,HIGH
3,2003,2,3,PRE_MONSOON,2 -> 3,ZERO_BASED_TO_CALENDAR,HIGH
4,2003,2,3,PRE_MONSOON,2 -> 3,ZERO_BASED_TO_CALENDAR,HIGH
5,2003,2,3,PRE_MONSOON,2 -> 3,ZERO_BASED_TO_CALENDAR,HIGH
6,2003,2,3,PRE_MONSOON,2 -> 3,ZERO_BASED_TO_CALENDAR,HIGH
7,2003,2,3,PRE_MONSOON,2 -> 3,ZERO_BASED_TO_CALENDAR,HIGH
8,2003,2,3,PRE_MONSOON,2 -> 3,ZERO_BASED_TO_CALENDAR,HIGH
9,2003,2,3,PRE_MONSOON,2 -> 3,ZERO_BASED_TO_CALENDAR,HIGH
10,2003,2,3,PRE_MONSOON,2 -> 3,ZERO_BASED_TO_CALENDAR,HIGH
11,2003,2,3,PRE_MONSOON,2 -> 3,ZERO_BASED_TO_CALENDAR,HIGH
12,2003,2,3,PRE_MONSOON,2 -> 3,ZERO_BASED_TO_CALENDAR,HIGH
13,2003,2,3,PRE_MONSOON,2 -> 3,ZERO_BASED_TO_CALENDAR,HIGH
14,2003,2,3,PRE_MONSOON,2 -> 3,ZERO_BASED_TO_CALENDAR,HIGH
15,2003,2,3,PRE_MONSOON,2 -> 3,ZERO_BASED_TO_CALENDAR,HIGH
16,2003,2,3,PRE_MONSOON,2 -> 3,ZERO_BASED_TO_CALENDAR,HIGH
17,2003,2,3,PRE_MONSOON,2 -> 3,ZERO_BASED_TO_CALENDAR,HIGH
18,2003,2,3,PRE_MONSOON,2 -> 3,ZERO_BASED_TO_CALENDAR,HIGH
19,2003,2,3,PRE_MONSOON,2 -> 3,ZERO_BASED_TO_CALENDAR,HIGH
20,2003,2,3,PRE_MONSOON,2 -> 3,ZERO_BASED_TO_CALENDAR,HIGH
21,2003,2,3,PRE_MONSOON,2 -> 3,ZERO_BASED_TO_CALENDAR,HIGH
22,2003,2,3,PRE_MONSOON,2 -> 3,ZERO_BASED_TO_CALENDAR,HIGH
23,2003,2,3,PRE_MONSOON,2 -> 3,ZERO_BASED_TO_CALENDAR,HIGH
24,2003,2,3,PRE_MONSOON,2 -> 3,ZERO_BASED_TO_CALENDAR,HIGH
25,2003,2,3,PRE_MONSOON,2 -> 3,ZERO_BASED_TO_CALENDAR,HIGH
26,2003,2,3,PRE_MONSOON,2 -> 3,ZERO_BASED_TO_CALENDAR,HIGH
27,2003,2,3,PRE_MONSOON,2 -> 3,ZERO_BASED_TO_CALENDAR,HIGH
28,2003,2,3,PRE_MONSOON,2 -> 3,ZERO_BASED_TO_CALENDAR,HIGH
29,2003,2,3,PRE_MONSOON,2 -> 3,ZERO_BASED_TO_CALENDAR,HIGH
30,2003,2,3,PRE_MONSOON,2 -> 3,ZERO_BASED_TO_CALENDAR,HIGH
31,2003,2,3,PRE_MONSOON,2 -> 3,ZERO_BASED_TO_CALENDAR,HIGH
32,2003,2,3,PRE_MONSOON,2 -> 3,ZERO_BASED_TO_CALENDAR,HIGH
33,2003,2,3,PRE_MONSOON,2 -> 3,ZERO_BASED_TO_CALENDAR,HIGH
34,2003,2,3,PRE_MONSOON,2 -> 3,ZERO_BASED_TO_CALENDAR,HIGH
35,2003,2,3,PRE_MONSOON,2 -> 3,ZERO_BASED_TO_CALENDAR,HIGH
0,2004,4,5,PRE_MONSOON,4 -> 5,ZERO_BASED_TO_CALENDAR,HIGH
1,2004,4,5,PRE_MONSOON,4 -> 5,ZERO_BASED_TO_CALENDAR,HIGH
2,2004,4,5,PRE_MONSOON,4 -> 5,ZERO_BASED_TO_CALENDAR,HIGH
3,2004,4,5,PRE_MONSOON,4 -> 5,ZERO_BASED_TO_CALENDAR,HIGH
4,2004,4,5,PRE_MONSOON,4 -> 5,ZERO_BASED_TO_CALENDAR,HIGH
5,2004,4,5,PRE_MONSOON,4 -> 5,ZERO_BASED_TO_CALENDAR,HIGH
6,2004,4,5,PRE_MONSOON,4 -> 5,ZERO_BASED_TO_CALENDAR,HIGH
7,2004,4,5,PRE_MONSOON,4 -> 5,ZERO_BASED_TO_CALENDAR,HIGH
8,2004,4,5,PRE_MONSOON,4 -> 5,ZERO_BASED_TO_CALENDAR,HIGH
9,2004,4,5,PRE_MONSOON,4 -> 5,ZERO_BASED_TO_CALENDAR,HIGH
10,2004,4,5,PRE_MONSOON,4 -> 5,ZERO_BASED_TO_CALENDAR,HIGH
11,2004,4,5,PRE_MONSOON,4 -> 5,ZERO_BASED_TO_CALENDAR,HIGH
12,2004,4,5,PRE_MONSOON,4 -> 5,ZERO_BASED_TO_CALENDAR,HIGH
13,2004,4,5,PRE_MONSOON,4 -> 5,ZERO_BASED_TO_CALENDAR,HIGH
14,2004,4,5,PRE_MONSOON,4 -> 5,ZERO_BASED_TO_CALENDAR,HIGH
15,2004,4,5,PRE_MONSOON,4 -> 5,ZERO_BASED_TO_CALENDAR,HIGH
16,2004,4,5,PRE_MONSOON,4 -> 5,ZERO_BASED_TO_CALENDAR,HIGH
17,2004,4,5,PRE_MONSOON,4 -> 5,ZERO_BASED_TO_CALENDAR,HIGH
18,2004,4,5,PRE_MONSOON,4 -> 5,ZERO_BASED_TO_CALENDAR,HIGH
19,2004,4,5,PRE_MONSOON,4 -> 5,ZERO_BASED_TO_CALENDAR,HIGH
20,2004,4,5,PRE_MONSOON,4 -> 5,ZERO_BASED_TO_CALENDAR,HIGH
21,2004,4,5,PRE_MONSOON,4 -> 5,ZERO_BASED_TO_CALENDAR,HIGH
22,2004,4,5,PRE_MONSOON,4 -> 5,ZERO_BASED_TO_CALENDAR,HIGH
23,2004,4,5,PRE_MONSOON,4 -> 5,ZERO_BASED_TO_CALENDAR,HIGH
24,2004,4,5,PRE_MONSOON,4 -> 5,ZERO_BASED_TO_CALENDAR,HIGH
25,2004,4,5,PRE_MONSOON,4 -> 5,ZERO_BASED_TO_CALENDAR,HIGH
26,2004,4,5,PRE_MONSOON,4 -> 5,ZERO_BASED_TO_CALENDAR,HIGH
27,2004,4,5,PRE_MONSOON,4 -> 5,ZERO_BASED_TO_CALENDAR,HIGH
28,2004,4,5,PRE_MONSOON,4 -> 5,ZERO_BASED_TO_CALENDAR,HIGH
29,2004,4,5,PRE_MONSOON,4 -> 5,ZERO_BASED_TO_CALENDAR,HIGH
30,2004,4,5,PRE_MONSOON,4 -> 5,ZERO_BASED_TO_CALENDAR,HIGH
31,2004,4,5,PRE_MONSOON,4 -> 5,ZERO_BASED_TO_CALENDAR,HIGH
32,2004,4,5,PRE_MONSOON,4 -> 5,ZERO_BASED_TO_CALENDAR,HIGH
33,2004,4,5,PRE_MONSOON,4 -> 5,ZERO_BASED_TO_CALENDAR,HIGH
34,2004,4,5,PRE_MONSOON,4 -> 5,ZERO_BASED_TO_CALENDAR,HIGH
35,2004,4,5,PRE_MONSOON,4 -> 5,ZERO_BASED_TO_CALENDAR,HIGH
0,2004,3,4,PRE_MONSOON,3 -> 4,ZERO_BASED_TO_CALENDAR,HIGH
1,2004,3,4,PRE_MONSOON,3 -> 4,ZERO_BASED_TO_CALENDAR,HIGH
2,2004,3,4,PRE_MONSOON,3 -> 4,ZERO_BASED_TO_CALENDAR,HIGH
3,2004,3,4,PRE_MONSOON,3 -> 4,ZERO_BASED_TO_CALENDAR,HIGH
4,2004,3,4,PRE_MONSOON,3 -> 4,ZERO_BASED_TO_CALENDAR,HIGH
5,2004,3,4,PRE_MONSOON,3 -> 4,ZERO_BASED_TO_CALENDAR,HIGH
6,2004,3,4,PRE_MONSOON,3 -> 4,ZERO_BASED_TO_CALENDAR,HIGH
7,2004,3,4,PRE_MONSOON,3 -> 4,ZERO_BASED_TO_CALENDAR,HIGH
8,2004,3,4,PRE_MONSOON,3 -> 4,ZERO_BASED_TO_CALENDAR,HIGH
9,2004,3,4,PRE_MONSOON,3 -> 4,ZERO_BASED_TO_CALENDAR,HIGH
10,2004,3,4,PRE_MONSOON,3 -> 4,ZERO_BASED_TO_CALENDAR,HIGH
11,2004,3,4,PRE_MONSOON,3 -> 4,ZERO_BASED_TO_CALENDAR,HIGH
12,2004,3,4,PRE_MONSOON,3 -> 4,ZERO_BASED_TO_CALENDAR,HIGH
13,2004,3,4,PRE_MONSOON,3 -> 4,ZERO_BASED_TO_CALENDAR,HIGH
14,2004,3,4,PRE_MONSOON,3 -> 4,ZERO_BASED_TO_CALENDAR,HIGH
15,2004,3,4,PRE_MONSOON,3 -> 4,ZERO_BASED_TO_CALENDAR,HIGH
16,2004,3,4,PRE_MONSOON,3 -> 4,ZERO_BASED_TO_CALENDAR,HIGH
17,2004,3,4,PRE_MONSOON,3 -> 4,ZERO_BASED_TO_CALENDAR,HIGH
18,2004,3,4,PRE_MONSOON,3 -> 4,ZERO_BASED_TO_CALENDAR,HIGH
19,2004,3,4,PRE_MONSOON,3 -> 4,ZERO_BASED_TO_CALENDAR,HIGH
20,2004,3,4,PRE_MONSOON,3 -> 4,ZERO_BASED_TO_CALENDAR,HIGH
21,2004,3,4,PRE_MONSOON,3 -> 4,ZERO_BASED_TO_CALENDAR,HIGH
22,2004,3,4,PRE_MONSOON,3 -> 4,ZERO_BASED_TO_CALENDAR,HIGH
23,2004,3,4,PRE_MONSOON,3 -> 4,ZERO_BASED_TO_CALENDAR,HIGH
24,2004,3,4,PRE_MONSOON,3 -> 4,ZERO_BASED_TO_CALENDAR,HIGH
25,2004,3,4,PRE_MONSOON,3 -> 4,ZERO_BASED_TO_CALENDAR,HIGH
26,2004,3,4,PRE_MONSOON,3 -> 4,ZERO_BASED_TO_CALENDAR,HIGH
27,2004,3,4,PRE_MONSOON,3 -> 4,ZERO_BASED_TO_CALENDAR,HIGH
28,2004,3,4,PRE_MONSOON,3 -> 4,ZERO_BASED_TO_CALENDAR,HIGH
29,2004,3,4,PRE_MONSOON,3 -> 4,ZERO_BASED_TO_CALENDAR,HIGH
30,2004,3,4,PRE_MONSOON,3 -> 4,ZERO_BASED_TO_CALENDAR,HIGH
31,2004,3,4,PRE_MONSOON,3 -> 4,ZERO_BASED_TO_CALENDAR,HIGH
32,2004,3,4,PRE_MONSOON,3 -> 4,ZERO_BASED_TO_CALENDAR,HIGH
33,2004,3,4,PRE_MONSOON,3 -> 4,ZERO_BASED_TO_CALENDAR,HIGH
34,2004,3,4,PRE_MONSOON,3 -> 4,ZERO_BASED_TO_CALENDAR,HIGH
35,2004,3,4,PRE_MONSOON,3 -> 4,ZERO_BASED_TO_CALENDAR,HIGH
0,2004,7,8,MONSOON,7 -> 8,ZERO_BASED_TO_CALENDAR,HIGH
1,2004,7,8,MONSOON,7 -> 8,ZERO_BASED_TO_CALENDAR,HIGH
2,2004,7,8,MONSOON,7 -> 8,ZERO_BASED_TO_CALENDAR,HIGH
3,2004,7,8,MONSOON,7 -> 8,ZERO_BASED_TO_CALENDAR,HIGH
4,2004,7,8,MONSOON,7 -> 8,ZERO_BASED_TO_CALENDAR,HIGH
5,2004,7,8,MONSOON,7 -> 8,ZERO_BASED_TO_CALENDAR,HIGH
6,2004,7,8,MONSOON,7 -> 8,ZERO_BASED_TO_CALENDAR,HIGH
7,2004,7,8,MONSOON,7 -> 8,ZERO_BASED_TO_CALENDAR,HIGH
8,2004,7,8,MONSOON,7 -> 8,ZERO_BASED_TO_CALENDAR,HIGH
9,2004,7,8,MONSOON,7 -> 8,ZERO_BASED_TO_CALENDAR,HIGH
10,2004,7,8,MONSOON,7 -> 8,ZERO_BASED_TO_CALENDAR,HIGH
11,2004,7,8,MONSOON,7 -> 8,ZERO_BASED_TO_CALENDAR,HIGH
12,2004,7,8,MONSOON,7 -> 8,ZERO_BASED_TO_CALENDAR,HIGH
13,2004,7,8,MONSOON,7 -> 8,ZERO_BASED_TO_CALENDAR,HIGH
14,2004,7,8,MONSOON,7 -> 8,ZERO_BASED_TO_CALENDAR,HIGH
15,2004,7,8,MONSOON,7 -> 8,ZERO_BASED_TO_CALENDAR,HIGH
16,2004,7,8,MONSOON,7 -> 8,ZERO_BASED_TO_CALENDAR,HIGH
17,2004,7,8,MONSOON,7 -> 8,ZERO_BASED_TO_CALENDAR,HIGH
18,2004,7,8,MONSOON,7 -> 8,ZERO_BASED_TO_CALENDAR,HIGH
19,2004,7,8,MONSOON,7 -> 8,ZERO_BASED_TO_CALENDAR,HIGH
20,2004,7,8,MONSOON,7 -> 8,ZERO_BASED_TO_CALENDAR,HIGH
21,2004,7,8,MONSOON,7 -> 8,ZERO_BASED_TO_CALENDAR,HIGH
22,2004,7,8,MONSOON,7 -> 8,ZERO_BASED_TO_CALENDAR,HIGH
23,2004,7,8,MONSOON,7 -> 8,ZERO_BASED_TO_CALENDAR,HIGH
24,2004,7,8,MONSOON,7 -> 8,ZERO_BASED_TO_CALENDAR,HIGH
25,2004,7,8,MONSOON,7 -> 8,ZERO_BASED_TO_CALENDAR,HIGH
26,2004,7,8,MONSOON,7 -> 8,ZERO_BASED_TO_CALENDAR,HIGH
27,2004,7,8,MONSOON,7 -> 8,ZERO_BASED_TO_CALENDAR,HIGH
28,2004,7,8,MONSOON,7 -> 8,ZERO_BASED_TO_CALENDAR,HIGH
29,2004,7,8,MONSOON,7 -> 8,ZERO_BASED_TO_CALENDAR,HIGH
30,2004,7,8,MONSOON,7 -> 8,ZERO_BASED_TO_CALENDAR,HIGH
31,2004,7,8,MONSOON,7 -> 8,ZERO_BASED_TO_CALENDAR,HIGH
32,2004,7,8,MONSOON,7 -> 8,ZERO_BASED_TO_CALENDAR,HIGH
33,2004,7,8,MONSOON,7 -> 8,ZERO_BASED_TO_CALENDAR,HIGH
34,2004,7,8,MONSOON,7 -> 8,ZERO_BASED_TO_CALENDAR,HIGH
35,2004,7,8,MONSOON,7 -> 8,ZERO_BASED_TO_CALENDAR,HIGH
0,2004,0,1,WINTER,0 -> 1,ZERO_BASED_TO_CALENDAR,HIGH
1,2004,0,1,WINTER,0 -> 1,ZERO_BASED_TO_CALENDAR,HIGH
2,2004,0,1,WINTER,0 -> 1,ZERO_BASED_TO_CALENDAR,HIGH
3,2004,0,1,WINTER,0 -> 1,ZERO_BASED_TO_CALENDAR,HIGH
4,2004,0,1,WINTER,0 -> 1,ZERO_BASED_TO_CALENDAR,HIGH
5,2004,0,1,WINTER,0 -> 1,ZERO_BASED_TO_CALENDAR,HIGH
6,2004,0,1,WINTER,0 -> 1,ZERO_BASED_TO_CALENDAR,HIGH
7,2004,0,1,WINTER,0 -> 1,ZERO_BASED_TO_CALENDAR,HIGH
8,2004,0,1,WINTER,0 -> 1,ZERO_BASED_TO_CALENDAR,HIGH
9,2004,0,1,WINTER,0 -> 1,ZERO_BASED_TO_CALENDAR,HIGH
10,2004,0,1,WINTER,0 -> 1,ZERO_BASED_TO_CALENDAR,HIGH
11,2004,0,1,WINTER,0 -> 1,ZERO_BASED_TO_CALENDAR,HIGH
12,2004,0,1,WINTER,0 -> 1,ZERO_BASED_TO_CALENDAR,HIGH
13,2004,0,1,WINTER,0 -> 1,ZERO_BASED_TO_CALENDAR,HIGH
14,2004,0,1,WINTER,0 -> 1,ZERO_BASED_TO_CALENDAR,HIGH
15,2004,0,1,WINTER,0 -> 1,ZERO_BASED_TO_CALENDAR,HIGH
16,2004,0,1,WINTER,0 -> 1,ZERO_BASED_TO_CALENDAR,HIGH
17,2004,0,1,WINTER,0 -> 1,ZERO_BASED_TO_CALENDAR,HIGH
18,2004,0,1,WINTER,0 -> 1,ZERO_BASED_TO_CALENDAR,HIGH
19,2004,0,1,WINTER,0 -> 1,ZERO_BASED_TO_CALENDAR,HIGH
20,2004,0,1,WINTER,0 -> 1,ZERO_BASED_TO_CALENDAR,HIGH
21,2004,0,1,WINTER,0 -> 1,ZERO_BASED_TO_CALENDAR,HIGH
22,2004,0,1,WINTER,0 -> 1,ZERO_BASED_TO_CALENDAR,HIGH
23,2004,0,1,WINTER,0 -> 1,ZERO_BASED_TO_CALENDAR,HIGH
24,2004,0,1,WINTER,0 -> 1,ZERO_BASED_TO_CALENDAR,HIGH
25,2004,0,1,WINTER,0 -> 1,ZERO_BASED_TO_CALENDAR,HIGH
26,2004,0,1,WINTER,0 -> 1,ZERO_BASED_TO_CALENDAR,HIGH
27,2004,0,1,WINTER,0 -> 1,ZERO_BASED_TO_CALENDAR,HIGH
28,2004,0,1,WINTER,0 -> 1,ZERO_BASED_TO_CALENDAR,HIGH
29,2004,0,1,WINTER,0 -> 1,ZERO_BASED_TO_CALENDAR,HIGH
30,2004,0,1,WINTER,0 -> 1,ZERO_BASED_TO_CALENDAR,HIGH
31,2004,0,1,WINTER,0 -> 1,ZERO_BASED_TO_CALENDAR,HIGH
32,2004,0,1,WINTER,0 -> 1,ZERO_BASED_TO_CALENDAR,HIGH
33,2004,0,1,WINTER,0 -> 1,ZERO_BASED_TO_CALENDAR,HIGH
34,2004,0,1,WINTER,0 -> 1,ZERO_BASED_TO_CALENDAR,HIGH
35,2004,0,1,WINTER,0 -> 1,ZERO_BASED_TO_CALENDAR,HIGH
0,2004,8,9,MONSOON,8 -> 9,ZERO_BASED_TO_CALENDAR,HIGH
1,2004,8,9,MONSOON,8 -> 9,ZERO_BASED_TO_CALENDAR,HIGH
2,2004,8,9,MONSOON,8 -> 9,ZERO_BASED_TO_CALENDAR,HIGH
3,2004,8,9,MONSOON,8 -> 9,ZERO_BASED_TO_CALENDAR,HIGH
4,2004,8,9,MONSOON,8 -> 9,ZERO_BASED_TO_CALENDAR,HIGH
5,2004,8,9,MONSOON,8 -> 9,ZERO_BASED_TO_CALENDAR,HIGH
6,2004,8,9,MONSOON,8 -> 9,ZERO_BASED_TO_CALENDAR,HIGH
7,2004,8,9,MONSOON,8 -> 9,ZERO_BASED_TO_CALENDAR,HIGH
8,2004,8,9,MONSOON,8 -> 9,ZERO_BASED_TO_CALENDAR,HIGH
9,2004,8,9,MONSOON,8 -> 9,ZERO_BASED_TO_CALENDAR,HIGH
10,2004,8,9,MONSOON,8 -> 9,ZERO_BASED_TO_CALENDAR,HIGH
11,2004,8,9,MONSOON,8 -> 9,ZERO_BASED_TO_CALENDAR,HIGH
12,2004,8,9,MONSOON,8 -> 9,ZERO_BASED_TO_CALENDAR,HIGH
13,2004,8,9,MONSOON,8 -> 9,ZERO_BASED_TO_CALENDAR,HIGH
14,2004,8,9,MONSOON,8 -> 9,ZERO_BASED_TO_CALENDAR,HIGH
15,2004,8,9,MONSOON,8 -> 9,ZERO_BASED_TO_CALENDAR,HIGH
16,2004,8,9,MONSOON,8 -> 9,ZERO_BASED_TO_CALENDAR,HIGH
17,2004,8,9,MONSOON,8 -> 9,ZERO_BASED_TO_CALENDAR,HIGH
18,2004,8,9,MONSOON,8 -> 9,ZERO_BASED_TO_CALENDAR,HIGH
19,2004,8,9,MONSOON,8 -> 9,ZERO_BASED_TO_CALENDAR,HIGH
20,2004,8,9,MONSOON,8 -> 9,ZERO_BASED_TO_CALENDAR,HIGH
21,2004,8,9,MONSOON,8 -> 9,ZERO_BASED_TO_CALENDAR,HIGH
22,2004,8,9,MONSOON,8 -> 9,ZERO_BASED_TO_CALENDAR,HIGH
23,2004,8,9,MONSOON,8 -> 9,ZERO_BASED_TO_CALENDAR,HIGH
24,2004,8,9,MONSOON,8 -> 9,ZERO_BASED_TO_CALENDAR,HIGH
25,2004,8,9,MONSOON,8 -> 9,ZERO_BASED_TO_CALENDAR,HIGH
26,2004,8,9,MONSOON,8 -> 9,ZERO_BASED_TO_CALENDAR,HIGH
27,2004,8,9,MONSOON,8 -> 9,ZERO_BASED_TO_CALENDAR,HIGH
28,2004,8,9,MONSOON,8 -> 9,ZERO_BASED_TO_CALENDAR,HIGH
29,2004,8,9,MONSOON,8 -> 9,ZERO_BASED_TO_CALENDAR,HIGH
30,2004,8,9,MONSOON,8 -> 9,ZERO_BASED_TO_CALENDAR,HIGH
31,2004,8,9,MONSOON,8 -> 9,ZERO_BASED_TO_CALENDAR,HIGH
32,2004,8,9,MONSOON,8 -> 9,ZERO_BASED_TO_CALENDAR,HIGH
33,2004,8,9,MONSOON,8 -> 9,ZERO_BASED_TO_CALENDAR,HIGH
34,2004,8,9,MONSOON,8 -> 9,ZERO_BASED_TO_CALENDAR,HIGH
35,2004,8,9,MONSOON,8 -> 9,ZERO_BASED_TO_CALENDAR,HIGH
0,2004,6,7,MONSOON,6 -> 7,ZERO_BASED_TO_CALENDAR,HIGH
1,2004,6,7,MONSOON,6 -> 7,ZERO_BASED_TO_CALENDAR,HIGH
2,2004,6,7,MONSOON,6 -> 7,ZERO_BASED_TO_CALENDAR,HIGH
3,2004,6,7,MONSOON,6 -> 7,ZERO_BASED_TO_CALENDAR,HIGH
4,2004,6,7,MONSOON,6 -> 7,ZERO_BASED_TO_CALENDAR,HIGH
5,2004,6,7,MONSOON,6 -> 7,ZERO_BASED_TO_CALENDAR,HIGH
6,2004,6,7,MONSOON,6 -> 7,ZERO_BASED_TO_CALENDAR,HIGH
7,2004,6,7,MONSOON,6 -> 7,ZERO_BASED_TO_CALENDAR,HIGH
8,2004,6,7,MONSOON,6 -> 7,ZERO_BASED_TO_CALENDAR,HIGH
9,2004,6,7,MONSOON,6 -> 7,ZERO_BASED_TO_CALENDAR,HIGH
10,2004,6,7,MONSOON,6 -> 7,ZERO_BASED_TO_CALENDAR,HIGH
11,2004,6,7,MONSOON,6 -> 7,ZERO_BASED_TO_CALENDAR,HIGH
12,2004,6,7,MONSOON,6 -> 7,ZERO_BASED_TO_CALENDAR,HIGH
13,2004,6,7,MONSOON,6 -> 7,ZERO_BASED_TO_CALENDAR,HIGH
14,2004,6,7,MONSOON,6 -> 7,ZERO_BASED_TO_CALENDAR,HIGH
15,2004,6,7,MONSOON,6 -> 7,ZERO_BASED_TO_CALENDAR,HIGH
16,2004,6,7,MONSOON,6 -> 7,ZERO_BASED_TO_CALENDAR,HIGH
17,2004,6,7,MONSOON,6 -> 7,ZERO_BASED_TO_CALENDAR,HIGH
18,2004,6,7,MONSOON,6 -> 7,ZERO_BASED_TO_CALENDAR,HIGH
19,2004,6,7,MONSOON,6 -> 7,ZERO_BASED_TO_CALENDAR,HIGH
20,2004,6,7,MONSOON,6 -> 7,ZERO_BASED_TO_CALENDAR,HIGH
21,2004,6,7,MONSOON,6 -> 7,ZERO_BASED_TO_CALENDAR,HIGH
22,2004,6,7,MONSOON,6 -> 7,ZERO_BASED_TO_CALENDAR,HIGH
23,2004,6,7,MONSOON,6 -> 7,ZERO_BASED_TO_CALENDAR,HIGH
24,2004,6,7,MONSOON,6 -> 7,ZERO_BASED_TO_CALENDAR,HIGH
25,2004,6,7,MONSOON,6 -> 7,ZERO_BASED_TO_CALENDAR,HIGH
26,2004,6,7,MONSOON,6 -> 7,ZERO_BASED_TO_CALENDAR,HIGH
27,2004,6,7,MONSOON,6 -> 7,ZERO_BASED_TO_CALENDAR,HIGH
28,2004,6,7,MONSOON,6 -> 7,ZERO_BASED_TO_CALENDAR,HIGH
29,2004,6,7,MONSOON,6 -> 7,ZERO_BASED_TO_CALENDAR,HIGH
30,2004,6,7,MONSOON,6 -> 7,ZERO_BASED_TO_CALENDAR,HIGH
31,2004,6,7,MONSOON,6 -> 7,ZERO_BASED_TO_CALENDAR,HIGH
32,2004,6,7,MONSOON,6 -> 7,ZERO_BASED_TO_CALENDAR,HIGH
33,2004,6,7,MONSOON,6 -> 7,ZERO_BASED_TO_CALENDAR,HIGH
34,2004,6,7,MONSOON,6 -> 7,ZERO_BASED_TO_CALENDAR,HIGH
35,2004,6,7,MONSOON,6 -> 7,ZERO_BASED_TO_CALENDAR,HIGH
0,2004,5,6,MONSOON,5 -> 6,ZERO_BASED_TO_CALENDAR,HIGH
1,2004,5,6,MONSOON,5 -> 6,ZERO_BASED_TO_CALENDAR,HIGH
2,2004,5,6,MONSOON,5 -> 6,ZERO_BASED_TO_CALENDAR,HIGH
3,2004,5,6,MONSOON,5 -> 6,ZERO_BASED_TO_CALENDAR,HIGH
4,2004,5,6,MONSOON,5 -> 6,ZERO_BASED_TO_CALENDAR,HIGH
5,2004,5,6,MONSOON,5 -> 6,ZERO_BASED_TO_CALENDAR,HIGH
6,2004,5,6,MONSOON,5 -> 6,ZERO_BASED_TO_CALENDAR,HIGH
7,2004,5,6,MONSOON,5 -> 6,ZERO_BASED_TO_CALENDAR,HIGH
8,2004,5,6,MONSOON,5 -> 6,ZERO_BASED_TO_CALENDAR,HIGH
9,2004,5,6,MONSOON,5 -> 6,ZERO_BASED_TO_CALENDAR,HIGH
10,2004,5,6,MONSOON,5 -> 6,ZERO_BASED_TO_CALENDAR,HIGH
11,2004,5,6,MONSOON,5 -> 6,ZERO_BASED_TO_CALENDAR,HIGH
12,2004,5,6,MONSOON,5 -> 6,ZERO_BASED_TO_CALENDAR,HIGH
13,2004,5,6,MONSOON,5 -> 6,ZERO_BASED_TO_CALENDAR,HIGH
14,2004,5,6,MONSOON,5 -> 6,ZERO_BASED_TO_CALENDAR,HIGH
15,2004,5,6,MONSOON,5 -> 6,ZERO_BASED_TO_CALENDAR,HIGH
16,2004,5,6,MONSOON,5 -> 6,ZERO_BASED_TO_CALENDAR,HIGH
17,2004,5,6,MONSOON,5 -> 6,ZERO_BASED_TO_CALENDAR,HIGH
18,2004,5,6,MONSOON,5 -> 6,ZERO_BASED_TO_CALENDAR,HIGH
19,2004,5,6,MONSOON,5 -> 6,ZERO_BASED_TO_CALENDAR,HIGH
20,2004,5,6,MONSOON,5 -> 6,ZERO_BASED_TO_CALENDAR,HIGH
21,2004,5,6,MONSOON,5 -> 6,ZERO_BASED_TO_CALENDAR,HIGH
22,2004,5,6,MONSOON,5 -> 6,ZERO_BASED_TO_CALENDAR,HIGH
23,2004,5,6,MONSOON,5 -> 6,ZERO_BASED_TO_CALENDAR,HIGH
24,2004,5,6,MONSOON,5 -> 6,ZERO_BASED_TO_CALENDAR,HIGH
25,2004,5,6,MONSOON,5 -> 6,ZERO_BASED_TO_CALENDAR,HIGH
26,2004,5,6,MONSOON,5 -> 6,ZERO_BASED_TO_CALENDAR,HIGH
27,2004,5,6,MONSOON,5 -> 6,ZERO_BASED_TO_CALENDAR,HIGH
28,2004,5,6,MONSOON,5 -> 6,ZERO_BASED_TO_CALENDAR,HIGH
29,2004,5,6,MONSOON,5 -> 6,ZERO_BASED_TO_CALENDAR,HIGH
30,2004,5,6,MONSOON,5 -> 6,ZERO_BASED_TO_CALENDAR,HIGH
31,2004,5,6,MONSOON,5 -> 6,ZERO_BASED_TO_CALENDAR,HIGH
32,2004,5,6,MONSOON,5 -> 6,ZERO_BASED_TO_CALENDAR,HIGH
33,2004,5,6,MONSOON,5 -> 6,ZERO_BASED_TO_CALENDAR,HIGH
34,2004,5,6,MONSOON,5 -> 6,ZERO_BASED_TO_CALENDAR,HIGH
35,2004,5,6,MONSOON,5 -> 6,ZERO_BASED_TO_CALENDAR,HIGH
0,2004,1,2,WINTER,1 -> 2,ZERO_BASED_TO_CALENDAR,HIGH
1,2004,1,2,WINTER,1 -> 2,ZERO_BASED_TO_CALENDAR,HIGH
2,2004,1,2,WINTER,1 -> 2,ZERO_BASED_TO_CALENDAR,HIGH
3,2004,1,2,WINTER,1 -> 2,ZERO_BASED_TO_CALENDAR,HIGH
4,2004,1,2,WINTER,1 -> 2,ZERO_BASED_TO_CALENDAR,HIGH
5,2004,1,2,WINTER,1 -> 2,ZERO_BASED_TO_CALENDAR,HIGH
6,2004,1,2,WINTER,1 -> 2,ZERO_BASED_TO_CALENDAR,HIGH
7,2004,1,2,WINTER,1 -> 2,ZERO_BASED_TO_CALENDAR,HIGH
8,2004,1,2,WINTER,1 -> 2,ZERO_BASED_TO_CALENDAR,HIGH
9,2004,1,2,WINTER,1 -> 2,ZERO_BASED_TO_CALENDAR,HIGH
10,2004,1,2,WINTER,1 -> 2,ZERO_BASED_TO_CALENDAR,HIGH
11,2004,1,2,WINTER,1 -> 2,ZERO_BASED_TO_CALENDAR,HIGH
12,2004,1,2,WINTER,1 -> 2,ZERO_BASED_TO_CALENDAR,HIGH
13,2004,1,2,WINTER,1 -> 2,ZERO_BASED_TO_CALENDAR,HIGH
14,2004,1,2,WINTER,1 -> 2,ZERO_BASED_TO_CALENDAR,HIGH
15,2004,1,2,WINTER,1 -> 2,ZERO_BASED_TO_CALENDAR,HIGH
16,2004,1,2,WINTER,1 -> 2,ZERO_BASED_TO_CALENDAR,HIGH
17,2004,1,2,WINTER,1 -> 2,ZERO_BASED_TO_CALENDAR,HIGH
18,2004,1,2,WINTER,1 -> 2,ZERO_BASED_TO_CALENDAR,HIGH
19,2004,1,2,WINTER,1 -> 2,ZERO_BASED_TO_CALENDAR,HIGH
20,2004,1,2,WINTER,1 -> 2,ZERO_BASED_TO_CALENDAR,HIGH
21,2004,1,2,WINTER,1 -> 2,ZERO_BASED_TO_CALENDAR,HIGH
22,2004,1,2,WINTER,1 -> 2,ZERO_BASED_TO_CALENDAR,HIGH
23,2004,1,2,WINTER,1 -> 2,ZERO_BASED_TO_CALENDAR,HIGH
24,2004,1,2,WINTER,1 -> 2,ZERO_BASED_TO_CALENDAR,HIGH
25,2004,1,2,WINTER,1 -> 2,ZERO_BASED_TO_CALENDAR,HIGH
26,2004,1,2,WINTER,1 -> 2,ZERO_BASED_TO_CALENDAR,HIGH
27,2004,1,2,WINTER,1 -> 2,ZERO_BASED_TO_CALENDAR,HIGH
28,2004,1,2,WINTER,1 -> 2,ZERO_BASED_TO_CALENDAR,HIGH
29,2004,1,2,WINTER,1 -> 2,ZERO_BASED_TO_CALENDAR,HIGH
30,2004,1,2,WINTER,1 -> 2,ZERO_BASED_TO_CALENDAR,HIGH
31,2004,1,2,WINTER,1 -> 2,ZERO_BASED_TO_CALENDAR,HIGH
32,2004,1,2,WINTER,1 -> 2,ZERO_BASED_TO_CALENDAR,HIGH
33,2004,1,2,WINTER,1 -> 2,ZERO_BASED_TO_CALENDAR,HIGH
34,2004,1,2,WINTER,1 -> 2,ZERO_BASED_TO_CALENDAR,HIGH
35,2004,1,2,WINTER,1 -> 2,ZERO_BASED_TO_CALENDAR,HIGH
0,2004,11,12,WINTER,11 -> 12,ZERO_BASED_TO_CALENDAR,HIGH
1,2004,11,12,WINTER,11 -> 12,ZERO_BASED_TO_CALENDAR,HIGH
2,2004,11,12,WINTER,11 -> 12,ZERO_BASED_TO_CALENDAR,HIGH
3,2004,11,12,WINTER,11 -> 12,ZERO_BASED_TO_CALENDAR,HIGH
4,2004,11,12,WINTER,11 -> 12,ZERO_BASED_TO_CALENDAR,HIGH
5,2004,11,12,WINTER,11 -> 12,ZERO_BASED_TO_CALENDAR,HIGH
6,2004,11,12,WINTER,11 -> 12,ZERO_BASED_TO_CALENDAR,HIGH
7,2004,11,12,WINTER,11 -> 12,ZERO_BASED_TO_CALENDAR,HIGH
8,2004,11,12,WINTER,11 -> 12,ZERO_BASED_TO_CALENDAR,HIGH
9,2004,11,12,WINTER,11 -> 12,ZERO_BASED_TO_CALENDAR,HIGH
10,2004,11,12,WINTER,11 -> 12,ZERO_BASED_TO_CALENDAR,HIGH
11,2004,11,12,WINTER,11 -> 12,ZERO_BASED_TO_CALENDAR,HIGH
12,2004,11,12,WINTER,11 -> 12,ZERO_BASED_TO_CALENDAR,HIGH
13,2004,11,12,WINTER,11 -> 12,ZERO_BASED_TO_CALENDAR,HIGH
14,2004,11,12,WINTER,11 -> 12,ZERO_BASED_TO_CALENDAR,HIGH
15,2004,11,12,WINTER,11 -> 12,ZERO_BASED_TO_CALENDAR,HIGH
16,2004,11,12,WINTER,11 -> 12,ZERO_BASED_TO_CALENDAR,HIGH
17,2004,11,12,WINTER,11 -> 12,ZERO_BASED_TO_CALENDAR,HIGH
18,2004,11,12,WINTER,11 -> 12,ZERO_BASED_TO_CALENDAR,HIGH
19,2004,11,12,WINTER,11 -> 12,ZERO_BASED_TO_CALENDAR,HIGH
20,2004,11,12,WINTER,11 -> 12,ZERO_BASED_TO_CALENDAR,HIGH
21,2004,11,12,WINTER,11 -> 12,ZERO_BASED_TO_CALENDAR,HIGH
22,2004,11,12,WINTER,11 -> 12,ZERO_BASED_TO_CALENDAR,HIGH
23,2004,11,12,WINTER,11 -> 12,ZERO_BASED_TO_CALENDAR,HIGH
24,2004,11,12,WINTER,11 -> 12,ZERO_BASED_TO_CALENDAR,HIGH
25,2004,11,12,WINTER,11 -> 12,ZERO_BASED_TO_CALENDAR,HIGH
26,2004,11,12,WINTER,11 -> 12,ZERO_BASED_TO_CALENDAR,HIGH
27,2004,11,12,WINTER,11 -> 12,ZERO_BASED_TO_CALENDAR,HIGH
28,2004,11,12,WINTER,11 -> 12,ZERO_BASED_TO_CALENDAR,HIGH
29,2004,11,12,WINTER,11 -> 12,ZERO_BASED_TO_CALENDAR,HIGH
30,2004,11,12,WINTER,11 -> 12,ZERO_BASED_TO_CALENDAR,HIGH
31,2004,11,12,WINTER,11 -> 12,ZERO_BASED_TO_CALENDAR,HIGH
32,2004,11,12,WINTER,11 -> 12,ZERO_BASED_TO_CALENDAR,HIGH
33,2004,11,12,WINTER,11 -> 12,ZERO_BASED_TO_CALENDAR,HIGH
34,2004,11,12,WINTER,11 -> 12,ZERO_BASED_TO_CALENDAR,HIGH
35,2004,11,12,WINTER,11 -> 12,ZERO_BASED_TO_CALENDAR,HIGH
0,2004,10,11,POST_MONSOON,10 -> 11,ZERO_BASED_TO_CALENDAR,HIGH
1,2004,10,11,POST_MONSOON,10 -> 11,ZERO_BASED_TO_CALENDAR,HIGH
2,2004,10,11,POST_MONSOON,10 -> 11,ZERO_BASED_TO_CALENDAR,HIGH
3,2004,10,11,POST_MONSOON,10 -> 11,ZERO_BASED_TO_CALENDAR,HIGH
4,2004,10,11,POST_MONSOON,10 -> 11,ZERO_BASED_TO_CALENDAR,HIGH
5,2004,10,11,POST_MONSOON,10 -> 11,ZERO_BASED_TO_CALENDAR,HIGH
6,2004,10,11,POST_MONSOON,10 -> 11,ZERO_BASED_TO_CALENDAR,HIGH
7,2004,10,11,POST_MONSOON,10 -> 11,ZERO_BASED_TO_CALENDAR,HIGH
8,2004,10,11,POST_MONSOON,10 -> 11,ZERO_BASED_TO_CALENDAR,HIGH
9,2004,10,11,POST_MONSOON,10 -> 11,ZERO_BASED_TO_CALENDAR,HIGH
10,2004,10,11,POST_MONSOON,10 -> 11,ZERO_BASED_TO_CALENDAR,HIGH
11,2004,10,11,POST_MONSOON,10 -> 11,ZERO_BASED_TO_CALENDAR,HIGH
12,2004,10,11,POST_MONSOON,10 -> 11,ZERO_BASED_TO_CALENDAR,HIGH
13,2004,10,11,POST_MONSOON,10 -> 11,ZERO_BASED_TO_CALENDAR,HIGH
14,2004,10,11,POST_MONSOON,10 -> 11,ZERO_BASED_TO_CALENDAR,HIGH
15,2004,10,11,POST_MONSOON,10 -> 11,ZERO_BASED_TO_CALENDAR,HIGH
16,2004,10,11,POST_MONSOON,10 -> 11,ZERO_BASED_TO_CALENDAR,HIGH
17,2004,10,11,POST_MONSOON,10 -> 11,ZERO_BASED_TO_CALENDAR,HIGH
18,2004,10,11,POST_MONSOON,10 -> 11,ZERO_BASED_TO_CALENDAR,HIGH
19,2004,10,11,POST_MONSOON,10 -> 11,ZERO_BASED_TO_CALENDAR,HIGH
20,2004,10,11,POST_MONSOON,10 -> 11,ZERO_BASED_TO_CALENDAR,HIGH
21,2004,10,11,POST_MONSOON,10 -> 11,ZERO_BASED_TO_CALENDAR,HIGH
22,2004,10,11,POST_MONSOON,10 -> 11,ZERO_BASED_TO_CALENDAR,HIGH
23,2004,10,11,POST_MONSOON,10 -> 11,ZERO_BASED_TO_CALENDAR,HIGH
24,2004,10,11,POST_MONSOON,10 -> 11,ZERO_BASED_TO_CALENDAR,HIGH
25,2004,10,11,POST_MONSOON,10 -> 11,ZERO_BASED_TO_CALENDAR,HIGH
26,2004,10,11,POST_MONSOON,10 -> 11,ZERO_BASED_TO_CALENDAR,HIGH
27,2004,10,11,POST_MONSOON,10 -> 11,ZERO_BASED_TO_CALENDAR,HIGH
28,2004,10,11,POST_MONSOON,10 -> 11,ZERO_BASED_TO_CALENDAR,HIGH
29,2004,10,11,POST_MONSOON,10 -> 11,ZERO_BASED_TO_CALENDAR,HIGH
30,2004,10,11,POST_MONSOON,10 -> 11,ZERO_BASED_TO_CALENDAR,HIGH
31,2004,10,11,POST_MONSOON,10 -> 11,ZERO_BASED_TO_CALENDAR,HIGH
32,2004,10,11,POST_MONSOON,10 -> 11,ZERO_BASED_TO_CALENDAR,HIGH
33,2004,10,11,POST_MONSOON,10 -> 11,ZERO_BASED_TO_CALENDAR,HIGH
34,2004,10,11,POST_MONSOON,10 -> 11,ZERO_BASED_TO_CALENDAR,HIGH
35,2004,10,11,POST_MONSOON,10 -> 11,ZERO_BASED_TO_CALENDAR,HIGH
0,2004,9,10,POST_MONSOON,9 -> 10,ZERO_BASED_TO_CALENDAR,HIGH
1,2004,9,10,POST_MONSOON,9 -> 10,ZERO_BASED_TO_CALENDAR,HIGH
2,2004,9,10,POST_MONSOON,9 -> 10,ZERO_BASED_TO_CALENDAR,HIGH
3,2004,9,10,POST_MONSOON,9 -> 10,ZERO_BASED_TO_CALENDAR,HIGH
4,2004,9,10,POST_MONSOON,9 -> 10,ZERO_BASED_TO_CALENDAR,HIGH
5,2004,9,10,POST_MONSOON,9 -> 10,ZERO_BASED_TO_CALENDAR,HIGH
6,2004,9,10,POST_MONSOON,9 -> 10,ZERO_BASED_TO_CALENDAR,HIGH
7,2004,9,10,POST_MONSOON,9 -> 10,ZERO_BASED_TO_CALENDAR,HIGH
8,2004,9,10,POST_MONSOON,9 -> 10,ZERO_BASED_TO_CALENDAR,HIGH
9,2004,9,10,POST_MONSOON,9 -> 10,ZERO_BASED_TO_CALENDAR,HIGH
10,2004,9,10,POST_MONSOON,9 -> 10,ZERO_BASED_TO_CALENDAR,HIGH
11,2004,9,10,POST_MONSOON,9 -> 10,ZERO_BASED_TO_CALENDAR,HIGH
12,2004,9,10,POST_MONSOON,9 -> 10,ZERO_BASED_TO_CALENDAR,HIGH
13,2004,9,10,POST_MONSOON,9 -> 10,ZERO_BASED_TO_CALENDAR,HIGH
14,2004,9,10,POST_MONSOON,9 -> 10,ZERO_BASED_TO_CALENDAR,HIGH
15,2004,9,10,POST_MONSOON,9 -> 10,ZERO_BASED_TO_CALENDAR,HIGH
16,2004,9,10,POST_MONSOON,9 -> 10,ZERO_BASED_TO_CALENDAR,HIGH
17,2004,9,10,POST_MONSOON,9 -> 10,ZERO_BASED_TO_CALENDAR,HIGH
18,2004,9,10,POST_MONSOON,9 -> 10,ZERO_BASED_TO_CALENDAR,HIGH
19,2004,9,10,POST_MONSOON,9 -> 10,ZERO_BASED_TO_CALENDAR,HIGH
20,2004,9,10,POST_MONSOON,9 -> 10,ZERO_BASED_TO_CALENDAR,HIGH
21,2004,9,10,POST_MONSOON,9 -> 10,ZERO_BASED_TO_CALENDAR,HIGH
22,2004,9,10,POST_MONSOON,9 -> 10,ZERO_BASED_TO_CALENDAR,HIGH
23,2004,9,10,POST_MONSOON,9 -> 10,ZERO_BASED_TO_CALENDAR,HIGH
24,2004,9,10,POST_MONSOON,9 -> 10,ZERO_BASED_TO_CALENDAR,HIGH
25,2004,9,10,POST_MONSOON,9 -> 10,ZERO_BASED_TO_CALENDAR,HIGH
26,2004,9,10,POST_MONSOON,9 -> 10,ZERO_BASED_TO_CALENDAR,HIGH
27,2004,9,10,POST_MONSOON,9 -> 10,ZERO_BASED_TO_CALENDAR,HIGH
28,2004,9,10,POST_MONSOON,9 -> 10,ZERO_BASED_TO_CALENDAR,HIGH
29,2004,9,10,POST_MONSOON,9 -> 10,ZERO_BASED_TO_CALENDAR,HIGH
30,2004,9,10,POST_MONSOON,9 -> 10,ZERO_BASED_TO_CALENDAR,HIGH
31,2004,9,10,POST_MONSOON,9 -> 10,ZERO_BASED_TO_CALENDAR,HIGH
32,2004,9,10,POST_MONSOON,9 -> 10,ZERO_BASED_TO_CALENDAR,HIGH
33,2004,9,10,POST_MONSOON,9 -> 10,ZERO_BASED_TO_CALENDAR,HIGH
34,2004,9,10,POST_MONSOON,9 -> 10,ZERO_BASED_TO_CALENDAR,HIGH
35,2004,9,10,POST_MONSOON,9 -> 10,ZERO_BASED_TO_CALENDAR,HIGH
0,2004,2,3,PRE_MONSOON,2 -> 3,ZERO_BASED_TO_CALENDAR,HIGH
1,2004,2,3,PRE_MONSOON,2 -> 3,ZERO_BASED_TO_CALENDAR,HIGH
2,2004,2,3,PRE_MONSOON,2 -> 3,ZERO_BASED_TO_CALENDAR,HIGH
3,2004,2,3,PRE_MONSOON,2 -> 3,ZERO_BASED_TO_CALENDAR,HIGH
4,2004,2,3,PRE_MONSOON,2 -> 3,ZERO_BASED_TO_CALENDAR,HIGH
5,2004,2,3,PRE_MONSOON,2 -> 3,ZERO_BASED_TO_CALENDAR,HIGH
6,2004,2,3,PRE_MONSOON,2 -> 3,ZERO_BASED_TO_CALENDAR,HIGH
7,2004,2,3,PRE_MONSOON,2 -> 3,ZERO_BASED_TO_CALENDAR,HIGH
8,2004,2,3,PRE_MONSOON,2 -> 3,ZERO_BASED_TO_CALENDAR,HIGH
9,2004,2,3,PRE_MONSOON,2 -> 3,ZERO_BASED_TO_CALENDAR,HIGH
10,2004,2,3,PRE_MONSOON,2 -> 3,ZERO_BASED_TO_CALENDAR,HIGH
11,2004,2,3,PRE_MONSOON,2 -> 3,ZERO_BASED_TO_CALENDAR,HIGH
12,2004,2,3,PRE_MONSOON,2 -> 3,ZERO_BASED_TO_CALENDAR,HIGH
13,2004,2,3,PRE_MONSOON,2 -> 3,ZERO_BASED_TO_CALENDAR,HIGH
14,2004,2,3,PRE_MONSOON,2 -> 3,ZERO_BASED_TO_CALENDAR,HIGH
15,2004,2,3,PRE_MONSOON,2 -> 3,ZERO_BASED_TO_CALENDAR,HIGH
16,2004,2,3,PRE_MONSOON,2 -> 3,ZERO_BASED_TO_CALENDAR,HIGH
17,2004,2,3,PRE_MONSOON,2 -> 3,ZERO_BASED_TO_CALENDAR,HIGH
18,2004,2,3,PRE_MONSOON,2 -> 3,ZERO_BASED_TO_CALENDAR,HIGH
19,2004,2,3,PRE_MONSOON,2 -> 3,ZERO_BASED_TO_CALENDAR,HIGH
20,2004,2,3,PRE_MONSOON,2 -> 3,ZERO_BASED_TO_CALENDAR,HIGH
21,2004,2,3,PRE_MONSOON,2 -> 3,ZERO_BASED_TO_CALENDAR,HIGH
22,2004,2,3,PRE_MONSOON,2 -> 3,ZERO_BASED_TO_CALENDAR,HIGH
23,2004,2,3,PRE_MONSOON,2 -> 3,ZERO_BASED_TO_CALENDAR,HIGH
24,2004,2,3,PRE_MONSOON,2 -> 3,ZERO_BASED_TO_CALENDAR,HIGH
25,2004,2,3,PRE_MONSOON,2 -> 3,ZERO_BASED_TO_CALENDAR,HIGH
26,2004,2,3,PRE_MONSOON,2 -> 3,ZERO_BASED_TO_CALENDAR,HIGH
27,2004,2,3,PRE_MONSOON,2 -> 3,ZERO_BASED_TO_CALENDAR,HIGH
28,2004,2,3,PRE_MONSOON,2 -> 3,ZERO_BASED_TO_CALENDAR,HIGH
29,2004,2,3,PRE_MONSOON,2 -> 3,ZERO_BASED_TO_CALENDAR,HIGH
30,2004,2,3,PRE_MONSOON,2 -> 3,ZERO_BASED_TO_CALENDAR,HIGH
31,2004,2,3,PRE_MONSOON,2 -> 3,ZERO_BASED_TO_CALENDAR,HIGH
32,2004,2,3,PRE_MONSOON,2 -> 3,ZERO_BASED_TO_CALENDAR,HIGH
33,2004,2,3,PRE_MONSOON,2 -> 3,ZERO_BASED_TO_CALENDAR,HIGH
34,2004,2,3,PRE_MONSOON,2 -> 3,ZERO_BASED_TO_CALENDAR,HIGH
35,2004,2,3,PRE_MONSOON,2 -> 3,ZERO_BASED_TO_CALENDAR,HIGH
0,2005,4,5,PRE_MONSOON,4 -> 5,ZERO_BASED_TO_CALENDAR,HIGH
1,2005,4,5,PRE_MONSOON,4 -> 5,ZERO_BASED_TO_CALENDAR,HIGH
2,2005,4,5,PRE_MONSOON,4 -> 5,ZERO_BASED_TO_CALENDAR,HIGH
3,2005,4,5,PRE_MONSOON,4 -> 5,ZERO_BASED_TO_CALENDAR,HIGH
4,2005,4,5,PRE_MONSOON,4 -> 5,ZERO_BASED_TO_CALENDAR,HIGH
5,2005,4,5,PRE_MONSOON,4 -> 5,ZERO_BASED_TO_CALENDAR,HIGH
6,2005,4,5,PRE_MONSOON,4 -> 5,ZERO_BASED_TO_CALENDAR,HIGH
7,2005,4,5,PRE_MONSOON,4 -> 5,ZERO_BASED_TO_CALENDAR,HIGH
8,2005,4,5,PRE_MONSOON,4 -> 5,ZERO_BASED_TO_CALENDAR,HIGH
9,2005,4,5,PRE_MONSOON,4 -> 5,ZERO_BASED_TO_CALENDAR,HIGH
10,2005,4,5,PRE_MONSOON,4 -> 5,ZERO_BASED_TO_CALENDAR,HIGH
11,2005,4,5,PRE_MONSOON,4 -> 5,ZERO_BASED_TO_CALENDAR,HIGH
12,2005,4,5,PRE_MONSOON,4 -> 5,ZERO_BASED_TO_CALENDAR,HIGH
13,2005,4,5,PRE_MONSOON,4 -> 5,ZERO_BASED_TO_CALENDAR,HIGH
14,2005,4,5,PRE_MONSOON,4 -> 5,ZERO_BASED_TO_CALENDAR,HIGH
15,2005,4,5,PRE_MONSOON,4 -> 5,ZERO_BASED_TO_CALENDAR,HIGH
16,2005,4,5,PRE_MONSOON,4 -> 5,ZERO_BASED_TO_CALENDAR,HIGH
17,2005,4,5,PRE_MONSOON,4 -> 5,ZERO_BASED_TO_CALENDAR,HIGH
18,2005,4,5,PRE_MONSOON,4 -> 5,ZERO_BASED_TO_CALENDAR,HIGH
19,2005,4,5,PRE_MONSOON,4 -> 5,ZERO_BASED_TO_CALENDAR,HIGH
20,2005,4,5,PRE_MONSOON,4 -> 5,ZERO_BASED_TO_CALENDAR,HIGH
21,2005,4,5,PRE_MONSOON,4 -> 5,ZERO_BASED_TO_CALENDAR,HIGH
22,2005,4,5,PRE_MONSOON,4 -> 5,ZERO_BASED_TO_CALENDAR,HIGH
23,2005,4,5,PRE_MONSOON,4 -> 5,ZERO_BASED_TO_CALENDAR,HIGH
24,2005,4,5,PRE_MONSOON,4 -> 5,ZERO_BASED_TO_CALENDAR,HIGH
25,2005,4,5,PRE_MONSOON,4 -> 5,ZERO_BASED_TO_CALENDAR,HIGH
26,2005,4,5,PRE_MONSOON,4 -> 5,ZERO_BASED_TO_CALENDAR,HIGH
27,2005,4,5,PRE_MONSOON,4 -> 5,ZERO_BASED_TO_CALENDAR,HIGH
28,2005,4,5,PRE_MONSOON,4 -> 5,ZERO_BASED_TO_CALENDAR,HIGH
29,2005,4,5,PRE_MONSOON,4 -> 5,ZERO_BASED_TO_CALENDAR,HIGH
30,2005,4,5,PRE_MONSOON,4 -> 5,ZERO_BASED_TO_CALENDAR,HIGH
31,2005,4,5,PRE_MONSOON,4 -> 5,ZERO_BASED_TO_CALENDAR,HIGH
32,2005,4,5,PRE_MONSOON,4 -> 5,ZERO_BASED_TO_CALENDAR,HIGH
33,2005,4,5,PRE_MONSOON,4 -> 5,ZERO_BASED_TO_CALENDAR,HIGH
34,2005,4,5,PRE_MONSOON,4 -> 5,ZERO_BASED_TO_CALENDAR,HIGH
35,2005,4,5,PRE_MONSOON,4 -> 5,ZERO_BASED_TO_CALENDAR,HIGH
0,2005,3,4,PRE_MONSOON,3 -> 4,ZERO_BASED_TO_CALENDAR,HIGH
1,2005,3,4,PRE_MONSOON,3 -> 4,ZERO_BASED_TO_CALENDAR,HIGH
2,2005,3,4,PRE_MONSOON,3 -> 4,ZERO_BASED_TO_CALENDAR,HIGH
3,2005,3,4,PRE_MONSOON,3 -> 4,ZERO_BASED_TO_CALENDAR,HIGH
4,2005,3,4,PRE_MONSOON,3 -> 4,ZERO_BASED_TO_CALENDAR,HIGH
5,2005,3,4,PRE_MONSOON,3 -> 4,ZERO_BASED_TO_CALENDAR,HIGH
6,2005,3,4,PRE_MONSOON,3 -> 4,ZERO_BASED_TO_CALENDAR,HIGH
7,2005,3,4,PRE_MONSOON,3 -> 4,ZERO_BASED_TO_CALENDAR,HIGH
8,2005,3,4,PRE_MONSOON,3 -> 4,ZERO_BASED_TO_CALENDAR,HIGH
9,2005,3,4,PRE_MONSOON,3 -> 4,ZERO_BASED_TO_CALENDAR,HIGH
10,2005,3,4,PRE_MONSOON,3 -> 4,ZERO_BASED_TO_CALENDAR,HIGH
11,2005,3,4,PRE_MONSOON,3 -> 4,ZERO_BASED_TO_CALENDAR,HIGH
12,2005,3,4,PRE_MONSOON,3 -> 4,ZERO_BASED_TO_CALENDAR,HIGH
13,2005,3,4,PRE_MONSOON,3 -> 4,ZERO_BASED_TO_CALENDAR,HIGH
14,2005,3,4,PRE_MONSOON,3 -> 4,ZERO_BASED_TO_CALENDAR,HIGH
15,2005,3,4,PRE_MONSOON,3 -> 4,ZERO_BASED_TO_CALENDAR,HIGH
16,2005,3,4,PRE_MONSOON,3 -> 4,ZERO_BASED_TO_CALENDAR,HIGH
17,2005,3,4,PRE_MONSOON,3 -> 4,ZERO_BASED_TO_CALENDAR,HIGH
18,2005,3,4,PRE_MONSOON,3 -> 4,ZERO_BASED_TO_CALENDAR,HIGH
19,2005,3,4,PRE_MONSOON,3 -> 4,ZERO_BASED_TO_CALENDAR,HIGH
20,2005,3,4,PRE_MONSOON,3 -> 4,ZERO_BASED_TO_CALENDAR,HIGH
21,2005,3,4,PRE_MONSOON,3 -> 4,ZERO_BASED_TO_CALENDAR,HIGH
22,2005,3,4,PRE_MONSOON,3 -> 4,ZERO_BASED_TO_CALENDAR,HIGH
23,2005,3,4,PRE_MONSOON,3 -> 4,ZERO_BASED_TO_CALENDAR,HIGH
24,2005,3,4,PRE_MONSOON,3 -> 4,ZERO_BASED_TO_CALENDAR,HIGH
25,2005,3,4,PRE_MONSOON,3 -> 4,ZERO_BASED_TO_CALENDAR,HIGH
26,2005,3,4,PRE_MONSOON,3 -> 4,ZERO_BASED_TO_CALENDAR,HIGH
27,2005,3,4,PRE_MONSOON,3 -> 4,ZERO_BASED_TO_CALENDAR,HIGH
28,2005,3,4,PRE_MONSOON,3 -> 4,ZERO_BASED_TO_CALENDAR,HIGH
29,2005,3,4,PRE_MONSOON,3 -> 4,ZERO_BASED_TO_CALENDAR,HIGH
30,2005,3,4,PRE_MONSOON,3 -> 4,ZERO_BASED_TO_CALENDAR,HIGH
31,2005,3,4,PRE_MONSOON,3 -> 4,ZERO_BASED_TO_CALENDAR,HIGH
32,2005,3,4,PRE_MONSOON,3 -> 4,ZERO_BASED_TO_CALENDAR,HIGH
33,2005,3,4,PRE_MONSOON,3 -> 4,ZERO_BASED_TO_CALENDAR,HIGH
34,2005,3,4,PRE_MONSOON,3 -> 4,ZERO_BASED_TO_CALENDAR,HIGH
35,2005,3,4,PRE_MONSOON,3 -> 4,ZERO_BASED_TO_CALENDAR,HIGH
0,2005,7,8,MONSOON,7 -> 8,ZERO_BASED_TO_CALENDAR,HIGH
1,2005,7,8,MONSOON,7 -> 8,ZERO_BASED_TO_CALENDAR,HIGH
2,2005,7,8,MONSOON,7 -> 8,ZERO_BASED_TO_CALENDAR,HIGH
3,2005,7,8,MONSOON,7 -> 8,ZERO_BASED_TO_CALENDAR,HIGH
4,2005,7,8,MONSOON,7 -> 8,ZERO_BASED_TO_CALENDAR,HIGH
5,2005,7,8,MONSOON,7 -> 8,ZERO_BASED_TO_CALENDAR,HIGH
6,2005,7,8,MONSOON,7 -> 8,ZERO_BASED_TO_CALENDAR,HIGH
7,2005,7,8,MONSOON,7 -> 8,ZERO_BASED_TO_CALENDAR,HIGH
8,2005,7,8,MONSOON,7 -> 8,ZERO_BASED_TO_CALENDAR,HIGH
9,2005,7,8,MONSOON,7 -> 8,ZERO_BASED_TO_CALENDAR,HIGH
10,2005,7,8,MONSOON,7 -> 8,ZERO_BASED_TO_CALENDAR,HIGH
11,2005,7,8,MONSOON,7 -> 8,ZERO_BASED_TO_CALENDAR,HIGH
12,2005,7,8,MONSOON,7 -> 8,ZERO_BASED_TO_CALENDAR,HIGH
13,2005,7,8,MONSOON,7 -> 8,ZERO_BASED_TO_CALENDAR,HIGH
14,2005,7,8,MONSOON,7 -> 8,ZERO_BASED_TO_CALENDAR,HIGH
15,2005,7,8,MONSOON,7 -> 8,ZERO_BASED_TO_CALENDAR,HIGH
16,2005,7,8,MONSOON,7 -> 8,ZERO_BASED_TO_CALENDAR,HIGH
17,2005,7,8,MONSOON,7 -> 8,ZERO_BASED_TO_CALENDAR,HIGH
18,2005,7,8,MONSOON,7 -> 8,ZERO_BASED_TO_CALENDAR,HIGH
19,2005,7,8,MONSOON,7 -> 8,ZERO_BASED_TO_CALENDAR,HIGH
20,2005,7,8,MONSOON,7 -> 8,ZERO_BASED_TO_CALENDAR,HIGH
21,2005,7,8,MONSOON,7 -> 8,ZERO_BASED_TO_CALENDAR,HIGH
22,2005,7,8,MONSOON,7 -> 8,ZERO_BASED_TO_CALENDAR,HIGH
23,2005,7,8,MONSOON,7 -> 8,ZERO_BASED_TO_CALENDAR,HIGH
24,2005,7,8,MONSOON,7 -> 8,ZERO_BASED_TO_CALENDAR,HIGH
25,2005,7,8,MONSOON,7 -> 8,ZERO_BASED_TO_CALENDAR,HIGH
26,2005,7,8,MONSOON,7 -> 8,ZERO_BASED_TO_CALENDAR,HIGH
27,2005,7,8,MONSOON,7 -> 8,ZERO_BASED_TO_CALENDAR,HIGH
28,2005,7,8,MONSOON,7 -> 8,ZERO_BASED_TO_CALENDAR,HIGH
29,2005,7,8,MONSOON,7 -> 8,ZERO_BASED_TO_CALENDAR,HIGH
30,2005,7,8,MONSOON,7 -> 8,ZERO_BASED_TO_CALENDAR,HIGH
31,2005,7,8,MONSOON,7 -> 8,ZERO_BASED_TO_CALENDAR,HIGH
32,2005,7,8,MONSOON,7 -> 8,ZERO_BASED_TO_CALENDAR,HIGH
33,2005,7,8,MONSOON,7 -> 8,ZERO_BASED_TO_CALENDAR,HIGH
34,2005,7,8,MONSOON,7 -> 8,ZERO_BASED_TO_CALENDAR,HIGH
35,2005,7,8,MONSOON,7 -> 8,ZERO_BASED_TO_CALENDAR,HIGH
0,2005,0,1,WINTER,0 -> 1,ZERO_BASED_TO_CALENDAR,HIGH
1,2005,0,1,WINTER,0 -> 1,ZERO_BASED_TO_CALENDAR,HIGH
2,2005,0,1,WINTER,0 -> 1,ZERO_BASED_TO_CALENDAR,HIGH
3,2005,0,1,WINTER,0 -> 1,ZERO_BASED_TO_CALENDAR,HIGH
4,2005,0,1,WINTER,0 -> 1,ZERO_BASED_TO_CALENDAR,HIGH
5,2005,0,1,WINTER,0 -> 1,ZERO_BASED_TO_CALENDAR,HIGH
6,2005,0,1,WINTER,0 -> 1,ZERO_BASED_TO_CALENDAR,HIGH
7,2005,0,1,WINTER,0 -> 1,ZERO_BASED_TO_CALENDAR,HIGH
8,2005,0,1,WINTER,0 -> 1,ZERO_BASED_TO_CALENDAR,HIGH
9,2005,0,1,WINTER,0 -> 1,ZERO_BASED_TO_CALENDAR,HIGH
10,2005,0,1,WINTER,0 -> 1,ZERO_BASED_TO_CALENDAR,HIGH
11,2005,0,1,WINTER,0 -> 1,ZERO_BASED_TO_CALENDAR,HIGH
12,2005,0,1,WINTER,0 -> 1,ZERO_BASED_TO_CALENDAR,HIGH
13,2005,0,1,WINTER,0 -> 1,ZERO_BASED_TO_CALENDAR,HIGH
14,2005,0,1,WINTER,0 -> 1,ZERO_BASED_TO_CALENDAR,HIGH
15,2005,0,1,WINTER,0 -> 1,ZERO_BASED_TO_CALENDAR,HIGH
16,2005,0,1,WINTER,0 -> 1,ZERO_BASED_TO_CALENDAR,HIGH
17,2005,0,1,WINTER,0 -> 1,ZERO_BASED_TO_CALENDAR,HIGH
18,2005,0,1,WINTER,0 -> 1,ZERO_BASED_TO_CALENDAR,HIGH
19,2005,0,1,WINTER,0 -> 1,ZERO_BASED_TO_CALENDAR,HIGH
20,2005,0,1,WINTER,0 -> 1,ZERO_BASED_TO_CALENDAR,HIGH
21,2005,0,1,WINTER,0 -> 1,ZERO_BASED_TO_CALENDAR,HIGH
22,2005,0,1,WINTER,0 -> 1,ZERO_BASED_TO_CALENDAR,HIGH
23,2005,0,1,WINTER,0 -> 1,ZERO_BASED_TO_CALENDAR,HIGH
24,2005,0,1,WINTER,0 -> 1,ZERO_BASED_TO_CALENDAR,HIGH
25,2005,0,1,WINTER,0 -> 1,ZERO_BASED_TO_CALENDAR,HIGH
26,2005,0,1,WINTER,0 -> 1,ZERO_BASED_TO_CALENDAR,HIGH
27,2005,0,1,WINTER,0 -> 1,ZERO_BASED_TO_CALENDAR,HIGH
28,2005,0,1,WINTER,0 -> 1,ZERO_BASED_TO_CALENDAR,HIGH
29,2005,0,1,WINTER,0 -> 1,ZERO_BASED_TO_CALENDAR,HIGH
30,2005,0,1,WINTER,0 -> 1,ZERO_BASED_TO_CALENDAR,HIGH
31,2005,0,1,WINTER,0 -> 1,ZERO_BASED_TO_CALENDAR,HIGH
32,2005,0,1,WINTER,0 -> 1,ZERO_BASED_TO_CALENDAR,HIGH
33,2005,0,1,WINTER,0 -> 1,ZERO_BASED_TO_CALENDAR,HIGH
34,2005,0,1,WINTER,0 -> 1,ZERO_BASED_TO_CALENDAR,HIGH
35,2005,0,1,WINTER,0 -> 1,ZERO_BASED_TO_CALENDAR,HIGH
0,2005,8,9,MONSOON,8 -> 9,ZERO_BASED_TO_CALENDAR,HIGH
1,2005,8,9,MONSOON,8 -> 9,ZERO_BASED_TO_CALENDAR,HIGH
2,2005,8,9,MONSOON,8 -> 9,ZERO_BASED_TO_CALENDAR,HIGH
3,2005,8,9,MONSOON,8 -> 9,ZERO_BASED_TO_CALENDAR,HIGH
4,2005,8,9,MONSOON,8 -> 9,ZERO_BASED_TO_CALENDAR,HIGH
5,2005,8,9,MONSOON,8 -> 9,ZERO_BASED_TO_CALENDAR,HIGH
6,2005,8,9,MONSOON,8 -> 9,ZERO_BASED_TO_CALENDAR,HIGH
7,2005,8,9,MONSOON,8 -> 9,ZERO_BASED_TO_CALENDAR,HIGH
8,2005,8,9,MONSOON,8 -> 9,ZERO_BASED_TO_CALENDAR,HIGH
9,2005,8,9,MONSOON,8 -> 9,ZERO_BASED_TO_CALENDAR,HIGH
10,2005,8,9,MONSOON,8 -> 9,ZERO_BASED_TO_CALENDAR,HIGH
11,2005,8,9,MONSOON,8 -> 9,ZERO_BASED_TO_CALENDAR,HIGH
12,2005,8,9,MONSOON,8 -> 9,ZERO_BASED_TO_CALENDAR,HIGH
13,2005,8,9,MONSOON,8 -> 9,ZERO_BASED_TO_CALENDAR,HIGH
14,2005,8,9,MONSOON,8 -> 9,ZERO_BASED_TO_CALENDAR,HIGH
15,2005,8,9,MONSOON,8 -> 9,ZERO_BASED_TO_CALENDAR,HIGH
16,2005,8,9,MONSOON,8 -> 9,ZERO_BASED_TO_CALENDAR,HIGH
17,2005,8,9,MONSOON,8 -> 9,ZERO_BASED_TO_CALENDAR,HIGH
18,2005,8,9,MONSOON,8 -> 9,ZERO_BASED_TO_CALENDAR,HIGH
19,2005,8,9,MONSOON,8 -> 9,ZERO_BASED_TO_CALENDAR,HIGH
20,2005,8,9,MONSOON,8 -> 9,ZERO_BASED_TO_CALENDAR,HIGH
21,2005,8,9,MONSOON,8 -> 9,ZERO_BASED_TO_CALENDAR,HIGH
22,2005,8,9,MONSOON,8 -> 9,ZERO_BASED_TO_CALENDAR,HIGH
23,2005,8,9,MONSOON,8 -> 9,ZERO_BASED_TO_CALENDAR,HIGH
24,2005,8,9,MONSOON,8 -> 9,ZERO_BASED_TO_CALENDAR,HIGH
25,2005,8,9,MONSOON,8 -> 9,ZERO_BASED_TO_CALENDAR,HIGH
26,2005,8,9,MONSOON,8 -> 9,ZERO_BASED_TO_CALENDAR,HIGH
27,2005,8,9,MONSOON,8 -> 9,ZERO_BASED_TO_CALENDAR,HIGH
28,2005,8,9,MONSOON,8 -> 9,ZERO_BASED_TO_CALENDAR,HIGH
29,2005,8,9,MONSOON,8 -> 9,ZERO_BASED_TO_CALENDAR,HIGH
30,2005,8,9,MONSOON,8 -> 9,ZERO_BASED_TO_CALENDAR,HIGH
31,2005,8,9,MONSOON,8 -> 9,ZERO_BASED_TO_CALENDAR,HIGH
32,2005,8,9,MONSOON,8 -> 9,ZERO_BASED_TO_CALENDAR,HIGH
33,2005,8,9,MONSOON,8 -> 9,ZERO_BASED_TO_CALENDAR,HIGH
34,2005,8,9,MONSOON,8 -> 9,ZERO_BASED_TO_CALENDAR,HIGH
35,2005,8,9,MONSOON,8 -> 9,ZERO_BASED_TO_CALENDAR,HIGH
0,2005,6,7,MONSOON,6 -> 7,ZERO_BASED_TO_CALENDAR,HIGH
1,2005,6,7,MONSOON,6 -> 7,ZERO_BASED_TO_CALENDAR,HIGH
2,2005,6,7,MONSOON,6 -> 7,ZERO_BASED_TO_CALENDAR,HIGH
3,2005,6,7,MONSOON,6 -> 7,ZERO_BASED_TO_CALENDAR,HIGH
4,2005,6,7,MONSOON,6 -> 7,ZERO_BASED_TO_CALENDAR,HIGH
5,2005,6,7,MONSOON,6 -> 7,ZERO_BASED_TO_CALENDAR,HIGH
6,2005,6,7,MONSOON,6 -> 7,ZERO_BASED_TO_CALENDAR,HIGH
7,2005,6,7,MONSOON,6 -> 7,ZERO_BASED_TO_CALENDAR,HIGH
8,2005,6,7,MONSOON,6 -> 7,ZERO_BASED_TO_CALENDAR,HIGH
9,2005,6,7,MONSOON,6 -> 7,ZERO_BASED_TO_CALENDAR,HIGH
10,2005,6,7,MONSOON,6 -> 7,ZERO_BASED_TO_CALENDAR,HIGH
11,2005,6,7,MONSOON,6 -> 7,ZERO_BASED_TO_CALENDAR,HIGH
12,2005,6,7,MONSOON,6 -> 7,ZERO_BASED_TO_CALENDAR,HIGH
13,2005,6,7,MONSOON,6 -> 7,ZERO_BASED_TO_CALENDAR,HIGH
14,2005,6,7,MONSOON,6 -> 7,ZERO_BASED_TO_CALENDAR,HIGH
15,2005,6,7,MONSOON,6 -> 7,ZERO_BASED_TO_CALENDAR,HIGH
16,2005,6,7,MONSOON,6 -> 7,ZERO_BASED_TO_CALENDAR,HIGH
17,2005,6,7,MONSOON,6 -> 7,ZERO_BASED_TO_CALENDAR,HIGH
18,2005,6,7,MONSOON,6 -> 7,ZERO_BASED_TO_CALENDAR,HIGH
19,2005,6,7,MONSOON,6 -> 7,ZERO_BASED_TO_CALENDAR,HIGH
20,2005,6,7,MONSOON,6 -> 7,ZERO_BASED_TO_CALENDAR,HIGH
21,2005,6,7,MONSOON,6 -> 7,ZERO_BASED_TO_CALENDAR,HIGH
22,2005,6,7,MONSOON,6 -> 7,ZERO_BASED_TO_CALENDAR,HIGH
23,2005,6,7,MONSOON,6 -> 7,ZERO_BASED_TO_CALENDAR,HIGH
24,2005,6,7,MONSOON,6 -> 7,ZERO_BASED_TO_CALENDAR,HIGH
25,2005,6,7,MONSOON,6 -> 7,ZERO_BASED_TO_CALENDAR,HIGH
26,2005,6,7,MONSOON,6 -> 7,ZERO_BASED_TO_CALENDAR,HIGH
27,2005,6,7,MONSOON,6 -> 7,ZERO_BASED_TO_CALENDAR,HIGH
28,2005,6,7,MONSOON,6 -> 7,ZERO_BASED_TO_CALENDAR,HIGH
29,2005,6,7,MONSOON,6 -> 7,ZERO_BASED_TO_CALENDAR,HIGH
30,2005,6,7,MONSOON,6 -> 7,ZERO_BASED_TO_CALENDAR,HIGH
31,2005,6,7,MONSOON,6 -> 7,ZERO_BASED_TO_CALENDAR,HIGH
32,2005,6,7,MONSOON,6 -> 7,ZERO_BASED_TO_CALENDAR,HIGH
33,2005,6,7,MONSOON,6 -> 7,ZERO_BASED_TO_CALENDAR,HIGH
34,2005,6,7,MONSOON,6 -> 7,ZERO_BASED_TO_CALENDAR,HIGH
35,2005,6,7,MONSOON,6 -> 7,ZERO_BASED_TO_CALENDAR,HIGH
0,2005,5,6,MONSOON,5 -> 6,ZERO_BASED_TO_CALENDAR,HIGH
1,2005,5,6,MONSOON,5 -> 6,ZERO_BASED_TO_CALENDAR,HIGH
2,2005,5,6,MONSOON,5 -> 6,ZERO_BASED_TO_CALENDAR,HIGH
3,2005,5,6,MONSOON,5 -> 6,ZERO_BASED_TO_CALENDAR,HIGH
4,2005,5,6,MONSOON,5 -> 6,ZERO_BASED_TO_CALENDAR,HIGH
5,2005,5,6,MONSOON,5 -> 6,ZERO_BASED_TO_CALENDAR,HIGH
6,2005,5,6,MONSOON,5 -> 6,ZERO_BASED_TO_CALENDAR,HIGH
7,2005,5,6,MONSOON,5 -> 6,ZERO_BASED_TO_CALENDAR,HIGH
8,2005,5,6,MONSOON,5 -> 6,ZERO_BASED_TO_CALENDAR,HIGH
9,2005,5,6,MONSOON,5 -> 6,ZERO_BASED_TO_CALENDAR,HIGH
10,2005,5,6,MONSOON,5 -> 6,ZERO_BASED_TO_CALENDAR,HIGH
11,2005,5,6,MONSOON,5 -> 6,ZERO_BASED_TO_CALENDAR,HIGH
12,2005,5,6,MONSOON,5 -> 6,ZERO_BASED_TO_CALENDAR,HIGH
13,2005,5,6,MONSOON,5 -> 6,ZERO_BASED_TO_CALENDAR,HIGH
14,2005,5,6,MONSOON,5 -> 6,ZERO_BASED_TO_CALENDAR,HIGH
15,2005,5,6,MONSOON,5 -> 6,ZERO_BASED_TO_CALENDAR,HIGH
16,2005,5,6,MONSOON,5 -> 6,ZERO_BASED_TO_CALENDAR,HIGH
17,2005,5,6,MONSOON,5 -> 6,ZERO_BASED_TO_CALENDAR,HIGH
18,2005,5,6,MONSOON,5 -> 6,ZERO_BASED_TO_CALENDAR,HIGH
19,2005,5,6,MONSOON,5 -> 6,ZERO_BASED_TO_CALENDAR,HIGH
20,2005,5,6,MONSOON,5 -> 6,ZERO_BASED_TO_CALENDAR,HIGH
21,2005,5,6,MONSOON,5 -> 6,ZERO_BASED_TO_CALENDAR,HIGH
22,2005,5,6,MONSOON,5 -> 6,ZERO_BASED_TO_CALENDAR,HIGH
23,2005,5,6,MONSOON,5 -> 6,ZERO_BASED_TO_CALENDAR,HIGH
24,2005,5,6,MONSOON,5 -> 6,ZERO_BASED_TO_CALENDAR,HIGH
25,2005,5,6,MONSOON,5 -> 6,ZERO_BASED_TO_CALENDAR,HIGH
26,2005,5,6,MONSOON,5 -> 6,ZERO_BASED_TO_CALENDAR,HIGH
27,2005,5,6,MONSOON,5 -> 6,ZERO_BASED_TO_CALENDAR,HIGH
28,2005,5,6,MONSOON,5 -> 6,ZERO_BASED_TO_CALENDAR,HIGH
29,2005,5,6,MONSOON,5 -> 6,ZERO_BASED_TO_CALENDAR,HIGH
30,2005,5,6,MONSOON,5 -> 6,ZERO_BASED_TO_CALENDAR,HIGH
31,2005,5,6,MONSOON,5 -> 6,ZERO_BASED_TO_CALENDAR,HIGH
32,2005,5,6,MONSOON,5 -> 6,ZERO_BASED_TO_CALENDAR,HIGH
33,2005,5,6,MONSOON,5 -> 6,ZERO_BASED_TO_CALENDAR,HIGH
34,2005,5,6,MONSOON,5 -> 6,ZERO_BASED_TO_CALENDAR,HIGH
35,2005,5,6,MONSOON,5 -> 6,ZERO_BASED_TO_CALENDAR,HIGH
0,2005,1,2,WINTER,1 -> 2,ZERO_BASED_TO_CALENDAR,HIGH
1,2005,1,2,WINTER,1 -> 2,ZERO_BASED_TO_CALENDAR,HIGH
2,2005,1,2,WINTER,1 -> 2,ZERO_BASED_TO_CALENDAR,HIGH
3,2005,1,2,WINTER,1 -> 2,ZERO_BASED_TO_CALENDAR,HIGH
4,2005,1,2,WINTER,1 -> 2,ZERO_BASED_TO_CALENDAR,HIGH
5,2005,1,2,WINTER,1 -> 2,ZERO_BASED_TO_CALENDAR,HIGH
6,2005,1,2,WINTER,1 -> 2,ZERO_BASED_TO_CALENDAR,HIGH
7,2005,1,2,WINTER,1 -> 2,ZERO_BASED_TO_CALENDAR,HIGH
8,2005,1,2,WINTER,1 -> 2,ZERO_BASED_TO_CALENDAR,HIGH
9,2005,1,2,WINTER,1 -> 2,ZERO_BASED_TO_CALENDAR,HIGH
10,2005,1,2,WINTER,1 -> 2,ZERO_BASED_TO_CALENDAR,HIGH
11,2005,1,2,WINTER,1 -> 2,ZERO_BASED_TO_CALENDAR,HIGH
12,2005,1,2,WINTER,1 -> 2,ZERO_BASED_TO_CALENDAR,HIGH
13,2005,1,2,WINTER,1 -> 2,ZERO_BASED_TO_CALENDAR,HIGH
14,2005,1,2,WINTER,1 -> 2,ZERO_BASED_TO_CALENDAR,HIGH
15,2005,1,2,WINTER,1 -> 2,ZERO_BASED_TO_CALENDAR,HIGH
16,2005,1,2,WINTER,1 -> 2,ZERO_BASED_TO_CALENDAR,HIGH
17,2005,1,2,WINTER,1 -> 2,ZERO_BASED_TO_CALENDAR,HIGH
18,2005,1,2,WINTER,1 -> 2,ZERO_BASED_TO_CALENDAR,HIGH
19,2005,1,2,WINTER,1 -> 2,ZERO_BASED_TO_CALENDAR,HIGH
20,2005,1,2,WINTER,1 -> 2,ZERO_BASED_TO_CALENDAR,HIGH
21,2005,1,2,WINTER,1 -> 2,ZERO_BASED_TO_CALENDAR,HIGH
22,2005,1,2,WINTER,1 -> 2,ZERO_BASED_TO_CALENDAR,HIGH
23,2005,1,2,WINTER,1 -> 2,ZERO_BASED_TO_CALENDAR,HIGH
24,2005,1,2,WINTER,1 -> 2,ZERO_BASED_TO_CALENDAR,HIGH
25,2005,1,2,WINTER,1 -> 2,ZERO_BASED_TO_CALENDAR,HIGH
26,2005,1,2,WINTER,1 -> 2,ZERO_BASED_TO_CALENDAR,HIGH
27,2005,1,2,WINTER,1 -> 2,ZERO_BASED_TO_CALENDAR,HIGH
28,2005,1,2,WINTER,1 -> 2,ZERO_BASED_TO_CALENDAR,HIGH
29,2005,1,2,WINTER,1 -> 2,ZERO_BASED_TO_CALENDAR,HIGH
30,2005,1,2,WINTER,1 -> 2,ZERO_BASED_TO_CALENDAR,HIGH
31,2005,1,2,WINTER,1 -> 2,ZERO_BASED_TO_CALENDAR,HIGH
32,2005,1,2,WINTER,1 -> 2,ZERO_BASED_TO_CALENDAR,HIGH
33,2005,1,2,WINTER,1 -> 2,ZERO_BASED_TO_CALENDAR,HIGH
34,2005,1,2,WINTER,1 -> 2,ZERO_BASED_TO_CALENDAR,HIGH
35,2005,1,2,WINTER,1 -> 2,ZERO_BASED_TO_CALENDAR,HIGH
0,2005,11,12,WINTER,11 -> 12,ZERO_BASED_TO_CALENDAR,HIGH
1,2005,11,12,WINTER,11 -> 12,ZERO_BASED_TO_CALENDAR,HIGH
2,2005,11,12,WINTER,11 -> 12,ZERO_BASED_TO_CALENDAR,HIGH
3,2005,11,12,WINTER,11 -> 12,ZERO_BASED_TO_CALENDAR,HIGH
4,2005,11,12,WINTER,11 -> 12,ZERO_BASED_TO_CALENDAR,HIGH
5,2005,11,12,WINTER,11 -> 12,ZERO_BASED_TO_CALENDAR,HIGH
6,2005,11,12,WINTER,11 -> 12,ZERO_BASED_TO_CALENDAR,HIGH
7,2005,11,12,WINTER,11 -> 12,ZERO_BASED_TO_CALENDAR,HIGH
8,2005,11,12,WINTER,11 -> 12,ZERO_BASED_TO_CALENDAR,HIGH
9,2005,11,12,WINTER,11 -> 12,ZERO_BASED_TO_CALENDAR,HIGH
10,2005,11,12,WINTER,11 -> 12,ZERO_BASED_TO_CALENDAR,HIGH
11,2005,11,12,WINTER,11 -> 12,ZERO_BASED_TO_CALENDAR,HIGH
12,2005,11,12,WINTER,11 -> 12,ZERO_BASED_TO_CALENDAR,HIGH
13,2005,11,12,WINTER,11 -> 12,ZERO_BASED_TO_CALENDAR,HIGH
14,2005,11,12,WINTER,11 -> 12,ZERO_BASED_TO_CALENDAR,HIGH
15,2005,11,12,WINTER,11 -> 12,ZERO_BASED_TO_CALENDAR,HIGH
16,2005,11,12,WINTER,11 -> 12,ZERO_BASED_TO_CALENDAR,HIGH
17,2005,11,12,WINTER,11 -> 12,ZERO_BASED_TO_CALENDAR,HIGH
18,2005,11,12,WINTER,11 -> 12,ZERO_BASED_TO_CALENDAR,HIGH
19,2005,11,12,WINTER,11 -> 12,ZERO_BASED_TO_CALENDAR,HIGH
20,2005,11,12,WINTER,11 -> 12,ZERO_BASED_TO_CALENDAR,HIGH
21,2005,11,12,WINTER,11 -> 12,ZERO_BASED_TO_CALENDAR,HIGH
22,2005,11,12,WINTER,11 -> 12,ZERO_BASED_TO_CALENDAR,HIGH
23,2005,11,12,WINTER,11 -> 12,ZERO_BASED_TO_CALENDAR,HIGH
24,2005,11,12,WINTER,11 -> 12,ZERO_BASED_TO_CALENDAR,HIGH
25,2005,11,12,WINTER,11 -> 12,ZERO_BASED_TO_CALENDAR,HIGH
26,2005,11,12,WINTER,11 -> 12,ZERO_BASED_TO_CALENDAR,HIGH
27,2005,11,12,WINTER,11 -> 12,ZERO_BASED_TO_CALENDAR,HIGH
28,2005,11,12,WINTER,11 -> 12,ZERO_BASED_TO_CALENDAR,HIGH
29,2005,11,12,WINTER,11 -> 12,ZERO_BASED_TO_CALENDAR,HIGH
30,2005,11,12,WINTER,11 -> 12,ZERO_BASED_TO_CALENDAR,HIGH
31,2005,11,12,WINTER,11 -> 12,ZERO_BASED_TO_CALENDAR,HIGH
32,2005,11,12,WINTER,11 -> 12,ZERO_BASED_TO_CALENDAR,HIGH
33,2005,11,12,WINTER,11 -> 12,ZERO_BASED_TO_CALENDAR,HIGH
34,2005,11,12,WINTER,11 -> 12,ZERO_BASED_TO_CALENDAR,HIGH
35,2005,11,12,WINTER,11 -> 12,ZERO_BASED_TO_CALENDAR,HIGH
0,2005,10,11,POST_MONSOON,10 -> 11,ZERO_BASED_TO_CALENDAR,HIGH
1,2005,10,11,POST_MONSOON,10 -> 11,ZERO_BASED_TO_CALENDAR,HIGH
2,2005,10,11,POST_MONSOON,10 -> 11,ZERO_BASED_TO_CALENDAR,HIGH
3,2005,10,11,POST_MONSOON,10 -> 11,ZERO_BASED_TO_CALENDAR,HIGH
4,2005,10,11,POST_MONSOON,10 -> 11,ZERO_BASED_TO_CALENDAR,HIGH
5,2005,10,11,POST_MONSOON,10 -> 11,ZERO_BASED_TO_CALENDAR,HIGH
6,2005,10,11,POST_MONSOON,10 -> 11,ZERO_BASED_TO_CALENDAR,HIGH
7,2005,10,11,POST_MONSOON,10 -> 11,ZERO_BASED_TO_CALENDAR,HIGH
8,2005,10,11,POST_MONSOON,10 -> 11,ZERO_BASED_TO_CALENDAR,HIGH
9,2005,10,11,POST_MONSOON,10 -> 11,ZERO_BASED_TO_CALENDAR,HIGH
10,2005,10,11,POST_MONSOON,10 -> 11,ZERO_BASED_TO_CALENDAR,HIGH
11,2005,10,11,POST_MONSOON,10 -> 11,ZERO_BASED_TO_CALENDAR,HIGH
12,2005,10,11,POST_MONSOON,10 -> 11,ZERO_BASED_TO_CALENDAR,HIGH
13,2005,10,11,POST_MONSOON,10 -> 11,ZERO_BASED_TO_CALENDAR,HIGH
14,2005,10,11,POST_MONSOON,10 -> 11,ZERO_BASED_TO_CALENDAR,HIGH
15,2005,10,11,POST_MONSOON,10 -> 11,ZERO_BASED_TO_CALENDAR,HIGH
16,2005,10,11,POST_MONSOON,10 -> 11,ZERO_BASED_TO_CALENDAR,HIGH
17,2005,10,11,POST_MONSOON,10 -> 11,ZERO_BASED_TO_CALENDAR,HIGH
18,2005,10,11,POST_MONSOON,10 -> 11,ZERO_BASED_TO_CALENDAR,HIGH
19,2005,10,11,POST_MONSOON,10 -> 11,ZERO_BASED_TO_CALENDAR,HIGH
20,2005,10,11,POST_MONSOON,10 -> 11,ZERO_BASED_TO_CALENDAR,HIGH
21,2005,10,11,POST_MONSOON,10 -> 11,ZERO_BASED_TO_CALENDAR,HIGH
22,2005,10,11,POST_MONSOON,10 -> 11,ZERO_BASED_TO_CALENDAR,HIGH
23,2005,10,11,POST_MONSOON,10 -> 11,ZERO_BASED_TO_CALENDAR,HIGH
24,2005,10,11,POST_MONSOON,10 -> 11,ZERO_BASED_TO_CALENDAR,HIGH
25,2005,10,11,POST_MONSOON,10 -> 11,ZERO_BASED_TO_CALENDAR,HIGH
26,2005,10,11,POST_MONSOON,10 -> 11,ZERO_BASED_TO_CALENDAR,HIGH
27,2005,10,11,POST_MONSOON,10 -> 11,ZERO_BASED_TO_CALENDAR,HIGH
28,2005,10,11,POST_MONSOON,10 -> 11,ZERO_BASED_TO_CALENDAR,HIGH
29,2005,10,11,POST_MONSOON,10 -> 11,ZERO_BASED_TO_CALENDAR,HIGH
30,2005,10,11,POST_MONSOON,10 -> 11,ZERO_BASED_TO_CALENDAR,HIGH
31,2005,10,11,POST_MONSOON,10 -> 11,ZERO_BASED_TO_CALENDAR,HIGH
32,2005,10,11,POST_MONSOON,10 -> 11,ZERO_BASED_TO_CALENDAR,HIGH
33,2005,10,11,POST_MONSOON,10 -> 11,ZERO_BASED_TO_CALENDAR,HIGH
34,2005,10,11,POST_MONSOON,10 -> 11,ZERO_BASED_TO_CALENDAR,HIGH
35,2005,10,11,POST_MONSOON,10 -> 11,ZERO_BASED_TO_CALENDAR,HIGH
0,2005,9,10,POST_MONSOON,9 -> 10,ZERO_BASED_TO_CALENDAR,HIGH
1,2005,9,10,POST_MONSOON,9 -> 10,ZERO_BASED_TO_CALENDAR,HIGH
2,2005,9,10,POST_MONSOON,9 -> 10,ZERO_BASED_TO_CALENDAR,HIGH
3,2005,9,10,POST_MONSOON,9 -> 10,ZERO_BASED_TO_CALENDAR,HIGH
4,2005,9,10,POST_MONSOON,9 -> 10,ZERO_BASED_TO_CALENDAR,HIGH
5,2005,9,10,POST_MONSOON,9 -> 10,ZERO_BASED_TO_CALENDAR,HIGH
6,2005,9,10,POST_MONSOON,9 -> 10,ZERO_BASED_TO_CALENDAR,HIGH
7,2005,9,10,POST_MONSOON,9 -> 10,ZERO_BASED_TO_CALENDAR,HIGH
8,2005,9,10,POST_MONSOON,9 -> 10,ZERO_BASED_TO_CALENDAR,HIGH
9,2005,9,10,POST_MONSOON,9 -> 10,ZERO_BASED_TO_CALENDAR,HIGH
10,2005,9,10,POST_MONSOON,9 -> 10,ZERO_BASED_TO_CALENDAR,HIGH
11,2005,9,10,POST_MONSOON,9 -> 10,ZERO_BASED_TO_CALENDAR,HIGH
12,2005,9,10,POST_MONSOON,9 -> 10,ZERO_BASED_TO_CALENDAR,HIGH
13,2005,9,10,POST_MONSOON,9 -> 10,ZERO_BASED_TO_CALENDAR,HIGH
14,2005,9,10,POST_MONSOON,9 -> 10,ZERO_BASED_TO_CALENDAR,HIGH
15,2005,9,10,POST_MONSOON,9 -> 10,ZERO_BASED_TO_CALENDAR,HIGH
16,2005,9,10,POST_MONSOON,9 -> 10,ZERO_BASED_TO_CALENDAR,HIGH
17,2005,9,10,POST_MONSOON,9 -> 10,ZERO_BASED_TO_CALENDAR,HIGH
18,2005,9,10,POST_MONSOON,9 -> 10,ZERO_BASED_TO_CALENDAR,HIGH
19,2005,9,10,POST_MONSOON,9 -> 10,ZERO_BASED_TO_CALENDAR,HIGH
20,2005,9,10,POST_MONSOON,9 -> 10,ZERO_BASED_TO_CALENDAR,HIGH
21,2005,9,10,POST_MONSOON,9 -> 10,ZERO_BASED_TO_CALENDAR,HIGH
22,2005,9,10,POST_MONSOON,9 -> 10,ZERO_BASED_TO_CALENDAR,HIGH
23,2005,9,10,POST_MONSOON,9 -> 10,ZERO_BASED_TO_CALENDAR,HIGH
24,2005,9,10,POST_MONSOON,9 -> 10,ZERO_BASED_TO_CALENDAR,HIGH
25,2005,9,10,POST_MONSOON,9 -> 10,ZERO_BASED_TO_CALENDAR,HIGH
26,2005,9,10,POST_MONSOON,9 -> 10,ZERO_BASED_TO_CALENDAR,HIGH
27,2005,9,10,POST_MONSOON,9 -> 10,ZERO_BASED_TO_CALENDAR,HIGH
28,2005,9,10,POST_MONSOON,9 -> 10,ZERO_BASED_TO_CALENDAR,HIGH
29,2005,9,10,POST_MONSOON,9 -> 10,ZERO_BASED_TO_CALENDAR,HIGH
30,2005,9,10,POST_MONSOON,9 -> 10,ZERO_BASED_TO_CALENDAR,HIGH
31,2005,9,10,POST_MONSOON,9 -> 10,ZERO_BASED_TO_CALENDAR,HIGH
32,2005,9,10,POST_MONSOON,9 -> 10,ZERO_BASED_TO_CALENDAR,HIGH
33,2005,9,10,POST_MONSOON,9 -> 10,ZERO_BASED_TO_CALENDAR,HIGH
34,2005,9,10,POST_MONSOON,9 -> 10,ZERO_BASED_TO_CALENDAR,HIGH
35,2005,9,10,POST_MONSOON,9 -> 10,ZERO_BASED_TO_CALENDAR,HIGH
0,2005,2,3,PRE_MONSOON,2 -> 3,ZERO_BASED_TO_CALENDAR,HIGH
1,2005,2,3,PRE_MONSOON,2 -> 3,ZERO_BASED_TO_CALENDAR,HIGH
2,2005,2,3,PRE_MONSOON,2 -> 3,ZERO_BASED_TO_CALENDAR,HIGH
3,2005,2,3,PRE_MONSOON,2 -> 3,ZERO_BASED_TO_CALENDAR,HIGH
4,2005,2,3,PRE_MONSOON,2 -> 3,ZERO_BASED_TO_CALENDAR,HIGH
5,2005,2,3,PRE_MONSOON,2 -> 3,ZERO_BASED_TO_CALENDAR,HIGH
6,2005,2,3,PRE_MONSOON,2 -> 3,ZERO_BASED_TO_CALENDAR,HIGH
7,2005,2,3,PRE_MONSOON,2 -> 3,ZERO_BASED_TO_CALENDAR,HIGH
8,2005,2,3,PRE_MONSOON,2 -> 3,ZERO_BASED_TO_CALENDAR,HIGH
9,2005,2,3,PRE_MONSOON,2 -> 3,ZERO_BASED_TO_CALENDAR,HIGH
10,2005,2,3,PRE_MONSOON,2 -> 3,ZERO_BASED_TO_CALENDAR,HIGH
11,2005,2,3,PRE_MONSOON,2 -> 3,ZERO_BASED_TO_CALENDAR,HIGH
12,2005,2,3,PRE_MONSOON,2 -> 3,ZERO_BASED_TO_CALENDAR,HIGH
13,2005,2,3,PRE_MONSOON,2 -> 3,ZERO_BASED_TO_CALENDAR,HIGH
14,2005,2,3,PRE_MONSOON,2 -> 3,ZERO_BASED_TO_CALENDAR,HIGH
15,2005,2,3,PRE_MONSOON,2 -> 3,ZERO_BASED_TO_CALENDAR,HIGH
16,2005,2,3,PRE_MONSOON,2 -> 3,ZERO_BASED_TO_CALENDAR,HIGH
17,2005,2,3,PRE_MONSOON,2 -> 3,ZERO_BASED_TO_CALENDAR,HIGH
18,2005,2,3,PRE_MONSOON,2 -> 3,ZERO_BASED_TO_CALENDAR,HIGH
19,2005,2,3,PRE_MONSOON,2 -> 3,ZERO_BASED_TO_CALENDAR,HIGH
20,2005,2,3,PRE_MONSOON,2 -> 3,ZERO_BASED_TO_CALENDAR,HIGH
21,2005,2,3,PRE_MONSOON,2 -> 3,ZERO_BASED_TO_CALENDAR,HIGH
22,2005,2,3,PRE_MONSOON,2 -> 3,ZERO_BASED_TO_CALENDAR,HIGH
23,2005,2,3,PRE_MONSOON,2 -> 3,ZERO_BASED_TO_CALENDAR,HIGH
24,2005,2,3,PRE_MONSOON,2 -> 3,ZERO_BASED_TO_CALENDAR,HIGH
25,2005,2,3,PRE_MONSOON,2 -> 3,ZERO_BASED_TO_CALENDAR,HIGH
26,2005,2,3,PRE_MONSOON,2 -> 3,ZERO_BASED_TO_CALENDAR,HIGH
27,2005,2,3,PRE_MONSOON,2 -> 3,ZERO_BASED_TO_CALENDAR,HIGH
28,2005,2,3,PRE_MONSOON,2 -> 3,ZERO_BASED_TO_CALENDAR,HIGH
29,2005,2,3,PRE_MONSOON,2 -> 3,ZERO_BASED_TO_CALENDAR,HIGH
30,2005,2,3,PRE_MONSOON,2 -> 3,ZERO_BASED_TO_CALENDAR,HIGH
31,2005,2,3,PRE_MONSOON,2 -> 3,ZERO_BASED_TO_CALENDAR,HIGH
32,2005,2,3,PRE_MONSOON,2 -> 3,ZERO_BASED_TO_CALENDAR,HIGH
33,2005,2,3,PRE_MONSOON,2 -> 3,ZERO_BASED_TO_CALENDAR,HIGH
34,2005,2,3,PRE_MONSOON,2 -> 3,ZERO_BASED_TO_CALENDAR,HIGH
35,2005,2,3,PRE_MONSOON,2 -> 3,ZERO_BASED_TO_CALENDAR,HIGH
0,2006,4,5,PRE_MONSOON,4 -> 5,ZERO_BASED_TO_CALENDAR,HIGH
1,2006,4,5,PRE_MONSOON,4 -> 5,ZERO_BASED_TO_CALENDAR,HIGH
2,2006,4,5,PRE_MONSOON,4 -> 5,ZERO_BASED_TO_CALENDAR,HIGH
3,2006,4,5,PRE_MONSOON,4 -> 5,ZERO_BASED_TO_CALENDAR,HIGH
4,2006,4,5,PRE_MONSOON,4 -> 5,ZERO_BASED_TO_CALENDAR,HIGH
5,2006,4,5,PRE_MONSOON,4 -> 5,ZERO_BASED_TO_CALENDAR,HIGH
6,2006,4,5,PRE_MONSOON,4 -> 5,ZERO_BASED_TO_CALENDAR,HIGH
7,2006,4,5,PRE_MONSOON,4 -> 5,ZERO_BASED_TO_CALENDAR,HIGH
8,2006,4,5,PRE_MONSOON,4 -> 5,ZERO_BASED_TO_CALENDAR,HIGH
9,2006,4,5,PRE_MONSOON,4 -> 5,ZERO_BASED_TO_CALENDAR,HIGH
10,2006,4,5,PRE_MONSOON,4 -> 5,ZERO_BASED_TO_CALENDAR,HIGH
11,2006,4,5,PRE_MONSOON,4 -> 5,ZERO_BASED_TO_CALENDAR,HIGH
12,2006,4,5,PRE_MONSOON,4 -> 5,ZERO_BASED_TO_CALENDAR,HIGH
13,2006,4,5,PRE_MONSOON,4 -> 5,ZERO_BASED_TO_CALENDAR,HIGH
14,2006,4,5,PRE_MONSOON,4 -> 5,ZERO_BASED_TO_CALENDAR,HIGH
15,2006,4,5,PRE_MONSOON,4 -> 5,ZERO_BASED_TO_CALENDAR,HIGH
16,2006,4,5,PRE_MONSOON,4 -> 5,ZERO_BASED_TO_CALENDAR,HIGH
17,2006,4,5,PRE_MONSOON,4 -> 5,ZERO_BASED_TO_CALENDAR,HIGH
18,2006,4,5,PRE_MONSOON,4 -> 5,ZERO_BASED_TO_CALENDAR,HIGH
19,2006,4,5,PRE_MONSOON,4 -> 5,ZERO_BASED_TO_CALENDAR,HIGH
20,2006,4,5,PRE_MONSOON,4 -> 5,ZERO_BASED_TO_CALENDAR,HIGH
21,2006,4,5,PRE_MONSOON,4 -> 5,ZERO_BASED_TO_CALENDAR,HIGH
22,2006,4,5,PRE_MONSOON,4 -> 5,ZERO_BASED_TO_CALENDAR,HIGH
23,2006,4,5,PRE_MONSOON,4 -> 5,ZERO_BASED_TO_CALENDAR,HIGH
24,2006,4,5,PRE_MONSOON,4 -> 5,ZERO_BASED_TO_CALENDAR,HIGH
25,2006,4,5,PRE_MONSOON,4 -> 5,ZERO_BASED_TO_CALENDAR,HIGH
26,2006,4,5,PRE_MONSOON,4 -> 5,ZERO_BASED_TO_CALENDAR,HIGH
27,2006,4,5,PRE_MONSOON,4 -> 5,ZERO_BASED_TO_CALENDAR,HIGH
28,2006,4,5,PRE_MONSOON,4 -> 5,ZERO_BASED_TO_CALENDAR,HIGH
29,2006,4,5,PRE_MONSOON,4 -> 5,ZERO_BASED_TO_CALENDAR,HIGH
30,2006,4,5,PRE_MONSOON,4 -> 5,ZERO_BASED_TO_CALENDAR,HIGH
31,2006,4,5,PRE_MONSOON,4 -> 5,ZERO_BASED_TO_CALENDAR,HIGH
32,2006,4,5,PRE_MONSOON,4 -> 5,ZERO_BASED_TO_CALENDAR,HIGH
33,2006,4,5,PRE_MONSOON,4 -> 5,ZERO_BASED_TO_CALENDAR,HIGH
34,2006,4,5,PRE_MONSOON,4 -> 5,ZERO_BASED_TO_CALENDAR,HIGH
35,2006,4,5,PRE_MONSOON,4 -> 5,ZERO_BASED_TO_CALENDAR,HIGH
0,2006,3,4,PRE_MONSOON,3 -> 4,ZERO_BASED_TO_CALENDAR,HIGH
1,2006,3,4,PRE_MONSOON,3 -> 4,ZERO_BASED_TO_CALENDAR,HIGH
2,2006,3,4,PRE_MONSOON,3 -> 4,ZERO_BASED_TO_CALENDAR,HIGH
3,2006,3,4,PRE_MONSOON,3 -> 4,ZERO_BASED_TO_CALENDAR,HIGH
4,2006,3,4,PRE_MONSOON,3 -> 4,ZERO_BASED_TO_CALENDAR,HIGH
5,2006,3,4,PRE_MONSOON,3 -> 4,ZERO_BASED_TO_CALENDAR,HIGH
6,2006,3,4,PRE_MONSOON,3 -> 4,ZERO_BASED_TO_CALENDAR,HIGH
7,2006,3,4,PRE_MONSOON,3 -> 4,ZERO_BASED_TO_CALENDAR,HIGH
8,2006,3,4,PRE_MONSOON,3 -> 4,ZERO_BASED_TO_CALENDAR,HIGH
9,2006,3,4,PRE_MONSOON,3 -> 4,ZERO_BASED_TO_CALENDAR,HIGH
10,2006,3,4,PRE_MONSOON,3 -> 4,ZERO_BASED_TO_CALENDAR,HIGH
11,2006,3,4,PRE_MONSOON,3 -> 4,ZERO_BASED_TO_CALENDAR,HIGH
12,2006,3,4,PRE_MONSOON,3 -> 4,ZERO_BASED_TO_CALENDAR,HIGH
13,2006,3,4,PRE_MONSOON,3 -> 4,ZERO_BASED_TO_CALENDAR,HIGH
14,2006,3,4,PRE_MONSOON,3 -> 4,ZERO_BASED_TO_CALENDAR,HIGH
15,2006,3,4,PRE_MONSOON,3 -> 4,ZERO_BASED_TO_CALENDAR,HIGH
16,2006,3,4,PRE_MONSOON,3 -> 4,ZERO_BASED_TO_CALENDAR,HIGH
17,2006,3,4,PRE_MONSOON,3 -> 4,ZERO_BASED_TO_CALENDAR,HIGH
18,2006,3,4,PRE_MONSOON,3 -> 4,ZERO_BASED_TO_CALENDAR,HIGH
19,2006,3,4,PRE_MONSOON,3 -> 4,ZERO_BASED_TO_CALENDAR,HIGH
20,2006,3,4,PRE_MONSOON,3 -> 4,ZERO_BASED_TO_CALENDAR,HIGH
21,2006,3,4,PRE_MONSOON,3 -> 4,ZERO_BASED_TO_CALENDAR,HIGH
22,2006,3,4,PRE_MONSOON,3 -> 4,ZERO_BASED_TO_CALENDAR,HIGH
23,2006,3,4,PRE_MONSOON,3 -> 4,ZERO_BASED_TO_CALENDAR,HIGH
24,2006,3,4,PRE_MONSOON,3 -> 4,ZERO_BASED_TO_CALENDAR,HIGH
25,2006,3,4,PRE_MONSOON,3 -> 4,ZERO_BASED_TO_CALENDAR,HIGH
26,2006,3,4,PRE_MONSOON,3 -> 4,ZERO_BASED_TO_CALENDAR,HIGH
27,2006,3,4,PRE_MONSOON,3 -> 4,ZERO_BASED_TO_CALENDAR,HIGH
28,2006,3,4,PRE_MONSOON,3 -> 4,ZERO_BASED_TO_CALENDAR,HIGH
29,2006,3,4,PRE_MONSOON,3 -> 4,ZERO_BASED_TO_CALENDAR,HIGH
30,2006,3,4,PRE_MONSOON,3 -> 4,ZERO_BASED_TO_CALENDAR,HIGH
31,2006,3,4,PRE_MONSOON,3 -> 4,ZERO_BASED_TO_CALENDAR,HIGH
32,2006,3,4,PRE_MONSOON,3 -> 4,ZERO_BASED_TO_CALENDAR,HIGH
33,2006,3,4,PRE_MONSOON,3 -> 4,ZERO_BASED_TO_CALENDAR,HIGH
34,2006,3,4,PRE_MONSOON,3 -> 4,ZERO_BASED_TO_CALENDAR,HIGH
35,2006,3,4,PRE_MONSOON,3 -> 4,ZERO_BASED_TO_CALENDAR,HIGH
0,2006,7,8,MONSOON,7 -> 8,ZERO_BASED_TO_CALENDAR,HIGH
1,2006,7,8,MONSOON,7 -> 8,ZERO_BASED_TO_CALENDAR,HIGH
2,2006,7,8,MONSOON,7 -> 8,ZERO_BASED_TO_CALENDAR,HIGH
3,2006,7,8,MONSOON,7 -> 8,ZERO_BASED_TO_CALENDAR,HIGH
4,2006,7,8,MONSOON,7 -> 8,ZERO_BASED_TO_CALENDAR,HIGH
5,2006,7,8,MONSOON,7 -> 8,ZERO_BASED_TO_CALENDAR,HIGH
6,2006,7,8,MONSOON,7 -> 8,ZERO_BASED_TO_CALENDAR,HIGH
7,2006,7,8,MONSOON,7 -> 8,ZERO_BASED_TO_CALENDAR,HIGH
8,2006,7,8,MONSOON,7 -> 8,ZERO_BASED_TO_CALENDAR,HIGH
9,2006,7,8,MONSOON,7 -> 8,ZERO_BASED_TO_CALENDAR,HIGH
10,2006,7,8,MONSOON,7 -> 8,ZERO_BASED_TO_CALENDAR,HIGH
11,2006,7,8,MONSOON,7 -> 8,ZERO_BASED_TO_CALENDAR,HIGH
12,2006,7,8,MONSOON,7 -> 8,ZERO_BASED_TO_CALENDAR,HIGH
13,2006,7,8,MONSOON,7 -> 8,ZERO_BASED_TO_CALENDAR,HIGH
14,2006,7,8,MONSOON,7 -> 8,ZERO_BASED_TO_CALENDAR,HIGH
15,2006,7,8,MONSOON,7 -> 8,ZERO_BASED_TO_CALENDAR,HIGH
16,2006,7,8,MONSOON,7 -> 8,ZERO_BASED_TO_CALENDAR,HIGH
17,2006,7,8,MONSOON,7 -> 8,ZERO_BASED_TO_CALENDAR,HIGH
18,2006,7,8,MONSOON,7 -> 8,ZERO_BASED_TO_CALENDAR,HIGH
19,2006,7,8,MONSOON,7 -> 8,ZERO_BASED_TO_CALENDAR,HIGH
20,2006,7,8,MONSOON,7 -> 8,ZERO_BASED_TO_CALENDAR,HIGH
21,2006,7,8,MONSOON,7 -> 8,ZERO_BASED_TO_CALENDAR,HIGH
22,2006,7,8,MONSOON,7 -> 8,ZERO_BASED_TO_CALENDAR,HIGH
23,2006,7,8,MONSOON,7 -> 8,ZERO_BASED_TO_CALENDAR,HIGH
24,2006,7,8,MONSOON,7 -> 8,ZERO_BASED_TO_CALENDAR,HIGH
25,2006,7,8,MONSOON,7 -> 8,ZERO_BASED_TO_CALENDAR,HIGH
26,2006,7,8,MONSOON,7 -> 8,ZERO_BASED_TO_CALENDAR,HIGH
27,2006,7,8,MONSOON,7 -> 8,ZERO_BASED_TO_CALENDAR,HIGH
28,2006,7,8,MONSOON,7 -> 8,ZERO_BASED_TO_CALENDAR,HIGH
29,2006,7,8,MONSOON,7 -> 8,ZERO_BASED_TO_CALENDAR,HIGH
30,2006,7,8,MONSOON,7 -> 8,ZERO_BASED_TO_CALENDAR,HIGH
31,2006,7,8,MONSOON,7 -> 8,ZERO_BASED_TO_CALENDAR,HIGH
32,2006,7,8,MONSOON,7 -> 8,ZERO_BASED_TO_CALENDAR,HIGH
33,2006,7,8,MONSOON,7 -> 8,ZERO_BASED_TO_CALENDAR,HIGH
34,2006,7,8,MONSOON,7 -> 8,ZERO_BASED_TO_CALENDAR,HIGH
35,2006,7,8,MONSOON,7 -> 8,ZERO_BASED_TO_CALENDAR,HIGH
0,2006,0,1,WINTER,0 -> 1,ZERO_BASED_TO_CALENDAR,HIGH
1,2006,0,1,WINTER,0 -> 1,ZERO_BASED_TO_CALENDAR,HIGH
2,2006,0,1,WINTER,0 -> 1,ZERO_BASED_TO_CALENDAR,HIGH
3,2006,0,1,WINTER,0 -> 1,ZERO_BASED_TO_CALENDAR,HIGH
4,2006,0,1,WINTER,0 -> 1,ZERO_BASED_TO_CALENDAR,HIGH
5,2006,0,1,WINTER,0 -> 1,ZERO_BASED_TO_CALENDAR,HIGH
6,2006,0,1,WINTER,0 -> 1,ZERO_BASED_TO_CALENDAR,HIGH
7,2006,0,1,WINTER,0 -> 1,ZERO_BASED_TO_CALENDAR,HIGH
8,2006,0,1,WINTER,0 -> 1,ZERO_BASED_TO_CALENDAR,HIGH
9,2006,0,1,WINTER,0 -> 1,ZERO_BASED_TO_CALENDAR,HIGH
10,2006,0,1,WINTER,0 -> 1,ZERO_BASED_TO_CALENDAR,HIGH
11,2006,0,1,WINTER,0 -> 1,ZERO_BASED_TO_CALENDAR,HIGH
12,2006,0,1,WINTER,0 -> 1,ZERO_BASED_TO_CALENDAR,HIGH
13,2006,0,1,WINTER,0 -> 1,ZERO_BASED_TO_CALENDAR,HIGH
14,2006,0,1,WINTER,0 -> 1,ZERO_BASED_TO_CALENDAR,HIGH
15,2006,0,1,WINTER,0 -> 1,ZERO_BASED_TO_CALENDAR,HIGH
16,2006,0,1,WINTER,0 -> 1,ZERO_BASED_TO_CALENDAR,HIGH
17,2006,0,1,WINTER,0 -> 1,ZERO_BASED_TO_CALENDAR,HIGH
18,2006,0,1,WINTER,0 -> 1,ZERO_BASED_TO_CALENDAR,HIGH
19,2006,0,1,WINTER,0 -> 1,ZERO_BASED_TO_CALENDAR,HIGH
20,2006,0,1,WINTER,0 -> 1,ZERO_BASED_TO_CALENDAR,HIGH
21,2006,0,1,WINTER,0 -> 1,ZERO_BASED_TO_CALENDAR,HIGH
22,2006,0,1,WINTER,0 -> 1,ZERO_BASED_TO_CALENDAR,HIGH
23,2006,0,1,WINTER,0 -> 1,ZERO_BASED_TO_CALENDAR,HIGH
24,2006,0,1,WINTER,0 -> 1,ZERO_BASED_TO_CALENDAR,HIGH
25,2006,0,1,WINTER,0 -> 1,ZERO_BASED_TO_CALENDAR,HIGH
26,2006,0,1,WINTER,0 -> 1,ZERO_BASED_TO_CALENDAR,HIGH
27,2006,0,1,WINTER,0 -> 1,ZERO_BASED_TO_CALENDAR,HIGH
28,2006,0,1,WINTER,0 -> 1,ZERO_BASED_TO_CALENDAR,HIGH
29,2006,0,1,WINTER,0 -> 1,ZERO_BASED_TO_CALENDAR,HIGH
30,2006,0,1,WINTER,0 -> 1,ZERO_BASED_TO_CALENDAR,HIGH
31,2006,0,1,WINTER,0 -> 1,ZERO_BASED_TO_CALENDAR,HIGH
32,2006,0,1,WINTER,0 -> 1,ZERO_BASED_TO_CALENDAR,HIGH
33,2006,0,1,WINTER,0 -> 1,ZERO_BASED_TO_CALENDAR,HIGH
34,2006,0,1,WINTER,0 -> 1,ZERO_BASED_TO_CALENDAR,HIGH
35,2006,0,1,WINTER,0 -> 1,ZERO_BASED_TO_CALENDAR,HIGH
0,2006,8,9,MONSOON,8 -> 9,ZERO_BASED_TO_CALENDAR,HIGH
1,2006,8,9,MONSOON,8 -> 9,ZERO_BASED_TO_CALENDAR,HIGH
2,2006,8,9,MONSOON,8 -> 9,ZERO_BASED_TO_CALENDAR,HIGH
3,2006,8,9,MONSOON,8 -> 9,ZERO_BASED_TO_CALENDAR,HIGH
4,2006,8,9,MONSOON,8 -> 9,ZERO_BASED_TO_CALENDAR,HIGH
5,2006,8,9,MONSOON,8 -> 9,ZERO_BASED_TO_CALENDAR,HIGH
6,2006,8,9,MONSOON,8 -> 9,ZERO_BASED_TO_CALENDAR,HIGH
7,2006,8,9,MONSOON,8 -> 9,ZERO_BASED_TO_CALENDAR,HIGH
8,2006,8,9,MONSOON,8 -> 9,ZERO_BASED_TO_CALENDAR,HIGH
9,2006,8,9,MONSOON,8 -> 9,ZERO_BASED_TO_CALENDAR,HIGH
10,2006,8,9,MONSOON,8 -> 9,ZERO_BASED_TO_CALENDAR,HIGH
11,2006,8,9,MONSOON,8 -> 9,ZERO_BASED_TO_CALENDAR,HIGH
12,2006,8,9,MONSOON,8 -> 9,ZERO_BASED_TO_CALENDAR,HIGH
13,2006,8,9,MONSOON,8 -> 9,ZERO_BASED_TO_CALENDAR,HIGH
14,2006,8,9,MONSOON,8 -> 9,ZERO_BASED_TO_CALENDAR,HIGH
15,2006,8,9,MONSOON,8 -> 9,ZERO_BASED_TO_CALENDAR,HIGH
16,2006,8,9,MONSOON,8 -> 9,ZERO_BASED_TO_CALENDAR,HIGH
17,2006,8,9,MONSOON,8 -> 9,ZERO_BASED_TO_CALENDAR,HIGH
18,2006,8,9,MONSOON,8 -> 9,ZERO_BASED_TO_CALENDAR,HIGH
19,2006,8,9,MONSOON,8 -> 9,ZERO_BASED_TO_CALENDAR,HIGH
20,2006,8,9,MONSOON,8 -> 9,ZERO_BASED_TO_CALENDAR,HIGH
21,2006,8,9,MONSOON,8 -> 9,ZERO_BASED_TO_CALENDAR,HIGH
22,2006,8,9,MONSOON,8 -> 9,ZERO_BASED_TO_CALENDAR,HIGH
23,2006,8,9,MONSOON,8 -> 9,ZERO_BASED_TO_CALENDAR,HIGH
24,2006,8,9,MONSOON,8 -> 9,ZERO_BASED_TO_CALENDAR,HIGH
25,2006,8,9,MONSOON,8 -> 9,ZERO_BASED_TO_CALENDAR,HIGH
26,2006,8,9,MONSOON,8 -> 9,ZERO_BASED_TO_CALENDAR,HIGH
27,2006,8,9,MONSOON,8 -> 9,ZERO_BASED_TO_CALENDAR,HIGH
28,2006,8,9,MONSOON,8 -> 9,ZERO_BASED_TO_CALENDAR,HIGH
29,2006,8,9,MONSOON,8 -> 9,ZERO_BASED_TO_CALENDAR,HIGH
30,2006,8,9,MONSOON,8 -> 9,ZERO_BASED_TO_CALENDAR,HIGH
31,2006,8,9,MONSOON,8 -> 9,ZERO_BASED_TO_CALENDAR,HIGH
32,2006,8,9,MONSOON,8 -> 9,ZERO_BASED_TO_CALENDAR,HIGH
33,2006,8,9,MONSOON,8 -> 9,ZERO_BASED_TO_CALENDAR,HIGH
34,2006,8,9,MONSOON,8 -> 9,ZERO_BASED_TO_CALENDAR,HIGH
35,2006,8,9,MONSOON,8 -> 9,ZERO_BASED_TO_CALENDAR,HIGH
0,2006,6,7,MONSOON,6 -> 7,ZERO_BASED_TO_CALENDAR,HIGH
1,2006,6,7,MONSOON,6 -> 7,ZERO_BASED_TO_CALENDAR,HIGH
2,2006,6,7,MONSOON,6 -> 7,ZERO_BASED_TO_CALENDAR,HIGH
3,2006,6,7,MONSOON,6 -> 7,ZERO_BASED_TO_CALENDAR,HIGH
4,2006,6,7,MONSOON,6 -> 7,ZERO_BASED_TO_CALENDAR,HIGH
5,2006,6,7,MONSOON,6 -> 7,ZERO_BASED_TO_CALENDAR,HIGH
6,2006,6,7,MONSOON,6 -> 7,ZERO_BASED_TO_CALENDAR,HIGH
7,2006,6,7,MONSOON,6 -> 7,ZERO_BASED_TO_CALENDAR,HIGH
8,2006,6,7,MONSOON,6 -> 7,ZERO_BASED_TO_CALENDAR,HIGH
9,2006,6,7,MONSOON,6 -> 7,ZERO_BASED_TO_CALENDAR,HIGH
10,2006,6,7,MONSOON,6 -> 7,ZERO_BASED_TO_CALENDAR,HIGH
11,2006,6,7,MONSOON,6 -> 7,ZERO_BASED_TO_CALENDAR,HIGH
12,2006,6,7,MONSOON,6 -> 7,ZERO_BASED_TO_CALENDAR,HIGH
13,2006,6,7,MONSOON,6 -> 7,ZERO_BASED_TO_CALENDAR,HIGH
14,2006,6,7,MONSOON,6 -> 7,ZERO_BASED_TO_CALENDAR,HIGH
15,2006,6,7,MONSOON,6 -> 7,ZERO_BASED_TO_CALENDAR,HIGH
16,2006,6,7,MONSOON,6 -> 7,ZERO_BASED_TO_CALENDAR,HIGH
17,2006,6,7,MONSOON,6 -> 7,ZERO_BASED_TO_CALENDAR,HIGH
18,2006,6,7,MONSOON,6 -> 7,ZERO_BASED_TO_CALENDAR,HIGH
19,2006,6,7,MONSOON,6 -> 7,ZERO_BASED_TO_CALENDAR,HIGH
20,2006,6,7,MONSOON,6 -> 7,ZERO_BASED_TO_CALENDAR,HIGH
21,2006,6,7,MONSOON,6 -> 7,ZERO_BASED_TO_CALENDAR,HIGH
22,2006,6,7,MONSOON,6 -> 7,ZERO_BASED_TO_CALENDAR,HIGH
23,2006,6,7,MONSOON,6 -> 7,ZERO_BASED_TO_CALENDAR,HIGH
24,2006,6,7,MONSOON,6 -> 7,ZERO_BASED_TO_CALENDAR,HIGH
25,2006,6,7,MONSOON,6 -> 7,ZERO_BASED_TO_CALENDAR,HIGH
26,2006,6,7,MONSOON,6 -> 7,ZERO_BASED_TO_CALENDAR,HIGH
27,2006,6,7,MONSOON,6 -> 7,ZERO_BASED_TO_CALENDAR,HIGH
28,2006,6,7,MONSOON,6 -> 7,ZERO_BASED_TO_CALENDAR,HIGH
29,2006,6,7,MONSOON,6 -> 7,ZERO_BASED_TO_CALENDAR,HIGH
30,2006,6,7,MONSOON,6 -> 7,ZERO_BASED_TO_CALENDAR,HIGH
31,2006,6,7,MONSOON,6 -> 7,ZERO_BASED_TO_CALENDAR,HIGH
32,2006,6,7,MONSOON,6 -> 7,ZERO_BASED_TO_CALENDAR,HIGH
33,2006,6,7,MONSOON,6 -> 7,ZERO_BASED_TO_CALENDAR,HIGH
34,2006,6,7,MONSOON,6 -> 7,ZERO_BASED_TO_CALENDAR,HIGH
35,2006,6,7,MONSOON,6 -> 7,ZERO_BASED_TO_CALENDAR,HIGH
0,2006,5,6,MONSOON,5 -> 6,ZERO_BASED_TO_CALENDAR,HIGH
1,2006,5,6,MONSOON,5 -> 6,ZERO_BASED_TO_CALENDAR,HIGH
2,2006,5,6,MONSOON,5 -> 6,ZERO_BASED_TO_CALENDAR,HIGH
3,2006,5,6,MONSOON,5 -> 6,ZERO_BASED_TO_CALENDAR,HIGH
4,2006,5,6,MONSOON,5 -> 6,ZERO_BASED_TO_CALENDAR,HIGH
5,2006,5,6,MONSOON,5 -> 6,ZERO_BASED_TO_CALENDAR,HIGH
6,2006,5,6,MONSOON,5 -> 6,ZERO_BASED_TO_CALENDAR,HIGH
7,2006,5,6,MONSOON,5 -> 6,ZERO_BASED_TO_CALENDAR,HIGH
8,2006,5,6,MONSOON,5 -> 6,ZERO_BASED_TO_CALENDAR,HIGH
9,2006,5,6,MONSOON,5 -> 6,ZERO_BASED_TO_CALENDAR,HIGH
10,2006,5,6,MONSOON,5 -> 6,ZERO_BASED_TO_CALENDAR,HIGH
11,2006,5,6,MONSOON,5 -> 6,ZERO_BASED_TO_CALENDAR,HIGH
12,2006,5,6,MONSOON,5 -> 6,ZERO_BASED_TO_CALENDAR,HIGH
13,2006,5,6,MONSOON,5 -> 6,ZERO_BASED_TO_CALENDAR,HIGH
14,2006,5,6,MONSOON,5 -> 6,ZERO_BASED_TO_CALENDAR,HIGH
15,2006,5,6,MONSOON,5 -> 6,ZERO_BASED_TO_CALENDAR,HIGH
16,2006,5,6,MONSOON,5 -> 6,ZERO_BASED_TO_CALENDAR,HIGH
17,2006,5,6,MONSOON,5 -> 6,ZERO_BASED_TO_CALENDAR,HIGH
18,2006,5,6,MONSOON,5 -> 6,ZERO_BASED_TO_CALENDAR,HIGH
19,2006,5,6,MONSOON,5 -> 6,ZERO_BASED_TO_CALENDAR,HIGH
20,2006,5,6,MONSOON,5 -> 6,ZERO_BASED_TO_CALENDAR,HIGH
21,2006,5,6,MONSOON,5 -> 6,ZERO_BASED_TO_CALENDAR,HIGH
22,2006,5,6,MONSOON,5 -> 6,ZERO_BASED_TO_CALENDAR,HIGH
23,2006,5,6,MONSOON,5 -> 6,ZERO_BASED_TO_CALENDAR,HIGH
24,2006,5,6,MONSOON,5 -> 6,ZERO_BASED_TO_CALENDAR,HIGH
25,2006,5,6,MONSOON,5 -> 6,ZERO_BASED_TO_CALENDAR,HIGH
26,2006,5,6,MONSOON,5 -> 6,ZERO_BASED_TO_CALENDAR,HIGH
27,2006,5,6,MONSOON,5 -> 6,ZERO_BASED_TO_CALENDAR,HIGH
28,2006,5,6,MONSOON,5 -> 6,ZERO_BASED_TO_CALENDAR,HIGH
29,2006,5,6,MONSOON,5 -> 6,ZERO_BASED_TO_CALENDAR,HIGH
30,2006,5,6,MONSOON,5 -> 6,ZERO_BASED_TO_CALENDAR,HIGH
31,2006,5,6,MONSOON,5 -> 6,ZERO_BASED_TO_CALENDAR,HIGH
32,2006,5,6,MONSOON,5 -> 6,ZERO_BASED_TO_CALENDAR,HIGH
33,2006,5,6,MONSOON,5 -> 6,ZERO_BASED_TO_CALENDAR,HIGH
34,2006,5,6,MONSOON,5 -> 6,ZERO_BASED_TO_CALENDAR,HIGH
35,2006,5,6,MONSOON,5 -> 6,ZERO_BASED_TO_CALENDAR,HIGH
0,2006,1,2,WINTER,1 -> 2,ZERO_BASED_TO_CALENDAR,HIGH
1,2006,1,2,WINTER,1 -> 2,ZERO_BASED_TO_CALENDAR,HIGH
2,2006,1,2,WINTER,1 -> 2,ZERO_BASED_TO_CALENDAR,HIGH
3,2006,1,2,WINTER,1 -> 2,ZERO_BASED_TO_CALENDAR,HIGH
4,2006,1,2,WINTER,1 -> 2,ZERO_BASED_TO_CALENDAR,HIGH
5,2006,1,2,WINTER,1 -> 2,ZERO_BASED_TO_CALENDAR,HIGH
6,2006,1,2,WINTER,1 -> 2,ZERO_BASED_TO_CALENDAR,HIGH
7,2006,1,2,WINTER,1 -> 2,ZERO_BASED_TO_CALENDAR,HIGH
8,2006,1,2,WINTER,1 -> 2,ZERO_BASED_TO_CALENDAR,HIGH
9,2006,1,2,WINTER,1 -> 2,ZERO_BASED_TO_CALENDAR,HIGH
10,2006,1,2,WINTER,1 -> 2,ZERO_BASED_TO_CALENDAR,HIGH
11,2006,1,2,WINTER,1 -> 2,ZERO_BASED_TO_CALENDAR,HIGH
12,2006,1,2,WINTER,1 -> 2,ZERO_BASED_TO_CALENDAR,HIGH
13,2006,1,2,WINTER,1 -> 2,ZERO_BASED_TO_CALENDAR,HIGH
14,2006,1,2,WINTER,1 -> 2,ZERO_BASED_TO_CALENDAR,HIGH
15,2006,1,2,WINTER,1 -> 2,ZERO_BASED_TO_CALENDAR,HIGH
16,2006,1,2,WINTER,1 -> 2,ZERO_BASED_TO_CALENDAR,HIGH
17,2006,1,2,WINTER,1 -> 2,ZERO_BASED_TO_CALENDAR,HIGH
18,2006,1,2,WINTER,1 -> 2,ZERO_BASED_TO_CALENDAR,HIGH
19,2006,1,2,WINTER,1 -> 2,ZERO_BASED_TO_CALENDAR,HIGH
20,2006,1,2,WINTER,1 -> 2,ZERO_BASED_TO_CALENDAR,HIGH
21,2006,1,2,WINTER,1 -> 2,ZERO_BASED_TO_CALENDAR,HIGH
22,2006,1,2,WINTER,1 -> 2,ZERO_BASED_TO_CALENDAR,HIGH
23,2006,1,2,WINTER,1 -> 2,ZERO_BASED_TO_CALENDAR,HIGH
24,2006,1,2,WINTER,1 -> 2,ZERO_BASED_TO_CALENDAR,HIGH
25,2006,1,2,WINTER,1 -> 2,ZERO_BASED_TO_CALENDAR,HIGH
26,2006,1,2,WINTER,1 -> 2,ZERO_BASED_TO_CALENDAR,HIGH
27,2006,1,2,WINTER,1 -> 2,ZERO_BASED_TO_CALENDAR,HIGH
28,2006,1,2,WINTER,1 -> 2,ZERO_BASED_TO_CALENDAR,HIGH
29,2006,1,2,WINTER,1 -> 2,ZERO_BASED_TO_CALENDAR,HIGH
30,2006,1,2,WINTER,1 -> 2,ZERO_BASED_TO_CALENDAR,HIGH
31,2006,1,2,WINTER,1 -> 2,ZERO_BASED_TO_CALENDAR,HIGH
32,2006,1,2,WINTER,1 -> 2,ZERO_BASED_TO_CALENDAR,HIGH
33,2006,1,2,WINTER,1 -> 2,ZERO_BASED_TO_CALENDAR,HIGH
34,2006,1,2,WINTER,1 -> 2,ZERO_BASED_TO_CALENDAR,HIGH
35,2006,1,2,WINTER,1 -> 2,ZERO_BASED_TO_CALENDAR,HIGH
0,2006,11,12,WINTER,11 -> 12,ZERO_BASED_TO_CALENDAR,HIGH
1,2006,11,12,WINTER,11 -> 12,ZERO_BASED_TO_CALENDAR,HIGH
2,2006,11,12,WINTER,11 -> 12,ZERO_BASED_TO_CALENDAR,HIGH
3,2006,11,12,WINTER,11 -> 12,ZERO_BASED_TO_CALENDAR,HIGH
4,2006,11,12,WINTER,11 -> 12,ZERO_BASED_TO_CALENDAR,HIGH
5,2006,11,12,WINTER,11 -> 12,ZERO_BASED_TO_CALENDAR,HIGH
6,2006,11,12,WINTER,11 -> 12,ZERO_BASED_TO_CALENDAR,HIGH
7,2006,11,12,WINTER,11 -> 12,ZERO_BASED_TO_CALENDAR,HIGH
8,2006,11,12,WINTER,11 -> 12,ZERO_BASED_TO_CALENDAR,HIGH
9,2006,11,12,WINTER,11 -> 12,ZERO_BASED_TO_CALENDAR,HIGH
10,2006,11,12,WINTER,11 -> 12,ZERO_BASED_TO_CALENDAR,HIGH
11,2006,11,12,WINTER,11 -> 12,ZERO_BASED_TO_CALENDAR,HIGH
12,2006,11,12,WINTER,11 -> 12,ZERO_BASED_TO_CALENDAR,HIGH
13,2006,11,12,WINTER,11 -> 12,ZERO_BASED_TO_CALENDAR,HIGH
14,2006,11,12,WINTER,11 -> 12,ZERO_BASED_TO_CALENDAR,HIGH
15,2006,11,12,WINTER,11 -> 12,ZERO_BASED_TO_CALENDAR,HIGH
16,2006,11,12,WINTER,11 -> 12,ZERO_BASED_TO_CALENDAR,HIGH
17,2006,11,12,WINTER,11 -> 12,ZERO_BASED_TO_CALENDAR,HIGH
18,2006,11,12,WINTER,11 -> 12,ZERO_BASED_TO_CALENDAR,HIGH
19,2006,11,12,WINTER,11 -> 12,ZERO_BASED_TO_CALENDAR,HIGH
20,2006,11,12,WINTER,11 -> 12,ZERO_BASED_TO_CALENDAR,HIGH
21,2006,11,12,WINTER,11 -> 12,ZERO_BASED_TO_CALENDAR,HIGH
22,2006,11,12,WINTER,11 -> 12,ZERO_BASED_TO_CALENDAR,HIGH
23,2006,11,12,WINTER,11 -> 12,ZERO_BASED_TO_CALENDAR,HIGH
24,2006,11,12,WINTER,11 -> 12,ZERO_BASED_TO_CALENDAR,HIGH
25,2006,11,12,WINTER,11 -> 12,ZERO_BASED_TO_CALENDAR,HIGH
26,2006,11,12,WINTER,11 -> 12,ZERO_BASED_TO_CALENDAR,HIGH
27,2006,11,12,WINTER,11 -> 12,ZERO_BASED_TO_CALENDAR,HIGH
28,2006,11,12,WINTER,11 -> 12,ZERO_BASED_TO_CALENDAR,HIGH
29,2006,11,12,WINTER,11 -> 12,ZERO_BASED_TO_CALENDAR,HIGH
30,2006,11,12,WINTER,11 -> 12,ZERO_BASED_TO_CALENDAR,HIGH
31,2006,11,12,WINTER,11 -> 12,ZERO_BASED_TO_CALENDAR,HIGH
32,2006,11,12,WINTER,11 -> 12,ZERO_BASED_TO_CALENDAR,HIGH
33,2006,11,12,WINTER,11 -> 12,ZERO_BASED_TO_CALENDAR,HIGH
34,2006,11,12,WINTER,11 -> 12,ZERO_BASED_TO_CALENDAR,HIGH
35,2006,11,12,WINTER,11 -> 12,ZERO_BASED_TO_CALENDAR,HIGH
0,2006,10,11,POST_MONSOON,10 -> 11,ZERO_BASED_TO_CALENDAR,HIGH
1,2006,10,11,POST_MONSOON,10 -> 11,ZERO_BASED_TO_CALENDAR,HIGH
2,2006,10,11,POST_MONSOON,10 -> 11,ZERO_BASED_TO_CALENDAR,HIGH
3,2006,10,11,POST_MONSOON,10 -> 11,ZERO_BASED_TO_CALENDAR,HIGH
4,2006,10,11,POST_MONSOON,10 -> 11,ZERO_BASED_TO_CALENDAR,HIGH
5,2006,10,11,POST_MONSOON,10 -> 11,ZERO_BASED_TO_CALENDAR,HIGH
6,2006,10,11,POST_MONSOON,10 -> 11,ZERO_BASED_TO_CALENDAR,HIGH
7,2006,10,11,POST_MONSOON,10 -> 11,ZERO_BASED_TO_CALENDAR,HIGH
8,2006,10,11,POST_MONSOON,10 -> 11,ZERO_BASED_TO_CALENDAR,HIGH
9,2006,10,11,POST_MONSOON,10 -> 11,ZERO_BASED_TO_CALENDAR,HIGH
10,2006,10,11,POST_MONSOON,10 -> 11,ZERO_BASED_TO_CALENDAR,HIGH
11,2006,10,11,POST_MONSOON,10 -> 11,ZERO_BASED_TO_CALENDAR,HIGH
12,2006,10,11,POST_MONSOON,10 -> 11,ZERO_BASED_TO_CALENDAR,HIGH
13,2006,10,11,POST_MONSOON,10 -> 11,ZERO_BASED_TO_CALENDAR,HIGH
14,2006,10,11,POST_MONSOON,10 -> 11,ZERO_BASED_TO_CALENDAR,HIGH
15,2006,10,11,POST_MONSOON,10 -> 11,ZERO_BASED_TO_CALENDAR,HIGH
16,2006,10,11,POST_MONSOON,10 -> 11,ZERO_BASED_TO_CALENDAR,HIGH
17,2006,10,11,POST_MONSOON,10 -> 11,ZERO_BASED_TO_CALENDAR,HIGH
18,2006,10,11,POST_MONSOON,10 -> 11,ZERO_BASED_TO_CALENDAR,HIGH
19,2006,10,11,POST_MONSOON,10 -> 11,ZERO_BASED_TO_CALENDAR,HIGH
20,2006,10,11,POST_MONSOON,10 -> 11,ZERO_BASED_TO_CALENDAR,HIGH
21,2006,10,11,POST_MONSOON,10 -> 11,ZERO_BASED_TO_CALENDAR,HIGH
22,2006,10,11,POST_MONSOON,10 -> 11,ZERO_BASED_TO_CALENDAR,HIGH
23,2006,10,11,POST_MONSOON,10 -> 11,ZERO_BASED_TO_CALENDAR,HIGH
24,2006,10,11,POST_MONSOON,10 -> 11,ZERO_BASED_TO_CALENDAR,HIGH
25,2006,10,11,POST_MONSOON,10 -> 11,ZERO_BASED_TO_CALENDAR,HIGH
26,2006,10,11,POST_MONSOON,10 -> 11,ZERO_BASED_TO_CALENDAR,HIGH
27,2006,10,11,POST_MONSOON,10 -> 11,ZERO_BASED_TO_CALENDAR,HIGH
28,2006,10,11,POST_MONSOON,10 -> 11,ZERO_BASED_TO_CALENDAR,HIGH
29,2006,10,11,POST_MONSOON,10 -> 11,ZERO_BASED_TO_CALENDAR,HIGH
30,2006,10,11,POST_MONSOON,10 -> 11,ZERO_BASED_TO_CALENDAR,HIGH
31,2006,10,11,POST_MONSOON,10 -> 11,ZERO_BASED_TO_CALENDAR,HIGH
32,2006,10,11,POST_MONSOON,10 -> 11,ZERO_BASED_TO_CALENDAR,HIGH
33,2006,10,11,POST_MONSOON,10 -> 11,ZERO_BASED_TO_CALENDAR,HIGH
34,2006,10,11,POST_MONSOON,10 -> 11,ZERO_BASED_TO_CALENDAR,HIGH
35,2006,10,11,POST_MONSOON,10 -> 11,ZERO_BASED_TO_CALENDAR,HIGH
0,2006,9,10,POST_MONSOON,9 -> 10,ZERO_BASED_TO_CALENDAR,HIGH
1,2006,9,10,POST_MONSOON,9 -> 10,ZERO_BASED_TO_CALENDAR,HIGH
2,2006,9,10,POST_MONSOON,9 -> 10,ZERO_BASED_TO_CALENDAR,HIGH
3,2006,9,10,POST_MONSOON,9 -> 10,ZERO_BASED_TO_CALENDAR,HIGH
4,2006,9,10,POST_MONSOON,9 -> 10,ZERO_BASED_TO_CALENDAR,HIGH
5,2006,9,10,POST_MONSOON,9 -> 10,ZERO_BASED_TO_CALENDAR,HIGH
6,2006,9,10,POST_MONSOON,9 -> 10,ZERO_BASED_TO_CALENDAR,HIGH
7,2006,9,10,POST_MONSOON,9 -> 10,ZERO_BASED_TO_CALENDAR,HIGH
8,2006,9,10,POST_MONSOON,9 -> 10,ZERO_BASED_TO_CALENDAR,HIGH
9,2006,9,10,POST_MONSOON,9 -> 10,ZERO_BASED_TO_CALENDAR,HIGH
10,2006,9,10,POST_MONSOON,9 -> 10,ZERO_BASED_TO_CALENDAR,HIGH
11,2006,9,10,POST_MONSOON,9 -> 10,ZERO_BASED_TO_CALENDAR,HIGH
12,2006,9,10,POST_MONSOON,9 -> 10,ZERO_BASED_TO_CALENDAR,HIGH
13,2006,9,10,POST_MONSOON,9 -> 10,ZERO_BASED_TO_CALENDAR,HIGH
14,2006,9,10,POST_MONSOON,9 -> 10,ZERO_BASED_TO_CALENDAR,HIGH
15,2006,9,10,POST_MONSOON,9 -> 10,ZERO_BASED_TO_CALENDAR,HIGH
16,2006,9,10,POST_MONSOON,9 -> 10,ZERO_BASED_TO_CALENDAR,HIGH
17,2006,9,10,POST_MONSOON,9 -> 10,ZERO_BASED_TO_CALENDAR,HIGH
18,2006,9,10,POST_MONSOON,9 -> 10,ZERO_BASED_TO_CALENDAR,HIGH
19,2006,9,10,POST_MONSOON,9 -> 10,ZERO_BASED_TO_CALENDAR,HIGH
20,2006,9,10,POST_MONSOON,9 -> 10,ZERO_BASED_TO_CALENDAR,HIGH
21,2006,9,10,POST_MONSOON,9 -> 10,ZERO_BASED_TO_CALENDAR,HIGH
22,2006,9,10,POST_MONSOON,9 -> 10,ZERO_BASED_TO_CALENDAR,HIGH
23,2006,9,10,POST_MONSOON,9 -> 10,ZERO_BASED_TO_CALENDAR,HIGH
24,2006,9,10,POST_MONSOON,9 -> 10,ZERO_BASED_TO_CALENDAR,HIGH
25,2006,9,10,POST_MONSOON,9 -> 10,ZERO_BASED_TO_CALENDAR,HIGH
26,2006,9,10,POST_MONSOON,9 -> 10,ZERO_BASED_TO_CALENDAR,HIGH
27,2006,9,10,POST_MONSOON,9 -> 10,ZERO_BASED_TO_CALENDAR,HIGH
28,2006,9,10,POST_MONSOON,9 -> 10,ZERO_BASED_TO_CALENDAR,HIGH
29,2006,9,10,POST_MONSOON,9 -> 10,ZERO_BASED_TO_CALENDAR,HIGH
30,2006,9,10,POST_MONSOON,9 -> 10,ZERO_BASED_TO_CALENDAR,HIGH
31,2006,9,10,POST_MONSOON,9 -> 10,ZERO_BASED_TO_CALENDAR,HIGH
32,2006,9,10,POST_MONSOON,9 -> 10,ZERO_BASED_TO_CALENDAR,HIGH
33,2006,9,10,POST_MONSOON,9 -> 10,ZERO_BASED_TO_CALENDAR,HIGH
34,2006,9,10,POST_MONSOON,9 -> 10,ZERO_BASED_TO_CALENDAR,HIGH
35,2006,9,10,POST_MONSOON,9 -> 10,ZERO_BASED_TO_CALENDAR,HIGH
0,2006,2,3,PRE_MONSOON,2 -> 3,ZERO_BASED_TO_CALENDAR,HIGH
1,2006,2,3,PRE_MONSOON,2 -> 3,ZERO_BASED_TO_CALENDAR,HIGH
2,2006,2,3,PRE_MONSOON,2 -> 3,ZERO_BASED_TO_CALENDAR,HIGH
3,2006,2,3,PRE_MONSOON,2 -> 3,ZERO_BASED_TO_CALENDAR,HIGH
4,2006,2,3,PRE_MONSOON,2 -> 3,ZERO_BASED_TO_CALENDAR,HIGH
5,2006,2,3,PRE_MONSOON,2 -> 3,ZERO_BASED_TO_CALENDAR,HIGH
6,2006,2,3,PRE_MONSOON,2 -> 3,ZERO_BASED_TO_CALENDAR,HIGH
7,2006,2,3,PRE_MONSOON,2 -> 3,ZERO_BASED_TO_CALENDAR,HIGH
8,2006,2,3,PRE_MONSOON,2 -> 3,ZERO_BASED_TO_CALENDAR,HIGH
9,2006,2,3,PRE_MONSOON,2 -> 3,ZERO_BASED_TO_CALENDAR,HIGH
10,2006,2,3,PRE_MONSOON,2 -> 3,ZERO_BASED_TO_CALENDAR,HIGH
11,2006,2,3,PRE_MONSOON,2 -> 3,ZERO_BASED_TO_CALENDAR,HIGH
12,2006,2,3,PRE_MONSOON,2 -> 3,ZERO_BASED_TO_CALENDAR,HIGH
13,2006,2,3,PRE_MONSOON,2 -> 3,ZERO_BASED_TO_CALENDAR,HIGH
14,2006,2,3,PRE_MONSOON,2 -> 3,ZERO_BASED_TO_CALENDAR,HIGH
15,2006,2,3,PRE_MONSOON,2 -> 3,ZERO_BASED_TO_CALENDAR,HIGH
16,2006,2,3,PRE_MONSOON,2 -> 3,ZERO_BASED_TO_CALENDAR,HIGH
17,2006,2,3,PRE_MONSOON,2 -> 3,ZERO_BASED_TO_CALENDAR,HIGH
18,2006,2,3,PRE_MONSOON,2 -> 3,ZERO_BASED_TO_CALENDAR,HIGH
19,2006,2,3,PRE_MONSOON,2 -> 3,ZERO_BASED_TO_CALENDAR,HIGH
20,2006,2,3,PRE_MONSOON,2 -> 3,ZERO_BASED_TO_CALENDAR,HIGH
21,2006,2,3,PRE_MONSOON,2 -> 3,ZERO_BASED_TO_CALENDAR,HIGH
22,2006,2,3,PRE_MONSOON,2 -> 3,ZERO_BASED_TO_CALENDAR,HIGH
23,2006,2,3,PRE_MONSOON,2 -> 3,ZERO_BASED_TO_CALENDAR,HIGH
24,2006,2,3,PRE_MONSOON,2 -> 3,ZERO_BASED_TO_CALENDAR,HIGH
25,2006,2,3,PRE_MONSOON,2 -> 3,ZERO_BASED_TO_CALENDAR,HIGH
26,2006,2,3,PRE_MONSOON,2 -> 3,ZERO_BASED_TO_CALENDAR,HIGH
27,2006,2,3,PRE_MONSOON,2 -> 3,ZERO_BASED_TO_CALENDAR,HIGH
28,2006,2,3,PRE_MONSOON,2 -> 3,ZERO_BASED_TO_CALENDAR,HIGH
29,2006,2,3,PRE_MONSOON,2 -> 3,ZERO_BASED_TO_CALENDAR,HIGH
30,2006,2,3,PRE_MONSOON,2 -> 3,ZERO_BASED_TO_CALENDAR,HIGH
31,2006,2,3,PRE_MONSOON,2 -> 3,ZERO_BASED_TO_CALENDAR,HIGH
32,2006,2,3,PRE_MONSOON,2 -> 3,ZERO_BASED_TO_CALENDAR,HIGH
33,2006,2,3,PRE_MONSOON,2 -> 3,ZERO_BASED_TO_CALENDAR,HIGH
34,2006,2,3,PRE_MONSOON,2 -> 3,ZERO_BASED_TO_CALENDAR,HIGH
35,2006,2,3,PRE_MONSOON,2 -> 3,ZERO_BASED_TO_CALENDAR,HIGH
0,2007,4,5,PRE_MONSOON,4 -> 5,ZERO_BASED_TO_CALENDAR,HIGH
1,2007,4,5,PRE_MONSOON,4 -> 5,ZERO_BASED_TO_CALENDAR,HIGH
2,2007,4,5,PRE_MONSOON,4 -> 5,ZERO_BASED_TO_CALENDAR,HIGH
3,2007,4,5,PRE_MONSOON,4 -> 5,ZERO_BASED_TO_CALENDAR,HIGH
4,2007,4,5,PRE_MONSOON,4 -> 5,ZERO_BASED_TO_CALENDAR,HIGH
5,2007,4,5,PRE_MONSOON,4 -> 5,ZERO_BASED_TO_CALENDAR,HIGH
6,2007,4,5,PRE_MONSOON,4 -> 5,ZERO_BASED_TO_CALENDAR,HIGH
7,2007,4,5,PRE_MONSOON,4 -> 5,ZERO_BASED_TO_CALENDAR,HIGH
8,2007,4,5,PRE_MONSOON,4 -> 5,ZERO_BASED_TO_CALENDAR,HIGH
9,2007,4,5,PRE_MONSOON,4 -> 5,ZERO_BASED_TO_CALENDAR,HIGH
10,2007,4,5,PRE_MONSOON,4 -> 5,ZERO_BASED_TO_CALENDAR,HIGH
11,2007,4,5,PRE_MONSOON,4 -> 5,ZERO_BASED_TO_CALENDAR,HIGH
12,2007,4,5,PRE_MONSOON,4 -> 5,ZERO_BASED_TO_CALENDAR,HIGH
13,2007,4,5,PRE_MONSOON,4 -> 5,ZERO_BASED_TO_CALENDAR,HIGH
14,2007,4,5,PRE_MONSOON,4 -> 5,ZERO_BASED_TO_CALENDAR,HIGH
15,2007,4,5,PRE_MONSOON,4 -> 5,ZERO_BASED_TO_CALENDAR,HIGH
16,2007,4,5,PRE_MONSOON,4 -> 5,ZERO_BASED_TO_CALENDAR,HIGH
17,2007,4,5,PRE_MONSOON,4 -> 5,ZERO_BASED_TO_CALENDAR,HIGH
18,2007,4,5,PRE_MONSOON,4 -> 5,ZERO_BASED_TO_CALENDAR,HIGH
19,2007,4,5,PRE_MONSOON,4 -> 5,ZERO_BASED_TO_CALENDAR,HIGH
20,2007,4,5,PRE_MONSOON,4 -> 5,ZERO_BASED_TO_CALENDAR,HIGH
21,2007,4,5,PRE_MONSOON,4 -> 5,ZERO_BASED_TO_CALENDAR,HIGH
22,2007,4,5,PRE_MONSOON,4 -> 5,ZERO_BASED_TO_CALENDAR,HIGH
23,2007,4,5,PRE_MONSOON,4 -> 5,ZERO_BASED_TO_CALENDAR,HIGH
24,2007,4,5,PRE_MONSOON,4 -> 5,ZERO_BASED_TO_CALENDAR,HIGH
25,2007,4,5,PRE_MONSOON,4 -> 5,ZERO_BASED_TO_CALENDAR,HIGH
26,2007,4,5,PRE_MONSOON,4 -> 5,ZERO_BASED_TO_CALENDAR,HIGH
27,2007,4,5,PRE_MONSOON,4 -> 5,ZERO_BASED_TO_CALENDAR,HIGH
28,2007,4,5,PRE_MONSOON,4 -> 5,ZERO_BASED_TO_CALENDAR,HIGH
29,2007,4,5,PRE_MONSOON,4 -> 5,ZERO_BASED_TO_CALENDAR,HIGH
30,2007,4,5,PRE_MONSOON,4 -> 5,ZERO_BASED_TO_CALENDAR,HIGH
31,2007,4,5,PRE_MONSOON,4 -> 5,ZERO_BASED_TO_CALENDAR,HIGH
32,2007,4,5,PRE_MONSOON,4 -> 5,ZERO_BASED_TO_CALENDAR,HIGH
33,2007,4,5,PRE_MONSOON,4 -> 5,ZERO_BASED_TO_CALENDAR,HIGH
34,2007,4,5,PRE_MONSOON,4 -> 5,ZERO_BASED_TO_CALENDAR,HIGH
35,2007,4,5,PRE_MONSOON,4 -> 5,ZERO_BASED_TO_CALENDAR,HIGH
0,2007,3,4,PRE_MONSOON,3 -> 4,ZERO_BASED_TO_CALENDAR,HIGH
1,2007,3,4,PRE_MONSOON,3 -> 4,ZERO_BASED_TO_CALENDAR,HIGH
2,2007,3,4,PRE_MONSOON,3 -> 4,ZERO_BASED_TO_CALENDAR,HIGH
3,2007,3,4,PRE_MONSOON,3 -> 4,ZERO_BASED_TO_CALENDAR,HIGH
4,2007,3,4,PRE_MONSOON,3 -> 4,ZERO_BASED_TO_CALENDAR,HIGH
5,2007,3,4,PRE_MONSOON,3 -> 4,ZERO_BASED_TO_CALENDAR,HIGH
6,2007,3,4,PRE_MONSOON,3 -> 4,ZERO_BASED_TO_CALENDAR,HIGH
7,2007,3,4,PRE_MONSOON,3 -> 4,ZERO_BASED_TO_CALENDAR,HIGH
8,2007,3,4,PRE_MONSOON,3 -> 4,ZERO_BASED_TO_CALENDAR,HIGH
9,2007,3,4,PRE_MONSOON,3 -> 4,ZERO_BASED_TO_CALENDAR,HIGH
10,2007,3,4,PRE_MONSOON,3 -> 4,ZERO_BASED_TO_CALENDAR,HIGH
11,2007,3,4,PRE_MONSOON,3 -> 4,ZERO_BASED_TO_CALENDAR,HIGH
12,2007,3,4,PRE_MONSOON,3 -> 4,ZERO_BASED_TO_CALENDAR,HIGH
13,2007,3,4,PRE_MONSOON,3 -> 4,ZERO_BASED_TO_CALENDAR,HIGH
14,2007,3,4,PRE_MONSOON,3 -> 4,ZERO_BASED_TO_CALENDAR,HIGH
15,2007,3,4,PRE_MONSOON,3 -> 4,ZERO_BASED_TO_CALENDAR,HIGH
16,2007,3,4,PRE_MONSOON,3 -> 4,ZERO_BASED_TO_CALENDAR,HIGH
17,2007,3,4,PRE_MONSOON,3 -> 4,ZERO_BASED_TO_CALENDAR,HIGH
18,2007,3,4,PRE_MONSOON,3 -> 4,ZERO_BASED_TO_CALENDAR,HIGH
19,2007,3,4,PRE_MONSOON,3 -> 4,ZERO_BASED_TO_CALENDAR,HIGH
20,2007,3,4,PRE_MONSOON,3 -> 4,ZERO_BASED_TO_CALENDAR,HIGH
21,2007,3,4,PRE_MONSOON,3 -> 4,ZERO_BASED_TO_CALENDAR,HIGH
22,2007,3,4,PRE_MONSOON,3 -> 4,ZERO_BASED_TO_CALENDAR,HIGH
23,2007,3,4,PRE_MONSOON,3 -> 4,ZERO_BASED_TO_CALENDAR,HIGH
24,2007,3,4,PRE_MONSOON,3 -> 4,ZERO_BASED_TO_CALENDAR,HIGH
25,2007,3,4,PRE_MONSOON,3 -> 4,ZERO_BASED_TO_CALENDAR,HIGH
26,2007,3,4,PRE_MONSOON,3 -> 4,ZERO_BASED_TO_CALENDAR,HIGH
27,2007,3,4,PRE_MONSOON,3 -> 4,ZERO_BASED_TO_CALENDAR,HIGH
28,2007,3,4,PRE_MONSOON,3 -> 4,ZERO_BASED_TO_CALENDAR,HIGH
29,2007,3,4,PRE_MONSOON,3 -> 4,ZERO_BASED_TO_CALENDAR,HIGH
30,2007,3,4,PRE_MONSOON,3 -> 4,ZERO_BASED_TO_CALENDAR,HIGH
31,2007,3,4,PRE_MONSOON,3 -> 4,ZERO_BASED_TO_CALENDAR,HIGH
32,2007,3,4,PRE_MONSOON,3 -> 4,ZERO_BASED_TO_CALENDAR,HIGH
33,2007,3,4,PRE_MONSOON,3 -> 4,ZERO_BASED_TO_CALENDAR,HIGH
34,2007,3,4,PRE_MONSOON,3 -> 4,ZERO_BASED_TO_CALENDAR,HIGH
35,2007,3,4,PRE_MONSOON,3 -> 4,ZERO_BASED_TO_CALENDAR,HIGH
0,2007,7,8,MONSOON,7 -> 8,ZERO_BASED_TO_CALENDAR,HIGH
1,2007,7,8,MONSOON,7 -> 8,ZERO_BASED_TO_CALENDAR,HIGH
2,2007,7,8,MONSOON,7 -> 8,ZERO_BASED_TO_CALENDAR,HIGH
3,2007,7,8,MONSOON,7 -> 8,ZERO_BASED_TO_CALENDAR,HIGH
4,2007,7,8,MONSOON,7 -> 8,ZERO_BASED_TO_CALENDAR,HIGH
5,2007,7,8,MONSOON,7 -> 8,ZERO_BASED_TO_CALENDAR,HIGH
6,2007,7,8,MONSOON,7 -> 8,ZERO_BASED_TO_CALENDAR,HIGH
7,2007,7,8,MONSOON,7 -> 8,ZERO_BASED_TO_CALENDAR,HIGH
8,2007,7,8,MONSOON,7 -> 8,ZERO_BASED_TO_CALENDAR,HIGH
9,2007,7,8,MONSOON,7 -> 8,ZERO_BASED_TO_CALENDAR,HIGH
10,2007,7,8,MONSOON,7 -> 8,ZERO_BASED_TO_CALENDAR,HIGH
11,2007,7,8,MONSOON,7 -> 8,ZERO_BASED_TO_CALENDAR,HIGH
12,2007,7,8,MONSOON,7 -> 8,ZERO_BASED_TO_CALENDAR,HIGH
13,2007,7,8,MONSOON,7 -> 8,ZERO_BASED_TO_CALENDAR,HIGH
14,2007,7,8,MONSOON,7 -> 8,ZERO_BASED_TO_CALENDAR,HIGH
15,2007,7,8,MONSOON,7 -> 8,ZERO_BASED_TO_CALENDAR,HIGH
16,2007,7,8,MONSOON,7 -> 8,ZERO_BASED_TO_CALENDAR,HIGH
17,2007,7,8,MONSOON,7 -> 8,ZERO_BASED_TO_CALENDAR,HIGH
18,2007,7,8,MONSOON,7 -> 8,ZERO_BASED_TO_CALENDAR,HIGH
19,2007,7,8,MONSOON,7 -> 8,ZERO_BASED_TO_CALENDAR,HIGH
20,2007,7,8,MONSOON,7 -> 8,ZERO_BASED_TO_CALENDAR,HIGH
21,2007,7,8,MONSOON,7 -> 8,ZERO_BASED_TO_CALENDAR,HIGH
22,2007,7,8,MONSOON,7 -> 8,ZERO_BASED_TO_CALENDAR,HIGH
23,2007,7,8,MONSOON,7 -> 8,ZERO_BASED_TO_CALENDAR,HIGH
24,2007,7,8,MONSOON,7 -> 8,ZERO_BASED_TO_CALENDAR,HIGH
25,2007,7,8,MONSOON,7 -> 8,ZERO_BASED_TO_CALENDAR,HIGH
26,2007,7,8,MONSOON,7 -> 8,ZERO_BASED_TO_CALENDAR,HIGH
27,2007,7,8,MONSOON,7 -> 8,ZERO_BASED_TO_CALENDAR,HIGH
28,2007,7,8,MONSOON,7 -> 8,ZERO_BASED_TO_CALENDAR,HIGH
29,2007,7,8,MONSOON,7 -> 8,ZERO_BASED_TO_CALENDAR,HIGH
30,2007,7,8,MONSOON,7 -> 8,ZERO_BASED_TO_CALENDAR,HIGH
31,2007,7,8,MONSOON,7 -> 8,ZERO_BASED_TO_CALENDAR,HIGH
32,2007,7,8,MONSOON,7 -> 8,ZERO_BASED_TO_CALENDAR,HIGH
33,2007,7,8,MONSOON,7 -> 8,ZERO_BASED_TO_CALENDAR,HIGH
34,2007,7,8,MONSOON,7 -> 8,ZERO_BASED_TO_CALENDAR,HIGH
35,2007,7,8,MONSOON,7 -> 8,ZERO_BASED_TO_CALENDAR,HIGH
0,2007,0,1,WINTER,0 -> 1,ZERO_BASED_TO_CALENDAR,HIGH
1,2007,0,1,WINTER,0 -> 1,ZERO_BASED_TO_CALENDAR,HIGH
2,2007,0,1,WINTER,0 -> 1,ZERO_BASED_TO_CALENDAR,HIGH
3,2007,0,1,WINTER,0 -> 1,ZERO_BASED_TO_CALENDAR,HIGH
4,2007,0,1,WINTER,0 -> 1,ZERO_BASED_TO_CALENDAR,HIGH
5,2007,0,1,WINTER,0 -> 1,ZERO_BASED_TO_CALENDAR,HIGH
6,2007,0,1,WINTER,0 -> 1,ZERO_BASED_TO_CALENDAR,HIGH
7,2007,0,1,WINTER,0 -> 1,ZERO_BASED_TO_CALENDAR,HIGH
8,2007,0,1,WINTER,0 -> 1,ZERO_BASED_TO_CALENDAR,HIGH
9,2007,0,1,WINTER,0 -> 1,ZERO_BASED_TO_CALENDAR,HIGH
10,2007,0,1,WINTER,0 -> 1,ZERO_BASED_TO_CALENDAR,HIGH
11,2007,0,1,WINTER,0 -> 1,ZERO_BASED_TO_CALENDAR,HIGH
12,2007,0,1,WINTER,0 -> 1,ZERO_BASED_TO_CALENDAR,HIGH
13,2007,0,1,WINTER,0 -> 1,ZERO_BASED_TO_CALENDAR,HIGH
14,2007,0,1,WINTER,0 -> 1,ZERO_BASED_TO_CALENDAR,HIGH
15,2007,0,1,WINTER,0 -> 1,ZERO_BASED_TO_CALENDAR,HIGH
16,2007,0,1,WINTER,0 -> 1,ZERO_BASED_TO_CALENDAR,HIGH
17,2007,0,1,WINTER,0 -> 1,ZERO_BASED_TO_CALENDAR,HIGH
18,2007,0,1,WINTER,0 -> 1,ZERO_BASED_TO_CALENDAR,HIGH
19,2007,0,1,WINTER,0 -> 1,ZERO_BASED_TO_CALENDAR,HIGH
20,2007,0,1,WINTER,0 -> 1,ZERO_BASED_TO_CALENDAR,HIGH
21,2007,0,1,WINTER,0 -> 1,ZERO_BASED_TO_CALENDAR,HIGH
22,2007,0,1,WINTER,0 -> 1,ZERO_BASED_TO_CALENDAR,HIGH
23,2007,0,1,WINTER,0 -> 1,ZERO_BASED_TO_CALENDAR,HIGH
24,2007,0,1,WINTER,0 -> 1,ZERO_BASED_TO_CALENDAR,HIGH
25,2007,0,1,WINTER,0 -> 1,ZERO_BASED_TO_CALENDAR,HIGH
26,2007,0,1,WINTER,0 -> 1,ZERO_BASED_TO_CALENDAR,HIGH
27,2007,0,1,WINTER,0 -> 1,ZERO_BASED_TO_CALENDAR,HIGH
28,2007,0,1,WINTER,0 -> 1,ZERO_BASED_TO_CALENDAR,HIGH
29,2007,0,1,WINTER,0 -> 1,ZERO_BASED_TO_CALENDAR,HIGH
30,2007,0,1,WINTER,0 -> 1,ZERO_BASED_TO_CALENDAR,HIGH
31,2007,0,1,WINTER,0 -> 1,ZERO_BASED_TO_CALENDAR,HIGH
32,2007,0,1,WINTER,0 -> 1,ZERO_BASED_TO_CALENDAR,HIGH
33,2007,0,1,WINTER,0 -> 1,ZERO_BASED_TO_CALENDAR,HIGH
34,2007,0,1,WINTER,0 -> 1,ZERO_BASED_TO_CALENDAR,HIGH
35,2007,0,1,WINTER,0 -> 1,ZERO_BASED_TO_CALENDAR,HIGH
0,2007,8,9,MONSOON,8 -> 9,ZERO_BASED_TO_CALENDAR,HIGH
1,2007,8,9,MONSOON,8 -> 9,ZERO_BASED_TO_CALENDAR,HIGH
2,2007,8,9,MONSOON,8 -> 9,ZERO_BASED_TO_CALENDAR,HIGH
3,2007,8,9,MONSOON,8 -> 9,ZERO_BASED_TO_CALENDAR,HIGH
4,2007,8,9,MONSOON,8 -> 9,ZERO_BASED_TO_CALENDAR,HIGH
5,2007,8,9,MONSOON,8 -> 9,ZERO_BASED_TO_CALENDAR,HIGH
6,2007,8,9,MONSOON,8 -> 9,ZERO_BASED_TO_CALENDAR,HIGH
7,2007,8,9,MONSOON,8 -> 9,ZERO_BASED_TO_CALENDAR,HIGH
8,2007,8,9,MONSOON,8 -> 9,ZERO_BASED_TO_CALENDAR,HIGH
9,2007,8,9,MONSOON,8 -> 9,ZERO_BASED_TO_CALENDAR,HIGH
10,2007,8,9,MONSOON,8 -> 9,ZERO_BASED_TO_CALENDAR,HIGH
11,2007,8,9,MONSOON,8 -> 9,ZERO_BASED_TO_CALENDAR,HIGH
12,2007,8,9,MONSOON,8 -> 9,ZERO_BASED_TO_CALENDAR,HIGH
13,2007,8,9,MONSOON,8 -> 9,ZERO_BASED_TO_CALENDAR,HIGH
14,2007,8,9,MONSOON,8 -> 9,ZERO_BASED_TO_CALENDAR,HIGH
15,2007,8,9,MONSOON,8 -> 9,ZERO_BASED_TO_CALENDAR,HIGH
16,2007,8,9,MONSOON,8 -> 9,ZERO_BASED_TO_CALENDAR,HIGH
17,2007,8,9,MONSOON,8 -> 9,ZERO_BASED_TO_CALENDAR,HIGH
18,2007,8,9,MONSOON,8 -> 9,ZERO_BASED_TO_CALENDAR,HIGH
19,2007,8,9,MONSOON,8 -> 9,ZERO_BASED_TO_CALENDAR,HIGH
20,2007,8,9,MONSOON,8 -> 9,ZERO_BASED_TO_CALENDAR,HIGH
21,2007,8,9,MONSOON,8 -> 9,ZERO_BASED_TO_CALENDAR,HIGH
22,2007,8,9,MONSOON,8 -> 9,ZERO_BASED_TO_CALENDAR,HIGH
23,2007,8,9,MONSOON,8 -> 9,ZERO_BASED_TO_CALENDAR,HIGH
24,2007,8,9,MONSOON,8 -> 9,ZERO_BASED_TO_CALENDAR,HIGH
25,2007,8,9,MONSOON,8 -> 9,ZERO_BASED_TO_CALENDAR,HIGH
26,2007,8,9,MONSOON,8 -> 9,ZERO_BASED_TO_CALENDAR,HIGH
27,2007,8,9,MONSOON,8 -> 9,ZERO_BASED_TO_CALENDAR,HIGH
28,2007,8,9,MONSOON,8 -> 9,ZERO_BASED_TO_CALENDAR,HIGH
29,2007,8,9,MONSOON,8 -> 9,ZERO_BASED_TO_CALENDAR,HIGH
30,2007,8,9,MONSOON,8 -> 9,ZERO_BASED_TO_CALENDAR,HIGH
31,2007,8,9,MONSOON,8 -> 9,ZERO_BASED_TO_CALENDAR,HIGH
32,2007,8,9,MONSOON,8 -> 9,ZERO_BASED_TO_CALENDAR,HIGH
33,2007,8,9,MONSOON,8 -> 9,ZERO_BASED_TO_CALENDAR,HIGH
34,2007,8,9,MONSOON,8 -> 9,ZERO_BASED_TO_CALENDAR,HIGH
35,2007,8,9,MONSOON,8 -> 9,ZERO_BASED_TO_CALENDAR,HIGH
0,2007,6,7,MONSOON,6 -> 7,ZERO_BASED_TO_CALENDAR,HIGH
1,2007,6,7,MONSOON,6 -> 7,ZERO_BASED_TO_CALENDAR,HIGH
2,2007,6,7,MONSOON,6 -> 7,ZERO_BASED_TO_CALENDAR,HIGH
3,2007,6,7,MONSOON,6 -> 7,ZERO_BASED_TO_CALENDAR,HIGH
4,2007,6,7,MONSOON,6 -> 7,ZERO_BASED_TO_CALENDAR,HIGH
5,2007,6,7,MONSOON,6 -> 7,ZERO_BASED_TO_CALENDAR,HIGH
6,2007,6,7,MONSOON,6 -> 7,ZERO_BASED_TO_CALENDAR,HIGH
7,2007,6,7,MONSOON,6 -> 7,ZERO_BASED_TO_CALENDAR,HIGH
8,2007,6,7,MONSOON,6 -> 7,ZERO_BASED_TO_CALENDAR,HIGH
9,2007,6,7,MONSOON,6 -> 7,ZERO_BASED_TO_CALENDAR,HIGH
10,2007,6,7,MONSOON,6 -> 7,ZERO_BASED_TO_CALENDAR,HIGH
11,2007,6,7,MONSOON,6 -> 7,ZERO_BASED_TO_CALENDAR,HIGH
12,2007,6,7,MONSOON,6 -> 7,ZERO_BASED_TO_CALENDAR,HIGH
13,2007,6,7,MONSOON,6 -> 7,ZERO_BASED_TO_CALENDAR,HIGH
14,2007,6,7,MONSOON,6 -> 7,ZERO_BASED_TO_CALENDAR,HIGH
15,2007,6,7,MONSOON,6 -> 7,ZERO_BASED_TO_CALENDAR,HIGH
16,2007,6,7,MONSOON,6 -> 7,ZERO_BASED_TO_CALENDAR,HIGH
17,2007,6,7,MONSOON,6 -> 7,ZERO_BASED_TO_CALENDAR,HIGH
18,2007,6,7,MONSOON,6 -> 7,ZERO_BASED_TO_CALENDAR,HIGH
19,2007,6,7,MONSOON,6 -> 7,ZERO_BASED_TO_CALENDAR,HIGH
20,2007,6,7,MONSOON,6 -> 7,ZERO_BASED_TO_CALENDAR,HIGH
21,2007,6,7,MONSOON,6 -> 7,ZERO_BASED_TO_CALENDAR,HIGH
22,2007,6,7,MONSOON,6 -> 7,ZERO_BASED_TO_CALENDAR,HIGH
23,2007,6,7,MONSOON,6 -> 7,ZERO_BASED_TO_CALENDAR,HIGH
24,2007,6,7,MONSOON,6 -> 7,ZERO_BASED_TO_CALENDAR,HIGH
25,2007,6,7,MONSOON,6 -> 7,ZERO_BASED_TO_CALENDAR,HIGH
26,2007,6,7,MONSOON,6 -> 7,ZERO_BASED_TO_CALENDAR,HIGH
27,2007,6,7,MONSOON,6 -> 7,ZERO_BASED_TO_CALENDAR,HIGH
28,2007,6,7,MONSOON,6 -> 7,ZERO_BASED_TO_CALENDAR,HIGH
29,2007,6,7,MONSOON,6 -> 7,ZERO_BASED_TO_CALENDAR,HIGH
30,2007,6,7,MONSOON,6 -> 7,ZERO_BASED_TO_CALENDAR,HIGH
31,2007,6,7,MONSOON,6 -> 7,ZERO_BASED_TO_CALENDAR,HIGH
32,2007,6,7,MONSOON,6 -> 7,ZERO_BASED_TO_CALENDAR,HIGH
33,2007,6,7,MONSOON,6 -> 7,ZERO_BASED_TO_CALENDAR,HIGH
34,2007,6,7,MONSOON,6 -> 7,ZERO_BASED_TO_CALENDAR,HIGH
35,2007,6,7,MONSOON,6 -> 7,ZERO_BASED_TO_CALENDAR,HIGH
0,2007,5,6,MONSOON,5 -> 6,ZERO_BASED_TO_CALENDAR,HIGH
1,2007,5,6,MONSOON,5 -> 6,ZERO_BASED_TO_CALENDAR,HIGH
2,2007,5,6,MONSOON,5 -> 6,ZERO_BASED_TO_CALENDAR,HIGH
3,2007,5,6,MONSOON,5 -> 6,ZERO_BASED_TO_CALENDAR,HIGH
4,2007,5,6,MONSOON,5 -> 6,ZERO_BASED_TO_CALENDAR,HIGH
5,2007,5,6,MONSOON,5 -> 6,ZERO_BASED_TO_CALENDAR,HIGH
6,2007,5,6,MONSOON,5 -> 6,ZERO_BASED_TO_CALENDAR,HIGH
7,2007,5,6,MONSOON,5 -> 6,ZERO_BASED_TO_CALENDAR,HIGH
8,2007,5,6,MONSOON,5 -> 6,ZERO_BASED_TO_CALENDAR,HIGH
9,2007,5,6,MONSOON,5 -> 6,ZERO_BASED_TO_CALENDAR,HIGH
10,2007,5,6,MONSOON,5 -> 6,ZERO_BASED_TO_CALENDAR,HIGH
11,2007,5,6,MONSOON,5 -> 6,ZERO_BASED_TO_CALENDAR,HIGH
12,2007,5,6,MONSOON,5 -> 6,ZERO_BASED_TO_CALENDAR,HIGH
13,2007,5,6,MONSOON,5 -> 6,ZERO_BASED_TO_CALENDAR,HIGH
14,2007,5,6,MONSOON,5 -> 6,ZERO_BASED_TO_CALENDAR,HIGH
15,2007,5,6,MONSOON,5 -> 6,ZERO_BASED_TO_CALENDAR,HIGH
16,2007,5,6,MONSOON,5 -> 6,ZERO_BASED_TO_CALENDAR,HIGH
17,2007,5,6,MONSOON,5 -> 6,ZERO_BASED_TO_CALENDAR,HIGH
18,2007,5,6,MONSOON,5 -> 6,ZERO_BASED_TO_CALENDAR,HIGH
19,2007,5,6,MONSOON,5 -> 6,ZERO_BASED_TO_CALENDAR,HIGH
20,2007,5,6,MONSOON,5 -> 6,ZERO_BASED_TO_CALENDAR,HIGH
21,2007,5,6,MONSOON,5 -> 6,ZERO_BASED_TO_CALENDAR,HIGH
22,2007,5,6,MONSOON,5 -> 6,ZERO_BASED_TO_CALENDAR,HIGH
23,2007,5,6,MONSOON,5 -> 6,ZERO_BASED_TO_CALENDAR,HIGH
24,2007,5,6,MONSOON,5 -> 6,ZERO_BASED_TO_CALENDAR,HIGH
25,2007,5,6,MONSOON,5 -> 6,ZERO_BASED_TO_CALENDAR,HIGH
26,2007,5,6,MONSOON,5 -> 6,ZERO_BASED_TO_CALENDAR,HIGH
27,2007,5,6,MONSOON,5 -> 6,ZERO_BASED_TO_CALENDAR,HIGH
28,2007,5,6,MONSOON,5 -> 6,ZERO_BASED_TO_CALENDAR,HIGH
29,2007,5,6,MONSOON,5 -> 6,ZERO_BASED_TO_CALENDAR,HIGH
30,2007,5,6,MONSOON,5 -> 6,ZERO_BASED_TO_CALENDAR,HIGH
31,2007,5,6,MONSOON,5 -> 6,ZERO_BASED_TO_CALENDAR,HIGH
32,2007,5,6,MONSOON,5 -> 6,ZERO_BASED_TO_CALENDAR,HIGH
33,2007,5,6,MONSOON,5 -> 6,ZERO_BASED_TO_CALENDAR,HIGH
34,2007,5,6,MONSOON,5 -> 6,ZERO_BASED_TO_CALENDAR,HIGH
35,2007,5,6,MONSOON,5 -> 6,ZERO_BASED_TO_CALENDAR,HIGH
0,2007,1,2,WINTER,1 -> 2,ZERO_BASED_TO_CALENDAR,HIGH
1,2007,1,2,WINTER,1 -> 2,ZERO_BASED_TO_CALENDAR,HIGH
2,2007,1,2,WINTER,1 -> 2,ZERO_BASED_TO_CALENDAR,HIGH
3,2007,1,2,WINTER,1 -> 2,ZERO_BASED_TO_CALENDAR,HIGH
4,2007,1,2,WINTER,1 -> 2,ZERO_BASED_TO_CALENDAR,HIGH
5,2007,1,2,WINTER,1 -> 2,ZERO_BASED_TO_CALENDAR,HIGH
6,2007,1,2,WINTER,1 -> 2,ZERO_BASED_TO_CALENDAR,HIGH
7,2007,1,2,WINTER,1 -> 2,ZERO_BASED_TO_CALENDAR,HIGH
8,2007,1,2,WINTER,1 -> 2,ZERO_BASED_TO_CALENDAR,HIGH
9,2007,1,2,WINTER,1 -> 2,ZERO_BASED_TO_CALENDAR,HIGH
10,2007,1,2,WINTER,1 -> 2,ZERO_BASED_TO_CALENDAR,HIGH
11,2007,1,2,WINTER,1 -> 2,ZERO_BASED_TO_CALENDAR,HIGH
12,2007,1,2,WINTER,1 -> 2,ZERO_BASED_TO_CALENDAR,HIGH
13,2007,1,2,WINTER,1 -> 2,ZERO_BASED_TO_CALENDAR,HIGH
14,2007,1,2,WINTER,1 -> 2,ZERO_BASED_TO_CALENDAR,HIGH
15,2007,1,2,WINTER,1 -> 2,ZERO_BASED_TO_CALENDAR,HIGH
16,2007,1,2,WINTER,1 -> 2,ZERO_BASED_TO_CALENDAR,HIGH
17,2007,1,2,WINTER,1 -> 2,ZERO_BASED_TO_CALENDAR,HIGH
18,2007,1,2,WINTER,1 -> 2,ZERO_BASED_TO_CALENDAR,HIGH
19,2007,1,2,WINTER,1 -> 2,ZERO_BASED_TO_CALENDAR,HIGH
20,2007,1,2,WINTER,1 -> 2,ZERO_BASED_TO_CALENDAR,HIGH
21,2007,1,2,WINTER,1 -> 2,ZERO_BASED_TO_CALENDAR,HIGH
22,2007,1,2,WINTER,1 -> 2,ZERO_BASED_TO_CALENDAR,HIGH
23,2007,1,2,WINTER,1 -> 2,ZERO_BASED_TO_CALENDAR,HIGH
24,2007,1,2,WINTER,1 -> 2,ZERO_BASED_TO_CALENDAR,HIGH
25,2007,1,2,WINTER,1 -> 2,ZERO_BASED_TO_CALENDAR,HIGH
26,2007,1,2,WINTER,1 -> 2,ZERO_BASED_TO_CALENDAR,HIGH
27,2007,1,2,WINTER,1 -> 2,ZERO_BASED_TO_CALENDAR,HIGH
28,2007,1,2,WINTER,1 -> 2,ZERO_BASED_TO_CALENDAR,HIGH
29,2007,1,2,WINTER,1 -> 2,ZERO_BASED_TO_CALENDAR,HIGH
30,2007,1,2,WINTER,1 -> 2,ZERO_BASED_TO_CALENDAR,HIGH
31,2007,1,2,WINTER,1 -> 2,ZERO_BASED_TO_CALENDAR,HIGH
32,2007,1,2,WINTER,1 -> 2,ZERO_BASED_TO_CALENDAR,HIGH
33,2007,1,2,WINTER,1 -> 2,ZERO_BASED_TO_CALENDAR,HIGH
34,2007,1,2,WINTER,1 -> 2,ZERO_BASED_TO_CALENDAR,HIGH
35,2007,1,2,WINTER,1 -> 2,ZERO_BASED_TO_CALENDAR,HIGH
0,2007,11,12,WINTER,11 -> 12,ZERO_BASED_TO_CALENDAR,HIGH
1,2007,11,12,WINTER,11 -> 12,ZERO_BASED_TO_CALENDAR,HIGH
2,2007,11,12,WINTER,11 -> 12,ZERO_BASED_TO_CALENDAR,HIGH
3,2007,11,12,WINTER,11 -> 12,ZERO_BASED_TO_CALENDAR,HIGH
4,2007,11,12,WINTER,11 -> 12,ZERO_BASED_TO_CALENDAR,HIGH
5,2007,11,12,WINTER,11 -> 12,ZERO_BASED_TO_CALENDAR,HIGH
6,2007,11,12,WINTER,11 -> 12,ZERO_BASED_TO_CALENDAR,HIGH
7,2007,11,12,WINTER,11 -> 12,ZERO_BASED_TO_CALENDAR,HIGH
8,2007,11,12,WINTER,11 -> 12,ZERO_BASED_TO_CALENDAR,HIGH
9,2007,11,12,WINTER,11 -> 12,ZERO_BASED_TO_CALENDAR,HIGH
10,2007,11,12,WINTER,11 -> 12,ZERO_BASED_TO_CALENDAR,HIGH
11,2007,11,12,WINTER,11 -> 12,ZERO_BASED_TO_CALENDAR,HIGH
12,2007,11,12,WINTER,11 -> 12,ZERO_BASED_TO_CALENDAR,HIGH
13,2007,11,12,WINTER,11 -> 12,ZERO_BASED_TO_CALENDAR,HIGH
14,2007,11,12,WINTER,11 -> 12,ZERO_BASED_TO_CALENDAR,HIGH
15,2007,11,12,WINTER,11 -> 12,ZERO_BASED_TO_CALENDAR,HIGH
16,2007,11,12,WINTER,11 -> 12,ZERO_BASED_TO_CALENDAR,HIGH
17,2007,11,12,WINTER,11 -> 12,ZERO_BASED_TO_CALENDAR,HIGH
18,2007,11,12,WINTER,11 -> 12,ZERO_BASED_TO_CALENDAR,HIGH
19,2007,11,12,WINTER,11 -> 12,ZERO_BASED_TO_CALENDAR,HIGH
20,2007,11,12,WINTER,11 -> 12,ZERO_BASED_TO_CALENDAR,HIGH
21,2007,11,12,WINTER,11 -> 12,ZERO_BASED_TO_CALENDAR,HIGH
22,2007,11,12,WINTER,11 -> 12,ZERO_BASED_TO_CALENDAR,HIGH
23,2007,11,12,WINTER,11 -> 12,ZERO_BASED_TO_CALENDAR,HIGH
24,2007,11,12,WINTER,11 -> 12,ZERO_BASED_TO_CALENDAR,HIGH
25,2007,11,12,WINTER,11 -> 12,ZERO_BASED_TO_CALENDAR,HIGH
26,2007,11,12,WINTER,11 -> 12,ZERO_BASED_TO_CALENDAR,HIGH
27,2007,11,12,WINTER,11 -> 12,ZERO_BASED_TO_CALENDAR,HIGH
28,2007,11,12,WINTER,11 -> 12,ZERO_BASED_TO_CALENDAR,HIGH
29,2007,11,12,WINTER,11 -> 12,ZERO_BASED_TO_CALENDAR,HIGH
30,2007,11,12,WINTER,11 -> 12,ZERO_BASED_TO_CALENDAR,HIGH
31,2007,11,12,WINTER,11 -> 12,ZERO_BASED_TO_CALENDAR,HIGH
32,2007,11,12,WINTER,11 -> 12,ZERO_BASED_TO_CALENDAR,HIGH
33,2007,11,12,WINTER,11 -> 12,ZERO_BASED_TO_CALENDAR,HIGH
34,2007,11,12,WINTER,11 -> 12,ZERO_BASED_TO_CALENDAR,HIGH
35,2007,11,12,WINTER,11 -> 12,ZERO_BASED_TO_CALENDAR,HIGH
0,2007,10,11,POST_MONSOON,10 -> 11,ZERO_BASED_TO_CALENDAR,HIGH
1,2007,10,11,POST_MONSOON,10 -> 11,ZERO_BASED_TO_CALENDAR,HIGH
2,2007,10,11,POST_MONSOON,10 -> 11,ZERO_BASED_TO_CALENDAR,HIGH
3,2007,10,11,POST_MONSOON,10 -> 11,ZERO_BASED_TO_CALENDAR,HIGH
4,2007,10,11,POST_MONSOON,10 -> 11,ZERO_BASED_TO_CALENDAR,HIGH
5,2007,10,11,POST_MONSOON,10 -> 11,ZERO_BASED_TO_CALENDAR,HIGH
6,2007,10,11,POST_MONSOON,10 -> 11,ZERO_BASED_TO_CALENDAR,HIGH
7,2007,10,11,POST_MONSOON,10 -> 11,ZERO_BASED_TO_CALENDAR,HIGH
8,2007,10,11,POST_MONSOON,10 -> 11,ZERO_BASED_TO_CALENDAR,HIGH
9,2007,10,11,POST_MONSOON,10 -> 11,ZERO_BASED_TO_CALENDAR,HIGH
10,2007,10,11,POST_MONSOON,10 -> 11,ZERO_BASED_TO_CALENDAR,HIGH
11,2007,10,11,POST_MONSOON,10 -> 11,ZERO_BASED_TO_CALENDAR,HIGH
12,2007,10,11,POST_MONSOON,10 -> 11,ZERO_BASED_TO_CALENDAR,HIGH
13,2007,10,11,POST_MONSOON,10 -> 11,ZERO_BASED_TO_CALENDAR,HIGH
14,2007,10,11,POST_MONSOON,10 -> 11,ZERO_BASED_TO_CALENDAR,HIGH
15,2007,10,11,POST_MONSOON,10 -> 11,ZERO_BASED_TO_CALENDAR,HIGH
16,2007,10,11,POST_MONSOON,10 -> 11,ZERO_BASED_TO_CALENDAR,HIGH
17,2007,10,11,POST_MONSOON,10 -> 11,ZERO_BASED_TO_CALENDAR,HIGH
18,2007,10,11,POST_MONSOON,10 -> 11,ZERO_BASED_TO_CALENDAR,HIGH
19,2007,10,11,POST_MONSOON,10 -> 11,ZERO_BASED_TO_CALENDAR,HIGH
20,2007,10,11,POST_MONSOON,10 -> 11,ZERO_BASED_TO_CALENDAR,HIGH
21,2007,10,11,POST_MONSOON,10 -> 11,ZERO_BASED_TO_CALENDAR,HIGH
22,2007,10,11,POST_MONSOON,10 -> 11,ZERO_BASED_TO_CALENDAR,HIGH
23,2007,10,11,POST_MONSOON,10 -> 11,ZERO_BASED_TO_CALENDAR,HIGH
24,2007,10,11,POST_MONSOON,10 -> 11,ZERO_BASED_TO_CALENDAR,HIGH
25,2007,10,11,POST_MONSOON,10 -> 11,ZERO_BASED_TO_CALENDAR,HIGH
26,2007,10,11,POST_MONSOON,10 -> 11,ZERO_BASED_TO_CALENDAR,HIGH
27,2007,10,11,POST_MONSOON,10 -> 11,ZERO_BASED_TO_CALENDAR,HIGH
28,2007,10,11,POST_MONSOON,10 -> 11,ZERO_BASED_TO_CALENDAR,HIGH
29,2007,10,11,POST_MONSOON,10 -> 11,ZERO_BASED_TO_CALENDAR,HIGH
30,2007,10,11,POST_MONSOON,10 -> 11,ZERO_BASED_TO_CALENDAR,HIGH
31,2007,10,11,POST_MONSOON,10 -> 11,ZERO_BASED_TO_CALENDAR,HIGH
32,2007,10,11,POST_MONSOON,10 -> 11,ZERO_BASED_TO_CALENDAR,HIGH
33,2007,10,11,POST_MONSOON,10 -> 11,ZERO_BASED_TO_CALENDAR,HIGH
34,2007,10,11,POST_MONSOON,10 -> 11,ZERO_BASED_TO_CALENDAR,HIGH
35,2007,10,11,POST_MONSOON,10 -> 11,ZERO_BASED_TO_CALENDAR,HIGH
0,2007,9,10,POST_MONSOON,9 -> 10,ZERO_BASED_TO_CALENDAR,HIGH
1,2007,9,10,POST_MONSOON,9 -> 10,ZERO_BASED_TO_CALENDAR,HIGH
2,2007,9,10,POST_MONSOON,9 -> 10,ZERO_BASED_TO_CALENDAR,HIGH
3,2007,9,10,POST_MONSOON,9 -> 10,ZERO_BASED_TO_CALENDAR,HIGH
4,2007,9,10,POST_MONSOON,9 -> 10,ZERO_BASED_TO_CALENDAR,HIGH
5,2007,9,10,POST_MONSOON,9 -> 10,ZERO_BASED_TO_CALENDAR,HIGH
6,2007,9,10,POST_MONSOON,9 -> 10,ZERO_BASED_TO_CALENDAR,HIGH
7,2007,9,10,POST_MONSOON,9 -> 10,ZERO_BASED_TO_CALENDAR,HIGH
8,2007,9,10,POST_MONSOON,9 -> 10,ZERO_BASED_TO_CALENDAR,HIGH
9,2007,9,10,POST_MONSOON,9 -> 10,ZERO_BASED_TO_CALENDAR,HIGH
10,2007,9,10,POST_MONSOON,9 -> 10,ZERO_BASED_TO_CALENDAR,HIGH
11,2007,9,10,POST_MONSOON,9 -> 10,ZERO_BASED_TO_CALENDAR,HIGH
12,2007,9,10,POST_MONSOON,9 -> 10,ZERO_BASED_TO_CALENDAR,HIGH
13,2007,9,10,POST_MONSOON,9 -> 10,ZERO_BASED_TO_CALENDAR,HIGH
14,2007,9,10,POST_MONSOON,9 -> 10,ZERO_BASED_TO_CALENDAR,HIGH
15,2007,9,10,POST_MONSOON,9 -> 10,ZERO_BASED_TO_CALENDAR,HIGH
16,2007,9,10,POST_MONSOON,9 -> 10,ZERO_BASED_TO_CALENDAR,HIGH
17,2007,9,10,POST_MONSOON,9 -> 10,ZERO_BASED_TO_CALENDAR,HIGH
18,2007,9,10,POST_MONSOON,9 -> 10,ZERO_BASED_TO_CALENDAR,HIGH
19,2007,9,10,POST_MONSOON,9 -> 10,ZERO_BASED_TO_CALENDAR,HIGH
20,2007,9,10,POST_MONSOON,9 -> 10,ZERO_BASED_TO_CALENDAR,HIGH
21,2007,9,10,POST_MONSOON,9 -> 10,ZERO_BASED_TO_CALENDAR,HIGH
22,2007,9,10,POST_MONSOON,9 -> 10,ZERO_BASED_TO_CALENDAR,HIGH
23,2007,9,10,POST_MONSOON,9 -> 10,ZERO_BASED_TO_CALENDAR,HIGH
24,2007,9,10,POST_MONSOON,9 -> 10,ZERO_BASED_TO_CALENDAR,HIGH
25,2007,9,10,POST_MONSOON,9 -> 10,ZERO_BASED_TO_CALENDAR,HIGH
26,2007,9,10,POST_MONSOON,9 -> 10,ZERO_BASED_TO_CALENDAR,HIGH
27,2007,9,10,POST_MONSOON,9 -> 10,ZERO_BASED_TO_CALENDAR,HIGH
28,2007,9,10,POST_MONSOON,9 -> 10,ZERO_BASED_TO_CALENDAR,HIGH
29,2007,9,10,POST_MONSOON,9 -> 10,ZERO_BASED_TO_CALENDAR,HIGH
30,2007,9,10,POST_MONSOON,9 -> 10,ZERO_BASED_TO_CALENDAR,HIGH
31,2007,9,10,POST_MONSOON,9 -> 10,ZERO_BASED_TO_CALENDAR,HIGH
32,2007,9,10,POST_MONSOON,9 -> 10,ZERO_BASED_TO_CALENDAR,HIGH
33,2007,9,10,POST_MONSOON,9 -> 10,ZERO_BASED_TO_CALENDAR,HIGH
34,2007,9,10,POST_MONSOON,9 -> 10,ZERO_BASED_TO_CALENDAR,HIGH
35,2007,9,10,POST_MONSOON,9 -> 10,ZERO_BASED_TO_CALENDAR,HIGH
0,2007,2,3,PRE_MONSOON,2 -> 3,ZERO_BASED_TO_CALENDAR,HIGH
1,2007,2,3,PRE_MONSOON,2 -> 3,ZERO_BASED_TO_CALENDAR,HIGH
2,2007,2,3,PRE_MONSOON,2 -> 3,ZERO_BASED_TO_CALENDAR,HIGH
3,2007,2,3,PRE_MONSOON,2 -> 3,ZERO_BASED_TO_CALENDAR,HIGH
4,2007,2,3,PRE_MONSOON,2 -> 3,ZERO_BASED_TO_CALENDAR,HIGH
5,2007,2,3,PRE_MONSOON,2 -> 3,ZERO_BASED_TO_CALENDAR,HIGH
6,2007,2,3,PRE_MONSOON,2 -> 3,ZERO_BASED_TO_CALENDAR,HIGH
7,2007,2,3,PRE_MONSOON,2 -> 3,ZERO_BASED_TO_CALENDAR,HIGH
8,2007,2,3,PRE_MONSOON,2 -> 3,ZERO_BASED_TO_CALENDAR,HIGH
9,2007,2,3,PRE_MONSOON,2 -> 3,ZERO_BASED_TO_CALENDAR,HIGH
10,2007,2,3,PRE_MONSOON,2 -> 3,ZERO_BASED_TO_CALENDAR,HIGH
11,2007,2,3,PRE_MONSOON,2 -> 3,ZERO_BASED_TO_CALENDAR,HIGH
12,2007,2,3,PRE_MONSOON,2 -> 3,ZERO_BASED_TO_CALENDAR,HIGH
13,2007,2,3,PRE_MONSOON,2 -> 3,ZERO_BASED_TO_CALENDAR,HIGH
14,2007,2,3,PRE_MONSOON,2 -> 3,ZERO_BASED_TO_CALENDAR,HIGH
15,2007,2,3,PRE_MONSOON,2 -> 3,ZERO_BASED_TO_CALENDAR,HIGH
16,2007,2,3,PRE_MONSOON,2 -> 3,ZERO_BASED_TO_CALENDAR,HIGH
17,2007,2,3,PRE_MONSOON,2 -> 3,ZERO_BASED_TO_CALENDAR,HIGH
18,2007,2,3,PRE_MONSOON,2 -> 3,ZERO_BASED_TO_CALENDAR,HIGH
19,2007,2,3,PRE_MONSOON,2 -> 3,ZERO_BASED_TO_CALENDAR,HIGH
20,2007,2,3,PRE_MONSOON,2 -> 3,ZERO_BASED_TO_CALENDAR,HIGH
21,2007,2,3,PRE_MONSOON,2 -> 3,ZERO_BASED_TO_CALENDAR,HIGH
22,2007,2,3,PRE_MONSOON,2 -> 3,ZERO_BASED_TO_CALENDAR,HIGH
23,2007,2,3,PRE_MONSOON,2 -> 3,ZERO_BASED_TO_CALENDAR,HIGH
24,2007,2,3,PRE_MONSOON,2 -> 3,ZERO_BASED_TO_CALENDAR,HIGH
25,2007,2,3,PRE_MONSOON,2 -> 3,ZERO_BASED_TO_CALENDAR,HIGH
26,2007,2,3,PRE_MONSOON,2 -> 3,ZERO_BASED_TO_CALENDAR,HIGH
27,2007,2,3,PRE_MONSOON,2 -> 3,ZERO_BASED_TO_CALENDAR,HIGH
28,2007,2,3,PRE_MONSOON,2 -> 3,ZERO_BASED_TO_CALENDAR,HIGH
29,2007,2,3,PRE_MONSOON,2 -> 3,ZERO_BASED_TO_CALENDAR,HIGH
30,2007,2,3,PRE_MONSOON,2 -> 3,ZERO_BASED_TO_CALENDAR,HIGH
31,2007,2,3,PRE_MONSOON,2 -> 3,ZERO_BASED_TO_CALENDAR,HIGH
32,2007,2,3,PRE_MONSOON,2 -> 3,ZERO_BASED_TO_CALENDAR,HIGH
33,2007,2,3,PRE_MONSOON,2 -> 3,ZERO_BASED_TO_CALENDAR,HIGH
34,2007,2,3,PRE_MONSOON,2 -> 3,ZERO_BASED_TO_CALENDAR,HIGH
35,2007,2,3,PRE_MONSOON,2 -> 3,ZERO_BASED_TO_CALENDAR,HIGH
0,2008,4,5,PRE_MONSOON,4 -> 5,ZERO_BASED_TO_CALENDAR,HIGH
1,2008,4,5,PRE_MONSOON,4 -> 5,ZERO_BASED_TO_CALENDAR,HIGH
2,2008,4,5,PRE_MONSOON,4 -> 5,ZERO_BASED_TO_CALENDAR,HIGH
3,2008,4,5,PRE_MONSOON,4 -> 5,ZERO_BASED_TO_CALENDAR,HIGH
4,2008,4,5,PRE_MONSOON,4 -> 5,ZERO_BASED_TO_CALENDAR,HIGH
5,2008,4,5,PRE_MONSOON,4 -> 5,ZERO_BASED_TO_CALENDAR,HIGH
6,2008,4,5,PRE_MONSOON,4 -> 5,ZERO_BASED_TO_CALENDAR,HIGH
7,2008,4,5,PRE_MONSOON,4 -> 5,ZERO_BASED_TO_CALENDAR,HIGH
8,2008,4,5,PRE_MONSOON,4 -> 5,ZERO_BASED_TO_CALENDAR,HIGH
9,2008,4,5,PRE_MONSOON,4 -> 5,ZERO_BASED_TO_CALENDAR,HIGH
10,2008,4,5,PRE_MONSOON,4 -> 5,ZERO_BASED_TO_CALENDAR,HIGH
11,2008,4,5,PRE_MONSOON,4 -> 5,ZERO_BASED_TO_CALENDAR,HIGH
12,2008,4,5,PRE_MONSOON,4 -> 5,ZERO_BASED_TO_CALENDAR,HIGH
13,2008,4,5,PRE_MONSOON,4 -> 5,ZERO_BASED_TO_CALENDAR,HIGH
14,2008,4,5,PRE_MONSOON,4 -> 5,ZERO_BASED_TO_CALENDAR,HIGH
15,2008,4,5,PRE_MONSOON,4 -> 5,ZERO_BASED_TO_CALENDAR,HIGH
16,2008,4,5,PRE_MONSOON,4 -> 5,ZERO_BASED_TO_CALENDAR,HIGH
17,2008,4,5,PRE_MONSOON,4 -> 5,ZERO_BASED_TO_CALENDAR,HIGH
18,2008,4,5,PRE_MONSOON,4 -> 5,ZERO_BASED_TO_CALENDAR,HIGH
19,2008,4,5,PRE_MONSOON,4 -> 5,ZERO_BASED_TO_CALENDAR,HIGH
20,2008,4,5,PRE_MONSOON,4 -> 5,ZERO_BASED_TO_CALENDAR,HIGH
21,2008,4,5,PRE_MONSOON,4 -> 5,ZERO_BASED_TO_CALENDAR,HIGH
22,2008,4,5,PRE_MONSOON,4 -> 5,ZERO_BASED_TO_CALENDAR,HIGH
23,2008,4,5,PRE_MONSOON,4 -> 5,ZERO_BASED_TO_CALENDAR,HIGH
24,2008,4,5,PRE_MONSOON,4 -> 5,ZERO_BASED_TO_CALENDAR,HIGH
25,2008,4,5,PRE_MONSOON,4 -> 5,ZERO_BASED_TO_CALENDAR,HIGH
26,2008,4,5,PRE_MONSOON,4 -> 5,ZERO_BASED_TO_CALENDAR,HIGH
27,2008,4,5,PRE_MONSOON,4 -> 5,ZERO_BASED_TO_CALENDAR,HIGH
28,2008,4,5,PRE_MONSOON,4 -> 5,ZERO_BASED_TO_CALENDAR,HIGH
29,2008,4,5,PRE_MONSOON,4 -> 5,ZERO_BASED_TO_CALENDAR,HIGH
30,2008,4,5,PRE_MONSOON,4 -> 5,ZERO_BASED_TO_CALENDAR,HIGH
31,2008,4,5,PRE_MONSOON,4 -> 5,ZERO_BASED_TO_CALENDAR,HIGH
32,2008,4,5,PRE_MONSOON,4 -> 5,ZERO_BASED_TO_CALENDAR,HIGH
33,2008,4,5,PRE_MONSOON,4 -> 5,ZERO_BASED_TO_CALENDAR,HIGH
34,2008,4,5,PRE_MONSOON,4 -> 5,ZERO_BASED_TO_CALENDAR,HIGH
35,2008,4,5,PRE_MONSOON,4 -> 5,ZERO_BASED_TO_CALENDAR,HIGH
0,2008,3,4,PRE_MONSOON,3 -> 4,ZERO_BASED_TO_CALENDAR,HIGH
1,2008,3,4,PRE_MONSOON,3 -> 4,ZERO_BASED_TO_CALENDAR,HIGH
2,2008,3,4,PRE_MONSOON,3 -> 4,ZERO_BASED_TO_CALENDAR,HIGH
3,2008,3,4,PRE_MONSOON,3 -> 4,ZERO_BASED_TO_CALENDAR,HIGH
4,2008,3,4,PRE_MONSOON,3 -> 4,ZERO_BASED_TO_CALENDAR,HIGH
5,2008,3,4,PRE_MONSOON,3 -> 4,ZERO_BASED_TO_CALENDAR,HIGH
6,2008,3,4,PRE_MONSOON,3 -> 4,ZERO_BASED_TO_CALENDAR,HIGH
7,2008,3,4,PRE_MONSOON,3 -> 4,ZERO_BASED_TO_CALENDAR,HIGH
8,2008,3,4,PRE_MONSOON,3 -> 4,ZERO_BASED_TO_CALENDAR,HIGH
9,2008,3,4,PRE_MONSOON,3 -> 4,ZERO_BASED_TO_CALENDAR,HIGH
10,2008,3,4,PRE_MONSOON,3 -> 4,ZERO_BASED_TO_CALENDAR,HIGH
11,2008,3,4,PRE_MONSOON,3 -> 4,ZERO_BASED_TO_CALENDAR,HIGH
12,2008,3,4,PRE_MONSOON,3 -> 4,ZERO_BASED_TO_CALENDAR,HIGH
13,2008,3,4,PRE_MONSOON,3 -> 4,ZERO_BASED_TO_CALENDAR,HIGH
14,2008,3,4,PRE_MONSOON,3 -> 4,ZERO_BASED_TO_CALENDAR,HIGH
15,2008,3,4,PRE_MONSOON,3 -> 4,ZERO_BASED_TO_CALENDAR,HIGH
16,2008,3,4,PRE_MONSOON,3 -> 4,ZERO_BASED_TO_CALENDAR,HIGH
17,2008,3,4,PRE_MONSOON,3 -> 4,ZERO_BASED_TO_CALENDAR,HIGH
18,2008,3,4,PRE_MONSOON,3 -> 4,ZERO_BASED_TO_CALENDAR,HIGH
19,2008,3,4,PRE_MONSOON,3 -> 4,ZERO_BASED_TO_CALENDAR,HIGH
20,2008,3,4,PRE_MONSOON,3 -> 4,ZERO_BASED_TO_CALENDAR,HIGH
21,2008,3,4,PRE_MONSOON,3 -> 4,ZERO_BASED_TO_CALENDAR,HIGH
22,2008,3,4,PRE_MONSOON,3 -> 4,ZERO_BASED_TO_CALENDAR,HIGH
23,2008,3,4,PRE_MONSOON,3 -> 4,ZERO_BASED_TO_CALENDAR,HIGH
24,2008,3,4,PRE_MONSOON,3 -> 4,ZERO_BASED_TO_CALENDAR,HIGH
25,2008,3,4,PRE_MONSOON,3 -> 4,ZERO_BASED_TO_CALENDAR,HIGH
26,2008,3,4,PRE_MONSOON,3 -> 4,ZERO_BASED_TO_CALENDAR,HIGH
27,2008,3,4,PRE_MONSOON,3 -> 4,ZERO_BASED_TO_CALENDAR,HIGH
28,2008,3,4,PRE_MONSOON,3 -> 4,ZERO_BASED_TO_CALENDAR,HIGH
29,2008,3,4,PRE_MONSOON,3 -> 4,ZERO_BASED_TO_CALENDAR,HIGH
30,2008,3,4,PRE_MONSOON,3 -> 4,ZERO_BASED_TO_CALENDAR,HIGH
31,2008,3,4,PRE_MONSOON,3 -> 4,ZERO_BASED_TO_CALENDAR,HIGH
32,2008,3,4,PRE_MONSOON,3 -> 4,ZERO_BASED_TO_CALENDAR,HIGH
33,2008,3,4,PRE_MONSOON,3 -> 4,ZERO_BASED_TO_CALENDAR,HIGH
34,2008,3,4,PRE_MONSOON,3 -> 4,ZERO_BASED_TO_CALENDAR,HIGH
35,2008,3,4,PRE_MONSOON,3 -> 4,ZERO_BASED_TO_CALENDAR,HIGH
0,2008,7,8,MONSOON,7 -> 8,ZERO_BASED_TO_CALENDAR,HIGH
1,2008,7,8,MONSOON,7 -> 8,ZERO_BASED_TO_CALENDAR,HIGH
2,2008,7,8,MONSOON,7 -> 8,ZERO_BASED_TO_CALENDAR,HIGH
3,2008,7,8,MONSOON,7 -> 8,ZERO_BASED_TO_CALENDAR,HIGH
4,2008,7,8,MONSOON,7 -> 8,ZERO_BASED_TO_CALENDAR,HIGH
5,2008,7,8,MONSOON,7 -> 8,ZERO_BASED_TO_CALENDAR,HIGH
6,2008,7,8,MONSOON,7 -> 8,ZERO_BASED_TO_CALENDAR,HIGH
7,2008,7,8,MONSOON,7 -> 8,ZERO_BASED_TO_CALENDAR,HIGH
8,2008,7,8,MONSOON,7 -> 8,ZERO_BASED_TO_CALENDAR,HIGH
9,2008,7,8,MONSOON,7 -> 8,ZERO_BASED_TO_CALENDAR,HIGH
10,2008,7,8,MONSOON,7 -> 8,ZERO_BASED_TO_CALENDAR,HIGH
11,2008,7,8,MONSOON,7 -> 8,ZERO_BASED_TO_CALENDAR,HIGH
12,2008,7,8,MONSOON,7 -> 8,ZERO_BASED_TO_CALENDAR,HIGH
13,2008,7,8,MONSOON,7 -> 8,ZERO_BASED_TO_CALENDAR,HIGH
14,2008,7,8,MONSOON,7 -> 8,ZERO_BASED_TO_CALENDAR,HIGH
15,2008,7,8,MONSOON,7 -> 8,ZERO_BASED_TO_CALENDAR,HIGH
16,2008,7,8,MONSOON,7 -> 8,ZERO_BASED_TO_CALENDAR,HIGH
17,2008,7,8,MONSOON,7 -> 8,ZERO_BASED_TO_CALENDAR,HIGH
18,2008,7,8,MONSOON,7 -> 8,ZERO_BASED_TO_CALENDAR,HIGH
19,2008,7,8,MONSOON,7 -> 8,ZERO_BASED_TO_CALENDAR,HIGH
20,2008,7,8,MONSOON,7 -> 8,ZERO_BASED_TO_CALENDAR,HIGH
21,2008,7,8,MONSOON,7 -> 8,ZERO_BASED_TO_CALENDAR,HIGH
22,2008,7,8,MONSOON,7 -> 8,ZERO_BASED_TO_CALENDAR,HIGH
23,2008,7,8,MONSOON,7 -> 8,ZERO_BASED_TO_CALENDAR,HIGH
24,2008,7,8,MONSOON,7 -> 8,ZERO_BASED_TO_CALENDAR,HIGH
25,2008,7,8,MONSOON,7 -> 8,ZERO_BASED_TO_CALENDAR,HIGH
26,2008,7,8,MONSOON,7 -> 8,ZERO_BASED_TO_CALENDAR,HIGH
27,2008,7,8,MONSOON,7 -> 8,ZERO_BASED_TO_CALENDAR,HIGH
28,2008,7,8,MONSOON,7 -> 8,ZERO_BASED_TO_CALENDAR,HIGH
29,2008,7,8,MONSOON,7 -> 8,ZERO_BASED_TO_CALENDAR,HIGH
30,2008,7,8,MONSOON,7 -> 8,ZERO_BASED_TO_CALENDAR,HIGH
31,2008,7,8,MONSOON,7 -> 8,ZERO_BASED_TO_CALENDAR,HIGH
32,2008,7,8,MONSOON,7 -> 8,ZERO_BASED_TO_CALENDAR,HIGH
33,2008,7,8,MONSOON,7 -> 8,ZERO_BASED_TO_CALENDAR,HIGH
34,2008,7,8,MONSOON,7 -> 8,ZERO_BASED_TO_CALENDAR,HIGH
35,2008,7,8,MONSOON,7 -> 8,ZERO_BASED_TO_CALENDAR,HIGH
0,2008,0,1,WINTER,0 -> 1,ZERO_BASED_TO_CALENDAR,HIGH
1,2008,0,1,WINTER,0 -> 1,ZERO_BASED_TO_CALENDAR,HIGH
2,2008,0,1,WINTER,0 -> 1,ZERO_BASED_TO_CALENDAR,HIGH
3,2008,0,1,WINTER,0 -> 1,ZERO_BASED_TO_CALENDAR,HIGH
4,2008,0,1,WINTER,0 -> 1,ZERO_BASED_TO_CALENDAR,HIGH
5,2008,0,1,WINTER,0 -> 1,ZERO_BASED_TO_CALENDAR,HIGH
6,2008,0,1,WINTER,0 -> 1,ZERO_BASED_TO_CALENDAR,HIGH
7,2008,0,1,WINTER,0 -> 1,ZERO_BASED_TO_CALENDAR,HIGH
8,2008,0,1,WINTER,0 -> 1,ZERO_BASED_TO_CALENDAR,HIGH
9,2008,0,1,WINTER,0 -> 1,ZERO_BASED_TO_CALENDAR,HIGH
10,2008,0,1,WINTER,0 -> 1,ZERO_BASED_TO_CALENDAR,HIGH
11,2008,0,1,WINTER,0 -> 1,ZERO_BASED_TO_CALENDAR,HIGH
12,2008,0,1,WINTER,0 -> 1,ZERO_BASED_TO_CALENDAR,HIGH
13,2008,0,1,WINTER,0 -> 1,ZERO_BASED_TO_CALENDAR,HIGH
14,2008,0,1,WINTER,0 -> 1,ZERO_BASED_TO_CALENDAR,HIGH
15,2008,0,1,WINTER,0 -> 1,ZERO_BASED_TO_CALENDAR,HIGH
16,2008,0,1,WINTER,0 -> 1,ZERO_BASED_TO_CALENDAR,HIGH
17,2008,0,1,WINTER,0 -> 1,ZERO_BASED_TO_CALENDAR,HIGH
18,2008,0,1,WINTER,0 -> 1,ZERO_BASED_TO_CALENDAR,HIGH
19,2008,0,1,WINTER,0 -> 1,ZERO_BASED_TO_CALENDAR,HIGH
20,2008,0,1,WINTER,0 -> 1,ZERO_BASED_TO_CALENDAR,HIGH
21,2008,0,1,WINTER,0 -> 1,ZERO_BASED_TO_CALENDAR,HIGH
22,2008,0,1,WINTER,0 -> 1,ZERO_BASED_TO_CALENDAR,HIGH
23,2008,0,1,WINTER,0 -> 1,ZERO_BASED_TO_CALENDAR,HIGH
24,2008,0,1,WINTER,0 -> 1,ZERO_BASED_TO_CALENDAR,HIGH
25,2008,0,1,WINTER,0 -> 1,ZERO_BASED_TO_CALENDAR,HIGH
26,2008,0,1,WINTER,0 -> 1,ZERO_BASED_TO_CALENDAR,HIGH
27,2008,0,1,WINTER,0 -> 1,ZERO_BASED_TO_CALENDAR,HIGH
28,2008,0,1,WINTER,0 -> 1,ZERO_BASED_TO_CALENDAR,HIGH
29,2008,0,1,WINTER,0 -> 1,ZERO_BASED_TO_CALENDAR,HIGH
30,2008,0,1,WINTER,0 -> 1,ZERO_BASED_TO_CALENDAR,HIGH
31,2008,0,1,WINTER,0 -> 1,ZERO_BASED_TO_CALENDAR,HIGH
32,2008,0,1,WINTER,0 -> 1,ZERO_BASED_TO_CALENDAR,HIGH
33,2008,0,1,WINTER,0 -> 1,ZERO_BASED_TO_CALENDAR,HIGH
34,2008,0,1,WINTER,0 -> 1,ZERO_BASED_TO_CALENDAR,HIGH
35,2008,0,1,WINTER,0 -> 1,ZERO_BASED_TO_CALENDAR,HIGH
0,2008,8,9,MONSOON,8 -> 9,ZERO_BASED_TO_CALENDAR,HIGH
1,2008,8,9,MONSOON,8 -> 9,ZERO_BASED_TO_CALENDAR,HIGH
2,2008,8,9,MONSOON,8 -> 9,ZERO_BASED_TO_CALENDAR,HIGH
3,2008,8,9,MONSOON,8 -> 9,ZERO_BASED_TO_CALENDAR,HIGH
4,2008,8,9,MONSOON,8 -> 9,ZERO_BASED_TO_CALENDAR,HIGH
5,2008,8,9,MONSOON,8 -> 9,ZERO_BASED_TO_CALENDAR,HIGH
6,2008,8,9,MONSOON,8 -> 9,ZERO_BASED_TO_CALENDAR,HIGH
7,2008,8,9,MONSOON,8 -> 9,ZERO_BASED_TO_CALENDAR,HIGH
8,2008,8,9,MONSOON,8 -> 9,ZERO_BASED_TO_CALENDAR,HIGH
9,2008,8,9,MONSOON,8 -> 9,ZERO_BASED_TO_CALENDAR,HIGH
10,2008,8,9,MONSOON,8 -> 9,ZERO_BASED_TO_CALENDAR,HIGH
11,2008,8,9,MONSOON,8 -> 9,ZERO_BASED_TO_CALENDAR,HIGH
12,2008,8,9,MONSOON,8 -> 9,ZERO_BASED_TO_CALENDAR,HIGH
13,2008,8,9,MONSOON,8 -> 9,ZERO_BASED_TO_CALENDAR,HIGH
14,2008,8,9,MONSOON,8 -> 9,ZERO_BASED_TO_CALENDAR,HIGH
15,2008,8,9,MONSOON,8 -> 9,ZERO_BASED_TO_CALENDAR,HIGH
16,2008,8,9,MONSOON,8 -> 9,ZERO_BASED_TO_CALENDAR,HIGH
17,2008,8,9,MONSOON,8 -> 9,ZERO_BASED_TO_CALENDAR,HIGH
18,2008,8,9,MONSOON,8 -> 9,ZERO_BASED_TO_CALENDAR,HIGH
19,2008,8,9,MONSOON,8 -> 9,ZERO_BASED_TO_CALENDAR,HIGH
20,2008,8,9,MONSOON,8 -> 9,ZERO_BASED_TO_CALENDAR,HIGH
21,2008,8,9,MONSOON,8 -> 9,ZERO_BASED_TO_CALENDAR,HIGH
22,2008,8,9,MONSOON,8 -> 9,ZERO_BASED_TO_CALENDAR,HIGH
23,2008,8,9,MONSOON,8 -> 9,ZERO_BASED_TO_CALENDAR,HIGH
24,2008,8,9,MONSOON,8 -> 9,ZERO_BASED_TO_CALENDAR,HIGH
25,2008,8,9,MONSOON,8 -> 9,ZERO_BASED_TO_CALENDAR,HIGH
26,2008,8,9,MONSOON,8 -> 9,ZERO_BASED_TO_CALENDAR,HIGH
27,2008,8,9,MONSOON,8 -> 9,ZERO_BASED_TO_CALENDAR,HIGH
28,2008,8,9,MONSOON,8 -> 9,ZERO_BASED_TO_CALENDAR,HIGH
29,2008,8,9,MONSOON,8 -> 9,ZERO_BASED_TO_CALENDAR,HIGH
30,2008,8,9,MONSOON,8 -> 9,ZERO_BASED_TO_CALENDAR,HIGH
31,2008,8,9,MONSOON,8 -> 9,ZERO_BASED_TO_CALENDAR,HIGH
32,2008,8,9,MONSOON,8 -> 9,ZERO_BASED_TO_CALENDAR,HIGH
33,2008,8,9,MONSOON,8 -> 9,ZERO_BASED_TO_CALENDAR,HIGH
34,2008,8,9,MONSOON,8 -> 9,ZERO_BASED_TO_CALENDAR,HIGH
35,2008,8,9,MONSOON,8 -> 9,ZERO_BASED_TO_CALENDAR,HIGH
0,2008,6,7,MONSOON,6 -> 7,ZERO_BASED_TO_CALENDAR,HIGH
1,2008,6,7,MONSOON,6 -> 7,ZERO_BASED_TO_CALENDAR,HIGH
2,2008,6,7,MONSOON,6 -> 7,ZERO_BASED_TO_CALENDAR,HIGH
3,2008,6,7,MONSOON,6 -> 7,ZERO_BASED_TO_CALENDAR,HIGH
4,2008,6,7,MONSOON,6 -> 7,ZERO_BASED_TO_CALENDAR,HIGH
5,2008,6,7,MONSOON,6 -> 7,ZERO_BASED_TO_CALENDAR,HIGH
6,2008,6,7,MONSOON,6 -> 7,ZERO_BASED_TO_CALENDAR,HIGH
7,2008,6,7,MONSOON,6 -> 7,ZERO_BASED_TO_CALENDAR,HIGH
8,2008,6,7,MONSOON,6 -> 7,ZERO_BASED_TO_CALENDAR,HIGH
9,2008,6,7,MONSOON,6 -> 7,ZERO_BASED_TO_CALENDAR,HIGH
10,2008,6,7,MONSOON,6 -> 7,ZERO_BASED_TO_CALENDAR,HIGH
11,2008,6,7,MONSOON,6 -> 7,ZERO_BASED_TO_CALENDAR,HIGH
12,2008,6,7,MONSOON,6 -> 7,ZERO_BASED_TO_CALENDAR,HIGH
13,2008,6,7,MONSOON,6 -> 7,ZERO_BASED_TO_CALENDAR,HIGH
14,2008,6,7,MONSOON,6 -> 7,ZERO_BASED_TO_CALENDAR,HIGH
15,2008,6,7,MONSOON,6 -> 7,ZERO_BASED_TO_CALENDAR,HIGH
16,2008,6,7,MONSOON,6 -> 7,ZERO_BASED_TO_CALENDAR,HIGH
17,2008,6,7,MONSOON,6 -> 7,ZERO_BASED_TO_CALENDAR,HIGH
18,2008,6,7,MONSOON,6 -> 7,ZERO_BASED_TO_CALENDAR,HIGH
19,2008,6,7,MONSOON,6 -> 7,ZERO_BASED_TO_CALENDAR,HIGH
20,2008,6,7,MONSOON,6 -> 7,ZERO_BASED_TO_CALENDAR,HIGH
21,2008,6,7,MONSOON,6 -> 7,ZERO_BASED_TO_CALENDAR,HIGH
22,2008,6,7,MONSOON,6 -> 7,ZERO_BASED_TO_CALENDAR,HIGH
23,2008,6,7,MONSOON,6 -> 7,ZERO_BASED_TO_CALENDAR,HIGH
24,2008,6,7,MONSOON,6 -> 7,ZERO_BASED_TO_CALENDAR,HIGH
25,2008,6,7,MONSOON,6 -> 7,ZERO_BASED_TO_CALENDAR,HIGH
26,2008,6,7,MONSOON,6 -> 7,ZERO_BASED_TO_CALENDAR,HIGH
27,2008,6,7,MONSOON,6 -> 7,ZERO_BASED_TO_CALENDAR,HIGH
28,2008,6,7,MONSOON,6 -> 7,ZERO_BASED_TO_CALENDAR,HIGH
29,2008,6,7,MONSOON,6 -> 7,ZERO_BASED_TO_CALENDAR,HIGH
30,2008,6,7,MONSOON,6 -> 7,ZERO_BASED_TO_CALENDAR,HIGH
31,2008,6,7,MONSOON,6 -> 7,ZERO_BASED_TO_CALENDAR,HIGH
32,2008,6,7,MONSOON,6 -> 7,ZERO_BASED_TO_CALENDAR,HIGH
33,2008,6,7,MONSOON,6 -> 7,ZERO_BASED_TO_CALENDAR,HIGH
34,2008,6,7,MONSOON,6 -> 7,ZERO_BASED_TO_CALENDAR,HIGH
35,2008,6,7,MONSOON,6 -> 7,ZERO_BASED_TO_CALENDAR,HIGH
0,2008,5,6,MONSOON,5 -> 6,ZERO_BASED_TO_CALENDAR,HIGH
1,2008,5,6,MONSOON,5 -> 6,ZERO_BASED_TO_CALENDAR,HIGH
2,2008,5,6,MONSOON,5 -> 6,ZERO_BASED_TO_CALENDAR,HIGH
3,2008,5,6,MONSOON,5 -> 6,ZERO_BASED_TO_CALENDAR,HIGH
4,2008,5,6,MONSOON,5 -> 6,ZERO_BASED_TO_CALENDAR,HIGH
5,2008,5,6,MONSOON,5 -> 6,ZERO_BASED_TO_CALENDAR,HIGH
6,2008,5,6,MONSOON,5 -> 6,ZERO_BASED_TO_CALENDAR,HIGH
7,2008,5,6,MONSOON,5 -> 6,ZERO_BASED_TO_CALENDAR,HIGH
8,2008,5,6,MONSOON,5 -> 6,ZERO_BASED_TO_CALENDAR,HIGH
9,2008,5,6,MONSOON,5 -> 6,ZERO_BASED_TO_CALENDAR,HIGH
10,2008,5,6,MONSOON,5 -> 6,ZERO_BASED_TO_CALENDAR,HIGH
11,2008,5,6,MONSOON,5 -> 6,ZERO_BASED_TO_CALENDAR,HIGH
12,2008,5,6,MONSOON,5 -> 6,ZERO_BASED_TO_CALENDAR,HIGH
13,2008,5,6,MONSOON,5 -> 6,ZERO_BASED_TO_CALENDAR,HIGH
14,2008,5,6,MONSOON,5 -> 6,ZERO_BASED_TO_CALENDAR,HIGH
15,2008,5,6,MONSOON,5 -> 6,ZERO_BASED_TO_CALENDAR,HIGH
16,2008,5,6,MONSOON,5 -> 6,ZERO_BASED_TO_CALENDAR,HIGH
17,2008,5,6,MONSOON,5 -> 6,ZERO_BASED_TO_CALENDAR,HIGH
18,2008,5,6,MONSOON,5 -> 6,ZERO_BASED_TO_CALENDAR,HIGH
19,2008,5,6,MONSOON,5 -> 6,ZERO_BASED_TO_CALENDAR,HIGH
20,2008,5,6,MONSOON,5 -> 6,ZERO_BASED_TO_CALENDAR,HIGH
21,2008,5,6,MONSOON,5 -> 6,ZERO_BASED_TO_CALENDAR,HIGH
22,2008,5,6,MONSOON,5 -> 6,ZERO_BASED_TO_CALENDAR,HIGH
23,2008,5,6,MONSOON,5 -> 6,ZERO_BASED_TO_CALENDAR,HIGH
24,2008,5,6,MONSOON,5 -> 6,ZERO_BASED_TO_CALENDAR,HIGH
25,2008,5,6,MONSOON,5 -> 6,ZERO_BASED_TO_CALENDAR,HIGH
26,2008,5,6,MONSOON,5 -> 6,ZERO_BASED_TO_CALENDAR,HIGH
27,2008,5,6,MONSOON,5 -> 6,ZERO_BASED_TO_CALENDAR,HIGH
28,2008,5,6,MONSOON,5 -> 6,ZERO_BASED_TO_CALENDAR,HIGH
29,2008,5,6,MONSOON,5 -> 6,ZERO_BASED_TO_CALENDAR,HIGH
30,2008,5,6,MONSOON,5 -> 6,ZERO_BASED_TO_CALENDAR,HIGH
31,2008,5,6,MONSOON,5 -> 6,ZERO_BASED_TO_CALENDAR,HIGH
32,2008,5,6,MONSOON,5 -> 6,ZERO_BASED_TO_CALENDAR,HIGH
33,2008,5,6,MONSOON,5 -> 6,ZERO_BASED_TO_CALENDAR,HIGH
34,2008,5,6,MONSOON,5 -> 6,ZERO_BASED_TO_CALENDAR,HIGH
35,2008,5,6,MONSOON,5 -> 6,ZERO_BASED_TO_CALENDAR,HIGH
0,2008,1,2,WINTER,1 -> 2,ZERO_BASED_TO_CALENDAR,HIGH
1,2008,1,2,WINTER,1 -> 2,ZERO_BASED_TO_CALENDAR,HIGH
2,2008,1,2,WINTER,1 -> 2,ZERO_BASED_TO_CALENDAR,HIGH
3,2008,1,2,WINTER,1 -> 2,ZERO_BASED_TO_CALENDAR,HIGH
4,2008,1,2,WINTER,1 -> 2,ZERO_BASED_TO_CALENDAR,HIGH
5,2008,1,2,WINTER,1 -> 2,ZERO_BASED_TO_CALENDAR,HIGH
6,2008,1,2,WINTER,1 -> 2,ZERO_BASED_TO_CALENDAR,HIGH
7,2008,1,2,WINTER,1 -> 2,ZERO_BASED_TO_CALENDAR,HIGH
8,2008,1,2,WINTER,1 -> 2,ZERO_BASED_TO_CALENDAR,HIGH
9,2008,1,2,WINTER,1 -> 2,ZERO_BASED_TO_CALENDAR,HIGH
10,2008,1,2,WINTER,1 -> 2,ZERO_BASED_TO_CALENDAR,HIGH
11,2008,1,2,WINTER,1 -> 2,ZERO_BASED_TO_CALENDAR,HIGH
12,2008,1,2,WINTER,1 -> 2,ZERO_BASED_TO_CALENDAR,HIGH
13,2008,1,2,WINTER,1 -> 2,ZERO_BASED_TO_CALENDAR,HIGH
14,2008,1,2,WINTER,1 -> 2,ZERO_BASED_TO_CALENDAR,HIGH
15,2008,1,2,WINTER,1 -> 2,ZERO_BASED_TO_CALENDAR,HIGH
16,2008,1,2,WINTER,1 -> 2,ZERO_BASED_TO_CALENDAR,HIGH
17,2008,1,2,WINTER,1 -> 2,ZERO_BASED_TO_CALENDAR,HIGH
18,2008,1,2,WINTER,1 -> 2,ZERO_BASED_TO_CALENDAR,HIGH
19,2008,1,2,WINTER,1 -> 2,ZERO_BASED_TO_CALENDAR,HIGH
20,2008,1,2,WINTER,1 -> 2,ZERO_BASED_TO_CALENDAR,HIGH
21,2008,1,2,WINTER,1 -> 2,ZERO_BASED_TO_CALENDAR,HIGH
22,2008,1,2,WINTER,1 -> 2,ZERO_BASED_TO_CALENDAR,HIGH
23,2008,1,2,WINTER,1 -> 2,ZERO_BASED_TO_CALENDAR,HIGH
24,2008,1,2,WINTER,1 -> 2,ZERO_BASED_TO_CALENDAR,HIGH
25,2008,1,2,WINTER,1 -> 2,ZERO_BASED_TO_CALENDAR,HIGH
26,2008,1,2,WINTER,1 -> 2,ZERO_BASED_TO_CALENDAR,HIGH
27,2008,1,2,WINTER,1 -> 2,ZERO_BASED_TO_CALENDAR,HIGH
28,2008,1,2,WINTER,1 -> 2,ZERO_BASED_TO_CALENDAR,HIGH
29,2008,1,2,WINTER,1 -> 2,ZERO_BASED_TO_CALENDAR,HIGH
30,2008,1,2,WINTER,1 -> 2,ZERO_BASED_TO_CALENDAR,HIGH
31,2008,1,2,WINTER,1 -> 2,ZERO_BASED_TO_CALENDAR,HIGH
32,2008,1,2,WINTER,1 -> 2,ZERO_BASED_TO_CALENDAR,HIGH
33,2008,1,2,WINTER,1 -> 2,ZERO_BASED_TO_CALENDAR,HIGH
34,2008,1,2,WINTER,1 -> 2,ZERO_BASED_TO_CALENDAR,HIGH
35,2008,1,2,WINTER,1 -> 2,ZERO_BASED_TO_CALENDAR,HIGH
0,2008,11,12,WINTER,11 -> 12,ZERO_BASED_TO_CALENDAR,HIGH
1,2008,11,12,WINTER,11 -> 12,ZERO_BASED_TO_CALENDAR,HIGH
2,2008,11,12,WINTER,11 -> 12,ZERO_BASED_TO_CALENDAR,HIGH
3,2008,11,12,WINTER,11 -> 12,ZERO_BASED_TO_CALENDAR,HIGH
4,2008,11,12,WINTER,11 -> 12,ZERO_BASED_TO_CALENDAR,HIGH
5,2008,11,12,WINTER,11 -> 12,ZERO_BASED_TO_CALENDAR,HIGH
6,2008,11,12,WINTER,11 -> 12,ZERO_BASED_TO_CALENDAR,HIGH
7,2008,11,12,WINTER,11 -> 12,ZERO_BASED_TO_CALENDAR,HIGH
8,2008,11,12,WINTER,11 -> 12,ZERO_BASED_TO_CALENDAR,HIGH
9,2008,11,12,WINTER,11 -> 12,ZERO_BASED_TO_CALENDAR,HIGH
10,2008,11,12,WINTER,11 -> 12,ZERO_BASED_TO_CALENDAR,HIGH
11,2008,11,12,WINTER,11 -> 12,ZERO_BASED_TO_CALENDAR,HIGH
12,2008,11,12,WINTER,11 -> 12,ZERO_BASED_TO_CALENDAR,HIGH
13,2008,11,12,WINTER,11 -> 12,ZERO_BASED_TO_CALENDAR,HIGH
14,2008,11,12,WINTER,11 -> 12,ZERO_BASED_TO_CALENDAR,HIGH
15,2008,11,12,WINTER,11 -> 12,ZERO_BASED_TO_CALENDAR,HIGH
16,2008,11,12,WINTER,11 -> 12,ZERO_BASED_TO_CALENDAR,HIGH
17,2008,11,12,WINTER,11 -> 12,ZERO_BASED_TO_CALENDAR,HIGH
18,2008,11,12,WINTER,11 -> 12,ZERO_BASED_TO_CALENDAR,HIGH
19,2008,11,12,WINTER,11 -> 12,ZERO_BASED_TO_CALENDAR,HIGH
20,2008,11,12,WINTER,11 -> 12,ZERO_BASED_TO_CALENDAR,HIGH
21,2008,11,12,WINTER,11 -> 12,ZERO_BASED_TO_CALENDAR,HIGH
22,2008,11,12,WINTER,11 -> 12,ZERO_BASED_TO_CALENDAR,HIGH
23,2008,11,12,WINTER,11 -> 12,ZERO_BASED_TO_CALENDAR,HIGH
24,2008,11,12,WINTER,11 -> 12,ZERO_BASED_TO_CALENDAR,HIGH
25,2008,11,12,WINTER,11 -> 12,ZERO_BASED_TO_CALENDAR,HIGH
26,2008,11,12,WINTER,11 -> 12,ZERO_BASED_TO_CALENDAR,HIGH
27,2008,11,12,WINTER,11 -> 12,ZERO_BASED_TO_CALENDAR,HIGH
28,2008,11,12,WINTER,11 -> 12,ZERO_BASED_TO_CALENDAR,HIGH
29,2008,11,12,WINTER,11 -> 12,ZERO_BASED_TO_CALENDAR,HIGH
30,2008,11,12,WINTER,11 -> 12,ZERO_BASED_TO_CALENDAR,HIGH
31,2008,11,12,WINTER,11 -> 12,ZERO_BASED_TO_CALENDAR,HIGH
32,2008,11,12,WINTER,11 -> 12,ZERO_BASED_TO_CALENDAR,HIGH
33,2008,11,12,WINTER,11 -> 12,ZERO_BASED_TO_CALENDAR,HIGH
34,2008,11,12,WINTER,11 -> 12,ZERO_BASED_TO_CALENDAR,HIGH
35,2008,11,12,WINTER,11 -> 12,ZERO_BASED_TO_CALENDAR,HIGH
0,2008,10,11,POST_MONSOON,10 -> 11,ZERO_BASED_TO_CALENDAR,HIGH
1,2008,10,11,POST_MONSOON,10 -> 11,ZERO_BASED_TO_CALENDAR,HIGH
2,2008,10,11,POST_MONSOON,10 -> 11,ZERO_BASED_TO_CALENDAR,HIGH
3,2008,10,11,POST_MONSOON,10 -> 11,ZERO_BASED_TO_CALENDAR,HIGH
4,2008,10,11,POST_MONSOON,10 -> 11,ZERO_BASED_TO_CALENDAR,HIGH
5,2008,10,11,POST_MONSOON,10 -> 11,ZERO_BASED_TO_CALENDAR,HIGH
6,2008,10,11,POST_MONSOON,10 -> 11,ZERO_BASED_TO_CALENDAR,HIGH
7,2008,10,11,POST_MONSOON,10 -> 11,ZERO_BASED_TO_CALENDAR,HIGH
8,2008,10,11,POST_MONSOON,10 -> 11,ZERO_BASED_TO_CALENDAR,HIGH
9,2008,10,11,POST_MONSOON,10 -> 11,ZERO_BASED_TO_CALENDAR,HIGH
10,2008,10,11,POST_MONSOON,10 -> 11,ZERO_BASED_TO_CALENDAR,HIGH
11,2008,10,11,POST_MONSOON,10 -> 11,ZERO_BASED_TO_CALENDAR,HIGH
12,2008,10,11,POST_MONSOON,10 -> 11,ZERO_BASED_TO_CALENDAR,HIGH
13,2008,10,11,POST_MONSOON,10 -> 11,ZERO_BASED_TO_CALENDAR,HIGH
14,2008,10,11,POST_MONSOON,10 -> 11,ZERO_BASED_TO_CALENDAR,HIGH
15,2008,10,11,POST_MONSOON,10 -> 11,ZERO_BASED_TO_CALENDAR,HIGH
16,2008,10,11,POST_MONSOON,10 -> 11,ZERO_BASED_TO_CALENDAR,HIGH
17,2008,10,11,POST_MONSOON,10 -> 11,ZERO_BASED_TO_CALENDAR,HIGH
18,2008,10,11,POST_MONSOON,10 -> 11,ZERO_BASED_TO_CALENDAR,HIGH
19,2008,10,11,POST_MONSOON,10 -> 11,ZERO_BASED_TO_CALENDAR,HIGH
20,2008,10,11,POST_MONSOON,10 -> 11,ZERO_BASED_TO_CALENDAR,HIGH
21,2008,10,11,POST_MONSOON,10 -> 11,ZERO_BASED_TO_CALENDAR,HIGH
22,2008,10,11,POST_MONSOON,10 -> 11,ZERO_BASED_TO_CALENDAR,HIGH
23,2008,10,11,POST_MONSOON,10 -> 11,ZERO_BASED_TO_CALENDAR,HIGH
24,2008,10,11,POST_MONSOON,10 -> 11,ZERO_BASED_TO_CALENDAR,HIGH
25,2008,10,11,POST_MONSOON,10 -> 11,ZERO_BASED_TO_CALENDAR,HIGH
26,2008,10,11,POST_MONSOON,10 -> 11,ZERO_BASED_TO_CALENDAR,HIGH
27,2008,10,11,POST_MONSOON,10 -> 11,ZERO_BASED_TO_CALENDAR,HIGH
28,2008,10,11,POST_MONSOON,10 -> 11,ZERO_BASED_TO_CALENDAR,HIGH
29,2008,10,11,POST_MONSOON,10 -> 11,ZERO_BASED_TO_CALENDAR,HIGH
30,2008,10,11,POST_MONSOON,10 -> 11,ZERO_BASED_TO_CALENDAR,HIGH
31,2008,10,11,POST_MONSOON,10 -> 11,ZERO_BASED_TO_CALENDAR,HIGH
32,2008,10,11,POST_MONSOON,10 -> 11,ZERO_BASED_TO_CALENDAR,HIGH
33,2008,10,11,POST_MONSOON,10 -> 11,ZERO_BASED_TO_CALENDAR,HIGH
34,2008,10,11,POST_MONSOON,10 -> 11,ZERO_BASED_TO_CALENDAR,HIGH
35,2008,10,11,POST_MONSOON,10 -> 11,ZERO_BASED_TO_CALENDAR,HIGH
0,2008,9,10,POST_MONSOON,9 -> 10,ZERO_BASED_TO_CALENDAR,HIGH
1,2008,9,10,POST_MONSOON,9 -> 10,ZERO_BASED_TO_CALENDAR,HIGH
2,2008,9,10,POST_MONSOON,9 -> 10,ZERO_BASED_TO_CALENDAR,HIGH
3,2008,9,10,POST_MONSOON,9 -> 10,ZERO_BASED_TO_CALENDAR,HIGH
4,2008,9,10,POST_MONSOON,9 -> 10,ZERO_BASED_TO_CALENDAR,HIGH
5,2008,9,10,POST_MONSOON,9 -> 10,ZERO_BASED_TO_CALENDAR,HIGH
6,2008,9,10,POST_MONSOON,9 -> 10,ZERO_BASED_TO_CALENDAR,HIGH
7,2008,9,10,POST_MONSOON,9 -> 10,ZERO_BASED_TO_CALENDAR,HIGH
8,2008,9,10,POST_MONSOON,9 -> 10,ZERO_BASED_TO_CALENDAR,HIGH
9,2008,9,10,POST_MONSOON,9 -> 10,ZERO_BASED_TO_CALENDAR,HIGH
10,2008,9,10,POST_MONSOON,9 -> 10,ZERO_BASED_TO_CALENDAR,HIGH
11,2008,9,10,POST_MONSOON,9 -> 10,ZERO_BASED_TO_CALENDAR,HIGH
12,2008,9,10,POST_MONSOON,9 -> 10,ZERO_BASED_TO_CALENDAR,HIGH
13,2008,9,10,POST_MONSOON,9 -> 10,ZERO_BASED_TO_CALENDAR,HIGH
14,2008,9,10,POST_MONSOON,9 -> 10,ZERO_BASED_TO_CALENDAR,HIGH
15,2008,9,10,POST_MONSOON,9 -> 10,ZERO_BASED_TO_CALENDAR,HIGH
16,2008,9,10,POST_MONSOON,9 -> 10,ZERO_BASED_TO_CALENDAR,HIGH
17,2008,9,10,POST_MONSOON,9 -> 10,ZERO_BASED_TO_CALENDAR,HIGH
18,2008,9,10,POST_MONSOON,9 -> 10,ZERO_BASED_TO_CALENDAR,HIGH
19,2008,9,10,POST_MONSOON,9 -> 10,ZERO_BASED_TO_CALENDAR,HIGH
20,2008,9,10,POST_MONSOON,9 -> 10,ZERO_BASED_TO_CALENDAR,HIGH
21,2008,9,10,POST_MONSOON,9 -> 10,ZERO_BASED_TO_CALENDAR,HIGH
22,2008,9,10,POST_MONSOON,9 -> 10,ZERO_BASED_TO_CALENDAR,HIGH
23,2008,9,10,POST_MONSOON,9 -> 10,ZERO_BASED_TO_CALENDAR,HIGH
24,2008,9,10,POST_MONSOON,9 -> 10,ZERO_BASED_TO_CALENDAR,HIGH
25,2008,9,10,POST_MONSOON,9 -> 10,ZERO_BASED_TO_CALENDAR,HIGH
26,2008,9,10,POST_MONSOON,9 -> 10,ZERO_BASED_TO_CALENDAR,HIGH
27,2008,9,10,POST_MONSOON,9 -> 10,ZERO_BASED_TO_CALENDAR,HIGH
28,2008,9,10,POST_MONSOON,9 -> 10,ZERO_BASED_TO_CALENDAR,HIGH
29,2008,9,10,POST_MONSOON,9 -> 10,ZERO_BASED_TO_CALENDAR,HIGH
30,2008,9,10,POST_MONSOON,9 -> 10,ZERO_BASED_TO_CALENDAR,HIGH
31,2008,9,10,POST_MONSOON,9 -> 10,ZERO_BASED_TO_CALENDAR,HIGH
32,2008,9,10,POST_MONSOON,9 -> 10,ZERO_BASED_TO_CALENDAR,HIGH
33,2008,9,10,POST_MONSOON,9 -> 10,ZERO_BASED_TO_CALENDAR,HIGH
34,2008,9,10,POST_MONSOON,9 -> 10,ZERO_BASED_TO_CALENDAR,HIGH
35,2008,9,10,POST_MONSOON,9 -> 10,ZERO_BASED_TO_CALENDAR,HIGH
0,2008,2,3,PRE_MONSOON,2 -> 3,ZERO_BASED_TO_CALENDAR,HIGH
1,2008,2,3,PRE_MONSOON,2 -> 3,ZERO_BASED_TO_CALENDAR,HIGH
2,2008,2,3,PRE_MONSOON,2 -> 3,ZERO_BASED_TO_CALENDAR,HIGH
3,2008,2,3,PRE_MONSOON,2 -> 3,ZERO_BASED_TO_CALENDAR,HIGH
4,2008,2,3,PRE_MONSOON,2 -> 3,ZERO_BASED_TO_CALENDAR,HIGH
5,2008,2,3,PRE_MONSOON,2 -> 3,ZERO_BASED_TO_CALENDAR,HIGH
6,2008,2,3,PRE_MONSOON,2 -> 3,ZERO_BASED_TO_CALENDAR,HIGH
7,2008,2,3,PRE_MONSOON,2 -> 3,ZERO_BASED_TO_CALENDAR,HIGH
8,2008,2,3,PRE_MONSOON,2 -> 3,ZERO_BASED_TO_CALENDAR,HIGH
9,2008,2,3,PRE_MONSOON,2 -> 3,ZERO_BASED_TO_CALENDAR,HIGH
10,2008,2,3,PRE_MONSOON,2 -> 3,ZERO_BASED_TO_CALENDAR,HIGH
11,2008,2,3,PRE_MONSOON,2 -> 3,ZERO_BASED_TO_CALENDAR,HIGH
12,2008,2,3,PRE_MONSOON,2 -> 3,ZERO_BASED_TO_CALENDAR,HIGH
13,2008,2,3,PRE_MONSOON,2 -> 3,ZERO_BASED_TO_CALENDAR,HIGH
14,2008,2,3,PRE_MONSOON,2 -> 3,ZERO_BASED_TO_CALENDAR,HIGH
15,2008,2,3,PRE_MONSOON,2 -> 3,ZERO_BASED_TO_CALENDAR,HIGH
16,2008,2,3,PRE_MONSOON,2 -> 3,ZERO_BASED_TO_CALENDAR,HIGH
17,2008,2,3,PRE_MONSOON,2 -> 3,ZERO_BASED_TO_CALENDAR,HIGH
18,2008,2,3,PRE_MONSOON,2 -> 3,ZERO_BASED_TO_CALENDAR,HIGH
19,2008,2,3,PRE_MONSOON,2 -> 3,ZERO_BASED_TO_CALENDAR,HIGH
20,2008,2,3,PRE_MONSOON,2 -> 3,ZERO_BASED_TO_CALENDAR,HIGH
21,2008,2,3,PRE_MONSOON,2 -> 3,ZERO_BASED_TO_CALENDAR,HIGH
22,2008,2,3,PRE_MONSOON,2 -> 3,ZERO_BASED_TO_CALENDAR,HIGH
23,2008,2,3,PRE_MONSOON,2 -> 3,ZERO_BASED_TO_CALENDAR,HIGH
24,2008,2,3,PRE_MONSOON,2 -> 3,ZERO_BASED_TO_CALENDAR,HIGH
25,2008,2,3,PRE_MONSOON,2 -> 3,ZERO_BASED_TO_CALENDAR,HIGH
26,2008,2,3,PRE_MONSOON,2 -> 3,ZERO_BASED_TO_CALENDAR,HIGH
27,2008,2,3,PRE_MONSOON,2 -> 3,ZERO_BASED_TO_CALENDAR,HIGH
28,2008,2,3,PRE_MONSOON,2 -> 3,ZERO_BASED_TO_CALENDAR,HIGH
29,2008,2,3,PRE_MONSOON,2 -> 3,ZERO_BASED_TO_CALENDAR,HIGH
30,2008,2,3,PRE_MONSOON,2 -> 3,ZERO_BASED_TO_CALENDAR,HIGH
31,2008,2,3,PRE_MONSOON,2 -> 3,ZERO_BASED_TO_CALENDAR,HIGH
32,2008,2,3,PRE_MONSOON,2 -> 3,ZERO_BASED_TO_CALENDAR,HIGH
33,2008,2,3,PRE_MONSOON,2 -> 3,ZERO_BASED_TO_CALENDAR,HIGH
34,2008,2,3,PRE_MONSOON,2 -> 3,ZERO_BASED_TO_CALENDAR,HIGH
35,2008,2,3,PRE_MONSOON,2 -> 3,ZERO_BASED_TO_CALENDAR,HIGH
0,2009,4,5,PRE_MONSOON,4 -> 5,ZERO_BASED_TO_CALENDAR,HIGH
1,2009,4,5,PRE_MONSOON,4 -> 5,ZERO_BASED_TO_CALENDAR,HIGH
2,2009,4,5,PRE_MONSOON,4 -> 5,ZERO_BASED_TO_CALENDAR,HIGH
3,2009,4,5,PRE_MONSOON,4 -> 5,ZERO_BASED_TO_CALENDAR,HIGH
4,2009,4,5,PRE_MONSOON,4 -> 5,ZERO_BASED_TO_CALENDAR,HIGH
5,2009,4,5,PRE_MONSOON,4 -> 5,ZERO_BASED_TO_CALENDAR,HIGH
6,2009,4,5,PRE_MONSOON,4 -> 5,ZERO_BASED_TO_CALENDAR,HIGH
7,2009,4,5,PRE_MONSOON,4 -> 5,ZERO_BASED_TO_CALENDAR,HIGH
8,2009,4,5,PRE_MONSOON,4 -> 5,ZERO_BASED_TO_CALENDAR,HIGH
9,2009,4,5,PRE_MONSOON,4 -> 5,ZERO_BASED_TO_CALENDAR,HIGH
10,2009,4,5,PRE_MONSOON,4 -> 5,ZERO_BASED_TO_CALENDAR,HIGH
11,2009,4,5,PRE_MONSOON,4 -> 5,ZERO_BASED_TO_CALENDAR,HIGH
12,2009,4,5,PRE_MONSOON,4 -> 5,ZERO_BASED_TO_CALENDAR,HIGH
13,2009,4,5,PRE_MONSOON,4 -> 5,ZERO_BASED_TO_CALENDAR,HIGH
14,2009,4,5,PRE_MONSOON,4 -> 5,ZERO_BASED_TO_CALENDAR,HIGH
15,2009,4,5,PRE_MONSOON,4 -> 5,ZERO_BASED_TO_CALENDAR,HIGH
16,2009,4,5,PRE_MONSOON,4 -> 5,ZERO_BASED_TO_CALENDAR,HIGH
17,2009,4,5,PRE_MONSOON,4 -> 5,ZERO_BASED_TO_CALENDAR,HIGH
18,2009,4,5,PRE_MONSOON,4 -> 5,ZERO_BASED_TO_CALENDAR,HIGH
19,2009,4,5,PRE_MONSOON,4 -> 5,ZERO_BASED_TO_CALENDAR,HIGH
20,2009,4,5,PRE_MONSOON,4 -> 5,ZERO_BASED_TO_CALENDAR,HIGH
21,2009,4,5,PRE_MONSOON,4 -> 5,ZERO_BASED_TO_CALENDAR,HIGH
22,2009,4,5,PRE_MONSOON,4 -> 5,ZERO_BASED_TO_CALENDAR,HIGH
23,2009,4,5,PRE_MONSOON,4 -> 5,ZERO_BASED_TO_CALENDAR,HIGH
24,2009,4,5,PRE_MONSOON,4 -> 5,ZERO_BASED_TO_CALENDAR,HIGH
25,2009,4,5,PRE_MONSOON,4 -> 5,ZERO_BASED_TO_CALENDAR,HIGH
26,2009,4,5,PRE_MONSOON,4 -> 5,ZERO_BASED_TO_CALENDAR,HIGH
27,2009,4,5,PRE_MONSOON,4 -> 5,ZERO_BASED_TO_CALENDAR,HIGH
28,2009,4,5,PRE_MONSOON,4 -> 5,ZERO_BASED_TO_CALENDAR,HIGH
29,2009,4,5,PRE_MONSOON,4 -> 5,ZERO_BASED_TO_CALENDAR,HIGH
30,2009,4,5,PRE_MONSOON,4 -> 5,ZERO_BASED_TO_CALENDAR,HIGH
31,2009,4,5,PRE_MONSOON,4 -> 5,ZERO_BASED_TO_CALENDAR,HIGH
32,2009,4,5,PRE_MONSOON,4 -> 5,ZERO_BASED_TO_CALENDAR,HIGH
33,2009,4,5,PRE_MONSOON,4 -> 5,ZERO_BASED_TO_CALENDAR,HIGH
34,2009,4,5,PRE_MONSOON,4 -> 5,ZERO_BASED_TO_CALENDAR,HIGH
35,2009,4,5,PRE_MONSOON,4 -> 5,ZERO_BASED_TO_CALENDAR,HIGH
0,2009,3,4,PRE_MONSOON,3 -> 4,ZERO_BASED_TO_CALENDAR,HIGH
1,2009,3,4,PRE_MONSOON,3 -> 4,ZERO_BASED_TO_CALENDAR,HIGH
2,2009,3,4,PRE_MONSOON,3 -> 4,ZERO_BASED_TO_CALENDAR,HIGH
3,2009,3,4,PRE_MONSOON,3 -> 4,ZERO_BASED_TO_CALENDAR,HIGH
4,2009,3,4,PRE_MONSOON,3 -> 4,ZERO_BASED_TO_CALENDAR,HIGH
5,2009,3,4,PRE_MONSOON,3 -> 4,ZERO_BASED_TO_CALENDAR,HIGH
6,2009,3,4,PRE_MONSOON,3 -> 4,ZERO_BASED_TO_CALENDAR,HIGH
7,2009,3,4,PRE_MONSOON,3 -> 4,ZERO_BASED_TO_CALENDAR,HIGH
8,2009,3,4,PRE_MONSOON,3 -> 4,ZERO_BASED_TO_CALENDAR,HIGH
9,2009,3,4,PRE_MONSOON,3 -> 4,ZERO_BASED_TO_CALENDAR,HIGH
10,2009,3,4,PRE_MONSOON,3 -> 4,ZERO_BASED_TO_CALENDAR,HIGH
11,2009,3,4,PRE_MONSOON,3 -> 4,ZERO_BASED_TO_CALENDAR,HIGH
12,2009,3,4,PRE_MONSOON,3 -> 4,ZERO_BASED_TO_CALENDAR,HIGH
13,2009,3,4,PRE_MONSOON,3 -> 4,ZERO_BASED_TO_CALENDAR,HIGH
14,2009,3,4,PRE_MONSOON,3 -> 4,ZERO_BASED_TO_CALENDAR,HIGH
15,2009,3,4,PRE_MONSOON,3 -> 4,ZERO_BASED_TO_CALENDAR,HIGH
16,2009,3,4,PRE_MONSOON,3 -> 4,ZERO_BASED_TO_CALENDAR,HIGH
17,2009,3,4,PRE_MONSOON,3 -> 4,ZERO_BASED_TO_CALENDAR,HIGH
18,2009,3,4,PRE_MONSOON,3 -> 4,ZERO_BASED_TO_CALENDAR,HIGH
19,2009,3,4,PRE_MONSOON,3 -> 4,ZERO_BASED_TO_CALENDAR,HIGH
20,2009,3,4,PRE_MONSOON,3 -> 4,ZERO_BASED_TO_CALENDAR,HIGH
21,2009,3,4,PRE_MONSOON,3 -> 4,ZERO_BASED_TO_CALENDAR,HIGH
22,2009,3,4,PRE_MONSOON,3 -> 4,ZERO_BASED_TO_CALENDAR,HIGH
23,2009,3,4,PRE_MONSOON,3 -> 4,ZERO_BASED_TO_CALENDAR,HIGH
24,2009,3,4,PRE_MONSOON,3 -> 4,ZERO_BASED_TO_CALENDAR,HIGH
25,2009,3,4,PRE_MONSOON,3 -> 4,ZERO_BASED_TO_CALENDAR,HIGH
26,2009,3,4,PRE_MONSOON,3 -> 4,ZERO_BASED_TO_CALENDAR,HIGH
27,2009,3,4,PRE_MONSOON,3 -> 4,ZERO_BASED_TO_CALENDAR,HIGH
28,2009,3,4,PRE_MONSOON,3 -> 4,ZERO_BASED_TO_CALENDAR,HIGH
29,2009,3,4,PRE_MONSOON,3 -> 4,ZERO_BASED_TO_CALENDAR,HIGH
30,2009,3,4,PRE_MONSOON,3 -> 4,ZERO_BASED_TO_CALENDAR,HIGH
31,2009,3,4,PRE_MONSOON,3 -> 4,ZERO_BASED_TO_CALENDAR,HIGH
32,2009,3,4,PRE_MONSOON,3 -> 4,ZERO_BASED_TO_CALENDAR,HIGH
33,2009,3,4,PRE_MONSOON,3 -> 4,ZERO_BASED_TO_CALENDAR,HIGH
34,2009,3,4,PRE_MONSOON,3 -> 4,ZERO_BASED_TO_CALENDAR,HIGH
35,2009,3,4,PRE_MONSOON,3 -> 4,ZERO_BASED_TO_CALENDAR,HIGH
0,2009,7,8,MONSOON,7 -> 8,ZERO_BASED_TO_CALENDAR,HIGH
1,2009,7,8,MONSOON,7 -> 8,ZERO_BASED_TO_CALENDAR,HIGH
2,2009,7,8,MONSOON,7 -> 8,ZERO_BASED_TO_CALENDAR,HIGH
3,2009,7,8,MONSOON,7 -> 8,ZERO_BASED_TO_CALENDAR,HIGH
4,2009,7,8,MONSOON,7 -> 8,ZERO_BASED_TO_CALENDAR,HIGH
5,2009,7,8,MONSOON,7 -> 8,ZERO_BASED_TO_CALENDAR,HIGH
6,2009,7,8,MONSOON,7 -> 8,ZERO_BASED_TO_CALENDAR,HIGH
7,2009,7,8,MONSOON,7 -> 8,ZERO_BASED_TO_CALENDAR,HIGH
8,2009,7,8,MONSOON,7 -> 8,ZERO_BASED_TO_CALENDAR,HIGH
9,2009,7,8,MONSOON,7 -> 8,ZERO_BASED_TO_CALENDAR,HIGH
10,2009,7,8,MONSOON,7 -> 8,ZERO_BASED_TO_CALENDAR,HIGH
11,2009,7,8,MONSOON,7 -> 8,ZERO_BASED_TO_CALENDAR,HIGH
12,2009,7,8,MONSOON,7 -> 8,ZERO_BASED_TO_CALENDAR,HIGH
13,2009,7,8,MONSOON,7 -> 8,ZERO_BASED_TO_CALENDAR,HIGH
14,2009,7,8,MONSOON,7 -> 8,ZERO_BASED_TO_CALENDAR,HIGH
15,2009,7,8,MONSOON,7 -> 8,ZERO_BASED_TO_CALENDAR,HIGH
16,2009,7,8,MONSOON,7 -> 8,ZERO_BASED_TO_CALENDAR,HIGH
17,2009,7,8,MONSOON,7 -> 8,ZERO_BASED_TO_CALENDAR,HIGH
18,2009,7,8,MONSOON,7 -> 8,ZERO_BASED_TO_CALENDAR,HIGH
19,2009,7,8,MONSOON,7 -> 8,ZERO_BASED_TO_CALENDAR,HIGH
20,2009,7,8,MONSOON,7 -> 8,ZERO_BASED_TO_CALENDAR,HIGH
21,2009,7,8,MONSOON,7 -> 8,ZERO_BASED_TO_CALENDAR,HIGH
22,2009,7,8,MONSOON,7 -> 8,ZERO_BASED_TO_CALENDAR,HIGH
23,2009,7,8,MONSOON,7 -> 8,ZERO_BASED_TO_CALENDAR,HIGH
24,2009,7,8,MONSOON,7 -> 8,ZERO_BASED_TO_CALENDAR,HIGH
25,2009,7,8,MONSOON,7 -> 8,ZERO_BASED_TO_CALENDAR,HIGH
26,2009,7,8,MONSOON,7 -> 8,ZERO_BASED_TO_CALENDAR,HIGH
27,2009,7,8,MONSOON,7 -> 8,ZERO_BASED_TO_CALENDAR,HIGH
28,2009,7,8,MONSOON,7 -> 8,ZERO_BASED_TO_CALENDAR,HIGH
29,2009,7,8,MONSOON,7 -> 8,ZERO_BASED_TO_CALENDAR,HIGH
30,2009,7,8,MONSOON,7 -> 8,ZERO_BASED_TO_CALENDAR,HIGH
31,2009,7,8,MONSOON,7 -> 8,ZERO_BASED_TO_CALENDAR,HIGH
32,2009,7,8,MONSOON,7 -> 8,ZERO_BASED_TO_CALENDAR,HIGH
33,2009,7,8,MONSOON,7 -> 8,ZERO_BASED_TO_CALENDAR,HIGH
34,2009,7,8,MONSOON,7 -> 8,ZERO_BASED_TO_CALENDAR,HIGH
35,2009,7,8,MONSOON,7 -> 8,ZERO_BASED_TO_CALENDAR,HIGH
0,2009,0,1,WINTER,0 -> 1,ZERO_BASED_TO_CALENDAR,HIGH
1,2009,0,1,WINTER,0 -> 1,ZERO_BASED_TO_CALENDAR,HIGH
2,2009,0,1,WINTER,0 -> 1,ZERO_BASED_TO_CALENDAR,HIGH
3,2009,0,1,WINTER,0 -> 1,ZERO_BASED_TO_CALENDAR,HIGH
4,2009,0,1,WINTER,0 -> 1,ZERO_BASED_TO_CALENDAR,HIGH
5,2009,0,1,WINTER,0 -> 1,ZERO_BASED_TO_CALENDAR,HIGH
6,2009,0,1,WINTER,0 -> 1,ZERO_BASED_TO_CALENDAR,HIGH
7,2009,0,1,WINTER,0 -> 1,ZERO_BASED_TO_CALENDAR,HIGH
8,2009,0,1,WINTER,0 -> 1,ZERO_BASED_TO_CALENDAR,HIGH
9,2009,0,1,WINTER,0 -> 1,ZERO_BASED_TO_CALENDAR,HIGH
10,2009,0,1,WINTER,0 -> 1,ZERO_BASED_TO_CALENDAR,HIGH
11,2009,0,1,WINTER,0 -> 1,ZERO_BASED_TO_CALENDAR,HIGH
12,2009,0,1,WINTER,0 -> 1,ZERO_BASED_TO_CALENDAR,HIGH
13,2009,0,1,WINTER,0 -> 1,ZERO_BASED_TO_CALENDAR,HIGH
14,2009,0,1,WINTER,0 -> 1,ZERO_BASED_TO_CALENDAR,HIGH
15,2009,0,1,WINTER,0 -> 1,ZERO_BASED_TO_CALENDAR,HIGH
16,2009,0,1,WINTER,0 -> 1,ZERO_BASED_TO_CALENDAR,HIGH
17,2009,0,1,WINTER,0 -> 1,ZERO_BASED_TO_CALENDAR,HIGH
18,2009,0,1,WINTER,0 -> 1,ZERO_BASED_TO_CALENDAR,HIGH
19,2009,0,1,WINTER,0 -> 1,ZERO_BASED_TO_CALENDAR,HIGH
20,2009,0,1,WINTER,0 -> 1,ZERO_BASED_TO_CALENDAR,HIGH
21,2009,0,1,WINTER,0 -> 1,ZERO_BASED_TO_CALENDAR,HIGH
22,2009,0,1,WINTER,0 -> 1,ZERO_BASED_TO_CALENDAR,HIGH
23,2009,0,1,WINTER,0 -> 1,ZERO_BASED_TO_CALENDAR,HIGH
24,2009,0,1,WINTER,0 -> 1,ZERO_BASED_TO_CALENDAR,HIGH
25,2009,0,1,WINTER,0 -> 1,ZERO_BASED_TO_CALENDAR,HIGH
26,2009,0,1,WINTER,0 -> 1,ZERO_BASED_TO_CALENDAR,HIGH
27,2009,0,1,WINTER,0 -> 1,ZERO_BASED_TO_CALENDAR,HIGH
28,2009,0,1,WINTER,0 -> 1,ZERO_BASED_TO_CALENDAR,HIGH
29,2009,0,1,WINTER,0 -> 1,ZERO_BASED_TO_CALENDAR,HIGH
30,2009,0,1,WINTER,0 -> 1,ZERO_BASED_TO_CALENDAR,HIGH
31,2009,0,1,WINTER,0 -> 1,ZERO_BASED_TO_CALENDAR,HIGH
32,2009,0,1,WINTER,0 -> 1,ZERO_BASED_TO_CALENDAR,HIGH
33,2009,0,1,WINTER,0 -> 1,ZERO_BASED_TO_CALENDAR,HIGH
34,2009,0,1,WINTER,0 -> 1,ZERO_BASED_TO_CALENDAR,HIGH
35,2009,0,1,WINTER,0 -> 1,ZERO_BASED_TO_CALENDAR,HIGH
0,2009,8,9,MONSOON,8 -> 9,ZERO_BASED_TO_CALENDAR,HIGH
1,2009,8,9,MONSOON,8 -> 9,ZERO_BASED_TO_CALENDAR,HIGH
2,2009,8,9,MONSOON,8 -> 9,ZERO_BASED_TO_CALENDAR,HIGH
3,2009,8,9,MONSOON,8 -> 9,ZERO_BASED_TO_CALENDAR,HIGH
4,2009,8,9,MONSOON,8 -> 9,ZERO_BASED_TO_CALENDAR,HIGH
5,2009,8,9,MONSOON,8 -> 9,ZERO_BASED_TO_CALENDAR,HIGH
6,2009,8,9,MONSOON,8 -> 9,ZERO_BASED_TO_CALENDAR,HIGH
7,2009,8,9,MONSOON,8 -> 9,ZERO_BASED_TO_CALENDAR,HIGH
8,2009,8,9,MONSOON,8 -> 9,ZERO_BASED_TO_CALENDAR,HIGH
9,2009,8,9,MONSOON,8 -> 9,ZERO_BASED_TO_CALENDAR,HIGH
10,2009,8,9,MONSOON,8 -> 9,ZERO_BASED_TO_CALENDAR,HIGH
11,2009,8,9,MONSOON,8 -> 9,ZERO_BASED_TO_CALENDAR,HIGH
12,2009,8,9,MONSOON,8 -> 9,ZERO_BASED_TO_CALENDAR,HIGH
13,2009,8,9,MONSOON,8 -> 9,ZERO_BASED_TO_CALENDAR,HIGH
14,2009,8,9,MONSOON,8 -> 9,ZERO_BASED_TO_CALENDAR,HIGH
15,2009,8,9,MONSOON,8 -> 9,ZERO_BASED_TO_CALENDAR,HIGH
16,2009,8,9,MONSOON,8 -> 9,ZERO_BASED_TO_CALENDAR,HIGH
17,2009,8,9,MONSOON,8 -> 9,ZERO_BASED_TO_CALENDAR,HIGH
18,2009,8,9,MONSOON,8 -> 9,ZERO_BASED_TO_CALENDAR,HIGH
19,2009,8,9,MONSOON,8 -> 9,ZERO_BASED_TO_CALENDAR,HIGH
20,2009,8,9,MONSOON,8 -> 9,ZERO_BASED_TO_CALENDAR,HIGH
21,2009,8,9,MONSOON,8 -> 9,ZERO_BASED_TO_CALENDAR,HIGH
22,2009,8,9,MONSOON,8 -> 9,ZERO_BASED_TO_CALENDAR,HIGH
23,2009,8,9,MONSOON,8 -> 9,ZERO_BASED_TO_CALENDAR,HIGH
24,2009,8,9,MONSOON,8 -> 9,ZERO_BASED_TO_CALENDAR,HIGH
25,2009,8,9,MONSOON,8 -> 9,ZERO_BASED_TO_CALENDAR,HIGH
26,2009,8,9,MONSOON,8 -> 9,ZERO_BASED_TO_CALENDAR,HIGH
27,2009,8,9,MONSOON,8 -> 9,ZERO_BASED_TO_CALENDAR,HIGH
28,2009,8,9,MONSOON,8 -> 9,ZERO_BASED_TO_CALENDAR,HIGH
29,2009,8,9,MONSOON,8 -> 9,ZERO_BASED_TO_CALENDAR,HIGH
30,2009,8,9,MONSOON,8 -> 9,ZERO_BASED_TO_CALENDAR,HIGH
31,2009,8,9,MONSOON,8 -> 9,ZERO_BASED_TO_CALENDAR,HIGH
32,2009,8,9,MONSOON,8 -> 9,ZERO_BASED_TO_CALENDAR,HIGH
33,2009,8,9,MONSOON,8 -> 9,ZERO_BASED_TO_CALENDAR,HIGH
34,2009,8,9,MONSOON,8 -> 9,ZERO_BASED_TO_CALENDAR,HIGH
35,2009,8,9,MONSOON,8 -> 9,ZERO_BASED_TO_CALENDAR,HIGH
0,2009,6,7,MONSOON,6 -> 7,ZERO_BASED_TO_CALENDAR,HIGH
1,2009,6,7,MONSOON,6 -> 7,ZERO_BASED_TO_CALENDAR,HIGH
2,2009,6,7,MONSOON,6 -> 7,ZERO_BASED_TO_CALENDAR,HIGH
3,2009,6,7,MONSOON,6 -> 7,ZERO_BASED_TO_CALENDAR,HIGH
4,2009,6,7,MONSOON,6 -> 7,ZERO_BASED_TO_CALENDAR,HIGH
5,2009,6,7,MONSOON,6 -> 7,ZERO_BASED_TO_CALENDAR,HIGH
6,2009,6,7,MONSOON,6 -> 7,ZERO_BASED_TO_CALENDAR,HIGH
7,2009,6,7,MONSOON,6 -> 7,ZERO_BASED_TO_CALENDAR,HIGH
8,2009,6,7,MONSOON,6 -> 7,ZERO_BASED_TO_CALENDAR,HIGH
9,2009,6,7,MONSOON,6 -> 7,ZERO_BASED_TO_CALENDAR,HIGH
10,2009,6,7,MONSOON,6 -> 7,ZERO_BASED_TO_CALENDAR,HIGH
11,2009,6,7,MONSOON,6 -> 7,ZERO_BASED_TO_CALENDAR,HIGH
12,2009,6,7,MONSOON,6 -> 7,ZERO_BASED_TO_CALENDAR,HIGH
13,2009,6,7,MONSOON,6 -> 7,ZERO_BASED_TO_CALENDAR,HIGH
14,2009,6,7,MONSOON,6 -> 7,ZERO_BASED_TO_CALENDAR,HIGH
15,2009,6,7,MONSOON,6 -> 7,ZERO_BASED_TO_CALENDAR,HIGH
16,2009,6,7,MONSOON,6 -> 7,ZERO_BASED_TO_CALENDAR,HIGH
17,2009,6,7,MONSOON,6 -> 7,ZERO_BASED_TO_CALENDAR,HIGH
18,2009,6,7,MONSOON,6 -> 7,ZERO_BASED_TO_CALENDAR,HIGH
19,2009,6,7,MONSOON,6 -> 7,ZERO_BASED_TO_CALENDAR,HIGH
20,2009,6,7,MONSOON,6 -> 7,ZERO_BASED_TO_CALENDAR,HIGH
21,2009,6,7,MONSOON,6 -> 7,ZERO_BASED_TO_CALENDAR,HIGH
22,2009,6,7,MONSOON,6 -> 7,ZERO_BASED_TO_CALENDAR,HIGH
23,2009,6,7,MONSOON,6 -> 7,ZERO_BASED_TO_CALENDAR,HIGH
24,2009,6,7,MONSOON,6 -> 7,ZERO_BASED_TO_CALENDAR,HIGH
25,2009,6,7,MONSOON,6 -> 7,ZERO_BASED_TO_CALENDAR,HIGH
26,2009,6,7,MONSOON,6 -> 7,ZERO_BASED_TO_CALENDAR,HIGH
27,2009,6,7,MONSOON,6 -> 7,ZERO_BASED_TO_CALENDAR,HIGH
28,2009,6,7,MONSOON,6 -> 7,ZERO_BASED_TO_CALENDAR,HIGH
29,2009,6,7,MONSOON,6 -> 7,ZERO_BASED_TO_CALENDAR,HIGH
30,2009,6,7,MONSOON,6 -> 7,ZERO_BASED_TO_CALENDAR,HIGH
31,2009,6,7,MONSOON,6 -> 7,ZERO_BASED_TO_CALENDAR,HIGH
32,2009,6,7,MONSOON,6 -> 7,ZERO_BASED_TO_CALENDAR,HIGH
33,2009,6,7,MONSOON,6 -> 7,ZERO_BASED_TO_CALENDAR,HIGH
34,2009,6,7,MONSOON,6 -> 7,ZERO_BASED_TO_CALENDAR,HIGH
35,2009,6,7,MONSOON,6 -> 7,ZERO_BASED_TO_CALENDAR,HIGH
0,2009,5,6,MONSOON,5 -> 6,ZERO_BASED_TO_CALENDAR,HIGH
1,2009,5,6,MONSOON,5 -> 6,ZERO_BASED_TO_CALENDAR,HIGH
2,2009,5,6,MONSOON,5 -> 6,ZERO_BASED_TO_CALENDAR,HIGH
3,2009,5,6,MONSOON,5 -> 6,ZERO_BASED_TO_CALENDAR,HIGH
4,2009,5,6,MONSOON,5 -> 6,ZERO_BASED_TO_CALENDAR,HIGH
5,2009,5,6,MONSOON,5 -> 6,ZERO_BASED_TO_CALENDAR,HIGH
6,2009,5,6,MONSOON,5 -> 6,ZERO_BASED_TO_CALENDAR,HIGH
7,2009,5,6,MONSOON,5 -> 6,ZERO_BASED_TO_CALENDAR,HIGH
8,2009,5,6,MONSOON,5 -> 6,ZERO_BASED_TO_CALENDAR,HIGH
9,2009,5,6,MONSOON,5 -> 6,ZERO_BASED_TO_CALENDAR,HIGH
10,2009,5,6,MONSOON,5 -> 6,ZERO_BASED_TO_CALENDAR,HIGH
11,2009,5,6,MONSOON,5 -> 6,ZERO_BASED_TO_CALENDAR,HIGH
12,2009,5,6,MONSOON,5 -> 6,ZERO_BASED_TO_CALENDAR,HIGH
13,2009,5,6,MONSOON,5 -> 6,ZERO_BASED_TO_CALENDAR,HIGH
14,2009,5,6,MONSOON,5 -> 6,ZERO_BASED_TO_CALENDAR,HIGH
15,2009,5,6,MONSOON,5 -> 6,ZERO_BASED_TO_CALENDAR,HIGH
16,2009,5,6,MONSOON,5 -> 6,ZERO_BASED_TO_CALENDAR,HIGH
17,2009,5,6,MONSOON,5 -> 6,ZERO_BASED_TO_CALENDAR,HIGH
18,2009,5,6,MONSOON,5 -> 6,ZERO_BASED_TO_CALENDAR,HIGH
19,2009,5,6,MONSOON,5 -> 6,ZERO_BASED_TO_CALENDAR,HIGH
20,2009,5,6,MONSOON,5 -> 6,ZERO_BASED_TO_CALENDAR,HIGH
21,2009,5,6,MONSOON,5 -> 6,ZERO_BASED_TO_CALENDAR,HIGH
22,2009,5,6,MONSOON,5 -> 6,ZERO_BASED_TO_CALENDAR,HIGH
23,2009,5,6,MONSOON,5 -> 6,ZERO_BASED_TO_CALENDAR,HIGH
24,2009,5,6,MONSOON,5 -> 6,ZERO_BASED_TO_CALENDAR,HIGH
25,2009,5,6,MONSOON,5 -> 6,ZERO_BASED_TO_CALENDAR,HIGH
26,2009,5,6,MONSOON,5 -> 6,ZERO_BASED_TO_CALENDAR,HIGH
27,2009,5,6,MONSOON,5 -> 6,ZERO_BASED_TO_CALENDAR,HIGH
28,2009,5,6,MONSOON,5 -> 6,ZERO_BASED_TO_CALENDAR,HIGH
29,2009,5,6,MONSOON,5 -> 6,ZERO_BASED_TO_CALENDAR,HIGH
30,2009,5,6,MONSOON,5 -> 6,ZERO_BASED_TO_CALENDAR,HIGH
31,2009,5,6,MONSOON,5 -> 6,ZERO_BASED_TO_CALENDAR,HIGH
32,2009,5,6,MONSOON,5 -> 6,ZERO_BASED_TO_CALENDAR,HIGH
33,2009,5,6,MONSOON,5 -> 6,ZERO_BASED_TO_CALENDAR,HIGH
34,2009,5,6,MONSOON,5 -> 6,ZERO_BASED_TO_CALENDAR,HIGH
35,2009,5,6,MONSOON,5 -> 6,ZERO_BASED_TO_CALENDAR,HIGH
0,2009,1,2,WINTER,1 -> 2,ZERO_BASED_TO_CALENDAR,HIGH
1,2009,1,2,WINTER,1 -> 2,ZERO_BASED_TO_CALENDAR,HIGH
2,2009,1,2,WINTER,1 -> 2,ZERO_BASED_TO_CALENDAR,HIGH
3,2009,1,2,WINTER,1 -> 2,ZERO_BASED_TO_CALENDAR,HIGH
4,2009,1,2,WINTER,1 -> 2,ZERO_BASED_TO_CALENDAR,HIGH
5,2009,1,2,WINTER,1 -> 2,ZERO_BASED_TO_CALENDAR,HIGH
6,2009,1,2,WINTER,1 -> 2,ZERO_BASED_TO_CALENDAR,HIGH
7,2009,1,2,WINTER,1 -> 2,ZERO_BASED_TO_CALENDAR,HIGH
8,2009,1,2,WINTER,1 -> 2,ZERO_BASED_TO_CALENDAR,HIGH
9,2009,1,2,WINTER,1 -> 2,ZERO_BASED_TO_CALENDAR,HIGH
10,2009,1,2,WINTER,1 -> 2,ZERO_BASED_TO_CALENDAR,HIGH
11,2009,1,2,WINTER,1 -> 2,ZERO_BASED_TO_CALENDAR,HIGH
12,2009,1,2,WINTER,1 -> 2,ZERO_BASED_TO_CALENDAR,HIGH
13,2009,1,2,WINTER,1 -> 2,ZERO_BASED_TO_CALENDAR,HIGH
14,2009,1,2,WINTER,1 -> 2,ZERO_BASED_TO_CALENDAR,HIGH
15,2009,1,2,WINTER,1 -> 2,ZERO_BASED_TO_CALENDAR,HIGH
16,2009,1,2,WINTER,1 -> 2,ZERO_BASED_TO_CALENDAR,HIGH
17,2009,1,2,WINTER,1 -> 2,ZERO_BASED_TO_CALENDAR,HIGH
18,2009,1,2,WINTER,1 -> 2,ZERO_BASED_TO_CALENDAR,HIGH
19,2009,1,2,WINTER,1 -> 2,ZERO_BASED_TO_CALENDAR,HIGH
20,2009,1,2,WINTER,1 -> 2,ZERO_BASED_TO_CALENDAR,HIGH
21,2009,1,2,WINTER,1 -> 2,ZERO_BASED_TO_CALENDAR,HIGH
22,2009,1,2,WINTER,1 -> 2,ZERO_BASED_TO_CALENDAR,HIGH
23,2009,1,2,WINTER,1 -> 2,ZERO_BASED_TO_CALENDAR,HIGH
24,2009,1,2,WINTER,1 -> 2,ZERO_BASED_TO_CALENDAR,HIGH
25,2009,1,2,WINTER,1 -> 2,ZERO_BASED_TO_CALENDAR,HIGH
26,2009,1,2,WINTER,1 -> 2,ZERO_BASED_TO_CALENDAR,HIGH
27,2009,1,2,WINTER,1 -> 2,ZERO_BASED_TO_CALENDAR,HIGH
28,2009,1,2,WINTER,1 -> 2,ZERO_BASED_TO_CALENDAR,HIGH
29,2009,1,2,WINTER,1 -> 2,ZERO_BASED_TO_CALENDAR,HIGH
30,2009,1,2,WINTER,1 -> 2,ZERO_BASED_TO_CALENDAR,HIGH
31,2009,1,2,WINTER,1 -> 2,ZERO_BASED_TO_CALENDAR,HIGH
32,2009,1,2,WINTER,1 -> 2,ZERO_BASED_TO_CALENDAR,HIGH
33,2009,1,2,WINTER,1 -> 2,ZERO_BASED_TO_CALENDAR,HIGH
34,2009,1,2,WINTER,1 -> 2,ZERO_BASED_TO_CALENDAR,HIGH
35,2009,1,2,WINTER,1 -> 2,ZERO_BASED_TO_CALENDAR,HIGH
0,2009,11,12,WINTER,11 -> 12,ZERO_BASED_TO_CALENDAR,HIGH
1,2009,11,12,WINTER,11 -> 12,ZERO_BASED_TO_CALENDAR,HIGH
2,2009,11,12,WINTER,11 -> 12,ZERO_BASED_TO_CALENDAR,HIGH
3,2009,11,12,WINTER,11 -> 12,ZERO_BASED_TO_CALENDAR,HIGH
4,2009,11,12,WINTER,11 -> 12,ZERO_BASED_TO_CALENDAR,HIGH
5,2009,11,12,WINTER,11 -> 12,ZERO_BASED_TO_CALENDAR,HIGH
6,2009,11,12,WINTER,11 -> 12,ZERO_BASED_TO_CALENDAR,HIGH
7,2009,11,12,WINTER,11 -> 12,ZERO_BASED_TO_CALENDAR,HIGH
8,2009,11,12,WINTER,11 -> 12,ZERO_BASED_TO_CALENDAR,HIGH
9,2009,11,12,WINTER,11 -> 12,ZERO_BASED_TO_CALENDAR,HIGH
10,2009,11,12,WINTER,11 -> 12,ZERO_BASED_TO_CALENDAR,HIGH
11,2009,11,12,WINTER,11 -> 12,ZERO_BASED_TO_CALENDAR,HIGH
12,2009,11,12,WINTER,11 -> 12,ZERO_BASED_TO_CALENDAR,HIGH
13,2009,11,12,WINTER,11 -> 12,ZERO_BASED_TO_CALENDAR,HIGH
14,2009,11,12,WINTER,11 -> 12,ZERO_BASED_TO_CALENDAR,HIGH
15,2009,11,12,WINTER,11 -> 12,ZERO_BASED_TO_CALENDAR,HIGH
16,2009,11,12,WINTER,11 -> 12,ZERO_BASED_TO_CALENDAR,HIGH
17,2009,11,12,WINTER,11 -> 12,ZERO_BASED_TO_CALENDAR,HIGH
18,2009,11,12,WINTER,11 -> 12,ZERO_BASED_TO_CALENDAR,HIGH
19,2009,11,12,WINTER,11 -> 12,ZERO_BASED_TO_CALENDAR,HIGH
20,2009,11,12,WINTER,11 -> 12,ZERO_BASED_TO_CALENDAR,HIGH
21,2009,11,12,WINTER,11 -> 12,ZERO_BASED_TO_CALENDAR,HIGH
22,2009,11,12,WINTER,11 -> 12,ZERO_BASED_TO_CALENDAR,HIGH
23,2009,11,12,WINTER,11 -> 12,ZERO_BASED_TO_CALENDAR,HIGH
24,2009,11,12,WINTER,11 -> 12,ZERO_BASED_TO_CALENDAR,HIGH
25,2009,11,12,WINTER,11 -> 12,ZERO_BASED_TO_CALENDAR,HIGH
26,2009,11,12,WINTER,11 -> 12,ZERO_BASED_TO_CALENDAR,HIGH
27,2009,11,12,WINTER,11 -> 12,ZERO_BASED_TO_CALENDAR,HIGH
28,2009,11,12,WINTER,11 -> 12,ZERO_BASED_TO_CALENDAR,HIGH
29,2009,11,12,WINTER,11 -> 12,ZERO_BASED_TO_CALENDAR,HIGH
30,2009,11,12,WINTER,11 -> 12,ZERO_BASED_TO_CALENDAR,HIGH
31,2009,11,12,WINTER,11 -> 12,ZERO_BASED_TO_CALENDAR,HIGH
32,2009,11,12,WINTER,11 -> 12,ZERO_BASED_TO_CALENDAR,HIGH
33,2009,11,12,WINTER,11 -> 12,ZERO_BASED_TO_CALENDAR,HIGH
34,2009,11,12,WINTER,11 -> 12,ZERO_BASED_TO_CALENDAR,HIGH
35,2009,11,12,WINTER,11 -> 12,ZERO_BASED_TO_CALENDAR,HIGH
0,2009,10,11,POST_MONSOON,10 -> 11,ZERO_BASED_TO_CALENDAR,HIGH
1,2009,10,11,POST_MONSOON,10 -> 11,ZERO_BASED_TO_CALENDAR,HIGH
2,2009,10,11,POST_MONSOON,10 -> 11,ZERO_BASED_TO_CALENDAR,HIGH
3,2009,10,11,POST_MONSOON,10 -> 11,ZERO_BASED_TO_CALENDAR,HIGH
4,2009,10,11,POST_MONSOON,10 -> 11,ZERO_BASED_TO_CALENDAR,HIGH
5,2009,10,11,POST_MONSOON,10 -> 11,ZERO_BASED_TO_CALENDAR,HIGH
6,2009,10,11,POST_MONSOON,10 -> 11,ZERO_BASED_TO_CALENDAR,HIGH
7,2009,10,11,POST_MONSOON,10 -> 11,ZERO_BASED_TO_CALENDAR,HIGH
8,2009,10,11,POST_MONSOON,10 -> 11,ZERO_BASED_TO_CALENDAR,HIGH
9,2009,10,11,POST_MONSOON,10 -> 11,ZERO_BASED_TO_CALENDAR,HIGH
10,2009,10,11,POST_MONSOON,10 -> 11,ZERO_BASED_TO_CALENDAR,HIGH
11,2009,10,11,POST_MONSOON,10 -> 11,ZERO_BASED_TO_CALENDAR,HIGH
12,2009,10,11,POST_MONSOON,10 -> 11,ZERO_BASED_TO_CALENDAR,HIGH
13,2009,10,11,POST_MONSOON,10 -> 11,ZERO_BASED_TO_CALENDAR,HIGH
14,2009,10,11,POST_MONSOON,10 -> 11,ZERO_BASED_TO_CALENDAR,HIGH
15,2009,10,11,POST_MONSOON,10 -> 11,ZERO_BASED_TO_CALENDAR,HIGH
16,2009,10,11,POST_MONSOON,10 -> 11,ZERO_BASED_TO_CALENDAR,HIGH
17,2009,10,11,POST_MONSOON,10 -> 11,ZERO_BASED_TO_CALENDAR,HIGH
18,2009,10,11,POST_MONSOON,10 -> 11,ZERO_BASED_TO_CALENDAR,HIGH
19,2009,10,11,POST_MONSOON,10 -> 11,ZERO_BASED_TO_CALENDAR,HIGH
20,2009,10,11,POST_MONSOON,10 -> 11,ZERO_BASED_TO_CALENDAR,HIGH
21,2009,10,11,POST_MONSOON,10 -> 11,ZERO_BASED_TO_CALENDAR,HIGH
22,2009,10,11,POST_MONSOON,10 -> 11,ZERO_BASED_TO_CALENDAR,HIGH
23,2009,10,11,POST_MONSOON,10 -> 11,ZERO_BASED_TO_CALENDAR,HIGH
24,2009,10,11,POST_MONSOON,10 -> 11,ZERO_BASED_TO_CALENDAR,HIGH
25,2009,10,11,POST_MONSOON,10 -> 11,ZERO_BASED_TO_CALENDAR,HIGH
26,2009,10,11,POST_MONSOON,10 -> 11,ZERO_BASED_TO_CALENDAR,HIGH
27,2009,10,11,POST_MONSOON,10 -> 11,ZERO_BASED_TO_CALENDAR,HIGH
28,2009,10,11,POST_MONSOON,10 -> 11,ZERO_BASED_TO_CALENDAR,HIGH
29,2009,10,11,POST_MONSOON,10 -> 11,ZERO_BASED_TO_CALENDAR,HIGH
30,2009,10,11,POST_MONSOON,10 -> 11,ZERO_BASED_TO_CALENDAR,HIGH
31,2009,10,11,POST_MONSOON,10 -> 11,ZERO_BASED_TO_CALENDAR,HIGH
32,2009,10,11,POST_MONSOON,10 -> 11,ZERO_BASED_TO_CALENDAR,HIGH
33,2009,10,11,POST_MONSOON,10 -> 11,ZERO_BASED_TO_CALENDAR,HIGH
34,2009,10,11,POST_MONSOON,10 -> 11,ZERO_BASED_TO_CALENDAR,HIGH
35,2009,10,11,POST_MONSOON,10 -> 11,ZERO_BASED_TO_CALENDAR,HIGH
0,2009,9,10,POST_MONSOON,9 -> 10,ZERO_BASED_TO_CALENDAR,HIGH
1,2009,9,10,POST_MONSOON,9 -> 10,ZERO_BASED_TO_CALENDAR,HIGH
2,2009,9,10,POST_MONSOON,9 -> 10,ZERO_BASED_TO_CALENDAR,HIGH
3,2009,9,10,POST_MONSOON,9 -> 10,ZERO_BASED_TO_CALENDAR,HIGH
4,2009,9,10,POST_MONSOON,9 -> 10,ZERO_BASED_TO_CALENDAR,HIGH
5,2009,9,10,POST_MONSOON,9 -> 10,ZERO_BASED_TO_CALENDAR,HIGH
6,2009,9,10,POST_MONSOON,9 -> 10,ZERO_BASED_TO_CALENDAR,HIGH
7,2009,9,10,POST_MONSOON,9 -> 10,ZERO_BASED_TO_CALENDAR,HIGH
8,2009,9,10,POST_MONSOON,9 -> 10,ZERO_BASED_TO_CALENDAR,HIGH
9,2009,9,10,POST_MONSOON,9 -> 10,ZERO_BASED_TO_CALENDAR,HIGH
10,2009,9,10,POST_MONSOON,9 -> 10,ZERO_BASED_TO_CALENDAR,HIGH
11,2009,9,10,POST_MONSOON,9 -> 10,ZERO_BASED_TO_CALENDAR,HIGH
12,2009,9,10,POST_MONSOON,9 -> 10,ZERO_BASED_TO_CALENDAR,HIGH
13,2009,9,10,POST_MONSOON,9 -> 10,ZERO_BASED_TO_CALENDAR,HIGH
14,2009,9,10,POST_MONSOON,9 -> 10,ZERO_BASED_TO_CALENDAR,HIGH
15,2009,9,10,POST_MONSOON,9 -> 10,ZERO_BASED_TO_CALENDAR,HIGH
16,2009,9,10,POST_MONSOON,9 -> 10,ZERO_BASED_TO_CALENDAR,HIGH
17,2009,9,10,POST_MONSOON,9 -> 10,ZERO_BASED_TO_CALENDAR,HIGH
18,2009,9,10,POST_MONSOON,9 -> 10,ZERO_BASED_TO_CALENDAR,HIGH
19,2009,9,10,POST_MONSOON,9 -> 10,ZERO_BASED_TO_CALENDAR,HIGH
20,2009,9,10,POST_MONSOON,9 -> 10,ZERO_BASED_TO_CALENDAR,HIGH
21,2009,9,10,POST_MONSOON,9 -> 10,ZERO_BASED_TO_CALENDAR,HIGH
22,2009,9,10,POST_MONSOON,9 -> 10,ZERO_BASED_TO_CALENDAR,HIGH
23,2009,9,10,POST_MONSOON,9 -> 10,ZERO_BASED_TO_CALENDAR,HIGH
24,2009,9,10,POST_MONSOON,9 -> 10,ZERO_BASED_TO_CALENDAR,HIGH
25,2009,9,10,POST_MONSOON,9 -> 10,ZERO_BASED_TO_CALENDAR,HIGH
26,2009,9,10,POST_MONSOON,9 -> 10,ZERO_BASED_TO_CALENDAR,HIGH
27,2009,9,10,POST_MONSOON,9 -> 10,ZERO_BASED_TO_CALENDAR,HIGH
28,2009,9,10,POST_MONSOON,9 -> 10,ZERO_BASED_TO_CALENDAR,HIGH
29,2009,9,10,POST_MONSOON,9 -> 10,ZERO_BASED_TO_CALENDAR,HIGH
30,2009,9,10,POST_MONSOON,9 -> 10,ZERO_BASED_TO_CALENDAR,HIGH
31,2009,9,10,POST_MONSOON,9 -> 10,ZERO_BASED_TO_CALENDAR,HIGH
32,2009,9,10,POST_MONSOON,9 -> 10,ZERO_BASED_TO_CALENDAR,HIGH
33,2009,9,10,POST_MONSOON,9 -> 10,ZERO_BASED_TO_CALENDAR,HIGH
34,2009,9,10,POST_MONSOON,9 -> 10,ZERO_BASED_TO_CALENDAR,HIGH
35,2009,9,10,POST_MONSOON,9 -> 10,ZERO_BASED_TO_CALENDAR,HIGH
0,2009,2,3,PRE_MONSOON,2 -> 3,ZERO_BASED_TO_CALENDAR,HIGH
1,2009,2,3,PRE_MONSOON,2 -> 3,ZERO_BASED_TO_CALENDAR,HIGH
2,2009,2,3,PRE_MONSOON,2 -> 3,ZERO_BASED_TO_CALENDAR,HIGH
3,2009,2,3,PRE_MONSOON,2 -> 3,ZERO_BASED_TO_CALENDAR,HIGH
4,2009,2,3,PRE_MONSOON,2 -> 3,ZERO_BASED_TO_CALENDAR,HIGH
5,2009,2,3,PRE_MONSOON,2 -> 3,ZERO_BASED_TO_CALENDAR,HIGH
6,2009,2,3,PRE_MONSOON,2 -> 3,ZERO_BASED_TO_CALENDAR,HIGH
7,2009,2,3,PRE_MONSOON,2 -> 3,ZERO_BASED_TO_CALENDAR,HIGH
8,2009,2,3,PRE_MONSOON,2 -> 3,ZERO_BASED_TO_CALENDAR,HIGH
9,2009,2,3,PRE_MONSOON,2 -> 3,ZERO_BASED_TO_CALENDAR,HIGH
10,2009,2,3,PRE_MONSOON,2 -> 3,ZERO_BASED_TO_CALENDAR,HIGH
11,2009,2,3,PRE_MONSOON,2 -> 3,ZERO_BASED_TO_CALENDAR,HIGH
12,2009,2,3,PRE_MONSOON,2 -> 3,ZERO_BASED_TO_CALENDAR,HIGH
13,2009,2,3,PRE_MONSOON,2 -> 3,ZERO_BASED_TO_CALENDAR,HIGH
14,2009,2,3,PRE_MONSOON,2 -> 3,ZERO_BASED_TO_CALENDAR,HIGH
15,2009,2,3,PRE_MONSOON,2 -> 3,ZERO_BASED_TO_CALENDAR,HIGH
16,2009,2,3,PRE_MONSOON,2 -> 3,ZERO_BASED_TO_CALENDAR,HIGH
17,2009,2,3,PRE_MONSOON,2 -> 3,ZERO_BASED_TO_CALENDAR,HIGH
18,2009,2,3,PRE_MONSOON,2 -> 3,ZERO_BASED_TO_CALENDAR,HIGH
19,2009,2,3,PRE_MONSOON,2 -> 3,ZERO_BASED_TO_CALENDAR,HIGH
20,2009,2,3,PRE_MONSOON,2 -> 3,ZERO_BASED_TO_CALENDAR,HIGH
21,2009,2,3,PRE_MONSOON,2 -> 3,ZERO_BASED_TO_CALENDAR,HIGH
22,2009,2,3,PRE_MONSOON,2 -> 3,ZERO_BASED_TO_CALENDAR,HIGH
23,2009,2,3,PRE_MONSOON,2 -> 3,ZERO_BASED_TO_CALENDAR,HIGH
24,2009,2,3,PRE_MONSOON,2 -> 3,ZERO_BASED_TO_CALENDAR,HIGH
25,2009,2,3,PRE_MONSOON,2 -> 3,ZERO_BASED_TO_CALENDAR,HIGH
26,2009,2,3,PRE_MONSOON,2 -> 3,ZERO_BASED_TO_CALENDAR,HIGH
27,2009,2,3,PRE_MONSOON,2 -> 3,ZERO_BASED_TO_CALENDAR,HIGH
28,2009,2,3,PRE_MONSOON,2 -> 3,ZERO_BASED_TO_CALENDAR,HIGH
29,2009,2,3,PRE_MONSOON,2 -> 3,ZERO_BASED_TO_CALENDAR,HIGH
30,2009,2,3,PRE_MONSOON,2 -> 3,ZERO_BASED_TO_CALENDAR,HIGH
31,2009,2,3,PRE_MONSOON,2 -> 3,ZERO_BASED_TO_CALENDAR,HIGH
32,2009,2,3,PRE_MONSOON,2 -> 3,ZERO_BASED_TO_CALENDAR,HIGH
33,2009,2,3,PRE_MONSOON,2 -> 3,ZERO_BASED_TO_CALENDAR,HIGH
34,2009,2,3,PRE_MONSOON,2 -> 3,ZERO_BASED_TO_CALENDAR,HIGH
35,2009,2,3,PRE_MONSOON,2 -> 3,ZERO_BASED_TO_CALENDAR,HIGH
0,2010,4,5,PRE_MONSOON,4 -> 5,ZERO_BASED_TO_CALENDAR,HIGH
1,2010,4,5,PRE_MONSOON,4 -> 5,ZERO_BASED_TO_CALENDAR,HIGH
2,2010,4,5,PRE_MONSOON,4 -> 5,ZERO_BASED_TO_CALENDAR,HIGH
3,2010,4,5,PRE_MONSOON,4 -> 5,ZERO_BASED_TO_CALENDAR,HIGH
4,2010,4,5,PRE_MONSOON,4 -> 5,ZERO_BASED_TO_CALENDAR,HIGH
5,2010,4,5,PRE_MONSOON,4 -> 5,ZERO_BASED_TO_CALENDAR,HIGH
6,2010,4,5,PRE_MONSOON,4 -> 5,ZERO_BASED_TO_CALENDAR,HIGH
7,2010,4,5,PRE_MONSOON,4 -> 5,ZERO_BASED_TO_CALENDAR,HIGH
8,2010,4,5,PRE_MONSOON,4 -> 5,ZERO_BASED_TO_CALENDAR,HIGH
9,2010,4,5,PRE_MONSOON,4 -> 5,ZERO_BASED_TO_CALENDAR,HIGH
10,2010,4,5,PRE_MONSOON,4 -> 5,ZERO_BASED_TO_CALENDAR,HIGH
11,2010,4,5,PRE_MONSOON,4 -> 5,ZERO_BASED_TO_CALENDAR,HIGH
12,2010,4,5,PRE_MONSOON,4 -> 5,ZERO_BASED_TO_CALENDAR,HIGH
13,2010,4,5,PRE_MONSOON,4 -> 5,ZERO_BASED_TO_CALENDAR,HIGH
14,2010,4,5,PRE_MONSOON,4 -> 5,ZERO_BASED_TO_CALENDAR,HIGH
15,2010,4,5,PRE_MONSOON,4 -> 5,ZERO_BASED_TO_CALENDAR,HIGH
16,2010,4,5,PRE_MONSOON,4 -> 5,ZERO_BASED_TO_CALENDAR,HIGH
17,2010,4,5,PRE_MONSOON,4 -> 5,ZERO_BASED_TO_CALENDAR,HIGH
18,2010,4,5,PRE_MONSOON,4 -> 5,ZERO_BASED_TO_CALENDAR,HIGH
19,2010,4,5,PRE_MONSOON,4 -> 5,ZERO_BASED_TO_CALENDAR,HIGH
20,2010,4,5,PRE_MONSOON,4 -> 5,ZERO_BASED_TO_CALENDAR,HIGH
21,2010,4,5,PRE_MONSOON,4 -> 5,ZERO_BASED_TO_CALENDAR,HIGH
22,2010,4,5,PRE_MONSOON,4 -> 5,ZERO_BASED_TO_CALENDAR,HIGH
23,2010,4,5,PRE_MONSOON,4 -> 5,ZERO_BASED_TO_CALENDAR,HIGH
24,2010,4,5,PRE_MONSOON,4 -> 5,ZERO_BASED_TO_CALENDAR,HIGH
25,2010,4,5,PRE_MONSOON,4 -> 5,ZERO_BASED_TO_CALENDAR,HIGH
26,2010,4,5,PRE_MONSOON,4 -> 5,ZERO_BASED_TO_CALENDAR,HIGH
27,2010,4,5,PRE_MONSOON,4 -> 5,ZERO_BASED_TO_CALENDAR,HIGH
28,2010,4,5,PRE_MONSOON,4 -> 5,ZERO_BASED_TO_CALENDAR,HIGH
29,2010,4,5,PRE_MONSOON,4 -> 5,ZERO_BASED_TO_CALENDAR,HIGH
30,2010,4,5,PRE_MONSOON,4 -> 5,ZERO_BASED_TO_CALENDAR,HIGH
31,2010,4,5,PRE_MONSOON,4 -> 5,ZERO_BASED_TO_CALENDAR,HIGH
32,2010,4,5,PRE_MONSOON,4 -> 5,ZERO_BASED_TO_CALENDAR,HIGH
33,2010,4,5,PRE_MONSOON,4 -> 5,ZERO_BASED_TO_CALENDAR,HIGH
34,2010,4,5,PRE_MONSOON,4 -> 5,ZERO_BASED_TO_CALENDAR,HIGH
35,2010,4,5,PRE_MONSOON,4 -> 5,ZERO_BASED_TO_CALENDAR,HIGH
0,2010,3,4,PRE_MONSOON,3 -> 4,ZERO_BASED_TO_CALENDAR,HIGH
1,2010,3,4,PRE_MONSOON,3 -> 4,ZERO_BASED_TO_CALENDAR,HIGH
2,2010,3,4,PRE_MONSOON,3 -> 4,ZERO_BASED_TO_CALENDAR,HIGH
3,2010,3,4,PRE_MONSOON,3 -> 4,ZERO_BASED_TO_CALENDAR,HIGH
4,2010,3,4,PRE_MONSOON,3 -> 4,ZERO_BASED_TO_CALENDAR,HIGH
5,2010,3,4,PRE_MONSOON,3 -> 4,ZERO_BASED_TO_CALENDAR,HIGH
6,2010,3,4,PRE_MONSOON,3 -> 4,ZERO_BASED_TO_CALENDAR,HIGH
7,2010,3,4,PRE_MONSOON,3 -> 4,ZERO_BASED_TO_CALENDAR,HIGH
8,2010,3,4,PRE_MONSOON,3 -> 4,ZERO_BASED_TO_CALENDAR,HIGH
9,2010,3,4,PRE_MONSOON,3 -> 4,ZERO_BASED_TO_CALENDAR,HIGH
10,2010,3,4,PRE_MONSOON,3 -> 4,ZERO_BASED_TO_CALENDAR,HIGH
11,2010,3,4,PRE_MONSOON,3 -> 4,ZERO_BASED_TO_CALENDAR,HIGH
12,2010,3,4,PRE_MONSOON,3 -> 4,ZERO_BASED_TO_CALENDAR,HIGH
13,2010,3,4,PRE_MONSOON,3 -> 4,ZERO_BASED_TO_CALENDAR,HIGH
14,2010,3,4,PRE_MONSOON,3 -> 4,ZERO_BASED_TO_CALENDAR,HIGH
15,2010,3,4,PRE_MONSOON,3 -> 4,ZERO_BASED_TO_CALENDAR,HIGH
16,2010,3,4,PRE_MONSOON,3 -> 4,ZERO_BASED_TO_CALENDAR,HIGH
17,2010,3,4,PRE_MONSOON,3 -> 4,ZERO_BASED_TO_CALENDAR,HIGH
18,2010,3,4,PRE_MONSOON,3 -> 4,ZERO_BASED_TO_CALENDAR,HIGH
19,2010,3,4,PRE_MONSOON,3 -> 4,ZERO_BASED_TO_CALENDAR,HIGH
20,2010,3,4,PRE_MONSOON,3 -> 4,ZERO_BASED_TO_CALENDAR,HIGH
21,2010,3,4,PRE_MONSOON,3 -> 4,ZERO_BASED_TO_CALENDAR,HIGH
22,2010,3,4,PRE_MONSOON,3 -> 4,ZERO_BASED_TO_CALENDAR,HIGH
23,2010,3,4,PRE_MONSOON,3 -> 4,ZERO_BASED_TO_CALENDAR,HIGH
24,2010,3,4,PRE_MONSOON,3 -> 4,ZERO_BASED_TO_CALENDAR,HIGH
25,2010,3,4,PRE_MONSOON,3 -> 4,ZERO_BASED_TO_CALENDAR,HIGH
26,2010,3,4,PRE_MONSOON,3 -> 4,ZERO_BASED_TO_CALENDAR,HIGH
27,2010,3,4,PRE_MONSOON,3 -> 4,ZERO_BASED_TO_CALENDAR,HIGH
28,2010,3,4,PRE_MONSOON,3 -> 4,ZERO_BASED_TO_CALENDAR,HIGH
29,2010,3,4,PRE_MONSOON,3 -> 4,ZERO_BASED_TO_CALENDAR,HIGH
30,2010,3,4,PRE_MONSOON,3 -> 4,ZERO_BASED_TO_CALENDAR,HIGH
31,2010,3,4,PRE_MONSOON,3 -> 4,ZERO_BASED_TO_CALENDAR,HIGH
32,2010,3,4,PRE_MONSOON,3 -> 4,ZERO_BASED_TO_CALENDAR,HIGH
33,2010,3,4,PRE_MONSOON,3 -> 4,ZERO_BASED_TO_CALENDAR,HIGH
34,2010,3,4,PRE_MONSOON,3 -> 4,ZERO_BASED_TO_CALENDAR,HIGH
35,2010,3,4,PRE_MONSOON,3 -> 4,ZERO_BASED_TO_CALENDAR,HIGH
0,2010,7,8,MONSOON,7 -> 8,ZERO_BASED_TO_CALENDAR,HIGH
1,2010,7,8,MONSOON,7 -> 8,ZERO_BASED_TO_CALENDAR,HIGH
2,2010,7,8,MONSOON,7 -> 8,ZERO_BASED_TO_CALENDAR,HIGH
3,2010,7,8,MONSOON,7 -> 8,ZERO_BASED_TO_CALENDAR,HIGH
4,2010,7,8,MONSOON,7 -> 8,ZERO_BASED_TO_CALENDAR,HIGH
5,2010,7,8,MONSOON,7 -> 8,ZERO_BASED_TO_CALENDAR,HIGH
6,2010,7,8,MONSOON,7 -> 8,ZERO_BASED_TO_CALENDAR,HIGH
7,2010,7,8,MONSOON,7 -> 8,ZERO_BASED_TO_CALENDAR,HIGH
8,2010,7,8,MONSOON,7 -> 8,ZERO_BASED_TO_CALENDAR,HIGH
9,2010,7,8,MONSOON,7 -> 8,ZERO_BASED_TO_CALENDAR,HIGH
10,2010,7,8,MONSOON,7 -> 8,ZERO_BASED_TO_CALENDAR,HIGH
11,2010,7,8,MONSOON,7 -> 8,ZERO_BASED_TO_CALENDAR,HIGH
12,2010,7,8,MONSOON,7 -> 8,ZERO_BASED_TO_CALENDAR,HIGH
13,2010,7,8,MONSOON,7 -> 8,ZERO_BASED_TO_CALENDAR,HIGH
14,2010,7,8,MONSOON,7 -> 8,ZERO_BASED_TO_CALENDAR,HIGH
15,2010,7,8,MONSOON,7 -> 8,ZERO_BASED_TO_CALENDAR,HIGH
16,2010,7,8,MONSOON,7 -> 8,ZERO_BASED_TO_CALENDAR,HIGH
17,2010,7,8,MONSOON,7 -> 8,ZERO_BASED_TO_CALENDAR,HIGH
18,2010,7,8,MONSOON,7 -> 8,ZERO_BASED_TO_CALENDAR,HIGH
19,2010,7,8,MONSOON,7 -> 8,ZERO_BASED_TO_CALENDAR,HIGH
20,2010,7,8,MONSOON,7 -> 8,ZERO_BASED_TO_CALENDAR,HIGH
21,2010,7,8,MONSOON,7 -> 8,ZERO_BASED_TO_CALENDAR,HIGH
22,2010,7,8,MONSOON,7 -> 8,ZERO_BASED_TO_CALENDAR,HIGH
23,2010,7,8,MONSOON,7 -> 8,ZERO_BASED_TO_CALENDAR,HIGH
24,2010,7,8,MONSOON,7 -> 8,ZERO_BASED_TO_CALENDAR,HIGH
25,2010,7,8,MONSOON,7 -> 8,ZERO_BASED_TO_CALENDAR,HIGH
26,2010,7,8,MONSOON,7 -> 8,ZERO_BASED_TO_CALENDAR,HIGH
27,2010,7,8,MONSOON,7 -> 8,ZERO_BASED_TO_CALENDAR,HIGH
28,2010,7,8,MONSOON,7 -> 8,ZERO_BASED_TO_CALENDAR,HIGH
29,2010,7,8,MONSOON,7 -> 8,ZERO_BASED_TO_CALENDAR,HIGH
30,2010,7,8,MONSOON,7 -> 8,ZERO_BASED_TO_CALENDAR,HIGH
31,2010,7,8,MONSOON,7 -> 8,ZERO_BASED_TO_CALENDAR,HIGH
32,2010,7,8,MONSOON,7 -> 8,ZERO_BASED_TO_CALENDAR,HIGH
33,2010,7,8,MONSOON,7 -> 8,ZERO_BASED_TO_CALENDAR,HIGH
34,2010,7,8,MONSOON,7 -> 8,ZERO_BASED_TO_CALENDAR,HIGH
35,2010,7,8,MONSOON,7 -> 8,ZERO_BASED_TO_CALENDAR,HIGH
0,2010,0,1,WINTER,0 -> 1,ZERO_BASED_TO_CALENDAR,HIGH
1,2010,0,1,WINTER,0 -> 1,ZERO_BASED_TO_CALENDAR,HIGH
2,2010,0,1,WINTER,0 -> 1,ZERO_BASED_TO_CALENDAR,HIGH
3,2010,0,1,WINTER,0 -> 1,ZERO_BASED_TO_CALENDAR,HIGH
4,2010,0,1,WINTER,0 -> 1,ZERO_BASED_TO_CALENDAR,HIGH
5,2010,0,1,WINTER,0 -> 1,ZERO_BASED_TO_CALENDAR,HIGH
6,2010,0,1,WINTER,0 -> 1,ZERO_BASED_TO_CALENDAR,HIGH
7,2010,0,1,WINTER,0 -> 1,ZERO_BASED_TO_CALENDAR,HIGH
8,2010,0,1,WINTER,0 -> 1,ZERO_BASED_TO_CALENDAR,HIGH
9,2010,0,1,WINTER,0 -> 1,ZERO_BASED_TO_CALENDAR,HIGH
10,2010,0,1,WINTER,0 -> 1,ZERO_BASED_TO_CALENDAR,HIGH
11,2010,0,1,WINTER,0 -> 1,ZERO_BASED_TO_CALENDAR,HIGH
12,2010,0,1,WINTER,0 -> 1,ZERO_BASED_TO_CALENDAR,HIGH
13,2010,0,1,WINTER,0 -> 1,ZERO_BASED_TO_CALENDAR,HIGH
14,2010,0,1,WINTER,0 -> 1,ZERO_BASED_TO_CALENDAR,HIGH
15,2010,0,1,WINTER,0 -> 1,ZERO_BASED_TO_CALENDAR,HIGH
16,2010,0,1,WINTER,0 -> 1,ZERO_BASED_TO_CALENDAR,HIGH
17,2010,0,1,WINTER,0 -> 1,ZERO_BASED_TO_CALENDAR,HIGH
18,2010,0,1,WINTER,0 -> 1,ZERO_BASED_TO_CALENDAR,HIGH
19,2010,0,1,WINTER,0 -> 1,ZERO_BASED_TO_CALENDAR,HIGH
20,2010,0,1,WINTER,0 -> 1,ZERO_BASED_TO_CALENDAR,HIGH
21,2010,0,1,WINTER,0 -> 1,ZERO_BASED_TO_CALENDAR,HIGH
22,2010,0,1,WINTER,0 -> 1,ZERO_BASED_TO_CALENDAR,HIGH
23,2010,0,1,WINTER,0 -> 1,ZERO_BASED_TO_CALENDAR,HIGH
24,2010,0,1,WINTER,0 -> 1,ZERO_BASED_TO_CALENDAR,HIGH
25,2010,0,1,WINTER,0 -> 1,ZERO_BASED_TO_CALENDAR,HIGH
26,2010,0,1,WINTER,0 -> 1,ZERO_BASED_TO_CALENDAR,HIGH
27,2010,0,1,WINTER,0 -> 1,ZERO_BASED_TO_CALENDAR,HIGH
28,2010,0,1,WINTER,0 -> 1,ZERO_BASED_TO_CALENDAR,HIGH
29,2010,0,1,WINTER,0 -> 1,ZERO_BASED_TO_CALENDAR,HIGH
30,2010,0,1,WINTER,0 -> 1,ZERO_BASED_TO_CALENDAR,HIGH
31,2010,0,1,WINTER,0 -> 1,ZERO_BASED_TO_CALENDAR,HIGH
32,2010,0,1,WINTER,0 -> 1,ZERO_BASED_TO_CALENDAR,HIGH
33,2010,0,1,WINTER,0 -> 1,ZERO_BASED_TO_CALENDAR,HIGH
34,2010,0,1,WINTER,0 -> 1,ZERO_BASED_TO_CALENDAR,HIGH
35,2010,0,1,WINTER,0 -> 1,ZERO_BASED_TO_CALENDAR,HIGH
0,2010,8,9,MONSOON,8 -> 9,ZERO_BASED_TO_CALENDAR,HIGH
1,2010,8,9,MONSOON,8 -> 9,ZERO_BASED_TO_CALENDAR,HIGH
2,2010,8,9,MONSOON,8 -> 9,ZERO_BASED_TO_CALENDAR,HIGH
3,2010,8,9,MONSOON,8 -> 9,ZERO_BASED_TO_CALENDAR,HIGH
4,2010,8,9,MONSOON,8 -> 9,ZERO_BASED_TO_CALENDAR,HIGH
5,2010,8,9,MONSOON,8 -> 9,ZERO_BASED_TO_CALENDAR,HIGH
6,2010,8,9,MONSOON,8 -> 9,ZERO_BASED_TO_CALENDAR,HIGH
7,2010,8,9,MONSOON,8 -> 9,ZERO_BASED_TO_CALENDAR,HIGH
8,2010,8,9,MONSOON,8 -> 9,ZERO_BASED_TO_CALENDAR,HIGH
9,2010,8,9,MONSOON,8 -> 9,ZERO_BASED_TO_CALENDAR,HIGH
10,2010,8,9,MONSOON,8 -> 9,ZERO_BASED_TO_CALENDAR,HIGH
11,2010,8,9,MONSOON,8 -> 9,ZERO_BASED_TO_CALENDAR,HIGH
12,2010,8,9,MONSOON,8 -> 9,ZERO_BASED_TO_CALENDAR,HIGH
13,2010,8,9,MONSOON,8 -> 9,ZERO_BASED_TO_CALENDAR,HIGH
14,2010,8,9,MONSOON,8 -> 9,ZERO_BASED_TO_CALENDAR,HIGH
15,2010,8,9,MONSOON,8 -> 9,ZERO_BASED_TO_CALENDAR,HIGH
16,2010,8,9,MONSOON,8 -> 9,ZERO_BASED_TO_CALENDAR,HIGH
17,2010,8,9,MONSOON,8 -> 9,ZERO_BASED_TO_CALENDAR,HIGH
18,2010,8,9,MONSOON,8 -> 9,ZERO_BASED_TO_CALENDAR,HIGH
19,2010,8,9,MONSOON,8 -> 9,ZERO_BASED_TO_CALENDAR,HIGH
20,2010,8,9,MONSOON,8 -> 9,ZERO_BASED_TO_CALENDAR,HIGH
21,2010,8,9,MONSOON,8 -> 9,ZERO_BASED_TO_CALENDAR,HIGH
22,2010,8,9,MONSOON,8 -> 9,ZERO_BASED_TO_CALENDAR,HIGH
23,2010,8,9,MONSOON,8 -> 9,ZERO_BASED_TO_CALENDAR,HIGH
24,2010,8,9,MONSOON,8 -> 9,ZERO_BASED_TO_CALENDAR,HIGH
25,2010,8,9,MONSOON,8 -> 9,ZERO_BASED_TO_CALENDAR,HIGH
26,2010,8,9,MONSOON,8 -> 9,ZERO_BASED_TO_CALENDAR,HIGH
27,2010,8,9,MONSOON,8 -> 9,ZERO_BASED_TO_CALENDAR,HIGH
28,2010,8,9,MONSOON,8 -> 9,ZERO_BASED_TO_CALENDAR,HIGH
29,2010,8,9,MONSOON,8 -> 9,ZERO_BASED_TO_CALENDAR,HIGH
30,2010,8,9,MONSOON,8 -> 9,ZERO_BASED_TO_CALENDAR,HIGH
31,2010,8,9,MONSOON,8 -> 9,ZERO_BASED_TO_CALENDAR,HIGH
32,2010,8,9,MONSOON,8 -> 9,ZERO_BASED_TO_CALENDAR,HIGH
33,2010,8,9,MONSOON,8 -> 9,ZERO_BASED_TO_CALENDAR,HIGH
34,2010,8,9,MONSOON,8 -> 9,ZERO_BASED_TO_CALENDAR,HIGH
35,2010,8,9,MONSOON,8 -> 9,ZERO_BASED_TO_CALENDAR,HIGH
0,2010,6,7,MONSOON,6 -> 7,ZERO_BASED_TO_CALENDAR,HIGH
1,2010,6,7,MONSOON,6 -> 7,ZERO_BASED_TO_CALENDAR,HIGH
2,2010,6,7,MONSOON,6 -> 7,ZERO_BASED_TO_CALENDAR,HIGH
3,2010,6,7,MONSOON,6 -> 7,ZERO_BASED_TO_CALENDAR,HIGH
4,2010,6,7,MONSOON,6 -> 7,ZERO_BASED_TO_CALENDAR,HIGH
5,2010,6,7,MONSOON,6 -> 7,ZERO_BASED_TO_CALENDAR,HIGH
6,2010,6,7,MONSOON,6 -> 7,ZERO_BASED_TO_CALENDAR,HIGH
7,2010,6,7,MONSOON,6 -> 7,ZERO_BASED_TO_CALENDAR,HIGH
8,2010,6,7,MONSOON,6 -> 7,ZERO_BASED_TO_CALENDAR,HIGH
9,2010,6,7,MONSOON,6 -> 7,ZERO_BASED_TO_CALENDAR,HIGH
10,2010,6,7,MONSOON,6 -> 7,ZERO_BASED_TO_CALENDAR,HIGH
11,2010,6,7,MONSOON,6 -> 7,ZERO_BASED_TO_CALENDAR,HIGH
12,2010,6,7,MONSOON,6 -> 7,ZERO_BASED_TO_CALENDAR,HIGH
13,2010,6,7,MONSOON,6 -> 7,ZERO_BASED_TO_CALENDAR,HIGH
14,2010,6,7,MONSOON,6 -> 7,ZERO_BASED_TO_CALENDAR,HIGH
15,2010,6,7,MONSOON,6 -> 7,ZERO_BASED_TO_CALENDAR,HIGH
16,2010,6,7,MONSOON,6 -> 7,ZERO_BASED_TO_CALENDAR,HIGH
17,2010,6,7,MONSOON,6 -> 7,ZERO_BASED_TO_CALENDAR,HIGH
18,2010,6,7,MONSOON,6 -> 7,ZERO_BASED_TO_CALENDAR,HIGH
19,2010,6,7,MONSOON,6 -> 7,ZERO_BASED_TO_CALENDAR,HIGH
20,2010,6,7,MONSOON,6 -> 7,ZERO_BASED_TO_CALENDAR,HIGH
21,2010,6,7,MONSOON,6 -> 7,ZERO_BASED_TO_CALENDAR,HIGH
22,2010,6,7,MONSOON,6 -> 7,ZERO_BASED_TO_CALENDAR,HIGH
23,2010,6,7,MONSOON,6 -> 7,ZERO_BASED_TO_CALENDAR,HIGH
24,2010,6,7,MONSOON,6 -> 7,ZERO_BASED_TO_CALENDAR,HIGH
25,2010,6,7,MONSOON,6 -> 7,ZERO_BASED_TO_CALENDAR,HIGH
26,2010,6,7,MONSOON,6 -> 7,ZERO_BASED_TO_CALENDAR,HIGH
27,2010,6,7,MONSOON,6 -> 7,ZERO_BASED_TO_CALENDAR,HIGH
28,2010,6,7,MONSOON,6 -> 7,ZERO_BASED_TO_CALENDAR,HIGH
29,2010,6,7,MONSOON,6 -> 7,ZERO_BASED_TO_CALENDAR,HIGH
30,2010,6,7,MONSOON,6 -> 7,ZERO_BASED_TO_CALENDAR,HIGH
31,2010,6,7,MONSOON,6 -> 7,ZERO_BASED_TO_CALENDAR,HIGH
32,2010,6,7,MONSOON,6 -> 7,ZERO_BASED_TO_CALENDAR,HIGH
33,2010,6,7,MONSOON,6 -> 7,ZERO_BASED_TO_CALENDAR,HIGH
34,2010,6,7,MONSOON,6 -> 7,ZERO_BASED_TO_CALENDAR,HIGH
35,2010,6,7,MONSOON,6 -> 7,ZERO_BASED_TO_CALENDAR,HIGH
0,2010,5,6,MONSOON,5 -> 6,ZERO_BASED_TO_CALENDAR,HIGH
1,2010,5,6,MONSOON,5 -> 6,ZERO_BASED_TO_CALENDAR,HIGH
2,2010,5,6,MONSOON,5 -> 6,ZERO_BASED_TO_CALENDAR,HIGH
3,2010,5,6,MONSOON,5 -> 6,ZERO_BASED_TO_CALENDAR,HIGH
4,2010,5,6,MONSOON,5 -> 6,ZERO_BASED_TO_CALENDAR,HIGH
5,2010,5,6,MONSOON,5 -> 6,ZERO_BASED_TO_CALENDAR,HIGH
6,2010,5,6,MONSOON,5 -> 6,ZERO_BASED_TO_CALENDAR,HIGH
7,2010,5,6,MONSOON,5 -> 6,ZERO_BASED_TO_CALENDAR,HIGH
8,2010,5,6,MONSOON,5 -> 6,ZERO_BASED_TO_CALENDAR,HIGH
9,2010,5,6,MONSOON,5 -> 6,ZERO_BASED_TO_CALENDAR,HIGH
10,2010,5,6,MONSOON,5 -> 6,ZERO_BASED_TO_CALENDAR,HIGH
11,2010,5,6,MONSOON,5 -> 6,ZERO_BASED_TO_CALENDAR,HIGH
12,2010,5,6,MONSOON,5 -> 6,ZERO_BASED_TO_CALENDAR,HIGH
13,2010,5,6,MONSOON,5 -> 6,ZERO_BASED_TO_CALENDAR,HIGH
14,2010,5,6,MONSOON,5 -> 6,ZERO_BASED_TO_CALENDAR,HIGH
15,2010,5,6,MONSOON,5 -> 6,ZERO_BASED_TO_CALENDAR,HIGH
16,2010,5,6,MONSOON,5 -> 6,ZERO_BASED_TO_CALENDAR,HIGH
17,2010,5,6,MONSOON,5 -> 6,ZERO_BASED_TO_CALENDAR,HIGH
18,2010,5,6,MONSOON,5 -> 6,ZERO_BASED_TO_CALENDAR,HIGH
19,2010,5,6,MONSOON,5 -> 6,ZERO_BASED_TO_CALENDAR,HIGH
20,2010,5,6,MONSOON,5 -> 6,ZERO_BASED_TO_CALENDAR,HIGH
21,2010,5,6,MONSOON,5 -> 6,ZERO_BASED_TO_CALENDAR,HIGH
22,2010,5,6,MONSOON,5 -> 6,ZERO_BASED_TO_CALENDAR,HIGH
23,2010,5,6,MONSOON,5 -> 6,ZERO_BASED_TO_CALENDAR,HIGH
24,2010,5,6,MONSOON,5 -> 6,ZERO_BASED_TO_CALENDAR,HIGH
25,2010,5,6,MONSOON,5 -> 6,ZERO_BASED_TO_CALENDAR,HIGH
26,2010,5,6,MONSOON,5 -> 6,ZERO_BASED_TO_CALENDAR,HIGH
27,2010,5,6,MONSOON,5 -> 6,ZERO_BASED_TO_CALENDAR,HIGH
28,2010,5,6,MONSOON,5 -> 6,ZERO_BASED_TO_CALENDAR,HIGH
29,2010,5,6,MONSOON,5 -> 6,ZERO_BASED_TO_CALENDAR,HIGH
30,2010,5,6,MONSOON,5 -> 6,ZERO_BASED_TO_CALENDAR,HIGH
31,2010,5,6,MONSOON,5 -> 6,ZERO_BASED_TO_CALENDAR,HIGH
32,2010,5,6,MONSOON,5 -> 6,ZERO_BASED_TO_CALENDAR,HIGH
33,2010,5,6,MONSOON,5 -> 6,ZERO_BASED_TO_CALENDAR,HIGH
34,2010,5,6,MONSOON,5 -> 6,ZERO_BASED_TO_CALENDAR,HIGH
35,2010,5,6,MONSOON,5 -> 6,ZERO_BASED_TO_CALENDAR,HIGH
0,2010,1,2,WINTER,1 -> 2,ZERO_BASED_TO_CALENDAR,HIGH
1,2010,1,2,WINTER,1 -> 2,ZERO_BASED_TO_CALENDAR,HIGH
2,2010,1,2,WINTER,1 -> 2,ZERO_BASED_TO_CALENDAR,HIGH
3,2010,1,2,WINTER,1 -> 2,ZERO_BASED_TO_CALENDAR,HIGH
4,2010,1,2,WINTER,1 -> 2,ZERO_BASED_TO_CALENDAR,HIGH
5,2010,1,2,WINTER,1 -> 2,ZERO_BASED_TO_CALENDAR,HIGH
6,2010,1,2,WINTER,1 -> 2,ZERO_BASED_TO_CALENDAR,HIGH
7,2010,1,2,WINTER,1 -> 2,ZERO_BASED_TO_CALENDAR,HIGH
8,2010,1,2,WINTER,1 -> 2,ZERO_BASED_TO_CALENDAR,HIGH
9,2010,1,2,WINTER,1 -> 2,ZERO_BASED_TO_CALENDAR,HIGH
10,2010,1,2,WINTER,1 -> 2,ZERO_BASED_TO_CALENDAR,HIGH
11,2010,1,2,WINTER,1 -> 2,ZERO_BASED_TO_CALENDAR,HIGH
12,2010,1,2,WINTER,1 -> 2,ZERO_BASED_TO_CALENDAR,HIGH
13,2010,1,2,WINTER,1 -> 2,ZERO_BASED_TO_CALENDAR,HIGH
14,2010,1,2,WINTER,1 -> 2,ZERO_BASED_TO_CALENDAR,HIGH
15,2010,1,2,WINTER,1 -> 2,ZERO_BASED_TO_CALENDAR,HIGH
16,2010,1,2,WINTER,1 -> 2,ZERO_BASED_TO_CALENDAR,HIGH
17,2010,1,2,WINTER,1 -> 2,ZERO_BASED_TO_CALENDAR,HIGH
18,2010,1,2,WINTER,1 -> 2,ZERO_BASED_TO_CALENDAR,HIGH
19,2010,1,2,WINTER,1 -> 2,ZERO_BASED_TO_CALENDAR,HIGH
20,2010,1,2,WINTER,1 -> 2,ZERO_BASED_TO_CALENDAR,HIGH
21,2010,1,2,WINTER,1 -> 2,ZERO_BASED_TO_CALENDAR,HIGH
22,2010,1,2,WINTER,1 -> 2,ZERO_BASED_TO_CALENDAR,HIGH
23,2010,1,2,WINTER,1 -> 2,ZERO_BASED_TO_CALENDAR,HIGH
24,2010,1,2,WINTER,1 -> 2,ZERO_BASED_TO_CALENDAR,HIGH
25,2010,1,2,WINTER,1 -> 2,ZERO_BASED_TO_CALENDAR,HIGH
26,2010,1,2,WINTER,1 -> 2,ZERO_BASED_TO_CALENDAR,HIGH
27,2010,1,2,WINTER,1 -> 2,ZERO_BASED_TO_CALENDAR,HIGH
28,2010,1,2,WINTER,1 -> 2,ZERO_BASED_TO_CALENDAR,HIGH
29,2010,1,2,WINTER,1 -> 2,ZERO_BASED_TO_CALENDAR,HIGH
30,2010,1,2,WINTER,1 -> 2,ZERO_BASED_TO_CALENDAR,HIGH
31,2010,1,2,WINTER,1 -> 2,ZERO_BASED_TO_CALENDAR,HIGH
32,2010,1,2,WINTER,1 -> 2,ZERO_BASED_TO_CALENDAR,HIGH
33,2010,1,2,WINTER,1 -> 2,ZERO_BASED_TO_CALENDAR,HIGH
34,2010,1,2,WINTER,1 -> 2,ZERO_BASED_TO_CALENDAR,HIGH
35,2010,1,2,WINTER,1 -> 2,ZERO_BASED_TO_CALENDAR,HIGH
0,2010,11,12,WINTER,11 -> 12,ZERO_BASED_TO_CALENDAR,HIGH
1,2010,11,12,WINTER,11 -> 12,ZERO_BASED_TO_CALENDAR,HIGH
2,2010,11,12,WINTER,11 -> 12,ZERO_BASED_TO_CALENDAR,HIGH
3,2010,11,12,WINTER,11 -> 12,ZERO_BASED_TO_CALENDAR,HIGH
4,2010,11,12,WINTER,11 -> 12,ZERO_BASED_TO_CALENDAR,HIGH
5,2010,11,12,WINTER,11 -> 12,ZERO_BASED_TO_CALENDAR,HIGH
6,2010,11,12,WINTER,11 -> 12,ZERO_BASED_TO_CALENDAR,HIGH
7,2010,11,12,WINTER,11 -> 12,ZERO_BASED_TO_CALENDAR,HIGH
8,2010,11,12,WINTER,11 -> 12,ZERO_BASED_TO_CALENDAR,HIGH
9,2010,11,12,WINTER,11 -> 12,ZERO_BASED_TO_CALENDAR,HIGH
10,2010,11,12,WINTER,11 -> 12,ZERO_BASED_TO_CALENDAR,HIGH
11,2010,11,12,WINTER,11 -> 12,ZERO_BASED_TO_CALENDAR,HIGH
12,2010,11,12,WINTER,11 -> 12,ZERO_BASED_TO_CALENDAR,HIGH
13,2010,11,12,WINTER,11 -> 12,ZERO_BASED_TO_CALENDAR,HIGH
14,2010,11,12,WINTER,11 -> 12,ZERO_BASED_TO_CALENDAR,HIGH
15,2010,11,12,WINTER,11 -> 12,ZERO_BASED_TO_CALENDAR,HIGH
16,2010,11,12,WINTER,11 -> 12,ZERO_BASED_TO_CALENDAR,HIGH
17,2010,11,12,WINTER,11 -> 12,ZERO_BASED_TO_CALENDAR,HIGH
18,2010,11,12,WINTER,11 -> 12,ZERO_BASED_TO_CALENDAR,HIGH
19,2010,11,12,WINTER,11 -> 12,ZERO_BASED_TO_CALENDAR,HIGH
20,2010,11,12,WINTER,11 -> 12,ZERO_BASED_TO_CALENDAR,HIGH
21,2010,11,12,WINTER,11 -> 12,ZERO_BASED_TO_CALENDAR,HIGH
22,2010,11,12,WINTER,11 -> 12,ZERO_BASED_TO_CALENDAR,HIGH
23,2010,11,12,WINTER,11 -> 12,ZERO_BASED_TO_CALENDAR,HIGH
24,2010,11,12,WINTER,11 -> 12,ZERO_BASED_TO_CALENDAR,HIGH
25,2010,11,12,WINTER,11 -> 12,ZERO_BASED_TO_CALENDAR,HIGH
26,2010,11,12,WINTER,11 -> 12,ZERO_BASED_TO_CALENDAR,HIGH
27,2010,11,12,WINTER,11 -> 12,ZERO_BASED_TO_CALENDAR,HIGH
28,2010,11,12,WINTER,11 -> 12,ZERO_BASED_TO_CALENDAR,HIGH
29,2010,11,12,WINTER,11 -> 12,ZERO_BASED_TO_CALENDAR,HIGH
30,2010,11,12,WINTER,11 -> 12,ZERO_BASED_TO_CALENDAR,HIGH
31,2010,11,12,WINTER,11 -> 12,ZERO_BASED_TO_CALENDAR,HIGH
32,2010,11,12,WINTER,11 -> 12,ZERO_BASED_TO_CALENDAR,HIGH
33,2010,11,12,WINTER,11 -> 12,ZERO_BASED_TO_CALENDAR,HIGH
34,2010,11,12,WINTER,11 -> 12,ZERO_BASED_TO_CALENDAR,HIGH
35,2010,11,12,WINTER,11 -> 12,ZERO_BASED_TO_CALENDAR,HIGH
0,2010,10,11,POST_MONSOON,10 -> 11,ZERO_BASED_TO_CALENDAR,HIGH
1,2010,10,11,POST_MONSOON,10 -> 11,ZERO_BASED_TO_CALENDAR,HIGH
2,2010,10,11,POST_MONSOON,10 -> 11,ZERO_BASED_TO_CALENDAR,HIGH
3,2010,10,11,POST_MONSOON,10 -> 11,ZERO_BASED_TO_CALENDAR,HIGH
4,2010,10,11,POST_MONSOON,10 -> 11,ZERO_BASED_TO_CALENDAR,HIGH
5,2010,10,11,POST_MONSOON,10 -> 11,ZERO_BASED_TO_CALENDAR,HIGH
6,2010,10,11,POST_MONSOON,10 -> 11,ZERO_BASED_TO_CALENDAR,HIGH
7,2010,10,11,POST_MONSOON,10 -> 11,ZERO_BASED_TO_CALENDAR,HIGH
8,2010,10,11,POST_MONSOON,10 -> 11,ZERO_BASED_TO_CALENDAR,HIGH
9,2010,10,11,POST_MONSOON,10 -> 11,ZERO_BASED_TO_CALENDAR,HIGH
10,2010,10,11,POST_MONSOON,10 -> 11,ZERO_BASED_TO_CALENDAR,HIGH
11,2010,10,11,POST_MONSOON,10 -> 11,ZERO_BASED_TO_CALENDAR,HIGH
12,2010,10,11,POST_MONSOON,10 -> 11,ZERO_BASED_TO_CALENDAR,HIGH
13,2010,10,11,POST_MONSOON,10 -> 11,ZERO_BASED_TO_CALENDAR,HIGH
14,2010,10,11,POST_MONSOON,10 -> 11,ZERO_BASED_TO_CALENDAR,HIGH
15,2010,10,11,POST_MONSOON,10 -> 11,ZERO_BASED_TO_CALENDAR,HIGH
16,2010,10,11,POST_MONSOON,10 -> 11,ZERO_BASED_TO_CALENDAR,HIGH
17,2010,10,11,POST_MONSOON,10 -> 11,ZERO_BASED_TO_CALENDAR,HIGH
18,2010,10,11,POST_MONSOON,10 -> 11,ZERO_BASED_TO_CALENDAR,HIGH
19,2010,10,11,POST_MONSOON,10 -> 11,ZERO_BASED_TO_CALENDAR,HIGH
20,2010,10,11,POST_MONSOON,10 -> 11,ZERO_BASED_TO_CALENDAR,HIGH
21,2010,10,11,POST_MONSOON,10 -> 11,ZERO_BASED_TO_CALENDAR,HIGH
22,2010,10,11,POST_MONSOON,10 -> 11,ZERO_BASED_TO_CALENDAR,HIGH
23,2010,10,11,POST_MONSOON,10 -> 11,ZERO_BASED_TO_CALENDAR,HIGH
24,2010,10,11,POST_MONSOON,10 -> 11,ZERO_BASED_TO_CALENDAR,HIGH
25,2010,10,11,POST_MONSOON,10 -> 11,ZERO_BASED_TO_CALENDAR,HIGH
26,2010,10,11,POST_MONSOON,10 -> 11,ZERO_BASED_TO_CALENDAR,HIGH
27,2010,10,11,POST_MONSOON,10 -> 11,ZERO_BASED_TO_CALENDAR,HIGH
28,2010,10,11,POST_MONSOON,10 -> 11,ZERO_BASED_TO_CALENDAR,HIGH
29,2010,10,11,POST_MONSOON,10 -> 11,ZERO_BASED_TO_CALENDAR,HIGH
30,2010,10,11,POST_MONSOON,10 -> 11,ZERO_BASED_TO_CALENDAR,HIGH
31,2010,10,11,POST_MONSOON,10 -> 11,ZERO_BASED_TO_CALENDAR,HIGH
32,2010,10,11,POST_MONSOON,10 -> 11,ZERO_BASED_TO_CALENDAR,HIGH
33,2010,10,11,POST_MONSOON,10 -> 11,ZERO_BASED_TO_CALENDAR,HIGH
34,2010,10,11,POST_MONSOON,10 -> 11,ZERO_BASED_TO_CALENDAR,HIGH
35,2010,10,11,POST_MONSOON,10 -> 11,ZERO_BASED_TO_CALENDAR,HIGH
0,2010,9,10,POST_MONSOON,9 -> 10,ZERO_BASED_TO_CALENDAR,HIGH
1,2010,9,10,POST_MONSOON,9 -> 10,ZERO_BASED_TO_CALENDAR,HIGH
2,2010,9,10,POST_MONSOON,9 -> 10,ZERO_BASED_TO_CALENDAR,HIGH
3,2010,9,10,POST_MONSOON,9 -> 10,ZERO_BASED_TO_CALENDAR,HIGH
4,2010,9,10,POST_MONSOON,9 -> 10,ZERO_BASED_TO_CALENDAR,HIGH
5,2010,9,10,POST_MONSOON,9 -> 10,ZERO_BASED_TO_CALENDAR,HIGH
6,2010,9,10,POST_MONSOON,9 -> 10,ZERO_BASED_TO_CALENDAR,HIGH
7,2010,9,10,POST_MONSOON,9 -> 10,ZERO_BASED_TO_CALENDAR,HIGH
8,2010,9,10,POST_MONSOON,9 -> 10,ZERO_BASED_TO_CALENDAR,HIGH
9,2010,9,10,POST_MONSOON,9 -> 10,ZERO_BASED_TO_CALENDAR,HIGH
10,2010,9,10,POST_MONSOON,9 -> 10,ZERO_BASED_TO_CALENDAR,HIGH
11,2010,9,10,POST_MONSOON,9 -> 10,ZERO_BASED_TO_CALENDAR,HIGH
12,2010,9,10,POST_MONSOON,9 -> 10,ZERO_BASED_TO_CALENDAR,HIGH
13,2010,9,10,POST_MONSOON,9 -> 10,ZERO_BASED_TO_CALENDAR,HIGH
14,2010,9,10,POST_MONSOON,9 -> 10,ZERO_BASED_TO_CALENDAR,HIGH
15,2010,9,10,POST_MONSOON,9 -> 10,ZERO_BASED_TO_CALENDAR,HIGH
16,2010,9,10,POST_MONSOON,9 -> 10,ZERO_BASED_TO_CALENDAR,HIGH
17,2010,9,10,POST_MONSOON,9 -> 10,ZERO_BASED_TO_CALENDAR,HIGH
18,2010,9,10,POST_MONSOON,9 -> 10,ZERO_BASED_TO_CALENDAR,HIGH
19,2010,9,10,POST_MONSOON,9 -> 10,ZERO_BASED_TO_CALENDAR,HIGH
20,2010,9,10,POST_MONSOON,9 -> 10,ZERO_BASED_TO_CALENDAR,HIGH
21,2010,9,10,POST_MONSOON,9 -> 10,ZERO_BASED_TO_CALENDAR,HIGH
22,2010,9,10,POST_MONSOON,9 -> 10,ZERO_BASED_TO_CALENDAR,HIGH
23,2010,9,10,POST_MONSOON,9 -> 10,ZERO_BASED_TO_CALENDAR,HIGH
24,2010,9,10,POST_MONSOON,9 -> 10,ZERO_BASED_TO_CALENDAR,HIGH
25,2010,9,10,POST_MONSOON,9 -> 10,ZERO_BASED_TO_CALENDAR,HIGH
26,2010,9,10,POST_MONSOON,9 -> 10,ZERO_BASED_TO_CALENDAR,HIGH
27,2010,9,10,POST_MONSOON,9 -> 10,ZERO_BASED_TO_CALENDAR,HIGH
28,2010,9,10,POST_MONSOON,9 -> 10,ZERO_BASED_TO_CALENDAR,HIGH
29,2010,9,10,POST_MONSOON,9 -> 10,ZERO_BASED_TO_CALENDAR,HIGH
30,2010,9,10,POST_MONSOON,9 -> 10,ZERO_BASED_TO_CALENDAR,HIGH
31,2010,9,10,POST_MONSOON,9 -> 10,ZERO_BASED_TO_CALENDAR,HIGH
32,2010,9,10,POST_MONSOON,9 -> 10,ZERO_BASED_TO_CALENDAR,HIGH
33,2010,9,10,POST_MONSOON,9 -> 10,ZERO_BASED_TO_CALENDAR,HIGH
34,2010,9,10,POST_MONSOON,9 -> 10,ZERO_BASED_TO_CALENDAR,HIGH
35,2010,9,10,POST_MONSOON,9 -> 10,ZERO_BASED_TO_CALENDAR,HIGH
0,2010,2,3,PRE_MONSOON,2 -> 3,ZERO_BASED_TO_CALENDAR,HIGH
1,2010,2,3,PRE_MONSOON,2 -> 3,ZERO_BASED_TO_CALENDAR,HIGH
2,2010,2,3,PRE_MONSOON,2 -> 3,ZERO_BASED_TO_CALENDAR,HIGH
3,2010,2,3,PRE_MONSOON,2 -> 3,ZERO_BASED_TO_CALENDAR,HIGH
4,2010,2,3,PRE_MONSOON,2 -> 3,ZERO_BASED_TO_CALENDAR,HIGH
5,2010,2,3,PRE_MONSOON,2 -> 3,ZERO_BASED_TO_CALENDAR,HIGH
6,2010,2,3,PRE_MONSOON,2 -> 3,ZERO_BASED_TO_CALENDAR,HIGH
7,2010,2,3,PRE_MONSOON,2 -> 3,ZERO_BASED_TO_CALENDAR,HIGH
8,2010,2,3,PRE_MONSOON,2 -> 3,ZERO_BASED_TO_CALENDAR,HIGH
9,2010,2,3,PRE_MONSOON,2 -> 3,ZERO_BASED_TO_CALENDAR,HIGH
10,2010,2,3,PRE_MONSOON,2 -> 3,ZERO_BASED_TO_CALENDAR,HIGH
11,2010,2,3,PRE_MONSOON,2 -> 3,ZERO_BASED_TO_CALENDAR,HIGH
12,2010,2,3,PRE_MONSOON,2 -> 3,ZERO_BASED_TO_CALENDAR,HIGH
13,2010,2,3,PRE_MONSOON,2 -> 3,ZERO_BASED_TO_CALENDAR,HIGH
14,2010,2,3,PRE_MONSOON,2 -> 3,ZERO_BASED_TO_CALENDAR,HIGH
15,2010,2,3,PRE_MONSOON,2 -> 3,ZERO_BASED_TO_CALENDAR,HIGH
16,2010,2,3,PRE_MONSOON,2 -> 3,ZERO_BASED_TO_CALENDAR,HIGH
17,2010,2,3,PRE_MONSOON,2 -> 3,ZERO_BASED_TO_CALENDAR,HIGH
18,2010,2,3,PRE_MONSOON,2 -> 3,ZERO_BASED_TO_CALENDAR,HIGH
19,2010,2,3,PRE_MONSOON,2 -> 3,ZERO_BASED_TO_CALENDAR,HIGH
20,2010,2,3,PRE_MONSOON,2 -> 3,ZERO_BASED_TO_CALENDAR,HIGH
21,2010,2,3,PRE_MONSOON,2 -> 3,ZERO_BASED_TO_CALENDAR,HIGH
22,2010,2,3,PRE_MONSOON,2 -> 3,ZERO_BASED_TO_CALENDAR,HIGH
23,2010,2,3,PRE_MONSOON,2 -> 3,ZERO_BASED_TO_CALENDAR,HIGH
24,2010,2,3,PRE_MONSOON,2 -> 3,ZERO_BASED_TO_CALENDAR,HIGH
25,2010,2,3,PRE_MONSOON,2 -> 3,ZERO_BASED_TO_CALENDAR,HIGH
26,2010,2,3,PRE_MONSOON,2 -> 3,ZERO_BASED_TO_CALENDAR,HIGH
27,2010,2,3,PRE_MONSOON,2 -> 3,ZERO_BASED_TO_CALENDAR,HIGH
28,2010,2,3,PRE_MONSOON,2 -> 3,ZERO_BASED_TO_CALENDAR,HIGH
29,2010,2,3,PRE_MONSOON,2 -> 3,ZERO_BASED_TO_CALENDAR,HIGH
30,2010,2,3,PRE_MONSOON,2 -> 3,ZERO_BASED_TO_CALENDAR,HIGH
31,2010,2,3,PRE_MONSOON,2 -> 3,ZERO_BASED_TO_CALENDAR,HIGH
32,2010,2,3,PRE_MONSOON,2 -> 3,ZERO_BASED_TO_CALENDAR,HIGH
33,2010,2,3,PRE_MONSOON,2 -> 3,ZERO_BASED_TO_CALENDAR,HIGH
34,2010,2,3,PRE_MONSOON,2 -> 3,ZERO_BASED_TO_CALENDAR,HIGH
35,2010,2,3,PRE_MONSOON,2 -> 3,ZERO_BASED_TO_CALENDAR,HIGH
0,2011,4,5,PRE_MONSOON,4 -> 5,ZERO_BASED_TO_CALENDAR,HIGH
1,2011,4,5,PRE_MONSOON,4 -> 5,ZERO_BASED_TO_CALENDAR,HIGH
2,2011,4,5,PRE_MONSOON,4 -> 5,ZERO_BASED_TO_CALENDAR,HIGH
3,2011,4,5,PRE_MONSOON,4 -> 5,ZERO_BASED_TO_CALENDAR,HIGH
4,2011,4,5,PRE_MONSOON,4 -> 5,ZERO_BASED_TO_CALENDAR,HIGH
5,2011,4,5,PRE_MONSOON,4 -> 5,ZERO_BASED_TO_CALENDAR,HIGH
6,2011,4,5,PRE_MONSOON,4 -> 5,ZERO_BASED_TO_CALENDAR,HIGH
7,2011,4,5,PRE_MONSOON,4 -> 5,ZERO_BASED_TO_CALENDAR,HIGH
8,2011,4,5,PRE_MONSOON,4 -> 5,ZERO_BASED_TO_CALENDAR,HIGH
9,2011,4,5,PRE_MONSOON,4 -> 5,ZERO_BASED_TO_CALENDAR,HIGH
10,2011,4,5,PRE_MONSOON,4 -> 5,ZERO_BASED_TO_CALENDAR,HIGH
11,2011,4,5,PRE_MONSOON,4 -> 5,ZERO_BASED_TO_CALENDAR,HIGH
12,2011,4,5,PRE_MONSOON,4 -> 5,ZERO_BASED_TO_CALENDAR,HIGH
13,2011,4,5,PRE_MONSOON,4 -> 5,ZERO_BASED_TO_CALENDAR,HIGH
14,2011,4,5,PRE_MONSOON,4 -> 5,ZERO_BASED_TO_CALENDAR,HIGH
15,2011,4,5,PRE_MONSOON,4 -> 5,ZERO_BASED_TO_CALENDAR,HIGH
16,2011,4,5,PRE_MONSOON,4 -> 5,ZERO_BASED_TO_CALENDAR,HIGH
17,2011,4,5,PRE_MONSOON,4 -> 5,ZERO_BASED_TO_CALENDAR,HIGH
18,2011,4,5,PRE_MONSOON,4 -> 5,ZERO_BASED_TO_CALENDAR,HIGH
19,2011,4,5,PRE_MONSOON,4 -> 5,ZERO_BASED_TO_CALENDAR,HIGH
20,2011,4,5,PRE_MONSOON,4 -> 5,ZERO_BASED_TO_CALENDAR,HIGH
21,2011,4,5,PRE_MONSOON,4 -> 5,ZERO_BASED_TO_CALENDAR,HIGH
22,2011,4,5,PRE_MONSOON,4 -> 5,ZERO_BASED_TO_CALENDAR,HIGH
23,2011,4,5,PRE_MONSOON,4 -> 5,ZERO_BASED_TO_CALENDAR,HIGH
24,2011,4,5,PRE_MONSOON,4 -> 5,ZERO_BASED_TO_CALENDAR,HIGH
25,2011,4,5,PRE_MONSOON,4 -> 5,ZERO_BASED_TO_CALENDAR,HIGH
26,2011,4,5,PRE_MONSOON,4 -> 5,ZERO_BASED_TO_CALENDAR,HIGH
27,2011,4,5,PRE_MONSOON,4 -> 5,ZERO_BASED_TO_CALENDAR,HIGH
28,2011,4,5,PRE_MONSOON,4 -> 5,ZERO_BASED_TO_CALENDAR,HIGH
29,2011,4,5,PRE_MONSOON,4 -> 5,ZERO_BASED_TO_CALENDAR,HIGH
30,2011,4,5,PRE_MONSOON,4 -> 5,ZERO_BASED_TO_CALENDAR,HIGH
31,2011,4,5,PRE_MONSOON,4 -> 5,ZERO_BASED_TO_CALENDAR,HIGH
32,2011,4,5,PRE_MONSOON,4 -> 5,ZERO_BASED_TO_CALENDAR,HIGH
33,2011,4,5,PRE_MONSOON,4 -> 5,ZERO_BASED_TO_CALENDAR,HIGH
34,2011,4,5,PRE_MONSOON,4 -> 5,ZERO_BASED_TO_CALENDAR,HIGH
35,2011,4,5,PRE_MONSOON,4 -> 5,ZERO_BASED_TO_CALENDAR,HIGH
0,2011,3,4,PRE_MONSOON,3 -> 4,ZERO_BASED_TO_CALENDAR,HIGH
1,2011,3,4,PRE_MONSOON,3 -> 4,ZERO_BASED_TO_CALENDAR,HIGH
2,2011,3,4,PRE_MONSOON,3 -> 4,ZERO_BASED_TO_CALENDAR,HIGH
3,2011,3,4,PRE_MONSOON,3 -> 4,ZERO_BASED_TO_CALENDAR,HIGH
4,2011,3,4,PRE_MONSOON,3 -> 4,ZERO_BASED_TO_CALENDAR,HIGH
5,2011,3,4,PRE_MONSOON,3 -> 4,ZERO_BASED_TO_CALENDAR,HIGH
6,2011,3,4,PRE_MONSOON,3 -> 4,ZERO_BASED_TO_CALENDAR,HIGH
7,2011,3,4,PRE_MONSOON,3 -> 4,ZERO_BASED_TO_CALENDAR,HIGH
8,2011,3,4,PRE_MONSOON,3 -> 4,ZERO_BASED_TO_CALENDAR,HIGH
9,2011,3,4,PRE_MONSOON,3 -> 4,ZERO_BASED_TO_CALENDAR,HIGH
10,2011,3,4,PRE_MONSOON,3 -> 4,ZERO_BASED_TO_CALENDAR,HIGH
11,2011,3,4,PRE_MONSOON,3 -> 4,ZERO_BASED_TO_CALENDAR,HIGH
12,2011,3,4,PRE_MONSOON,3 -> 4,ZERO_BASED_TO_CALENDAR,HIGH
13,2011,3,4,PRE_MONSOON,3 -> 4,ZERO_BASED_TO_CALENDAR,HIGH
14,2011,3,4,PRE_MONSOON,3 -> 4,ZERO_BASED_TO_CALENDAR,HIGH
15,2011,3,4,PRE_MONSOON,3 -> 4,ZERO_BASED_TO_CALENDAR,HIGH
16,2011,3,4,PRE_MONSOON,3 -> 4,ZERO_BASED_TO_CALENDAR,HIGH
17,2011,3,4,PRE_MONSOON,3 -> 4,ZERO_BASED_TO_CALENDAR,HIGH
18,2011,3,4,PRE_MONSOON,3 -> 4,ZERO_BASED_TO_CALENDAR,HIGH
19,2011,3,4,PRE_MONSOON,3 -> 4,ZERO_BASED_TO_CALENDAR,HIGH
20,2011,3,4,PRE_MONSOON,3 -> 4,ZERO_BASED_TO_CALENDAR,HIGH
21,2011,3,4,PRE_MONSOON,3 -> 4,ZERO_BASED_TO_CALENDAR,HIGH
22,2011,3,4,PRE_MONSOON,3 -> 4,ZERO_BASED_TO_CALENDAR,HIGH
23,2011,3,4,PRE_MONSOON,3 -> 4,ZERO_BASED_TO_CALENDAR,HIGH
24,2011,3,4,PRE_MONSOON,3 -> 4,ZERO_BASED_TO_CALENDAR,HIGH
25,2011,3,4,PRE_MONSOON,3 -> 4,ZERO_BASED_TO_CALENDAR,HIGH
26,2011,3,4,PRE_MONSOON,3 -> 4,ZERO_BASED_TO_CALENDAR,HIGH
27,2011,3,4,PRE_MONSOON,3 -> 4,ZERO_BASED_TO_CALENDAR,HIGH
28,2011,3,4,PRE_MONSOON,3 -> 4,ZERO_BASED_TO_CALENDAR,HIGH
29,2011,3,4,PRE_MONSOON,3 -> 4,ZERO_BASED_TO_CALENDAR,HIGH
30,2011,3,4,PRE_MONSOON,3 -> 4,ZERO_BASED_TO_CALENDAR,HIGH
31,2011,3,4,PRE_MONSOON,3 -> 4,ZERO_BASED_TO_CALENDAR,HIGH
32,2011,3,4,PRE_MONSOON,3 -> 4,ZERO_BASED_TO_CALENDAR,HIGH
33,2011,3,4,PRE_MONSOON,3 -> 4,ZERO_BASED_TO_CALENDAR,HIGH
34,2011,3,4,PRE_MONSOON,3 -> 4,ZERO_BASED_TO_CALENDAR,HIGH
35,2011,3,4,PRE_MONSOON,3 -> 4,ZERO_BASED_TO_CALENDAR,HIGH
0,2011,7,8,MONSOON,7 -> 8,ZERO_BASED_TO_CALENDAR,HIGH
1,2011,7,8,MONSOON,7 -> 8,ZERO_BASED_TO_CALENDAR,HIGH
2,2011,7,8,MONSOON,7 -> 8,ZERO_BASED_TO_CALENDAR,HIGH
3,2011,7,8,MONSOON,7 -> 8,ZERO_BASED_TO_CALENDAR,HIGH
4,2011,7,8,MONSOON,7 -> 8,ZERO_BASED_TO_CALENDAR,HIGH
5,2011,7,8,MONSOON,7 -> 8,ZERO_BASED_TO_CALENDAR,HIGH
6,2011,7,8,MONSOON,7 -> 8,ZERO_BASED_TO_CALENDAR,HIGH
7,2011,7,8,MONSOON,7 -> 8,ZERO_BASED_TO_CALENDAR,HIGH
8,2011,7,8,MONSOON,7 -> 8,ZERO_BASED_TO_CALENDAR,HIGH
9,2011,7,8,MONSOON,7 -> 8,ZERO_BASED_TO_CALENDAR,HIGH
10,2011,7,8,MONSOON,7 -> 8,ZERO_BASED_TO_CALENDAR,HIGH
11,2011,7,8,MONSOON,7 -> 8,ZERO_BASED_TO_CALENDAR,HIGH
12,2011,7,8,MONSOON,7 -> 8,ZERO_BASED_TO_CALENDAR,HIGH
13,2011,7,8,MONSOON,7 -> 8,ZERO_BASED_TO_CALENDAR,HIGH
14,2011,7,8,MONSOON,7 -> 8,ZERO_BASED_TO_CALENDAR,HIGH
15,2011,7,8,MONSOON,7 -> 8,ZERO_BASED_TO_CALENDAR,HIGH
16,2011,7,8,MONSOON,7 -> 8,ZERO_BASED_TO_CALENDAR,HIGH
17,2011,7,8,MONSOON,7 -> 8,ZERO_BASED_TO_CALENDAR,HIGH
18,2011,7,8,MONSOON,7 -> 8,ZERO_BASED_TO_CALENDAR,HIGH
19,2011,7,8,MONSOON,7 -> 8,ZERO_BASED_TO_CALENDAR,HIGH
20,2011,7,8,MONSOON,7 -> 8,ZERO_BASED_TO_CALENDAR,HIGH
21,2011,7,8,MONSOON,7 -> 8,ZERO_BASED_TO_CALENDAR,HIGH
22,2011,7,8,MONSOON,7 -> 8,ZERO_BASED_TO_CALENDAR,HIGH
23,2011,7,8,MONSOON,7 -> 8,ZERO_BASED_TO_CALENDAR,HIGH
24,2011,7,8,MONSOON,7 -> 8,ZERO_BASED_TO_CALENDAR,HIGH
25,2011,7,8,MONSOON,7 -> 8,ZERO_BASED_TO_CALENDAR,HIGH
26,2011,7,8,MONSOON,7 -> 8,ZERO_BASED_TO_CALENDAR,HIGH
27,2011,7,8,MONSOON,7 -> 8,ZERO_BASED_TO_CALENDAR,HIGH
28,2011,7,8,MONSOON,7 -> 8,ZERO_BASED_TO_CALENDAR,HIGH
29,2011,7,8,MONSOON,7 -> 8,ZERO_BASED_TO_CALENDAR,HIGH
30,2011,7,8,MONSOON,7 -> 8,ZERO_BASED_TO_CALENDAR,HIGH
31,2011,7,8,MONSOON,7 -> 8,ZERO_BASED_TO_CALENDAR,HIGH
32,2011,7,8,MONSOON,7 -> 8,ZERO_BASED_TO_CALENDAR,HIGH
33,2011,7,8,MONSOON,7 -> 8,ZERO_BASED_TO_CALENDAR,HIGH
34,2011,7,8,MONSOON,7 -> 8,ZERO_BASED_TO_CALENDAR,HIGH
35,2011,7,8,MONSOON,7 -> 8,ZERO_BASED_TO_CALENDAR,HIGH
0,2011,0,1,WINTER,0 -> 1,ZERO_BASED_TO_CALENDAR,HIGH
1,2011,0,1,WINTER,0 -> 1,ZERO_BASED_TO_CALENDAR,HIGH
2,2011,0,1,WINTER,0 -> 1,ZERO_BASED_TO_CALENDAR,HIGH
3,2011,0,1,WINTER,0 -> 1,ZERO_BASED_TO_CALENDAR,HIGH
4,2011,0,1,WINTER,0 -> 1,ZERO_BASED_TO_CALENDAR,HIGH
5,2011,0,1,WINTER,0 -> 1,ZERO_BASED_TO_CALENDAR,HIGH
6,2011,0,1,WINTER,0 -> 1,ZERO_BASED_TO_CALENDAR,HIGH
7,2011,0,1,WINTER,0 -> 1,ZERO_BASED_TO_CALENDAR,HIGH
8,2011,0,1,WINTER,0 -> 1,ZERO_BASED_TO_CALENDAR,HIGH
9,2011,0,1,WINTER,0 -> 1,ZERO_BASED_TO_CALENDAR,HIGH
10,2011,0,1,WINTER,0 -> 1,ZERO_BASED_TO_CALENDAR,HIGH
11,2011,0,1,WINTER,0 -> 1,ZERO_BASED_TO_CALENDAR,HIGH
12,2011,0,1,WINTER,0 -> 1,ZERO_BASED_TO_CALENDAR,HIGH
13,2011,0,1,WINTER,0 -> 1,ZERO_BASED_TO_CALENDAR,HIGH
14,2011,0,1,WINTER,0 -> 1,ZERO_BASED_TO_CALENDAR,HIGH
15,2011,0,1,WINTER,0 -> 1,ZERO_BASED_TO_CALENDAR,HIGH
16,2011,0,1,WINTER,0 -> 1,ZERO_BASED_TO_CALENDAR,HIGH
17,2011,0,1,WINTER,0 -> 1,ZERO_BASED_TO_CALENDAR,HIGH
18,2011,0,1,WINTER,0 -> 1,ZERO_BASED_TO_CALENDAR,HIGH
19,2011,0,1,WINTER,0 -> 1,ZERO_BASED_TO_CALENDAR,HIGH
20,2011,0,1,WINTER,0 -> 1,ZERO_BASED_TO_CALENDAR,HIGH
21,2011,0,1,WINTER,0 -> 1,ZERO_BASED_TO_CALENDAR,HIGH
22,2011,0,1,WINTER,0 -> 1,ZERO_BASED_TO_CALENDAR,HIGH
23,2011,0,1,WINTER,0 -> 1,ZERO_BASED_TO_CALENDAR,HIGH
24,2011,0,1,WINTER,0 -> 1,ZERO_BASED_TO_CALENDAR,HIGH
25,2011,0,1,WINTER,0 -> 1,ZERO_BASED_TO_CALENDAR,HIGH
26,2011,0,1,WINTER,0 -> 1,ZERO_BASED_TO_CALENDAR,HIGH
27,2011,0,1,WINTER,0 -> 1,ZERO_BASED_TO_CALENDAR,HIGH
28,2011,0,1,WINTER,0 -> 1,ZERO_BASED_TO_CALENDAR,HIGH
29,2011,0,1,WINTER,0 -> 1,ZERO_BASED_TO_CALENDAR,HIGH
30,2011,0,1,WINTER,0 -> 1,ZERO_BASED_TO_CALENDAR,HIGH
31,2011,0,1,WINTER,0 -> 1,ZERO_BASED_TO_CALENDAR,HIGH
32,2011,0,1,WINTER,0 -> 1,ZERO_BASED_TO_CALENDAR,HIGH
33,2011,0,1,WINTER,0 -> 1,ZERO_BASED_TO_CALENDAR,HIGH
34,2011,0,1,WINTER,0 -> 1,ZERO_BASED_TO_CALENDAR,HIGH
35,2011,0,1,WINTER,0 -> 1,ZERO_BASED_TO_CALENDAR,HIGH
0,2011,8,9,MONSOON,8 -> 9,ZERO_BASED_TO_CALENDAR,HIGH
1,2011,8,9,MONSOON,8 -> 9,ZERO_BASED_TO_CALENDAR,HIGH
2,2011,8,9,MONSOON,8 -> 9,ZERO_BASED_TO_CALENDAR,HIGH
3,2011,8,9,MONSOON,8 -> 9,ZERO_BASED_TO_CALENDAR,HIGH
4,2011,8,9,MONSOON,8 -> 9,ZERO_BASED_TO_CALENDAR,HIGH
5,2011,8,9,MONSOON,8 -> 9,ZERO_BASED_TO_CALENDAR,HIGH
6,2011,8,9,MONSOON,8 -> 9,ZERO_BASED_TO_CALENDAR,HIGH
7,2011,8,9,MONSOON,8 -> 9,ZERO_BASED_TO_CALENDAR,HIGH
8,2011,8,9,MONSOON,8 -> 9,ZERO_BASED_TO_CALENDAR,HIGH
9,2011,8,9,MONSOON,8 -> 9,ZERO_BASED_TO_CALENDAR,HIGH
10,2011,8,9,MONSOON,8 -> 9,ZERO_BASED_TO_CALENDAR,HIGH
11,2011,8,9,MONSOON,8 -> 9,ZERO_BASED_TO_CALENDAR,HIGH
12,2011,8,9,MONSOON,8 -> 9,ZERO_BASED_TO_CALENDAR,HIGH
13,2011,8,9,MONSOON,8 -> 9,ZERO_BASED_TO_CALENDAR,HIGH
14,2011,8,9,MONSOON,8 -> 9,ZERO_BASED_TO_CALENDAR,HIGH
15,2011,8,9,MONSOON,8 -> 9,ZERO_BASED_TO_CALENDAR,HIGH
16,2011,8,9,MONSOON,8 -> 9,ZERO_BASED_TO_CALENDAR,HIGH
17,2011,8,9,MONSOON,8 -> 9,ZERO_BASED_TO_CALENDAR,HIGH
18,2011,8,9,MONSOON,8 -> 9,ZERO_BASED_TO_CALENDAR,HIGH
19,2011,8,9,MONSOON,8 -> 9,ZERO_BASED_TO_CALENDAR,HIGH
20,2011,8,9,MONSOON,8 -> 9,ZERO_BASED_TO_CALENDAR,HIGH
21,2011,8,9,MONSOON,8 -> 9,ZERO_BASED_TO_CALENDAR,HIGH
22,2011,8,9,MONSOON,8 -> 9,ZERO_BASED_TO_CALENDAR,HIGH
23,2011,8,9,MONSOON,8 -> 9,ZERO_BASED_TO_CALENDAR,HIGH
24,2011,8,9,MONSOON,8 -> 9,ZERO_BASED_TO_CALENDAR,HIGH
25,2011,8,9,MONSOON,8 -> 9,ZERO_BASED_TO_CALENDAR,HIGH
26,2011,8,9,MONSOON,8 -> 9,ZERO_BASED_TO_CALENDAR,HIGH
27,2011,8,9,MONSOON,8 -> 9,ZERO_BASED_TO_CALENDAR,HIGH
28,2011,8,9,MONSOON,8 -> 9,ZERO_BASED_TO_CALENDAR,HIGH
29,2011,8,9,MONSOON,8 -> 9,ZERO_BASED_TO_CALENDAR,HIGH
30,2011,8,9,MONSOON,8 -> 9,ZERO_BASED_TO_CALENDAR,HIGH
31,2011,8,9,MONSOON,8 -> 9,ZERO_BASED_TO_CALENDAR,HIGH
32,2011,8,9,MONSOON,8 -> 9,ZERO_BASED_TO_CALENDAR,HIGH
33,2011,8,9,MONSOON,8 -> 9,ZERO_BASED_TO_CALENDAR,HIGH
34,2011,8,9,MONSOON,8 -> 9,ZERO_BASED_TO_CALENDAR,HIGH
35,2011,8,9,MONSOON,8 -> 9,ZERO_BASED_TO_CALENDAR,HIGH
0,2011,6,7,MONSOON,6 -> 7,ZERO_BASED_TO_CALENDAR,HIGH
1,2011,6,7,MONSOON,6 -> 7,ZERO_BASED_TO_CALENDAR,HIGH
2,2011,6,7,MONSOON,6 -> 7,ZERO_BASED_TO_CALENDAR,HIGH
3,2011,6,7,MONSOON,6 -> 7,ZERO_BASED_TO_CALENDAR,HIGH
4,2011,6,7,MONSOON,6 -> 7,ZERO_BASED_TO_CALENDAR,HIGH
5,2011,6,7,MONSOON,6 -> 7,ZERO_BASED_TO_CALENDAR,HIGH
6,2011,6,7,MONSOON,6 -> 7,ZERO_BASED_TO_CALENDAR,HIGH
7,2011,6,7,MONSOON,6 -> 7,ZERO_BASED_TO_CALENDAR,HIGH
8,2011,6,7,MONSOON,6 -> 7,ZERO_BASED_TO_CALENDAR,HIGH
9,2011,6,7,MONSOON,6 -> 7,ZERO_BASED_TO_CALENDAR,HIGH
10,2011,6,7,MONSOON,6 -> 7,ZERO_BASED_TO_CALENDAR,HIGH
11,2011,6,7,MONSOON,6 -> 7,ZERO_BASED_TO_CALENDAR,HIGH
12,2011,6,7,MONSOON,6 -> 7,ZERO_BASED_TO_CALENDAR,HIGH
13,2011,6,7,MONSOON,6 -> 7,ZERO_BASED_TO_CALENDAR,HIGH
14,2011,6,7,MONSOON,6 -> 7,ZERO_BASED_TO_CALENDAR,HIGH
15,2011,6,7,MONSOON,6 -> 7,ZERO_BASED_TO_CALENDAR,HIGH
16,2011,6,7,MONSOON,6 -> 7,ZERO_BASED_TO_CALENDAR,HIGH
17,2011,6,7,MONSOON,6 -> 7,ZERO_BASED_TO_CALENDAR,HIGH
18,2011,6,7,MONSOON,6 -> 7,ZERO_BASED_TO_CALENDAR,HIGH
19,2011,6,7,MONSOON,6 -> 7,ZERO_BASED_TO_CALENDAR,HIGH
20,2011,6,7,MONSOON,6 -> 7,ZERO_BASED_TO_CALENDAR,HIGH
21,2011,6,7,MONSOON,6 -> 7,ZERO_BASED_TO_CALENDAR,HIGH
22,2011,6,7,MONSOON,6 -> 7,ZERO_BASED_TO_CALENDAR,HIGH
23,2011,6,7,MONSOON,6 -> 7,ZERO_BASED_TO_CALENDAR,HIGH
24,2011,6,7,MONSOON,6 -> 7,ZERO_BASED_TO_CALENDAR,HIGH
25,2011,6,7,MONSOON,6 -> 7,ZERO_BASED_TO_CALENDAR,HIGH
26,2011,6,7,MONSOON,6 -> 7,ZERO_BASED_TO_CALENDAR,HIGH
27,2011,6,7,MONSOON,6 -> 7,ZERO_BASED_TO_CALENDAR,HIGH
28,2011,6,7,MONSOON,6 -> 7,ZERO_BASED_TO_CALENDAR,HIGH
29,2011,6,7,MONSOON,6 -> 7,ZERO_BASED_TO_CALENDAR,HIGH
30,2011,6,7,MONSOON,6 -> 7,ZERO_BASED_TO_CALENDAR,HIGH
31,2011,6,7,MONSOON,6 -> 7,ZERO_BASED_TO_CALENDAR,HIGH
32,2011,6,7,MONSOON,6 -> 7,ZERO_BASED_TO_CALENDAR,HIGH
33,2011,6,7,MONSOON,6 -> 7,ZERO_BASED_TO_CALENDAR,HIGH
34,2011,6,7,MONSOON,6 -> 7,ZERO_BASED_TO_CALENDAR,HIGH
35,2011,6,7,MONSOON,6 -> 7,ZERO_BASED_TO_CALENDAR,HIGH
0,2011,5,6,MONSOON,5 -> 6,ZERO_BASED_TO_CALENDAR,HIGH
1,2011,5,6,MONSOON,5 -> 6,ZERO_BASED_TO_CALENDAR,HIGH
2,2011,5,6,MONSOON,5 -> 6,ZERO_BASED_TO_CALENDAR,HIGH
3,2011,5,6,MONSOON,5 -> 6,ZERO_BASED_TO_CALENDAR,HIGH
4,2011,5,6,MONSOON,5 -> 6,ZERO_BASED_TO_CALENDAR,HIGH
5,2011,5,6,MONSOON,5 -> 6,ZERO_BASED_TO_CALENDAR,HIGH
6,2011,5,6,MONSOON,5 -> 6,ZERO_BASED_TO_CALENDAR,HIGH
7,2011,5,6,MONSOON,5 -> 6,ZERO_BASED_TO_CALENDAR,HIGH
8,2011,5,6,MONSOON,5 -> 6,ZERO_BASED_TO_CALENDAR,HIGH
9,2011,5,6,MONSOON,5 -> 6,ZERO_BASED_TO_CALENDAR,HIGH
10,2011,5,6,MONSOON,5 -> 6,ZERO_BASED_TO_CALENDAR,HIGH
11,2011,5,6,MONSOON,5 -> 6,ZERO_BASED_TO_CALENDAR,HIGH
12,2011,5,6,MONSOON,5 -> 6,ZERO_BASED_TO_CALENDAR,HIGH
13,2011,5,6,MONSOON,5 -> 6,ZERO_BASED_TO_CALENDAR,HIGH
14,2011,5,6,MONSOON,5 -> 6,ZERO_BASED_TO_CALENDAR,HIGH
15,2011,5,6,MONSOON,5 -> 6,ZERO_BASED_TO_CALENDAR,HIGH
16,2011,5,6,MONSOON,5 -> 6,ZERO_BASED_TO_CALENDAR,HIGH
17,2011,5,6,MONSOON,5 -> 6,ZERO_BASED_TO_CALENDAR,HIGH
18,2011,5,6,MONSOON,5 -> 6,ZERO_BASED_TO_CALENDAR,HIGH
19,2011,5,6,MONSOON,5 -> 6,ZERO_BASED_TO_CALENDAR,HIGH
20,2011,5,6,MONSOON,5 -> 6,ZERO_BASED_TO_CALENDAR,HIGH
21,2011,5,6,MONSOON,5 -> 6,ZERO_BASED_TO_CALENDAR,HIGH
22,2011,5,6,MONSOON,5 -> 6,ZERO_BASED_TO_CALENDAR,HIGH
23,2011,5,6,MONSOON,5 -> 6,ZERO_BASED_TO_CALENDAR,HIGH
24,2011,5,6,MONSOON,5 -> 6,ZERO_BASED_TO_CALENDAR,HIGH
25,2011,5,6,MONSOON,5 -> 6,ZERO_BASED_TO_CALENDAR,HIGH
26,2011,5,6,MONSOON,5 -> 6,ZERO_BASED_TO_CALENDAR,HIGH
27,2011,5,6,MONSOON,5 -> 6,ZERO_BASED_TO_CALENDAR,HIGH
28,2011,5,6,MONSOON,5 -> 6,ZERO_BASED_TO_CALENDAR,HIGH
29,2011,5,6,MONSOON,5 -> 6,ZERO_BASED_TO_CALENDAR,HIGH
30,2011,5,6,MONSOON,5 -> 6,ZERO_BASED_TO_CALENDAR,HIGH
31,2011,5,6,MONSOON,5 -> 6,ZERO_BASED_TO_CALENDAR,HIGH
32,2011,5,6,MONSOON,5 -> 6,ZERO_BASED_TO_CALENDAR,HIGH
33,2011,5,6,MONSOON,5 -> 6,ZERO_BASED_TO_CALENDAR,HIGH
34,2011,5,6,MONSOON,5 -> 6,ZERO_BASED_TO_CALENDAR,HIGH
35,2011,5,6,MONSOON,5 -> 6,ZERO_BASED_TO_CALENDAR,HIGH
0,2011,1,2,WINTER,1 -> 2,ZERO_BASED_TO_CALENDAR,HIGH
1,2011,1,2,WINTER,1 -> 2,ZERO_BASED_TO_CALENDAR,HIGH
2,2011,1,2,WINTER,1 -> 2,ZERO_BASED_TO_CALENDAR,HIGH
3,2011,1,2,WINTER,1 -> 2,ZERO_BASED_TO_CALENDAR,HIGH
4,2011,1,2,WINTER,1 -> 2,ZERO_BASED_TO_CALENDAR,HIGH
5,2011,1,2,WINTER,1 -> 2,ZERO_BASED_TO_CALENDAR,HIGH
6,2011,1,2,WINTER,1 -> 2,ZERO_BASED_TO_CALENDAR,HIGH
7,2011,1,2,WINTER,1 -> 2,ZERO_BASED_TO_CALENDAR,HIGH
8,2011,1,2,WINTER,1 -> 2,ZERO_BASED_TO_CALENDAR,HIGH
9,2011,1,2,WINTER,1 -> 2,ZERO_BASED_TO_CALENDAR,HIGH
10,2011,1,2,WINTER,1 -> 2,ZERO_BASED_TO_CALENDAR,HIGH
11,2011,1,2,WINTER,1 -> 2,ZERO_BASED_TO_CALENDAR,HIGH
12,2011,1,2,WINTER,1 -> 2,ZERO_BASED_TO_CALENDAR,HIGH
13,2011,1,2,WINTER,1 -> 2,ZERO_BASED_TO_CALENDAR,HIGH
14,2011,1,2,WINTER,1 -> 2,ZERO_BASED_TO_CALENDAR,HIGH
15,2011,1,2,WINTER,1 -> 2,ZERO_BASED_TO_CALENDAR,HIGH
16,2011,1,2,WINTER,1 -> 2,ZERO_BASED_TO_CALENDAR,HIGH
17,2011,1,2,WINTER,1 -> 2,ZERO_BASED_TO_CALENDAR,HIGH
18,2011,1,2,WINTER,1 -> 2,ZERO_BASED_TO_CALENDAR,HIGH
19,2011,1,2,WINTER,1 -> 2,ZERO_BASED_TO_CALENDAR,HIGH
20,2011,1,2,WINTER,1 -> 2,ZERO_BASED_TO_CALENDAR,HIGH
21,2011,1,2,WINTER,1 -> 2,ZERO_BASED_TO_CALENDAR,HIGH
22,2011,1,2,WINTER,1 -> 2,ZERO_BASED_TO_CALENDAR,HIGH
23,2011,1,2,WINTER,1 -> 2,ZERO_BASED_TO_CALENDAR,HIGH
24,2011,1,2,WINTER,1 -> 2,ZERO_BASED_TO_CALENDAR,HIGH
25,2011,1,2,WINTER,1 -> 2,ZERO_BASED_TO_CALENDAR,HIGH
26,2011,1,2,WINTER,1 -> 2,ZERO_BASED_TO_CALENDAR,HIGH
27,2011,1,2,WINTER,1 -> 2,ZERO_BASED_TO_CALENDAR,HIGH
28,2011,1,2,WINTER,1 -> 2,ZERO_BASED_TO_CALENDAR,HIGH
29,2011,1,2,WINTER,1 -> 2,ZERO_BASED_TO_CALENDAR,HIGH
30,2011,1,2,WINTER,1 -> 2,ZERO_BASED_TO_CALENDAR,HIGH
31,2011,1,2,WINTER,1 -> 2,ZERO_BASED_TO_CALENDAR,HIGH
32,2011,1,2,WINTER,1 -> 2,ZERO_BASED_TO_CALENDAR,HIGH
33,2011,1,2,WINTER,1 -> 2,ZERO_BASED_TO_CALENDAR,HIGH
34,2011,1,2,WINTER,1 -> 2,ZERO_BASED_TO_CALENDAR,HIGH
35,2011,1,2,WINTER,1 -> 2,ZERO_BASED_TO_CALENDAR,HIGH
0,2011,11,12,WINTER,11 -> 12,ZERO_BASED_TO_CALENDAR,HIGH
1,2011,11,12,WINTER,11 -> 12,ZERO_BASED_TO_CALENDAR,HIGH
2,2011,11,12,WINTER,11 -> 12,ZERO_BASED_TO_CALENDAR,HIGH
3,2011,11,12,WINTER,11 -> 12,ZERO_BASED_TO_CALENDAR,HIGH
4,2011,11,12,WINTER,11 -> 12,ZERO_BASED_TO_CALENDAR,HIGH
5,2011,11,12,WINTER,11 -> 12,ZERO_BASED_TO_CALENDAR,HIGH
6,2011,11,12,WINTER,11 -> 12,ZERO_BASED_TO_CALENDAR,HIGH
7,2011,11,12,WINTER,11 -> 12,ZERO_BASED_TO_CALENDAR,HIGH
8,2011,11,12,WINTER,11 -> 12,ZERO_BASED_TO_CALENDAR,HIGH
9,2011,11,12,WINTER,11 -> 12,ZERO_BASED_TO_CALENDAR,HIGH
10,2011,11,12,WINTER,11 -> 12,ZERO_BASED_TO_CALENDAR,HIGH
11,2011,11,12,WINTER,11 -> 12,ZERO_BASED_TO_CALENDAR,HIGH
12,2011,11,12,WINTER,11 -> 12,ZERO_BASED_TO_CALENDAR,HIGH
13,2011,11,12,WINTER,11 -> 12,ZERO_BASED_TO_CALENDAR,HIGH
14,2011,11,12,WINTER,11 -> 12,ZERO_BASED_TO_CALENDAR,HIGH
15,2011,11,12,WINTER,11 -> 12,ZERO_BASED_TO_CALENDAR,HIGH
16,2011,11,12,WINTER,11 -> 12,ZERO_BASED_TO_CALENDAR,HIGH
17,2011,11,12,WINTER,11 -> 12,ZERO_BASED_TO_CALENDAR,HIGH
18,2011,11,12,WINTER,11 -> 12,ZERO_BASED_TO_CALENDAR,HIGH
19,2011,11,12,WINTER,11 -> 12,ZERO_BASED_TO_CALENDAR,HIGH
20,2011,11,12,WINTER,11 -> 12,ZERO_BASED_TO_CALENDAR,HIGH
21,2011,11,12,WINTER,11 -> 12,ZERO_BASED_TO_CALENDAR,HIGH
22,2011,11,12,WINTER,11 -> 12,ZERO_BASED_TO_CALENDAR,HIGH
23,2011,11,12,WINTER,11 -> 12,ZERO_BASED_TO_CALENDAR,HIGH
24,2011,11,12,WINTER,11 -> 12,ZERO_BASED_TO_CALENDAR,HIGH
25,2011,11,12,WINTER,11 -> 12,ZERO_BASED_TO_CALENDAR,HIGH
26,2011,11,12,WINTER,11 -> 12,ZERO_BASED_TO_CALENDAR,HIGH
27,2011,11,12,WINTER,11 -> 12,ZERO_BASED_TO_CALENDAR,HIGH
28,2011,11,12,WINTER,11 -> 12,ZERO_BASED_TO_CALENDAR,HIGH
29,2011,11,12,WINTER,11 -> 12,ZERO_BASED_TO_CALENDAR,HIGH
30,2011,11,12,WINTER,11 -> 12,ZERO_BASED_TO_CALENDAR,HIGH
31,2011,11,12,WINTER,11 -> 12,ZERO_BASED_TO_CALENDAR,HIGH
32,2011,11,12,WINTER,11 -> 12,ZERO_BASED_TO_CALENDAR,HIGH
33,2011,11,12,WINTER,11 -> 12,ZERO_BASED_TO_CALENDAR,HIGH
34,2011,11,12,WINTER,11 -> 12,ZERO_BASED_TO_CALENDAR,HIGH
35,2011,11,12,WINTER,11 -> 12,ZERO_BASED_TO_CALENDAR,HIGH
0,2011,10,11,POST_MONSOON,10 -> 11,ZERO_BASED_TO_CALENDAR,HIGH
1,2011,10,11,POST_MONSOON,10 -> 11,ZERO_BASED_TO_CALENDAR,HIGH
2,2011,10,11,POST_MONSOON,10 -> 11,ZERO_BASED_TO_CALENDAR,HIGH
3,2011,10,11,POST_MONSOON,10 -> 11,ZERO_BASED_TO_CALENDAR,HIGH
4,2011,10,11,POST_MONSOON,10 -> 11,ZERO_BASED_TO_CALENDAR,HIGH
5,2011,10,11,POST_MONSOON,10 -> 11,ZERO_BASED_TO_CALENDAR,HIGH
6,2011,10,11,POST_MONSOON,10 -> 11,ZERO_BASED_TO_CALENDAR,HIGH
7,2011,10,11,POST_MONSOON,10 -> 11,ZERO_BASED_TO_CALENDAR,HIGH
8,2011,10,11,POST_MONSOON,10 -> 11,ZERO_BASED_TO_CALENDAR,HIGH
9,2011,10,11,POST_MONSOON,10 -> 11,ZERO_BASED_TO_CALENDAR,HIGH
10,2011,10,11,POST_MONSOON,10 -> 11,ZERO_BASED_TO_CALENDAR,HIGH
11,2011,10,11,POST_MONSOON,10 -> 11,ZERO_BASED_TO_CALENDAR,HIGH
12,2011,10,11,POST_MONSOON,10 -> 11,ZERO_BASED_TO_CALENDAR,HIGH
13,2011,10,11,POST_MONSOON,10 -> 11,ZERO_BASED_TO_CALENDAR,HIGH
14,2011,10,11,POST_MONSOON,10 -> 11,ZERO_BASED_TO_CALENDAR,HIGH
15,2011,10,11,POST_MONSOON,10 -> 11,ZERO_BASED_TO_CALENDAR,HIGH
16,2011,10,11,POST_MONSOON,10 -> 11,ZERO_BASED_TO_CALENDAR,HIGH
17,2011,10,11,POST_MONSOON,10 -> 11,ZERO_BASED_TO_CALENDAR,HIGH
18,2011,10,11,POST_MONSOON,10 -> 11,ZERO_BASED_TO_CALENDAR,HIGH
19,2011,10,11,POST_MONSOON,10 -> 11,ZERO_BASED_TO_CALENDAR,HIGH
20,2011,10,11,POST_MONSOON,10 -> 11,ZERO_BASED_TO_CALENDAR,HIGH
21,2011,10,11,POST_MONSOON,10 -> 11,ZERO_BASED_TO_CALENDAR,HIGH
22,2011,10,11,POST_MONSOON,10 -> 11,ZERO_BASED_TO_CALENDAR,HIGH
23,2011,10,11,POST_MONSOON,10 -> 11,ZERO_BASED_TO_CALENDAR,HIGH
24,2011,10,11,POST_MONSOON,10 -> 11,ZERO_BASED_TO_CALENDAR,HIGH
25,2011,10,11,POST_MONSOON,10 -> 11,ZERO_BASED_TO_CALENDAR,HIGH
26,2011,10,11,POST_MONSOON,10 -> 11,ZERO_BASED_TO_CALENDAR,HIGH
27,2011,10,11,POST_MONSOON,10 -> 11,ZERO_BASED_TO_CALENDAR,HIGH
28,2011,10,11,POST_MONSOON,10 -> 11,ZERO_BASED_TO_CALENDAR,HIGH
29,2011,10,11,POST_MONSOON,10 -> 11,ZERO_BASED_TO_CALENDAR,HIGH
30,2011,10,11,POST_MONSOON,10 -> 11,ZERO_BASED_TO_CALENDAR,HIGH
31,2011,10,11,POST_MONSOON,10 -> 11,ZERO_BASED_TO_CALENDAR,HIGH
32,2011,10,11,POST_MONSOON,10 -> 11,ZERO_BASED_TO_CALENDAR,HIGH
33,2011,10,11,POST_MONSOON,10 -> 11,ZERO_BASED_TO_CALENDAR,HIGH
34,2011,10,11,POST_MONSOON,10 -> 11,ZERO_BASED_TO_CALENDAR,HIGH
35,2011,10,11,POST_MONSOON,10 -> 11,ZERO_BASED_TO_CALENDAR,HIGH
0,2011,9,10,POST_MONSOON,9 -> 10,ZERO_BASED_TO_CALENDAR,HIGH
1,2011,9,10,POST_MONSOON,9 -> 10,ZERO_BASED_TO_CALENDAR,HIGH
2,2011,9,10,POST_MONSOON,9 -> 10,ZERO_BASED_TO_CALENDAR,HIGH
3,2011,9,10,POST_MONSOON,9 -> 10,ZERO_BASED_TO_CALENDAR,HIGH
4,2011,9,10,POST_MONSOON,9 -> 10,ZERO_BASED_TO_CALENDAR,HIGH
5,2011,9,10,POST_MONSOON,9 -> 10,ZERO_BASED_TO_CALENDAR,HIGH
6,2011,9,10,POST_MONSOON,9 -> 10,ZERO_BASED_TO_CALENDAR,HIGH
7,2011,9,10,POST_MONSOON,9 -> 10,ZERO_BASED_TO_CALENDAR,HIGH
8,2011,9,10,POST_MONSOON,9 -> 10,ZERO_BASED_TO_CALENDAR,HIGH
9,2011,9,10,POST_MONSOON,9 -> 10,ZERO_BASED_TO_CALENDAR,HIGH
10,2011,9,10,POST_MONSOON,9 -> 10,ZERO_BASED_TO_CALENDAR,HIGH
11,2011,9,10,POST_MONSOON,9 -> 10,ZERO_BASED_TO_CALENDAR,HIGH
12,2011,9,10,POST_MONSOON,9 -> 10,ZERO_BASED_TO_CALENDAR,HIGH
13,2011,9,10,POST_MONSOON,9 -> 10,ZERO_BASED_TO_CALENDAR,HIGH
14,2011,9,10,POST_MONSOON,9 -> 10,ZERO_BASED_TO_CALENDAR,HIGH
15,2011,9,10,POST_MONSOON,9 -> 10,ZERO_BASED_TO_CALENDAR,HIGH
16,2011,9,10,POST_MONSOON,9 -> 10,ZERO_BASED_TO_CALENDAR,HIGH
17,2011,9,10,POST_MONSOON,9 -> 10,ZERO_BASED_TO_CALENDAR,HIGH
18,2011,9,10,POST_MONSOON,9 -> 10,ZERO_BASED_TO_CALENDAR,HIGH
19,2011,9,10,POST_MONSOON,9 -> 10,ZERO_BASED_TO_CALENDAR,HIGH
20,2011,9,10,POST_MONSOON,9 -> 10,ZERO_BASED_TO_CALENDAR,HIGH
21,2011,9,10,POST_MONSOON,9 -> 10,ZERO_BASED_TO_CALENDAR,HIGH
22,2011,9,10,POST_MONSOON,9 -> 10,ZERO_BASED_TO_CALENDAR,HIGH
23,2011,9,10,POST_MONSOON,9 -> 10,ZERO_BASED_TO_CALENDAR,HIGH
24,2011,9,10,POST_MONSOON,9 -> 10,ZERO_BASED_TO_CALENDAR,HIGH
25,2011,9,10,POST_MONSOON,9 -> 10,ZERO_BASED_TO_CALENDAR,HIGH
26,2011,9,10,POST_MONSOON,9 -> 10,ZERO_BASED_TO_CALENDAR,HIGH
27,2011,9,10,POST_MONSOON,9 -> 10,ZERO_BASED_TO_CALENDAR,HIGH
28,2011,9,10,POST_MONSOON,9 -> 10,ZERO_BASED_TO_CALENDAR,HIGH
29,2011,9,10,POST_MONSOON,9 -> 10,ZERO_BASED_TO_CALENDAR,HIGH
30,2011,9,10,POST_MONSOON,9 -> 10,ZERO_BASED_TO_CALENDAR,HIGH
31,2011,9,10,POST_MONSOON,9 -> 10,ZERO_BASED_TO_CALENDAR,HIGH
32,2011,9,10,POST_MONSOON,9 -> 10,ZERO_BASED_TO_CALENDAR,HIGH
33,2011,9,10,POST_MONSOON,9 -> 10,ZERO_BASED_TO_CALENDAR,HIGH
34,2011,9,10,POST_MONSOON,9 -> 10,ZERO_BASED_TO_CALENDAR,HIGH
35,2011,9,10,POST_MONSOON,9 -> 10,ZERO_BASED_TO_CALENDAR,HIGH
0,2011,2,3,PRE_MONSOON,2 -> 3,ZERO_BASED_TO_CALENDAR,HIGH
1,2011,2,3,PRE_MONSOON,2 -> 3,ZERO_BASED_TO_CALENDAR,HIGH
2,2011,2,3,PRE_MONSOON,2 -> 3,ZERO_BASED_TO_CALENDAR,HIGH
3,2011,2,3,PRE_MONSOON,2 -> 3,ZERO_BASED_TO_CALENDAR,HIGH
4,2011,2,3,PRE_MONSOON,2 -> 3,ZERO_BASED_TO_CALENDAR,HIGH
5,2011,2,3,PRE_MONSOON,2 -> 3,ZERO_BASED_TO_CALENDAR,HIGH
6,2011,2,3,PRE_MONSOON,2 -> 3,ZERO_BASED_TO_CALENDAR,HIGH
7,2011,2,3,PRE_MONSOON,2 -> 3,ZERO_BASED_TO_CALENDAR,HIGH
8,2011,2,3,PRE_MONSOON,2 -> 3,ZERO_BASED_TO_CALENDAR,HIGH
9,2011,2,3,PRE_MONSOON,2 -> 3,ZERO_BASED_TO_CALENDAR,HIGH
10,2011,2,3,PRE_MONSOON,2 -> 3,ZERO_BASED_TO_CALENDAR,HIGH
11,2011,2,3,PRE_MONSOON,2 -> 3,ZERO_BASED_TO_CALENDAR,HIGH
12,2011,2,3,PRE_MONSOON,2 -> 3,ZERO_BASED_TO_CALENDAR,HIGH
13,2011,2,3,PRE_MONSOON,2 -> 3,ZERO_BASED_TO_CALENDAR,HIGH
14,2011,2,3,PRE_MONSOON,2 -> 3,ZERO_BASED_TO_CALENDAR,HIGH
15,2011,2,3,PRE_MONSOON,2 -> 3,ZERO_BASED_TO_CALENDAR,HIGH
16,2011,2,3,PRE_MONSOON,2 -> 3,ZERO_BASED_TO_CALENDAR,HIGH
17,2011,2,3,PRE_MONSOON,2 -> 3,ZERO_BASED_TO_CALENDAR,HIGH
18,2011,2,3,PRE_MONSOON,2 -> 3,ZERO_BASED_TO_CALENDAR,HIGH
19,2011,2,3,PRE_MONSOON,2 -> 3,ZERO_BASED_TO_CALENDAR,HIGH
20,2011,2,3,PRE_MONSOON,2 -> 3,ZERO_BASED_TO_CALENDAR,HIGH
21,2011,2,3,PRE_MONSOON,2 -> 3,ZERO_BASED_TO_CALENDAR,HIGH
22,2011,2,3,PRE_MONSOON,2 -> 3,ZERO_BASED_TO_CALENDAR,HIGH
23,2011,2,3,PRE_MONSOON,2 -> 3,ZERO_BASED_TO_CALENDAR,HIGH
24,2011,2,3,PRE_MONSOON,2 -> 3,ZERO_BASED_TO_CALENDAR,HIGH
25,2011,2,3,PRE_MONSOON,2 -> 3,ZERO_BASED_TO_CALENDAR,HIGH
26,2011,2,3,PRE_MONSOON,2 -> 3,ZERO_BASED_TO_CALENDAR,HIGH
27,2011,2,3,PRE_MONSOON,2 -> 3,ZERO_BASED_TO_CALENDAR,HIGH
28,2011,2,3,PRE_MONSOON,2 -> 3,ZERO_BASED_TO_CALENDAR,HIGH
29,2011,2,3,PRE_MONSOON,2 -> 3,ZERO_BASED_TO_CALENDAR,HIGH
30,2011,2,3,PRE_MONSOON,2 -> 3,ZERO_BASED_TO_CALENDAR,HIGH
31,2011,2,3,PRE_MONSOON,2 -> 3,ZERO_BASED_TO_CALENDAR,HIGH
32,2011,2,3,PRE_MONSOON,2 -> 3,ZERO_BASED_TO_CALENDAR,HIGH
33,2011,2,3,PRE_MONSOON,2 -> 3,ZERO_BASED_TO_CALENDAR,HIGH
34,2011,2,3,PRE_MONSOON,2 -> 3,ZERO_BASED_TO_CALENDAR,HIGH
35,2011,2,3,PRE_MONSOON,2 -> 3,ZERO_BASED_TO_CALENDAR,HIGH
0,2012,4,5,PRE_MONSOON,4 -> 5,ZERO_BASED_TO_CALENDAR,HIGH
1,2012,4,5,PRE_MONSOON,4 -> 5,ZERO_BASED_TO_CALENDAR,HIGH
2,2012,4,5,PRE_MONSOON,4 -> 5,ZERO_BASED_TO_CALENDAR,HIGH
3,2012,4,5,PRE_MONSOON,4 -> 5,ZERO_BASED_TO_CALENDAR,HIGH
4,2012,4,5,PRE_MONSOON,4 -> 5,ZERO_BASED_TO_CALENDAR,HIGH
5,2012,4,5,PRE_MONSOON,4 -> 5,ZERO_BASED_TO_CALENDAR,HIGH
6,2012,4,5,PRE_MONSOON,4 -> 5,ZERO_BASED_TO_CALENDAR,HIGH
7,2012,4,5,PRE_MONSOON,4 -> 5,ZERO_BASED_TO_CALENDAR,HIGH
8,2012,4,5,PRE_MONSOON,4 -> 5,ZERO_BASED_TO_CALENDAR,HIGH
9,2012,4,5,PRE_MONSOON,4 -> 5,ZERO_BASED_TO_CALENDAR,HIGH
10,2012,4,5,PRE_MONSOON,4 -> 5,ZERO_BASED_TO_CALENDAR,HIGH
11,2012,4,5,PRE_MONSOON,4 -> 5,ZERO_BASED_TO_CALENDAR,HIGH
12,2012,4,5,PRE_MONSOON,4 -> 5,ZERO_BASED_TO_CALENDAR,HIGH
13,2012,4,5,PRE_MONSOON,4 -> 5,ZERO_BASED_TO_CALENDAR,HIGH
14,2012,4,5,PRE_MONSOON,4 -> 5,ZERO_BASED_TO_CALENDAR,HIGH
15,2012,4,5,PRE_MONSOON,4 -> 5,ZERO_BASED_TO_CALENDAR,HIGH
16,2012,4,5,PRE_MONSOON,4 -> 5,ZERO_BASED_TO_CALENDAR,HIGH
17,2012,4,5,PRE_MONSOON,4 -> 5,ZERO_BASED_TO_CALENDAR,HIGH
18,2012,4,5,PRE_MONSOON,4 -> 5,ZERO_BASED_TO_CALENDAR,HIGH
19,2012,4,5,PRE_MONSOON,4 -> 5,ZERO_BASED_TO_CALENDAR,HIGH
20,2012,4,5,PRE_MONSOON,4 -> 5,ZERO_BASED_TO_CALENDAR,HIGH
21,2012,4,5,PRE_MONSOON,4 -> 5,ZERO_BASED_TO_CALENDAR,HIGH
22,2012,4,5,PRE_MONSOON,4 -> 5,ZERO_BASED_TO_CALENDAR,HIGH
23,2012,4,5,PRE_MONSOON,4 -> 5,ZERO_BASED_TO_CALENDAR,HIGH
24,2012,4,5,PRE_MONSOON,4 -> 5,ZERO_BASED_TO_CALENDAR,HIGH
25,2012,4,5,PRE_MONSOON,4 -> 5,ZERO_BASED_TO_CALENDAR,HIGH
26,2012,4,5,PRE_MONSOON,4 -> 5,ZERO_BASED_TO_CALENDAR,HIGH
27,2012,4,5,PRE_MONSOON,4 -> 5,ZERO_BASED_TO_CALENDAR,HIGH
28,2012,4,5,PRE_MONSOON,4 -> 5,ZERO_BASED_TO_CALENDAR,HIGH
29,2012,4,5,PRE_MONSOON,4 -> 5,ZERO_BASED_TO_CALENDAR,HIGH
30,2012,4,5,PRE_MONSOON,4 -> 5,ZERO_BASED_TO_CALENDAR,HIGH
31,2012,4,5,PRE_MONSOON,4 -> 5,ZERO_BASED_TO_CALENDAR,HIGH
32,2012,4,5,PRE_MONSOON,4 -> 5,ZERO_BASED_TO_CALENDAR,HIGH
33,2012,4,5,PRE_MONSOON,4 -> 5,ZERO_BASED_TO_CALENDAR,HIGH
34,2012,4,5,PRE_MONSOON,4 -> 5,ZERO_BASED_TO_CALENDAR,HIGH
35,2012,4,5,PRE_MONSOON,4 -> 5,ZERO_BASED_TO_CALENDAR,HIGH
0,2012,3,4,PRE_MONSOON,3 -> 4,ZERO_BASED_TO_CALENDAR,HIGH
1,2012,3,4,PRE_MONSOON,3 -> 4,ZERO_BASED_TO_CALENDAR,HIGH
2,2012,3,4,PRE_MONSOON,3 -> 4,ZERO_BASED_TO_CALENDAR,HIGH
3,2012,3,4,PRE_MONSOON,3 -> 4,ZERO_BASED_TO_CALENDAR,HIGH
4,2012,3,4,PRE_MONSOON,3 -> 4,ZERO_BASED_TO_CALENDAR,HIGH
5,2012,3,4,PRE_MONSOON,3 -> 4,ZERO_BASED_TO_CALENDAR,HIGH
6,2012,3,4,PRE_MONSOON,3 -> 4,ZERO_BASED_TO_CALENDAR,HIGH
7,2012,3,4,PRE_MONSOON,3 -> 4,ZERO_BASED_TO_CALENDAR,HIGH
8,2012,3,4,PRE_MONSOON,3 -> 4,ZERO_BASED_TO_CALENDAR,HIGH
9,2012,3,4,PRE_MONSOON,3 -> 4,ZERO_BASED_TO_CALENDAR,HIGH
10,2012,3,4,PRE_MONSOON,3 -> 4,ZERO_BASED_TO_CALENDAR,HIGH
11,2012,3,4,PRE_MONSOON,3 -> 4,ZERO_BASED_TO_CALENDAR,HIGH
12,2012,3,4,PRE_MONSOON,3 -> 4,ZERO_BASED_TO_CALENDAR,HIGH
13,2012,3,4,PRE_MONSOON,3 -> 4,ZERO_BASED_TO_CALENDAR,HIGH
14,2012,3,4,PRE_MONSOON,3 -> 4,ZERO_BASED_TO_CALENDAR,HIGH
15,2012,3,4,PRE_MONSOON,3 -> 4,ZERO_BASED_TO_CALENDAR,HIGH
16,2012,3,4,PRE_MONSOON,3 -> 4,ZERO_BASED_TO_CALENDAR,HIGH
17,2012,3,4,PRE_MONSOON,3 -> 4,ZERO_BASED_TO_CALENDAR,HIGH
18,2012,3,4,PRE_MONSOON,3 -> 4,ZERO_BASED_TO_CALENDAR,HIGH
19,2012,3,4,PRE_MONSOON,3 -> 4,ZERO_BASED_TO_CALENDAR,HIGH
20,2012,3,4,PRE_MONSOON,3 -> 4,ZERO_BASED_TO_CALENDAR,HIGH
21,2012,3,4,PRE_MONSOON,3 -> 4,ZERO_BASED_TO_CALENDAR,HIGH
22,2012,3,4,PRE_MONSOON,3 -> 4,ZERO_BASED_TO_CALENDAR,HIGH
23,2012,3,4,PRE_MONSOON,3 -> 4,ZERO_BASED_TO_CALENDAR,HIGH
24,2012,3,4,PRE_MONSOON,3 -> 4,ZERO_BASED_TO_CALENDAR,HIGH
25,2012,3,4,PRE_MONSOON,3 -> 4,ZERO_BASED_TO_CALENDAR,HIGH
26,2012,3,4,PRE_MONSOON,3 -> 4,ZERO_BASED_TO_CALENDAR,HIGH
27,2012,3,4,PRE_MONSOON,3 -> 4,ZERO_BASED_TO_CALENDAR,HIGH
28,2012,3,4,PRE_MONSOON,3 -> 4,ZERO_BASED_TO_CALENDAR,HIGH
29,2012,3,4,PRE_MONSOON,3 -> 4,ZERO_BASED_TO_CALENDAR,HIGH
30,2012,3,4,PRE_MONSOON,3 -> 4,ZERO_BASED_TO_CALENDAR,HIGH
31,2012,3,4,PRE_MONSOON,3 -> 4,ZERO_BASED_TO_CALENDAR,HIGH
32,2012,3,4,PRE_MONSOON,3 -> 4,ZERO_BASED_TO_CALENDAR,HIGH
33,2012,3,4,PRE_MONSOON,3 -> 4,ZERO_BASED_TO_CALENDAR,HIGH
34,2012,3,4,PRE_MONSOON,3 -> 4,ZERO_BASED_TO_CALENDAR,HIGH
35,2012,3,4,PRE_MONSOON,3 -> 4,ZERO_BASED_TO_CALENDAR,HIGH
0,2012,7,8,MONSOON,7 -> 8,ZERO_BASED_TO_CALENDAR,HIGH
1,2012,7,8,MONSOON,7 -> 8,ZERO_BASED_TO_CALENDAR,HIGH
2,2012,7,8,MONSOON,7 -> 8,ZERO_BASED_TO_CALENDAR,HIGH
3,2012,7,8,MONSOON,7 -> 8,ZERO_BASED_TO_CALENDAR,HIGH
4,2012,7,8,MONSOON,7 -> 8,ZERO_BASED_TO_CALENDAR,HIGH
5,2012,7,8,MONSOON,7 -> 8,ZERO_BASED_TO_CALENDAR,HIGH
6,2012,7,8,MONSOON,7 -> 8,ZERO_BASED_TO_CALENDAR,HIGH
7,2012,7,8,MONSOON,7 -> 8,ZERO_BASED_TO_CALENDAR,HIGH
8,2012,7,8,MONSOON,7 -> 8,ZERO_BASED_TO_CALENDAR,HIGH
9,2012,7,8,MONSOON,7 -> 8,ZERO_BASED_TO_CALENDAR,HIGH
10,2012,7,8,MONSOON,7 -> 8,ZERO_BASED_TO_CALENDAR,HIGH
11,2012,7,8,MONSOON,7 -> 8,ZERO_BASED_TO_CALENDAR,HIGH
12,2012,7,8,MONSOON,7 -> 8,ZERO_BASED_TO_CALENDAR,HIGH
13,2012,7,8,MONSOON,7 -> 8,ZERO_BASED_TO_CALENDAR,HIGH
14,2012,7,8,MONSOON,7 -> 8,ZERO_BASED_TO_CALENDAR,HIGH
15,2012,7,8,MONSOON,7 -> 8,ZERO_BASED_TO_CALENDAR,HIGH
16,2012,7,8,MONSOON,7 -> 8,ZERO_BASED_TO_CALENDAR,HIGH
17,2012,7,8,MONSOON,7 -> 8,ZERO_BASED_TO_CALENDAR,HIGH
18,2012,7,8,MONSOON,7 -> 8,ZERO_BASED_TO_CALENDAR,HIGH
19,2012,7,8,MONSOON,7 -> 8,ZERO_BASED_TO_CALENDAR,HIGH
20,2012,7,8,MONSOON,7 -> 8,ZERO_BASED_TO_CALENDAR,HIGH
21,2012,7,8,MONSOON,7 -> 8,ZERO_BASED_TO_CALENDAR,HIGH
22,2012,7,8,MONSOON,7 -> 8,ZERO_BASED_TO_CALENDAR,HIGH
23,2012,7,8,MONSOON,7 -> 8,ZERO_BASED_TO_CALENDAR,HIGH
24,2012,7,8,MONSOON,7 -> 8,ZERO_BASED_TO_CALENDAR,HIGH
25,2012,7,8,MONSOON,7 -> 8,ZERO_BASED_TO_CALENDAR,HIGH
26,2012,7,8,MONSOON,7 -> 8,ZERO_BASED_TO_CALENDAR,HIGH
27,2012,7,8,MONSOON,7 -> 8,ZERO_BASED_TO_CALENDAR,HIGH
28,2012,7,8,MONSOON,7 -> 8,ZERO_BASED_TO_CALENDAR,HIGH
29,2012,7,8,MONSOON,7 -> 8,ZERO_BASED_TO_CALENDAR,HIGH
30,2012,7,8,MONSOON,7 -> 8,ZERO_BASED_TO_CALENDAR,HIGH
31,2012,7,8,MONSOON,7 -> 8,ZERO_BASED_TO_CALENDAR,HIGH
32,2012,7,8,MONSOON,7 -> 8,ZERO_BASED_TO_CALENDAR,HIGH
33,2012,7,8,MONSOON,7 -> 8,ZERO_BASED_TO_CALENDAR,HIGH
34,2012,7,8,MONSOON,7 -> 8,ZERO_BASED_TO_CALENDAR,HIGH
35,2012,7,8,MONSOON,7 -> 8,ZERO_BASED_TO_CALENDAR,HIGH
0,2012,0,1,WINTER,0 -> 1,ZERO_BASED_TO_CALENDAR,HIGH
1,2012,0,1,WINTER,0 -> 1,ZERO_BASED_TO_CALENDAR,HIGH
2,2012,0,1,WINTER,0 -> 1,ZERO_BASED_TO_CALENDAR,HIGH
3,2012,0,1,WINTER,0 -> 1,ZERO_BASED_TO_CALENDAR,HIGH
4,2012,0,1,WINTER,0 -> 1,ZERO_BASED_TO_CALENDAR,HIGH
5,2012,0,1,WINTER,0 -> 1,ZERO_BASED_TO_CALENDAR,HIGH
6,2012,0,1,WINTER,0 -> 1,ZERO_BASED_TO_CALENDAR,HIGH
7,2012,0,1,WINTER,0 -> 1,ZERO_BASED_TO_CALENDAR,HIGH
8,2012,0,1,WINTER,0 -> 1,ZERO_BASED_TO_CALENDAR,HIGH
9,2012,0,1,WINTER,0 -> 1,ZERO_BASED_TO_CALENDAR,HIGH
10,2012,0,1,WINTER,0 -> 1,ZERO_BASED_TO_CALENDAR,HIGH
11,2012,0,1,WINTER,0 -> 1,ZERO_BASED_TO_CALENDAR,HIGH
12,2012,0,1,WINTER,0 -> 1,ZERO_BASED_TO_CALENDAR,HIGH
13,2012,0,1,WINTER,0 -> 1,ZERO_BASED_TO_CALENDAR,HIGH
14,2012,0,1,WINTER,0 -> 1,ZERO_BASED_TO_CALENDAR,HIGH
15,2012,0,1,WINTER,0 -> 1,ZERO_BASED_TO_CALENDAR,HIGH
16,2012,0,1,WINTER,0 -> 1,ZERO_BASED_TO_CALENDAR,HIGH
17,2012,0,1,WINTER,0 -> 1,ZERO_BASED_TO_CALENDAR,HIGH
18,2012,0,1,WINTER,0 -> 1,ZERO_BASED_TO_CALENDAR,HIGH
19,2012,0,1,WINTER,0 -> 1,ZERO_BASED_TO_CALENDAR,HIGH
20,2012,0,1,WINTER,0 -> 1,ZERO_BASED_TO_CALENDAR,HIGH
21,2012,0,1,WINTER,0 -> 1,ZERO_BASED_TO_CALENDAR,HIGH
22,2012,0,1,WINTER,0 -> 1,ZERO_BASED_TO_CALENDAR,HIGH
23,2012,0,1,WINTER,0 -> 1,ZERO_BASED_TO_CALENDAR,HIGH
24,2012,0,1,WINTER,0 -> 1,ZERO_BASED_TO_CALENDAR,HIGH
25,2012,0,1,WINTER,0 -> 1,ZERO_BASED_TO_CALENDAR,HIGH
26,2012,0,1,WINTER,0 -> 1,ZERO_BASED_TO_CALENDAR,HIGH
27,2012,0,1,WINTER,0 -> 1,ZERO_BASED_TO_CALENDAR,HIGH
28,2012,0,1,WINTER,0 -> 1,ZERO_BASED_TO_CALENDAR,HIGH
29,2012,0,1,WINTER,0 -> 1,ZERO_BASED_TO_CALENDAR,HIGH
30,2012,0,1,WINTER,0 -> 1,ZERO_BASED_TO_CALENDAR,HIGH
31,2012,0,1,WINTER,0 -> 1,ZERO_BASED_TO_CALENDAR,HIGH
32,2012,0,1,WINTER,0 -> 1,ZERO_BASED_TO_CALENDAR,HIGH
33,2012,0,1,WINTER,0 -> 1,ZERO_BASED_TO_CALENDAR,HIGH
34,2012,0,1,WINTER,0 -> 1,ZERO_BASED_TO_CALENDAR,HIGH
35,2012,0,1,WINTER,0 -> 1,ZERO_BASED_TO_CALENDAR,HIGH
0,2012,8,9,MONSOON,8 -> 9,ZERO_BASED_TO_CALENDAR,HIGH
1,2012,8,9,MONSOON,8 -> 9,ZERO_BASED_TO_CALENDAR,HIGH
2,2012,8,9,MONSOON,8 -> 9,ZERO_BASED_TO_CALENDAR,HIGH
3,2012,8,9,MONSOON,8 -> 9,ZERO_BASED_TO_CALENDAR,HIGH
4,2012,8,9,MONSOON,8 -> 9,ZERO_BASED_TO_CALENDAR,HIGH
5,2012,8,9,MONSOON,8 -> 9,ZERO_BASED_TO_CALENDAR,HIGH
6,2012,8,9,MONSOON,8 -> 9,ZERO_BASED_TO_CALENDAR,HIGH
7,2012,8,9,MONSOON,8 -> 9,ZERO_BASED_TO_CALENDAR,HIGH
8,2012,8,9,MONSOON,8 -> 9,ZERO_BASED_TO_CALENDAR,HIGH
9,2012,8,9,MONSOON,8 -> 9,ZERO_BASED_TO_CALENDAR,HIGH
10,2012,8,9,MONSOON,8 -> 9,ZERO_BASED_TO_CALENDAR,HIGH
11,2012,8,9,MONSOON,8 -> 9,ZERO_BASED_TO_CALENDAR,HIGH
12,2012,8,9,MONSOON,8 -> 9,ZERO_BASED_TO_CALENDAR,HIGH
13,2012,8,9,MONSOON,8 -> 9,ZERO_BASED_TO_CALENDAR,HIGH
14,2012,8,9,MONSOON,8 -> 9,ZERO_BASED_TO_CALENDAR,HIGH
15,2012,8,9,MONSOON,8 -> 9,ZERO_BASED_TO_CALENDAR,HIGH
16,2012,8,9,MONSOON,8 -> 9,ZERO_BASED_TO_CALENDAR,HIGH
17,2012,8,9,MONSOON,8 -> 9,ZERO_BASED_TO_CALENDAR,HIGH
18,2012,8,9,MONSOON,8 -> 9,ZERO_BASED_TO_CALENDAR,HIGH
19,2012,8,9,MONSOON,8 -> 9,ZERO_BASED_TO_CALENDAR,HIGH
20,2012,8,9,MONSOON,8 -> 9,ZERO_BASED_TO_CALENDAR,HIGH
21,2012,8,9,MONSOON,8 -> 9,ZERO_BASED_TO_CALENDAR,HIGH
22,2012,8,9,MONSOON,8 -> 9,ZERO_BASED_TO_CALENDAR,HIGH
23,2012,8,9,MONSOON,8 -> 9,ZERO_BASED_TO_CALENDAR,HIGH
24,2012,8,9,MONSOON,8 -> 9,ZERO_BASED_TO_CALENDAR,HIGH
25,2012,8,9,MONSOON,8 -> 9,ZERO_BASED_TO_CALENDAR,HIGH
26,2012,8,9,MONSOON,8 -> 9,ZERO_BASED_TO_CALENDAR,HIGH
27,2012,8,9,MONSOON,8 -> 9,ZERO_BASED_TO_CALENDAR,HIGH
28,2012,8,9,MONSOON,8 -> 9,ZERO_BASED_TO_CALENDAR,HIGH
29,2012,8,9,MONSOON,8 -> 9,ZERO_BASED_TO_CALENDAR,HIGH
30,2012,8,9,MONSOON,8 -> 9,ZERO_BASED_TO_CALENDAR,HIGH
31,2012,8,9,MONSOON,8 -> 9,ZERO_BASED_TO_CALENDAR,HIGH
32,2012,8,9,MONSOON,8 -> 9,ZERO_BASED_TO_CALENDAR,HIGH
33,2012,8,9,MONSOON,8 -> 9,ZERO_BASED_TO_CALENDAR,HIGH
34,2012,8,9,MONSOON,8 -> 9,ZERO_BASED_TO_CALENDAR,HIGH
35,2012,8,9,MONSOON,8 -> 9,ZERO_BASED_TO_CALENDAR,HIGH
0,2012,6,7,MONSOON,6 -> 7,ZERO_BASED_TO_CALENDAR,HIGH
1,2012,6,7,MONSOON,6 -> 7,ZERO_BASED_TO_CALENDAR,HIGH
2,2012,6,7,MONSOON,6 -> 7,ZERO_BASED_TO_CALENDAR,HIGH
3,2012,6,7,MONSOON,6 -> 7,ZERO_BASED_TO_CALENDAR,HIGH
4,2012,6,7,MONSOON,6 -> 7,ZERO_BASED_TO_CALENDAR,HIGH
5,2012,6,7,MONSOON,6 -> 7,ZERO_BASED_TO_CALENDAR,HIGH
6,2012,6,7,MONSOON,6 -> 7,ZERO_BASED_TO_CALENDAR,HIGH
7,2012,6,7,MONSOON,6 -> 7,ZERO_BASED_TO_CALENDAR,HIGH
8,2012,6,7,MONSOON,6 -> 7,ZERO_BASED_TO_CALENDAR,HIGH
9,2012,6,7,MONSOON,6 -> 7,ZERO_BASED_TO_CALENDAR,HIGH
10,2012,6,7,MONSOON,6 -> 7,ZERO_BASED_TO_CALENDAR,HIGH
11,2012,6,7,MONSOON,6 -> 7,ZERO_BASED_TO_CALENDAR,HIGH
12,2012,6,7,MONSOON,6 -> 7,ZERO_BASED_TO_CALENDAR,HIGH
13,2012,6,7,MONSOON,6 -> 7,ZERO_BASED_TO_CALENDAR,HIGH
14,2012,6,7,MONSOON,6 -> 7,ZERO_BASED_TO_CALENDAR,HIGH
15,2012,6,7,MONSOON,6 -> 7,ZERO_BASED_TO_CALENDAR,HIGH
16,2012,6,7,MONSOON,6 -> 7,ZERO_BASED_TO_CALENDAR,HIGH
17,2012,6,7,MONSOON,6 -> 7,ZERO_BASED_TO_CALENDAR,HIGH
18,2012,6,7,MONSOON,6 -> 7,ZERO_BASED_TO_CALENDAR,HIGH
19,2012,6,7,MONSOON,6 -> 7,ZERO_BASED_TO_CALENDAR,HIGH
20,2012,6,7,MONSOON,6 -> 7,ZERO_BASED_TO_CALENDAR,HIGH
21,2012,6,7,MONSOON,6 -> 7,ZERO_BASED_TO_CALENDAR,HIGH
22,2012,6,7,MONSOON,6 -> 7,ZERO_BASED_TO_CALENDAR,HIGH
23,2012,6,7,MONSOON,6 -> 7,ZERO_BASED_TO_CALENDAR,HIGH
24,2012,6,7,MONSOON,6 -> 7,ZERO_BASED_TO_CALENDAR,HIGH
25,2012,6,7,MONSOON,6 -> 7,ZERO_BASED_TO_CALENDAR,HIGH
26,2012,6,7,MONSOON,6 -> 7,ZERO_BASED_TO_CALENDAR,HIGH
27,2012,6,7,MONSOON,6 -> 7,ZERO_BASED_TO_CALENDAR,HIGH
28,2012,6,7,MONSOON,6 -> 7,ZERO_BASED_TO_CALENDAR,HIGH
29,2012,6,7,MONSOON,6 -> 7,ZERO_BASED_TO_CALENDAR,HIGH
30,2012,6,7,MONSOON,6 -> 7,ZERO_BASED_TO_CALENDAR,HIGH
31,2012,6,7,MONSOON,6 -> 7,ZERO_BASED_TO_CALENDAR,HIGH
32,2012,6,7,MONSOON,6 -> 7,ZERO_BASED_TO_CALENDAR,HIGH
33,2012,6,7,MONSOON,6 -> 7,ZERO_BASED_TO_CALENDAR,HIGH
34,2012,6,7,MONSOON,6 -> 7,ZERO_BASED_TO_CALENDAR,HIGH
35,2012,6,7,MONSOON,6 -> 7,ZERO_BASED_TO_CALENDAR,HIGH
0,2012,5,6,MONSOON,5 -> 6,ZERO_BASED_TO_CALENDAR,HIGH
1,2012,5,6,MONSOON,5 -> 6,ZERO_BASED_TO_CALENDAR,HIGH
2,2012,5,6,MONSOON,5 -> 6,ZERO_BASED_TO_CALENDAR,HIGH
3,2012,5,6,MONSOON,5 -> 6,ZERO_BASED_TO_CALENDAR,HIGH
4,2012,5,6,MONSOON,5 -> 6,ZERO_BASED_TO_CALENDAR,HIGH
5,2012,5,6,MONSOON,5 -> 6,ZERO_BASED_TO_CALENDAR,HIGH
6,2012,5,6,MONSOON,5 -> 6,ZERO_BASED_TO_CALENDAR,HIGH
7,2012,5,6,MONSOON,5 -> 6,ZERO_BASED_TO_CALENDAR,HIGH
8,2012,5,6,MONSOON,5 -> 6,ZERO_BASED_TO_CALENDAR,HIGH
9,2012,5,6,MONSOON,5 -> 6,ZERO_BASED_TO_CALENDAR,HIGH
10,2012,5,6,MONSOON,5 -> 6,ZERO_BASED_TO_CALENDAR,HIGH
11,2012,5,6,MONSOON,5 -> 6,ZERO_BASED_TO_CALENDAR,HIGH
12,2012,5,6,MONSOON,5 -> 6,ZERO_BASED_TO_CALENDAR,HIGH
13,2012,5,6,MONSOON,5 -> 6,ZERO_BASED_TO_CALENDAR,HIGH
14,2012,5,6,MONSOON,5 -> 6,ZERO_BASED_TO_CALENDAR,HIGH
15,2012,5,6,MONSOON,5 -> 6,ZERO_BASED_TO_CALENDAR,HIGH
16,2012,5,6,MONSOON,5 -> 6,ZERO_BASED_TO_CALENDAR,HIGH
17,2012,5,6,MONSOON,5 -> 6,ZERO_BASED_TO_CALENDAR,HIGH
18,2012,5,6,MONSOON,5 -> 6,ZERO_BASED_TO_CALENDAR,HIGH
19,2012,5,6,MONSOON,5 -> 6,ZERO_BASED_TO_CALENDAR,HIGH
20,2012,5,6,MONSOON,5 -> 6,ZERO_BASED_TO_CALENDAR,HIGH
21,2012,5,6,MONSOON,5 -> 6,ZERO_BASED_TO_CALENDAR,HIGH
22,2012,5,6,MONSOON,5 -> 6,ZERO_BASED_TO_CALENDAR,HIGH
23,2012,5,6,MONSOON,5 -> 6,ZERO_BASED_TO_CALENDAR,HIGH
24,2012,5,6,MONSOON,5 -> 6,ZERO_BASED_TO_CALENDAR,HIGH
25,2012,5,6,MONSOON,5 -> 6,ZERO_BASED_TO_CALENDAR,HIGH
26,2012,5,6,MONSOON,5 -> 6,ZERO_BASED_TO_CALENDAR,HIGH
27,2012,5,6,MONSOON,5 -> 6,ZERO_BASED_TO_CALENDAR,HIGH
28,2012,5,6,MONSOON,5 -> 6,ZERO_BASED_TO_CALENDAR,HIGH
29,2012,5,6,MONSOON,5 -> 6,ZERO_BASED_TO_CALENDAR,HIGH
30,2012,5,6,MONSOON,5 -> 6,ZERO_BASED_TO_CALENDAR,HIGH
31,2012,5,6,MONSOON,5 -> 6,ZERO_BASED_TO_CALENDAR,HIGH
32,2012,5,6,MONSOON,5 -> 6,ZERO_BASED_TO_CALENDAR,HIGH
33,2012,5,6,MONSOON,5 -> 6,ZERO_BASED_TO_CALENDAR,HIGH
34,2012,5,6,MONSOON,5 -> 6,ZERO_BASED_TO_CALENDAR,HIGH
35,2012,5,6,MONSOON,5 -> 6,ZERO_BASED_TO_CALENDAR,HIGH
0,2012,1,2,WINTER,1 -> 2,ZERO_BASED_TO_CALENDAR,HIGH
1,2012,1,2,WINTER,1 -> 2,ZERO_BASED_TO_CALENDAR,HIGH
2,2012,1,2,WINTER,1 -> 2,ZERO_BASED_TO_CALENDAR,HIGH
3,2012,1,2,WINTER,1 -> 2,ZERO_BASED_TO_CALENDAR,HIGH
4,2012,1,2,WINTER,1 -> 2,ZERO_BASED_TO_CALENDAR,HIGH
5,2012,1,2,WINTER,1 -> 2,ZERO_BASED_TO_CALENDAR,HIGH
6,2012,1,2,WINTER,1 -> 2,ZERO_BASED_TO_CALENDAR,HIGH
7,2012,1,2,WINTER,1 -> 2,ZERO_BASED_TO_CALENDAR,HIGH
8,2012,1,2,WINTER,1 -> 2,ZERO_BASED_TO_CALENDAR,HIGH
9,2012,1,2,WINTER,1 -> 2,ZERO_BASED_TO_CALENDAR,HIGH
10,2012,1,2,WINTER,1 -> 2,ZERO_BASED_TO_CALENDAR,HIGH
11,2012,1,2,WINTER,1 -> 2,ZERO_BASED_TO_CALENDAR,HIGH
12,2012,1,2,WINTER,1 -> 2,ZERO_BASED_TO_CALENDAR,HIGH
13,2012,1,2,WINTER,1 -> 2,ZERO_BASED_TO_CALENDAR,HIGH
14,2012,1,2,WINTER,1 -> 2,ZERO_BASED_TO_CALENDAR,HIGH
15,2012,1,2,WINTER,1 -> 2,ZERO_BASED_TO_CALENDAR,HIGH
16,2012,1,2,WINTER,1 -> 2,ZERO_BASED_TO_CALENDAR,HIGH
17,2012,1,2,WINTER,1 -> 2,ZERO_BASED_TO_CALENDAR,HIGH
18,2012,1,2,WINTER,1 -> 2,ZERO_BASED_TO_CALENDAR,HIGH
19,2012,1,2,WINTER,1 -> 2,ZERO_BASED_TO_CALENDAR,HIGH
20,2012,1,2,WINTER,1 -> 2,ZERO_BASED_TO_CALENDAR,HIGH
21,2012,1,2,WINTER,1 -> 2,ZERO_BASED_TO_CALENDAR,HIGH
22,2012,1,2,WINTER,1 -> 2,ZERO_BASED_TO_CALENDAR,HIGH
23,2012,1,2,WINTER,1 -> 2,ZERO_BASED_TO_CALENDAR,HIGH
24,2012,1,2,WINTER,1 -> 2,ZERO_BASED_TO_CALENDAR,HIGH
25,2012,1,2,WINTER,1 -> 2,ZERO_BASED_TO_CALENDAR,HIGH
26,2012,1,2,WINTER,1 -> 2,ZERO_BASED_TO_CALENDAR,HIGH
27,2012,1,2,WINTER,1 -> 2,ZERO_BASED_TO_CALENDAR,HIGH
28,2012,1,2,WINTER,1 -> 2,ZERO_BASED_TO_CALENDAR,HIGH
29,2012,1,2,WINTER,1 -> 2,ZERO_BASED_TO_CALENDAR,HIGH
30,2012,1,2,WINTER,1 -> 2,ZERO_BASED_TO_CALENDAR,HIGH
31,2012,1,2,WINTER,1 -> 2,ZERO_BASED_TO_CALENDAR,HIGH
32,2012,1,2,WINTER,1 -> 2,ZERO_BASED_TO_CALENDAR,HIGH
33,2012,1,2,WINTER,1 -> 2,ZERO_BASED_TO_CALENDAR,HIGH
34,2012,1,2,WINTER,1 -> 2,ZERO_BASED_TO_CALENDAR,HIGH
35,2012,1,2,WINTER,1 -> 2,ZERO_BASED_TO_CALENDAR,HIGH
0,2012,11,12,WINTER,11 -> 12,ZERO_BASED_TO_CALENDAR,HIGH
1,2012,11,12,WINTER,11 -> 12,ZERO_BASED_TO_CALENDAR,HIGH
2,2012,11,12,WINTER,11 -> 12,ZERO_BASED_TO_CALENDAR,HIGH
3,2012,11,12,WINTER,11 -> 12,ZERO_BASED_TO_CALENDAR,HIGH
4,2012,11,12,WINTER,11 -> 12,ZERO_BASED_TO_CALENDAR,HIGH
5,2012,11,12,WINTER,11 -> 12,ZERO_BASED_TO_CALENDAR,HIGH
6,2012,11,12,WINTER,11 -> 12,ZERO_BASED_TO_CALENDAR,HIGH
7,2012,11,12,WINTER,11 -> 12,ZERO_BASED_TO_CALENDAR,HIGH
8,2012,11,12,WINTER,11 -> 12,ZERO_BASED_TO_CALENDAR,HIGH
9,2012,11,12,WINTER,11 -> 12,ZERO_BASED_TO_CALENDAR,HIGH
10,2012,11,12,WINTER,11 -> 12,ZERO_BASED_TO_CALENDAR,HIGH
11,2012,11,12,WINTER,11 -> 12,ZERO_BASED_TO_CALENDAR,HIGH
12,2012,11,12,WINTER,11 -> 12,ZERO_BASED_TO_CALENDAR,HIGH
13,2012,11,12,WINTER,11 -> 12,ZERO_BASED_TO_CALENDAR,HIGH
14,2012,11,12,WINTER,11 -> 12,ZERO_BASED_TO_CALENDAR,HIGH
15,2012,11,12,WINTER,11 -> 12,ZERO_BASED_TO_CALENDAR,HIGH
16,2012,11,12,WINTER,11 -> 12,ZERO_BASED_TO_CALENDAR,HIGH
17,2012,11,12,WINTER,11 -> 12,ZERO_BASED_TO_CALENDAR,HIGH
18,2012,11,12,WINTER,11 -> 12,ZERO_BASED_TO_CALENDAR,HIGH
19,2012,11,12,WINTER,11 -> 12,ZERO_BASED_TO_CALENDAR,HIGH
20,2012,11,12,WINTER,11 -> 12,ZERO_BASED_TO_CALENDAR,HIGH
21,2012,11,12,WINTER,11 -> 12,ZERO_BASED_TO_CALENDAR,HIGH
22,2012,11,12,WINTER,11 -> 12,ZERO_BASED_TO_CALENDAR,HIGH
23,2012,11,12,WINTER,11 -> 12,ZERO_BASED_TO_CALENDAR,HIGH
24,2012,11,12,WINTER,11 -> 12,ZERO_BASED_TO_CALENDAR,HIGH
25,2012,11,12,WINTER,11 -> 12,ZERO_BASED_TO_CALENDAR,HIGH
26,2012,11,12,WINTER,11 -> 12,ZERO_BASED_TO_CALENDAR,HIGH
27,2012,11,12,WINTER,11 -> 12,ZERO_BASED_TO_CALENDAR,HIGH
28,2012,11,12,WINTER,11 -> 12,ZERO_BASED_TO_CALENDAR,HIGH
29,2012,11,12,WINTER,11 -> 12,ZERO_BASED_TO_CALENDAR,HIGH
30,2012,11,12,WINTER,11 -> 12,ZERO_BASED_TO_CALENDAR,HIGH
31,2012,11,12,WINTER,11 -> 12,ZERO_BASED_TO_CALENDAR,HIGH
32,2012,11,12,WINTER,11 -> 12,ZERO_BASED_TO_CALENDAR,HIGH
33,2012,11,12,WINTER,11 -> 12,ZERO_BASED_TO_CALENDAR,HIGH
34,2012,11,12,WINTER,11 -> 12,ZERO_BASED_TO_CALENDAR,HIGH
35,2012,11,12,WINTER,11 -> 12,ZERO_BASED_TO_CALENDAR,HIGH
0,2012,10,11,POST_MONSOON,10 -> 11,ZERO_BASED_TO_CALENDAR,HIGH
1,2012,10,11,POST_MONSOON,10 -> 11,ZERO_BASED_TO_CALENDAR,HIGH
2,2012,10,11,POST_MONSOON,10 -> 11,ZERO_BASED_TO_CALENDAR,HIGH
3,2012,10,11,POST_MONSOON,10 -> 11,ZERO_BASED_TO_CALENDAR,HIGH
4,2012,10,11,POST_MONSOON,10 -> 11,ZERO_BASED_TO_CALENDAR,HIGH
5,2012,10,11,POST_MONSOON,10 -> 11,ZERO_BASED_TO_CALENDAR,HIGH
6,2012,10,11,POST_MONSOON,10 -> 11,ZERO_BASED_TO_CALENDAR,HIGH
7,2012,10,11,POST_MONSOON,10 -> 11,ZERO_BASED_TO_CALENDAR,HIGH
8,2012,10,11,POST_MONSOON,10 -> 11,ZERO_BASED_TO_CALENDAR,HIGH
9,2012,10,11,POST_MONSOON,10 -> 11,ZERO_BASED_TO_CALENDAR,HIGH
10,2012,10,11,POST_MONSOON,10 -> 11,ZERO_BASED_TO_CALENDAR,HIGH
11,2012,10,11,POST_MONSOON,10 -> 11,ZERO_BASED_TO_CALENDAR,HIGH
12,2012,10,11,POST_MONSOON,10 -> 11,ZERO_BASED_TO_CALENDAR,HIGH
13,2012,10,11,POST_MONSOON,10 -> 11,ZERO_BASED_TO_CALENDAR,HIGH
14,2012,10,11,POST_MONSOON,10 -> 11,ZERO_BASED_TO_CALENDAR,HIGH
15,2012,10,11,POST_MONSOON,10 -> 11,ZERO_BASED_TO_CALENDAR,HIGH
16,2012,10,11,POST_MONSOON,10 -> 11,ZERO_BASED_TO_CALENDAR,HIGH
17,2012,10,11,POST_MONSOON,10 -> 11,ZERO_BASED_TO_CALENDAR,HIGH
18,2012,10,11,POST_MONSOON,10 -> 11,ZERO_BASED_TO_CALENDAR,HIGH
19,2012,10,11,POST_MONSOON,10 -> 11,ZERO_BASED_TO_CALENDAR,HIGH
20,2012,10,11,POST_MONSOON,10 -> 11,ZERO_BASED_TO_CALENDAR,HIGH
21,2012,10,11,POST_MONSOON,10 -> 11,ZERO_BASED_TO_CALENDAR,HIGH
22,2012,10,11,POST_MONSOON,10 -> 11,ZERO_BASED_TO_CALENDAR,HIGH
23,2012,10,11,POST_MONSOON,10 -> 11,ZERO_BASED_TO_CALENDAR,HIGH
24,2012,10,11,POST_MONSOON,10 -> 11,ZERO_BASED_TO_CALENDAR,HIGH
25,2012,10,11,POST_MONSOON,10 -> 11,ZERO_BASED_TO_CALENDAR,HIGH
26,2012,10,11,POST_MONSOON,10 -> 11,ZERO_BASED_TO_CALENDAR,HIGH
27,2012,10,11,POST_MONSOON,10 -> 11,ZERO_BASED_TO_CALENDAR,HIGH
28,2012,10,11,POST_MONSOON,10 -> 11,ZERO_BASED_TO_CALENDAR,HIGH
29,2012,10,11,POST_MONSOON,10 -> 11,ZERO_BASED_TO_CALENDAR,HIGH
30,2012,10,11,POST_MONSOON,10 -> 11,ZERO_BASED_TO_CALENDAR,HIGH
31,2012,10,11,POST_MONSOON,10 -> 11,ZERO_BASED_TO_CALENDAR,HIGH
32,2012,10,11,POST_MONSOON,10 -> 11,ZERO_BASED_TO_CALENDAR,HIGH
33,2012,10,11,POST_MONSOON,10 -> 11,ZERO_BASED_TO_CALENDAR,HIGH
34,2012,10,11,POST_MONSOON,10 -> 11,ZERO_BASED_TO_CALENDAR,HIGH
35,2012,10,11,POST_MONSOON,10 -> 11,ZERO_BASED_TO_CALENDAR,HIGH
0,2012,9,10,POST_MONSOON,9 -> 10,ZERO_BASED_TO_CALENDAR,HIGH
1,2012,9,10,POST_MONSOON,9 -> 10,ZERO_BASED_TO_CALENDAR,HIGH
2,2012,9,10,POST_MONSOON,9 -> 10,ZERO_BASED_TO_CALENDAR,HIGH
3,2012,9,10,POST_MONSOON,9 -> 10,ZERO_BASED_TO_CALENDAR,HIGH
4,2012,9,10,POST_MONSOON,9 -> 10,ZERO_BASED_TO_CALENDAR,HIGH
5,2012,9,10,POST_MONSOON,9 -> 10,ZERO_BASED_TO_CALENDAR,HIGH
6,2012,9,10,POST_MONSOON,9 -> 10,ZERO_BASED_TO_CALENDAR,HIGH
7,2012,9,10,POST_MONSOON,9 -> 10,ZERO_BASED_TO_CALENDAR,HIGH
8,2012,9,10,POST_MONSOON,9 -> 10,ZERO_BASED_TO_CALENDAR,HIGH
9,2012,9,10,POST_MONSOON,9 -> 10,ZERO_BASED_TO_CALENDAR,HIGH
10,2012,9,10,POST_MONSOON,9 -> 10,ZERO_BASED_TO_CALENDAR,HIGH
11,2012,9,10,POST_MONSOON,9 -> 10,ZERO_BASED_TO_CALENDAR,HIGH
12,2012,9,10,POST_MONSOON,9 -> 10,ZERO_BASED_TO_CALENDAR,HIGH
13,2012,9,10,POST_MONSOON,9 -> 10,ZERO_BASED_TO_CALENDAR,HIGH
14,2012,9,10,POST_MONSOON,9 -> 10,ZERO_BASED_TO_CALENDAR,HIGH
15,2012,9,10,POST_MONSOON,9 -> 10,ZERO_BASED_TO_CALENDAR,HIGH
16,2012,9,10,POST_MONSOON,9 -> 10,ZERO_BASED_TO_CALENDAR,HIGH
17,2012,9,10,POST_MONSOON,9 -> 10,ZERO_BASED_TO_CALENDAR,HIGH
18,2012,9,10,POST_MONSOON,9 -> 10,ZERO_BASED_TO_CALENDAR,HIGH
19,2012,9,10,POST_MONSOON,9 -> 10,ZERO_BASED_TO_CALENDAR,HIGH
20,2012,9,10,POST_MONSOON,9 -> 10,ZERO_BASED_TO_CALENDAR,HIGH
21,2012,9,10,POST_MONSOON,9 -> 10,ZERO_BASED_TO_CALENDAR,HIGH
22,2012,9,10,POST_MONSOON,9 -> 10,ZERO_BASED_TO_CALENDAR,HIGH
23,2012,9,10,POST_MONSOON,9 -> 10,ZERO_BASED_TO_CALENDAR,HIGH
24,2012,9,10,POST_MONSOON,9 -> 10,ZERO_BASED_TO_CALENDAR,HIGH
25,2012,9,10,POST_MONSOON,9 -> 10,ZERO_BASED_TO_CALENDAR,HIGH
26,2012,9,10,POST_MONSOON,9 -> 10,ZERO_BASED_TO_CALENDAR,HIGH
27,2012,9,10,POST_MONSOON,9 -> 10,ZERO_BASED_TO_CALENDAR,HIGH
28,2012,9,10,POST_MONSOON,9 -> 10,ZERO_BASED_TO_CALENDAR,HIGH
29,2012,9,10,POST_MONSOON,9 -> 10,ZERO_BASED_TO_CALENDAR,HIGH
30,2012,9,10,POST_MONSOON,9 -> 10,ZERO_BASED_TO_CALENDAR,HIGH
31,2012,9,10,POST_MONSOON,9 -> 10,ZERO_BASED_TO_CALENDAR,HIGH
32,2012,9,10,POST_MONSOON,9 -> 10,ZERO_BASED_TO_CALENDAR,HIGH
33,2012,9,10,POST_MONSOON,9 -> 10,ZERO_BASED_TO_CALENDAR,HIGH
34,2012,9,10,POST_MONSOON,9 -> 10,ZERO_BASED_TO_CALENDAR,HIGH
35,2012,9,10,POST_MONSOON,9 -> 10,ZERO_BASED_TO_CALENDAR,HIGH
0,2012,2,3,PRE_MONSOON,2 -> 3,ZERO_BASED_TO_CALENDAR,HIGH
1,2012,2,3,PRE_MONSOON,2 -> 3,ZERO_BASED_TO_CALENDAR,HIGH
2,2012,2,3,PRE_MONSOON,2 -> 3,ZERO_BASED_TO_CALENDAR,HIGH
3,2012,2,3,PRE_MONSOON,2 -> 3,ZERO_BASED_TO_CALENDAR,HIGH
4,2012,2,3,PRE_MONSOON,2 -> 3,ZERO_BASED_TO_CALENDAR,HIGH
5,2012,2,3,PRE_MONSOON,2 -> 3,ZERO_BASED_TO_CALENDAR,HIGH
6,2012,2,3,PRE_MONSOON,2 -> 3,ZERO_BASED_TO_CALENDAR,HIGH
7,2012,2,3,PRE_MONSOON,2 -> 3,ZERO_BASED_TO_CALENDAR,HIGH
8,2012,2,3,PRE_MONSOON,2 -> 3,ZERO_BASED_TO_CALENDAR,HIGH
9,2012,2,3,PRE_MONSOON,2 -> 3,ZERO_BASED_TO_CALENDAR,HIGH
10,2012,2,3,PRE_MONSOON,2 -> 3,ZERO_BASED_TO_CALENDAR,HIGH
11,2012,2,3,PRE_MONSOON,2 -> 3,ZERO_BASED_TO_CALENDAR,HIGH
12,2012,2,3,PRE_MONSOON,2 -> 3,ZERO_BASED_TO_CALENDAR,HIGH
13,2012,2,3,PRE_MONSOON,2 -> 3,ZERO_BASED_TO_CALENDAR,HIGH
14,2012,2,3,PRE_MONSOON,2 -> 3,ZERO_BASED_TO_CALENDAR,HIGH
15,2012,2,3,PRE_MONSOON,2 -> 3,ZERO_BASED_TO_CALENDAR,HIGH
16,2012,2,3,PRE_MONSOON,2 -> 3,ZERO_BASED_TO_CALENDAR,HIGH
17,2012,2,3,PRE_MONSOON,2 -> 3,ZERO_BASED_TO_CALENDAR,HIGH
18,2012,2,3,PRE_MONSOON,2 -> 3,ZERO_BASED_TO_CALENDAR,HIGH
19,2012,2,3,PRE_MONSOON,2 -> 3,ZERO_BASED_TO_CALENDAR,HIGH
20,2012,2,3,PRE_MONSOON,2 -> 3,ZERO_BASED_TO_CALENDAR,HIGH
21,2012,2,3,PRE_MONSOON,2 -> 3,ZERO_BASED_TO_CALENDAR,HIGH
22,2012,2,3,PRE_MONSOON,2 -> 3,ZERO_BASED_TO_CALENDAR,HIGH
23,2012,2,3,PRE_MONSOON,2 -> 3,ZERO_BASED_TO_CALENDAR,HIGH
24,2012,2,3,PRE_MONSOON,2 -> 3,ZERO_BASED_TO_CALENDAR,HIGH
25,2012,2,3,PRE_MONSOON,2 -> 3,ZERO_BASED_TO_CALENDAR,HIGH
26,2012,2,3,PRE_MONSOON,2 -> 3,ZERO_BASED_TO_CALENDAR,HIGH
27,2012,2,3,PRE_MONSOON,2 -> 3,ZERO_BASED_TO_CALENDAR,HIGH
28,2012,2,3,PRE_MONSOON,2 -> 3,ZERO_BASED_TO_CALENDAR,HIGH
29,2012,2,3,PRE_MONSOON,2 -> 3,ZERO_BASED_TO_CALENDAR,HIGH
30,2012,2,3,PRE_MONSOON,2 -> 3,ZERO_BASED_TO_CALENDAR,HIGH
31,2012,2,3,PRE_MONSOON,2 -> 3,ZERO_BASED_TO_CALENDAR,HIGH
32,2012,2,3,PRE_MONSOON,2 -> 3,ZERO_BASED_TO_CALENDAR,HIGH
33,2012,2,3,PRE_MONSOON,2 -> 3,ZERO_BASED_TO_CALENDAR,HIGH
34,2012,2,3,PRE_MONSOON,2 -> 3,ZERO_BASED_TO_CALENDAR,HIGH
35,2012,2,3,PRE_MONSOON,2 -> 3,ZERO_BASED_TO_CALENDAR,HIGH
0,2013,4,5,PRE_MONSOON,4 -> 5,ZERO_BASED_TO_CALENDAR,HIGH
1,2013,4,5,PRE_MONSOON,4 -> 5,ZERO_BASED_TO_CALENDAR,HIGH
2,2013,4,5,PRE_MONSOON,4 -> 5,ZERO_BASED_TO_CALENDAR,HIGH
3,2013,4,5,PRE_MONSOON,4 -> 5,ZERO_BASED_TO_CALENDAR,HIGH
4,2013,4,5,PRE_MONSOON,4 -> 5,ZERO_BASED_TO_CALENDAR,HIGH
5,2013,4,5,PRE_MONSOON,4 -> 5,ZERO_BASED_TO_CALENDAR,HIGH
6,2013,4,5,PRE_MONSOON,4 -> 5,ZERO_BASED_TO_CALENDAR,HIGH
7,2013,4,5,PRE_MONSOON,4 -> 5,ZERO_BASED_TO_CALENDAR,HIGH
8,2013,4,5,PRE_MONSOON,4 -> 5,ZERO_BASED_TO_CALENDAR,HIGH
9,2013,4,5,PRE_MONSOON,4 -> 5,ZERO_BASED_TO_CALENDAR,HIGH
10,2013,4,5,PRE_MONSOON,4 -> 5,ZERO_BASED_TO_CALENDAR,HIGH
11,2013,4,5,PRE_MONSOON,4 -> 5,ZERO_BASED_TO_CALENDAR,HIGH
12,2013,4,5,PRE_MONSOON,4 -> 5,ZERO_BASED_TO_CALENDAR,HIGH
13,2013,4,5,PRE_MONSOON,4 -> 5,ZERO_BASED_TO_CALENDAR,HIGH
14,2013,4,5,PRE_MONSOON,4 -> 5,ZERO_BASED_TO_CALENDAR,HIGH
15,2013,4,5,PRE_MONSOON,4 -> 5,ZERO_BASED_TO_CALENDAR,HIGH
16,2013,4,5,PRE_MONSOON,4 -> 5,ZERO_BASED_TO_CALENDAR,HIGH
17,2013,4,5,PRE_MONSOON,4 -> 5,ZERO_BASED_TO_CALENDAR,HIGH
18,2013,4,5,PRE_MONSOON,4 -> 5,ZERO_BASED_TO_CALENDAR,HIGH
19,2013,4,5,PRE_MONSOON,4 -> 5,ZERO_BASED_TO_CALENDAR,HIGH
20,2013,4,5,PRE_MONSOON,4 -> 5,ZERO_BASED_TO_CALENDAR,HIGH
21,2013,4,5,PRE_MONSOON,4 -> 5,ZERO_BASED_TO_CALENDAR,HIGH
22,2013,4,5,PRE_MONSOON,4 -> 5,ZERO_BASED_TO_CALENDAR,HIGH
23,2013,4,5,PRE_MONSOON,4 -> 5,ZERO_BASED_TO_CALENDAR,HIGH
24,2013,4,5,PRE_MONSOON,4 -> 5,ZERO_BASED_TO_CALENDAR,HIGH
25,2013,4,5,PRE_MONSOON,4 -> 5,ZERO_BASED_TO_CALENDAR,HIGH
26,2013,4,5,PRE_MONSOON,4 -> 5,ZERO_BASED_TO_CALENDAR,HIGH
27,2013,4,5,PRE_MONSOON,4 -> 5,ZERO_BASED_TO_CALENDAR,HIGH
28,2013,4,5,PRE_MONSOON,4 -> 5,ZERO_BASED_TO_CALENDAR,HIGH
29,2013,4,5,PRE_MONSOON,4 -> 5,ZERO_BASED_TO_CALENDAR,HIGH
30,2013,4,5,PRE_MONSOON,4 -> 5,ZERO_BASED_TO_CALENDAR,HIGH
31,2013,4,5,PRE_MONSOON,4 -> 5,ZERO_BASED_TO_CALENDAR,HIGH
32,2013,4,5,PRE_MONSOON,4 -> 5,ZERO_BASED_TO_CALENDAR,HIGH
33,2013,4,5,PRE_MONSOON,4 -> 5,ZERO_BASED_TO_CALENDAR,HIGH
34,2013,4,5,PRE_MONSOON,4 -> 5,ZERO_BASED_TO_CALENDAR,HIGH
35,2013,4,5,PRE_MONSOON,4 -> 5,ZERO_BASED_TO_CALENDAR,HIGH
0,2013,3,4,PRE_MONSOON,3 -> 4,ZERO_BASED_TO_CALENDAR,HIGH
1,2013,3,4,PRE_MONSOON,3 -> 4,ZERO_BASED_TO_CALENDAR,HIGH
2,2013,3,4,PRE_MONSOON,3 -> 4,ZERO_BASED_TO_CALENDAR,HIGH
3,2013,3,4,PRE_MONSOON,3 -> 4,ZERO_BASED_TO_CALENDAR,HIGH
4,2013,3,4,PRE_MONSOON,3 -> 4,ZERO_BASED_TO_CALENDAR,HIGH
5,2013,3,4,PRE_MONSOON,3 -> 4,ZERO_BASED_TO_CALENDAR,HIGH
6,2013,3,4,PRE_MONSOON,3 -> 4,ZERO_BASED_TO_CALENDAR,HIGH
7,2013,3,4,PRE_MONSOON,3 -> 4,ZERO_BASED_TO_CALENDAR,HIGH
8,2013,3,4,PRE_MONSOON,3 -> 4,ZERO_BASED_TO_CALENDAR,HIGH
9,2013,3,4,PRE_MONSOON,3 -> 4,ZERO_BASED_TO_CALENDAR,HIGH
10,2013,3,4,PRE_MONSOON,3 -> 4,ZERO_BASED_TO_CALENDAR,HIGH
11,2013,3,4,PRE_MONSOON,3 -> 4,ZERO_BASED_TO_CALENDAR,HIGH
12,2013,3,4,PRE_MONSOON,3 -> 4,ZERO_BASED_TO_CALENDAR,HIGH
13,2013,3,4,PRE_MONSOON,3 -> 4,ZERO_BASED_TO_CALENDAR,HIGH
14,2013,3,4,PRE_MONSOON,3 -> 4,ZERO_BASED_TO_CALENDAR,HIGH
15,2013,3,4,PRE_MONSOON,3 -> 4,ZERO_BASED_TO_CALENDAR,HIGH
16,2013,3,4,PRE_MONSOON,3 -> 4,ZERO_BASED_TO_CALENDAR,HIGH
17,2013,3,4,PRE_MONSOON,3 -> 4,ZERO_BASED_TO_CALENDAR,HIGH
18,2013,3,4,PRE_MONSOON,3 -> 4,ZERO_BASED_TO_CALENDAR,HIGH
19,2013,3,4,PRE_MONSOON,3 -> 4,ZERO_BASED_TO_CALENDAR,HIGH
20,2013,3,4,PRE_MONSOON,3 -> 4,ZERO_BASED_TO_CALENDAR,HIGH
21,2013,3,4,PRE_MONSOON,3 -> 4,ZERO_BASED_TO_CALENDAR,HIGH
22,2013,3,4,PRE_MONSOON,3 -> 4,ZERO_BASED_TO_CALENDAR,HIGH
23,2013,3,4,PRE_MONSOON,3 -> 4,ZERO_BASED_TO_CALENDAR,HIGH
24,2013,3,4,PRE_MONSOON,3 -> 4,ZERO_BASED_TO_CALENDAR,HIGH
25,2013,3,4,PRE_MONSOON,3 -> 4,ZERO_BASED_TO_CALENDAR,HIGH
26,2013,3,4,PRE_MONSOON,3 -> 4,ZERO_BASED_TO_CALENDAR,HIGH
27,2013,3,4,PRE_MONSOON,3 -> 4,ZERO_BASED_TO_CALENDAR,HIGH
28,2013,3,4,PRE_MONSOON,3 -> 4,ZERO_BASED_TO_CALENDAR,HIGH
29,2013,3,4,PRE_MONSOON,3 -> 4,ZERO_BASED_TO_CALENDAR,HIGH
30,2013,3,4,PRE_MONSOON,3 -> 4,ZERO_BASED_TO_CALENDAR,HIGH
31,2013,3,4,PRE_MONSOON,3 -> 4,ZERO_BASED_TO_CALENDAR,HIGH
32,2013,3,4,PRE_MONSOON,3 -> 4,ZERO_BASED_TO_CALENDAR,HIGH
33,2013,3,4,PRE_MONSOON,3 -> 4,ZERO_BASED_TO_CALENDAR,HIGH
34,2013,3,4,PRE_MONSOON,3 -> 4,ZERO_BASED_TO_CALENDAR,HIGH
35,2013,3,4,PRE_MONSOON,3 -> 4,ZERO_BASED_TO_CALENDAR,HIGH
0,2013,7,8,MONSOON,7 -> 8,ZERO_BASED_TO_CALENDAR,HIGH
1,2013,7,8,MONSOON,7 -> 8,ZERO_BASED_TO_CALENDAR,HIGH
2,2013,7,8,MONSOON,7 -> 8,ZERO_BASED_TO_CALENDAR,HIGH
3,2013,7,8,MONSOON,7 -> 8,ZERO_BASED_TO_CALENDAR,HIGH
4,2013,7,8,MONSOON,7 -> 8,ZERO_BASED_TO_CALENDAR,HIGH
5,2013,7,8,MONSOON,7 -> 8,ZERO_BASED_TO_CALENDAR,HIGH
6,2013,7,8,MONSOON,7 -> 8,ZERO_BASED_TO_CALENDAR,HIGH
7,2013,7,8,MONSOON,7 -> 8,ZERO_BASED_TO_CALENDAR,HIGH
8,2013,7,8,MONSOON,7 -> 8,ZERO_BASED_TO_CALENDAR,HIGH
9,2013,7,8,MONSOON,7 -> 8,ZERO_BASED_TO_CALENDAR,HIGH
10,2013,7,8,MONSOON,7 -> 8,ZERO_BASED_TO_CALENDAR,HIGH
11,2013,7,8,MONSOON,7 -> 8,ZERO_BASED_TO_CALENDAR,HIGH
12,2013,7,8,MONSOON,7 -> 8,ZERO_BASED_TO_CALENDAR,HIGH
13,2013,7,8,MONSOON,7 -> 8,ZERO_BASED_TO_CALENDAR,HIGH
14,2013,7,8,MONSOON,7 -> 8,ZERO_BASED_TO_CALENDAR,HIGH
15,2013,7,8,MONSOON,7 -> 8,ZERO_BASED_TO_CALENDAR,HIGH
16,2013,7,8,MONSOON,7 -> 8,ZERO_BASED_TO_CALENDAR,HIGH
17,2013,7,8,MONSOON,7 -> 8,ZERO_BASED_TO_CALENDAR,HIGH
18,2013,7,8,MONSOON,7 -> 8,ZERO_BASED_TO_CALENDAR,HIGH
19,2013,7,8,MONSOON,7 -> 8,ZERO_BASED_TO_CALENDAR,HIGH
20,2013,7,8,MONSOON,7 -> 8,ZERO_BASED_TO_CALENDAR,HIGH
21,2013,7,8,MONSOON,7 -> 8,ZERO_BASED_TO_CALENDAR,HIGH
22,2013,7,8,MONSOON,7 -> 8,ZERO_BASED_TO_CALENDAR,HIGH
23,2013,7,8,MONSOON,7 -> 8,ZERO_BASED_TO_CALENDAR,HIGH
24,2013,7,8,MONSOON,7 -> 8,ZERO_BASED_TO_CALENDAR,HIGH
25,2013,7,8,MONSOON,7 -> 8,ZERO_BASED_TO_CALENDAR,HIGH
26,2013,7,8,MONSOON,7 -> 8,ZERO_BASED_TO_CALENDAR,HIGH
27,2013,7,8,MONSOON,7 -> 8,ZERO_BASED_TO_CALENDAR,HIGH
28,2013,7,8,MONSOON,7 -> 8,ZERO_BASED_TO_CALENDAR,HIGH
29,2013,7,8,MONSOON,7 -> 8,ZERO_BASED_TO_CALENDAR,HIGH
30,2013,7,8,MONSOON,7 -> 8,ZERO_BASED_TO_CALENDAR,HIGH
31,2013,7,8,MONSOON,7 -> 8,ZERO_BASED_TO_CALENDAR,HIGH
32,2013,7,8,MONSOON,7 -> 8,ZERO_BASED_TO_CALENDAR,HIGH
33,2013,7,8,MONSOON,7 -> 8,ZERO_BASED_TO_CALENDAR,HIGH
34,2013,7,8,MONSOON,7 -> 8,ZERO_BASED_TO_CALENDAR,HIGH
35,2013,7,8,MONSOON,7 -> 8,ZERO_BASED_TO_CALENDAR,HIGH
0,2013,0,1,WINTER,0 -> 1,ZERO_BASED_TO_CALENDAR,HIGH
1,2013,0,1,WINTER,0 -> 1,ZERO_BASED_TO_CALENDAR,HIGH
2,2013,0,1,WINTER,0 -> 1,ZERO_BASED_TO_CALENDAR,HIGH
3,2013,0,1,WINTER,0 -> 1,ZERO_BASED_TO_CALENDAR,HIGH
4,2013,0,1,WINTER,0 -> 1,ZERO_BASED_TO_CALENDAR,HIGH
5,2013,0,1,WINTER,0 -> 1,ZERO_BASED_TO_CALENDAR,HIGH
6,2013,0,1,WINTER,0 -> 1,ZERO_BASED_TO_CALENDAR,HIGH
7,2013,0,1,WINTER,0 -> 1,ZERO_BASED_TO_CALENDAR,HIGH
8,2013,0,1,WINTER,0 -> 1,ZERO_BASED_TO_CALENDAR,HIGH
9,2013,0,1,WINTER,0 -> 1,ZERO_BASED_TO_CALENDAR,HIGH
10,2013,0,1,WINTER,0 -> 1,ZERO_BASED_TO_CALENDAR,HIGH
11,2013,0,1,WINTER,0 -> 1,ZERO_BASED_TO_CALENDAR,HIGH
12,2013,0,1,WINTER,0 -> 1,ZERO_BASED_TO_CALENDAR,HIGH
13,2013,0,1,WINTER,0 -> 1,ZERO_BASED_TO_CALENDAR,HIGH
14,2013,0,1,WINTER,0 -> 1,ZERO_BASED_TO_CALENDAR,HIGH
15,2013,0,1,WINTER,0 -> 1,ZERO_BASED_TO_CALENDAR,HIGH
16,2013,0,1,WINTER,0 -> 1,ZERO_BASED_TO_CALENDAR,HIGH
17,2013,0,1,WINTER,0 -> 1,ZERO_BASED_TO_CALENDAR,HIGH
18,2013,0,1,WINTER,0 -> 1,ZERO_BASED_TO_CALENDAR,HIGH
19,2013,0,1,WINTER,0 -> 1,ZERO_BASED_TO_CALENDAR,HIGH
20,2013,0,1,WINTER,0 -> 1,ZERO_BASED_TO_CALENDAR,HIGH
21,2013,0,1,WINTER,0 -> 1,ZERO_BASED_TO_CALENDAR,HIGH
22,2013,0,1,WINTER,0 -> 1,ZERO_BASED_TO_CALENDAR,HIGH
23,2013,0,1,WINTER,0 -> 1,ZERO_BASED_TO_CALENDAR,HIGH
24,2013,0,1,WINTER,0 -> 1,ZERO_BASED_TO_CALENDAR,HIGH
25,2013,0,1,WINTER,0 -> 1,ZERO_BASED_TO_CALENDAR,HIGH
26,2013,0,1,WINTER,0 -> 1,ZERO_BASED_TO_CALENDAR,HIGH
27,2013,0,1,WINTER,0 -> 1,ZERO_BASED_TO_CALENDAR,HIGH
28,2013,0,1,WINTER,0 -> 1,ZERO_BASED_TO_CALENDAR,HIGH
29,2013,0,1,WINTER,0 -> 1,ZERO_BASED_TO_CALENDAR,HIGH
30,2013,0,1,WINTER,0 -> 1,ZERO_BASED_TO_CALENDAR,HIGH
31,2013,0,1,WINTER,0 -> 1,ZERO_BASED_TO_CALENDAR,HIGH
32,2013,0,1,WINTER,0 -> 1,ZERO_BASED_TO_CALENDAR,HIGH
33,2013,0,1,WINTER,0 -> 1,ZERO_BASED_TO_CALENDAR,HIGH
34,2013,0,1,WINTER,0 -> 1,ZERO_BASED_TO_CALENDAR,HIGH
35,2013,0,1,WINTER,0 -> 1,ZERO_BASED_TO_CALENDAR,HIGH
0,2013,8,9,MONSOON,8 -> 9,ZERO_BASED_TO_CALENDAR,HIGH
1,2013,8,9,MONSOON,8 -> 9,ZERO_BASED_TO_CALENDAR,HIGH
2,2013,8,9,MONSOON,8 -> 9,ZERO_BASED_TO_CALENDAR,HIGH
3,2013,8,9,MONSOON,8 -> 9,ZERO_BASED_TO_CALENDAR,HIGH
4,2013,8,9,MONSOON,8 -> 9,ZERO_BASED_TO_CALENDAR,HIGH
5,2013,8,9,MONSOON,8 -> 9,ZERO_BASED_TO_CALENDAR,HIGH
6,2013,8,9,MONSOON,8 -> 9,ZERO_BASED_TO_CALENDAR,HIGH
7,2013,8,9,MONSOON,8 -> 9,ZERO_BASED_TO_CALENDAR,HIGH
8,2013,8,9,MONSOON,8 -> 9,ZERO_BASED_TO_CALENDAR,HIGH
9,2013,8,9,MONSOON,8 -> 9,ZERO_BASED_TO_CALENDAR,HIGH
10,2013,8,9,MONSOON,8 -> 9,ZERO_BASED_TO_CALENDAR,HIGH
11,2013,8,9,MONSOON,8 -> 9,ZERO_BASED_TO_CALENDAR,HIGH
12,2013,8,9,MONSOON,8 -> 9,ZERO_BASED_TO_CALENDAR,HIGH
13,2013,8,9,MONSOON,8 -> 9,ZERO_BASED_TO_CALENDAR,HIGH
14,2013,8,9,MONSOON,8 -> 9,ZERO_BASED_TO_CALENDAR,HIGH
15,2013,8,9,MONSOON,8 -> 9,ZERO_BASED_TO_CALENDAR,HIGH
16,2013,8,9,MONSOON,8 -> 9,ZERO_BASED_TO_CALENDAR,HIGH
17,2013,8,9,MONSOON,8 -> 9,ZERO_BASED_TO_CALENDAR,HIGH
18,2013,8,9,MONSOON,8 -> 9,ZERO_BASED_TO_CALENDAR,HIGH
19,2013,8,9,MONSOON,8 -> 9,ZERO_BASED_TO_CALENDAR,HIGH
20,2013,8,9,MONSOON,8 -> 9,ZERO_BASED_TO_CALENDAR,HIGH
21,2013,8,9,MONSOON,8 -> 9,ZERO_BASED_TO_CALENDAR,HIGH
22,2013,8,9,MONSOON,8 -> 9,ZERO_BASED_TO_CALENDAR,HIGH
23,2013,8,9,MONSOON,8 -> 9,ZERO_BASED_TO_CALENDAR,HIGH
24,2013,8,9,MONSOON,8 -> 9,ZERO_BASED_TO_CALENDAR,HIGH
25,2013,8,9,MONSOON,8 -> 9,ZERO_BASED_TO_CALENDAR,HIGH
26,2013,8,9,MONSOON,8 -> 9,ZERO_BASED_TO_CALENDAR,HIGH
27,2013,8,9,MONSOON,8 -> 9,ZERO_BASED_TO_CALENDAR,HIGH
28,2013,8,9,MONSOON,8 -> 9,ZERO_BASED_TO_CALENDAR,HIGH
29,2013,8,9,MONSOON,8 -> 9,ZERO_BASED_TO_CALENDAR,HIGH
30,2013,8,9,MONSOON,8 -> 9,ZERO_BASED_TO_CALENDAR,HIGH
31,2013,8,9,MONSOON,8 -> 9,ZERO_BASED_TO_CALENDAR,HIGH
32,2013,8,9,MONSOON,8 -> 9,ZERO_BASED_TO_CALENDAR,HIGH
33,2013,8,9,MONSOON,8 -> 9,ZERO_BASED_TO_CALENDAR,HIGH
34,2013,8,9,MONSOON,8 -> 9,ZERO_BASED_TO_CALENDAR,HIGH
35,2013,8,9,MONSOON,8 -> 9,ZERO_BASED_TO_CALENDAR,HIGH
0,2013,6,7,MONSOON,6 -> 7,ZERO_BASED_TO_CALENDAR,HIGH
1,2013,6,7,MONSOON,6 -> 7,ZERO_BASED_TO_CALENDAR,HIGH
2,2013,6,7,MONSOON,6 -> 7,ZERO_BASED_TO_CALENDAR,HIGH
3,2013,6,7,MONSOON,6 -> 7,ZERO_BASED_TO_CALENDAR,HIGH
4,2013,6,7,MONSOON,6 -> 7,ZERO_BASED_TO_CALENDAR,HIGH
5,2013,6,7,MONSOON,6 -> 7,ZERO_BASED_TO_CALENDAR,HIGH
6,2013,6,7,MONSOON,6 -> 7,ZERO_BASED_TO_CALENDAR,HIGH
7,2013,6,7,MONSOON,6 -> 7,ZERO_BASED_TO_CALENDAR,HIGH
8,2013,6,7,MONSOON,6 -> 7,ZERO_BASED_TO_CALENDAR,HIGH
9,2013,6,7,MONSOON,6 -> 7,ZERO_BASED_TO_CALENDAR,HIGH
10,2013,6,7,MONSOON,6 -> 7,ZERO_BASED_TO_CALENDAR,HIGH
11,2013,6,7,MONSOON,6 -> 7,ZERO_BASED_TO_CALENDAR,HIGH
12,2013,6,7,MONSOON,6 -> 7,ZERO_BASED_TO_CALENDAR,HIGH
13,2013,6,7,MONSOON,6 -> 7,ZERO_BASED_TO_CALENDAR,HIGH
14,2013,6,7,MONSOON,6 -> 7,ZERO_BASED_TO_CALENDAR,HIGH
15,2013,6,7,MONSOON,6 -> 7,ZERO_BASED_TO_CALENDAR,HIGH
16,2013,6,7,MONSOON,6 -> 7,ZERO_BASED_TO_CALENDAR,HIGH
17,2013,6,7,MONSOON,6 -> 7,ZERO_BASED_TO_CALENDAR,HIGH
18,2013,6,7,MONSOON,6 -> 7,ZERO_BASED_TO_CALENDAR,HIGH
19,2013,6,7,MONSOON,6 -> 7,ZERO_BASED_TO_CALENDAR,HIGH
20,2013,6,7,MONSOON,6 -> 7,ZERO_BASED_TO_CALENDAR,HIGH
21,2013,6,7,MONSOON,6 -> 7,ZERO_BASED_TO_CALENDAR,HIGH
22,2013,6,7,MONSOON,6 -> 7,ZERO_BASED_TO_CALENDAR,HIGH
23,2013,6,7,MONSOON,6 -> 7,ZERO_BASED_TO_CALENDAR,HIGH
24,2013,6,7,MONSOON,6 -> 7,ZERO_BASED_TO_CALENDAR,HIGH
25,2013,6,7,MONSOON,6 -> 7,ZERO_BASED_TO_CALENDAR,HIGH
26,2013,6,7,MONSOON,6 -> 7,ZERO_BASED_TO_CALENDAR,HIGH
27,2013,6,7,MONSOON,6 -> 7,ZERO_BASED_TO_CALENDAR,HIGH
28,2013,6,7,MONSOON,6 -> 7,ZERO_BASED_TO_CALENDAR,HIGH
29,2013,6,7,MONSOON,6 -> 7,ZERO_BASED_TO_CALENDAR,HIGH
30,2013,6,7,MONSOON,6 -> 7,ZERO_BASED_TO_CALENDAR,HIGH
31,2013,6,7,MONSOON,6 -> 7,ZERO_BASED_TO_CALENDAR,HIGH
32,2013,6,7,MONSOON,6 -> 7,ZERO_BASED_TO_CALENDAR,HIGH
33,2013,6,7,MONSOON,6 -> 7,ZERO_BASED_TO_CALENDAR,HIGH
34,2013,6,7,MONSOON,6 -> 7,ZERO_BASED_TO_CALENDAR,HIGH
35,2013,6,7,MONSOON,6 -> 7,ZERO_BASED_TO_CALENDAR,HIGH
0,2013,5,6,MONSOON,5 -> 6,ZERO_BASED_TO_CALENDAR,HIGH
1,2013,5,6,MONSOON,5 -> 6,ZERO_BASED_TO_CALENDAR,HIGH
2,2013,5,6,MONSOON,5 -> 6,ZERO_BASED_TO_CALENDAR,HIGH
3,2013,5,6,MONSOON,5 -> 6,ZERO_BASED_TO_CALENDAR,HIGH
4,2013,5,6,MONSOON,5 -> 6,ZERO_BASED_TO_CALENDAR,HIGH
5,2013,5,6,MONSOON,5 -> 6,ZERO_BASED_TO_CALENDAR,HIGH
6,2013,5,6,MONSOON,5 -> 6,ZERO_BASED_TO_CALENDAR,HIGH
7,2013,5,6,MONSOON,5 -> 6,ZERO_BASED_TO_CALENDAR,HIGH
8,2013,5,6,MONSOON,5 -> 6,ZERO_BASED_TO_CALENDAR,HIGH
9,2013,5,6,MONSOON,5 -> 6,ZERO_BASED_TO_CALENDAR,HIGH
10,2013,5,6,MONSOON,5 -> 6,ZERO_BASED_TO_CALENDAR,HIGH
11,2013,5,6,MONSOON,5 -> 6,ZERO_BASED_TO_CALENDAR,HIGH
12,2013,5,6,MONSOON,5 -> 6,ZERO_BASED_TO_CALENDAR,HIGH
13,2013,5,6,MONSOON,5 -> 6,ZERO_BASED_TO_CALENDAR,HIGH
14,2013,5,6,MONSOON,5 -> 6,ZERO_BASED_TO_CALENDAR,HIGH
15,2013,5,6,MONSOON,5 -> 6,ZERO_BASED_TO_CALENDAR,HIGH
16,2013,5,6,MONSOON,5 -> 6,ZERO_BASED_TO_CALENDAR,HIGH
17,2013,5,6,MONSOON,5 -> 6,ZERO_BASED_TO_CALENDAR,HIGH
18,2013,5,6,MONSOON,5 -> 6,ZERO_BASED_TO_CALENDAR,HIGH
19,2013,5,6,MONSOON,5 -> 6,ZERO_BASED_TO_CALENDAR,HIGH
20,2013,5,6,MONSOON,5 -> 6,ZERO_BASED_TO_CALENDAR,HIGH
21,2013,5,6,MONSOON,5 -> 6,ZERO_BASED_TO_CALENDAR,HIGH
22,2013,5,6,MONSOON,5 -> 6,ZERO_BASED_TO_CALENDAR,HIGH
23,2013,5,6,MONSOON,5 -> 6,ZERO_BASED_TO_CALENDAR,HIGH
24,2013,5,6,MONSOON,5 -> 6,ZERO_BASED_TO_CALENDAR,HIGH
25,2013,5,6,MONSOON,5 -> 6,ZERO_BASED_TO_CALENDAR,HIGH
26,2013,5,6,MONSOON,5 -> 6,ZERO_BASED_TO_CALENDAR,HIGH
27,2013,5,6,MONSOON,5 -> 6,ZERO_BASED_TO_CALENDAR,HIGH
28,2013,5,6,MONSOON,5 -> 6,ZERO_BASED_TO_CALENDAR,HIGH
29,2013,5,6,MONSOON,5 -> 6,ZERO_BASED_TO_CALENDAR,HIGH
30,2013,5,6,MONSOON,5 -> 6,ZERO_BASED_TO_CALENDAR,HIGH
31,2013,5,6,MONSOON,5 -> 6,ZERO_BASED_TO_CALENDAR,HIGH
32,2013,5,6,MONSOON,5 -> 6,ZERO_BASED_TO_CALENDAR,HIGH
33,2013,5,6,MONSOON,5 -> 6,ZERO_BASED_TO_CALENDAR,HIGH
34,2013,5,6,MONSOON,5 -> 6,ZERO_BASED_TO_CALENDAR,HIGH
35,2013,5,6,MONSOON,5 -> 6,ZERO_BASED_TO_CALENDAR,HIGH
0,2013,1,2,WINTER,1 -> 2,ZERO_BASED_TO_CALENDAR,HIGH
1,2013,1,2,WINTER,1 -> 2,ZERO_BASED_TO_CALENDAR,HIGH
2,2013,1,2,WINTER,1 -> 2,ZERO_BASED_TO_CALENDAR,HIGH
3,2013,1,2,WINTER,1 -> 2,ZERO_BASED_TO_CALENDAR,HIGH
4,2013,1,2,WINTER,1 -> 2,ZERO_BASED_TO_CALENDAR,HIGH
5,2013,1,2,WINTER,1 -> 2,ZERO_BASED_TO_CALENDAR,HIGH
6,2013,1,2,WINTER,1 -> 2,ZERO_BASED_TO_CALENDAR,HIGH
7,2013,1,2,WINTER,1 -> 2,ZERO_BASED_TO_CALENDAR,HIGH
8,2013,1,2,WINTER,1 -> 2,ZERO_BASED_TO_CALENDAR,HIGH
9,2013,1,2,WINTER,1 -> 2,ZERO_BASED_TO_CALENDAR,HIGH
10,2013,1,2,WINTER,1 -> 2,ZERO_BASED_TO_CALENDAR,HIGH
11,2013,1,2,WINTER,1 -> 2,ZERO_BASED_TO_CALENDAR,HIGH
12,2013,1,2,WINTER,1 -> 2,ZERO_BASED_TO_CALENDAR,HIGH
13,2013,1,2,WINTER,1 -> 2,ZERO_BASED_TO_CALENDAR,HIGH
14,2013,1,2,WINTER,1 -> 2,ZERO_BASED_TO_CALENDAR,HIGH
15,2013,1,2,WINTER,1 -> 2,ZERO_BASED_TO_CALENDAR,HIGH
16,2013,1,2,WINTER,1 -> 2,ZERO_BASED_TO_CALENDAR,HIGH
17,2013,1,2,WINTER,1 -> 2,ZERO_BASED_TO_CALENDAR,HIGH
18,2013,1,2,WINTER,1 -> 2,ZERO_BASED_TO_CALENDAR,HIGH
19,2013,1,2,WINTER,1 -> 2,ZERO_BASED_TO_CALENDAR,HIGH
20,2013,1,2,WINTER,1 -> 2,ZERO_BASED_TO_CALENDAR,HIGH
21,2013,1,2,WINTER,1 -> 2,ZERO_BASED_TO_CALENDAR,HIGH
22,2013,1,2,WINTER,1 -> 2,ZERO_BASED_TO_CALENDAR,HIGH
23,2013,1,2,WINTER,1 -> 2,ZERO_BASED_TO_CALENDAR,HIGH
24,2013,1,2,WINTER,1 -> 2,ZERO_BASED_TO_CALENDAR,HIGH
25,2013,1,2,WINTER,1 -> 2,ZERO_BASED_TO_CALENDAR,HIGH
26,2013,1,2,WINTER,1 -> 2,ZERO_BASED_TO_CALENDAR,HIGH
27,2013,1,2,WINTER,1 -> 2,ZERO_BASED_TO_CALENDAR,HIGH
28,2013,1,2,WINTER,1 -> 2,ZERO_BASED_TO_CALENDAR,HIGH
29,2013,1,2,WINTER,1 -> 2,ZERO_BASED_TO_CALENDAR,HIGH
30,2013,1,2,WINTER,1 -> 2,ZERO_BASED_TO_CALENDAR,HIGH
31,2013,1,2,WINTER,1 -> 2,ZERO_BASED_TO_CALENDAR,HIGH
32,2013,1,2,WINTER,1 -> 2,ZERO_BASED_TO_CALENDAR,HIGH
33,2013,1,2,WINTER,1 -> 2,ZERO_BASED_TO_CALENDAR,HIGH
34,2013,1,2,WINTER,1 -> 2,ZERO_BASED_TO_CALENDAR,HIGH
35,2013,1,2,WINTER,1 -> 2,ZERO_BASED_TO_CALENDAR,HIGH
0,2013,11,12,WINTER,11 -> 12,ZERO_BASED_TO_CALENDAR,HIGH
1,2013,11,12,WINTER,11 -> 12,ZERO_BASED_TO_CALENDAR,HIGH
2,2013,11,12,WINTER,11 -> 12,ZERO_BASED_TO_CALENDAR,HIGH
3,2013,11,12,WINTER,11 -> 12,ZERO_BASED_TO_CALENDAR,HIGH
4,2013,11,12,WINTER,11 -> 12,ZERO_BASED_TO_CALENDAR,HIGH
5,2013,11,12,WINTER,11 -> 12,ZERO_BASED_TO_CALENDAR,HIGH
6,2013,11,12,WINTER,11 -> 12,ZERO_BASED_TO_CALENDAR,HIGH
7,2013,11,12,WINTER,11 -> 12,ZERO_BASED_TO_CALENDAR,HIGH
8,2013,11,12,WINTER,11 -> 12,ZERO_BASED_TO_CALENDAR,HIGH
9,2013,11,12,WINTER,11 -> 12,ZERO_BASED_TO_CALENDAR,HIGH
10,2013,11,12,WINTER,11 -> 12,ZERO_BASED_TO_CALENDAR,HIGH
11,2013,11,12,WINTER,11 -> 12,ZERO_BASED_TO_CALENDAR,HIGH
12,2013,11,12,WINTER,11 -> 12,ZERO_BASED_TO_CALENDAR,HIGH
13,2013,11,12,WINTER,11 -> 12,ZERO_BASED_TO_CALENDAR,HIGH
14,2013,11,12,WINTER,11 -> 12,ZERO_BASED_TO_CALENDAR,HIGH
15,2013,11,12,WINTER,11 -> 12,ZERO_BASED_TO_CALENDAR,HIGH
16,2013,11,12,WINTER,11 -> 12,ZERO_BASED_TO_CALENDAR,HIGH
17,2013,11,12,WINTER,11 -> 12,ZERO_BASED_TO_CALENDAR,HIGH
18,2013,11,12,WINTER,11 -> 12,ZERO_BASED_TO_CALENDAR,HIGH
19,2013,11,12,WINTER,11 -> 12,ZERO_BASED_TO_CALENDAR,HIGH
20,2013,11,12,WINTER,11 -> 12,ZERO_BASED_TO_CALENDAR,HIGH
21,2013,11,12,WINTER,11 -> 12,ZERO_BASED_TO_CALENDAR,HIGH
22,2013,11,12,WINTER,11 -> 12,ZERO_BASED_TO_CALENDAR,HIGH
23,2013,11,12,WINTER,11 -> 12,ZERO_BASED_TO_CALENDAR,HIGH
24,2013,11,12,WINTER,11 -> 12,ZERO_BASED_TO_CALENDAR,HIGH
25,2013,11,12,WINTER,11 -> 12,ZERO_BASED_TO_CALENDAR,HIGH
26,2013,11,12,WINTER,11 -> 12,ZERO_BASED_TO_CALENDAR,HIGH
27,2013,11,12,WINTER,11 -> 12,ZERO_BASED_TO_CALENDAR,HIGH
28,2013,11,12,WINTER,11 -> 12,ZERO_BASED_TO_CALENDAR,HIGH
29,2013,11,12,WINTER,11 -> 12,ZERO_BASED_TO_CALENDAR,HIGH
30,2013,11,12,WINTER,11 -> 12,ZERO_BASED_TO_CALENDAR,HIGH
31,2013,11,12,WINTER,11 -> 12,ZERO_BASED_TO_CALENDAR,HIGH
32,2013,11,12,WINTER,11 -> 12,ZERO_BASED_TO_CALENDAR,HIGH
33,2013,11,12,WINTER,11 -> 12,ZERO_BASED_TO_CALENDAR,HIGH
34,2013,11,12,WINTER,11 -> 12,ZERO_BASED_TO_CALENDAR,HIGH
35,2013,11,12,WINTER,11 -> 12,ZERO_BASED_TO_CALENDAR,HIGH
0,2013,10,11,POST_MONSOON,10 -> 11,ZERO_BASED_TO_CALENDAR,HIGH
1,2013,10,11,POST_MONSOON,10 -> 11,ZERO_BASED_TO_CALENDAR,HIGH
2,2013,10,11,POST_MONSOON,10 -> 11,ZERO_BASED_TO_CALENDAR,HIGH
3,2013,10,11,POST_MONSOON,10 -> 11,ZERO_BASED_TO_CALENDAR,HIGH
4,2013,10,11,POST_MONSOON,10 -> 11,ZERO_BASED_TO_CALENDAR,HIGH
5,2013,10,11,POST_MONSOON,10 -> 11,ZERO_BASED_TO_CALENDAR,HIGH
6,2013,10,11,POST_MONSOON,10 -> 11,ZERO_BASED_TO_CALENDAR,HIGH
7,2013,10,11,POST_MONSOON,10 -> 11,ZERO_BASED_TO_CALENDAR,HIGH
8,2013,10,11,POST_MONSOON,10 -> 11,ZERO_BASED_TO_CALENDAR,HIGH
9,2013,10,11,POST_MONSOON,10 -> 11,ZERO_BASED_TO_CALENDAR,HIGH
10,2013,10,11,POST_MONSOON,10 -> 11,ZERO_BASED_TO_CALENDAR,HIGH
11,2013,10,11,POST_MONSOON,10 -> 11,ZERO_BASED_TO_CALENDAR,HIGH
12,2013,10,11,POST_MONSOON,10 -> 11,ZERO_BASED_TO_CALENDAR,HIGH
13,2013,10,11,POST_MONSOON,10 -> 11,ZERO_BASED_TO_CALENDAR,HIGH
14,2013,10,11,POST_MONSOON,10 -> 11,ZERO_BASED_TO_CALENDAR,HIGH
15,2013,10,11,POST_MONSOON,10 -> 11,ZERO_BASED_TO_CALENDAR,HIGH
16,2013,10,11,POST_MONSOON,10 -> 11,ZERO_BASED_TO_CALENDAR,HIGH
17,2013,10,11,POST_MONSOON,10 -> 11,ZERO_BASED_TO_CALENDAR,HIGH
18,2013,10,11,POST_MONSOON,10 -> 11,ZERO_BASED_TO_CALENDAR,HIGH
19,2013,10,11,POST_MONSOON,10 -> 11,ZERO_BASED_TO_CALENDAR,HIGH
20,2013,10,11,POST_MONSOON,10 -> 11,ZERO_BASED_TO_CALENDAR,HIGH
21,2013,10,11,POST_MONSOON,10 -> 11,ZERO_BASED_TO_CALENDAR,HIGH
22,2013,10,11,POST_MONSOON,10 -> 11,ZERO_BASED_TO_CALENDAR,HIGH
23,2013,10,11,POST_MONSOON,10 -> 11,ZERO_BASED_TO_CALENDAR,HIGH
24,2013,10,11,POST_MONSOON,10 -> 11,ZERO_BASED_TO_CALENDAR,HIGH
25,2013,10,11,POST_MONSOON,10 -> 11,ZERO_BASED_TO_CALENDAR,HIGH
26,2013,10,11,POST_MONSOON,10 -> 11,ZERO_BASED_TO_CALENDAR,HIGH
27,2013,10,11,POST_MONSOON,10 -> 11,ZERO_BASED_TO_CALENDAR,HIGH
28,2013,10,11,POST_MONSOON,10 -> 11,ZERO_BASED_TO_CALENDAR,HIGH
29,2013,10,11,POST_MONSOON,10 -> 11,ZERO_BASED_TO_CALENDAR,HIGH
30,2013,10,11,POST_MONSOON,10 -> 11,ZERO_BASED_TO_CALENDAR,HIGH
31,2013,10,11,POST_MONSOON,10 -> 11,ZERO_BASED_TO_CALENDAR,HIGH
32,2013,10,11,POST_MONSOON,10 -> 11,ZERO_BASED_TO_CALENDAR,HIGH
33,2013,10,11,POST_MONSOON,10 -> 11,ZERO_BASED_TO_CALENDAR,HIGH
34,2013,10,11,POST_MONSOON,10 -> 11,ZERO_BASED_TO_CALENDAR,HIGH
35,2013,10,11,POST_MONSOON,10 -> 11,ZERO_BASED_TO_CALENDAR,HIGH
0,2013,9,10,POST_MONSOON,9 -> 10,ZERO_BASED_TO_CALENDAR,HIGH
1,2013,9,10,POST_MONSOON,9 -> 10,ZERO_BASED_TO_CALENDAR,HIGH
2,2013,9,10,POST_MONSOON,9 -> 10,ZERO_BASED_TO_CALENDAR,HIGH
3,2013,9,10,POST_MONSOON,9 -> 10,ZERO_BASED_TO_CALENDAR,HIGH
4,2013,9,10,POST_MONSOON,9 -> 10,ZERO_BASED_TO_CALENDAR,HIGH
5,2013,9,10,POST_MONSOON,9 -> 10,ZERO_BASED_TO_CALENDAR,HIGH
6,2013,9,10,POST_MONSOON,9 -> 10,ZERO_BASED_TO_CALENDAR,HIGH
7,2013,9,10,POST_MONSOON,9 -> 10,ZERO_BASED_TO_CALENDAR,HIGH
8,2013,9,10,POST_MONSOON,9 -> 10,ZERO_BASED_TO_CALENDAR,HIGH
9,2013,9,10,POST_MONSOON,9 -> 10,ZERO_BASED_TO_CALENDAR,HIGH
10,2013,9,10,POST_MONSOON,9 -> 10,ZERO_BASED_TO_CALENDAR,HIGH
11,2013,9,10,POST_MONSOON,9 -> 10,ZERO_BASED_TO_CALENDAR,HIGH
12,2013,9,10,POST_MONSOON,9 -> 10,ZERO_BASED_TO_CALENDAR,HIGH
13,2013,9,10,POST_MONSOON,9 -> 10,ZERO_BASED_TO_CALENDAR,HIGH
14,2013,9,10,POST_MONSOON,9 -> 10,ZERO_BASED_TO_CALENDAR,HIGH
15,2013,9,10,POST_MONSOON,9 -> 10,ZERO_BASED_TO_CALENDAR,HIGH
16,2013,9,10,POST_MONSOON,9 -> 10,ZERO_BASED_TO_CALENDAR,HIGH
17,2013,9,10,POST_MONSOON,9 -> 10,ZERO_BASED_TO_CALENDAR,HIGH
18,2013,9,10,POST_MONSOON,9 -> 10,ZERO_BASED_TO_CALENDAR,HIGH
19,2013,9,10,POST_MONSOON,9 -> 10,ZERO_BASED_TO_CALENDAR,HIGH
20,2013,9,10,POST_MONSOON,9 -> 10,ZERO_BASED_TO_CALENDAR,HIGH
21,2013,9,10,POST_MONSOON,9 -> 10,ZERO_BASED_TO_CALENDAR,HIGH
22,2013,9,10,POST_MONSOON,9 -> 10,ZERO_BASED_TO_CALENDAR,HIGH
23,2013,9,10,POST_MONSOON,9 -> 10,ZERO_BASED_TO_CALENDAR,HIGH
24,2013,9,10,POST_MONSOON,9 -> 10,ZERO_BASED_TO_CALENDAR,HIGH
25,2013,9,10,POST_MONSOON,9 -> 10,ZERO_BASED_TO_CALENDAR,HIGH
26,2013,9,10,POST_MONSOON,9 -> 10,ZERO_BASED_TO_CALENDAR,HIGH
27,2013,9,10,POST_MONSOON,9 -> 10,ZERO_BASED_TO_CALENDAR,HIGH
28,2013,9,10,POST_MONSOON,9 -> 10,ZERO_BASED_TO_CALENDAR,HIGH
29,2013,9,10,POST_MONSOON,9 -> 10,ZERO_BASED_TO_CALENDAR,HIGH
30,2013,9,10,POST_MONSOON,9 -> 10,ZERO_BASED_TO_CALENDAR,HIGH
31,2013,9,10,POST_MONSOON,9 -> 10,ZERO_BASED_TO_CALENDAR,HIGH
32,2013,9,10,POST_MONSOON,9 -> 10,ZERO_BASED_TO_CALENDAR,HIGH
33,2013,9,10,POST_MONSOON,9 -> 10,ZERO_BASED_TO_CALENDAR,HIGH
34,2013,9,10,POST_MONSOON,9 -> 10,ZERO_BASED_TO_CALENDAR,HIGH
35,2013,9,10,POST_MONSOON,9 -> 10,ZERO_BASED_TO_CALENDAR,HIGH
0,2013,2,3,PRE_MONSOON,2 -> 3,ZERO_BASED_TO_CALENDAR,HIGH
1,2013,2,3,PRE_MONSOON,2 -> 3,ZERO_BASED_TO_CALENDAR,HIGH
2,2013,2,3,PRE_MONSOON,2 -> 3,ZERO_BASED_TO_CALENDAR,HIGH
3,2013,2,3,PRE_MONSOON,2 -> 3,ZERO_BASED_TO_CALENDAR,HIGH
4,2013,2,3,PRE_MONSOON,2 -> 3,ZERO_BASED_TO_CALENDAR,HIGH
5,2013,2,3,PRE_MONSOON,2 -> 3,ZERO_BASED_TO_CALENDAR,HIGH
6,2013,2,3,PRE_MONSOON,2 -> 3,ZERO_BASED_TO_CALENDAR,HIGH
7,2013,2,3,PRE_MONSOON,2 -> 3,ZERO_BASED_TO_CALENDAR,HIGH
8,2013,2,3,PRE_MONSOON,2 -> 3,ZERO_BASED_TO_CALENDAR,HIGH
9,2013,2,3,PRE_MONSOON,2 -> 3,ZERO_BASED_TO_CALENDAR,HIGH
10,2013,2,3,PRE_MONSOON,2 -> 3,ZERO_BASED_TO_CALENDAR,HIGH
11,2013,2,3,PRE_MONSOON,2 -> 3,ZERO_BASED_TO_CALENDAR,HIGH
12,2013,2,3,PRE_MONSOON,2 -> 3,ZERO_BASED_TO_CALENDAR,HIGH
13,2013,2,3,PRE_MONSOON,2 -> 3,ZERO_BASED_TO_CALENDAR,HIGH
14,2013,2,3,PRE_MONSOON,2 -> 3,ZERO_BASED_TO_CALENDAR,HIGH
15,2013,2,3,PRE_MONSOON,2 -> 3,ZERO_BASED_TO_CALENDAR,HIGH
16,2013,2,3,PRE_MONSOON,2 -> 3,ZERO_BASED_TO_CALENDAR,HIGH
17,2013,2,3,PRE_MONSOON,2 -> 3,ZERO_BASED_TO_CALENDAR,HIGH
18,2013,2,3,PRE_MONSOON,2 -> 3,ZERO_BASED_TO_CALENDAR,HIGH
19,2013,2,3,PRE_MONSOON,2 -> 3,ZERO_BASED_TO_CALENDAR,HIGH
20,2013,2,3,PRE_MONSOON,2 -> 3,ZERO_BASED_TO_CALENDAR,HIGH
21,2013,2,3,PRE_MONSOON,2 -> 3,ZERO_BASED_TO_CALENDAR,HIGH
22,2013,2,3,PRE_MONSOON,2 -> 3,ZERO_BASED_TO_CALENDAR,HIGH
23,2013,2,3,PRE_MONSOON,2 -> 3,ZERO_BASED_TO_CALENDAR,HIGH
24,2013,2,3,PRE_MONSOON,2 -> 3,ZERO_BASED_TO_CALENDAR,HIGH
25,2013,2,3,PRE_MONSOON,2 -> 3,ZERO_BASED_TO_CALENDAR,HIGH
26,2013,2,3,PRE_MONSOON,2 -> 3,ZERO_BASED_TO_CALENDAR,HIGH
27,2013,2,3,PRE_MONSOON,2 -> 3,ZERO_BASED_TO_CALENDAR,HIGH
28,2013,2,3,PRE_MONSOON,2 -> 3,ZERO_BASED_TO_CALENDAR,HIGH
29,2013,2,3,PRE_MONSOON,2 -> 3,ZERO_BASED_TO_CALENDAR,HIGH
30,2013,2,3,PRE_MONSOON,2 -> 3,ZERO_BASED_TO_CALENDAR,HIGH
31,2013,2,3,PRE_MONSOON,2 -> 3,ZERO_BASED_TO_CALENDAR,HIGH
32,2013,2,3,PRE_MONSOON,2 -> 3,ZERO_BASED_TO_CALENDAR,HIGH
33,2013,2,3,PRE_MONSOON,2 -> 3,ZERO_BASED_TO_CALENDAR,HIGH
34,2013,2,3,PRE_MONSOON,2 -> 3,ZERO_BASED_TO_CALENDAR,HIGH
35,2013,2,3,PRE_MONSOON,2 -> 3,ZERO_BASED_TO_CALENDAR,HIGH
0,2014,4,5,PRE_MONSOON,4 -> 5,ZERO_BASED_TO_CALENDAR,HIGH
1,2014,4,5,PRE_MONSOON,4 -> 5,ZERO_BASED_TO_CALENDAR,HIGH
2,2014,4,5,PRE_MONSOON,4 -> 5,ZERO_BASED_TO_CALENDAR,HIGH
3,2014,4,5,PRE_MONSOON,4 -> 5,ZERO_BASED_TO_CALENDAR,HIGH
4,2014,4,5,PRE_MONSOON,4 -> 5,ZERO_BASED_TO_CALENDAR,HIGH
5,2014,4,5,PRE_MONSOON,4 -> 5,ZERO_BASED_TO_CALENDAR,HIGH
6,2014,4,5,PRE_MONSOON,4 -> 5,ZERO_BASED_TO_CALENDAR,HIGH
7,2014,4,5,PRE_MONSOON,4 -> 5,ZERO_BASED_TO_CALENDAR,HIGH
8,2014,4,5,PRE_MONSOON,4 -> 5,ZERO_BASED_TO_CALENDAR,HIGH
9,2014,4,5,PRE_MONSOON,4 -> 5,ZERO_BASED_TO_CALENDAR,HIGH
10,2014,4,5,PRE_MONSOON,4 -> 5,ZERO_BASED_TO_CALENDAR,HIGH
11,2014,4,5,PRE_MONSOON,4 -> 5,ZERO_BASED_TO_CALENDAR,HIGH
12,2014,4,5,PRE_MONSOON,4 -> 5,ZERO_BASED_TO_CALENDAR,HIGH
13,2014,4,5,PRE_MONSOON,4 -> 5,ZERO_BASED_TO_CALENDAR,HIGH
14,2014,4,5,PRE_MONSOON,4 -> 5,ZERO_BASED_TO_CALENDAR,HIGH
15,2014,4,5,PRE_MONSOON,4 -> 5,ZERO_BASED_TO_CALENDAR,HIGH
16,2014,4,5,PRE_MONSOON,4 -> 5,ZERO_BASED_TO_CALENDAR,HIGH
17,2014,4,5,PRE_MONSOON,4 -> 5,ZERO_BASED_TO_CALENDAR,HIGH
18,2014,4,5,PRE_MONSOON,4 -> 5,ZERO_BASED_TO_CALENDAR,HIGH
19,2014,4,5,PRE_MONSOON,4 -> 5,ZERO_BASED_TO_CALENDAR,HIGH
20,2014,4,5,PRE_MONSOON,4 -> 5,ZERO_BASED_TO_CALENDAR,HIGH
21,2014,4,5,PRE_MONSOON,4 -> 5,ZERO_BASED_TO_CALENDAR,HIGH
22,2014,4,5,PRE_MONSOON,4 -> 5,ZERO_BASED_TO_CALENDAR,HIGH
23,2014,4,5,PRE_MONSOON,4 -> 5,ZERO_BASED_TO_CALENDAR,HIGH
24,2014,4,5,PRE_MONSOON,4 -> 5,ZERO_BASED_TO_CALENDAR,HIGH
25,2014,4,5,PRE_MONSOON,4 -> 5,ZERO_BASED_TO_CALENDAR,HIGH
26,2014,4,5,PRE_MONSOON,4 -> 5,ZERO_BASED_TO_CALENDAR,HIGH
27,2014,4,5,PRE_MONSOON,4 -> 5,ZERO_BASED_TO_CALENDAR,HIGH
28,2014,4,5,PRE_MONSOON,4 -> 5,ZERO_BASED_TO_CALENDAR,HIGH
29,2014,4,5,PRE_MONSOON,4 -> 5,ZERO_BASED_TO_CALENDAR,HIGH
30,2014,4,5,PRE_MONSOON,4 -> 5,ZERO_BASED_TO_CALENDAR,HIGH
31,2014,4,5,PRE_MONSOON,4 -> 5,ZERO_BASED_TO_CALENDAR,HIGH
32,2014,4,5,PRE_MONSOON,4 -> 5,ZERO_BASED_TO_CALENDAR,HIGH
33,2014,4,5,PRE_MONSOON,4 -> 5,ZERO_BASED_TO_CALENDAR,HIGH
34,2014,4,5,PRE_MONSOON,4 -> 5,ZERO_BASED_TO_CALENDAR,HIGH
35,2014,4,5,PRE_MONSOON,4 -> 5,ZERO_BASED_TO_CALENDAR,HIGH
0,2014,3,4,PRE_MONSOON,3 -> 4,ZERO_BASED_TO_CALENDAR,HIGH
1,2014,3,4,PRE_MONSOON,3 -> 4,ZERO_BASED_TO_CALENDAR,HIGH
2,2014,3,4,PRE_MONSOON,3 -> 4,ZERO_BASED_TO_CALENDAR,HIGH
3,2014,3,4,PRE_MONSOON,3 -> 4,ZERO_BASED_TO_CALENDAR,HIGH
4,2014,3,4,PRE_MONSOON,3 -> 4,ZERO_BASED_TO_CALENDAR,HIGH
5,2014,3,4,PRE_MONSOON,3 -> 4,ZERO_BASED_TO_CALENDAR,HIGH
6,2014,3,4,PRE_MONSOON,3 -> 4,ZERO_BASED_TO_CALENDAR,HIGH
7,2014,3,4,PRE_MONSOON,3 -> 4,ZERO_BASED_TO_CALENDAR,HIGH
8,2014,3,4,PRE_MONSOON,3 -> 4,ZERO_BASED_TO_CALENDAR,HIGH
9,2014,3,4,PRE_MONSOON,3 -> 4,ZERO_BASED_TO_CALENDAR,HIGH
10,2014,3,4,PRE_MONSOON,3 -> 4,ZERO_BASED_TO_CALENDAR,HIGH
11,2014,3,4,PRE_MONSOON,3 -> 4,ZERO_BASED_TO_CALENDAR,HIGH
12,2014,3,4,PRE_MONSOON,3 -> 4,ZERO_BASED_TO_CALENDAR,HIGH
13,2014,3,4,PRE_MONSOON,3 -> 4,ZERO_BASED_TO_CALENDAR,HIGH
14,2014,3,4,PRE_MONSOON,3 -> 4,ZERO_BASED_TO_CALENDAR,HIGH
15,2014,3,4,PRE_MONSOON,3 -> 4,ZERO_BASED_TO_CALENDAR,HIGH
16,2014,3,4,PRE_MONSOON,3 -> 4,ZERO_BASED_TO_CALENDAR,HIGH
17,2014,3,4,PRE_MONSOON,3 -> 4,ZERO_BASED_TO_CALENDAR,HIGH
18,2014,3,4,PRE_MONSOON,3 -> 4,ZERO_BASED_TO_CALENDAR,HIGH
19,2014,3,4,PRE_MONSOON,3 -> 4,ZERO_BASED_TO_CALENDAR,HIGH
20,2014,3,4,PRE_MONSOON,3 -> 4,ZERO_BASED_TO_CALENDAR,HIGH
21,2014,3,4,PRE_MONSOON,3 -> 4,ZERO_BASED_TO_CALENDAR,HIGH
22,2014,3,4,PRE_MONSOON,3 -> 4,ZERO_BASED_TO_CALENDAR,HIGH
23,2014,3,4,PRE_MONSOON,3 -> 4,ZERO_BASED_TO_CALENDAR,HIGH
24,2014,3,4,PRE_MONSOON,3 -> 4,ZERO_BASED_TO_CALENDAR,HIGH
25,2014,3,4,PRE_MONSOON,3 -> 4,ZERO_BASED_TO_CALENDAR,HIGH
26,2014,3,4,PRE_MONSOON,3 -> 4,ZERO_BASED_TO_CALENDAR,HIGH
27,2014,3,4,PRE_MONSOON,3 -> 4,ZERO_BASED_TO_CALENDAR,HIGH
28,2014,3,4,PRE_MONSOON,3 -> 4,ZERO_BASED_TO_CALENDAR,HIGH
29,2014,3,4,PRE_MONSOON,3 -> 4,ZERO_BASED_TO_CALENDAR,HIGH
30,2014,3,4,PRE_MONSOON,3 -> 4,ZERO_BASED_TO_CALENDAR,HIGH
31,2014,3,4,PRE_MONSOON,3 -> 4,ZERO_BASED_TO_CALENDAR,HIGH
32,2014,3,4,PRE_MONSOON,3 -> 4,ZERO_BASED_TO_CALENDAR,HIGH
33,2014,3,4,PRE_MONSOON,3 -> 4,ZERO_BASED_TO_CALENDAR,HIGH
34,2014,3,4,PRE_MONSOON,3 -> 4,ZERO_BASED_TO_CALENDAR,HIGH
35,2014,3,4,PRE_MONSOON,3 -> 4,ZERO_BASED_TO_CALENDAR,HIGH
0,2014,7,8,MONSOON,7 -> 8,ZERO_BASED_TO_CALENDAR,HIGH
1,2014,7,8,MONSOON,7 -> 8,ZERO_BASED_TO_CALENDAR,HIGH
2,2014,7,8,MONSOON,7 -> 8,ZERO_BASED_TO_CALENDAR,HIGH
3,2014,7,8,MONSOON,7 -> 8,ZERO_BASED_TO_CALENDAR,HIGH
4,2014,7,8,MONSOON,7 -> 8,ZERO_BASED_TO_CALENDAR,HIGH
5,2014,7,8,MONSOON,7 -> 8,ZERO_BASED_TO_CALENDAR,HIGH
6,2014,7,8,MONSOON,7 -> 8,ZERO_BASED_TO_CALENDAR,HIGH
7,2014,7,8,MONSOON,7 -> 8,ZERO_BASED_TO_CALENDAR,HIGH
8,2014,7,8,MONSOON,7 -> 8,ZERO_BASED_TO_CALENDAR,HIGH
9,2014,7,8,MONSOON,7 -> 8,ZERO_BASED_TO_CALENDAR,HIGH
10,2014,7,8,MONSOON,7 -> 8,ZERO_BASED_TO_CALENDAR,HIGH
11,2014,7,8,MONSOON,7 -> 8,ZERO_BASED_TO_CALENDAR,HIGH
12,2014,7,8,MONSOON,7 -> 8,ZERO_BASED_TO_CALENDAR,HIGH
13,2014,7,8,MONSOON,7 -> 8,ZERO_BASED_TO_CALENDAR,HIGH
14,2014,7,8,MONSOON,7 -> 8,ZERO_BASED_TO_CALENDAR,HIGH
15,2014,7,8,MONSOON,7 -> 8,ZERO_BASED_TO_CALENDAR,HIGH
16,2014,7,8,MONSOON,7 -> 8,ZERO_BASED_TO_CALENDAR,HIGH
17,2014,7,8,MONSOON,7 -> 8,ZERO_BASED_TO_CALENDAR,HIGH
18,2014,7,8,MONSOON,7 -> 8,ZERO_BASED_TO_CALENDAR,HIGH
19,2014,7,8,MONSOON,7 -> 8,ZERO_BASED_TO_CALENDAR,HIGH
20,2014,7,8,MONSOON,7 -> 8,ZERO_BASED_TO_CALENDAR,HIGH
21,2014,7,8,MONSOON,7 -> 8,ZERO_BASED_TO_CALENDAR,HIGH
22,2014,7,8,MONSOON,7 -> 8,ZERO_BASED_TO_CALENDAR,HIGH
23,2014,7,8,MONSOON,7 -> 8,ZERO_BASED_TO_CALENDAR,HIGH
24,2014,7,8,MONSOON,7 -> 8,ZERO_BASED_TO_CALENDAR,HIGH
25,2014,7,8,MONSOON,7 -> 8,ZERO_BASED_TO_CALENDAR,HIGH
26,2014,7,8,MONSOON,7 -> 8,ZERO_BASED_TO_CALENDAR,HIGH
27,2014,7,8,MONSOON,7 -> 8,ZERO_BASED_TO_CALENDAR,HIGH
28,2014,7,8,MONSOON,7 -> 8,ZERO_BASED_TO_CALENDAR,HIGH
29,2014,7,8,MONSOON,7 -> 8,ZERO_BASED_TO_CALENDAR,HIGH
30,2014,7,8,MONSOON,7 -> 8,ZERO_BASED_TO_CALENDAR,HIGH
31,2014,7,8,MONSOON,7 -> 8,ZERO_BASED_TO_CALENDAR,HIGH
32,2014,7,8,MONSOON,7 -> 8,ZERO_BASED_TO_CALENDAR,HIGH
33,2014,7,8,MONSOON,7 -> 8,ZERO_BASED_TO_CALENDAR,HIGH
34,2014,7,8,MONSOON,7 -> 8,ZERO_BASED_TO_CALENDAR,HIGH
35,2014,7,8,MONSOON,7 -> 8,ZERO_BASED_TO_CALENDAR,HIGH
0,2014,0,1,WINTER,0 -> 1,ZERO_BASED_TO_CALENDAR,HIGH
1,2014,0,1,WINTER,0 -> 1,ZERO_BASED_TO_CALENDAR,HIGH
2,2014,0,1,WINTER,0 -> 1,ZERO_BASED_TO_CALENDAR,HIGH
3,2014,0,1,WINTER,0 -> 1,ZERO_BASED_TO_CALENDAR,HIGH
4,2014,0,1,WINTER,0 -> 1,ZERO_BASED_TO_CALENDAR,HIGH
5,2014,0,1,WINTER,0 -> 1,ZERO_BASED_TO_CALENDAR,HIGH
6,2014,0,1,WINTER,0 -> 1,ZERO_BASED_TO_CALENDAR,HIGH
7,2014,0,1,WINTER,0 -> 1,ZERO_BASED_TO_CALENDAR,HIGH
8,2014,0,1,WINTER,0 -> 1,ZERO_BASED_TO_CALENDAR,HIGH
9,2014,0,1,WINTER,0 -> 1,ZERO_BASED_TO_CALENDAR,HIGH
10,2014,0,1,WINTER,0 -> 1,ZERO_BASED_TO_CALENDAR,HIGH
11,2014,0,1,WINTER,0 -> 1,ZERO_BASED_TO_CALENDAR,HIGH
12,2014,0,1,WINTER,0 -> 1,ZERO_BASED_TO_CALENDAR,HIGH
13,2014,0,1,WINTER,0 -> 1,ZERO_BASED_TO_CALENDAR,HIGH
14,2014,0,1,WINTER,0 -> 1,ZERO_BASED_TO_CALENDAR,HIGH
15,2014,0,1,WINTER,0 -> 1,ZERO_BASED_TO_CALENDAR,HIGH
16,2014,0,1,WINTER,0 -> 1,ZERO_BASED_TO_CALENDAR,HIGH
17,2014,0,1,WINTER,0 -> 1,ZERO_BASED_TO_CALENDAR,HIGH
18,2014,0,1,WINTER,0 -> 1,ZERO_BASED_TO_CALENDAR,HIGH
19,2014,0,1,WINTER,0 -> 1,ZERO_BASED_TO_CALENDAR,HIGH
20,2014,0,1,WINTER,0 -> 1,ZERO_BASED_TO_CALENDAR,HIGH
21,2014,0,1,WINTER,0 -> 1,ZERO_BASED_TO_CALENDAR,HIGH
22,2014,0,1,WINTER,0 -> 1,ZERO_BASED_TO_CALENDAR,HIGH
23,2014,0,1,WINTER,0 -> 1,ZERO_BASED_TO_CALENDAR,HIGH
24,2014,0,1,WINTER,0 -> 1,ZERO_BASED_TO_CALENDAR,HIGH
25,2014,0,1,WINTER,0 -> 1,ZERO_BASED_TO_CALENDAR,HIGH
26,2014,0,1,WINTER,0 -> 1,ZERO_BASED_TO_CALENDAR,HIGH
27,2014,0,1,WINTER,0 -> 1,ZERO_BASED_TO_CALENDAR,HIGH
28,2014,0,1,WINTER,0 -> 1,ZERO_BASED_TO_CALENDAR,HIGH
29,2014,0,1,WINTER,0 -> 1,ZERO_BASED_TO_CALENDAR,HIGH
30,2014,0,1,WINTER,0 -> 1,ZERO_BASED_TO_CALENDAR,HIGH
31,2014,0,1,WINTER,0 -> 1,ZERO_BASED_TO_CALENDAR,HIGH
32,2014,0,1,WINTER,0 -> 1,ZERO_BASED_TO_CALENDAR,HIGH
33,2014,0,1,WINTER,0 -> 1,ZERO_BASED_TO_CALENDAR,HIGH
34,2014,0,1,WINTER,0 -> 1,ZERO_BASED_TO_CALENDAR,HIGH
35,2014,0,1,WINTER,0 -> 1,ZERO_BASED_TO_CALENDAR,HIGH
0,2014,8,9,MONSOON,8 -> 9,ZERO_BASED_TO_CALENDAR,HIGH
1,2014,8,9,MONSOON,8 -> 9,ZERO_BASED_TO_CALENDAR,HIGH
2,2014,8,9,MONSOON,8 -> 9,ZERO_BASED_TO_CALENDAR,HIGH
3,2014,8,9,MONSOON,8 -> 9,ZERO_BASED_TO_CALENDAR,HIGH
4,2014,8,9,MONSOON,8 -> 9,ZERO_BASED_TO_CALENDAR,HIGH
5,2014,8,9,MONSOON,8 -> 9,ZERO_BASED_TO_CALENDAR,HIGH
6,2014,8,9,MONSOON,8 -> 9,ZERO_BASED_TO_CALENDAR,HIGH
7,2014,8,9,MONSOON,8 -> 9,ZERO_BASED_TO_CALENDAR,HIGH
8,2014,8,9,MONSOON,8 -> 9,ZERO_BASED_TO_CALENDAR,HIGH
9,2014,8,9,MONSOON,8 -> 9,ZERO_BASED_TO_CALENDAR,HIGH
10,2014,8,9,MONSOON,8 -> 9,ZERO_BASED_TO_CALENDAR,HIGH
11,2014,8,9,MONSOON,8 -> 9,ZERO_BASED_TO_CALENDAR,HIGH
12,2014,8,9,MONSOON,8 -> 9,ZERO_BASED_TO_CALENDAR,HIGH
13,2014,8,9,MONSOON,8 -> 9,ZERO_BASED_TO_CALENDAR,HIGH
14,2014,8,9,MONSOON,8 -> 9,ZERO_BASED_TO_CALENDAR,HIGH
15,2014,8,9,MONSOON,8 -> 9,ZERO_BASED_TO_CALENDAR,HIGH
16,2014,8,9,MONSOON,8 -> 9,ZERO_BASED_TO_CALENDAR,HIGH
17,2014,8,9,MONSOON,8 -> 9,ZERO_BASED_TO_CALENDAR,HIGH
18,2014,8,9,MONSOON,8 -> 9,ZERO_BASED_TO_CALENDAR,HIGH
19,2014,8,9,MONSOON,8 -> 9,ZERO_BASED_TO_CALENDAR,HIGH
20,2014,8,9,MONSOON,8 -> 9,ZERO_BASED_TO_CALENDAR,HIGH
21,2014,8,9,MONSOON,8 -> 9,ZERO_BASED_TO_CALENDAR,HIGH
22,2014,8,9,MONSOON,8 -> 9,ZERO_BASED_TO_CALENDAR,HIGH
23,2014,8,9,MONSOON,8 -> 9,ZERO_BASED_TO_CALENDAR,HIGH
24,2014,8,9,MONSOON,8 -> 9,ZERO_BASED_TO_CALENDAR,HIGH
25,2014,8,9,MONSOON,8 -> 9,ZERO_BASED_TO_CALENDAR,HIGH
26,2014,8,9,MONSOON,8 -> 9,ZERO_BASED_TO_CALENDAR,HIGH
27,2014,8,9,MONSOON,8 -> 9,ZERO_BASED_TO_CALENDAR,HIGH
28,2014,8,9,MONSOON,8 -> 9,ZERO_BASED_TO_CALENDAR,HIGH
29,2014,8,9,MONSOON,8 -> 9,ZERO_BASED_TO_CALENDAR,HIGH
30,2014,8,9,MONSOON,8 -> 9,ZERO_BASED_TO_CALENDAR,HIGH
31,2014,8,9,MONSOON,8 -> 9,ZERO_BASED_TO_CALENDAR,HIGH
32,2014,8,9,MONSOON,8 -> 9,ZERO_BASED_TO_CALENDAR,HIGH
33,2014,8,9,MONSOON,8 -> 9,ZERO_BASED_TO_CALENDAR,HIGH
34,2014,8,9,MONSOON,8 -> 9,ZERO_BASED_TO_CALENDAR,HIGH
35,2014,8,9,MONSOON,8 -> 9,ZERO_BASED_TO_CALENDAR,HIGH
0,2014,6,7,MONSOON,6 -> 7,ZERO_BASED_TO_CALENDAR,HIGH
1,2014,6,7,MONSOON,6 -> 7,ZERO_BASED_TO_CALENDAR,HIGH
2,2014,6,7,MONSOON,6 -> 7,ZERO_BASED_TO_CALENDAR,HIGH
3,2014,6,7,MONSOON,6 -> 7,ZERO_BASED_TO_CALENDAR,HIGH
4,2014,6,7,MONSOON,6 -> 7,ZERO_BASED_TO_CALENDAR,HIGH
5,2014,6,7,MONSOON,6 -> 7,ZERO_BASED_TO_CALENDAR,HIGH
6,2014,6,7,MONSOON,6 -> 7,ZERO_BASED_TO_CALENDAR,HIGH
7,2014,6,7,MONSOON,6 -> 7,ZERO_BASED_TO_CALENDAR,HIGH
8,2014,6,7,MONSOON,6 -> 7,ZERO_BASED_TO_CALENDAR,HIGH
9,2014,6,7,MONSOON,6 -> 7,ZERO_BASED_TO_CALENDAR,HIGH
10,2014,6,7,MONSOON,6 -> 7,ZERO_BASED_TO_CALENDAR,HIGH
11,2014,6,7,MONSOON,6 -> 7,ZERO_BASED_TO_CALENDAR,HIGH
12,2014,6,7,MONSOON,6 -> 7,ZERO_BASED_TO_CALENDAR,HIGH
13,2014,6,7,MONSOON,6 -> 7,ZERO_BASED_TO_CALENDAR,HIGH
14,2014,6,7,MONSOON,6 -> 7,ZERO_BASED_TO_CALENDAR,HIGH
15,2014,6,7,MONSOON,6 -> 7,ZERO_BASED_TO_CALENDAR,HIGH
16,2014,6,7,MONSOON,6 -> 7,ZERO_BASED_TO_CALENDAR,HIGH
17,2014,6,7,MONSOON,6 -> 7,ZERO_BASED_TO_CALENDAR,HIGH
18,2014,6,7,MONSOON,6 -> 7,ZERO_BASED_TO_CALENDAR,HIGH
19,2014,6,7,MONSOON,6 -> 7,ZERO_BASED_TO_CALENDAR,HIGH
20,2014,6,7,MONSOON,6 -> 7,ZERO_BASED_TO_CALENDAR,HIGH
21,2014,6,7,MONSOON,6 -> 7,ZERO_BASED_TO_CALENDAR,HIGH
22,2014,6,7,MONSOON,6 -> 7,ZERO_BASED_TO_CALENDAR,HIGH
23,2014,6,7,MONSOON,6 -> 7,ZERO_BASED_TO_CALENDAR,HIGH
24,2014,6,7,MONSOON,6 -> 7,ZERO_BASED_TO_CALENDAR,HIGH
25,2014,6,7,MONSOON,6 -> 7,ZERO_BASED_TO_CALENDAR,HIGH
26,2014,6,7,MONSOON,6 -> 7,ZERO_BASED_TO_CALENDAR,HIGH
27,2014,6,7,MONSOON,6 -> 7,ZERO_BASED_TO_CALENDAR,HIGH
28,2014,6,7,MONSOON,6 -> 7,ZERO_BASED_TO_CALENDAR,HIGH
29,2014,6,7,MONSOON,6 -> 7,ZERO_BASED_TO_CALENDAR,HIGH
30,2014,6,7,MONSOON,6 -> 7,ZERO_BASED_TO_CALENDAR,HIGH
31,2014,6,7,MONSOON,6 -> 7,ZERO_BASED_TO_CALENDAR,HIGH
32,2014,6,7,MONSOON,6 -> 7,ZERO_BASED_TO_CALENDAR,HIGH
33,2014,6,7,MONSOON,6 -> 7,ZERO_BASED_TO_CALENDAR,HIGH
34,2014,6,7,MONSOON,6 -> 7,ZERO_BASED_TO_CALENDAR,HIGH
35,2014,6,7,MONSOON,6 -> 7,ZERO_BASED_TO_CALENDAR,HIGH
0,2014,5,6,MONSOON,5 -> 6,ZERO_BASED_TO_CALENDAR,HIGH
1,2014,5,6,MONSOON,5 -> 6,ZERO_BASED_TO_CALENDAR,HIGH
2,2014,5,6,MONSOON,5 -> 6,ZERO_BASED_TO_CALENDAR,HIGH
3,2014,5,6,MONSOON,5 -> 6,ZERO_BASED_TO_CALENDAR,HIGH
4,2014,5,6,MONSOON,5 -> 6,ZERO_BASED_TO_CALENDAR,HIGH
5,2014,5,6,MONSOON,5 -> 6,ZERO_BASED_TO_CALENDAR,HIGH
6,2014,5,6,MONSOON,5 -> 6,ZERO_BASED_TO_CALENDAR,HIGH
7,2014,5,6,MONSOON,5 -> 6,ZERO_BASED_TO_CALENDAR,HIGH
8,2014,5,6,MONSOON,5 -> 6,ZERO_BASED_TO_CALENDAR,HIGH
9,2014,5,6,MONSOON,5 -> 6,ZERO_BASED_TO_CALENDAR,HIGH
10,2014,5,6,MONSOON,5 -> 6,ZERO_BASED_TO_CALENDAR,HIGH
11,2014,5,6,MONSOON,5 -> 6,ZERO_BASED_TO_CALENDAR,HIGH
12,2014,5,6,MONSOON,5 -> 6,ZERO_BASED_TO_CALENDAR,HIGH
13,2014,5,6,MONSOON,5 -> 6,ZERO_BASED_TO_CALENDAR,HIGH
14,2014,5,6,MONSOON,5 -> 6,ZERO_BASED_TO_CALENDAR,HIGH
15,2014,5,6,MONSOON,5 -> 6,ZERO_BASED_TO_CALENDAR,HIGH
16,2014,5,6,MONSOON,5 -> 6,ZERO_BASED_TO_CALENDAR,HIGH
17,2014,5,6,MONSOON,5 -> 6,ZERO_BASED_TO_CALENDAR,HIGH
18,2014,5,6,MONSOON,5 -> 6,ZERO_BASED_TO_CALENDAR,HIGH
19,2014,5,6,MONSOON,5 -> 6,ZERO_BASED_TO_CALENDAR,HIGH
20,2014,5,6,MONSOON,5 -> 6,ZERO_BASED_TO_CALENDAR,HIGH
21,2014,5,6,MONSOON,5 -> 6,ZERO_BASED_TO_CALENDAR,HIGH
22,2014,5,6,MONSOON,5 -> 6,ZERO_BASED_TO_CALENDAR,HIGH
23,2014,5,6,MONSOON,5 -> 6,ZERO_BASED_TO_CALENDAR,HIGH
24,2014,5,6,MONSOON,5 -> 6,ZERO_BASED_TO_CALENDAR,HIGH
25,2014,5,6,MONSOON,5 -> 6,ZERO_BASED_TO_CALENDAR,HIGH
26,2014,5,6,MONSOON,5 -> 6,ZERO_BASED_TO_CALENDAR,HIGH
27,2014,5,6,MONSOON,5 -> 6,ZERO_BASED_TO_CALENDAR,HIGH
28,2014,5,6,MONSOON,5 -> 6,ZERO_BASED_TO_CALENDAR,HIGH
29,2014,5,6,MONSOON,5 -> 6,ZERO_BASED_TO_CALENDAR,HIGH
30,2014,5,6,MONSOON,5 -> 6,ZERO_BASED_TO_CALENDAR,HIGH
31,2014,5,6,MONSOON,5 -> 6,ZERO_BASED_TO_CALENDAR,HIGH
32,2014,5,6,MONSOON,5 -> 6,ZERO_BASED_TO_CALENDAR,HIGH
33,2014,5,6,MONSOON,5 -> 6,ZERO_BASED_TO_CALENDAR,HIGH
34,2014,5,6,MONSOON,5 -> 6,ZERO_BASED_TO_CALENDAR,HIGH
35,2014,5,6,MONSOON,5 -> 6,ZERO_BASED_TO_CALENDAR,HIGH
0,2014,1,2,WINTER,1 -> 2,ZERO_BASED_TO_CALENDAR,HIGH
1,2014,1,2,WINTER,1 -> 2,ZERO_BASED_TO_CALENDAR,HIGH
2,2014,1,2,WINTER,1 -> 2,ZERO_BASED_TO_CALENDAR,HIGH
3,2014,1,2,WINTER,1 -> 2,ZERO_BASED_TO_CALENDAR,HIGH
4,2014,1,2,WINTER,1 -> 2,ZERO_BASED_TO_CALENDAR,HIGH
5,2014,1,2,WINTER,1 -> 2,ZERO_BASED_TO_CALENDAR,HIGH
6,2014,1,2,WINTER,1 -> 2,ZERO_BASED_TO_CALENDAR,HIGH
7,2014,1,2,WINTER,1 -> 2,ZERO_BASED_TO_CALENDAR,HIGH
8,2014,1,2,WINTER,1 -> 2,ZERO_BASED_TO_CALENDAR,HIGH
9,2014,1,2,WINTER,1 -> 2,ZERO_BASED_TO_CALENDAR,HIGH
10,2014,1,2,WINTER,1 -> 2,ZERO_BASED_TO_CALENDAR,HIGH
11,2014,1,2,WINTER,1 -> 2,ZERO_BASED_TO_CALENDAR,HIGH
12,2014,1,2,WINTER,1 -> 2,ZERO_BASED_TO_CALENDAR,HIGH
13,2014,1,2,WINTER,1 -> 2,ZERO_BASED_TO_CALENDAR,HIGH
14,2014,1,2,WINTER,1 -> 2,ZERO_BASED_TO_CALENDAR,HIGH
15,2014,1,2,WINTER,1 -> 2,ZERO_BASED_TO_CALENDAR,HIGH
16,2014,1,2,WINTER,1 -> 2,ZERO_BASED_TO_CALENDAR,HIGH
17,2014,1,2,WINTER,1 -> 2,ZERO_BASED_TO_CALENDAR,HIGH
18,2014,1,2,WINTER,1 -> 2,ZERO_BASED_TO_CALENDAR,HIGH
19,2014,1,2,WINTER,1 -> 2,ZERO_BASED_TO_CALENDAR,HIGH
20,2014,1,2,WINTER,1 -> 2,ZERO_BASED_TO_CALENDAR,HIGH
21,2014,1,2,WINTER,1 -> 2,ZERO_BASED_TO_CALENDAR,HIGH
22,2014,1,2,WINTER,1 -> 2,ZERO_BASED_TO_CALENDAR,HIGH
23,2014,1,2,WINTER,1 -> 2,ZERO_BASED_TO_CALENDAR,HIGH
24,2014,1,2,WINTER,1 -> 2,ZERO_BASED_TO_CALENDAR,HIGH
25,2014,1,2,WINTER,1 -> 2,ZERO_BASED_TO_CALENDAR,HIGH
26,2014,1,2,WINTER,1 -> 2,ZERO_BASED_TO_CALENDAR,HIGH
27,2014,1,2,WINTER,1 -> 2,ZERO_BASED_TO_CALENDAR,HIGH
28,2014,1,2,WINTER,1 -> 2,ZERO_BASED_TO_CALENDAR,HIGH
29,2014,1,2,WINTER,1 -> 2,ZERO_BASED_TO_CALENDAR,HIGH
30,2014,1,2,WINTER,1 -> 2,ZERO_BASED_TO_CALENDAR,HIGH
31,2014,1,2,WINTER,1 -> 2,ZERO_BASED_TO_CALENDAR,HIGH
32,2014,1,2,WINTER,1 -> 2,ZERO_BASED_TO_CALENDAR,HIGH
33,2014,1,2,WINTER,1 -> 2,ZERO_BASED_TO_CALENDAR,HIGH
34,2014,1,2,WINTER,1 -> 2,ZERO_BASED_TO_CALENDAR,HIGH
35,2014,1,2,WINTER,1 -> 2,ZERO_BASED_TO_CALENDAR,HIGH
0,2014,11,12,WINTER,11 -> 12,ZERO_BASED_TO_CALENDAR,HIGH
1,2014,11,12,WINTER,11 -> 12,ZERO_BASED_TO_CALENDAR,HIGH
2,2014,11,12,WINTER,11 -> 12,ZERO_BASED_TO_CALENDAR,HIGH
3,2014,11,12,WINTER,11 -> 12,ZERO_BASED_TO_CALENDAR,HIGH
4,2014,11,12,WINTER,11 -> 12,ZERO_BASED_TO_CALENDAR,HIGH
5,2014,11,12,WINTER,11 -> 12,ZERO_BASED_TO_CALENDAR,HIGH
6,2014,11,12,WINTER,11 -> 12,ZERO_BASED_TO_CALENDAR,HIGH
7,2014,11,12,WINTER,11 -> 12,ZERO_BASED_TO_CALENDAR,HIGH
8,2014,11,12,WINTER,11 -> 12,ZERO_BASED_TO_CALENDAR,HIGH
9,2014,11,12,WINTER,11 -> 12,ZERO_BASED_TO_CALENDAR,HIGH
10,2014,11,12,WINTER,11 -> 12,ZERO_BASED_TO_CALENDAR,HIGH
11,2014,11,12,WINTER,11 -> 12,ZERO_BASED_TO_CALENDAR,HIGH
12,2014,11,12,WINTER,11 -> 12,ZERO_BASED_TO_CALENDAR,HIGH
13,2014,11,12,WINTER,11 -> 12,ZERO_BASED_TO_CALENDAR,HIGH
14,2014,11,12,WINTER,11 -> 12,ZERO_BASED_TO_CALENDAR,HIGH
15,2014,11,12,WINTER,11 -> 12,ZERO_BASED_TO_CALENDAR,HIGH
16,2014,11,12,WINTER,11 -> 12,ZERO_BASED_TO_CALENDAR,HIGH
17,2014,11,12,WINTER,11 -> 12,ZERO_BASED_TO_CALENDAR,HIGH
18,2014,11,12,WINTER,11 -> 12,ZERO_BASED_TO_CALENDAR,HIGH
19,2014,11,12,WINTER,11 -> 12,ZERO_BASED_TO_CALENDAR,HIGH
20,2014,11,12,WINTER,11 -> 12,ZERO_BASED_TO_CALENDAR,HIGH
21,2014,11,12,WINTER,11 -> 12,ZERO_BASED_TO_CALENDAR,HIGH
22,2014,11,12,WINTER,11 -> 12,ZERO_BASED_TO_CALENDAR,HIGH
23,2014,11,12,WINTER,11 -> 12,ZERO_BASED_TO_CALENDAR,HIGH
24,2014,11,12,WINTER,11 -> 12,ZERO_BASED_TO_CALENDAR,HIGH
25,2014,11,12,WINTER,11 -> 12,ZERO_BASED_TO_CALENDAR,HIGH
26,2014,11,12,WINTER,11 -> 12,ZERO_BASED_TO_CALENDAR,HIGH
27,2014,11,12,WINTER,11 -> 12,ZERO_BASED_TO_CALENDAR,HIGH
28,2014,11,12,WINTER,11 -> 12,ZERO_BASED_TO_CALENDAR,HIGH
29,2014,11,12,WINTER,11 -> 12,ZERO_BASED_TO_CALENDAR,HIGH
30,2014,11,12,WINTER,11 -> 12,ZERO_BASED_TO_CALENDAR,HIGH
31,2014,11,12,WINTER,11 -> 12,ZERO_BASED_TO_CALENDAR,HIGH
32,2014,11,12,WINTER,11 -> 12,ZERO_BASED_TO_CALENDAR,HIGH
33,2014,11,12,WINTER,11 -> 12,ZERO_BASED_TO_CALENDAR,HIGH
34,2014,11,12,WINTER,11 -> 12,ZERO_BASED_TO_CALENDAR,HIGH
35,2014,11,12,WINTER,11 -> 12,ZERO_BASED_TO_CALENDAR,HIGH
0,2014,10,11,POST_MONSOON,10 -> 11,ZERO_BASED_TO_CALENDAR,HIGH
1,2014,10,11,POST_MONSOON,10 -> 11,ZERO_BASED_TO_CALENDAR,HIGH
2,2014,10,11,POST_MONSOON,10 -> 11,ZERO_BASED_TO_CALENDAR,HIGH
3,2014,10,11,POST_MONSOON,10 -> 11,ZERO_BASED_TO_CALENDAR,HIGH
4,2014,10,11,POST_MONSOON,10 -> 11,ZERO_BASED_TO_CALENDAR,HIGH
5,2014,10,11,POST_MONSOON,10 -> 11,ZERO_BASED_TO_CALENDAR,HIGH
6,2014,10,11,POST_MONSOON,10 -> 11,ZERO_BASED_TO_CALENDAR,HIGH
7,2014,10,11,POST_MONSOON,10 -> 11,ZERO_BASED_TO_CALENDAR,HIGH
8,2014,10,11,POST_MONSOON,10 -> 11,ZERO_BASED_TO_CALENDAR,HIGH
9,2014,10,11,POST_MONSOON,10 -> 11,ZERO_BASED_TO_CALENDAR,HIGH
10,2014,10,11,POST_MONSOON,10 -> 11,ZERO_BASED_TO_CALENDAR,HIGH
11,2014,10,11,POST_MONSOON,10 -> 11,ZERO_BASED_TO_CALENDAR,HIGH
12,2014,10,11,POST_MONSOON,10 -> 11,ZERO_BASED_TO_CALENDAR,HIGH
13,2014,10,11,POST_MONSOON,10 -> 11,ZERO_BASED_TO_CALENDAR,HIGH
14,2014,10,11,POST_MONSOON,10 -> 11,ZERO_BASED_TO_CALENDAR,HIGH
15,2014,10,11,POST_MONSOON,10 -> 11,ZERO_BASED_TO_CALENDAR,HIGH
16,2014,10,11,POST_MONSOON,10 -> 11,ZERO_BASED_TO_CALENDAR,HIGH
17,2014,10,11,POST_MONSOON,10 -> 11,ZERO_BASED_TO_CALENDAR,HIGH
18,2014,10,11,POST_MONSOON,10 -> 11,ZERO_BASED_TO_CALENDAR,HIGH
19,2014,10,11,POST_MONSOON,10 -> 11,ZERO_BASED_TO_CALENDAR,HIGH
20,2014,10,11,POST_MONSOON,10 -> 11,ZERO_BASED_TO_CALENDAR,HIGH
21,2014,10,11,POST_MONSOON,10 -> 11,ZERO_BASED_TO_CALENDAR,HIGH
22,2014,10,11,POST_MONSOON,10 -> 11,ZERO_BASED_TO_CALENDAR,HIGH
23,2014,10,11,POST_MONSOON,10 -> 11,ZERO_BASED_TO_CALENDAR,HIGH
24,2014,10,11,POST_MONSOON,10 -> 11,ZERO_BASED_TO_CALENDAR,HIGH
25,2014,10,11,POST_MONSOON,10 -> 11,ZERO_BASED_TO_CALENDAR,HIGH
26,2014,10,11,POST_MONSOON,10 -> 11,ZERO_BASED_TO_CALENDAR,HIGH
27,2014,10,11,POST_MONSOON,10 -> 11,ZERO_BASED_TO_CALENDAR,HIGH
28,2014,10,11,POST_MONSOON,10 -> 11,ZERO_BASED_TO_CALENDAR,HIGH
29,2014,10,11,POST_MONSOON,10 -> 11,ZERO_BASED_TO_CALENDAR,HIGH
30,2014,10,11,POST_MONSOON,10 -> 11,ZERO_BASED_TO_CALENDAR,HIGH
31,2014,10,11,POST_MONSOON,10 -> 11,ZERO_BASED_TO_CALENDAR,HIGH
32,2014,10,11,POST_MONSOON,10 -> 11,ZERO_BASED_TO_CALENDAR,HIGH
33,2014,10,11,POST_MONSOON,10 -> 11,ZERO_BASED_TO_CALENDAR,HIGH
34,2014,10,11,POST_MONSOON,10 -> 11,ZERO_BASED_TO_CALENDAR,HIGH
35,2014,10,11,POST_MONSOON,10 -> 11,ZERO_BASED_TO_CALENDAR,HIGH
0,2014,9,10,POST_MONSOON,9 -> 10,ZERO_BASED_TO_CALENDAR,HIGH
1,2014,9,10,POST_MONSOON,9 -> 10,ZERO_BASED_TO_CALENDAR,HIGH
2,2014,9,10,POST_MONSOON,9 -> 10,ZERO_BASED_TO_CALENDAR,HIGH
3,2014,9,10,POST_MONSOON,9 -> 10,ZERO_BASED_TO_CALENDAR,HIGH
4,2014,9,10,POST_MONSOON,9 -> 10,ZERO_BASED_TO_CALENDAR,HIGH
5,2014,9,10,POST_MONSOON,9 -> 10,ZERO_BASED_TO_CALENDAR,HIGH
6,2014,9,10,POST_MONSOON,9 -> 10,ZERO_BASED_TO_CALENDAR,HIGH
7,2014,9,10,POST_MONSOON,9 -> 10,ZERO_BASED_TO_CALENDAR,HIGH
8,2014,9,10,POST_MONSOON,9 -> 10,ZERO_BASED_TO_CALENDAR,HIGH
9,2014,9,10,POST_MONSOON,9 -> 10,ZERO_BASED_TO_CALENDAR,HIGH
10,2014,9,10,POST_MONSOON,9 -> 10,ZERO_BASED_TO_CALENDAR,HIGH
11,2014,9,10,POST_MONSOON,9 -> 10,ZERO_BASED_TO_CALENDAR,HIGH
12,2014,9,10,POST_MONSOON,9 -> 10,ZERO_BASED_TO_CALENDAR,HIGH
13,2014,9,10,POST_MONSOON,9 -> 10,ZERO_BASED_TO_CALENDAR,HIGH
14,2014,9,10,POST_MONSOON,9 -> 10,ZERO_BASED_TO_CALENDAR,HIGH
15,2014,9,10,POST_MONSOON,9 -> 10,ZERO_BASED_TO_CALENDAR,HIGH
16,2014,9,10,POST_MONSOON,9 -> 10,ZERO_BASED_TO_CALENDAR,HIGH
17,2014,9,10,POST_MONSOON,9 -> 10,ZERO_BASED_TO_CALENDAR,HIGH
18,2014,9,10,POST_MONSOON,9 -> 10,ZERO_BASED_TO_CALENDAR,HIGH
19,2014,9,10,POST_MONSOON,9 -> 10,ZERO_BASED_TO_CALENDAR,HIGH
20,2014,9,10,POST_MONSOON,9 -> 10,ZERO_BASED_TO_CALENDAR,HIGH
21,2014,9,10,POST_MONSOON,9 -> 10,ZERO_BASED_TO_CALENDAR,HIGH
22,2014,9,10,POST_MONSOON,9 -> 10,ZERO_BASED_TO_CALENDAR,HIGH
23,2014,9,10,POST_MONSOON,9 -> 10,ZERO_BASED_TO_CALENDAR,HIGH
24,2014,9,10,POST_MONSOON,9 -> 10,ZERO_BASED_TO_CALENDAR,HIGH
25,2014,9,10,POST_MONSOON,9 -> 10,ZERO_BASED_TO_CALENDAR,HIGH
26,2014,9,10,POST_MONSOON,9 -> 10,ZERO_BASED_TO_CALENDAR,HIGH
27,2014,9,10,POST_MONSOON,9 -> 10,ZERO_BASED_TO_CALENDAR,HIGH
28,2014,9,10,POST_MONSOON,9 -> 10,ZERO_BASED_TO_CALENDAR,HIGH
29,2014,9,10,POST_MONSOON,9 -> 10,ZERO_BASED_TO_CALENDAR,HIGH
30,2014,9,10,POST_MONSOON,9 -> 10,ZERO_BASED_TO_CALENDAR,HIGH
31,2014,9,10,POST_MONSOON,9 -> 10,ZERO_BASED_TO_CALENDAR,HIGH
32,2014,9,10,POST_MONSOON,9 -> 10,ZERO_BASED_TO_CALENDAR,HIGH
33,2014,9,10,POST_MONSOON,9 -> 10,ZERO_BASED_TO_CALENDAR,HIGH
34,2014,9,10,POST_MONSOON,9 -> 10,ZERO_BASED_TO_CALENDAR,HIGH
35,2014,9,10,POST_MONSOON,9 -> 10,ZERO_BASED_TO_CALENDAR,HIGH
0,2014,2,3,PRE_MONSOON,2 -> 3,ZERO_BASED_TO_CALENDAR,HIGH
1,2014,2,3,PRE_MONSOON,2 -> 3,ZERO_BASED_TO_CALENDAR,HIGH
2,2014,2,3,PRE_MONSOON,2 -> 3,ZERO_BASED_TO_CALENDAR,HIGH
3,2014,2,3,PRE_MONSOON,2 -> 3,ZERO_BASED_TO_CALENDAR,HIGH
4,2014,2,3,PRE_MONSOON,2 -> 3,ZERO_BASED_TO_CALENDAR,HIGH
5,2014,2,3,PRE_MONSOON,2 -> 3,ZERO_BASED_TO_CALENDAR,HIGH
6,2014,2,3,PRE_MONSOON,2 -> 3,ZERO_BASED_TO_CALENDAR,HIGH
7,2014,2,3,PRE_MONSOON,2 -> 3,ZERO_BASED_TO_CALENDAR,HIGH
8,2014,2,3,PRE_MONSOON,2 -> 3,ZERO_BASED_TO_CALENDAR,HIGH
9,2014,2,3,PRE_MONSOON,2 -> 3,ZERO_BASED_TO_CALENDAR,HIGH
10,2014,2,3,PRE_MONSOON,2 -> 3,ZERO_BASED_TO_CALENDAR,HIGH
11,2014,2,3,PRE_MONSOON,2 -> 3,ZERO_BASED_TO_CALENDAR,HIGH
12,2014,2,3,PRE_MONSOON,2 -> 3,ZERO_BASED_TO_CALENDAR,HIGH
13,2014,2,3,PRE_MONSOON,2 -> 3,ZERO_BASED_TO_CALENDAR,HIGH
14,2014,2,3,PRE_MONSOON,2 -> 3,ZERO_BASED_TO_CALENDAR,HIGH
15,2014,2,3,PRE_MONSOON,2 -> 3,ZERO_BASED_TO_CALENDAR,HIGH
16,2014,2,3,PRE_MONSOON,2 -> 3,ZERO_BASED_TO_CALENDAR,HIGH
17,2014,2,3,PRE_MONSOON,2 -> 3,ZERO_BASED_TO_CALENDAR,HIGH
18,2014,2,3,PRE_MONSOON,2 -> 3,ZERO_BASED_TO_CALENDAR,HIGH
19,2014,2,3,PRE_MONSOON,2 -> 3,ZERO_BASED_TO_CALENDAR,HIGH
20,2014,2,3,PRE_MONSOON,2 -> 3,ZERO_BASED_TO_CALENDAR,HIGH
21,2014,2,3,PRE_MONSOON,2 -> 3,ZERO_BASED_TO_CALENDAR,HIGH
22,2014,2,3,PRE_MONSOON,2 -> 3,ZERO_BASED_TO_CALENDAR,HIGH
23,2014,2,3,PRE_MONSOON,2 -> 3,ZERO_BASED_TO_CALENDAR,HIGH
24,2014,2,3,PRE_MONSOON,2 -> 3,ZERO_BASED_TO_CALENDAR,HIGH
25,2014,2,3,PRE_MONSOON,2 -> 3,ZERO_BASED_TO_CALENDAR,HIGH
26,2014,2,3,PRE_MONSOON,2 -> 3,ZERO_BASED_TO_CALENDAR,HIGH
27,2014,2,3,PRE_MONSOON,2 -> 3,ZERO_BASED_TO_CALENDAR,HIGH
28,2014,2,3,PRE_MONSOON,2 -> 3,ZERO_BASED_TO_CALENDAR,HIGH
29,2014,2,3,PRE_MONSOON,2 -> 3,ZERO_BASED_TO_CALENDAR,HIGH
30,2014,2,3,PRE_MONSOON,2 -> 3,ZERO_BASED_TO_CALENDAR,HIGH
31,2014,2,3,PRE_MONSOON,2 -> 3,ZERO_BASED_TO_CALENDAR,HIGH
32,2014,2,3,PRE_MONSOON,2 -> 3,ZERO_BASED_TO_CALENDAR,HIGH
33,2014,2,3,PRE_MONSOON,2 -> 3,ZERO_BASED_TO_CALENDAR,HIGH
34,2014,2,3,PRE_MONSOON,2 -> 3,ZERO_BASED_TO_CALENDAR,HIGH
35,2014,2,3,PRE_MONSOON,2 -> 3,ZERO_BASED_TO_CALENDAR,HIGH
0,2015,4,5,PRE_MONSOON,4 -> 5,ZERO_BASED_TO_CALENDAR,HIGH
1,2015,4,5,PRE_MONSOON,4 -> 5,ZERO_BASED_TO_CALENDAR,HIGH
2,2015,4,5,PRE_MONSOON,4 -> 5,ZERO_BASED_TO_CALENDAR,HIGH
3,2015,4,5,PRE_MONSOON,4 -> 5,ZERO_BASED_TO_CALENDAR,HIGH
4,2015,4,5,PRE_MONSOON,4 -> 5,ZERO_BASED_TO_CALENDAR,HIGH
5,2015,4,5,PRE_MONSOON,4 -> 5,ZERO_BASED_TO_CALENDAR,HIGH
6,2015,4,5,PRE_MONSOON,4 -> 5,ZERO_BASED_TO_CALENDAR,HIGH
7,2015,4,5,PRE_MONSOON,4 -> 5,ZERO_BASED_TO_CALENDAR,HIGH
8,2015,4,5,PRE_MONSOON,4 -> 5,ZERO_BASED_TO_CALENDAR,HIGH
9,2015,4,5,PRE_MONSOON,4 -> 5,ZERO_BASED_TO_CALENDAR,HIGH
10,2015,4,5,PRE_MONSOON,4 -> 5,ZERO_BASED_TO_CALENDAR,HIGH
11,2015,4,5,PRE_MONSOON,4 -> 5,ZERO_BASED_TO_CALENDAR,HIGH
12,2015,4,5,PRE_MONSOON,4 -> 5,ZERO_BASED_TO_CALENDAR,HIGH
13,2015,4,5,PRE_MONSOON,4 -> 5,ZERO_BASED_TO_CALENDAR,HIGH
14,2015,4,5,PRE_MONSOON,4 -> 5,ZERO_BASED_TO_CALENDAR,HIGH
15,2015,4,5,PRE_MONSOON,4 -> 5,ZERO_BASED_TO_CALENDAR,HIGH
16,2015,4,5,PRE_MONSOON,4 -> 5,ZERO_BASED_TO_CALENDAR,HIGH
17,2015,4,5,PRE_MONSOON,4 -> 5,ZERO_BASED_TO_CALENDAR,HIGH
18,2015,4,5,PRE_MONSOON,4 -> 5,ZERO_BASED_TO_CALENDAR,HIGH
19,2015,4,5,PRE_MONSOON,4 -> 5,ZERO_BASED_TO_CALENDAR,HIGH
20,2015,4,5,PRE_MONSOON,4 -> 5,ZERO_BASED_TO_CALENDAR,HIGH
21,2015,4,5,PRE_MONSOON,4 -> 5,ZERO_BASED_TO_CALENDAR,HIGH
22,2015,4,5,PRE_MONSOON,4 -> 5,ZERO_BASED_TO_CALENDAR,HIGH
23,2015,4,5,PRE_MONSOON,4 -> 5,ZERO_BASED_TO_CALENDAR,HIGH
24,2015,4,5,PRE_MONSOON,4 -> 5,ZERO_BASED_TO_CALENDAR,HIGH
25,2015,4,5,PRE_MONSOON,4 -> 5,ZERO_BASED_TO_CALENDAR,HIGH
26,2015,4,5,PRE_MONSOON,4 -> 5,ZERO_BASED_TO_CALENDAR,HIGH
27,2015,4,5,PRE_MONSOON,4 -> 5,ZERO_BASED_TO_CALENDAR,HIGH
28,2015,4,5,PRE_MONSOON,4 -> 5,ZERO_BASED_TO_CALENDAR,HIGH
29,2015,4,5,PRE_MONSOON,4 -> 5,ZERO_BASED_TO_CALENDAR,HIGH
30,2015,4,5,PRE_MONSOON,4 -> 5,ZERO_BASED_TO_CALENDAR,HIGH
31,2015,4,5,PRE_MONSOON,4 -> 5,ZERO_BASED_TO_CALENDAR,HIGH
32,2015,4,5,PRE_MONSOON,4 -> 5,ZERO_BASED_TO_CALENDAR,HIGH
33,2015,4,5,PRE_MONSOON,4 -> 5,ZERO_BASED_TO_CALENDAR,HIGH
34,2015,4,5,PRE_MONSOON,4 -> 5,ZERO_BASED_TO_CALENDAR,HIGH
35,2015,4,5,PRE_MONSOON,4 -> 5,ZERO_BASED_TO_CALENDAR,HIGH
0,2015,3,4,PRE_MONSOON,3 -> 4,ZERO_BASED_TO_CALENDAR,HIGH
1,2015,3,4,PRE_MONSOON,3 -> 4,ZERO_BASED_TO_CALENDAR,HIGH
2,2015,3,4,PRE_MONSOON,3 -> 4,ZERO_BASED_TO_CALENDAR,HIGH
3,2015,3,4,PRE_MONSOON,3 -> 4,ZERO_BASED_TO_CALENDAR,HIGH
4,2015,3,4,PRE_MONSOON,3 -> 4,ZERO_BASED_TO_CALENDAR,HIGH
5,2015,3,4,PRE_MONSOON,3 -> 4,ZERO_BASED_TO_CALENDAR,HIGH
6,2015,3,4,PRE_MONSOON,3 -> 4,ZERO_BASED_TO_CALENDAR,HIGH
7,2015,3,4,PRE_MONSOON,3 -> 4,ZERO_BASED_TO_CALENDAR,HIGH
8,2015,3,4,PRE_MONSOON,3 -> 4,ZERO_BASED_TO_CALENDAR,HIGH
9,2015,3,4,PRE_MONSOON,3 -> 4,ZERO_BASED_TO_CALENDAR,HIGH
10,2015,3,4,PRE_MONSOON,3 -> 4,ZERO_BASED_TO_CALENDAR,HIGH
11,2015,3,4,PRE_MONSOON,3 -> 4,ZERO_BASED_TO_CALENDAR,HIGH
12,2015,3,4,PRE_MONSOON,3 -> 4,ZERO_BASED_TO_CALENDAR,HIGH
13,2015,3,4,PRE_MONSOON,3 -> 4,ZERO_BASED_TO_CALENDAR,HIGH
14,2015,3,4,PRE_MONSOON,3 -> 4,ZERO_BASED_TO_CALENDAR,HIGH
15,2015,3,4,PRE_MONSOON,3 -> 4,ZERO_BASED_TO_CALENDAR,HIGH
16,2015,3,4,PRE_MONSOON,3 -> 4,ZERO_BASED_TO_CALENDAR,HIGH
17,2015,3,4,PRE_MONSOON,3 -> 4,ZERO_BASED_TO_CALENDAR,HIGH
18,2015,3,4,PRE_MONSOON,3 -> 4,ZERO_BASED_TO_CALENDAR,HIGH
19,2015,3,4,PRE_MONSOON,3 -> 4,ZERO_BASED_TO_CALENDAR,HIGH
20,2015,3,4,PRE_MONSOON,3 -> 4,ZERO_BASED_TO_CALENDAR,HIGH
21,2015,3,4,PRE_MONSOON,3 -> 4,ZERO_BASED_TO_CALENDAR,HIGH
22,2015,3,4,PRE_MONSOON,3 -> 4,ZERO_BASED_TO_CALENDAR,HIGH
23,2015,3,4,PRE_MONSOON,3 -> 4,ZERO_BASED_TO_CALENDAR,HIGH
24,2015,3,4,PRE_MONSOON,3 -> 4,ZERO_BASED_TO_CALENDAR,HIGH
25,2015,3,4,PRE_MONSOON,3 -> 4,ZERO_BASED_TO_CALENDAR,HIGH
26,2015,3,4,PRE_MONSOON,3 -> 4,ZERO_BASED_TO_CALENDAR,HIGH
27,2015,3,4,PRE_MONSOON,3 -> 4,ZERO_BASED_TO_CALENDAR,HIGH
28,2015,3,4,PRE_MONSOON,3 -> 4,ZERO_BASED_TO_CALENDAR,HIGH
29,2015,3,4,PRE_MONSOON,3 -> 4,ZERO_BASED_TO_CALENDAR,HIGH
30,2015,3,4,PRE_MONSOON,3 -> 4,ZERO_BASED_TO_CALENDAR,HIGH
31,2015,3,4,PRE_MONSOON,3 -> 4,ZERO_BASED_TO_CALENDAR,HIGH
32,2015,3,4,PRE_MONSOON,3 -> 4,ZERO_BASED_TO_CALENDAR,HIGH
33,2015,3,4,PRE_MONSOON,3 -> 4,ZERO_BASED_TO_CALENDAR,HIGH
34,2015,3,4,PRE_MONSOON,3 -> 4,ZERO_BASED_TO_CALENDAR,HIGH
35,2015,3,4,PRE_MONSOON,3 -> 4,ZERO_BASED_TO_CALENDAR,HIGH
0,2015,7,8,MONSOON,7 -> 8,ZERO_BASED_TO_CALENDAR,HIGH
1,2015,7,8,MONSOON,7 -> 8,ZERO_BASED_TO_CALENDAR,HIGH
2,2015,7,8,MONSOON,7 -> 8,ZERO_BASED_TO_CALENDAR,HIGH
3,2015,7,8,MONSOON,7 -> 8,ZERO_BASED_TO_CALENDAR,HIGH
4,2015,7,8,MONSOON,7 -> 8,ZERO_BASED_TO_CALENDAR,HIGH
5,2015,7,8,MONSOON,7 -> 8,ZERO_BASED_TO_CALENDAR,HIGH
6,2015,7,8,MONSOON,7 -> 8,ZERO_BASED_TO_CALENDAR,HIGH
7,2015,7,8,MONSOON,7 -> 8,ZERO_BASED_TO_CALENDAR,HIGH
8,2015,7,8,MONSOON,7 -> 8,ZERO_BASED_TO_CALENDAR,HIGH
9,2015,7,8,MONSOON,7 -> 8,ZERO_BASED_TO_CALENDAR,HIGH
10,2015,7,8,MONSOON,7 -> 8,ZERO_BASED_TO_CALENDAR,HIGH
11,2015,7,8,MONSOON,7 -> 8,ZERO_BASED_TO_CALENDAR,HIGH
12,2015,7,8,MONSOON,7 -> 8,ZERO_BASED_TO_CALENDAR,HIGH
13,2015,7,8,MONSOON,7 -> 8,ZERO_BASED_TO_CALENDAR,HIGH
14,2015,7,8,MONSOON,7 -> 8,ZERO_BASED_TO_CALENDAR,HIGH
15,2015,7,8,MONSOON,7 -> 8,ZERO_BASED_TO_CALENDAR,HIGH
16,2015,7,8,MONSOON,7 -> 8,ZERO_BASED_TO_CALENDAR,HIGH
17,2015,7,8,MONSOON,7 -> 8,ZERO_BASED_TO_CALENDAR,HIGH
18,2015,7,8,MONSOON,7 -> 8,ZERO_BASED_TO_CALENDAR,HIGH
19,2015,7,8,MONSOON,7 -> 8,ZERO_BASED_TO_CALENDAR,HIGH
20,2015,7,8,MONSOON,7 -> 8,ZERO_BASED_TO_CALENDAR,HIGH
21,2015,7,8,MONSOON,7 -> 8,ZERO_BASED_TO_CALENDAR,HIGH
22,2015,7,8,MONSOON,7 -> 8,ZERO_BASED_TO_CALENDAR,HIGH
23,2015,7,8,MONSOON,7 -> 8,ZERO_BASED_TO_CALENDAR,HIGH
24,2015,7,8,MONSOON,7 -> 8,ZERO_BASED_TO_CALENDAR,HIGH
25,2015,7,8,MONSOON,7 -> 8,ZERO_BASED_TO_CALENDAR,HIGH
26,2015,7,8,MONSOON,7 -> 8,ZERO_BASED_TO_CALENDAR,HIGH
27,2015,7,8,MONSOON,7 -> 8,ZERO_BASED_TO_CALENDAR,HIGH
28,2015,7,8,MONSOON,7 -> 8,ZERO_BASED_TO_CALENDAR,HIGH
29,2015,7,8,MONSOON,7 -> 8,ZERO_BASED_TO_CALENDAR,HIGH
30,2015,7,8,MONSOON,7 -> 8,ZERO_BASED_TO_CALENDAR,HIGH
31,2015,7,8,MONSOON,7 -> 8,ZERO_BASED_TO_CALENDAR,HIGH
32,2015,7,8,MONSOON,7 -> 8,ZERO_BASED_TO_CALENDAR,HIGH
33,2015,7,8,MONSOON,7 -> 8,ZERO_BASED_TO_CALENDAR,HIGH
34,2015,7,8,MONSOON,7 -> 8,ZERO_BASED_TO_CALENDAR,HIGH
35,2015,7,8,MONSOON,7 -> 8,ZERO_BASED_TO_CALENDAR,HIGH
0,2015,0,1,WINTER,0 -> 1,ZERO_BASED_TO_CALENDAR,HIGH
1,2015,0,1,WINTER,0 -> 1,ZERO_BASED_TO_CALENDAR,HIGH
2,2015,0,1,WINTER,0 -> 1,ZERO_BASED_TO_CALENDAR,HIGH
3,2015,0,1,WINTER,0 -> 1,ZERO_BASED_TO_CALENDAR,HIGH
4,2015,0,1,WINTER,0 -> 1,ZERO_BASED_TO_CALENDAR,HIGH
5,2015,0,1,WINTER,0 -> 1,ZERO_BASED_TO_CALENDAR,HIGH
6,2015,0,1,WINTER,0 -> 1,ZERO_BASED_TO_CALENDAR,HIGH
7,2015,0,1,WINTER,0 -> 1,ZERO_BASED_TO_CALENDAR,HIGH
8,2015,0,1,WINTER,0 -> 1,ZERO_BASED_TO_CALENDAR,HIGH
9,2015,0,1,WINTER,0 -> 1,ZERO_BASED_TO_CALENDAR,HIGH
10,2015,0,1,WINTER,0 -> 1,ZERO_BASED_TO_CALENDAR,HIGH
11,2015,0,1,WINTER,0 -> 1,ZERO_BASED_TO_CALENDAR,HIGH
12,2015,0,1,WINTER,0 -> 1,ZERO_BASED_TO_CALENDAR,HIGH
13,2015,0,1,WINTER,0 -> 1,ZERO_BASED_TO_CALENDAR,HIGH
14,2015,0,1,WINTER,0 -> 1,ZERO_BASED_TO_CALENDAR,HIGH
15,2015,0,1,WINTER,0 -> 1,ZERO_BASED_TO_CALENDAR,HIGH
16,2015,0,1,WINTER,0 -> 1,ZERO_BASED_TO_CALENDAR,HIGH
17,2015,0,1,WINTER,0 -> 1,ZERO_BASED_TO_CALENDAR,HIGH
18,2015,0,1,WINTER,0 -> 1,ZERO_BASED_TO_CALENDAR,HIGH
19,2015,0,1,WINTER,0 -> 1,ZERO_BASED_TO_CALENDAR,HIGH
20,2015,0,1,WINTER,0 -> 1,ZERO_BASED_TO_CALENDAR,HIGH
21,2015,0,1,WINTER,0 -> 1,ZERO_BASED_TO_CALENDAR,HIGH
22,2015,0,1,WINTER,0 -> 1,ZERO_BASED_TO_CALENDAR,HIGH
23,2015,0,1,WINTER,0 -> 1,ZERO_BASED_TO_CALENDAR,HIGH
24,2015,0,1,WINTER,0 -> 1,ZERO_BASED_TO_CALENDAR,HIGH
25,2015,0,1,WINTER,0 -> 1,ZERO_BASED_TO_CALENDAR,HIGH
26,2015,0,1,WINTER,0 -> 1,ZERO_BASED_TO_CALENDAR,HIGH
27,2015,0,1,WINTER,0 -> 1,ZERO_BASED_TO_CALENDAR,HIGH
28,2015,0,1,WINTER,0 -> 1,ZERO_BASED_TO_CALENDAR,HIGH
29,2015,0,1,WINTER,0 -> 1,ZERO_BASED_TO_CALENDAR,HIGH
30,2015,0,1,WINTER,0 -> 1,ZERO_BASED_TO_CALENDAR,HIGH
31,2015,0,1,WINTER,0 -> 1,ZERO_BASED_TO_CALENDAR,HIGH
32,2015,0,1,WINTER,0 -> 1,ZERO_BASED_TO_CALENDAR,HIGH
33,2015,0,1,WINTER,0 -> 1,ZERO_BASED_TO_CALENDAR,HIGH
34,2015,0,1,WINTER,0 -> 1,ZERO_BASED_TO_CALENDAR,HIGH
35,2015,0,1,WINTER,0 -> 1,ZERO_BASED_TO_CALENDAR,HIGH
0,2015,8,9,MONSOON,8 -> 9,ZERO_BASED_TO_CALENDAR,HIGH
1,2015,8,9,MONSOON,8 -> 9,ZERO_BASED_TO_CALENDAR,HIGH
2,2015,8,9,MONSOON,8 -> 9,ZERO_BASED_TO_CALENDAR,HIGH
3,2015,8,9,MONSOON,8 -> 9,ZERO_BASED_TO_CALENDAR,HIGH
4,2015,8,9,MONSOON,8 -> 9,ZERO_BASED_TO_CALENDAR,HIGH
5,2015,8,9,MONSOON,8 -> 9,ZERO_BASED_TO_CALENDAR,HIGH
6,2015,8,9,MONSOON,8 -> 9,ZERO_BASED_TO_CALENDAR,HIGH
7,2015,8,9,MONSOON,8 -> 9,ZERO_BASED_TO_CALENDAR,HIGH
8,2015,8,9,MONSOON,8 -> 9,ZERO_BASED_TO_CALENDAR,HIGH
9,2015,8,9,MONSOON,8 -> 9,ZERO_BASED_TO_CALENDAR,HIGH
10,2015,8,9,MONSOON,8 -> 9,ZERO_BASED_TO_CALENDAR,HIGH
11,2015,8,9,MONSOON,8 -> 9,ZERO_BASED_TO_CALENDAR,HIGH
12,2015,8,9,MONSOON,8 -> 9,ZERO_BASED_TO_CALENDAR,HIGH
13,2015,8,9,MONSOON,8 -> 9,ZERO_BASED_TO_CALENDAR,HIGH
14,2015,8,9,MONSOON,8 -> 9,ZERO_BASED_TO_CALENDAR,HIGH
15,2015,8,9,MONSOON,8 -> 9,ZERO_BASED_TO_CALENDAR,HIGH
16,2015,8,9,MONSOON,8 -> 9,ZERO_BASED_TO_CALENDAR,HIGH
17,2015,8,9,MONSOON,8 -> 9,ZERO_BASED_TO_CALENDAR,HIGH
18,2015,8,9,MONSOON,8 -> 9,ZERO_BASED_TO_CALENDAR,HIGH
19,2015,8,9,MONSOON,8 -> 9,ZERO_BASED_TO_CALENDAR,HIGH
20,2015,8,9,MONSOON,8 -> 9,ZERO_BASED_TO_CALENDAR,HIGH
21,2015,8,9,MONSOON,8 -> 9,ZERO_BASED_TO_CALENDAR,HIGH
22,2015,8,9,MONSOON,8 -> 9,ZERO_BASED_TO_CALENDAR,HIGH
23,2015,8,9,MONSOON,8 -> 9,ZERO_BASED_TO_CALENDAR,HIGH
24,2015,8,9,MONSOON,8 -> 9,ZERO_BASED_TO_CALENDAR,HIGH
25,2015,8,9,MONSOON,8 -> 9,ZERO_BASED_TO_CALENDAR,HIGH
26,2015,8,9,MONSOON,8 -> 9,ZERO_BASED_TO_CALENDAR,HIGH
27,2015,8,9,MONSOON,8 -> 9,ZERO_BASED_TO_CALENDAR,HIGH
28,2015,8,9,MONSOON,8 -> 9,ZERO_BASED_TO_CALENDAR,HIGH
29,2015,8,9,MONSOON,8 -> 9,ZERO_BASED_TO_CALENDAR,HIGH
30,2015,8,9,MONSOON,8 -> 9,ZERO_BASED_TO_CALENDAR,HIGH
31,2015,8,9,MONSOON,8 -> 9,ZERO_BASED_TO_CALENDAR,HIGH
32,2015,8,9,MONSOON,8 -> 9,ZERO_BASED_TO_CALENDAR,HIGH
33,2015,8,9,MONSOON,8 -> 9,ZERO_BASED_TO_CALENDAR,HIGH
34,2015,8,9,MONSOON,8 -> 9,ZERO_BASED_TO_CALENDAR,HIGH
35,2015,8,9,MONSOON,8 -> 9,ZERO_BASED_TO_CALENDAR,HIGH
0,2015,6,7,MONSOON,6 -> 7,ZERO_BASED_TO_CALENDAR,HIGH
1,2015,6,7,MONSOON,6 -> 7,ZERO_BASED_TO_CALENDAR,HIGH
2,2015,6,7,MONSOON,6 -> 7,ZERO_BASED_TO_CALENDAR,HIGH
3,2015,6,7,MONSOON,6 -> 7,ZERO_BASED_TO_CALENDAR,HIGH
4,2015,6,7,MONSOON,6 -> 7,ZERO_BASED_TO_CALENDAR,HIGH
5,2015,6,7,MONSOON,6 -> 7,ZERO_BASED_TO_CALENDAR,HIGH
6,2015,6,7,MONSOON,6 -> 7,ZERO_BASED_TO_CALENDAR,HIGH
7,2015,6,7,MONSOON,6 -> 7,ZERO_BASED_TO_CALENDAR,HIGH
8,2015,6,7,MONSOON,6 -> 7,ZERO_BASED_TO_CALENDAR,HIGH
9,2015,6,7,MONSOON,6 -> 7,ZERO_BASED_TO_CALENDAR,HIGH
10,2015,6,7,MONSOON,6 -> 7,ZERO_BASED_TO_CALENDAR,HIGH
11,2015,6,7,MONSOON,6 -> 7,ZERO_BASED_TO_CALENDAR,HIGH
12,2015,6,7,MONSOON,6 -> 7,ZERO_BASED_TO_CALENDAR,HIGH
13,2015,6,7,MONSOON,6 -> 7,ZERO_BASED_TO_CALENDAR,HIGH
14,2015,6,7,MONSOON,6 -> 7,ZERO_BASED_TO_CALENDAR,HIGH
15,2015,6,7,MONSOON,6 -> 7,ZERO_BASED_TO_CALENDAR,HIGH
16,2015,6,7,MONSOON,6 -> 7,ZERO_BASED_TO_CALENDAR,HIGH
17,2015,6,7,MONSOON,6 -> 7,ZERO_BASED_TO_CALENDAR,HIGH
18,2015,6,7,MONSOON,6 -> 7,ZERO_BASED_TO_CALENDAR,HIGH
19,2015,6,7,MONSOON,6 -> 7,ZERO_BASED_TO_CALENDAR,HIGH
20,2015,6,7,MONSOON,6 -> 7,ZERO_BASED_TO_CALENDAR,HIGH
21,2015,6,7,MONSOON,6 -> 7,ZERO_BASED_TO_CALENDAR,HIGH
22,2015,6,7,MONSOON,6 -> 7,ZERO_BASED_TO_CALENDAR,HIGH
23,2015,6,7,MONSOON,6 -> 7,ZERO_BASED_TO_CALENDAR,HIGH
24,2015,6,7,MONSOON,6 -> 7,ZERO_BASED_TO_CALENDAR,HIGH
25,2015,6,7,MONSOON,6 -> 7,ZERO_BASED_TO_CALENDAR,HIGH
26,2015,6,7,MONSOON,6 -> 7,ZERO_BASED_TO_CALENDAR,HIGH
27,2015,6,7,MONSOON,6 -> 7,ZERO_BASED_TO_CALENDAR,HIGH
28,2015,6,7,MONSOON,6 -> 7,ZERO_BASED_TO_CALENDAR,HIGH
29,2015,6,7,MONSOON,6 -> 7,ZERO_BASED_TO_CALENDAR,HIGH
30,2015,6,7,MONSOON,6 -> 7,ZERO_BASED_TO_CALENDAR,HIGH
31,2015,6,7,MONSOON,6 -> 7,ZERO_BASED_TO_CALENDAR,HIGH
32,2015,6,7,MONSOON,6 -> 7,ZERO_BASED_TO_CALENDAR,HIGH
33,2015,6,7,MONSOON,6 -> 7,ZERO_BASED_TO_CALENDAR,HIGH
34,2015,6,7,MONSOON,6 -> 7,ZERO_BASED_TO_CALENDAR,HIGH
35,2015,6,7,MONSOON,6 -> 7,ZERO_BASED_TO_CALENDAR,HIGH
0,2015,5,6,MONSOON,5 -> 6,ZERO_BASED_TO_CALENDAR,HIGH
1,2015,5,6,MONSOON,5 -> 6,ZERO_BASED_TO_CALENDAR,HIGH
2,2015,5,6,MONSOON,5 -> 6,ZERO_BASED_TO_CALENDAR,HIGH
3,2015,5,6,MONSOON,5 -> 6,ZERO_BASED_TO_CALENDAR,HIGH
4,2015,5,6,MONSOON,5 -> 6,ZERO_BASED_TO_CALENDAR,HIGH
5,2015,5,6,MONSOON,5 -> 6,ZERO_BASED_TO_CALENDAR,HIGH
6,2015,5,6,MONSOON,5 -> 6,ZERO_BASED_TO_CALENDAR,HIGH
7,2015,5,6,MONSOON,5 -> 6,ZERO_BASED_TO_CALENDAR,HIGH
8,2015,5,6,MONSOON,5 -> 6,ZERO_BASED_TO_CALENDAR,HIGH
9,2015,5,6,MONSOON,5 -> 6,ZERO_BASED_TO_CALENDAR,HIGH
10,2015,5,6,MONSOON,5 -> 6,ZERO_BASED_TO_CALENDAR,HIGH
11,2015,5,6,MONSOON,5 -> 6,ZERO_BASED_TO_CALENDAR,HIGH
12,2015,5,6,MONSOON,5 -> 6,ZERO_BASED_TO_CALENDAR,HIGH
13,2015,5,6,MONSOON,5 -> 6,ZERO_BASED_TO_CALENDAR,HIGH
14,2015,5,6,MONSOON,5 -> 6,ZERO_BASED_TO_CALENDAR,HIGH
15,2015,5,6,MONSOON,5 -> 6,ZERO_BASED_TO_CALENDAR,HIGH
16,2015,5,6,MONSOON,5 -> 6,ZERO_BASED_TO_CALENDAR,HIGH
17,2015,5,6,MONSOON,5 -> 6,ZERO_BASED_TO_CALENDAR,HIGH
18,2015,5,6,MONSOON,5 -> 6,ZERO_BASED_TO_CALENDAR,HIGH
19,2015,5,6,MONSOON,5 -> 6,ZERO_BASED_TO_CALENDAR,HIGH
20,2015,5,6,MONSOON,5 -> 6,ZERO_BASED_TO_CALENDAR,HIGH
21,2015,5,6,MONSOON,5 -> 6,ZERO_BASED_TO_CALENDAR,HIGH
22,2015,5,6,MONSOON,5 -> 6,ZERO_BASED_TO_CALENDAR,HIGH
23,2015,5,6,MONSOON,5 -> 6,ZERO_BASED_TO_CALENDAR,HIGH
24,2015,5,6,MONSOON,5 -> 6,ZERO_BASED_TO_CALENDAR,HIGH
25,2015,5,6,MONSOON,5 -> 6,ZERO_BASED_TO_CALENDAR,HIGH
26,2015,5,6,MONSOON,5 -> 6,ZERO_BASED_TO_CALENDAR,HIGH
27,2015,5,6,MONSOON,5 -> 6,ZERO_BASED_TO_CALENDAR,HIGH
28,2015,5,6,MONSOON,5 -> 6,ZERO_BASED_TO_CALENDAR,HIGH
29,2015,5,6,MONSOON,5 -> 6,ZERO_BASED_TO_CALENDAR,HIGH
30,2015,5,6,MONSOON,5 -> 6,ZERO_BASED_TO_CALENDAR,HIGH
31,2015,5,6,MONSOON,5 -> 6,ZERO_BASED_TO_CALENDAR,HIGH
32,2015,5,6,MONSOON,5 -> 6,ZERO_BASED_TO_CALENDAR,HIGH
33,2015,5,6,MONSOON,5 -> 6,ZERO_BASED_TO_CALENDAR,HIGH
34,2015,5,6,MONSOON,5 -> 6,ZERO_BASED_TO_CALENDAR,HIGH
35,2015,5,6,MONSOON,5 -> 6,ZERO_BASED_TO_CALENDAR,HIGH
0,2015,1,2,WINTER,1 -> 2,ZERO_BASED_TO_CALENDAR,HIGH
1,2015,1,2,WINTER,1 -> 2,ZERO_BASED_TO_CALENDAR,HIGH
2,2015,1,2,WINTER,1 -> 2,ZERO_BASED_TO_CALENDAR,HIGH
3,2015,1,2,WINTER,1 -> 2,ZERO_BASED_TO_CALENDAR,HIGH
4,2015,1,2,WINTER,1 -> 2,ZERO_BASED_TO_CALENDAR,HIGH
5,2015,1,2,WINTER,1 -> 2,ZERO_BASED_TO_CALENDAR,HIGH
6,2015,1,2,WINTER,1 -> 2,ZERO_BASED_TO_CALENDAR,HIGH
7,2015,1,2,WINTER,1 -> 2,ZERO_BASED_TO_CALENDAR,HIGH
8,2015,1,2,WINTER,1 -> 2,ZERO_BASED_TO_CALENDAR,HIGH
9,2015,1,2,WINTER,1 -> 2,ZERO_BASED_TO_CALENDAR,HIGH
10,2015,1,2,WINTER,1 -> 2,ZERO_BASED_TO_CALENDAR,HIGH
11,2015,1,2,WINTER,1 -> 2,ZERO_BASED_TO_CALENDAR,HIGH
12,2015,1,2,WINTER,1 -> 2,ZERO_BASED_TO_CALENDAR,HIGH
13,2015,1,2,WINTER,1 -> 2,ZERO_BASED_TO_CALENDAR,HIGH
14,2015,1,2,WINTER,1 -> 2,ZERO_BASED_TO_CALENDAR,HIGH
15,2015,1,2,WINTER,1 -> 2,ZERO_BASED_TO_CALENDAR,HIGH
16,2015,1,2,WINTER,1 -> 2,ZERO_BASED_TO_CALENDAR,HIGH
17,2015,1,2,WINTER,1 -> 2,ZERO_BASED_TO_CALENDAR,HIGH
18,2015,1,2,WINTER,1 -> 2,ZERO_BASED_TO_CALENDAR,HIGH
19,2015,1,2,WINTER,1 -> 2,ZERO_BASED_TO_CALENDAR,HIGH
20,2015,1,2,WINTER,1 -> 2,ZERO_BASED_TO_CALENDAR,HIGH
21,2015,1,2,WINTER,1 -> 2,ZERO_BASED_TO_CALENDAR,HIGH
22,2015,1,2,WINTER,1 -> 2,ZERO_BASED_TO_CALENDAR,HIGH
23,2015,1,2,WINTER,1 -> 2,ZERO_BASED_TO_CALENDAR,HIGH
24,2015,1,2,WINTER,1 -> 2,ZERO_BASED_TO_CALENDAR,HIGH
25,2015,1,2,WINTER,1 -> 2,ZERO_BASED_TO_CALENDAR,HIGH
26,2015,1,2,WINTER,1 -> 2,ZERO_BASED_TO_CALENDAR,HIGH
27,2015,1,2,WINTER,1 -> 2,ZERO_BASED_TO_CALENDAR,HIGH
28,2015,1,2,WINTER,1 -> 2,ZERO_BASED_TO_CALENDAR,HIGH
29,2015,1,2,WINTER,1 -> 2,ZERO_BASED_TO_CALENDAR,HIGH
30,2015,1,2,WINTER,1 -> 2,ZERO_BASED_TO_CALENDAR,HIGH
31,2015,1,2,WINTER,1 -> 2,ZERO_BASED_TO_CALENDAR,HIGH
32,2015,1,2,WINTER,1 -> 2,ZERO_BASED_TO_CALENDAR,HIGH
33,2015,1,2,WINTER,1 -> 2,ZERO_BASED_TO_CALENDAR,HIGH
34,2015,1,2,WINTER,1 -> 2,ZERO_BASED_TO_CALENDAR,HIGH
35,2015,1,2,WINTER,1 -> 2,ZERO_BASED_TO_CALENDAR,HIGH
0,2015,11,12,WINTER,11 -> 12,ZERO_BASED_TO_CALENDAR,HIGH
1,2015,11,12,WINTER,11 -> 12,ZERO_BASED_TO_CALENDAR,HIGH
2,2015,11,12,WINTER,11 -> 12,ZERO_BASED_TO_CALENDAR,HIGH
3,2015,11,12,WINTER,11 -> 12,ZERO_BASED_TO_CALENDAR,HIGH
4,2015,11,12,WINTER,11 -> 12,ZERO_BASED_TO_CALENDAR,HIGH
5,2015,11,12,WINTER,11 -> 12,ZERO_BASED_TO_CALENDAR,HIGH
6,2015,11,12,WINTER,11 -> 12,ZERO_BASED_TO_CALENDAR,HIGH
7,2015,11,12,WINTER,11 -> 12,ZERO_BASED_TO_CALENDAR,HIGH
8,2015,11,12,WINTER,11 -> 12,ZERO_BASED_TO_CALENDAR,HIGH
9,2015,11,12,WINTER,11 -> 12,ZERO_BASED_TO_CALENDAR,HIGH
10,2015,11,12,WINTER,11 -> 12,ZERO_BASED_TO_CALENDAR,HIGH
11,2015,11,12,WINTER,11 -> 12,ZERO_BASED_TO_CALENDAR,HIGH
12,2015,11,12,WINTER,11 -> 12,ZERO_BASED_TO_CALENDAR,HIGH
13,2015,11,12,WINTER,11 -> 12,ZERO_BASED_TO_CALENDAR,HIGH
14,2015,11,12,WINTER,11 -> 12,ZERO_BASED_TO_CALENDAR,HIGH
15,2015,11,12,WINTER,11 -> 12,ZERO_BASED_TO_CALENDAR,HIGH
16,2015,11,12,WINTER,11 -> 12,ZERO_BASED_TO_CALENDAR,HIGH
17,2015,11,12,WINTER,11 -> 12,ZERO_BASED_TO_CALENDAR,HIGH
18,2015,11,12,WINTER,11 -> 12,ZERO_BASED_TO_CALENDAR,HIGH
19,2015,11,12,WINTER,11 -> 12,ZERO_BASED_TO_CALENDAR,HIGH
20,2015,11,12,WINTER,11 -> 12,ZERO_BASED_TO_CALENDAR,HIGH
21,2015,11,12,WINTER,11 -> 12,ZERO_BASED_TO_CALENDAR,HIGH
22,2015,11,12,WINTER,11 -> 12,ZERO_BASED_TO_CALENDAR,HIGH
23,2015,11,12,WINTER,11 -> 12,ZERO_BASED_TO_CALENDAR,HIGH
24,2015,11,12,WINTER,11 -> 12,ZERO_BASED_TO_CALENDAR,HIGH
25,2015,11,12,WINTER,11 -> 12,ZERO_BASED_TO_CALENDAR,HIGH
26,2015,11,12,WINTER,11 -> 12,ZERO_BASED_TO_CALENDAR,HIGH
27,2015,11,12,WINTER,11 -> 12,ZERO_BASED_TO_CALENDAR,HIGH
28,2015,11,12,WINTER,11 -> 12,ZERO_BASED_TO_CALENDAR,HIGH
29,2015,11,12,WINTER,11 -> 12,ZERO_BASED_TO_CALENDAR,HIGH
30,2015,11,12,WINTER,11 -> 12,ZERO_BASED_TO_CALENDAR,HIGH
31,2015,11,12,WINTER,11 -> 12,ZERO_BASED_TO_CALENDAR,HIGH
32,2015,11,12,WINTER,11 -> 12,ZERO_BASED_TO_CALENDAR,HIGH
33,2015,11,12,WINTER,11 -> 12,ZERO_BASED_TO_CALENDAR,HIGH
34,2015,11,12,WINTER,11 -> 12,ZERO_BASED_TO_CALENDAR,HIGH
35,2015,11,12,WINTER,11 -> 12,ZERO_BASED_TO_CALENDAR,HIGH
0,2015,10,11,POST_MONSOON,10 -> 11,ZERO_BASED_TO_CALENDAR,HIGH
1,2015,10,11,POST_MONSOON,10 -> 11,ZERO_BASED_TO_CALENDAR,HIGH
2,2015,10,11,POST_MONSOON,10 -> 11,ZERO_BASED_TO_CALENDAR,HIGH
3,2015,10,11,POST_MONSOON,10 -> 11,ZERO_BASED_TO_CALENDAR,HIGH
4,2015,10,11,POST_MONSOON,10 -> 11,ZERO_BASED_TO_CALENDAR,HIGH
5,2015,10,11,POST_MONSOON,10 -> 11,ZERO_BASED_TO_CALENDAR,HIGH
6,2015,10,11,POST_MONSOON,10 -> 11,ZERO_BASED_TO_CALENDAR,HIGH
7,2015,10,11,POST_MONSOON,10 -> 11,ZERO_BASED_TO_CALENDAR,HIGH
8,2015,10,11,POST_MONSOON,10 -> 11,ZERO_BASED_TO_CALENDAR,HIGH
9,2015,10,11,POST_MONSOON,10 -> 11,ZERO_BASED_TO_CALENDAR,HIGH
10,2015,10,11,POST_MONSOON,10 -> 11,ZERO_BASED_TO_CALENDAR,HIGH
11,2015,10,11,POST_MONSOON,10 -> 11,ZERO_BASED_TO_CALENDAR,HIGH
12,2015,10,11,POST_MONSOON,10 -> 11,ZERO_BASED_TO_CALENDAR,HIGH
13,2015,10,11,POST_MONSOON,10 -> 11,ZERO_BASED_TO_CALENDAR,HIGH
14,2015,10,11,POST_MONSOON,10 -> 11,ZERO_BASED_TO_CALENDAR,HIGH
15,2015,10,11,POST_MONSOON,10 -> 11,ZERO_BASED_TO_CALENDAR,HIGH
16,2015,10,11,POST_MONSOON,10 -> 11,ZERO_BASED_TO_CALENDAR,HIGH
17,2015,10,11,POST_MONSOON,10 -> 11,ZERO_BASED_TO_CALENDAR,HIGH
18,2015,10,11,POST_MONSOON,10 -> 11,ZERO_BASED_TO_CALENDAR,HIGH
19,2015,10,11,POST_MONSOON,10 -> 11,ZERO_BASED_TO_CALENDAR,HIGH
20,2015,10,11,POST_MONSOON,10 -> 11,ZERO_BASED_TO_CALENDAR,HIGH
21,2015,10,11,POST_MONSOON,10 -> 11,ZERO_BASED_TO_CALENDAR,HIGH
22,2015,10,11,POST_MONSOON,10 -> 11,ZERO_BASED_TO_CALENDAR,HIGH
23,2015,10,11,POST_MONSOON,10 -> 11,ZERO_BASED_TO_CALENDAR,HIGH
24,2015,10,11,POST_MONSOON,10 -> 11,ZERO_BASED_TO_CALENDAR,HIGH
25,2015,10,11,POST_MONSOON,10 -> 11,ZERO_BASED_TO_CALENDAR,HIGH
26,2015,10,11,POST_MONSOON,10 -> 11,ZERO_BASED_TO_CALENDAR,HIGH
27,2015,10,11,POST_MONSOON,10 -> 11,ZERO_BASED_TO_CALENDAR,HIGH
28,2015,10,11,POST_MONSOON,10 -> 11,ZERO_BASED_TO_CALENDAR,HIGH
29,2015,10,11,POST_MONSOON,10 -> 11,ZERO_BASED_TO_CALENDAR,HIGH
30,2015,10,11,POST_MONSOON,10 -> 11,ZERO_BASED_TO_CALENDAR,HIGH
31,2015,10,11,POST_MONSOON,10 -> 11,ZERO_BASED_TO_CALENDAR,HIGH
32,2015,10,11,POST_MONSOON,10 -> 11,ZERO_BASED_TO_CALENDAR,HIGH
33,2015,10,11,POST_MONSOON,10 -> 11,ZERO_BASED_TO_CALENDAR,HIGH
34,2015,10,11,POST_MONSOON,10 -> 11,ZERO_BASED_TO_CALENDAR,HIGH
35,2015,10,11,POST_MONSOON,10 -> 11,ZERO_BASED_TO_CALENDAR,HIGH
0,2015,9,10,POST_MONSOON,9 -> 10,ZERO_BASED_TO_CALENDAR,HIGH
1,2015,9,10,POST_MONSOON,9 -> 10,ZERO_BASED_TO_CALENDAR,HIGH
2,2015,9,10,POST_MONSOON,9 -> 10,ZERO_BASED_TO_CALENDAR,HIGH
3,2015,9,10,POST_MONSOON,9 -> 10,ZERO_BASED_TO_CALENDAR,HIGH
4,2015,9,10,POST_MONSOON,9 -> 10,ZERO_BASED_TO_CALENDAR,HIGH
5,2015,9,10,POST_MONSOON,9 -> 10,ZERO_BASED_TO_CALENDAR,HIGH
6,2015,9,10,POST_MONSOON,9 -> 10,ZERO_BASED_TO_CALENDAR,HIGH
7,2015,9,10,POST_MONSOON,9 -> 10,ZERO_BASED_TO_CALENDAR,HIGH
8,2015,9,10,POST_MONSOON,9 -> 10,ZERO_BASED_TO_CALENDAR,HIGH
9,2015,9,10,POST_MONSOON,9 -> 10,ZERO_BASED_TO_CALENDAR,HIGH
10,2015,9,10,POST_MONSOON,9 -> 10,ZERO_BASED_TO_CALENDAR,HIGH
11,2015,9,10,POST_MONSOON,9 -> 10,ZERO_BASED_TO_CALENDAR,HIGH
12,2015,9,10,POST_MONSOON,9 -> 10,ZERO_BASED_TO_CALENDAR,HIGH
13,2015,9,10,POST_MONSOON,9 -> 10,ZERO_BASED_TO_CALENDAR,HIGH
14,2015,9,10,POST_MONSOON,9 -> 10,ZERO_BASED_TO_CALENDAR,HIGH
15,2015,9,10,POST_MONSOON,9 -> 10,ZERO_BASED_TO_CALENDAR,HIGH
16,2015,9,10,POST_MONSOON,9 -> 10,ZERO_BASED_TO_CALENDAR,HIGH
17,2015,9,10,POST_MONSOON,9 -> 10,ZERO_BASED_TO_CALENDAR,HIGH
18,2015,9,10,POST_MONSOON,9 -> 10,ZERO_BASED_TO_CALENDAR,HIGH
19,2015,9,10,POST_MONSOON,9 -> 10,ZERO_BASED_TO_CALENDAR,HIGH
20,2015,9,10,POST_MONSOON,9 -> 10,ZERO_BASED_TO_CALENDAR,HIGH
21,2015,9,10,POST_MONSOON,9 -> 10,ZERO_BASED_TO_CALENDAR,HIGH
22,2015,9,10,POST_MONSOON,9 -> 10,ZERO_BASED_TO_CALENDAR,HIGH
23,2015,9,10,POST_MONSOON,9 -> 10,ZERO_BASED_TO_CALENDAR,HIGH
24,2015,9,10,POST_MONSOON,9 -> 10,ZERO_BASED_TO_CALENDAR,HIGH
25,2015,9,10,POST_MONSOON,9 -> 10,ZERO_BASED_TO_CALENDAR,HIGH
26,2015,9,10,POST_MONSOON,9 -> 10,ZERO_BASED_TO_CALENDAR,HIGH
27,2015,9,10,POST_MONSOON,9 -> 10,ZERO_BASED_TO_CALENDAR,HIGH
28,2015,9,10,POST_MONSOON,9 -> 10,ZERO_BASED_TO_CALENDAR,HIGH
29,2015,9,10,POST_MONSOON,9 -> 10,ZERO_BASED_TO_CALENDAR,HIGH
30,2015,9,10,POST_MONSOON,9 -> 10,ZERO_BASED_TO_CALENDAR,HIGH
31,2015,9,10,POST_MONSOON,9 -> 10,ZERO_BASED_TO_CALENDAR,HIGH
32,2015,9,10,POST_MONSOON,9 -> 10,ZERO_BASED_TO_CALENDAR,HIGH
33,2015,9,10,POST_MONSOON,9 -> 10,ZERO_BASED_TO_CALENDAR,HIGH
34,2015,9,10,POST_MONSOON,9 -> 10,ZERO_BASED_TO_CALENDAR,HIGH
35,2015,9,10,POST_MONSOON,9 -> 10,ZERO_BASED_TO_CALENDAR,HIGH
0,2015,2,3,PRE_MONSOON,2 -> 3,ZERO_BASED_TO_CALENDAR,HIGH
1,2015,2,3,PRE_MONSOON,2 -> 3,ZERO_BASED_TO_CALENDAR,HIGH
2,2015,2,3,PRE_MONSOON,2 -> 3,ZERO_BASED_TO_CALENDAR,HIGH
3,2015,2,3,PRE_MONSOON,2 -> 3,ZERO_BASED_TO_CALENDAR,HIGH
4,2015,2,3,PRE_MONSOON,2 -> 3,ZERO_BASED_TO_CALENDAR,HIGH
5,2015,2,3,PRE_MONSOON,2 -> 3,ZERO_BASED_TO_CALENDAR,HIGH
6,2015,2,3,PRE_MONSOON,2 -> 3,ZERO_BASED_TO_CALENDAR,HIGH
7,2015,2,3,PRE_MONSOON,2 -> 3,ZERO_BASED_TO_CALENDAR,HIGH
8,2015,2,3,PRE_MONSOON,2 -> 3,ZERO_BASED_TO_CALENDAR,HIGH
9,2015,2,3,PRE_MONSOON,2 -> 3,ZERO_BASED_TO_CALENDAR,HIGH
10,2015,2,3,PRE_MONSOON,2 -> 3,ZERO_BASED_TO_CALENDAR,HIGH
11,2015,2,3,PRE_MONSOON,2 -> 3,ZERO_BASED_TO_CALENDAR,HIGH
12,2015,2,3,PRE_MONSOON,2 -> 3,ZERO_BASED_TO_CALENDAR,HIGH
13,2015,2,3,PRE_MONSOON,2 -> 3,ZERO_BASED_TO_CALENDAR,HIGH
14,2015,2,3,PRE_MONSOON,2 -> 3,ZERO_BASED_TO_CALENDAR,HIGH
15,2015,2,3,PRE_MONSOON,2 -> 3,ZERO_BASED_TO_CALENDAR,HIGH
16,2015,2,3,PRE_MONSOON,2 -> 3,ZERO_BASED_TO_CALENDAR,HIGH
17,2015,2,3,PRE_MONSOON,2 -> 3,ZERO_BASED_TO_CALENDAR,HIGH
18,2015,2,3,PRE_MONSOON,2 -> 3,ZERO_BASED_TO_CALENDAR,HIGH
19,2015,2,3,PRE_MONSOON,2 -> 3,ZERO_BASED_TO_CALENDAR,HIGH
20,2015,2,3,PRE_MONSOON,2 -> 3,ZERO_BASED_TO_CALENDAR,HIGH
21,2015,2,3,PRE_MONSOON,2 -> 3,ZERO_BASED_TO_CALENDAR,HIGH
22,2015,2,3,PRE_MONSOON,2 -> 3,ZERO_BASED_TO_CALENDAR,HIGH
23,2015,2,3,PRE_MONSOON,2 -> 3,ZERO_BASED_TO_CALENDAR,HIGH
24,2015,2,3,PRE_MONSOON,2 -> 3,ZERO_BASED_TO_CALENDAR,HIGH
25,2015,2,3,PRE_MONSOON,2 -> 3,ZERO_BASED_TO_CALENDAR,HIGH
26,2015,2,3,PRE_MONSOON,2 -> 3,ZERO_BASED_TO_CALENDAR,HIGH
27,2015,2,3,PRE_MONSOON,2 -> 3,ZERO_BASED_TO_CALENDAR,HIGH
28,2015,2,3,PRE_MONSOON,2 -> 3,ZERO_BASED_TO_CALENDAR,HIGH
29,2015,2,3,PRE_MONSOON,2 -> 3,ZERO_BASED_TO_CALENDAR,HIGH
30,2015,2,3,PRE_MONSOON,2 -> 3,ZERO_BASED_TO_CALENDAR,HIGH
31,2015,2,3,PRE_MONSOON,2 -> 3,ZERO_BASED_TO_CALENDAR,HIGH
32,2015,2,3,PRE_MONSOON,2 -> 3,ZERO_BASED_TO_CALENDAR,HIGH
33,2015,2,3,PRE_MONSOON,2 -> 3,ZERO_BASED_TO_CALENDAR,HIGH
34,2015,2,3,PRE_MONSOON,2 -> 3,ZERO_BASED_TO_CALENDAR,HIGH
35,2015,2,3,PRE_MONSOON,2 -> 3,ZERO_BASED_TO_CALENDAR,HIGH
0,2016,4,5,PRE_MONSOON,4 -> 5,ZERO_BASED_TO_CALENDAR,HIGH
1,2016,4,5,PRE_MONSOON,4 -> 5,ZERO_BASED_TO_CALENDAR,HIGH
2,2016,4,5,PRE_MONSOON,4 -> 5,ZERO_BASED_TO_CALENDAR,HIGH
3,2016,4,5,PRE_MONSOON,4 -> 5,ZERO_BASED_TO_CALENDAR,HIGH
4,2016,4,5,PRE_MONSOON,4 -> 5,ZERO_BASED_TO_CALENDAR,HIGH
5,2016,4,5,PRE_MONSOON,4 -> 5,ZERO_BASED_TO_CALENDAR,HIGH
6,2016,4,5,PRE_MONSOON,4 -> 5,ZERO_BASED_TO_CALENDAR,HIGH
7,2016,4,5,PRE_MONSOON,4 -> 5,ZERO_BASED_TO_CALENDAR,HIGH
8,2016,4,5,PRE_MONSOON,4 -> 5,ZERO_BASED_TO_CALENDAR,HIGH
9,2016,4,5,PRE_MONSOON,4 -> 5,ZERO_BASED_TO_CALENDAR,HIGH
10,2016,4,5,PRE_MONSOON,4 -> 5,ZERO_BASED_TO_CALENDAR,HIGH
11,2016,4,5,PRE_MONSOON,4 -> 5,ZERO_BASED_TO_CALENDAR,HIGH
12,2016,4,5,PRE_MONSOON,4 -> 5,ZERO_BASED_TO_CALENDAR,HIGH
13,2016,4,5,PRE_MONSOON,4 -> 5,ZERO_BASED_TO_CALENDAR,HIGH
14,2016,4,5,PRE_MONSOON,4 -> 5,ZERO_BASED_TO_CALENDAR,HIGH
15,2016,4,5,PRE_MONSOON,4 -> 5,ZERO_BASED_TO_CALENDAR,HIGH
16,2016,4,5,PRE_MONSOON,4 -> 5,ZERO_BASED_TO_CALENDAR,HIGH
17,2016,4,5,PRE_MONSOON,4 -> 5,ZERO_BASED_TO_CALENDAR,HIGH
18,2016,4,5,PRE_MONSOON,4 -> 5,ZERO_BASED_TO_CALENDAR,HIGH
19,2016,4,5,PRE_MONSOON,4 -> 5,ZERO_BASED_TO_CALENDAR,HIGH
20,2016,4,5,PRE_MONSOON,4 -> 5,ZERO_BASED_TO_CALENDAR,HIGH
21,2016,4,5,PRE_MONSOON,4 -> 5,ZERO_BASED_TO_CALENDAR,HIGH
22,2016,4,5,PRE_MONSOON,4 -> 5,ZERO_BASED_TO_CALENDAR,HIGH
23,2016,4,5,PRE_MONSOON,4 -> 5,ZERO_BASED_TO_CALENDAR,HIGH
24,2016,4,5,PRE_MONSOON,4 -> 5,ZERO_BASED_TO_CALENDAR,HIGH
25,2016,4,5,PRE_MONSOON,4 -> 5,ZERO_BASED_TO_CALENDAR,HIGH
26,2016,4,5,PRE_MONSOON,4 -> 5,ZERO_BASED_TO_CALENDAR,HIGH
27,2016,4,5,PRE_MONSOON,4 -> 5,ZERO_BASED_TO_CALENDAR,HIGH
28,2016,4,5,PRE_MONSOON,4 -> 5,ZERO_BASED_TO_CALENDAR,HIGH
29,2016,4,5,PRE_MONSOON,4 -> 5,ZERO_BASED_TO_CALENDAR,HIGH
30,2016,4,5,PRE_MONSOON,4 -> 5,ZERO_BASED_TO_CALENDAR,HIGH
31,2016,4,5,PRE_MONSOON,4 -> 5,ZERO_BASED_TO_CALENDAR,HIGH
32,2016,4,5,PRE_MONSOON,4 -> 5,ZERO_BASED_TO_CALENDAR,HIGH
33,2016,4,5,PRE_MONSOON,4 -> 5,ZERO_BASED_TO_CALENDAR,HIGH
34,2016,4,5,PRE_MONSOON,4 -> 5,ZERO_BASED_TO_CALENDAR,HIGH
35,2016,4,5,PRE_MONSOON,4 -> 5,ZERO_BASED_TO_CALENDAR,HIGH
0,2016,3,4,PRE_MONSOON,3 -> 4,ZERO_BASED_TO_CALENDAR,HIGH
1,2016,3,4,PRE_MONSOON,3 -> 4,ZERO_BASED_TO_CALENDAR,HIGH
2,2016,3,4,PRE_MONSOON,3 -> 4,ZERO_BASED_TO_CALENDAR,HIGH
3,2016,3,4,PRE_MONSOON,3 -> 4,ZERO_BASED_TO_CALENDAR,HIGH
4,2016,3,4,PRE_MONSOON,3 -> 4,ZERO_BASED_TO_CALENDAR,HIGH
5,2016,3,4,PRE_MONSOON,3 -> 4,ZERO_BASED_TO_CALENDAR,HIGH
6,2016,3,4,PRE_MONSOON,3 -> 4,ZERO_BASED_TO_CALENDAR,HIGH
7,2016,3,4,PRE_MONSOON,3 -> 4,ZERO_BASED_TO_CALENDAR,HIGH
8,2016,3,4,PRE_MONSOON,3 -> 4,ZERO_BASED_TO_CALENDAR,HIGH
9,2016,3,4,PRE_MONSOON,3 -> 4,ZERO_BASED_TO_CALENDAR,HIGH
10,2016,3,4,PRE_MONSOON,3 -> 4,ZERO_BASED_TO_CALENDAR,HIGH
11,2016,3,4,PRE_MONSOON,3 -> 4,ZERO_BASED_TO_CALENDAR,HIGH
12,2016,3,4,PRE_MONSOON,3 -> 4,ZERO_BASED_TO_CALENDAR,HIGH
13,2016,3,4,PRE_MONSOON,3 -> 4,ZERO_BASED_TO_CALENDAR,HIGH
14,2016,3,4,PRE_MONSOON,3 -> 4,ZERO_BASED_TO_CALENDAR,HIGH
15,2016,3,4,PRE_MONSOON,3 -> 4,ZERO_BASED_TO_CALENDAR,HIGH
16,2016,3,4,PRE_MONSOON,3 -> 4,ZERO_BASED_TO_CALENDAR,HIGH
17,2016,3,4,PRE_MONSOON,3 -> 4,ZERO_BASED_TO_CALENDAR,HIGH
18,2016,3,4,PRE_MONSOON,3 -> 4,ZERO_BASED_TO_CALENDAR,HIGH
19,2016,3,4,PRE_MONSOON,3 -> 4,ZERO_BASED_TO_CALENDAR,HIGH
20,2016,3,4,PRE_MONSOON,3 -> 4,ZERO_BASED_TO_CALENDAR,HIGH
21,2016,3,4,PRE_MONSOON,3 -> 4,ZERO_BASED_TO_CALENDAR,HIGH
22,2016,3,4,PRE_MONSOON,3 -> 4,ZERO_BASED_TO_CALENDAR,HIGH
23,2016,3,4,PRE_MONSOON,3 -> 4,ZERO_BASED_TO_CALENDAR,HIGH
24,2016,3,4,PRE_MONSOON,3 -> 4,ZERO_BASED_TO_CALENDAR,HIGH
25,2016,3,4,PRE_MONSOON,3 -> 4,ZERO_BASED_TO_CALENDAR,HIGH
26,2016,3,4,PRE_MONSOON,3 -> 4,ZERO_BASED_TO_CALENDAR,HIGH
27,2016,3,4,PRE_MONSOON,3 -> 4,ZERO_BASED_TO_CALENDAR,HIGH
28,2016,3,4,PRE_MONSOON,3 -> 4,ZERO_BASED_TO_CALENDAR,HIGH
29,2016,3,4,PRE_MONSOON,3 -> 4,ZERO_BASED_TO_CALENDAR,HIGH
30,2016,3,4,PRE_MONSOON,3 -> 4,ZERO_BASED_TO_CALENDAR,HIGH
31,2016,3,4,PRE_MONSOON,3 -> 4,ZERO_BASED_TO_CALENDAR,HIGH
32,2016,3,4,PRE_MONSOON,3 -> 4,ZERO_BASED_TO_CALENDAR,HIGH
33,2016,3,4,PRE_MONSOON,3 -> 4,ZERO_BASED_TO_CALENDAR,HIGH
34,2016,3,4,PRE_MONSOON,3 -> 4,ZERO_BASED_TO_CALENDAR,HIGH
35,2016,3,4,PRE_MONSOON,3 -> 4,ZERO_BASED_TO_CALENDAR,HIGH
0,2016,7,8,MONSOON,7 -> 8,ZERO_BASED_TO_CALENDAR,HIGH
1,2016,7,8,MONSOON,7 -> 8,ZERO_BASED_TO_CALENDAR,HIGH
2,2016,7,8,MONSOON,7 -> 8,ZERO_BASED_TO_CALENDAR,HIGH
3,2016,7,8,MONSOON,7 -> 8,ZERO_BASED_TO_CALENDAR,HIGH
4,2016,7,8,MONSOON,7 -> 8,ZERO_BASED_TO_CALENDAR,HIGH
5,2016,7,8,MONSOON,7 -> 8,ZERO_BASED_TO_CALENDAR,HIGH
6,2016,7,8,MONSOON,7 -> 8,ZERO_BASED_TO_CALENDAR,HIGH
7,2016,7,8,MONSOON,7 -> 8,ZERO_BASED_TO_CALENDAR,HIGH
8,2016,7,8,MONSOON,7 -> 8,ZERO_BASED_TO_CALENDAR,HIGH
9,2016,7,8,MONSOON,7 -> 8,ZERO_BASED_TO_CALENDAR,HIGH
10,2016,7,8,MONSOON,7 -> 8,ZERO_BASED_TO_CALENDAR,HIGH
11,2016,7,8,MONSOON,7 -> 8,ZERO_BASED_TO_CALENDAR,HIGH
12,2016,7,8,MONSOON,7 -> 8,ZERO_BASED_TO_CALENDAR,HIGH
13,2016,7,8,MONSOON,7 -> 8,ZERO_BASED_TO_CALENDAR,HIGH
14,2016,7,8,MONSOON,7 -> 8,ZERO_BASED_TO_CALENDAR,HIGH
15,2016,7,8,MONSOON,7 -> 8,ZERO_BASED_TO_CALENDAR,HIGH
16,2016,7,8,MONSOON,7 -> 8,ZERO_BASED_TO_CALENDAR,HIGH
17,2016,7,8,MONSOON,7 -> 8,ZERO_BASED_TO_CALENDAR,HIGH
18,2016,7,8,MONSOON,7 -> 8,ZERO_BASED_TO_CALENDAR,HIGH
19,2016,7,8,MONSOON,7 -> 8,ZERO_BASED_TO_CALENDAR,HIGH
20,2016,7,8,MONSOON,7 -> 8,ZERO_BASED_TO_CALENDAR,HIGH
21,2016,7,8,MONSOON,7 -> 8,ZERO_BASED_TO_CALENDAR,HIGH
22,2016,7,8,MONSOON,7 -> 8,ZERO_BASED_TO_CALENDAR,HIGH
23,2016,7,8,MONSOON,7 -> 8,ZERO_BASED_TO_CALENDAR,HIGH
24,2016,7,8,MONSOON,7 -> 8,ZERO_BASED_TO_CALENDAR,HIGH
25,2016,7,8,MONSOON,7 -> 8,ZERO_BASED_TO_CALENDAR,HIGH
26,2016,7,8,MONSOON,7 -> 8,ZERO_BASED_TO_CALENDAR,HIGH
27,2016,7,8,MONSOON,7 -> 8,ZERO_BASED_TO_CALENDAR,HIGH
28,2016,7,8,MONSOON,7 -> 8,ZERO_BASED_TO_CALENDAR,HIGH
29,2016,7,8,MONSOON,7 -> 8,ZERO_BASED_TO_CALENDAR,HIGH
30,2016,7,8,MONSOON,7 -> 8,ZERO_BASED_TO_CALENDAR,HIGH
31,2016,7,8,MONSOON,7 -> 8,ZERO_BASED_TO_CALENDAR,HIGH
32,2016,7,8,MONSOON,7 -> 8,ZERO_BASED_TO_CALENDAR,HIGH
33,2016,7,8,MONSOON,7 -> 8,ZERO_BASED_TO_CALENDAR,HIGH
34,2016,7,8,MONSOON,7 -> 8,ZERO_BASED_TO_CALENDAR,HIGH
35,2016,7,8,MONSOON,7 -> 8,ZERO_BASED_TO_CALENDAR,HIGH
0,2016,0,1,WINTER,0 -> 1,ZERO_BASED_TO_CALENDAR,HIGH
1,2016,0,1,WINTER,0 -> 1,ZERO_BASED_TO_CALENDAR,HIGH
2,2016,0,1,WINTER,0 -> 1,ZERO_BASED_TO_CALENDAR,HIGH
3,2016,0,1,WINTER,0 -> 1,ZERO_BASED_TO_CALENDAR,HIGH
4,2016,0,1,WINTER,0 -> 1,ZERO_BASED_TO_CALENDAR,HIGH
5,2016,0,1,WINTER,0 -> 1,ZERO_BASED_TO_CALENDAR,HIGH
6,2016,0,1,WINTER,0 -> 1,ZERO_BASED_TO_CALENDAR,HIGH
7,2016,0,1,WINTER,0 -> 1,ZERO_BASED_TO_CALENDAR,HIGH
8,2016,0,1,WINTER,0 -> 1,ZERO_BASED_TO_CALENDAR,HIGH
9,2016,0,1,WINTER,0 -> 1,ZERO_BASED_TO_CALENDAR,HIGH
10,2016,0,1,WINTER,0 -> 1,ZERO_BASED_TO_CALENDAR,HIGH
11,2016,0,1,WINTER,0 -> 1,ZERO_BASED_TO_CALENDAR,HIGH
12,2016,0,1,WINTER,0 -> 1,ZERO_BASED_TO_CALENDAR,HIGH
13,2016,0,1,WINTER,0 -> 1,ZERO_BASED_TO_CALENDAR,HIGH
14,2016,0,1,WINTER,0 -> 1,ZERO_BASED_TO_CALENDAR,HIGH
15,2016,0,1,WINTER,0 -> 1,ZERO_BASED_TO_CALENDAR,HIGH
16,2016,0,1,WINTER,0 -> 1,ZERO_BASED_TO_CALENDAR,HIGH
17,2016,0,1,WINTER,0 -> 1,ZERO_BASED_TO_CALENDAR,HIGH
18,2016,0,1,WINTER,0 -> 1,ZERO_BASED_TO_CALENDAR,HIGH
19,2016,0,1,WINTER,0 -> 1,ZERO_BASED_TO_CALENDAR,HIGH
20,2016,0,1,WINTER,0 -> 1,ZERO_BASED_TO_CALENDAR,HIGH
21,2016,0,1,WINTER,0 -> 1,ZERO_BASED_TO_CALENDAR,HIGH
22,2016,0,1,WINTER,0 -> 1,ZERO_BASED_TO_CALENDAR,HIGH
23,2016,0,1,WINTER,0 -> 1,ZERO_BASED_TO_CALENDAR,HIGH
24,2016,0,1,WINTER,0 -> 1,ZERO_BASED_TO_CALENDAR,HIGH
25,2016,0,1,WINTER,0 -> 1,ZERO_BASED_TO_CALENDAR,HIGH
26,2016,0,1,WINTER,0 -> 1,ZERO_BASED_TO_CALENDAR,HIGH
27,2016,0,1,WINTER,0 -> 1,ZERO_BASED_TO_CALENDAR,HIGH
28,2016,0,1,WINTER,0 -> 1,ZERO_BASED_TO_CALENDAR,HIGH
29,2016,0,1,WINTER,0 -> 1,ZERO_BASED_TO_CALENDAR,HIGH
30,2016,0,1,WINTER,0 -> 1,ZERO_BASED_TO_CALENDAR,HIGH
31,2016,0,1,WINTER,0 -> 1,ZERO_BASED_TO_CALENDAR,HIGH
32,2016,0,1,WINTER,0 -> 1,ZERO_BASED_TO_CALENDAR,HIGH
33,2016,0,1,WINTER,0 -> 1,ZERO_BASED_TO_CALENDAR,HIGH
34,2016,0,1,WINTER,0 -> 1,ZERO_BASED_TO_CALENDAR,HIGH
35,2016,0,1,WINTER,0 -> 1,ZERO_BASED_TO_CALENDAR,HIGH
0,2016,8,9,MONSOON,8 -> 9,ZERO_BASED_TO_CALENDAR,HIGH
1,2016,8,9,MONSOON,8 -> 9,ZERO_BASED_TO_CALENDAR,HIGH
2,2016,8,9,MONSOON,8 -> 9,ZERO_BASED_TO_CALENDAR,HIGH
3,2016,8,9,MONSOON,8 -> 9,ZERO_BASED_TO_CALENDAR,HIGH
4,2016,8,9,MONSOON,8 -> 9,ZERO_BASED_TO_CALENDAR,HIGH
5,2016,8,9,MONSOON,8 -> 9,ZERO_BASED_TO_CALENDAR,HIGH
6,2016,8,9,MONSOON,8 -> 9,ZERO_BASED_TO_CALENDAR,HIGH
7,2016,8,9,MONSOON,8 -> 9,ZERO_BASED_TO_CALENDAR,HIGH
8,2016,8,9,MONSOON,8 -> 9,ZERO_BASED_TO_CALENDAR,HIGH
9,2016,8,9,MONSOON,8 -> 9,ZERO_BASED_TO_CALENDAR,HIGH
10,2016,8,9,MONSOON,8 -> 9,ZERO_BASED_TO_CALENDAR,HIGH
11,2016,8,9,MONSOON,8 -> 9,ZERO_BASED_TO_CALENDAR,HIGH
12,2016,8,9,MONSOON,8 -> 9,ZERO_BASED_TO_CALENDAR,HIGH
13,2016,8,9,MONSOON,8 -> 9,ZERO_BASED_TO_CALENDAR,HIGH
14,2016,8,9,MONSOON,8 -> 9,ZERO_BASED_TO_CALENDAR,HIGH
15,2016,8,9,MONSOON,8 -> 9,ZERO_BASED_TO_CALENDAR,HIGH
16,2016,8,9,MONSOON,8 -> 9,ZERO_BASED_TO_CALENDAR,HIGH
17,2016,8,9,MONSOON,8 -> 9,ZERO_BASED_TO_CALENDAR,HIGH
18,2016,8,9,MONSOON,8 -> 9,ZERO_BASED_TO_CALENDAR,HIGH
19,2016,8,9,MONSOON,8 -> 9,ZERO_BASED_TO_CALENDAR,HIGH
20,2016,8,9,MONSOON,8 -> 9,ZERO_BASED_TO_CALENDAR,HIGH
21,2016,8,9,MONSOON,8 -> 9,ZERO_BASED_TO_CALENDAR,HIGH
22,2016,8,9,MONSOON,8 -> 9,ZERO_BASED_TO_CALENDAR,HIGH
23,2016,8,9,MONSOON,8 -> 9,ZERO_BASED_TO_CALENDAR,HIGH
24,2016,8,9,MONSOON,8 -> 9,ZERO_BASED_TO_CALENDAR,HIGH
25,2016,8,9,MONSOON,8 -> 9,ZERO_BASED_TO_CALENDAR,HIGH
26,2016,8,9,MONSOON,8 -> 9,ZERO_BASED_TO_CALENDAR,HIGH
27,2016,8,9,MONSOON,8 -> 9,ZERO_BASED_TO_CALENDAR,HIGH
28,2016,8,9,MONSOON,8 -> 9,ZERO_BASED_TO_CALENDAR,HIGH
29,2016,8,9,MONSOON,8 -> 9,ZERO_BASED_TO_CALENDAR,HIGH
30,2016,8,9,MONSOON,8 -> 9,ZERO_BASED_TO_CALENDAR,HIGH
31,2016,8,9,MONSOON,8 -> 9,ZERO_BASED_TO_CALENDAR,HIGH
32,2016,8,9,MONSOON,8 -> 9,ZERO_BASED_TO_CALENDAR,HIGH
33,2016,8,9,MONSOON,8 -> 9,ZERO_BASED_TO_CALENDAR,HIGH
34,2016,8,9,MONSOON,8 -> 9,ZERO_BASED_TO_CALENDAR,HIGH
35,2016,8,9,MONSOON,8 -> 9,ZERO_BASED_TO_CALENDAR,HIGH
0,2016,6,7,MONSOON,6 -> 7,ZERO_BASED_TO_CALENDAR,HIGH
1,2016,6,7,MONSOON,6 -> 7,ZERO_BASED_TO_CALENDAR,HIGH
2,2016,6,7,MONSOON,6 -> 7,ZERO_BASED_TO_CALENDAR,HIGH
3,2016,6,7,MONSOON,6 -> 7,ZERO_BASED_TO_CALENDAR,HIGH
4,2016,6,7,MONSOON,6 -> 7,ZERO_BASED_TO_CALENDAR,HIGH
5,2016,6,7,MONSOON,6 -> 7,ZERO_BASED_TO_CALENDAR,HIGH
6,2016,6,7,MONSOON,6 -> 7,ZERO_BASED_TO_CALENDAR,HIGH
7,2016,6,7,MONSOON,6 -> 7,ZERO_BASED_TO_CALENDAR,HIGH
8,2016,6,7,MONSOON,6 -> 7,ZERO_BASED_TO_CALENDAR,HIGH
9,2016,6,7,MONSOON,6 -> 7,ZERO_BASED_TO_CALENDAR,HIGH
10,2016,6,7,MONSOON,6 -> 7,ZERO_BASED_TO_CALENDAR,HIGH
11,2016,6,7,MONSOON,6 -> 7,ZERO_BASED_TO_CALENDAR,HIGH
12,2016,6,7,MONSOON,6 -> 7,ZERO_BASED_TO_CALENDAR,HIGH
13,2016,6,7,MONSOON,6 -> 7,ZERO_BASED_TO_CALENDAR,HIGH
14,2016,6,7,MONSOON,6 -> 7,ZERO_BASED_TO_CALENDAR,HIGH
15,2016,6,7,MONSOON,6 -> 7,ZERO_BASED_TO_CALENDAR,HIGH
16,2016,6,7,MONSOON,6 -> 7,ZERO_BASED_TO_CALENDAR,HIGH
17,2016,6,7,MONSOON,6 -> 7,ZERO_BASED_TO_CALENDAR,HIGH
18,2016,6,7,MONSOON,6 -> 7,ZERO_BASED_TO_CALENDAR,HIGH
19,2016,6,7,MONSOON,6 -> 7,ZERO_BASED_TO_CALENDAR,HIGH
20,2016,6,7,MONSOON,6 -> 7,ZERO_BASED_TO_CALENDAR,HIGH
21,2016,6,7,MONSOON,6 -> 7,ZERO_BASED_TO_CALENDAR,HIGH
22,2016,6,7,MONSOON,6 -> 7,ZERO_BASED_TO_CALENDAR,HIGH
23,2016,6,7,MONSOON,6 -> 7,ZERO_BASED_TO_CALENDAR,HIGH
24,2016,6,7,MONSOON,6 -> 7,ZERO_BASED_TO_CALENDAR,HIGH
25,2016,6,7,MONSOON,6 -> 7,ZERO_BASED_TO_CALENDAR,HIGH
26,2016,6,7,MONSOON,6 -> 7,ZERO_BASED_TO_CALENDAR,HIGH
27,2016,6,7,MONSOON,6 -> 7,ZERO_BASED_TO_CALENDAR,HIGH
28,2016,6,7,MONSOON,6 -> 7,ZERO_BASED_TO_CALENDAR,HIGH
29,2016,6,7,MONSOON,6 -> 7,ZERO_BASED_TO_CALENDAR,HIGH
30,2016,6,7,MONSOON,6 -> 7,ZERO_BASED_TO_CALENDAR,HIGH
31,2016,6,7,MONSOON,6 -> 7,ZERO_BASED_TO_CALENDAR,HIGH
32,2016,6,7,MONSOON,6 -> 7,ZERO_BASED_TO_CALENDAR,HIGH
33,2016,6,7,MONSOON,6 -> 7,ZERO_BASED_TO_CALENDAR,HIGH
34,2016,6,7,MONSOON,6 -> 7,ZERO_BASED_TO_CALENDAR,HIGH
35,2016,6,7,MONSOON,6 -> 7,ZERO_BASED_TO_CALENDAR,HIGH
0,2016,5,6,MONSOON,5 -> 6,ZERO_BASED_TO_CALENDAR,HIGH
1,2016,5,6,MONSOON,5 -> 6,ZERO_BASED_TO_CALENDAR,HIGH
2,2016,5,6,MONSOON,5 -> 6,ZERO_BASED_TO_CALENDAR,HIGH
3,2016,5,6,MONSOON,5 -> 6,ZERO_BASED_TO_CALENDAR,HIGH
4,2016,5,6,MONSOON,5 -> 6,ZERO_BASED_TO_CALENDAR,HIGH
5,2016,5,6,MONSOON,5 -> 6,ZERO_BASED_TO_CALENDAR,HIGH
6,2016,5,6,MONSOON,5 -> 6,ZERO_BASED_TO_CALENDAR,HIGH
7,2016,5,6,MONSOON,5 -> 6,ZERO_BASED_TO_CALENDAR,HIGH
8,2016,5,6,MONSOON,5 -> 6,ZERO_BASED_TO_CALENDAR,HIGH
9,2016,5,6,MONSOON,5 -> 6,ZERO_BASED_TO_CALENDAR,HIGH
10,2016,5,6,MONSOON,5 -> 6,ZERO_BASED_TO_CALENDAR,HIGH
11,2016,5,6,MONSOON,5 -> 6,ZERO_BASED_TO_CALENDAR,HIGH
12,2016,5,6,MONSOON,5 -> 6,ZERO_BASED_TO_CALENDAR,HIGH
13,2016,5,6,MONSOON,5 -> 6,ZERO_BASED_TO_CALENDAR,HIGH
14,2016,5,6,MONSOON,5 -> 6,ZERO_BASED_TO_CALENDAR,HIGH
15,2016,5,6,MONSOON,5 -> 6,ZERO_BASED_TO_CALENDAR,HIGH
16,2016,5,6,MONSOON,5 -> 6,ZERO_BASED_TO_CALENDAR,HIGH
17,2016,5,6,MONSOON,5 -> 6,ZERO_BASED_TO_CALENDAR,HIGH
18,2016,5,6,MONSOON,5 -> 6,ZERO_BASED_TO_CALENDAR,HIGH
19,2016,5,6,MONSOON,5 -> 6,ZERO_BASED_TO_CALENDAR,HIGH
20,2016,5,6,MONSOON,5 -> 6,ZERO_BASED_TO_CALENDAR,HIGH
21,2016,5,6,MONSOON,5 -> 6,ZERO_BASED_TO_CALENDAR,HIGH
22,2016,5,6,MONSOON,5 -> 6,ZERO_BASED_TO_CALENDAR,HIGH
23,2016,5,6,MONSOON,5 -> 6,ZERO_BASED_TO_CALENDAR,HIGH
24,2016,5,6,MONSOON,5 -> 6,ZERO_BASED_TO_CALENDAR,HIGH
25,2016,5,6,MONSOON,5 -> 6,ZERO_BASED_TO_CALENDAR,HIGH
26,2016,5,6,MONSOON,5 -> 6,ZERO_BASED_TO_CALENDAR,HIGH
27,2016,5,6,MONSOON,5 -> 6,ZERO_BASED_TO_CALENDAR,HIGH
28,2016,5,6,MONSOON,5 -> 6,ZERO_BASED_TO_CALENDAR,HIGH
29,2016,5,6,MONSOON,5 -> 6,ZERO_BASED_TO_CALENDAR,HIGH
30,2016,5,6,MONSOON,5 -> 6,ZERO_BASED_TO_CALENDAR,HIGH
31,2016,5,6,MONSOON,5 -> 6,ZERO_BASED_TO_CALENDAR,HIGH
32,2016,5,6,MONSOON,5 -> 6,ZERO_BASED_TO_CALENDAR,HIGH
33,2016,5,6,MONSOON,5 -> 6,ZERO_BASED_TO_CALENDAR,HIGH
34,2016,5,6,MONSOON,5 -> 6,ZERO_BASED_TO_CALENDAR,HIGH
35,2016,5,6,MONSOON,5 -> 6,ZERO_BASED_TO_CALENDAR,HIGH
0,2016,1,2,WINTER,1 -> 2,ZERO_BASED_TO_CALENDAR,HIGH
1,2016,1,2,WINTER,1 -> 2,ZERO_BASED_TO_CALENDAR,HIGH
2,2016,1,2,WINTER,1 -> 2,ZERO_BASED_TO_CALENDAR,HIGH
3,2016,1,2,WINTER,1 -> 2,ZERO_BASED_TO_CALENDAR,HIGH
4,2016,1,2,WINTER,1 -> 2,ZERO_BASED_TO_CALENDAR,HIGH
5,2016,1,2,WINTER,1 -> 2,ZERO_BASED_TO_CALENDAR,HIGH
6,2016,1,2,WINTER,1 -> 2,ZERO_BASED_TO_CALENDAR,HIGH
7,2016,1,2,WINTER,1 -> 2,ZERO_BASED_TO_CALENDAR,HIGH
8,2016,1,2,WINTER,1 -> 2,ZERO_BASED_TO_CALENDAR,HIGH
9,2016,1,2,WINTER,1 -> 2,ZERO_BASED_TO_CALENDAR,HIGH
10,2016,1,2,WINTER,1 -> 2,ZERO_BASED_TO_CALENDAR,HIGH
11,2016,1,2,WINTER,1 -> 2,ZERO_BASED_TO_CALENDAR,HIGH
12,2016,1,2,WINTER,1 -> 2,ZERO_BASED_TO_CALENDAR,HIGH
13,2016,1,2,WINTER,1 -> 2,ZERO_BASED_TO_CALENDAR,HIGH
14,2016,1,2,WINTER,1 -> 2,ZERO_BASED_TO_CALENDAR,HIGH
15,2016,1,2,WINTER,1 -> 2,ZERO_BASED_TO_CALENDAR,HIGH
16,2016,1,2,WINTER,1 -> 2,ZERO_BASED_TO_CALENDAR,HIGH
17,2016,1,2,WINTER,1 -> 2,ZERO_BASED_TO_CALENDAR,HIGH
18,2016,1,2,WINTER,1 -> 2,ZERO_BASED_TO_CALENDAR,HIGH
19,2016,1,2,WINTER,1 -> 2,ZERO_BASED_TO_CALENDAR,HIGH
20,2016,1,2,WINTER,1 -> 2,ZERO_BASED_TO_CALENDAR,HIGH
21,2016,1,2,WINTER,1 -> 2,ZERO_BASED_TO_CALENDAR,HIGH
22,2016,1,2,WINTER,1 -> 2,ZERO_BASED_TO_CALENDAR,HIGH
23,2016,1,2,WINTER,1 -> 2,ZERO_BASED_TO_CALENDAR,HIGH
24,2016,1,2,WINTER,1 -> 2,ZERO_BASED_TO_CALENDAR,HIGH
25,2016,1,2,WINTER,1 -> 2,ZERO_BASED_TO_CALENDAR,HIGH
26,2016,1,2,WINTER,1 -> 2,ZERO_BASED_TO_CALENDAR,HIGH
27,2016,1,2,WINTER,1 -> 2,ZERO_BASED_TO_CALENDAR,HIGH
28,2016,1,2,WINTER,1 -> 2,ZERO_BASED_TO_CALENDAR,HIGH
29,2016,1,2,WINTER,1 -> 2,ZERO_BASED_TO_CALENDAR,HIGH
30,2016,1,2,WINTER,1 -> 2,ZERO_BASED_TO_CALENDAR,HIGH
31,2016,1,2,WINTER,1 -> 2,ZERO_BASED_TO_CALENDAR,HIGH
32,2016,1,2,WINTER,1 -> 2,ZERO_BASED_TO_CALENDAR,HIGH
33,2016,1,2,WINTER,1 -> 2,ZERO_BASED_TO_CALENDAR,HIGH
34,2016,1,2,WINTER,1 -> 2,ZERO_BASED_TO_CALENDAR,HIGH
35,2016,1,2,WINTER,1 -> 2,ZERO_BASED_TO_CALENDAR,HIGH
0,2016,11,12,WINTER,11 -> 12,ZERO_BASED_TO_CALENDAR,HIGH
1,2016,11,12,WINTER,11 -> 12,ZERO_BASED_TO_CALENDAR,HIGH
2,2016,11,12,WINTER,11 -> 12,ZERO_BASED_TO_CALENDAR,HIGH
3,2016,11,12,WINTER,11 -> 12,ZERO_BASED_TO_CALENDAR,HIGH
4,2016,11,12,WINTER,11 -> 12,ZERO_BASED_TO_CALENDAR,HIGH
5,2016,11,12,WINTER,11 -> 12,ZERO_BASED_TO_CALENDAR,HIGH
6,2016,11,12,WINTER,11 -> 12,ZERO_BASED_TO_CALENDAR,HIGH
7,2016,11,12,WINTER,11 -> 12,ZERO_BASED_TO_CALENDAR,HIGH
8,2016,11,12,WINTER,11 -> 12,ZERO_BASED_TO_CALENDAR,HIGH
9,2016,11,12,WINTER,11 -> 12,ZERO_BASED_TO_CALENDAR,HIGH
10,2016,11,12,WINTER,11 -> 12,ZERO_BASED_TO_CALENDAR,HIGH
11,2016,11,12,WINTER,11 -> 12,ZERO_BASED_TO_CALENDAR,HIGH
12,2016,11,12,WINTER,11 -> 12,ZERO_BASED_TO_CALENDAR,HIGH
13,2016,11,12,WINTER,11 -> 12,ZERO_BASED_TO_CALENDAR,HIGH
14,2016,11,12,WINTER,11 -> 12,ZERO_BASED_TO_CALENDAR,HIGH
15,2016,11,12,WINTER,11 -> 12,ZERO_BASED_TO_CALENDAR,HIGH
16,2016,11,12,WINTER,11 -> 12,ZERO_BASED_TO_CALENDAR,HIGH
17,2016,11,12,WINTER,11 -> 12,ZERO_BASED_TO_CALENDAR,HIGH
18,2016,11,12,WINTER,11 -> 12,ZERO_BASED_TO_CALENDAR,HIGH
19,2016,11,12,WINTER,11 -> 12,ZERO_BASED_TO_CALENDAR,HIGH
20,2016,11,12,WINTER,11 -> 12,ZERO_BASED_TO_CALENDAR,HIGH
21,2016,11,12,WINTER,11 -> 12,ZERO_BASED_TO_CALENDAR,HIGH
22,2016,11,12,WINTER,11 -> 12,ZERO_BASED_TO_CALENDAR,HIGH
23,2016,11,12,WINTER,11 -> 12,ZERO_BASED_TO_CALENDAR,HIGH
24,2016,11,12,WINTER,11 -> 12,ZERO_BASED_TO_CALENDAR,HIGH
25,2016,11,12,WINTER,11 -> 12,ZERO_BASED_TO_CALENDAR,HIGH
26,2016,11,12,WINTER,11 -> 12,ZERO_BASED_TO_CALENDAR,HIGH
27,2016,11,12,WINTER,11 -> 12,ZERO_BASED_TO_CALENDAR,HIGH
28,2016,11,12,WINTER,11 -> 12,ZERO_BASED_TO_CALENDAR,HIGH
29,2016,11,12,WINTER,11 -> 12,ZERO_BASED_TO_CALENDAR,HIGH
30,2016,11,12,WINTER,11 -> 12,ZERO_BASED_TO_CALENDAR,HIGH
31,2016,11,12,WINTER,11 -> 12,ZERO_BASED_TO_CALENDAR,HIGH
32,2016,11,12,WINTER,11 -> 12,ZERO_BASED_TO_CALENDAR,HIGH
33,2016,11,12,WINTER,11 -> 12,ZERO_BASED_TO_CALENDAR,HIGH
34,2016,11,12,WINTER,11 -> 12,ZERO_BASED_TO_CALENDAR,HIGH
35,2016,11,12,WINTER,11 -> 12,ZERO_BASED_TO_CALENDAR,HIGH
0,2016,10,11,POST_MONSOON,10 -> 11,ZERO_BASED_TO_CALENDAR,HIGH
1,2016,10,11,POST_MONSOON,10 -> 11,ZERO_BASED_TO_CALENDAR,HIGH
2,2016,10,11,POST_MONSOON,10 -> 11,ZERO_BASED_TO_CALENDAR,HIGH
3,2016,10,11,POST_MONSOON,10 -> 11,ZERO_BASED_TO_CALENDAR,HIGH
4,2016,10,11,POST_MONSOON,10 -> 11,ZERO_BASED_TO_CALENDAR,HIGH
5,2016,10,11,POST_MONSOON,10 -> 11,ZERO_BASED_TO_CALENDAR,HIGH
6,2016,10,11,POST_MONSOON,10 -> 11,ZERO_BASED_TO_CALENDAR,HIGH
7,2016,10,11,POST_MONSOON,10 -> 11,ZERO_BASED_TO_CALENDAR,HIGH
8,2016,10,11,POST_MONSOON,10 -> 11,ZERO_BASED_TO_CALENDAR,HIGH
9,2016,10,11,POST_MONSOON,10 -> 11,ZERO_BASED_TO_CALENDAR,HIGH
10,2016,10,11,POST_MONSOON,10 -> 11,ZERO_BASED_TO_CALENDAR,HIGH
11,2016,10,11,POST_MONSOON,10 -> 11,ZERO_BASED_TO_CALENDAR,HIGH
12,2016,10,11,POST_MONSOON,10 -> 11,ZERO_BASED_TO_CALENDAR,HIGH
13,2016,10,11,POST_MONSOON,10 -> 11,ZERO_BASED_TO_CALENDAR,HIGH
14,2016,10,11,POST_MONSOON,10 -> 11,ZERO_BASED_TO_CALENDAR,HIGH
15,2016,10,11,POST_MONSOON,10 -> 11,ZERO_BASED_TO_CALENDAR,HIGH
16,2016,10,11,POST_MONSOON,10 -> 11,ZERO_BASED_TO_CALENDAR,HIGH
17,2016,10,11,POST_MONSOON,10 -> 11,ZERO_BASED_TO_CALENDAR,HIGH
18,2016,10,11,POST_MONSOON,10 -> 11,ZERO_BASED_TO_CALENDAR,HIGH
19,2016,10,11,POST_MONSOON,10 -> 11,ZERO_BASED_TO_CALENDAR,HIGH
20,2016,10,11,POST_MONSOON,10 -> 11,ZERO_BASED_TO_CALENDAR,HIGH
21,2016,10,11,POST_MONSOON,10 -> 11,ZERO_BASED_TO_CALENDAR,HIGH
22,2016,10,11,POST_MONSOON,10 -> 11,ZERO_BASED_TO_CALENDAR,HIGH
23,2016,10,11,POST_MONSOON,10 -> 11,ZERO_BASED_TO_CALENDAR,HIGH
24,2016,10,11,POST_MONSOON,10 -> 11,ZERO_BASED_TO_CALENDAR,HIGH
25,2016,10,11,POST_MONSOON,10 -> 11,ZERO_BASED_TO_CALENDAR,HIGH
26,2016,10,11,POST_MONSOON,10 -> 11,ZERO_BASED_TO_CALENDAR,HIGH
27,2016,10,11,POST_MONSOON,10 -> 11,ZERO_BASED_TO_CALENDAR,HIGH
28,2016,10,11,POST_MONSOON,10 -> 11,ZERO_BASED_TO_CALENDAR,HIGH
29,2016,10,11,POST_MONSOON,10 -> 11,ZERO_BASED_TO_CALENDAR,HIGH
30,2016,10,11,POST_MONSOON,10 -> 11,ZERO_BASED_TO_CALENDAR,HIGH
31,2016,10,11,POST_MONSOON,10 -> 11,ZERO_BASED_TO_CALENDAR,HIGH
32,2016,10,11,POST_MONSOON,10 -> 11,ZERO_BASED_TO_CALENDAR,HIGH
33,2016,10,11,POST_MONSOON,10 -> 11,ZERO_BASED_TO_CALENDAR,HIGH
34,2016,10,11,POST_MONSOON,10 -> 11,ZERO_BASED_TO_CALENDAR,HIGH
35,2016,10,11,POST_MONSOON,10 -> 11,ZERO_BASED_TO_CALENDAR,HIGH
0,2016,9,10,POST_MONSOON,9 -> 10,ZERO_BASED_TO_CALENDAR,HIGH
1,2016,9,10,POST_MONSOON,9 -> 10,ZERO_BASED_TO_CALENDAR,HIGH
2,2016,9,10,POST_MONSOON,9 -> 10,ZERO_BASED_TO_CALENDAR,HIGH
3,2016,9,10,POST_MONSOON,9 -> 10,ZERO_BASED_TO_CALENDAR,HIGH
4,2016,9,10,POST_MONSOON,9 -> 10,ZERO_BASED_TO_CALENDAR,HIGH
5,2016,9,10,POST_MONSOON,9 -> 10,ZERO_BASED_TO_CALENDAR,HIGH
6,2016,9,10,POST_MONSOON,9 -> 10,ZERO_BASED_TO_CALENDAR,HIGH
7,2016,9,10,POST_MONSOON,9 -> 10,ZERO_BASED_TO_CALENDAR,HIGH
8,2016,9,10,POST_MONSOON,9 -> 10,ZERO_BASED_TO_CALENDAR,HIGH
9,2016,9,10,POST_MONSOON,9 -> 10,ZERO_BASED_TO_CALENDAR,HIGH
10,2016,9,10,POST_MONSOON,9 -> 10,ZERO_BASED_TO_CALENDAR,HIGH
11,2016,9,10,POST_MONSOON,9 -> 10,ZERO_BASED_TO_CALENDAR,HIGH
12,2016,9,10,POST_MONSOON,9 -> 10,ZERO_BASED_TO_CALENDAR,HIGH
13,2016,9,10,POST_MONSOON,9 -> 10,ZERO_BASED_TO_CALENDAR,HIGH
14,2016,9,10,POST_MONSOON,9 -> 10,ZERO_BASED_TO_CALENDAR,HIGH
15,2016,9,10,POST_MONSOON,9 -> 10,ZERO_BASED_TO_CALENDAR,HIGH
16,2016,9,10,POST_MONSOON,9 -> 10,ZERO_BASED_TO_CALENDAR,HIGH
17,2016,9,10,POST_MONSOON,9 -> 10,ZERO_BASED_TO_CALENDAR,HIGH
18,2016,9,10,POST_MONSOON,9 -> 10,ZERO_BASED_TO_CALENDAR,HIGH
19,2016,9,10,POST_MONSOON,9 -> 10,ZERO_BASED_TO_CALENDAR,HIGH
20,2016,9,10,POST_MONSOON,9 -> 10,ZERO_BASED_TO_CALENDAR,HIGH
21,2016,9,10,POST_MONSOON,9 -> 10,ZERO_BASED_TO_CALENDAR,HIGH
22,2016,9,10,POST_MONSOON,9 -> 10,ZERO_BASED_TO_CALENDAR,HIGH
23,2016,9,10,POST_MONSOON,9 -> 10,ZERO_BASED_TO_CALENDAR,HIGH
24,2016,9,10,POST_MONSOON,9 -> 10,ZERO_BASED_TO_CALENDAR,HIGH
25,2016,9,10,POST_MONSOON,9 -> 10,ZERO_BASED_TO_CALENDAR,HIGH
26,2016,9,10,POST_MONSOON,9 -> 10,ZERO_BASED_TO_CALENDAR,HIGH
27,2016,9,10,POST_MONSOON,9 -> 10,ZERO_BASED_TO_CALENDAR,HIGH
28,2016,9,10,POST_MONSOON,9 -> 10,ZERO_BASED_TO_CALENDAR,HIGH
29,2016,9,10,POST_MONSOON,9 -> 10,ZERO_BASED_TO_CALENDAR,HIGH
30,2016,9,10,POST_MONSOON,9 -> 10,ZERO_BASED_TO_CALENDAR,HIGH
31,2016,9,10,POST_MONSOON,9 -> 10,ZERO_BASED_TO_CALENDAR,HIGH
32,2016,9,10,POST_MONSOON,9 -> 10,ZERO_BASED_TO_CALENDAR,HIGH
33,2016,9,10,POST_MONSOON,9 -> 10,ZERO_BASED_TO_CALENDAR,HIGH
34,2016,9,10,POST_MONSOON,9 -> 10,ZERO_BASED_TO_CALENDAR,HIGH
35,2016,9,10,POST_MONSOON,9 -> 10,ZERO_BASED_TO_CALENDAR,HIGH
0,2016,2,3,PRE_MONSOON,2 -> 3,ZERO_BASED_TO_CALENDAR,HIGH
1,2016,2,3,PRE_MONSOON,2 -> 3,ZERO_BASED_TO_CALENDAR,HIGH
2,2016,2,3,PRE_MONSOON,2 -> 3,ZERO_BASED_TO_CALENDAR,HIGH
3,2016,2,3,PRE_MONSOON,2 -> 3,ZERO_BASED_TO_CALENDAR,HIGH
4,2016,2,3,PRE_MONSOON,2 -> 3,ZERO_BASED_TO_CALENDAR,HIGH
5,2016,2,3,PRE_MONSOON,2 -> 3,ZERO_BASED_TO_CALENDAR,HIGH
6,2016,2,3,PRE_MONSOON,2 -> 3,ZERO_BASED_TO_CALENDAR,HIGH
7,2016,2,3,PRE_MONSOON,2 -> 3,ZERO_BASED_TO_CALENDAR,HIGH
8,2016,2,3,PRE_MONSOON,2 -> 3,ZERO_BASED_TO_CALENDAR,HIGH
9,2016,2,3,PRE_MONSOON,2 -> 3,ZERO_BASED_TO_CALENDAR,HIGH
10,2016,2,3,PRE_MONSOON,2 -> 3,ZERO_BASED_TO_CALENDAR,HIGH
11,2016,2,3,PRE_MONSOON,2 -> 3,ZERO_BASED_TO_CALENDAR,HIGH
12,2016,2,3,PRE_MONSOON,2 -> 3,ZERO_BASED_TO_CALENDAR,HIGH
13,2016,2,3,PRE_MONSOON,2 -> 3,ZERO_BASED_TO_CALENDAR,HIGH
14,2016,2,3,PRE_MONSOON,2 -> 3,ZERO_BASED_TO_CALENDAR,HIGH
15,2016,2,3,PRE_MONSOON,2 -> 3,ZERO_BASED_TO_CALENDAR,HIGH
16,2016,2,3,PRE_MONSOON,2 -> 3,ZERO_BASED_TO_CALENDAR,HIGH
17,2016,2,3,PRE_MONSOON,2 -> 3,ZERO_BASED_TO_CALENDAR,HIGH
18,2016,2,3,PRE_MONSOON,2 -> 3,ZERO_BASED_TO_CALENDAR,HIGH
19,2016,2,3,PRE_MONSOON,2 -> 3,ZERO_BASED_TO_CALENDAR,HIGH
20,2016,2,3,PRE_MONSOON,2 -> 3,ZERO_BASED_TO_CALENDAR,HIGH
21,2016,2,3,PRE_MONSOON,2 -> 3,ZERO_BASED_TO_CALENDAR,HIGH
22,2016,2,3,PRE_MONSOON,2 -> 3,ZERO_BASED_TO_CALENDAR,HIGH
23,2016,2,3,PRE_MONSOON,2 -> 3,ZERO_BASED_TO_CALENDAR,HIGH
24,2016,2,3,PRE_MONSOON,2 -> 3,ZERO_BASED_TO_CALENDAR,HIGH
25,2016,2,3,PRE_MONSOON,2 -> 3,ZERO_BASED_TO_CALENDAR,HIGH
26,2016,2,3,PRE_MONSOON,2 -> 3,ZERO_BASED_TO_CALENDAR,HIGH
27,2016,2,3,PRE_MONSOON,2 -> 3,ZERO_BASED_TO_CALENDAR,HIGH
28,2016,2,3,PRE_MONSOON,2 -> 3,ZERO_BASED_TO_CALENDAR,HIGH
29,2016,2,3,PRE_MONSOON,2 -> 3,ZERO_BASED_TO_CALENDAR,HIGH
30,2016,2,3,PRE_MONSOON,2 -> 3,ZERO_BASED_TO_CALENDAR,HIGH
31,2016,2,3,PRE_MONSOON,2 -> 3,ZERO_BASED_TO_CALENDAR,HIGH
32,2016,2,3,PRE_MONSOON,2 -> 3,ZERO_BASED_TO_CALENDAR,HIGH
33,2016,2,3,PRE_MONSOON,2 -> 3,ZERO_BASED_TO_CALENDAR,HIGH
34,2016,2,3,PRE_MONSOON,2 -> 3,ZERO_BASED_TO_CALENDAR,HIGH
35,2016,2,3,PRE_MONSOON,2 -> 3,ZERO_BASED_TO_CALENDAR,HIGH
0,2017,4,5,PRE_MONSOON,4 -> 5,ZERO_BASED_TO_CALENDAR,HIGH
1,2017,4,5,PRE_MONSOON,4 -> 5,ZERO_BASED_TO_CALENDAR,HIGH
2,2017,4,5,PRE_MONSOON,4 -> 5,ZERO_BASED_TO_CALENDAR,HIGH
3,2017,4,5,PRE_MONSOON,4 -> 5,ZERO_BASED_TO_CALENDAR,HIGH
4,2017,4,5,PRE_MONSOON,4 -> 5,ZERO_BASED_TO_CALENDAR,HIGH
5,2017,4,5,PRE_MONSOON,4 -> 5,ZERO_BASED_TO_CALENDAR,HIGH
6,2017,4,5,PRE_MONSOON,4 -> 5,ZERO_BASED_TO_CALENDAR,HIGH
7,2017,4,5,PRE_MONSOON,4 -> 5,ZERO_BASED_TO_CALENDAR,HIGH
8,2017,4,5,PRE_MONSOON,4 -> 5,ZERO_BASED_TO_CALENDAR,HIGH
9,2017,4,5,PRE_MONSOON,4 -> 5,ZERO_BASED_TO_CALENDAR,HIGH
10,2017,4,5,PRE_MONSOON,4 -> 5,ZERO_BASED_TO_CALENDAR,HIGH
11,2017,4,5,PRE_MONSOON,4 -> 5,ZERO_BASED_TO_CALENDAR,HIGH
12,2017,4,5,PRE_MONSOON,4 -> 5,ZERO_BASED_TO_CALENDAR,HIGH
13,2017,4,5,PRE_MONSOON,4 -> 5,ZERO_BASED_TO_CALENDAR,HIGH
14,2017,4,5,PRE_MONSOON,4 -> 5,ZERO_BASED_TO_CALENDAR,HIGH
15,2017,4,5,PRE_MONSOON,4 -> 5,ZERO_BASED_TO_CALENDAR,HIGH
16,2017,4,5,PRE_MONSOON,4 -> 5,ZERO_BASED_TO_CALENDAR,HIGH
17,2017,4,5,PRE_MONSOON,4 -> 5,ZERO_BASED_TO_CALENDAR,HIGH
18,2017,4,5,PRE_MONSOON,4 -> 5,ZERO_BASED_TO_CALENDAR,HIGH
19,2017,4,5,PRE_MONSOON,4 -> 5,ZERO_BASED_TO_CALENDAR,HIGH
20,2017,4,5,PRE_MONSOON,4 -> 5,ZERO_BASED_TO_CALENDAR,HIGH
21,2017,4,5,PRE_MONSOON,4 -> 5,ZERO_BASED_TO_CALENDAR,HIGH
22,2017,4,5,PRE_MONSOON,4 -> 5,ZERO_BASED_TO_CALENDAR,HIGH
23,2017,4,5,PRE_MONSOON,4 -> 5,ZERO_BASED_TO_CALENDAR,HIGH
24,2017,4,5,PRE_MONSOON,4 -> 5,ZERO_BASED_TO_CALENDAR,HIGH
25,2017,4,5,PRE_MONSOON,4 -> 5,ZERO_BASED_TO_CALENDAR,HIGH
26,2017,4,5,PRE_MONSOON,4 -> 5,ZERO_BASED_TO_CALENDAR,HIGH
27,2017,4,5,PRE_MONSOON,4 -> 5,ZERO_BASED_TO_CALENDAR,HIGH
28,2017,4,5,PRE_MONSOON,4 -> 5,ZERO_BASED_TO_CALENDAR,HIGH
29,2017,4,5,PRE_MONSOON,4 -> 5,ZERO_BASED_TO_CALENDAR,HIGH
30,2017,4,5,PRE_MONSOON,4 -> 5,ZERO_BASED_TO_CALENDAR,HIGH
31,2017,4,5,PRE_MONSOON,4 -> 5,ZERO_BASED_TO_CALENDAR,HIGH
32,2017,4,5,PRE_MONSOON,4 -> 5,ZERO_BASED_TO_CALENDAR,HIGH
33,2017,4,5,PRE_MONSOON,4 -> 5,ZERO_BASED_TO_CALENDAR,HIGH
34,2017,4,5,PRE_MONSOON,4 -> 5,ZERO_BASED_TO_CALENDAR,HIGH
35,2017,4,5,PRE_MONSOON,4 -> 5,ZERO_BASED_TO_CALENDAR,HIGH
0,2017,3,4,PRE_MONSOON,3 -> 4,ZERO_BASED_TO_CALENDAR,HIGH
1,2017,3,4,PRE_MONSOON,3 -> 4,ZERO_BASED_TO_CALENDAR,HIGH
2,2017,3,4,PRE_MONSOON,3 -> 4,ZERO_BASED_TO_CALENDAR,HIGH
3,2017,3,4,PRE_MONSOON,3 -> 4,ZERO_BASED_TO_CALENDAR,HIGH
4,2017,3,4,PRE_MONSOON,3 -> 4,ZERO_BASED_TO_CALENDAR,HIGH
5,2017,3,4,PRE_MONSOON,3 -> 4,ZERO_BASED_TO_CALENDAR,HIGH
6,2017,3,4,PRE_MONSOON,3 -> 4,ZERO_BASED_TO_CALENDAR,HIGH
7,2017,3,4,PRE_MONSOON,3 -> 4,ZERO_BASED_TO_CALENDAR,HIGH
8,2017,3,4,PRE_MONSOON,3 -> 4,ZERO_BASED_TO_CALENDAR,HIGH
9,2017,3,4,PRE_MONSOON,3 -> 4,ZERO_BASED_TO_CALENDAR,HIGH
10,2017,3,4,PRE_MONSOON,3 -> 4,ZERO_BASED_TO_CALENDAR,HIGH
11,2017,3,4,PRE_MONSOON,3 -> 4,ZERO_BASED_TO_CALENDAR,HIGH
12,2017,3,4,PRE_MONSOON,3 -> 4,ZERO_BASED_TO_CALENDAR,HIGH
13,2017,3,4,PRE_MONSOON,3 -> 4,ZERO_BASED_TO_CALENDAR,HIGH
14,2017,3,4,PRE_MONSOON,3 -> 4,ZERO_BASED_TO_CALENDAR,HIGH
15,2017,3,4,PRE_MONSOON,3 -> 4,ZERO_BASED_TO_CALENDAR,HIGH
16,2017,3,4,PRE_MONSOON,3 -> 4,ZERO_BASED_TO_CALENDAR,HIGH
17,2017,3,4,PRE_MONSOON,3 -> 4,ZERO_BASED_TO_CALENDAR,HIGH
18,2017,3,4,PRE_MONSOON,3 -> 4,ZERO_BASED_TO_CALENDAR,HIGH
19,2017,3,4,PRE_MONSOON,3 -> 4,ZERO_BASED_TO_CALENDAR,HIGH
20,2017,3,4,PRE_MONSOON,3 -> 4,ZERO_BASED_TO_CALENDAR,HIGH
21,2017,3,4,PRE_MONSOON,3 -> 4,ZERO_BASED_TO_CALENDAR,HIGH
22,2017,3,4,PRE_MONSOON,3 -> 4,ZERO_BASED_TO_CALENDAR,HIGH
23,2017,3,4,PRE_MONSOON,3 -> 4,ZERO_BASED_TO_CALENDAR,HIGH
24,2017,3,4,PRE_MONSOON,3 -> 4,ZERO_BASED_TO_CALENDAR,HIGH
25,2017,3,4,PRE_MONSOON,3 -> 4,ZERO_BASED_TO_CALENDAR,HIGH
26,2017,3,4,PRE_MONSOON,3 -> 4,ZERO_BASED_TO_CALENDAR,HIGH
27,2017,3,4,PRE_MONSOON,3 -> 4,ZERO_BASED_TO_CALENDAR,HIGH
28,2017,3,4,PRE_MONSOON,3 -> 4,ZERO_BASED_TO_CALENDAR,HIGH
29,2017,3,4,PRE_MONSOON,3 -> 4,ZERO_BASED_TO_CALENDAR,HIGH
30,2017,3,4,PRE_MONSOON,3 -> 4,ZERO_BASED_TO_CALENDAR,HIGH
31,2017,3,4,PRE_MONSOON,3 -> 4,ZERO_BASED_TO_CALENDAR,HIGH
32,2017,3,4,PRE_MONSOON,3 -> 4,ZERO_BASED_TO_CALENDAR,HIGH
33,2017,3,4,PRE_MONSOON,3 -> 4,ZERO_BASED_TO_CALENDAR,HIGH
34,2017,3,4,PRE_MONSOON,3 -> 4,ZERO_BASED_TO_CALENDAR,HIGH
35,2017,3,4,PRE_MONSOON,3 -> 4,ZERO_BASED_TO_CALENDAR,HIGH
0,2017,7,8,MONSOON,7 -> 8,ZERO_BASED_TO_CALENDAR,HIGH
1,2017,7,8,MONSOON,7 -> 8,ZERO_BASED_TO_CALENDAR,HIGH
2,2017,7,8,MONSOON,7 -> 8,ZERO_BASED_TO_CALENDAR,HIGH
3,2017,7,8,MONSOON,7 -> 8,ZERO_BASED_TO_CALENDAR,HIGH
4,2017,7,8,MONSOON,7 -> 8,ZERO_BASED_TO_CALENDAR,HIGH
5,2017,7,8,MONSOON,7 -> 8,ZERO_BASED_TO_CALENDAR,HIGH
6,2017,7,8,MONSOON,7 -> 8,ZERO_BASED_TO_CALENDAR,HIGH
7,2017,7,8,MONSOON,7 -> 8,ZERO_BASED_TO_CALENDAR,HIGH
8,2017,7,8,MONSOON,7 -> 8,ZERO_BASED_TO_CALENDAR,HIGH
9,2017,7,8,MONSOON,7 -> 8,ZERO_BASED_TO_CALENDAR,HIGH
10,2017,7,8,MONSOON,7 -> 8,ZERO_BASED_TO_CALENDAR,HIGH
11,2017,7,8,MONSOON,7 -> 8,ZERO_BASED_TO_CALENDAR,HIGH
12,2017,7,8,MONSOON,7 -> 8,ZERO_BASED_TO_CALENDAR,HIGH
13,2017,7,8,MONSOON,7 -> 8,ZERO_BASED_TO_CALENDAR,HIGH
14,2017,7,8,MONSOON,7 -> 8,ZERO_BASED_TO_CALENDAR,HIGH
15,2017,7,8,MONSOON,7 -> 8,ZERO_BASED_TO_CALENDAR,HIGH
16,2017,7,8,MONSOON,7 -> 8,ZERO_BASED_TO_CALENDAR,HIGH
17,2017,7,8,MONSOON,7 -> 8,ZERO_BASED_TO_CALENDAR,HIGH
18,2017,7,8,MONSOON,7 -> 8,ZERO_BASED_TO_CALENDAR,HIGH
19,2017,7,8,MONSOON,7 -> 8,ZERO_BASED_TO_CALENDAR,HIGH
20,2017,7,8,MONSOON,7 -> 8,ZERO_BASED_TO_CALENDAR,HIGH
21,2017,7,8,MONSOON,7 -> 8,ZERO_BASED_TO_CALENDAR,HIGH
22,2017,7,8,MONSOON,7 -> 8,ZERO_BASED_TO_CALENDAR,HIGH
23,2017,7,8,MONSOON,7 -> 8,ZERO_BASED_TO_CALENDAR,HIGH
24,2017,7,8,MONSOON,7 -> 8,ZERO_BASED_TO_CALENDAR,HIGH
25,2017,7,8,MONSOON,7 -> 8,ZERO_BASED_TO_CALENDAR,HIGH
26,2017,7,8,MONSOON,7 -> 8,ZERO_BASED_TO_CALENDAR,HIGH
27,2017,7,8,MONSOON,7 -> 8,ZERO_BASED_TO_CALENDAR,HIGH
28,2017,7,8,MONSOON,7 -> 8,ZERO_BASED_TO_CALENDAR,HIGH
29,2017,7,8,MONSOON,7 -> 8,ZERO_BASED_TO_CALENDAR,HIGH
30,2017,7,8,MONSOON,7 -> 8,ZERO_BASED_TO_CALENDAR,HIGH
31,2017,7,8,MONSOON,7 -> 8,ZERO_BASED_TO_CALENDAR,HIGH
32,2017,7,8,MONSOON,7 -> 8,ZERO_BASED_TO_CALENDAR,HIGH
33,2017,7,8,MONSOON,7 -> 8,ZERO_BASED_TO_CALENDAR,HIGH
34,2017,7,8,MONSOON,7 -> 8,ZERO_BASED_TO_CALENDAR,HIGH
35,2017,7,8,MONSOON,7 -> 8,ZERO_BASED_TO_CALENDAR,HIGH
0,2017,0,1,WINTER,0 -> 1,ZERO_BASED_TO_CALENDAR,HIGH
1,2017,0,1,WINTER,0 -> 1,ZERO_BASED_TO_CALENDAR,HIGH
2,2017,0,1,WINTER,0 -> 1,ZERO_BASED_TO_CALENDAR,HIGH
3,2017,0,1,WINTER,0 -> 1,ZERO_BASED_TO_CALENDAR,HIGH
4,2017,0,1,WINTER,0 -> 1,ZERO_BASED_TO_CALENDAR,HIGH
5,2017,0,1,WINTER,0 -> 1,ZERO_BASED_TO_CALENDAR,HIGH
6,2017,0,1,WINTER,0 -> 1,ZERO_BASED_TO_CALENDAR,HIGH
7,2017,0,1,WINTER,0 -> 1,ZERO_BASED_TO_CALENDAR,HIGH
8,2017,0,1,WINTER,0 -> 1,ZERO_BASED_TO_CALENDAR,HIGH
9,2017,0,1,WINTER,0 -> 1,ZERO_BASED_TO_CALENDAR,HIGH
10,2017,0,1,WINTER,0 -> 1,ZERO_BASED_TO_CALENDAR,HIGH
11,2017,0,1,WINTER,0 -> 1,ZERO_BASED_TO_CALENDAR,HIGH
12,2017,0,1,WINTER,0 -> 1,ZERO_BASED_TO_CALENDAR,HIGH
13,2017,0,1,WINTER,0 -> 1,ZERO_BASED_TO_CALENDAR,HIGH
14,2017,0,1,WINTER,0 -> 1,ZERO_BASED_TO_CALENDAR,HIGH
15,2017,0,1,WINTER,0 -> 1,ZERO_BASED_TO_CALENDAR,HIGH
16,2017,0,1,WINTER,0 -> 1,ZERO_BASED_TO_CALENDAR,HIGH
17,2017,0,1,WINTER,0 -> 1,ZERO_BASED_TO_CALENDAR,HIGH
18,2017,0,1,WINTER,0 -> 1,ZERO_BASED_TO_CALENDAR,HIGH
19,2017,0,1,WINTER,0 -> 1,ZERO_BASED_TO_CALENDAR,HIGH
20,2017,0,1,WINTER,0 -> 1,ZERO_BASED_TO_CALENDAR,HIGH
21,2017,0,1,WINTER,0 -> 1,ZERO_BASED_TO_CALENDAR,HIGH
22,2017,0,1,WINTER,0 -> 1,ZERO_BASED_TO_CALENDAR,HIGH
23,2017,0,1,WINTER,0 -> 1,ZERO_BASED_TO_CALENDAR,HIGH
24,2017,0,1,WINTER,0 -> 1,ZERO_BASED_TO_CALENDAR,HIGH
25,2017,0,1,WINTER,0 -> 1,ZERO_BASED_TO_CALENDAR,HIGH
26,2017,0,1,WINTER,0 -> 1,ZERO_BASED_TO_CALENDAR,HIGH
27,2017,0,1,WINTER,0 -> 1,ZERO_BASED_TO_CALENDAR,HIGH
28,2017,0,1,WINTER,0 -> 1,ZERO_BASED_TO_CALENDAR,HIGH
29,2017,0,1,WINTER,0 -> 1,ZERO_BASED_TO_CALENDAR,HIGH
30,2017,0,1,WINTER,0 -> 1,ZERO_BASED_TO_CALENDAR,HIGH
31,2017,0,1,WINTER,0 -> 1,ZERO_BASED_TO_CALENDAR,HIGH
32,2017,0,1,WINTER,0 -> 1,ZERO_BASED_TO_CALENDAR,HIGH
33,2017,0,1,WINTER,0 -> 1,ZERO_BASED_TO_CALENDAR,HIGH
34,2017,0,1,WINTER,0 -> 1,ZERO_BASED_TO_CALENDAR,HIGH
35,2017,0,1,WINTER,0 -> 1,ZERO_BASED_TO_CALENDAR,HIGH
0,2017,8,9,MONSOON,8 -> 9,ZERO_BASED_TO_CALENDAR,HIGH
1,2017,8,9,MONSOON,8 -> 9,ZERO_BASED_TO_CALENDAR,HIGH
2,2017,8,9,MONSOON,8 -> 9,ZERO_BASED_TO_CALENDAR,HIGH
3,2017,8,9,MONSOON,8 -> 9,ZERO_BASED_TO_CALENDAR,HIGH
4,2017,8,9,MONSOON,8 -> 9,ZERO_BASED_TO_CALENDAR,HIGH
5,2017,8,9,MONSOON,8 -> 9,ZERO_BASED_TO_CALENDAR,HIGH
6,2017,8,9,MONSOON,8 -> 9,ZERO_BASED_TO_CALENDAR,HIGH
7,2017,8,9,MONSOON,8 -> 9,ZERO_BASED_TO_CALENDAR,HIGH
8,2017,8,9,MONSOON,8 -> 9,ZERO_BASED_TO_CALENDAR,HIGH
9,2017,8,9,MONSOON,8 -> 9,ZERO_BASED_TO_CALENDAR,HIGH
10,2017,8,9,MONSOON,8 -> 9,ZERO_BASED_TO_CALENDAR,HIGH
11,2017,8,9,MONSOON,8 -> 9,ZERO_BASED_TO_CALENDAR,HIGH
12,2017,8,9,MONSOON,8 -> 9,ZERO_BASED_TO_CALENDAR,HIGH
13,2017,8,9,MONSOON,8 -> 9,ZERO_BASED_TO_CALENDAR,HIGH
14,2017,8,9,MONSOON,8 -> 9,ZERO_BASED_TO_CALENDAR,HIGH
15,2017,8,9,MONSOON,8 -> 9,ZERO_BASED_TO_CALENDAR,HIGH
16,2017,8,9,MONSOON,8 -> 9,ZERO_BASED_TO_CALENDAR,HIGH
17,2017,8,9,MONSOON,8 -> 9,ZERO_BASED_TO_CALENDAR,HIGH
18,2017,8,9,MONSOON,8 -> 9,ZERO_BASED_TO_CALENDAR,HIGH
19,2017,8,9,MONSOON,8 -> 9,ZERO_BASED_TO_CALENDAR,HIGH
20,2017,8,9,MONSOON,8 -> 9,ZERO_BASED_TO_CALENDAR,HIGH
21,2017,8,9,MONSOON,8 -> 9,ZERO_BASED_TO_CALENDAR,HIGH
22,2017,8,9,MONSOON,8 -> 9,ZERO_BASED_TO_CALENDAR,HIGH
23,2017,8,9,MONSOON,8 -> 9,ZERO_BASED_TO_CALENDAR,HIGH
24,2017,8,9,MONSOON,8 -> 9,ZERO_BASED_TO_CALENDAR,HIGH
25,2017,8,9,MONSOON,8 -> 9,ZERO_BASED_TO_CALENDAR,HIGH
26,2017,8,9,MONSOON,8 -> 9,ZERO_BASED_TO_CALENDAR,HIGH
27,2017,8,9,MONSOON,8 -> 9,ZERO_BASED_TO_CALENDAR,HIGH
28,2017,8,9,MONSOON,8 -> 9,ZERO_BASED_TO_CALENDAR,HIGH
29,2017,8,9,MONSOON,8 -> 9,ZERO_BASED_TO_CALENDAR,HIGH
30,2017,8,9,MONSOON,8 -> 9,ZERO_BASED_TO_CALENDAR,HIGH
31,2017,8,9,MONSOON,8 -> 9,ZERO_BASED_TO_CALENDAR,HIGH
32,2017,8,9,MONSOON,8 -> 9,ZERO_BASED_TO_CALENDAR,HIGH
33,2017,8,9,MONSOON,8 -> 9,ZERO_BASED_TO_CALENDAR,HIGH
34,2017,8,9,MONSOON,8 -> 9,ZERO_BASED_TO_CALENDAR,HIGH
35,2017,8,9,MONSOON,8 -> 9,ZERO_BASED_TO_CALENDAR,HIGH
0,2017,6,7,MONSOON,6 -> 7,ZERO_BASED_TO_CALENDAR,HIGH
1,2017,6,7,MONSOON,6 -> 7,ZERO_BASED_TO_CALENDAR,HIGH
2,2017,6,7,MONSOON,6 -> 7,ZERO_BASED_TO_CALENDAR,HIGH
3,2017,6,7,MONSOON,6 -> 7,ZERO_BASED_TO_CALENDAR,HIGH
4,2017,6,7,MONSOON,6 -> 7,ZERO_BASED_TO_CALENDAR,HIGH
5,2017,6,7,MONSOON,6 -> 7,ZERO_BASED_TO_CALENDAR,HIGH
6,2017,6,7,MONSOON,6 -> 7,ZERO_BASED_TO_CALENDAR,HIGH
7,2017,6,7,MONSOON,6 -> 7,ZERO_BASED_TO_CALENDAR,HIGH
8,2017,6,7,MONSOON,6 -> 7,ZERO_BASED_TO_CALENDAR,HIGH
9,2017,6,7,MONSOON,6 -> 7,ZERO_BASED_TO_CALENDAR,HIGH
10,2017,6,7,MONSOON,6 -> 7,ZERO_BASED_TO_CALENDAR,HIGH
11,2017,6,7,MONSOON,6 -> 7,ZERO_BASED_TO_CALENDAR,HIGH
12,2017,6,7,MONSOON,6 -> 7,ZERO_BASED_TO_CALENDAR,HIGH
13,2017,6,7,MONSOON,6 -> 7,ZERO_BASED_TO_CALENDAR,HIGH
14,2017,6,7,MONSOON,6 -> 7,ZERO_BASED_TO_CALENDAR,HIGH
15,2017,6,7,MONSOON,6 -> 7,ZERO_BASED_TO_CALENDAR,HIGH
16,2017,6,7,MONSOON,6 -> 7,ZERO_BASED_TO_CALENDAR,HIGH
17,2017,6,7,MONSOON,6 -> 7,ZERO_BASED_TO_CALENDAR,HIGH
18,2017,6,7,MONSOON,6 -> 7,ZERO_BASED_TO_CALENDAR,HIGH
19,2017,6,7,MONSOON,6 -> 7,ZERO_BASED_TO_CALENDAR,HIGH
20,2017,6,7,MONSOON,6 -> 7,ZERO_BASED_TO_CALENDAR,HIGH
21,2017,6,7,MONSOON,6 -> 7,ZERO_BASED_TO_CALENDAR,HIGH
22,2017,6,7,MONSOON,6 -> 7,ZERO_BASED_TO_CALENDAR,HIGH
23,2017,6,7,MONSOON,6 -> 7,ZERO_BASED_TO_CALENDAR,HIGH
24,2017,6,7,MONSOON,6 -> 7,ZERO_BASED_TO_CALENDAR,HIGH
25,2017,6,7,MONSOON,6 -> 7,ZERO_BASED_TO_CALENDAR,HIGH
26,2017,6,7,MONSOON,6 -> 7,ZERO_BASED_TO_CALENDAR,HIGH
27,2017,6,7,MONSOON,6 -> 7,ZERO_BASED_TO_CALENDAR,HIGH
28,2017,6,7,MONSOON,6 -> 7,ZERO_BASED_TO_CALENDAR,HIGH
29,2017,6,7,MONSOON,6 -> 7,ZERO_BASED_TO_CALENDAR,HIGH
30,2017,6,7,MONSOON,6 -> 7,ZERO_BASED_TO_CALENDAR,HIGH
31,2017,6,7,MONSOON,6 -> 7,ZERO_BASED_TO_CALENDAR,HIGH
32,2017,6,7,MONSOON,6 -> 7,ZERO_BASED_TO_CALENDAR,HIGH
33,2017,6,7,MONSOON,6 -> 7,ZERO_BASED_TO_CALENDAR,HIGH
34,2017,6,7,MONSOON,6 -> 7,ZERO_BASED_TO_CALENDAR,HIGH
35,2017,6,7,MONSOON,6 -> 7,ZERO_BASED_TO_CALENDAR,HIGH
0,2017,5,6,MONSOON,5 -> 6,ZERO_BASED_TO_CALENDAR,HIGH
1,2017,5,6,MONSOON,5 -> 6,ZERO_BASED_TO_CALENDAR,HIGH
2,2017,5,6,MONSOON,5 -> 6,ZERO_BASED_TO_CALENDAR,HIGH
3,2017,5,6,MONSOON,5 -> 6,ZERO_BASED_TO_CALENDAR,HIGH
4,2017,5,6,MONSOON,5 -> 6,ZERO_BASED_TO_CALENDAR,HIGH
5,2017,5,6,MONSOON,5 -> 6,ZERO_BASED_TO_CALENDAR,HIGH
6,2017,5,6,MONSOON,5 -> 6,ZERO_BASED_TO_CALENDAR,HIGH
7,2017,5,6,MONSOON,5 -> 6,ZERO_BASED_TO_CALENDAR,HIGH
8,2017,5,6,MONSOON,5 -> 6,ZERO_BASED_TO_CALENDAR,HIGH
9,2017,5,6,MONSOON,5 -> 6,ZERO_BASED_TO_CALENDAR,HIGH
10,2017,5,6,MONSOON,5 -> 6,ZERO_BASED_TO_CALENDAR,HIGH
11,2017,5,6,MONSOON,5 -> 6,ZERO_BASED_TO_CALENDAR,HIGH
12,2017,5,6,MONSOON,5 -> 6,ZERO_BASED_TO_CALENDAR,HIGH
13,2017,5,6,MONSOON,5 -> 6,ZERO_BASED_TO_CALENDAR,HIGH
14,2017,5,6,MONSOON,5 -> 6,ZERO_BASED_TO_CALENDAR,HIGH
15,2017,5,6,MONSOON,5 -> 6,ZERO_BASED_TO_CALENDAR,HIGH
16,2017,5,6,MONSOON,5 -> 6,ZERO_BASED_TO_CALENDAR,HIGH
17,2017,5,6,MONSOON,5 -> 6,ZERO_BASED_TO_CALENDAR,HIGH
18,2017,5,6,MONSOON,5 -> 6,ZERO_BASED_TO_CALENDAR,HIGH
19,2017,5,6,MONSOON,5 -> 6,ZERO_BASED_TO_CALENDAR,HIGH
20,2017,5,6,MONSOON,5 -> 6,ZERO_BASED_TO_CALENDAR,HIGH
21,2017,5,6,MONSOON,5 -> 6,ZERO_BASED_TO_CALENDAR,HIGH
22,2017,5,6,MONSOON,5 -> 6,ZERO_BASED_TO_CALENDAR,HIGH
23,2017,5,6,MONSOON,5 -> 6,ZERO_BASED_TO_CALENDAR,HIGH
24,2017,5,6,MONSOON,5 -> 6,ZERO_BASED_TO_CALENDAR,HIGH
25,2017,5,6,MONSOON,5 -> 6,ZERO_BASED_TO_CALENDAR,HIGH
26,2017,5,6,MONSOON,5 -> 6,ZERO_BASED_TO_CALENDAR,HIGH
27,2017,5,6,MONSOON,5 -> 6,ZERO_BASED_TO_CALENDAR,HIGH
28,2017,5,6,MONSOON,5 -> 6,ZERO_BASED_TO_CALENDAR,HIGH
29,2017,5,6,MONSOON,5 -> 6,ZERO_BASED_TO_CALENDAR,HIGH
30,2017,5,6,MONSOON,5 -> 6,ZERO_BASED_TO_CALENDAR,HIGH
31,2017,5,6,MONSOON,5 -> 6,ZERO_BASED_TO_CALENDAR,HIGH
32,2017,5,6,MONSOON,5 -> 6,ZERO_BASED_TO_CALENDAR,HIGH
33,2017,5,6,MONSOON,5 -> 6,ZERO_BASED_TO_CALENDAR,HIGH
34,2017,5,6,MONSOON,5 -> 6,ZERO_BASED_TO_CALENDAR,HIGH
35,2017,5,6,MONSOON,5 -> 6,ZERO_BASED_TO_CALENDAR,HIGH
0,2017,1,2,WINTER,1 -> 2,ZERO_BASED_TO_CALENDAR,HIGH
1,2017,1,2,WINTER,1 -> 2,ZERO_BASED_TO_CALENDAR,HIGH
2,2017,1,2,WINTER,1 -> 2,ZERO_BASED_TO_CALENDAR,HIGH
3,2017,1,2,WINTER,1 -> 2,ZERO_BASED_TO_CALENDAR,HIGH
4,2017,1,2,WINTER,1 -> 2,ZERO_BASED_TO_CALENDAR,HIGH
5,2017,1,2,WINTER,1 -> 2,ZERO_BASED_TO_CALENDAR,HIGH
6,2017,1,2,WINTER,1 -> 2,ZERO_BASED_TO_CALENDAR,HIGH
7,2017,1,2,WINTER,1 -> 2,ZERO_BASED_TO_CALENDAR,HIGH
8,2017,1,2,WINTER,1 -> 2,ZERO_BASED_TO_CALENDAR,HIGH
9,2017,1,2,WINTER,1 -> 2,ZERO_BASED_TO_CALENDAR,HIGH
10,2017,1,2,WINTER,1 -> 2,ZERO_BASED_TO_CALENDAR,HIGH
11,2017,1,2,WINTER,1 -> 2,ZERO_BASED_TO_CALENDAR,HIGH
12,2017,1,2,WINTER,1 -> 2,ZERO_BASED_TO_CALENDAR,HIGH
13,2017,1,2,WINTER,1 -> 2,ZERO_BASED_TO_CALENDAR,HIGH
14,2017,1,2,WINTER,1 -> 2,ZERO_BASED_TO_CALENDAR,HIGH
15,2017,1,2,WINTER,1 -> 2,ZERO_BASED_TO_CALENDAR,HIGH
16,2017,1,2,WINTER,1 -> 2,ZERO_BASED_TO_CALENDAR,HIGH
17,2017,1,2,WINTER,1 -> 2,ZERO_BASED_TO_CALENDAR,HIGH
18,2017,1,2,WINTER,1 -> 2,ZERO_BASED_TO_CALENDAR,HIGH
19,2017,1,2,WINTER,1 -> 2,ZERO_BASED_TO_CALENDAR,HIGH
20,2017,1,2,WINTER,1 -> 2,ZERO_BASED_TO_CALENDAR,HIGH
21,2017,1,2,WINTER,1 -> 2,ZERO_BASED_TO_CALENDAR,HIGH
22,2017,1,2,WINTER,1 -> 2,ZERO_BASED_TO_CALENDAR,HIGH
23,2017,1,2,WINTER,1 -> 2,ZERO_BASED_TO_CALENDAR,HIGH
24,2017,1,2,WINTER,1 -> 2,ZERO_BASED_TO_CALENDAR,HIGH
25,2017,1,2,WINTER,1 -> 2,ZERO_BASED_TO_CALENDAR,HIGH
26,2017,1,2,WINTER,1 -> 2,ZERO_BASED_TO_CALENDAR,HIGH
27,2017,1,2,WINTER,1 -> 2,ZERO_BASED_TO_CALENDAR,HIGH
28,2017,1,2,WINTER,1 -> 2,ZERO_BASED_TO_CALENDAR,HIGH
29,2017,1,2,WINTER,1 -> 2,ZERO_BASED_TO_CALENDAR,HIGH
30,2017,1,2,WINTER,1 -> 2,ZERO_BASED_TO_CALENDAR,HIGH
31,2017,1,2,WINTER,1 -> 2,ZERO_BASED_TO_CALENDAR,HIGH
32,2017,1,2,WINTER,1 -> 2,ZERO_BASED_TO_CALENDAR,HIGH
33,2017,1,2,WINTER,1 -> 2,ZERO_BASED_TO_CALENDAR,HIGH
34,2017,1,2,WINTER,1 -> 2,ZERO_BASED_TO_CALENDAR,HIGH
35,2017,1,2,WINTER,1 -> 2,ZERO_BASED_TO_CALENDAR,HIGH
0,2017,11,12,WINTER,11 -> 12,ZERO_BASED_TO_CALENDAR,HIGH
1,2017,11,12,WINTER,11 -> 12,ZERO_BASED_TO_CALENDAR,HIGH
2,2017,11,12,WINTER,11 -> 12,ZERO_BASED_TO_CALENDAR,HIGH
3,2017,11,12,WINTER,11 -> 12,ZERO_BASED_TO_CALENDAR,HIGH
4,2017,11,12,WINTER,11 -> 12,ZERO_BASED_TO_CALENDAR,HIGH
5,2017,11,12,WINTER,11 -> 12,ZERO_BASED_TO_CALENDAR,HIGH
6,2017,11,12,WINTER,11 -> 12,ZERO_BASED_TO_CALENDAR,HIGH
7,2017,11,12,WINTER,11 -> 12,ZERO_BASED_TO_CALENDAR,HIGH
8,2017,11,12,WINTER,11 -> 12,ZERO_BASED_TO_CALENDAR,HIGH
9,2017,11,12,WINTER,11 -> 12,ZERO_BASED_TO_CALENDAR,HIGH
10,2017,11,12,WINTER,11 -> 12,ZERO_BASED_TO_CALENDAR,HIGH
11,2017,11,12,WINTER,11 -> 12,ZERO_BASED_TO_CALENDAR,HIGH
12,2017,11,12,WINTER,11 -> 12,ZERO_BASED_TO_CALENDAR,HIGH
13,2017,11,12,WINTER,11 -> 12,ZERO_BASED_TO_CALENDAR,HIGH
14,2017,11,12,WINTER,11 -> 12,ZERO_BASED_TO_CALENDAR,HIGH
15,2017,11,12,WINTER,11 -> 12,ZERO_BASED_TO_CALENDAR,HIGH
16,2017,11,12,WINTER,11 -> 12,ZERO_BASED_TO_CALENDAR,HIGH
17,2017,11,12,WINTER,11 -> 12,ZERO_BASED_TO_CALENDAR,HIGH
18,2017,11,12,WINTER,11 -> 12,ZERO_BASED_TO_CALENDAR,HIGH
19,2017,11,12,WINTER,11 -> 12,ZERO_BASED_TO_CALENDAR,HIGH
20,2017,11,12,WINTER,11 -> 12,ZERO_BASED_TO_CALENDAR,HIGH
21,2017,11,12,WINTER,11 -> 12,ZERO_BASED_TO_CALENDAR,HIGH
22,2017,11,12,WINTER,11 -> 12,ZERO_BASED_TO_CALENDAR,HIGH
23,2017,11,12,WINTER,11 -> 12,ZERO_BASED_TO_CALENDAR,HIGH
24,2017,11,12,WINTER,11 -> 12,ZERO_BASED_TO_CALENDAR,HIGH
25,2017,11,12,WINTER,11 -> 12,ZERO_BASED_TO_CALENDAR,HIGH
26,2017,11,12,WINTER,11 -> 12,ZERO_BASED_TO_CALENDAR,HIGH
27,2017,11,12,WINTER,11 -> 12,ZERO_BASED_TO_CALENDAR,HIGH
28,2017,11,12,WINTER,11 -> 12,ZERO_BASED_TO_CALENDAR,HIGH
29,2017,11,12,WINTER,11 -> 12,ZERO_BASED_TO_CALENDAR,HIGH
30,2017,11,12,WINTER,11 -> 12,ZERO_BASED_TO_CALENDAR,HIGH
31,2017,11,12,WINTER,11 -> 12,ZERO_BASED_TO_CALENDAR,HIGH
32,2017,11,12,WINTER,11 -> 12,ZERO_BASED_TO_CALENDAR,HIGH
33,2017,11,12,WINTER,11 -> 12,ZERO_BASED_TO_CALENDAR,HIGH
34,2017,11,12,WINTER,11 -> 12,ZERO_BASED_TO_CALENDAR,HIGH
35,2017,11,12,WINTER,11 -> 12,ZERO_BASED_TO_CALENDAR,HIGH
