year,month,season,rainfall_mm,rainfall_3m,rainfall_6m,rainfall_12m,historical_monthly_mean,rainfall_anomaly,rainfall_anomaly_pct,rainfall_deficit_mm,rainfall_missing,rainfall_zscore,rainfall_lag_1m,rainfall_lag_2m,rainfall_lag_3m,rainfall_prev_3m,rainfall_prev_6m,rainfall_prev_12m,rainfall_trend_3m,month_sin,month_cos
-0.30141476,0.0,-0.072849125,-0.051614,-0.01575321,0.051111024,-0.35622454,-0.6627252,0.02465929,-0.011145353,0.004760611,5.900742e-05,-0.1094591,-0.010318321,0.012782237,0.022310698,0.053742643,-0.018158954,-0.65496373,0.010527993,-0.06448755,-1.379696
-0.33054072,0.0,0.042338457,-0.017260125,0.009023106,-0.15209001,-0.4583203,0.0063616354,-0.022115134,-0.08320973,0.0033841336,5.900742e-05,-0.048856962,-0.0012280769,-0.014842027,-0.03648758,0.02449912,-0.05817828,-0.40687957,0.0060309838,0.110049725,-0.9178369
-0.3564643,0.0,-0.029683245,0.037191004,0.026609365,0.045888156,-0.08072399,0.40006647,-0.021483975,-0.02146157,0.005493048,5.880351e-05,-0.09490217,0.016622184,0.026499417,-0.01649314,0.27253896,0.044347785,-0.031361293,0.024908792,-0.005084644,-0.895311
-0.605127,0.0,0.05713601,-0.024646746,-0.002613913,-0.00893645,-0.0430487,0.06352733,-0.025171919,-0.027328186,0.0023350476,5.8720405e-05,-0.060609855,0.014238776,-0.0059872675,0.042678084,0.0028057015,0.09329786,0.01884557,-0.009278782,0.005194759,0.34614107
-0.15088384,0.0,0.008728928,0.016853571,0.0050363843,-0.038967956,0.36808914,0.055981133,0.028136218,0.013376335,0.0044244877,5.8720405e-05,-0.16215613,-0.06317189,-0.07973501,-0.07628193,-0.15498714,-0.25477815,0.41351762,0.006344536,-0.031148935,-1.2879183
-0.4095661,0.0,0.030109242,0.009092181,-0.089438595,0.018264256,0.0011164938,0.06708152,-0.04126144,0.03880477,0.00565177,5.8818776e-05,0.018483702,0.031623106,0.0062885163,0.010422498,-0.0015238046,0.056729883,0.12619068,-0.0039091343,-0.006474808,0.6156279
-0.1482517,0.0,-0.32986635,-0.07704645,0.05565539,-0.012246227,-0.14988019,-0.98495996,-0.0015356769,-0.03572215,0.0028189903,5.8580616e-05,-0.11928631,0.022825422,-0.003202908,-0.07985497,0.029713767,-0.4014305,-0.2095767,-0.0026047714,-0.08242643,-1.5912383
-0.29526687,0.0,0.050622966,0.06557856,-0.111312106,0.01848029,-0.18555906,0.055387225,-0.008241402,0.020934425,0.0058016586,5.916015e-05,-0.010345537,-0.0097513925,0.02455818,-0.054013457,-0.06742193,0.05810999,-0.09737584,0.042547766,-0.17089641,-0.6846594
-0.17908576,0.0,-0.070279725,-0.022234611,-0.0017270914,0.05079405,-0.065737806,-0.06811496,0.03722587,0.0184234,0.0033154439,5.880351e-05,-0.11039864,0.041795786,0.039196964,0.053706452,0.15884158,0.021971954,-0.052786812,0.01875023,-0.043464877,-1.0557585
-0.6233956,0.0,0.060124792,-0.010932347,0.014086896,0.034287337,-0.13218968,0.062016197,-0.02445019,-0.016384874,0.0028611764,5.8924314e-05,-0.067282625,-0.00943303,-0.0075628622,0.043358423,0.033257954,0.12310877,-0.06430991,-0.017914344,0.0013139937,0.2779858
-0.2841158,0.0,-0.40059394,-0.03302709,-0.081121445,0.008145333,-0.51799375,0.11495398,-0.0039421413,-0.028524004,-0.023379235,5.8828227e-05,0.10166775,-0.10750777,0.014351348,0.027311612,0.00879323,-0.029034449,-0.6965587,-0.05979623,-0.06493992,-1.1424811
-0.36381763,0.0,0.04972619,0.010759484,0.020817483,-0.053497884,0.19502653,0.07849188,-0.025398927,0.027045995,-0.02469415,6.82419e-05,-0.029674752,-0.08016154,-0.123124644,0.038817048,-0.14682095,-0.22390711,0.23568994,0.028584596,-0.11000452,0.3134065
-0.15431167,0.0,-0.39154354,0.0077746483,-0.10777731,-0.07321199,-0.003582674,0.018872876,0.0029944011,0.015819332,0.0030271304,5.8720405e-05,-0.07071124,-0.047113966,-0.21840827,-0.11060809,-0.30835155,-0.37492755,0.015184337,0.011750817,-0.121474676,-1.4610442
-0.47031552,0.0,0.055073738,-0.009584621,0.010289605,4.4510467e-05,0.0078525795,0.043360025,-0.021583999,-0.022876328,0.004268118,5.902269e-05,-0.057183307,0.014574026,0.0053540803,-0.025836714,0.036404405,0.10719475,0.0046201237,0.025875403,0.033471882,0.69432634
-0.16408753,0.0,-0.49308485,-0.04113908,-0.062268306,-0.061572425,0.22119339,-0.4458062,0.031076895,0.0012589502,0.004164776,5.8720405e-05,-0.15417111,-0.00085116853,-0.2341137,-0.088722795,-0.17973465,-0.24088773,0.19447255,-0.0043871882,-0.09011741,-1.7110789
-0.16507074,0.0,-0.45283562,-0.020690631,-0.10182067,-0.061456762,0.22699884,0.06849254,0.0060610687,-0.06257096,0.0026142455,5.8525944e-05,-0.058980934,-0.07278157,-0.040287763,-0.097715735,-0.3052376,-0.2549568,0.26533353,-0.033749383,-0.07977969,-1.4738253
-0.51944375,0.0,0.045197196,0.009030329,0.0020277735,0.014245773,0.07711828,0.073158905,-0.022969747,-0.0917834,-0.027281968,5.8624315e-05,0.17078246,-0.01627088,-0.0074758613,-0.008073241,0.005731739,-0.023814403,0.18683103,-0.061452553,0.036564346,0.4710174
-0.26764715,0.0,0.070806295,0.031118432,-0.002813682,0.03483236,0.027852798,0.1009383,0.005621615,0.025724517,0.005336782,5.916015e-05,-0.07027659,-0.0016144379,-0.058829077,0.04464368,-0.026092622,0.047893077,-0.036745958,0.029318664,-0.19925165,-0.6133921
-0.3215184,0.0,0.038298722,0.060302295,-0.23344097,-0.046934396,-0.009622323,0.0019764167,0.0055229533,-0.0020926008,-0.011460604,5.8818776e-05,-0.0086708525,-0.21509624,-0.007157922,0.017904606,-0.09192026,-0.06990161,0.042657636,-0.104886465,-0.1504522,0.23783499
-0.49499494,0.0,0.044854462,-0.01611886,-0.0073635336,0.016430445,0.017255228,0.06945081,-0.016572323,-0.05607147,0.0017841167,5.8376707e-05,0.018605877,-0.0029132413,-0.035112184,-0.005559634,0.043392975,-0.07451565,0.027280018,0.022307001,0.02728451,0.4435627
-0.4018657,0.0,0.035536416,0.012394859,-0.06619628,-0.056865435,-0.13159256,0.019602913,-0.012507076,0.018209258,0.0042055813,5.898889e-05,0.00012412498,0.0073141376,-0.079387,-0.12606,-0.12086902,-0.05333182,-0.7128414,-0.022783387,-0.28501916,-0.7948583
-0.22326277,0.0,-0.27077958,-0.011522844,-0.091037884,-0.041345075,-0.04831751,0.049882896,-0.022568217,-0.025748828,0.003212419,5.8924314e-05,-0.07676657,-0.03109693,-0.18164043,-0.029781057,-0.20825887,-0.1612653,-0.48490238,0.011523994,-0.13130036,-1.4255165
-0.56700766,0.0,0.058586664,-0.018207422,0.013769584,-0.027343325,-0.034407392,-0.00082054187,0.0027633342,-0.028126845,0.002035313,5.880351e-05,-0.07736579,0.016727433,-0.011649062,-0.0009476984,0.00023410624,-0.0030427708,-0.06263483,0.004581523,0.222054,-0.5518994
-0.60312974,0.0,0.05409132,-0.035157107,0.003747092,-0.016449958,-0.032841533,-0.15399371,0.04159174,-0.037787136,0.004747307,5.8818776e-05,-0.05699038,0.0094333,0.009005753,-0.03316672,0.0029487102,0.13402054,0.024431497,0.03799232,0.0113573205,0.35448703
-0.33925614,0.0,-0.30617532,-0.004637145,-0.037719946,-0.035688993,0.41724467,0.39646626,-0.015385362,-0.017195664,-0.04429868,5.9218237e-05,0.06908377,-0.16211978,-0.16683643,-0.08083761,-0.2048261,-0.18840292,0.22735909,-0.18944055,-0.076163664,-0.9807594
-0.50699306,0.0,0.06101567,0.027929744,-0.015235915,0.023912342,-0.124921374,0.015055147,-0.023712695,-0.03824058,0.00807239,5.902269e-05,-0.069942676,0.008517723,-0.04497735,0.031792745,-0.10656608,-0.053043693,-0.033777833,-0.08427435,-0.007518106,0.29306382
-0.17706981,0.0,0.06524293,-0.065230705,0.049694017,-0.0016127166,0.5649929,0.043912005,0.036983006,-0.019584749,0.0014541161,5.8376707e-05,0.07551004,0.065539956,-0.041473106,0.011856758,0.11663121,-0.2328586,0.6091061,-0.008370127,-0.028414274,-0.84563243
-0.35459837,0.0,0.037303016,0.024093715,-0.062497746,-0.0076640486,0.2918773,0.122827694,0.0357993,-0.052475676,0.007153002,5.9218237e-05,-0.01084405,0.02484117,0.03400836,0.006702896,0.023253942,0.13816182,0.32872447,0.0003776978,0.055426918,0.49080032
-0.40187588,0.0,0.047819544,0.03419915,-0.046550013,-0.004028784,0.13249421,0.27751034,-0.021705998,-0.045016594,0.0029548758,5.8818776e-05,-0.059619427,0.00542582,-0.103374265,0.025340496,-0.0788684,-0.022240631,0.2300559,-0.056498785,-0.0036597,0.53955823
-0.167935,0.0,-0.31863904,-0.083464384,0.053978562,-0.009863999,-0.13040753,-0.92814666,0.011469985,-0.03290882,0.0025122617,5.8580616e-05,-0.10842209,0.03647325,0.019616265,0.03449715,0.055311535,-0.420115,-0.20368859,-0.008118777,-0.0776983,-1.6063849
-0.1910312,0.0,-0.38028693,-0.06942064,0.0815002,0.011960425,-0.11889383,-0.59975034,-0.0048271846,-0.03356663,-0.028004957,5.8580616e-05,-0.08375514,0.06394937,-0.03198144,0.011672335,0.049298115,-0.4620144,-0.24442993,0.006340746,-0.07921267,-1.5205758
-0.42209104,0.0,0.03657705,0.013682762,0.012794406,0.00010987652,-0.0980642,-0.023438985,-0.018823322,-0.024006026,-0.018882727,5.8720405e-05,-0.03063418,0.014434096,-0.06511405,-0.03345805,-0.085886635,-0.023629338,-0.043725453,0.09502163,-0.13507225,0.34029493
-0.33082908,0.0,0.070313185,-0.01081859,0.03321063,0.03218879,0.25431386,0.07015163,0.010333498,-0.007242781,0.0070934803,5.920297e-05,-0.0730581,0.026535869,-0.046708558,0.018961107,0.048092954,-0.065883584,0.28988853,0.014995437,0.18687665,-0.35742018
-0.37370065,0.0,0.04112316,-0.010034892,0.008744866,0.03997719,-0.41659075,0.10214973,-0.000518801,0.024412412,0.004209076,5.902269e-05,-0.05337625,0.014064823,-0.0009450106,0.036392342,-0.0012379824,0.118442595,-0.30895865,0.017606338,-0.26476988,0.28887436
-0.58500904,0.0,0.06562724,-0.048867583,0.023699434,0.031010887,-0.10181222,-0.120853595,0.028884998,-0.025694873,0.005509715,5.860905e-05,0.040949337,0.027545188,0.011379314,-0.02752941,0.0061104945,0.16519925,-0.030219195,0.018965447,0.05208754,0.77186745
-0.28622827,0.0,0.050019473,0.040773183,0.0036150583,-0.009142045,0.1754485,0.09295318,-0.028264618,0.049968246,0.0020823302,5.8818776e-05,0.10180099,-0.13359296,-0.109433025,-0.09645257,-0.10623857,-0.12762178,0.2711361,-0.030830314,-0.0024846536,0.5815304
-0.45587486,0.0,0.04436773,0.023169795,-0.0049208812,0.0023730758,0.0038247975,0.06897111,0.0071521914,0.03208191,0.003270717,5.8818776e-05,-0.041236825,0.0071508526,0.0058208453,-0.043947197,0.002789625,0.0220863,0.061878756,0.0020904536,0.031900615,0.595329
-0.36144957,0.0,0.031884715,0.029599369,-0.2784936,-0.017032743,-0.009680792,0.027463824,-0.005052545,-0.044795394,-0.037236083,5.8818776e-05,0.16423403,-0.107840516,-0.031023586,0.027040107,-0.097088136,-0.11434706,0.03379012,-0.030894231,-0.17361546,0.23420963
-0.28085184,0.0,-0.08279697,-0.029625783,-0.0057995874,-0.13896102,0.20203692,-0.92311823,-0.07757642,-0.073505044,0.0030383307,5.9119862e-05,-0.21563593,-0.048684597,-0.06334175,-0.03771899,-0.12845318,-0.39407817,0.031028347,-0.0595304,-0.07301971,-1.4836574
-0.23171416,0.0,0.043190084,-0.023934234,-0.33329162,-0.045653716,-0.09735935,-0.0602411,-0.013091475,-0.10092286,-0.046269633,5.8761776e-05,-0.032662477,-0.16264707,-0.0676208,-0.11195473,-0.17841756,-0.13513194,-0.04542237,-0.04154691,-0.2851716,-0.73912776
-0.11737562,0.0,-0.5334365,0.04984839,-0.07329692,-0.02872798,0.29214996,-0.10711754,0.050901357,-0.054952998,0.002053416,5.9218237e-05,0.01287738,-0.14816865,-0.16792463,-0.060214367,-0.33297047,-0.29248092,0.23712146,-0.07662102,-0.048494317,-1.5150747
-0.25359356,0.0,-0.034117993,-0.083886944,0.027188908,0.02928882,-0.09819138,-0.9570084,0.025739694,-0.0025126084,0.0040683574,5.8571168e-05,-0.22559637,0.060932018,-0.010392554,0.023913048,0.037321758,0.015048058,-0.08019442,-0.03859512,-0.051814776,-1.2679573
-0.34582946,0.0,-0.0357865,-0.02958071,0.0009525004,0.04384085,-0.08424787,-0.21523133,-0.036593076,-0.13405396,0.004022742,5.8571168e-05,-0.16998497,-0.12550414,0.011284345,0.037234515,0.06536807,0.06840659,-0.074647844,-0.019482533,-0.060529664,-1.2769012
-0.18724938,0.0,-0.3653606,-0.06292195,-0.24469028,-0.22639616,0.3636271,0.05666741,0.012794067,-0.11642564,0.0018960873,3.9923336e-05,0.02642152,-0.03802008,-0.24945852,-0.077047534,-0.2591138,-0.3372483,0.26866975,-0.06846013,-0.07435614,-1.3291757
-0.23361489,0.0,-0.3544028,-0.06929641,0.04235236,-0.027349193,-0.3264802,-0.8316844,-0.002667617,-0.012684042,0.004360418,5.8580616e-05,-0.085159235,0.019112738,0.0019706297,0.0050135218,0.041615143,-0.26536402,-0.4941087,0.0025235163,-0.08228744,-1.541184
-0.17149088,0.0,-0.33614257,-0.082257286,0.019562652,-0.07147377,-0.061867613,-0.88718,0.006750992,-0.03716955,0.0024515595,5.8525944e-05,-0.10485109,0.020778626,-0.013946868,-0.058529865,-0.006241646,-0.4884293,-0.08944645,0.009667438,-0.08243738,-1.6641496
-0.20522031,0.0,0.005154304,-0.030646686,0.025822122,-0.0099638,0.40114662,0.05213705,0.026824063,-0.005307284,0.0027682495,5.897063e-05,-0.14013956,0.05933703,0.046394885,-0.009572784,0.119188115,-0.2680317,0.32388803,-0.002715961,-0.029870532,-0.960062
-0.15887472,0.0,-0.25327894,-0.03806459,0.02365449,-0.046568908,-0.16902,-0.14124453,0.0066573047,-0.025882347,0.0032237624,5.8729853e-05,-0.06832737,0.024326008,-0.002612537,-0.104959615,-0.18627849,-0.418042,-0.21180099,-0.008335912,-0.08207461,-1.4997237
-0.30745462,0.0,-0.33502918,-0.059757695,0.031256866,0.04318716,-0.85714227,-0.18427771,-0.0021599901,-0.022354424,0.006900181,5.8729853e-05,-0.108510226,-0.038840093,-0.0028124289,0.007787731,-0.0007846202,0.0011034324,-0.6892734,0.032818075,-0.21679783,-1.2208083
-0.3061731,0.0,-0.388227,0.031296525,-0.08240689,0.0014523254,-0.4103752,0.098368,-0.006664316,-0.024175406,0.0024502024,5.8924314e-05,-0.10894117,-0.04899806,-0.0028910742,0.033295047,0.010472568,-0.07311396,-0.68850654,-0.033098683,-0.12846106,-1.2626162
-0.18797916,0.0,0.037382834,-0.03439427,-0.15463972,-0.052396987,-0.105844826,-0.04544995,-0.07854227,-0.1071259,-0.022408294,5.8761776e-05,0.18979566,0.008417708,-0.2078091,-0.1138892,-0.18073341,-0.24063277,-0.10730466,-0.008738695,-0.32739943,-0.754171
-0.17028569,0.0,-0.055683564,-0.082397744,0.0479308,-0.12359671,0.2769715,-1.0713217,-0.0067662634,-0.06313674,0.006517442,5.8776168e-05,-0.20973921,0.048665784,0.023065686,0.003799581,0.04344573,-0.3110799,0.25354102,-0.05215186,-0.061283495,-1.2510511
-0.76296866,0.0,0.04603732,-0.018133394,0.015510812,-0.028128175,-0.14879574,-0.11307175,-0.025772016,-0.100797564,0.0019705133,5.880351e-05,-0.056436855,-0.035018522,-0.0052064806,0.017832104,0.004060222,0.100188754,-0.06266625,0.02232922,0.006368313,0.3597971
-0.40302327,0.0,0.054944295,-0.033359677,-0.02828994,-8.473122e-05,-0.40584475,0.06780867,0.0026408164,-0.05934715,-0.023895051,5.896569e-05,-0.0058781216,-0.022239542,-0.16899928,0.013123397,-0.09286345,-0.12189384,-0.8305511,0.013084496,-0.30486593,-0.6837513
-0.68142843,0.0,0.082043074,-0.011943912,0.032060515,-0.079109594,-0.15618816,-0.15607598,-0.033688985,-0.14220403,0.0020564818,5.900742e-05,-0.025610743,0.02078131,-0.0028313864,-0.002658852,0.0027856857,0.18107392,-0.08956504,0.008019717,0.27699152,-0.5419052
-0.6510799,0.0,0.04914754,0.027670708,0.007756624,0.00934823,-0.19376047,0.061597656,-0.011831982,-0.0344232,0.0052679256,5.902269e-05,-0.05896909,0.0058702943,0.020625347,0.08140326,0.015584335,0.14387552,-0.53511673,-0.040093444,-0.19841854,0.28472337
-0.55070037,0.0,0.061203998,0.018418074,0.0055906754,0.031166742,-0.01362991,0.07864595,-0.023884257,-0.032121327,0.004507757,5.8818776e-05,-0.05330757,0.01627148,0.010264123,0.007935062,0.012088515,0.095805116,0.059656817,0.0155537315,0.023788076,0.59300435
-0.38178992,0.0,0.02004209,0.031748105,0.006267493,0.020419616,0.05627317,0.057987783,-0.0055527836,-0.03762031,-0.02265357,5.8729853e-05,0.19518822,0.021596253,0.04958382,0.06771935,0.036014274,0.030722907,-0.0221263,0.016964048,0.0023965077,0.53856325
-0.5623694,0.0,0.07657775,-0.03741433,-0.006496261,-0.12134769,-0.2932335,-0.15483342,0.01438518,-0.020840146,0.00639247,5.8828227e-05,0.055405162,-0.028176699,-0.00983346,0.02776108,0.014639613,0.15927859,-0.5593097,0.011081296,0.22652888,-0.6376602
-0.50115395,0.0,0.053760186,-0.057597898,0.040102538,-0.14382148,-0.49286738,-0.6034172,-0.0047889454,-0.051184006,-0.012224715,5.881296e-05,-0.048836604,0.04761748,-0.04414322,-0.040455505,-0.07818337,-0.053588763,-0.30466244,-0.0011520757,0.18518268,-0.5790598
-0.2964385,0.0,-0.238412,0.037648086,-0.071624056,0.039542824,0.022382554,0.32142195,-0.053361185,-0.010284157,0.002999957,5.8924314e-05,-0.084230565,-0.04061803,0.010335195,0.038586043,0.06461682,0.19788781,-0.012890536,-0.009436905,-0.10908966,-0.93695927
-0.70525414,0.0,0.05416046,-0.04205005,0.023189748,-0.024513442,-0.1511356,0.046325658,-0.002092762,-0.013104817,0.0051560914,5.881296e-05,0.04755959,0.0033774765,-0.04549089,0.0005197339,0.049555678,0.15515101,-0.53198266,0.013252697,0.073521934,0.7511463
-0.27632302,0.0,-0.015367014,-0.07752528,0.044766314,-0.057784665,-0.49490198,-0.7239388,0.0029386547,-0.045601748,-0.014701702,5.8580616e-05,-0.21216366,0.053407643,-0.033101797,0.03306417,0.028821232,-0.020268697,-0.50133514,-0.01730338,-0.08080494,-1.2610124
-0.37139136,0.0,0.059345547,-0.062013417,0.037638497,-0.031899627,0.2180505,-0.7077465,0.019675257,-0.06034245,0.0021972524,5.9008507e-05,-0.08102256,0.041421365,0.028619932,0.014178753,0.015628275,-0.12554799,0.27069503,-0.002021379,0.34516925,-0.24827555
-0.5507333,0.0,0.05717191,-0.056878563,-0.03176043,-0.03324043,-0.010910589,-0.07971908,0.039605264,-0.080320895,0.0022870463,5.8580616e-05,0.085631065,0.053592723,-0.070333086,0.012338257,0.033204816,0.033907127,-0.06619544,-0.008292429,0.021731906,0.40322766
-0.27875686,0.0,-0.37717983,0.0010795296,0.06311421,-0.04392894,0.28753915,0.07311775,0.012110417,-0.028410038,0.0029204495,5.89254e-05,0.07559417,-0.022054894,-0.035394937,-0.09833786,-0.16997418,-0.24169768,0.27785027,-0.011139265,-0.05957502,-1.2602341
-0.39580742,0.0,0.05916645,-0.014717503,-0.0033309767,0.01201923,-0.054060936,0.0474485,-0.028877757,-0.019579548,0.003698622,5.8720405e-05,-0.09433976,-0.010275412,-0.027723866,-0.12762451,-0.03961034,-0.032298647,0.05155986,0.0044219173,0.007959414,0.6585953
-0.26238737,0.0,-0.38653237,-0.083112374,0.019199507,-0.0444639,-0.23005153,-0.37934825,0.0071185376,-0.04542082,0.0033112701,5.8525944e-05,0.02605981,-0.0155952,-0.00075534126,-0.075183086,-0.07842042,-0.28516302,-0.15669705,0.012075692,-0.091070466,-1.5701425
-0.5717389,0.0,0.06052079,-0.016568955,0.0073812935,0.0046173893,-0.039383035,0.049132593,0.009539077,0.01981046,0.0050411015,5.8818776e-05,-0.06663347,0.010229628,-0.009261784,-0.031958733,0.01062702,0.10009044,-0.029987916,0.025658108,0.01340629,0.30789867
-0.15441999,0.0,-0.35015172,-0.023976922,-0.197805,-0.05972104,-0.0500557,-0.13668758,0.017168446,-0.047921214,-0.003372425,5.8525944e-05,0.23069282,-0.060428724,-0.18039757,-0.15629862,-0.2881489,-0.39669678,-0.029548528,0.02202735,-0.16443259,-1.4360865
-0.2089007,0.0,-0.36725372,0.008668696,-0.12169723,-0.028954225,0.016363531,-0.027392033,-0.016117863,-0.07769372,0.005218469,5.8818776e-05,-0.018861711,-0.05350215,-0.058830738,-0.05658823,-0.21619338,-0.37394187,0.016713485,-0.052770566,-0.074010454,-1.4846828
-0.5096768,0.0,0.06794545,-0.09055412,0.009388313,0.061905865,-0.08393643,-0.13648392,0.06466631,0.03506666,0.004307224,5.900742e-05,-0.047031764,0.036413617,-0.051841725,-0.034015283,0.039322313,0.11347036,-0.019356716,0.019682279,0.058574058,0.7859795
-0.5894138,0.0,0.09090155,-0.03938399,-0.01599115,-0.047840156,-0.13837194,-0.1417938,0.02007427,-0.01334983,0.0064021503,5.8624315e-05,-0.029961366,0.0013802047,0.01905605,-0.0013377125,0.008890327,0.17374869,-0.114848286,0.014152091,0.18851864,-0.5675008
-0.56018925,0.0,0.035128765,-0.004785006,-0.034956653,-0.09771902,-0.7850772,0.066300645,-0.024543405,-0.052094467,0.002793659,5.8828227e-05,0.061603162,0.015772145,0.012295164,0.050901398,-0.01338759,0.060064457,-1.2434044,-0.066091925,0.059037864,0.5236557
-0.42340535,0.0,0.05068776,0.004323541,-0.10276584,-0.0017566266,0.14421637,-0.0043406244,-0.22780202,-0.038766343,-0.18285984,5.9218237e-05,-0.062346566,-0.022061573,-0.061824817,-0.13753463,-0.0807014,-0.0055796276,0.14235306,-0.004109841,0.021720514,0.55012435
-0.48224512,0.0,0.06477879,-0.014340442,0.012384092,-0.05230227,-0.062344436,-0.13502026,-0.02305072,-0.030731412,0.0016023597,5.900742e-05,-0.031421628,-0.0122397505,0.024685653,-0.05212564,0.030089922,0.15721053,-0.010054248,0.031657998,0.050905194,0.751894
-0.44237554,0.0,0.04425655,0.004038639,-0.10983526,0.008100994,-0.12690154,0.050064776,-0.038795505,-0.04224797,-0.046853732,5.902269e-05,-0.034635384,0.0021714887,0.0126137715,0.018864486,-0.06329486,0.039139714,-0.36537996,-0.097461544,-0.11211494,0.25888073
-0.12818883,0.0,-0.37352946,-0.031121876,0.0145943565,-0.003670713,0.32799858,0.14051232,0.030547626,0.01554454,0.005199897,5.8720405e-05,-0.21234538,-0.07163463,-0.044095594,-0.06683995,-0.13265929,-0.19759071,0.42946115,0.016013639,-0.051026713,-1.4108161
-0.75411195,0.0,0.0666759,-0.12802173,0.006763336,0.02838889,-0.17574221,-0.07124864,0.024818119,-0.059297264,0.0075440877,5.881296e-05,0.060178485,0.0049228873,-0.06542357,-0.054102365,0.045967918,0.16680531,-0.52657557,0.01938299,0.0715777,0.7184234
-0.5807919,0.0,0.055097558,0.022928532,-0.015634371,0.0167448,-0.0878812,0.07872114,-0.0029683537,0.039580993,0.0015237562,5.900742e-05,-0.03294528,-0.0047698924,-0.050243348,-0.010238129,0.054510966,0.08591876,-0.36314818,0.011576235,0.05057152,0.67980707
-0.5521347,0.0,0.06714957,-0.03888734,0.029014943,-0.0052983095,-0.1315042,-0.41023213,0.046970654,-0.0147743095,0.0038834852,5.8775076e-05,-0.01813734,0.013539792,-0.0670737,0.02526643,0.027992086,0.08362734,-0.31596282,0.0026172705,0.017353192,0.46318245
-0.51887447,0.0,0.057791553,-0.015550075,0.028293395,-0.0070919925,-0.10064034,0.045312777,0.0039015312,0.026020773,0.0057778317,5.900742e-05,-0.041257735,0.008368411,0.0009785013,-0.041552197,0.015058596,0.12763597,-0.115862586,0.044708148,0.014409365,0.37261486
-0.36858624,0.0,0.049533773,0.0574342,-0.031936478,-0.0039518923,0.118065506,0.07914989,-0.03332912,0.03576522,-0.02034751,5.8818776e-05,-0.066412695,-0.00060651894,-0.049472537,-0.03871494,-0.09060761,0.018406976,0.27749562,-0.07362012,0.011482264,0.52996314
-0.27825204,0.0,0.059050832,-0.042687383,0.02555704,0.029039072,-0.30438286,-0.005550526,0.028160581,-0.023982456,0.0050096675,5.881296e-05,-0.0043764324,0.031368375,0.020756606,-0.028241433,0.04092344,0.19943014,-0.27264312,0.009431086,0.07664429,0.7935411
-0.28595406,0.0,-0.3848108,-0.05194212,-0.09622857,-0.0037865546,-0.24308611,-0.18846473,0.0010830667,-0.049839962,0.0038035575,5.8729853e-05,-0.02330658,-0.05670412,-0.20166016,-0.05023916,-0.15522976,-0.16322468,-0.48096585,-0.04626092,-0.15600666,-1.4437433
-0.43057647,0.0,0.04662544,0.040622663,-0.031427715,-0.0075504715,0.115222074,0.11172365,0.01377759,0.04007098,0.002664817,5.8818776e-05,-0.049745187,0.0136093395,0.0018024622,-0.040540967,-0.047113832,-0.003982498,0.19254164,-0.09906728,0.016875803,0.5427496
-0.10686449,0.0,-0.22920772,-0.021839852,-0.16452537,-0.037363198,0.010542042,-0.016492505,-0.006902807,-0.028242642,-0.028208064,5.8828227e-05,0.2670568,-0.078639865,0.009265459,-0.021280607,-0.2221564,-0.03634902,-0.15024354,-0.058905695,-0.14013913,-1.1917744
-0.32902074,0.0,0.061544333,-0.010747068,0.018372772,0.040931486,-0.3952487,-0.11823192,0.0046968944,-0.07847294,0.004887358,5.900742e-05,-0.037176084,-0.0040582265,-0.059024654,-0.03930523,0.030894207,0.14925215,-0.22610253,0.027001344,0.07431107,0.83377784
-0.37241402,0.0,0.03778104,-0.0044229357,-0.040009663,-0.014858824,-1.0118077,-0.03770749,-0.036238637,0.020764384,0.004750893,5.902269e-05,-0.041013278,0.008077066,-0.01391824,-0.1627399,0.038127616,0.08827474,-1.3804508,-0.050491724,-0.16198193,0.40621138
-0.44341594,0.0,0.067662805,-0.063909456,-0.06577014,-0.16392729,-0.95701355,-0.13510334,0.013475813,-0.030546699,0.002424772,5.881296e-05,0.028014109,0.07638978,-0.06219203,-0.1005722,-0.035679143,-0.077698566,-0.83122593,-0.046659328,0.16490777,-0.41198698
-0.1953418,0.0,-0.07528718,-0.026809664,0.011626482,0.024208691,-0.18477383,-0.5836837,0.02594614,-0.011929922,0.003203641,5.8775076e-05,-0.15620077,0.026749691,-0.024980541,0.02607122,0.03689445,-0.42953107,-0.2120291,-0.01760479,-0.057948355,-1.566984
-0.3254075,0.0,-0.06972051,-0.065397784,0.010716872,-0.00819885,-0.38169268,-0.4336423,0.0022681288,-0.016351743,0.0049015223,5.8580616e-05,0.07362478,0.08795461,-0.005582654,0.020126,0.03872097,-0.06266016,-0.43941474,0.0108951805,-0.060698945,-1.343019
-0.593823,0.0,0.046405308,-0.010194496,0.009877965,-0.0048304503,-0.10431649,0.041477617,-0.02098234,-0.029157473,0.0044845925,5.902269e-05,-0.057565514,0.013768909,0.0024245568,-0.033772748,0.025254041,0.12907466,-0.023452478,-0.023489738,0.043564167,0.72465265
-0.45572948,0.0,0.055893067,0.03431397,-0.08757467,0.009370737,-0.120103955,0.0075665936,-0.010718925,-0.024735974,0.008248969,5.902269e-05,-0.06428245,0.0038485616,0.012966441,0.07217529,-0.06318621,0.04049907,-0.2739052,-0.07503423,-0.10928608,0.34124225
-0.22548747,0.0,0.0014392897,0.015659235,0.08710712,0.034878165,-0.12354659,0.35890123,0.078372024,-0.022751085,0.0007336275,5.8624315e-05,0.1105984,-0.02542968,0.051594444,0.04668569,0.13952638,-0.38913792,-0.11911319,0.00063306635,-0.024243014,-0.9569983
-0.5385914,0.0,0.04141307,-0.021481093,-0.022211775,-0.039616734,-0.742992,0.07407814,-0.007662055,-0.047000922,0.00411802,5.8828227e-05,0.036889605,-0.010427055,0.012536992,-0.0068603894,0.05635705,0.1807892,-1.129518,-0.032622404,0.0748084,0.57169026
-0.5703279,0.0,0.048508678,0.014908086,-0.030974435,-0.0018655923,-0.07292663,0.080152445,-0.008585196,-0.023604885,0.0013319534,5.900742e-05,-0.0031523928,-0.029050834,-0.031272426,-0.05736213,0.07109288,0.09509345,-0.011876896,0.01948617,0.05116568,0.6087357
-0.26786444,0.0,-0.04746132,-0.0016752742,0.06579764,0.061161876,-0.028561099,0.33757788,5.031214e-05,0.008643726,0.0044139693,5.902269e-05,-0.11355512,-0.019591186,0.045024484,0.023310885,0.16475713,0.09907816,-0.02201412,-0.010056119,-0.0111438185,-0.9279817
-0.462153,0.0,0.059076518,0.023928165,-0.00027802377,0.019895842,0.020539844,0.07881684,-0.01995732,0.037211157,0.0049269614,5.902269e-05,0.03968674,0.029433113,0.005431248,-0.055939276,0.034797825,0.09125049,-0.16582517,0.018518232,0.035580542,0.638343
-0.10009247,0.0,-0.3770743,-0.10747953,-0.070467606,-0.06391252,-0.16723105,-0.693342,0.034683686,0.010502707,0.0048031984,5.8924314e-05,-0.14215036,0.0074504507,-0.0022088073,-0.038629066,-0.091700956,-0.3738391,-0.2006376,5.545078e-05,-0.10010489,-1.7156028
-0.10016306,0.0,-0.31968468,-0.08840535,0.04108521,-0.060052313,-0.088764265,-0.91966987,0.00033799457,-0.03411327,0.002767179,5.8580616e-05,-0.122123726,0.015120367,-0.014132629,-0.038466956,-0.0026142593,-0.390038,-0.19496523,-0.0002994013,-0.09547084,-1.5608637
-0.22440304,0.0,0.054012712,0.050427042,-0.020342646,-0.037009757,-0.044226542,-0.087032385,-0.03335194,0.008333849,0.0054677464,5.8956237e-05,0.03332736,-0.08924871,-0.1935028,-0.082813375,-0.15773278,-0.10173173,-0.04149299,-0.123264134,-0.2159659,-0.7051073
-0.17466384,0.0,-0.2914128,-0.08259058,-0.2668296,-0.06601301,-0.10467141,-0.19331934,0.0048461705,-0.13025692,0.0029475444,5.8525944e-05,-0.03420027,-0.17477883,-0.03722763,-0.1321456,-0.22803144,-0.42119402,-0.08366478,-0.0717168,-0.14437291,-1.515325
-0.2884538,0.0,0.09386018,0.05797502,-0.016434321,-0.015272699,0.29336303,0.21066095,-0.033551592,0.028690297,0.0043957117,5.918444e-05,-0.045414917,-0.10597663,-0.18760878,-0.110137545,-0.10095375,-0.18667369,0.36730528,-0.018645158,-0.13401392,-0.47940627
-0.27095145,0.0,-0.36238334,-0.06368396,-0.022357274,-0.0075223153,-0.36205316,-0.69126934,0.002205532,-0.05065268,0.0068009347,5.8729853e-05,-0.13500336,0.006671076,-0.057986055,-0.03915357,-0.06956613,-0.086229496,-0.6343839,0.016549896,-0.091675095,-1.5392828
-0.29521346,0.0,-0.33496118,-0.05436051,0.031333704,-0.0343723,-0.3352652,-0.8841594,0.009260868,-0.024483029,0.0042818803,5.8580616e-05,-0.06533794,0.016573299,-0.006561453,0.03024191,0.039138786,-0.23050109,-0.6677112,0.0074006114,-0.07814815,-1.5427113
-0.6253315,0.0,0.039679106,-0.008022886,0.0381865,-0.116038576,-0.42066422,0.044235434,0.008386161,-0.045697317,0.0044669723,5.881296e-05,0.04951042,0.01684819,-0.061459508,-0.026001643,0.06615376,0.16671321,-0.48663986,0.017315477,0.083293535,0.77944195
-0.53485096,0.0,0.058057446,-0.0067207473,0.01724763,0.0002484466,-0.09294425,0.058816534,-0.025345858,-0.02927986,0.0047336114,5.8924314e-05,-0.086455114,-0.009893736,-0.0063309036,-0.15211199,0.0036302307,0.032168172,-0.0626518,0.007941072,-0.009773056,0.28671026
-0.16218483,0.0,-0.3763739,-0.075705014,0.014836098,-0.06554392,-0.17942846,-0.6207052,0.0076471935,-0.047132228,0.0031772433,5.8729853e-05,-0.09467462,-1.374798e-05,-0.057100106,-0.071599,-0.078080975,-0.3982161,-0.19860032,0.012562725,-0.09896289,-1.6561302
-0.50578356,0.0,0.057315,-0.010691157,-0.01331758,-0.0018691586,-0.094173364,0.0094833365,-0.03203141,-0.048861485,0.005291567,5.880351e-05,-0.08635475,-0.03261811,-0.04453235,0.008205072,0.0035302632,-0.031132713,-0.055680234,0.014261333,0.19581454,-0.6077908
-0.1695794,0.0,-0.33590013,-0.036046952,-0.089138076,-0.04704849,-0.20389402,-0.0032733541,0.023599012,-0.087533325,0.0022321232,5.8525944e-05,-0.033909135,-0.04413593,-0.17762601,-0.12190204,-0.3018583,-0.3468329,-0.13115323,0.013537233,-0.13695186,-1.5231122
-0.31702128,0.0,0.039018683,0.027640529,-0.1232984,-0.003611488,-0.008869295,0.063071124,0.052997015,0.039241232,0.004039751,5.8818776e-05,-0.04969855,-0.010704527,-0.031515893,0.044418707,-0.057405528,0.039922096,-0.043193366,-0.07940669,-0.13985942,0.2177035
-0.25004873,0.0,-0.25110498,-0.068273835,0.020068966,-0.06349644,-0.30481628,-1.2695472,0.002927661,-0.036856655,-0.0018451093,5.8580616e-05,-0.23748745,0.10346117,0.011737001,-0.051001716,-0.030056465,-0.082968794,-0.56641394,-0.02569352,-0.0774207,-1.3353516
-0.31456044,0.0,0.06369557,-0.050821904,-0.24500518,0.008842694,-0.24016573,0.061955433,-0.014124382,-0.12726624,-0.050529163,5.896569e-05,-0.03852744,-0.19402339,-0.14532869,-0.010127266,-0.16754065,-0.21057153,-0.44148555,-0.050314777,-0.28092614,-0.7002308
-0.4049865,0.0,0.047243472,-0.018674528,0.026042249,0.035816707,0.29634362,0.050758835,0.037964236,-0.056741036,0.0031114381,5.8525944e-05,-0.028197914,0.011045174,-0.011516655,-0.008673898,0.041452095,-0.093174666,0.3796075,-0.001583459,-0.0007933229,0.32556683
-0.18774562,0.0,-0.07805852,-0.07447201,-0.013501314,0.058315538,-0.26920354,-0.7708979,0.0049052993,-0.03077836,0.0035748233,5.8580616e-05,-0.05616667,0.026964098,-0.01149247,0.03496102,0.0496333,-0.07121496,-0.12598051,-0.015178771,-0.07137075,-1.3592297
-0.6323317,0.0,0.03450324,-0.019695733,-0.02957236,0.028379695,-0.23691086,0.008336335,-0.15499364,-0.045595482,-0.029815523,5.902269e-05,-0.02831724,-0.019123282,-0.116624914,-0.06881504,0.019063622,0.14034355,-0.70896727,-0.12310211,-0.060272027,0.61556405
-0.4674773,0.0,0.05856392,-0.020748354,0.0068842513,-0.009360375,-0.054044675,0.03443264,0.003706026,0.034055922,0.0006344113,5.8775076e-05,-0.05000162,0.0080874665,-0.05507877,0.026953194,0.0252163,0.10258534,-0.15010273,-0.0074039786,0.017194785,0.7571948
-0.1401364,0.0,-0.4558683,-0.02293139,-0.045296125,-0.040271815,0.25276476,0.10058143,0.0061826985,0.006417813,0.009274552,5.8720405e-05,-0.102510266,-0.0389711,0.14076874,-0.08880973,-0.3018292,-0.2408088,0.3348831,0.015274294,-0.076103315,-1.5061798
-0.5384182,0.0,0.05262377,0.009576806,-0.02688446,-0.030676113,-0.104324125,0.05010595,-0.03870302,-0.048897512,0.002263418,5.8775076e-05,-0.043003824,-0.03464749,0.014987337,0.060014945,0.025048414,0.13363375,-0.047875594,-0.012300495,0.021720393,0.7239464
-0.48496982,0.0,0.05841124,0.02793979,-0.012576575,0.014395662,-0.021590283,0.061586566,0.03070236,-0.015324225,0.0015938443,5.902269e-05,-0.00311657,-0.0007799353,-0.002128251,-0.046044253,-0.042050283,-0.039288167,-0.06621453,-0.06790093,-0.035499275,0.56674516
-0.5154653,0.0,0.03434223,-0.042717587,-0.07220716,0.023886578,-0.9612975,-0.06477733,-0.10815616,-0.040652145,-0.02958371,5.8828227e-05,-0.032324415,-0.022473115,-0.050419167,-0.08719948,0.00516511,0.06052796,-1.2875751,-0.13216366,-0.31823367,0.089965805
-0.26152682,0.0,0.0708104,0.032647904,-0.14352776,0.018025955,-0.3026828,0.01773536,0.030608177,-0.015221533,0.0065567093,5.916015e-05,0.002090594,0.00010774087,-0.12750421,0.022595549,-0.12107069,-0.10563636,-0.09036532,-0.03301425,-0.2426908,-0.6750782
-0.28261212,0.0,-0.21638122,-0.010169536,0.007444368,0.04639141,-0.03652099,0.12744285,0.008916342,-0.014701171,0.003675781,5.8924314e-05,-0.09509758,-0.06299377,-0.0023106334,-0.05984521,-0.11658786,0.086772844,-0.053322848,0.013194354,-0.121484585,-1.2544701
-0.32167602,0.0,0.037637707,0.06319026,-0.2039055,-0.019708486,-0.0048347446,0.06646753,0.0051759295,0.016694847,-0.009158272,5.8818776e-05,-0.0040315147,-0.10737211,-0.037236437,0.0129760895,-0.09290307,-0.051487558,0.03913427,-0.060616434,-0.1520876,0.26464528
-0.33639044,0.0,-0.35439116,-0.066513814,-0.0056334874,0.008346758,-0.5655155,-0.21533361,0.0024585358,-0.03832983,0.0068205553,5.8729853e-05,-0.10137826,-0.049429357,0.0018408458,-0.041010775,-0.060798347,-0.014398103,-0.6824547,-0.031032419,-0.15334697,-1.4081084
-0.15337287,0.0,-0.33348182,-0.017699052,-0.19220069,-0.039144848,-0.05605251,-0.124519736,0.012986877,-0.044380788,-0.007481019,5.8525944e-05,0.23760776,-0.08562552,-0.08282758,-0.09467489,-0.2847922,-0.30019468,0.03753139,0.001667394,-0.14152104,-1.3708432
-0.3292752,0.0,-0.068409175,-0.0046530464,0.0022300123,0.07147593,-0.09878595,-0.44120556,-0.015298844,-0.066947944,0.0026573925,5.8775076e-05,-0.12612234,0.039140604,-0.02837329,0.016024683,0.115084946,0.08796012,-0.45906737,0.006101908,-0.06331065,-1.2853135
-0.35246643,0.0,-0.36457896,-0.041103534,0.030497259,-0.0057385108,-0.38045052,-0.6259835,-0.020066308,-0.035622988,0.0030991805,5.8775076e-05,-0.17041562,0.012893368,-0.052486833,-0.012103332,0.006959262,-0.10622103,-0.690951,0.011272747,-0.078756586,-1.6451199
-0.54151964,0.0,0.046569068,0.016729642,-0.04050817,0.011656497,-0.0016367608,0.053623956,-0.026578892,-0.05553254,0.0017252875,5.880351e-05,0.003860944,-0.020042676,0.023185382,-0.04092406,0.017695284,-0.025333202,0.07471467,0.013666616,0.037311465,0.5735975
-0.24950442,0.0,-0.2584752,-0.0735694,0.02383062,-0.071614884,-0.36121073,-0.8447808,0.011889308,-0.034523897,-0.004041847,5.8580616e-05,-0.1548399,0.0009494946,0.0011182026,0.021226436,0.032734092,-0.09601336,-0.5971525,-0.03492573,-0.08307848,-1.4840653
-0.42309728,0.0,0.033820458,0.02794536,-0.10034542,-0.0024855959,-1.076356,-0.077700704,0.009969616,-0.04371991,0.0034664394,5.900742e-05,-0.02178521,-0.016035259,-0.058870673,-0.1547334,0.0468908,0.08623787,-1.3917755,-0.026121177,-0.16268857,0.34691575
-0.33207905,0.0,0.030493444,-0.029875854,0.018203551,-0.0046520513,0.36576706,0.07703571,-0.060007047,-0.115769416,0.00391609,5.897063e-05,-0.13651028,0.0542051,0.07629365,0.046907507,0.08233953,-0.27220917,0.30258593,-0.015734605,-0.041642167,-0.9269161
-0.26007926,0.0,0.06665318,-0.0521793,-0.008053558,0.036002327,0.1950705,0.074190035,0.029455734,-0.058744412,0.0024581559,5.8776168e-05,0.050877217,0.00254071,-0.12302454,0.008244985,0.02889009,-0.14535141,0.38111633,-0.044131767,0.10740309,-0.40922907
-0.7244833,0.0,0.05518886,-0.03156096,0.032689393,0.08978449,-0.12158805,-0.108996,0.006533321,-0.04188891,0.005704198,5.881296e-05,0.09372786,0.02491881,-0.059303198,-0.06904653,-0.15131459,0.124294415,-0.0926089,0.03976936,0.0601969,0.33654574
-0.18506056,0.0,-0.074035026,-0.072914384,0.020674676,0.019704925,-0.12702651,-0.46140075,0.001731485,-0.022712728,-0.028227387,5.8580616e-05,-0.07944837,0.03827975,0.011993933,-0.060939666,0.018994195,-0.154302,-0.16426906,0.014250107,-0.0695682,-1.4297502
-0.29370886,0.0,-0.4074136,-0.017039629,-0.027143858,-0.007697246,-0.19730544,-0.38969904,-0.013013973,-0.0014933775,0.0021643143,5.8924314e-05,-0.14046581,-0.010979122,-0.018826945,-0.03367637,-0.07641181,-0.19867945,-0.4738086,-0.012642324,-0.10228638,-1.7156929
-0.5999678,0.0,0.053793028,-0.04199429,0.018142087,-0.0931427,-0.08792282,-0.15667951,-0.013939982,-0.056012716,0.004961878,5.860905e-05,0.053204358,0.041887686,-0.035019636,-0.049911402,-0.068216115,-0.008155096,-0.080478646,0.0013607072,0.14372446,-0.5858948
-0.31009963,0.0,0.05600259,-0.04717741,-0.03267005,-0.012458524,-0.7965415,0.114690244,-0.035915487,-0.06512861,-0.030586937,5.896569e-05,-0.008658692,-0.008755719,0.002481963,0.020150466,-0.029654479,-0.0048064734,-0.57726014,-0.09050918,-0.33749595,-0.6810493
-0.30213758,0.0,-0.07349567,-0.029174913,-0.0071531557,0.021402767,-0.1296932,-0.5796954,-0.039884496,-0.12755525,0.0038993326,5.8571168e-05,-0.068323076,0.03675458,-0.0025379972,0.028946621,0.026699444,-0.29453897,-0.11816271,-0.0053188917,-0.064933345,-1.5213915
-0.52594435,0.0,0.0597723,-0.016846051,0.042028118,-0.054803796,-0.0949254,0.014714871,0.036456484,-0.01831598,0.0017768433,5.8624315e-05,0.048711795,-0.0012974385,-0.021336634,-0.011906211,0.023378547,0.11249601,-0.05719857,0.00928309,0.23313652,-0.57390213
-0.26368028,0.0,-0.24488692,-0.061194118,0.019185146,0.018299863,-0.77816826,-0.772777,0.007848739,-0.03389496,-0.0029839433,5.8729853e-05,-0.15264742,-0.015177012,-0.047927584,0.022028027,0.011991008,-0.010961172,-0.7485836,0.01683153,-0.1651898,-1.2867522
-0.5023723,0.0,0.07253836,0.032829933,-0.0034689647,0.03074999,0.24890643,0.069806956,-0.019561624,-0.03884488,0.0063184374,5.8818776e-05,-0.08407929,0.011193616,0.034452714,-0.026014766,0.01777858,0.10750804,0.16669078,0.033198386,0.018558152,0.3411109
-0.43556437,0.0,0.078800455,-0.025611475,0.037095144,0.046763837,-0.15131238,-0.17703994,0.03339006,0.013727706,0.00380671,5.8775076e-05,-0.09355997,0.0125833005,-0.009122973,-0.011394613,0.005619015,0.0011799977,-0.07009782,-0.015733013,0.23807299,-0.6211174
-0.26890707,0.0,-0.38005382,0.02938362,-0.051900525,0.020104202,-0.44595316,0.093599185,0.011076446,0.00085734576,0.0044019073,5.8924314e-05,-0.11708969,-0.054449372,0.0184623,-0.09917662,-0.008583274,0.0020266345,-0.6810655,-0.016678356,-0.118641,-1.2477552
-0.35245585,0.0,0.043026935,0.033463493,-0.2715099,-0.07106213,-0.019525798,-0.15055214,-0.0110272495,0.025928073,0.006567419,5.8818776e-05,-0.05617895,-0.22934602,-0.03836348,0.028789995,-0.113134295,-0.116997674,0.04532102,-0.18761997,-0.16962871,0.29860568
-0.3538822,0.0,0.03870985,0.028512342,-0.007870972,0.008162411,-0.05604736,0.03837236,0.015443309,0.027721748,0.0040701684,5.8818776e-05,-0.060499433,0.0079215225,0.03839467,0.023736412,0.029232232,-0.03469238,0.06337351,-0.037844878,-0.013243336,0.6518023
-0.3282574,0.0,0.05393911,-0.0041948124,0.0052956003,0.012293923,-0.82841057,0.114582114,-0.013905951,0.017661937,0.002299549,5.898889e-05,-0.080378324,-0.00698931,0.04930268,0.0148923835,-0.0059149857,0.029581184,-0.8869914,-0.018337322,-0.33892468,-0.63332826
-0.5913032,0.0,0.063751616,-0.056012828,0.014426522,-0.018422887,-0.008733431,-0.17335288,0.025733044,-0.018451536,0.0027866692,5.8376707e-05,0.029092968,0.03074324,-0.0048431116,0.039476052,-0.003552391,0.1167001,0.0329032,-0.013618608,0.024176061,0.725161
-0.4305707,0.0,0.06634189,0.0015655246,0.007729965,0.015493529,0.012481663,0.08256334,0.019268889,-0.0115330815,0.00408421,5.8818776e-05,-0.005689951,0.008833424,0.040505864,-0.004407729,0.045250796,0.114279814,0.039962783,0.011675261,0.011201737,0.6153811
-0.34125984,0.0,-0.07925807,-0.017692933,-0.010052675,-0.076802924,-0.856879,-0.32186264,-0.009656178,-0.13618551,-0.011252392,5.900742e-05,-0.13345031,0.040303804,-0.015542196,-0.012021192,0.043324307,0.015737958,-0.812121,-0.020632446,-0.028022822,-1.1445476
-0.1945953,0.0,-0.33867997,-0.07542907,0.025941513,-0.058857672,-0.16848657,-0.92232966,0.0037321122,-0.03807207,0.0041690124,5.8580616e-05,-0.11154096,0.06246964,-0.026339877,-0.055439472,0.045438044,-0.4389445,-0.20641913,0.011528593,-0.08381974,-1.5388002
-0.29331842,0.0,-0.044362992,-0.09097061,-0.012043678,-0.1495384,0.34866694,-1.5619,-0.021223009,-0.054779608,0.0030169543,5.9008507e-05,-0.22306307,0.056822,0.055727042,-0.05716329,-0.024767244,-0.36577445,0.19157927,-0.06930224,-0.058808755,-1.1271017
-0.37624845,0.0,0.053489733,-0.0037649912,-0.16701376,0.014305017,0.11694208,0.010575327,-0.04549919,-0.04099423,-0.050918866,5.9218237e-05,-0.0510531,0.008998723,-0.011625347,0.007916432,-0.0784718,-0.022009112,0.20422375,-0.06635417,0.019483196,0.48760492
-0.44689322,0.0,0.045290295,0.013168784,-0.088620245,0.01033897,0.09117043,0.032927923,-0.09311302,-0.008131492,-0.073448546,5.9218237e-05,0.23369904,0.01577638,-0.100386344,-0.01308958,-0.044856038,0.006036299,0.18412238,0.019546648,0.03319917,0.5250272
-0.24026884,0.0,-0.34459788,-0.08813788,-0.023094032,-0.077009276,-0.12365427,-0.8873765,0.00097542815,-0.02606289,0.0024059427,5.8376707e-05,-0.127262,0.0066504623,-0.014929631,-0.06891553,-0.010699356,-0.44087407,-0.084894955,-0.0053173136,-0.08329061,-1.6815917
-0.57160854,0.0,0.039993823,0.017330699,-0.014852735,-0.0021975117,-0.08437826,0.070282064,-0.0016768185,-0.05846256,0.0008594399,5.902269e-05,-0.034876894,0.013723633,0.004803879,-0.0770962,0.020030126,0.16574416,-0.5491813,0.026015628,-0.027448207,0.6770734
-0.5641829,0.0,0.03995861,-0.0021173235,-0.14146319,-0.0008344266,-0.123514995,0.07572923,-0.06728456,0.028000677,0.0059162853,5.902269e-05,0.007223567,0.011397538,0.03181937,-0.121779256,-0.064276755,0.045319524,-0.3109063,-0.09795812,-0.1885043,0.08148483
-0.3131771,0.0,0.043147814,-0.003950799,-0.13318987,0.014954071,-0.13877732,-0.035823848,-0.04069004,-0.047796562,-0.04817627,5.902269e-05,-0.015315236,0.011247404,0.009492826,-0.14319482,-0.06287772,-0.019601889,-0.06511727,-0.13017945,-0.20246239,0.23040514
-0.40058765,0.0,0.04500524,0.01497922,0.014296734,0.009836375,-0.39026546,0.056184813,-0.01086964,-0.047775462,0.0009729769,5.902269e-05,0.04225074,0.021458313,-0.052085347,0.02405897,0.0018720484,0.12765051,-0.23362964,0.022752171,-0.029770715,0.6628276
-0.21099384,0.0,-0.3986039,0.007068605,-0.18118821,-0.04985537,-0.19634658,0.078986615,-0.019189382,0.009556667,0.0047252057,5.902269e-05,-0.08576505,-0.08459557,-0.0023315642,0.027686352,-0.2575679,-0.363129,-0.20210889,-0.079438776,-0.051378462,-1.5184894
-0.32142028,0.0,0.069252744,0.038814414,-0.010892924,0.012541569,0.28366342,0.015629338,0.004870577,-0.064789645,0.0066914815,5.9218237e-05,0.039360646,0.021465162,0.020589331,-0.0058978614,0.012162331,-0.12290872,0.2957422,-0.048883922,0.00034119934,0.31950456
-0.62318563,0.0,0.059038933,-0.026294326,0.019316541,-0.025689589,-0.04719755,0.056451898,0.025659373,-0.03877367,0.0036604658,5.8624315e-05,0.009802484,0.0046265773,-0.010811641,0.016441507,0.01785464,0.0760674,0.029018093,0.019435465,0.013255084,0.33127344
-0.41873813,0.0,0.04528351,0.035881996,-0.035018172,-0.004651512,0.12149981,0.14713697,-0.0015784289,-0.032743767,0.0027391666,5.8818776e-05,-0.05198426,0.009546754,-0.046721388,-0.0034969156,-0.06981655,0.020703722,0.19688883,-0.056206655,0.015072502,0.53140783
-0.2891814,0.0,0.05855205,-0.0037430797,-0.12686135,-0.008034793,-0.31230706,-0.02468146,-0.040462643,-0.038725622,-0.049995534,5.916015e-05,-0.02071361,-0.0065008854,-0.10377749,0.01886368,-0.12807041,-0.09856662,-0.36072835,-0.05264341,-0.26024088,-0.69647855
-0.25489074,0.0,0.10551806,-0.013859339,-0.27463984,-0.047747523,0.348825,0.13498458,0.0017373186,-0.0144545045,-0.027880454,5.918444e-05,-0.04670001,-0.24071917,-0.14232689,-0.14159687,-0.08623941,-0.18846875,0.3637342,-0.009285642,-0.14030938,-0.46270072
-0.7171184,0.0,0.07920278,-0.06143997,0.04209404,0.074495144,-0.10254787,0.0035201553,0.002611813,-0.050950833,0.0024288334,5.881296e-05,0.020677991,0.024963614,-0.043993887,-0.024588473,-0.07695854,0.052751,-0.1078721,-0.016549977,0.28531492,-0.4229994
-0.24349897,0.0,0.0051116026,-0.017349109,0.0075310427,-0.0116207,0.41938996,0.010391157,-0.054275017,-0.03429097,0.004270248,5.897063e-05,-0.16897617,0.07661065,-0.02873648,0.0200766,0.031752024,-0.313429,0.3321469,-0.034936998,-0.05149809,-0.9631238
-0.3071231,0.0,-0.31067047,-0.049473826,-0.039036278,0.014898983,-0.6683039,0.017199071,0.018303933,-0.020596607,0.0046688486,5.8828227e-05,0.06107898,-0.07552481,-0.055261947,0.011000306,-0.08619939,-0.113365546,-0.68459225,-0.010747428,-0.07521708,-1.4182785
-0.42854813,0.0,-0.24964385,0.023893144,0.018923318,0.10286237,-0.40163618,0.16315936,-0.03181466,-0.027278828,-0.04086784,5.8828227e-05,0.37140825,-0.08818021,-0.014082579,0.057099022,0.13609035,0.18273506,-0.548618,-0.0023251637,-0.14893356,-0.7928881
-0.55168176,0.0,0.05680697,0.013647094,0.009972665,-0.009523366,-0.110352494,0.041097265,-0.014947462,-0.03036609,0.004844985,5.880351e-05,-0.015310678,-0.00019313517,-0.04581319,-0.0191103,0.030147105,0.09706563,-0.01784269,0.022364749,0.041045412,0.74047124
-0.5776019,0.0,0.08102661,-0.018975351,-0.0351617,-0.030448504,-0.23312795,-0.16628766,0.023178853,-0.020698467,0.0051955176,5.900742e-05,-0.06884551,0.00268386,-0.004274009,-0.011651589,0.008882699,0.0070176837,-0.5834671,0.024999794,0.18136491,-0.75612265
-0.5519281,0.0,0.059538092,-0.008242336,0.009662639,0.014554999,-0.10200406,0.07464683,-0.00027820637,0.034645233,0.005846417,5.902269e-05,-0.043943256,0.011472604,0.022307737,0.06017243,0.02915623,0.16458268,-0.41689718,0.03230207,0.022964513,0.76403946
-0.27628097,0.0,-0.30488718,-0.004323792,-0.059984043,-0.01599855,-0.42069387,-0.026456429,0.02578606,-0.050253134,0.003811056,5.8729853e-05,0.07309066,-0.05243245,-0.048762206,-0.081499435,-0.14117472,-0.18991332,-0.69673663,0.027482565,-0.1596167,-1.3679048
-0.6979945,0.0,0.052034806,-0.022148132,0.016422091,-0.0015838926,-0.08991399,0.02411802,-0.019486876,-0.05953682,0.0024224378,5.8775076e-05,-0.06784187,0.022981517,-0.052653357,0.025134506,0.038954604,-0.043980617,-0.07272698,-0.008255669,0.0015408657,0.28732276
-0.48612237,0.0,0.02717679,-0.0143077485,-0.027774269,-0.20039672,-0.84671277,0.026419343,-0.033005275,-0.03449738,0.0019597884,5.8828227e-05,0.052935887,0.01587803,-0.06087362,-0.19657357,0.03050237,0.09479884,-1.2259961,-0.07525523,0.07260312,0.51346135
-0.14692463,0.0,-0.4905136,-0.0749597,-0.3163167,-0.093511,0.19891566,-0.0870932,0.020698436,-0.102467105,-0.023204634,5.89254e-05,-0.01264778,-0.044334434,-0.2130682,-0.096140034,-0.34935874,-0.26461127,0.20548086,-0.040700458,-0.12397686,-1.3293943
-0.2266316,0.0,-0.35337785,-0.06754158,0.04248327,-0.03554922,-0.3218019,-0.82283837,-0.0053560263,-0.053465843,0.0047561075,5.8580616e-05,-0.11062676,0.023550961,-0.023660816,-0.03347733,0.043767527,-0.24940562,-0.5129578,0.0019715456,-0.08266494,-1.5798006
-0.49970803,0.0,0.06514791,-0.046772186,0.040275924,-0.013154726,0.18279922,-0.23213422,-0.00028848698,-0.07070151,0.003334373,5.9008507e-05,-0.051689845,0.044418108,-0.0048670564,-0.017386327,0.04016631,-0.046079494,0.260901,0.0062529016,0.027764551,0.38461387
-0.24738234,0.0,0.044543114,0.03359207,-0.16032895,-0.03776536,-0.15821229,0.013080464,0.007434966,0.023854857,0.006740935,5.8956237e-05,-0.048439473,0.007528337,-0.12979178,-0.110168,-0.17375147,-0.27001992,-0.09627101,-0.0014221767,-0.2518624,-0.8139177
-0.49179584,0.0,0.052497927,-0.013447968,0.010280853,-0.0051595913,-0.046801675,0.036940593,0.009764851,0.040225264,0.005261118,5.902269e-05,-0.050021123,0.010964298,-0.004954405,-0.018818595,0.027570266,0.09385858,-0.016878616,0.01990539,0.03722213,0.7284484
-0.30891168,0.0,-0.28886357,-0.056576695,0.02433193,0.019949622,-0.8190493,-0.79182565,-0.009265715,-0.040256336,0.0038268024,5.8580616e-05,-0.10337402,0.008569385,-0.004885328,0.008806227,0.041604564,0.12752078,-0.7514255,0.03851809,-0.14894752,-1.3325037
-0.34904987,0.0,-0.0237387,-0.066618145,0.012837051,0.08553893,-0.11440632,0.15302575,0.0015981671,-0.015338463,0.0036517696,5.8376707e-05,0.16696426,0.08843904,0.019752042,0.02503221,0.056927096,0.05054771,-0.085543774,-0.005543144,-0.038232528,-0.975958
-0.33955824,0.0,0.057536818,0.006905982,-0.17556524,-0.036514997,-0.26735097,0.07366765,-0.030282894,0.0035443616,0.006012996,5.8956237e-05,-0.048693456,0.0101171695,-0.1303486,-0.11236805,-0.17023425,-0.34704617,-0.19843365,-0.0028752277,-0.2614779,-0.7725264
-0.12537275,0.0,-0.4842446,-0.03186456,0.004751596,-0.087143615,0.29554763,-0.73330736,0.025331171,-0.057662457,0.0067352257,5.8720405e-05,-0.2643666,0.031223387,-0.06139263,-0.081790075,-0.14786088,-0.17355673,0.3950876,-0.0112442905,-0.07150766,-1.6919162
-0.17039649,0.0,-0.35101014,-0.027939275,-0.16760397,-0.03363641,-0.18538347,-0.002739632,0.033702824,-0.04021083,0.0005195709,5.8525944e-05,0.033793043,-0.05375988,-0.062709376,-0.12070897,-0.26432583,-0.25507182,-0.1399291,0.0048685926,-0.088190526,-1.5619289
-0.5670737,0.0,0.024733877,-0.009509975,0.031019041,0.0032249826,-0.089001596,0.017571054,0.018653395,-0.051340327,0.005485137,5.8828227e-05,0.11030403,0.025618173,0.041828934,-0.013621683,0.027227603,0.09304227,-0.34382308,0.015319205,0.031390883,0.7294289
-0.5486594,0.0,0.031264752,0.0055850986,0.011536588,0.012809415,-0.23012522,-0.01620117,-0.035303805,-0.06093834,-0.0128274,5.8828227e-05,0.13611019,-0.0151521955,0.0291768,0.07530618,-0.037856273,0.050693005,-0.5889426,-0.05386717,-0.19813535,0.2219264
-0.29413092,0.0,0.022786714,0.015685022,0.042864267,0.014549077,0.023339193,0.024757702,0.0023204512,-0.06465616,-0.007403644,5.8729853e-05,0.22032513,0.031040715,0.051081337,0.04260617,0.054166738,-0.019965647,-0.013227427,0.033091497,0.0014553039,0.5303686
-0.5332155,0.0,0.04722136,0.017017612,-0.013181613,-0.012179699,-0.06605912,0.09461718,-0.0066785975,-0.049407333,0.0013510757,5.902269e-05,-0.049082257,0.010976514,0.0030252908,0.0416221,0.020488827,0.14363548,-0.25269783,-0.00843722,-0.00979126,0.7022312
-0.5149316,0.0,0.05886463,-0.050236307,0.0385838,-0.008004174,-0.4131083,-0.36287332,0.024508795,-0.06406578,0.0051943213,5.881296e-05,0.07231756,-0.0023239458,-0.060011312,-0.03034298,0.028445257,0.13452324,-0.39838102,0.049209535,0.06516764,0.42945302
-0.5428836,0.0,0.02939221,-0.029271863,-0.024006035,0.0080188,-0.6718881,-0.01362349,-0.11205515,-0.0762166,-0.051050413,5.8828227e-05,0.19577414,-0.0058300253,0.027349757,-0.12020373,-0.041099504,0.047951654,-0.5264271,-0.100031964,-0.333049,0.13837717
-0.18068409,0.0,-0.33516836,-0.0150871985,-0.1894319,0.019732533,-0.28042382,-0.103626505,0.015083608,-0.027585847,-0.008888809,5.8828227e-05,0.28683233,-0.104231164,0.006030045,0.019649677,-0.16419657,-0.08244782,-0.49251017,-0.03514743,-0.14011051,-1.3616111
-0.37626743,0.0,0.04218753,0.00067749526,-0.14878513,0.0050819796,-0.12223542,0.051314812,-0.042726573,-0.036524806,-0.04817627,5.902269e-05,-0.015487912,0.00033143646,-0.011774538,-0.13852397,-0.07332265,0.07020705,-0.32075843,-0.12528333,-0.18756558,0.21335427
-0.5817508,0.0,0.054663423,-0.0587209,0.012390027,-0.091044925,-0.39094242,-1.1819935,0.022526613,-0.05636574,-0.008744301,5.881296e-05,-0.04432343,-0.02341884,-0.01680545,-0.031485308,-0.027395945,-0.082000144,-0.5440504,0.0074873785,0.14678028,-0.7366248
-0.37865564,0.0,-0.071544714,-0.005771773,-0.01858487,0.050462812,-0.124234326,-0.37569585,-0.024315195,-0.14213187,0.003405847,5.8775076e-05,-0.08204313,0.028756073,-0.038734805,0.037464246,0.04954432,0.13624226,-0.36816198,-0.033663455,-0.055150114,-1.2688864
-0.16121596,0.0,-0.2891195,-0.09642755,0.060016513,-0.14104755,-0.058205873,-0.9560612,0.023089334,-0.056997444,0.0060892357,5.8376707e-05,-0.21830702,0.072097674,-0.029435981,-0.080335915,-0.03418785,-0.46888703,-0.10729687,-0.017416243,-0.08678525,-1.5714886
-0.14655495,0.0,-0.371132,0.0051811757,-0.19200629,-0.06393271,-0.1172744,0.038614117,-0.06454452,-0.030649045,0.0049792193,5.8818776e-05,-0.07443934,-0.1674395,-0.14258538,0.009228853,-0.29218787,-0.32694837,-0.08398495,-0.08625737,-0.063215874,-1.5582294
-0.32503068,0.0,0.041607738,0.066273,-0.13573295,-0.0033258128,0.032972824,0.19169967,-0.020365566,0.022228483,-0.003130773,5.8818776e-05,0.015932066,-0.041643076,0.008886472,0.016610295,-0.083466776,-0.026405774,0.14602008,-0.050324053,-0.005362861,0.56592727
-0.50715315,0.0,0.05916997,-0.008140422,0.0019080567,0.036093988,-0.010117,0.052687507,-0.024093824,-0.004704263,0.0026170893,5.8720405e-05,-0.06328359,-0.008790364,-0.0037239315,0.03889072,0.0045322375,0.101573125,0.041533347,-0.01591609,0.018815128,0.6749519
-0.23319963,0.0,0.0643459,0.0045803376,0.041433167,0.04279027,0.38426107,0.20921871,-0.039918058,-0.033317488,0.0034235031,5.8571168e-05,-0.13787527,0.05659314,0.111532025,0.010991365,0.19119541,-0.10957756,0.5533751,-0.026369866,-0.04669346,-0.700254
-0.3682675,0.0,0.05238034,0.030708095,0.018531105,-0.018338887,0.19295417,0.1060201,0.027923033,-0.034738928,0.0015336814,5.9218237e-05,-0.03312778,-0.09108383,-0.029164199,-0.039388977,-0.07707402,-0.16075528,0.19629242,0.01802009,-0.013209597,0.5222197
-0.4583563,0.0,0.06796131,0.020022828,0.007020965,0.0040277187,0.16888796,0.07933126,-0.0195576,-0.043556146,0.0062416717,5.9218237e-05,-0.09188445,0.010088869,-0.011092731,-0.012108164,0.022116197,-0.12945478,0.24987411,0.034832608,0.00545351,0.25663048
-0.3557893,0.0,0.0820992,-0.011091072,0.011506743,0.076549284,0.37562785,0.059601057,0.010813683,-0.0075701014,0.0049887896,5.8818776e-05,-0.09822482,0.011750204,0.07876704,0.014125838,0.021500843,-0.023926426,0.27440366,0.026973262,0.21950057,-0.20714103
-0.43060288,0.0,0.07660027,-0.054951206,0.03135736,0.062273636,-0.036194164,-0.10885676,0.020649632,-0.037110124,0.0027227327,5.8376707e-05,0.02246367,0.0382463,-0.016141294,0.0068590003,0.0058247205,-0.08429653,-0.00840904,-0.02326055,0.22803259,-0.5126111
-0.51784456,0.0,0.070497975,-0.012555467,0.011379116,0.08694402,0.026937362,0.0008603536,-0.037042677,-0.015418192,0.005254293,5.8818776e-05,-0.0886549,0.008330341,-0.0338533,0.017527157,0.024823176,0.09511706,-0.04652741,-0.06913508,0.22750154,-0.5277034
-0.5866955,0.0,0.04112021,-0.0049369107,-0.012919988,-0.019796101,-0.33299428,0.06073749,0.0016320638,-0.027387321,0.0032723162,5.900742e-05,-0.043917757,-0.013016608,-0.06393904,-0.03401367,0.05662321,0.15538865,-0.46738544,0.020864923,0.06376842,0.8290056
-0.12553817,0.0,-0.34762502,-0.030389223,-0.12135495,-0.040867265,-0.095172934,0.016576517,-0.028375186,-0.0018399588,0.003877491,5.902269e-05,-0.06117383,-0.06899771,-0.20967607,0.03838446,-0.2634104,-0.34582514,-0.190714,-0.07428205,-0.13544269,-1.4286065
-0.560927,0.0,0.04972621,0.014491071,0.02019136,0.02305887,-0.08075794,0.062344857,0.027144553,-0.010412122,0.0014008165,5.8818776e-05,0.006806411,0.0141175715,0.01748707,0.03609302,0.039028943,0.08140848,-0.04373797,0.019072581,0.024267951,0.61118484
-0.49385852,0.0,0.028172202,-0.010870359,0.008791488,0.020456253,-0.4679028,-0.00031779683,-0.038395863,-0.09829684,-0.009223807,5.8828227e-05,0.15775707,-0.02177203,0.018980058,0.04986741,0.0075816275,0.009529893,-0.6487035,-0.090337895,-0.2281884,0.26009917
-0.7861261,0.0,0.053719703,-0.02658748,0.011970193,-0.104738005,-0.13281582,-0.15573333,-0.022173323,-0.1335648,0.0043879095,5.902269e-05,-0.09311525,-0.00799142,-0.03979676,-0.01818425,-0.02895723,0.10293505,-0.074153446,0.02120754,0.0026541017,0.35577956
-0.19863321,0.0,-0.40139586,-0.091033235,0.0041127685,-0.051885724,-0.10115548,-0.43135798,0.007105335,-0.0463519,0.0028504038,5.8525944e-05,-0.09188449,-0.003483387,-0.005849704,-0.08008224,-0.08400819,-0.47926173,-0.07929595,0.009826072,-0.09354013,-1.6824507
-0.19744317,0.0,-0.00018547241,0.023692906,0.06277203,0.041403275,0.3159605,0.12838073,0.056723207,-0.021246344,-0.012413183,5.9023776e-05,0.39183253,-0.09844352,0.11882016,0.011698482,0.12367749,-0.13769847,0.27997413,-0.01786885,-0.032248147,-0.66841644
-0.3517604,0.0,-0.37726867,-0.07642761,0.035192367,-0.015309659,-0.34643543,-0.56757665,0.0032483877,-0.03223788,0.003273945,5.8580616e-05,-0.11738356,0.02977475,0.020556848,0.0299644,0.03332262,-0.15112108,-0.6242912,-0.016840052,-0.07241461,-1.573469
-0.32367873,0.0,-0.37531692,-0.051546533,-0.0066991267,0.0007715211,-0.37342885,-0.21881478,0.0071500936,-0.04425659,0.00511786,5.8729853e-05,-0.091359206,0.0010594472,-0.04435114,-0.07752701,-0.14844508,-0.11800205,-0.6766739,0.02174546,-0.14937125,-1.4554895
-0.22756791,0.0,-0.40974814,0.02364863,-0.0546195,0.00756988,-0.4298884,0.11444807,-0.01248227,0.010540976,0.0026884594,5.8924314e-05,-0.15293694,-0.05067763,0.037187897,-0.09395365,-0.026423959,0.05009246,-0.4439907,-0.038682975,-0.060653962,-1.3995532
-0.13428673,0.0,-0.27635658,-0.034112487,-0.022110311,-0.065173194,-0.009208514,0.10884031,0.03110678,0.009282925,0.0036050954,5.8720405e-05,-0.13171345,-0.024660077,-0.013806521,-0.10819311,-0.25383964,-0.3620771,0.02480241,0.007459336,-0.08567665,-1.5232478
-0.5976951,0.0,0.087308265,-0.020562328,0.023036586,-0.02855188,-0.16000056,-0.15462263,0.016801527,0.009842206,0.002145249,5.902269e-05,-0.07137822,-0.014786514,-0.011967763,-0.009192115,0.022544514,0.1788914,-0.09489536,0.01544723,0.1955597,-0.6327703
-0.35658142,0.0,0.046272572,-0.056762945,0.009184944,0.050964054,-1.0567876,0.060395755,-0.03763349,-0.09057076,-0.03045371,5.896569e-05,0.010894088,-0.020089062,0.053367928,0.051429413,0.02989963,0.08508752,-1.0200707,-0.028366078,-0.35564423,-0.38862878
-0.45926818,0.0,0.060831685,-0.01819602,0.022017984,-0.04656725,-0.40464047,-0.1634263,0.05261848,0.040898576,0.0043702703,5.902269e-05,-0.026409527,-0.007256744,-0.0030093917,0.036786016,0.025419584,0.14232351,-0.438869,0.0419183,0.053188495,0.46164936
-0.3497635,0.0,-0.06927715,-0.07541333,0.02505528,0.061389986,-0.26068744,-0.4556387,0.0020316113,-0.03493956,0.003341656,5.8580616e-05,-0.055079225,0.03778011,-0.026308,-0.011842673,0.04096107,0.09282929,-0.42435563,0.01129631,-0.056665737,-1.3385034
-0.5340552,0.0,0.026648141,0.021104844,-0.15868536,0.005664363,-0.2309755,0.025408063,-0.05377491,-0.10982668,-0.041753445,5.8828227e-05,0.12050267,-0.046235707,0.01747913,-0.13814811,-0.06648485,0.01630529,-0.6773124,-0.114568554,-0.2935431,0.14414833
-0.39422438,0.0,-0.030939791,-0.003106099,0.0069253123,0.054527976,-0.06531404,-0.060289018,-0.047448818,-0.09071606,0.0035563833,5.8571168e-05,-0.10457669,0.057159454,0.026841303,0.016142175,0.05669974,0.07504986,-0.07510759,-0.032307405,-0.053302865,-1.2173709
-0.33234996,0.0,0.04807313,-0.012239584,0.0053534857,0.004910361,-0.0810614,0.03609674,0.05409176,0.043362502,0.0045764707,5.8720405e-05,-0.08391431,0.0055108615,0.0011254855,-0.05193976,-0.036777128,-0.009458377,-0.02394081,0.015642969,0.0068698926,0.6969882
-0.43420687,0.0,0.074608244,-0.053209275,0.042883005,-0.13792592,-0.06472682,-0.38985437,0.020579366,-0.039626513,0.0042106616,5.881296e-05,0.06457547,0.083794646,-0.0028050318,-0.0025981502,0.008624149,0.14105846,-0.06385342,-0.015186564,0.17941087,-0.49871314
-0.2527674,0.0,0.030546796,0.006380651,-0.29633167,-0.05495851,-0.15634917,-0.10355873,0.0028175544,-0.19449426,-0.03869601,5.8761776e-05,0.081321105,-0.103678495,-0.16458489,-0.12506609,-0.18175238,-0.2502917,-0.092946194,-0.031671748,-0.32834196,-0.7810839
-0.20850055,0.0,-0.045871176,-0.07618377,0.017365187,0.004425903,0.27673525,-1.087829,-0.010921214,-0.05978267,0.005419068,5.8776168e-05,-0.2037653,0.041127235,0.026040379,0.021209428,0.013339576,-0.24014671,0.2835456,-0.047842514,-0.06575911,-1.1763978
-0.39620733,0.0,0.04149495,0.031191412,0.0010588119,0.014017425,-0.045802977,0.04330545,-0.026157977,-0.046369474,0.004378361,5.902269e-05,-0.07964709,0.014110609,0.022161689,0.029369492,0.03170519,-0.045252368,0.004732475,0.023117255,0.015798943,0.6235227
-0.25676665,0.0,-0.38871887,-0.08917844,0.010844491,-0.051745784,-0.20388436,-0.458124,0.0070158397,-0.05239291,0.0033437852,5.8525944e-05,-0.09471708,-0.020741466,-0.039397467,-0.06297342,-0.07966825,-0.37461412,-0.17034188,0.008916663,-0.0776637,-1.7177618
-0.34493053,0.0,0.061623648,0.02653627,-0.1326491,-0.0394432,-0.08587597,0.0037622123,-0.027334396,0.004850522,0.0071203006,5.916015e-05,-0.05928446,0.0007198413,-0.13523345,-0.020865574,-0.14261524,-0.02043412,-0.36321723,-0.02588952,-0.22967231,-0.7019562
-0.3402051,0.0,-0.3635532,-0.06396185,-0.018746108,0.029223135,-0.46632794,-0.16448268,0.015072213,-0.049960513,0.008692471,5.8828227e-05,-0.078540824,-0.062373772,-0.00012104749,-0.00582911,-0.084150136,-0.0839063,-0.6991761,-0.04145782,-0.15239699,-1.3398631
-0.6910849,0.0,0.08254545,-0.017442813,0.02448593,0.03023608,-0.45919144,-0.07885297,0.0061220294,-0.04321883,0.0004739284,5.900742e-05,-0.065153874,0.0006894508,-0.07729836,-0.023292253,-0.057656005,0.025718309,-0.5527021,0.009244729,0.24563882,-0.7061683
-0.38504547,0.0,0.0065042353,-0.08294052,-0.058127828,-0.07317231,-0.7674546,-0.069371276,0.019968498,-0.05230478,0.016156694,5.8580616e-05,0.27520862,0.1349697,0.011378447,-0.015506072,0.056884333,0.039867904,-0.68345666,0.018960267,-0.03587337,-0.85563993
-0.47804922,0.0,0.051184442,0.050545864,-0.08408542,0.010620724,-0.10154153,0.056913782,-0.08881286,-0.12776779,0.00531624,5.902269e-05,0.042671967,0.012453383,-0.029788448,-0.19041458,0.012808719,0.15992093,-0.099570684,-0.087794885,-0.22981972,0.16507463
-0.30137864,0.0,-0.09440602,0.0127225695,-0.032634683,-0.09444087,-0.87731576,-0.31410593,0.026823467,0.01798018,0.0028348914,5.900742e-05,-0.13669775,-0.0071173226,-0.059522964,-0.055729564,0.05187318,0.15844128,-0.5710307,-0.0037503191,-0.036248866,-1.3820419
-0.7477905,0.0,0.06422867,-0.04742092,0.042643417,-0.034408785,0.35501325,-0.27216104,0.014833697,-0.068168215,0.0050298083,5.860905e-05,0.024671657,0.013875094,-0.027672784,-0.10582796,-0.08641882,0.097743414,0.32097283,0.058078524,0.034681622,0.49075985
-0.23674287,0.0,-0.015813904,-0.019450296,0.004912085,-0.00840035,0.3439923,0.14963816,-0.04277473,-0.019505916,0.00340205,5.8720405e-05,-0.1530314,-0.072863236,-0.07797201,0.028984485,0.067338444,-0.25991908,0.41073346,-0.028248345,-0.031184176,-1.0152836
-0.44880208,0.0,0.08491482,0.034349095,-0.010734514,0.060538437,-0.055435594,0.087390415,-0.03154306,-0.0019829138,0.004994448,5.8818776e-05,-0.0802679,-0.0058073243,-0.01908468,0.011865745,-0.05690115,-0.004447384,0.0017827842,-0.031774156,0.18293433,-0.52060324
-0.14220442,0.0,-0.41854274,0.0101400465,-0.1019182,-0.07012249,-0.082996756,0.051970266,-0.026524715,0.018434105,0.0050850245,5.8818776e-05,-0.06347679,-0.059814777,-0.22858715,0.012008985,-0.2692971,-0.31132364,-0.100921094,-0.023007525,-0.12730564,-1.4204009
-0.33742213,0.0,0.044577684,0.018469276,0.032009218,-0.12077032,0.32363483,0.095816486,0.039905682,0.03301916,0.003663251,6.82419e-05,-0.03971857,-0.055677444,-0.11604786,-0.022628877,-0.12760113,-0.16096361,0.22390321,0.015389592,-0.10345933,0.36474583
-0.1955778,0.0,-0.30290967,-0.036266256,-0.12553763,-0.079462364,-0.017613597,0.058495134,0.002967149,-0.103243686,0.003768753,5.8525944e-05,-0.06598995,-0.053415596,-0.08947044,-0.14697726,-0.27579895,-0.37183106,0.005657085,-0.008259746,-0.086894594,-1.4840261
-0.18926908,0.0,-0.24834907,0.00068853947,-0.051311754,0.039260067,-0.20654468,0.08802925,0.004414991,-0.03281899,-0.027468354,5.8828227e-05,0.41448697,-0.07420293,0.00960846,0.04646876,0.084423944,0.18436617,-0.029074116,-0.057595804,-0.12430294,-1.0192385
-0.6469779,0.0,0.055685587,-0.058200195,0.03404534,-0.13599278,-0.3664365,-0.6297411,0.008892636,-0.036074415,-0.012814488,5.900742e-05,-0.06395411,0.07271124,-0.05409927,-0.05101903,-0.13092622,0.19939753,-0.4981086,-0.016111873,0.23451632,-0.56797653
-0.24748637,0.0,-0.28119466,-0.016911622,-0.028228596,-0.0058966856,-0.3770123,0.071090735,0.00086251803,-0.039896287,0.0048796027,5.8729853e-05,-0.09286062,-0.025591422,-0.05061524,-0.01948773,-0.0787759,-0.18202902,-0.5203572,0.010046137,-0.08212525,-1.4661906
-0.33381224,0.0,0.041890163,0.03516112,-0.096306875,0.00047225162,0.0791571,0.19832502,0.009728822,0.05423071,-0.017801482,5.8818776e-05,-0.055756077,0.014578264,-0.013154237,0.023563728,-0.07291784,0.014373313,0.083221175,-0.045061406,0.014254719,0.5676175
-0.60517216,0.0,0.0654495,-0.035424948,0.0332769,0.03502897,-0.09806502,-0.23660533,0.025273513,-0.043446306,0.005226169,5.8580616e-05,-0.011030806,0.016459743,-0.044424213,0.008137234,0.027296584,0.15818296,-0.06272891,0.013784267,0.019438136,0.41667834
-0.23992623,0.0,0.013727744,-0.06871521,0.01724423,-0.01230075,0.39978158,-0.2296483,0.019913768,-0.027985737,0.0031702423,5.89254e-05,-0.12678689,0.010616938,-0.07267283,-0.04085663,-0.07245137,-0.26317203,0.26486292,4.468929e-05,-0.029988978,-1.3444494
-0.72786,0.0,0.08869156,-0.01794789,0.009380826,0.08348579,-0.2492675,-0.17971535,-0.00905813,-0.05630265,0.004375468,5.900742e-05,-0.074380696,-0.012859022,-0.053842016,-0.036679387,0.002897624,0.04061918,-0.6520036,0.017207563,0.3317461,-0.55716443
-0.5997936,0.0,0.07969283,-0.061051965,0.036035854,-0.17883173,-0.13978308,-0.15153605,0.032714542,-0.03923621,0.005006462,5.881296e-05,0.046934325,0.024432097,-0.0029693444,-0.0056154393,-0.0058394335,-0.05109125,-0.07768144,0.0047328235,0.083869934,-0.6591179
-0.60225415,0.0,0.0561521,-0.01646693,0.021872861,-0.030995293,-0.13949305,0.06698351,0.009660181,0.023312826,0.0048935683,5.902269e-05,-0.027108364,0.0019294124,-0.014610773,-0.040346157,0.037250094,0.1165991,-0.041781746,0.02785959,0.04033322,0.34533
-0.7661345,0.0,0.041352864,-0.008343789,0.03667303,-0.08260429,-0.1570155,-0.003157049,-0.08110331,-0.051085886,-0.022589322,5.881296e-05,0.07667071,0.041647602,-0.06885093,-0.05346102,-0.13951287,0.14697267,-0.47370198,0.030167477,0.072431624,0.6389205
-0.52464324,0.0,0.066785626,-0.018659256,0.0053080386,0.042054594,-0.00069612404,-0.15570453,0.04439142,-0.094424695,0.004474828,5.880351e-05,-0.046637233,0.029763028,-0.051673535,-0.011953809,0.04123108,0.11842797,0.068120115,0.017356595,0.049894948,0.790579
-0.15962955,0.0,-0.4507577,-0.017657423,-0.08697651,-0.05494724,0.22052406,-0.00035870227,-0.023239868,-0.009990311,0.003765381,5.8720405e-05,-0.11434897,-0.04631313,-0.20700236,-0.08101719,-0.31175432,-0.27550068,0.15540345,0.008219659,-0.08483135,-1.5885694
-0.3715059,0.0,0.040143024,-0.026546191,-0.009129538,0.019263959,0.0069818236,0.061056256,-0.07102685,-0.09983459,-0.04961542,5.8624315e-05,0.24936979,-0.0069437264,-0.04302052,0.010235715,-0.06689538,0.015259817,0.067889795,-0.025139373,0.009473846,0.6101693
-0.23884204,0.0,0.040520225,0.03908674,-0.317122,-0.056424078,-0.011962244,-0.08081403,-0.06723861,0.038000684,0.0039947666,5.8956237e-05,-0.051299445,-0.19237034,-0.078226544,-0.090482906,-0.15382876,-0.0802352,-0.043862466,-0.056592517,-0.21722084,-0.75178015
-0.36267135,0.0,-0.41857988,-0.05968189,-0.02737246,-0.008063361,-0.31674582,-0.45055497,0.0043128724,-0.030820148,0.004320722,5.8580616e-05,-0.08703325,0.003509516,-0.033963572,0.028833248,-0.0014001229,-0.22454406,-0.63885766,0.006881773,-0.07966776,-1.5900944
-0.13331233,0.0,-0.3955692,0.008072394,-0.096545935,-0.049964298,0.24466641,0.04678854,0.016330272,0.019065585,0.0017412051,5.8720405e-05,-0.09372609,-0.036862597,-0.17305687,-0.10939421,-0.3183444,-0.23954771,0.16182067,-0.046361737,-0.12163784,-1.4279455
-0.19291969,0.0,-0.52758557,-0.0807288,0.020357898,-0.04569305,0.37780797,-0.24627048,0.015510383,-0.059373185,0.00049491966,5.8525944e-05,0.18701665,-7.201207e-05,-0.08086279,-0.037973326,-0.10336616,-0.2359531,0.30552107,0.019244906,-0.088689096,-1.3435497
-0.40535006,0.0,0.050004672,-0.008828394,0.027262801,0.031250257,0.20177315,0.076089054,0.006717114,-0.04447185,-0.01381428,5.9023776e-05,0.20562907,0.022390148,-0.019365225,-0.0034285374,0.02039894,-0.07539673,0.25380045,0.025471864,0.02041364,0.18905413
-0.4093616,0.0,-0.12280589,-0.073232785,0.05592992,-0.17414804,-0.28661895,-0.16391326,-0.022974158,-0.033142623,-0.0004572571,5.881296e-05,0.17636353,0.055875927,-0.00959371,-0.102627456,-0.13007382,0.049687833,-0.1573719,0.0068461914,-0.05771083,-1.0572999
-0.5193365,0.0,-0.032416407,-0.075791955,0.024050394,-0.11148039,-0.22032735,-1.1200225,0.012612321,-0.041344073,-0.00085899816,5.881296e-05,-0.0940652,0.00082814024,-0.040109504,-0.034684725,0.003366129,0.08454562,-0.35485014,-0.00986673,-0.03247681,-1.2667606
-0.32093894,0.0,-0.02939155,-0.071458496,0.012111719,0.046388917,-0.22369476,-0.7883584,0.004532316,-0.13011992,-0.0029380654,5.8775076e-05,-0.23405418,0.040809005,-0.039235324,0.024702087,0.036277127,-0.01541014,-0.38436678,-0.051315792,-0.068941176,-1.3418295
-0.27625588,0.0,0.10463316,0.057181723,0.021472372,-0.026178744,0.41843754,0.33263704,-0.014834611,0.00040195067,-0.04582181,5.9355698e-05,0.01878207,-0.1447749,-0.1615378,-0.17975514,-0.086970925,-0.17864841,0.3368844,0.002807378,-0.07404629,-0.36808106
-0.3091382,0.0,0.04294756,0.046067808,-0.19528402,-0.059582494,-0.2413751,0.016668102,-0.030589242,0.0033908498,0.003702584,5.8956237e-05,-0.047559235,-0.03186833,-0.12953304,-0.10856058,-0.16905163,-0.27035916,-0.14554533,-0.027746057,-0.25327626,-0.7807264
-0.68403965,0.0,0.0562789,0.02168332,-0.025704239,-0.00091962295,-0.09257151,0.09666775,-0.0027977526,-0.040870998,0.0019608294,5.900742e-05,-0.041845575,0.006665482,-0.040825408,-0.050691873,0.04062325,0.109738946,-0.42931548,0.024309268,0.05992284,0.7241871
-0.38279018,0.0,0.033165578,0.025335588,0.0097059,0.027674772,-0.042574592,0.04701234,-0.024173891,-0.056191664,-0.030152105,5.8828227e-05,0.15790465,-0.0019059808,0.0208494,0.0441329,-0.046709392,-0.010809428,-0.052083924,-0.070324905,-0.17083903,0.16042621
-0.4546453,0.0,0.050824817,0.029820418,-0.032868657,0.0014570458,-0.007959098,0.079721116,-0.017223483,-0.053968437,0.0025836665,5.880351e-05,0.029082652,-0.027079042,0.009700546,-0.046453062,0.04129509,0.13928883,0.104768135,0.016377505,0.033652633,0.62555504
-0.42601117,0.0,0.061760835,0.03172052,-0.2044644,0.028989948,-0.32983345,0.101612635,-0.0140660135,-0.031118907,0.0075082197,5.916015e-05,-0.048895292,-0.109633304,-0.0455436,0.04345677,-0.082130775,-0.18566127,-0.7613837,-0.07072075,-0.30831045,-0.66315645
-0.7789478,0.0,0.056427836,-0.028771097,0.01634882,-0.0139409285,-0.13845554,-0.22040808,-0.005957685,-0.064073674,0.004462218,5.900742e-05,-0.06842618,-0.00051635155,-0.06906244,0.008999344,0.0128994025,0.18202083,-0.5119311,0.03804019,0.010613466,0.38344064
-0.35403937,0.0,-0.074659675,-0.012589032,0.017417973,0.03408641,-0.18374874,-0.3931841,-0.029395673,-0.03714973,0.0019069558,5.8775076e-05,-0.13909571,0.03221424,-0.0005002832,0.029403526,0.1316483,-0.15682669,-0.16725157,0.0114862025,-0.053123586,-1.263024
-0.57148784,0.0,0.054030128,0.020852126,-0.020996667,0.006337464,-0.024866935,0.10170756,-0.015656242,-0.06954131,0.0016980431,5.900742e-05,-0.040411808,-0.005418704,-0.0521274,-0.021476282,0.058294814,0.09645666,-0.010698464,0.012101447,0.06212112,0.6135387
-0.1533377,0.0,-0.33161452,-0.03597615,-0.11535638,-0.06505,-0.058570288,0.0566967,0.0047655185,-0.09775419,0.0046873163,5.8624315e-05,-0.06447127,-0.06869484,-0.18569337,-0.061410375,-0.25905633,-0.42077124,-0.069444776,-0.023370266,-0.08409272,-1.513403
-0.32894996,0.0,0.056846187,-0.047636904,0.049187165,0.09218006,0.037017927,0.10560472,0.022349413,-0.05778945,-0.013581185,5.8828227e-05,0.18961571,0.022140553,0.023815967,0.037751652,0.04446225,0.0727267,-0.023482785,-0.00034235494,0.12706941,-0.48544943
-0.3948607,0.0,0.06019245,0.012260997,-0.10853624,-0.024672354,-0.21024774,0.06914601,-0.029160457,0.023791779,0.0059551015,5.916015e-05,-0.05883169,-0.0010918798,-0.1278134,-0.09374528,-0.14194505,-0.122338794,-0.14372633,0.008445392,-0.25230682,-0.77889824
-0.17486832,0.0,-0.42704946,-0.07035729,-0.012126326,-0.06569402,0.21559548,0.038167648,0.024621118,-0.072020255,0.0016000874,5.89254e-05,0.08516243,-0.053996738,-0.07320589,-0.07171625,-0.2558732,-0.30127692,0.2775327,-0.031330217,-0.07460229,-1.3377566
-0.20155238,0.0,0.044166077,0.05936343,-0.0127868345,0.0006950361,0.27996153,0.24898686,-0.024635995,0.032024667,-0.017101405,5.8818776e-05,-0.013569214,-0.092774175,-0.089097366,-0.07513151,-0.10434947,-0.013195535,0.28591222,-0.059730157,-0.0010785947,0.5199873
-0.253254,0.0,-0.044598766,0.02422249,-0.024841484,0.018854951,0.0468502,0.2819649,0.00076320383,0.016688684,0.0056060585,5.902269e-05,-0.12371625,-0.01896922,0.047675174,0.061297704,0.10152279,0.07785959,-0.22299655,-0.049517527,-0.034403026,-1.0328747
-0.2445781,0.0,-0.11368674,-0.0059792195,0.01933283,0.03351411,-0.18622456,-0.27606034,-0.008326582,0.003771165,0.0022668322,5.8775076e-05,-0.10139928,0.045848414,0.010543453,0.018767633,0.04215382,-0.20980464,-0.17450221,-0.0078766355,-0.05070633,-1.1245182
-0.32626122,0.0,0.045091953,0.06208133,0.015436815,-0.036001056,0.20125858,0.18607786,-0.28213826,-0.0249467,-0.01804456,5.8818776e-05,-0.067595065,-0.05146918,-0.13035293,-0.014153223,-0.09902239,-0.12602505,0.26778322,-0.06835631,-0.10623057,0.21808486
-0.54774886,0.0,0.0444179,0.023712704,-0.11084398,0.010299043,0.103566155,0.001809632,-0.0118384,-0.0025744864,0.00654553,5.8818776e-05,-0.049785543,-0.0014777123,-0.0067431633,0.02369991,-0.0019008305,-0.034044188,0.2493286,0.026907,0.028594552,0.47414687
-0.5984732,0.0,0.037304174,-0.01658814,-0.0028533018,0.038858775,-0.2628961,0.023908002,-0.07790798,-0.12918018,-0.057671253,5.8828227e-05,0.25213766,-0.0008559361,-0.09292943,-0.058360554,0.019130684,0.11154919,-0.35096443,-0.058685355,-0.05882874,0.5420797
-0.49021363,0.0,-0.05865817,-0.06842352,0.12480515,-0.0210767,-0.50767565,-0.64158046,-0.003889394,-0.030847497,-0.0065032435,5.881296e-05,0.1425883,0.05545047,-0.022412404,-0.060281023,-0.085876234,0.23522146,-0.41457495,-0.009389604,-0.040653147,-1.1248202
-0.47650477,0.0,0.0369516,0.03844156,-0.06486849,-0.011829964,-0.14980681,0.045654166,0.0061097224,0.038588785,0.0014804462,5.902269e-05,-0.054979645,-0.0075086574,0.01563785,-0.054603897,0.0088446075,0.15987727,-0.6171833,-0.09306483,-0.019769058,0.6712792
-0.5584594,0.0,0.053045638,-0.029750435,0.0135705555,0.059095733,-0.09216934,-0.20308436,-0.012233425,-0.024378717,0.0064879153,5.900742e-05,-0.04324602,0.0005405496,-0.06503285,-0.032440778,-0.027773393,0.11003179,-0.024350537,0.029967772,0.052057296,0.7539111
-0.2173779,0.0,-0.3729988,-0.0498048,0.03108533,-0.21085735,0.0016992432,-0.57074994,-0.03235932,-0.028483653,0.0053455206,5.8571168e-05,-0.1962423,-0.008574106,0.012408456,-0.054917477,-0.04657078,-0.40311456,0.024281893,-0.021430008,-0.090312265,-1.5559038
-0.49674705,0.0,0.05125502,0.024182774,0.0093525695,0.027149512,0.31932756,0.028612463,0.028843649,0.029412432,0.008202832,5.8818776e-05,-0.009258831,0.012601921,-0.023345387,-0.059486203,0.0057823947,-0.013443943,0.30525753,0.050220255,0.017227337,0.31376037
-0.36606786,0.0,-0.35477388,-0.07388543,0.046201266,0.018994546,-0.83312243,-0.5793311,-0.0007151211,-0.042456385,0.0035376188,5.8580616e-05,0.069105245,0.02621113,-0.0439514,-0.015626341,0.03684754,0.014717084,-0.7374536,0.04946818,-0.12710658,-1.3334852
-0.3624481,0.0,0.06253194,0.028802,-0.15925145,0.017173849,-0.24271667,0.05640191,-0.050256517,0.02063315,0.007396668,5.916015e-05,-0.05299723,0.004604623,-0.05741804,-0.061783496,-0.1286836,-0.03938234,-0.36829284,-0.029292073,-0.23346724,-0.72585845
-0.60648376,0.0,0.05695985,-0.012509719,0.009644274,-0.026900081,-0.07383825,0.033734467,0.00876933,-0.032959625,0.004790306,5.8818776e-05,0.024853269,0.009248558,-0.014873583,-0.020239392,0.0287214,0.11712764,-0.012674911,0.011132883,0.045821752,0.69691676
-0.48292977,0.0,0.054178264,0.039236434,0.0139542585,0.020938473,-0.12984331,0.057258736,-0.03105042,0.031657703,0.0041321605,5.8924314e-05,0.034633327,0.023518054,0.011594796,-0.03880922,-0.059092734,-0.011117942,-0.0103291245,0.040067736,-0.013853524,0.347924
-0.32658163,0.0,0.05868603,-0.020540036,0.013887643,0.048565112,-0.069256514,0.10345534,0.02277688,-0.065666445,0.00082434213,5.8761776e-05,-0.030435566,-0.0051857354,-0.07612998,0.025430858,-0.025255501,-0.19278316,-0.12015859,-0.023606766,-0.24483654,-0.595031
-0.53945905,0.0,0.06118962,-0.012545458,0.005967213,0.018430194,-0.014753718,0.024500068,-0.029959321,-0.039796166,0.004604908,5.8818776e-05,-0.07437914,0.010364304,0.00079835136,-0.002624849,0.034364343,0.099864945,0.061049126,-0.04376208,0.016989922,0.60487413
-0.33922416,0.0,-0.417985,-0.07533773,0.0051077395,-0.000656407,-0.3702759,-0.48482034,0.006840315,-0.049531322,0.0010577583,5.8729853e-05,0.09032921,-0.003869557,-0.03605034,0.03267118,0.0012532651,-0.12506564,-0.6142066,-0.0116274925,-0.06646361,-1.5134883
-0.5554498,0.0,0.07034737,-0.034246627,-0.063526854,-0.2742884,-0.23822479,-0.5728926,-0.021985555,-0.098511964,0.002050837,5.900742e-05,-0.12275284,0.07676527,-0.0062312647,-0.039601285,0.011275575,-0.08954584,-0.5925454,-0.0011313338,0.11609697,-0.79750204
-0.26927882,0.0,-0.09931984,0.0022477538,0.02583446,0.061358497,-0.031286154,0.0822455,-0.029587235,-0.026103584,0.0057251733,5.8818776e-05,-0.113000415,-0.021153765,0.046233654,-0.023441445,0.1270081,0.030274654,-0.06310355,-0.028783325,-0.048806023,-1.0755066
-0.53242016,0.0,0.046068035,0.015492374,-0.061889548,-0.002581302,-0.009297898,0.097033665,0.012378204,0.036865532,0.0025731684,5.902269e-05,-0.03826169,0.008848737,-0.08559882,-0.05455319,0.020930575,0.060979676,-0.3907721,-0.039670803,-0.074624926,0.6250162
-0.43635726,0.0,0.0400519,-0.00659443,-0.070156544,-0.10375114,-0.8390064,0.06896676,0.06357407,0.07493698,0.0036245494,5.900742e-05,-0.026902735,-0.003134433,-0.08492799,-0.18007432,0.060042832,0.09781573,-1.2219636,-0.034771442,0.075893395,0.5895643
-0.21712893,0.0,-0.17396797,0.040707823,0.04210787,-0.06922195,-0.91890246,0.09469963,-0.017610945,-0.030630007,-0.0077288365,5.8828227e-05,0.37285247,-0.07943847,0.009252237,0.009744811,0.06465179,0.080631785,-0.8952495,-0.026268788,-0.19425099,-0.56043565
-0.29001334,0.0,-0.24121015,-0.052376132,0.009727592,0.03414461,-0.8054286,-0.739253,0.007003525,-0.058451314,-0.0027893598,5.8580616e-05,-0.17613798,-0.0070133046,0.044866767,0.08976434,0.061965942,0.05514432,-0.77535355,0.018607952,-0.15222788,-1.2856284
-0.4215669,0.0,0.03995855,0.047291745,0.020734785,-0.0002610485,0.1655698,0.05360549,-0.028435057,0.04077406,0.0043582614,5.8818776e-05,-0.018044941,-0.057979383,-0.032874227,0.0066716988,-0.102250375,-0.044909097,0.07450609,-0.18151787,-0.03757906,0.6192709
-0.39543822,0.0,0.05240205,0.019319156,-0.028334735,0.012982207,0.1098464,0.040869955,0.0002507259,-0.037567962,-0.024693822,5.9023776e-05,0.16857557,0.0044395737,-0.0046025277,0.011248707,-0.05015271,0.013086935,0.24211442,-0.0504203,0.032259233,0.47853178
-0.16207734,0.0,-0.2855326,-0.062077608,-0.12324282,-0.07450301,-0.035611358,0.032733098,0.021824282,-0.06698951,0.0009944013,5.8525944e-05,-0.000408524,-0.00087943976,-0.2749147,-0.15229152,-0.26027936,-0.3975564,0.0050399727,0.01950799,-0.086226575,-1.471018
-0.2447045,0.0,-0.38408372,0.06017035,-0.21528031,-0.045482736,-0.01498029,0.013110719,0.0065102,-0.10204113,0.0045327074,5.8720405e-05,0.032959294,-0.039111078,0.009831158,-0.085308924,-0.30096412,-0.2172184,-0.107817106,0.0114155095,-0.13303043,-1.386237
-0.27873924,0.0,-0.36432543,-0.053625233,-0.014745756,0.030344004,-0.8155355,-0.2744103,0.0006043404,-0.06913252,0.007427475,5.8828227e-05,-0.089857094,-0.03413984,-0.062376156,0.08153914,-0.01586282,-0.012691057,-0.7759794,-0.021826701,-0.22416122,-1.2334213
-0.32444474,0.0,0.08399794,-0.038624037,0.0073428126,0.11348766,0.25421005,-0.36590424,0.003733486,-0.015812255,0.00018758302,5.8776168e-05,-0.037952613,0.017348234,0.08033631,-0.010531506,0.08068291,-0.14173865,0.031290837,-0.03624544,0.27902418,-0.2811169
-0.21854989,0.0,-0.28581846,-0.024862412,-0.039398395,-0.051791117,-0.17601477,-0.0845609,-0.042254873,-0.019731773,0.0038723832,5.8720405e-05,-0.08364399,-0.023610955,-0.0024758799,-0.09391121,-0.18923332,-0.2764122,-0.09864035,-0.0103122825,-0.08391209,-1.6083169
-0.14295566,0.0,-0.34953883,-0.025818385,0.018216327,-0.0039966493,0.28737774,0.12243007,0.0074659702,-0.01980075,0.0036148129,5.8376707e-05,-0.17746447,0.044141177,-0.08188486,-0.11090034,-0.17948346,-0.22035772,0.31185916,0.016847394,-0.05771256,-1.374732
-0.19208953,0.0,0.012260648,-0.02564268,0.009330437,-0.00752478,0.42190808,0.026095942,-0.01028588,-0.00075651985,0.0029490963,5.897063e-05,-0.13785608,0.058913328,-0.05023452,-0.02915039,0.05434566,-0.2812165,0.30638707,-0.0035143492,-0.024820473,-1.0359308
-0.15181492,0.0,-0.10608928,-0.07570802,0.062673256,-0.0529552,-0.11617712,0.008291763,0.013730628,-0.055724826,-0.0009681671,5.8525944e-05,0.07020083,-0.061701123,0.019262267,-0.052808896,0.04568232,-0.37754318,-0.11945844,0.0011527205,-0.05168138,-1.2431118
-0.6074992,0.0,0.041763272,-0.01791465,0.024213593,-0.015327671,-0.045191582,0.031385846,0.022474557,-0.057922233,0.00487696,5.8729853e-05,0.15018365,0.028969375,0.005764869,0.047201384,-0.0050555393,0.05370477,-0.05511854,-0.02076102,0.035968456,0.67920864
-0.3320705,0.0,-0.019675162,0.010877265,0.081134625,-0.10080192,-0.31517154,0.3172935,0.058757477,-0.02394506,-0.018704778,5.8828227e-05,0.15600967,-0.0060963714,0.054110583,0.010543488,0.08864376,0.14317517,-0.3945593,0.018530132,-0.034106784,-0.9983093
-0.35250196,0.0,-0.11852418,-0.053190395,0.031775553,-0.10158353,-0.1742937,-0.026663113,-0.010698177,-0.051105782,0.00056133047,5.860905e-05,0.08990402,-0.0055965954,-0.0010304917,-0.08321989,0.1002283,0.048492208,-0.16223367,-0.00365065,-0.0430613,-1.0599035
-0.16011903,0.0,-0.3292198,-0.063887425,-0.0020301756,0.011702112,-0.6177059,-0.671599,-0.0017268993,-0.06446569,0.0032058007,5.8580616e-05,-0.07076014,-0.021756835,-0.0056568873,-0.06458284,-0.048495807,0.0127518205,-0.3783523,0.02155545,-0.10467437,-1.4975411
-0.3122758,0.0,0.039361857,0.043232236,-0.23659506,-0.035791278,-0.024763875,0.17260489,0.008893354,0.008048327,0.0036727777,5.8956237e-05,-0.055995498,-0.16409068,-0.13326907,-0.106874,-0.12612452,-0.3089613,-0.044769693,-0.06284285,-0.21136506,-0.78519744
-0.690257,0.0,0.08127192,-0.039187077,0.039721146,-0.012419503,-0.18244109,0.004763536,-0.0017854319,-0.11541925,0.0009836719,5.8775076e-05,-0.004392794,0.03362723,-0.07057766,0.000591062,0.017744673,-0.13165727,-0.36621788,-0.046807177,0.19547781,-0.6268546
-0.52075124,0.0,0.05275021,-0.00065640325,-0.019209346,-0.0100454725,-0.048849557,0.09211908,0.055499434,0.0465662,0.004095753,5.900742e-05,-0.05269467,-0.01518851,-0.043478996,-0.031293012,0.066043705,0.06550127,-0.018840035,0.02507644,0.03714163,0.6531302
-0.5123893,0.0,0.04308748,0.053516045,-0.0071307053,0.0047692806,-0.006406471,0.0768881,-0.028314099,-0.034708604,0.0015612565,5.8818776e-05,-0.052358884,0.015992751,0.016831312,0.048880424,0.016112933,0.10728907,0.07256692,0.01695216,0.018367339,0.6115596
-0.20229594,0.0,-0.38863927,-0.06168377,-2.5332138e-05,0.012084651,-0.13738643,-0.46915752,0.009526949,-0.038966157,0.0034408907,5.8729853e-05,-0.11816927,-0.022572191,-0.03898203,-0.06431632,-0.08290503,-0.3931037,-0.20680498,-0.0037772167,-0.078187615,-1.7661635
-0.07498531,0.0,-0.31539795,-0.02887048,-0.17183004,-0.027197056,-0.10103102,-0.0033904759,0.022049377,-0.041509558,0.0019940054,5.8729853e-05,-0.0019969603,-0.041938595,-0.21932729,-0.12350972,-0.26975533,-0.39275983,-0.2157539,0.023864368,-0.13780054,-1.5350597
-0.13081816,0.0,-0.3325124,-0.03160497,-0.07951837,-0.061900757,-0.109570086,0.012959425,0.016555341,-0.043955933,0.0018729006,5.8525944e-05,-0.061539996,-0.04031508,-0.25522113,-0.1559871,-0.2786138,-0.4368316,-0.08851018,0.015550259,-0.13936076,-1.5606397
-0.25123823,0.0,-0.40234563,-0.040249262,0.03395305,0.026474494,-0.05663658,-0.5172748,0.0005407651,-0.025452925,-0.02957688,5.8729853e-05,-0.12174354,-0.027593356,0.014223293,0.018430945,0.0034591565,-0.12773962,-0.13332938,-0.02154032,-0.06998391,-1.568867
-0.19532369,0.0,-0.12164962,-0.017885115,0.042941242,0.037793532,-0.07679862,0.06600628,0.0039048153,-0.025314424,0.0035047883,5.8729853e-05,-0.09229945,0.021386042,0.031093339,-0.03237617,0.05077149,0.117125764,-0.034927785,0.01570381,-0.039659895,-1.09051
-0.117119245,0.0,-0.29646817,-0.027812518,-0.19522534,-0.02802442,0.41944376,-0.01818843,0.002046613,-0.013767575,-0.021301985,6.814353e-05,0.042085394,-0.03164202,-0.1214823,-0.15403682,-0.23349778,-0.29543355,0.05219676,0.006574775,-0.043079138,-1.2377049
-0.61629206,0.0,0.08372603,-0.040960863,0.033039685,-0.055035476,-0.14288628,-0.106685676,0.020384612,-0.025100522,0.003138442,5.881296e-05,0.06847166,0.020223882,-0.059682503,-0.058615446,-0.073620185,-0.1151566,-0.184695,0.00499876,0.09250451,-0.6888368
-0.383644,0.0,0.04441657,0.014423357,-0.10081323,-0.0051423777,0.18057953,0.079381965,-0.017988443,0.033566244,0.0075917826,5.920297e-05,-0.010030716,-0.008064492,-0.024814717,-0.007872416,0.048462242,0.11316344,0.3208708,0.013926864,0.057928745,0.48666322
-0.09106464,0.0,-0.32616812,-0.029273162,-0.16649206,-0.03663998,-0.15499072,-0.019995753,0.014443171,-0.04311075,-0.029291483,5.8729853e-05,0.008560821,-0.04721018,-0.13914883,-0.09073162,-0.19879606,-0.24982122,-0.26187173,0.007149903,-0.13544272,-1.4816298
-0.618679,0.0,0.049349256,0.0008027124,-0.01296187,0.0019774511,-0.022720719,0.14738481,-0.020223983,-0.022592045,-0.03433748,5.880351e-05,0.011943657,-0.008667816,-0.013497254,-0.04403328,0.019746803,0.09381117,0.014694374,0.035511013,0.022096943,0.20878068
-0.16739377,0.0,-0.36547792,-0.07142656,0.0012937499,0.021861576,-0.6460023,-0.20325613,0.021962093,-0.049178123,0.0170375,5.8580616e-05,-0.11312495,-0.045374338,-0.055711403,0.028037144,0.027434582,-0.06413425,-0.4547481,0.019201916,-0.11438356,-1.3442776
-0.4620144,0.0,0.042624272,-0.0012039572,-0.085914075,0.012551305,0.0018027188,0.08232727,-0.030915964,0.013757849,0.006122272,5.8818776e-05,0.013839079,0.023846392,-0.0008365847,-0.04320598,-0.006393575,0.10391757,0.14059295,-0.04510139,0.038661674,0.65731716
-0.53045225,0.0,0.046268966,0.019455126,0.0061133127,0.033137728,-0.05747846,0.047291104,-0.021829695,-0.019834816,-0.00078513985,5.902269e-05,-0.03676032,0.015585742,-0.08809159,-0.1069334,0.031509932,0.09100622,-0.18009874,-0.021554802,-0.09075557,0.6324421
-0.6563211,0.0,0.08495795,-0.040172156,0.016175756,-0.058429215,-0.10312995,-0.17579922,0.0037651423,-0.020641848,0.0020737685,5.860905e-05,0.05765734,0.021949325,0.0076160925,-0.052996192,-0.07029868,-0.017525721,-0.08175079,0.002049682,0.21286802,-0.533452
-0.6429923,0.0,0.05492535,-0.055930417,-0.057190306,-0.13340667,-0.23526475,-1.1733246,0.0010999852,-0.023173803,0.0012415198,5.860905e-05,-0.02926357,0.016246218,-0.023438882,-0.11633642,-0.034247544,-0.11367861,-0.08771833,-0.036585547,0.10468469,-0.5700245
-0.24020794,0.0,-0.33688176,-0.052650306,0.018574104,-0.028723212,-0.34491512,-0.8406068,0.027237331,-0.009753229,0.006459418,5.8924314e-05,-0.1559493,-0.0047202646,-0.0011989834,-0.064362645,0.0036439118,-0.022314936,-0.63562125,-0.0014040043,-0.07472773,-1.673696
-0.26474163,0.0,0.026533112,0.045520738,0.008920586,0.015048577,0.021667425,0.05324241,0.015221166,0.022003027,0.0014623906,5.902269e-05,-0.02734116,0.015165419,0.03970794,0.05485722,0.034829568,-0.09537591,-0.0489185,0.015936486,-0.13018669,0.1912156
-0.19371548,0.0,-0.11933225,-0.08432584,0.032800533,0.0565773,-0.09913072,-0.18557046,-0.011508432,-0.039206725,0.004051371,5.8580616e-05,0.27778834,0.08332491,-0.002327283,0.011627457,0.12163798,-0.11732921,-0.16152254,0.00416956,-0.06266173,-0.8677173
-0.35388464,0.0,0.059105597,0.009528583,-0.27054763,-0.041871537,-0.18008584,0.06990254,-0.030877866,-0.013010421,0.005959747,5.916015e-05,-0.048009068,-0.1404786,-0.06353182,-0.10057781,-0.17350331,-0.17982501,-0.14778388,-0.019124288,-0.25312036,-0.73614055
-0.36668694,0.0,0.043106146,0.022659175,0.06474558,-0.011690917,0.16942687,0.02776717,0.028158128,-0.040505663,0.008147927,5.9218237e-05,-0.015994672,0.011198752,-0.022357436,9.6517426e-05,0.010616533,0.12752706,0.20251907,-0.057664163,0.016923534,0.51945776
-0.27296793,0.0,-0.27446297,0.00018399645,-0.022562707,0.0041387025,-0.69989127,0.10500438,0.015912086,-0.04487119,0.0046477057,5.8729853e-05,0.04396043,-0.03238967,-0.06321223,0.02542207,-0.011618039,-0.11283673,-0.6730221,-0.00031119463,-0.060666643,-1.3209859
-0.28264695,0.0,-0.07321242,0.0043202066,-0.009271857,0.018265136,-0.16274655,-0.49771503,-0.042635955,-0.124823764,0.0042954097,5.8571168e-05,-0.116647884,0.040356476,-0.018532583,-0.08049245,0.05884889,-0.3649372,-0.14392523,-0.005126739,-0.06264746,-1.472871
-0.5578969,0.0,0.039118256,-0.010540927,0.01691689,0.03907814,0.007835606,0.04878836,-0.019101668,-0.049774516,-0.025981663,5.8624315e-05,0.15796722,-0.003450919,0.022222197,0.008456643,0.04435469,0.06734453,0.063561074,-0.042527936,0.036999665,0.55171967
-0.32863712,0.0,0.033377998,0.042406186,0.0153417885,-0.017594812,0.002326975,0.0010602068,0.004826379,0.027643703,0.004769293,5.8818776e-05,-0.063227005,-0.13438077,-0.08310741,-0.02861066,-0.097749196,-0.029919641,0.11203158,-0.1554797,-0.14284097,0.23561695
-0.2370442,0.0,-0.28125384,-0.106425844,-0.06560147,-0.017489968,-0.34207436,-0.011639256,0.010165859,-0.062835574,-0.012555921,5.8729853e-05,0.043787196,-0.062860884,-0.024169607,-0.08209753,-0.16450274,-0.16953902,-0.51536286,0.0286519,-0.13808472,-1.4331815
-0.24081329,0.0,-0.018186491,-0.0031717303,0.093481794,0.043878596,0.021875797,0.3815979,0.059273716,-0.022317003,-0.031829104,5.8828227e-05,0.12332624,-0.06937232,0.036494505,0.044909682,0.15195076,0.109114744,-0.025575794,0.0020403084,-0.014101959,-0.7661668
-0.6787604,0.0,0.082666025,-0.040338777,0.019472795,-0.06454547,-0.24459542,-0.13953298,0.015309861,-0.0044937935,0.008661339,5.881296e-05,0.014297648,-0.00019566945,-0.058664884,-0.014700334,0.0023585996,0.10153766,-0.3757134,0.00754759,0.20931928,-0.549358
-0.22358795,0.0,-0.31999597,-0.089308925,0.0032763884,-0.07005794,-0.19691028,-0.9513076,-0.00015611135,-0.030300107,0.002767179,5.8376707e-05,-0.12912995,0.019019833,-0.017382555,-0.06036064,-0.0018003338,-0.37554723,-0.20476922,0.00680479,-0.081222944,-1.651936
-0.33591196,0.0,0.048398,0.023863817,0.055891637,-0.015704757,0.31175685,0.30805358,-0.0041477024,0.01766429,0.0038034082,5.9218237e-05,0.05995177,-0.13211133,-0.16696426,-0.02423896,-0.08757116,-0.10942508,0.31063837,-0.07784505,-0.10336711,0.38201055
-0.33946788,0.0,-0.38463205,-0.07700312,0.063158266,-0.017946104,-0.4231745,-0.47945988,0.004686654,-0.03597632,0.0019002514,5.8580616e-05,0.16438602,0.035849422,-0.0025200834,0.027647562,0.032020908,-0.14543109,-0.6658027,0.002124826,-0.06546534,-1.3682077
-0.76100993,0.0,0.05807039,-0.012208262,0.00783766,-0.006310733,-0.14681275,0.01639413,0.0058032786,-0.07569629,0.004864263,5.902269e-05,-0.015417404,-0.00797311,-0.045469757,-0.054322954,0.030375514,0.13468854,-0.5385486,0.032248747,0.031281695,0.38501877
-0.18086065,0.0,-0.042765427,-0.066983365,0.044815984,0.031321365,-0.008861861,-0.168166,-0.01082136,-0.0413605,0.0007342981,5.8376707e-05,0.206311,0.053825945,0.045184553,-0.07412369,0.09155351,-0.05510113,0.16630842,-0.013274145,-0.059051152,-0.87611187
-0.28329003,0.0,0.06707423,-0.026262803,0.03845316,0.02975287,0.2989307,0.098122284,0.01607449,-0.027953975,0.003797121,5.8776168e-05,-0.07584667,0.049134724,0.05406906,0.005899989,0.011461169,-0.19502279,0.29571104,-0.031040024,0.2282125,-0.3417235
-0.50820404,0.0,-0.056188464,-0.064228654,0.07540269,-0.02051132,-0.6371198,-0.39664018,-0.004411926,-0.031006405,0.012399557,5.881296e-05,0.10300126,0.067720234,0.01965415,-0.025665559,-0.070598006,-0.14133908,-0.558496,-0.0036163288,-0.051674884,-1.3922579
-0.47066554,0.0,0.049058765,0.06879198,-0.07537213,0.01614297,-0.082076706,0.06781698,-0.068762295,0.030761365,0.00487176,5.8818776e-05,0.0707618,0.010134713,-0.0064723925,0.047408756,-0.055438247,-0.025614893,-0.04868856,-0.07792495,-0.15872183,0.2399252
-0.26668197,0.0,0.053275615,0.056096762,-0.19485617,-0.034958817,-0.08256362,-0.10242175,-0.028616851,0.0044018375,0.0046953536,5.8956237e-05,0.05202934,0.0063780574,-0.17335823,0.02017513,-0.17585023,-0.2705074,-0.15641807,-0.03625441,-0.24369246,-0.73820597
-0.28013074,0.0,-0.34673882,-0.050014704,0.054475263,-0.019368669,-0.3486245,-0.919939,-0.009764124,-0.039660793,0.003960714,5.8580616e-05,-0.10367354,0.020600203,-0.0018088318,0.030819548,0.058710057,-0.13831498,-0.63438934,0.00036787166,-0.07216211,-1.5734816
-0.20801663,0.0,-0.07226336,-0.12397581,-0.07697401,-0.14150849,0.34980097,-0.9488344,0.005478832,-0.11394885,0.0048778653,5.897063e-05,-0.187914,-0.0565332,-0.051143516,-0.035221662,-0.115028046,-0.32383183,0.21944797,-0.03621107,-0.07155136,-1.4583832
-0.33086058,0.0,-0.37109983,-0.051528502,-0.036903117,0.014169488,-0.3887663,-0.18744618,0.008410469,-0.045561098,0.0052910773,5.8729853e-05,-0.06300598,-0.044825554,-0.14126706,-0.07242059,-0.15843083,-0.10810498,-0.6684708,-0.018312331,-0.1504283,-1.4673347
-0.28393793,0.0,-0.14299975,-0.07404883,0.1885947,0.03344366,0.029453695,0.14670818,0.0099649355,-0.05345412,-0.0006001312,5.8729853e-05,0.122095756,0.0377009,0.0101586105,-0.058771383,0.06345628,0.1822663,-0.067634486,0.04156886,-0.06433308,-0.9037935
-0.46957046,0.0,0.04393712,-0.0019511643,0.007973018,0.018136317,0.00797759,0.06937043,0.03387125,-0.029423019,0.0048003336,5.8818776e-05,0.010714492,0.012263795,0.031268112,-0.03705054,0.045445833,0.031008137,0.03711616,0.008274781,0.023337582,0.5620552
-0.62488604,0.0,0.0593875,-0.0152449105,0.022354934,-0.032087706,-0.13158992,0.05409495,0.0071632313,0.022898486,0.0053780074,5.902269e-05,-0.014069961,0.013256172,-0.043147177,-0.052553944,-0.0104995165,0.11047412,-0.33479574,0.010449046,0.025222063,0.39767626
-0.3262995,0.0,0.061507232,-0.014574176,0.026192166,0.037079245,-0.36855936,-0.093342304,0.055900015,0.034743674,0.0049095564,5.8775076e-05,-0.048268955,0.016106416,-0.07580427,0.000552116,0.046972275,0.18257906,-0.32656297,0.019244224,0.063238434,0.8387945
-0.26994342,0.0,-0.3659322,-0.055545524,0.023178183,0.0085750315,-0.73568755,-0.5488008,0.014659904,-0.026363922,0.0023879395,5.8775076e-05,-0.16368696,0.043785654,0.0038791136,0.09429417,0.006986955,0.12192837,-0.79076105,0.03172862,-0.092090994,-1.5198243
-0.39005968,0.0,-0.07924825,0.017916227,0.016086737,-0.09433502,-0.8871956,-0.28403595,0.0051702177,-0.007629643,0.0007456587,5.900742e-05,-0.13917375,0.02223933,-0.06767427,-0.09007729,-0.08700808,0.112308584,-0.89119583,-0.011413594,-0.036645707,-1.1599991
-0.252402,0.0,-0.17033815,-0.0766341,0.030955799,0.05170094,-0.04974104,-0.058187854,0.030123074,-0.058743533,-0.0005015066,5.8729853e-05,0.20417394,-0.05550234,0.0034392744,-0.058007736,-0.12319576,0.10213972,-0.09592757,0.014549655,-0.11544748,-1.1389234
-0.21765713,0.0,-0.06521371,0.021219524,0.080251366,0.022908399,0.31121296,0.092287704,0.008891963,-0.022898689,0.0015640642,5.89254e-05,0.18102995,-0.1110208,0.08423628,0.012730858,0.09898332,-0.14872882,0.35519156,-0.031736497,-0.05032421,-0.721908
-0.36089173,0.0,0.049387053,0.020198356,-0.005628646,0.04470112,-0.94078106,0.08468638,-0.022993403,-0.023022402,0.0033457351,5.916015e-05,-0.061559483,0.012915485,0.05468136,0.0061284173,0.05785484,0.08369999,-0.9963837,-0.005956786,-0.26037988,-0.436674
-0.39378694,0.0,0.05990663,0.007539682,-0.16106838,-0.03932542,-0.12698679,0.08692787,-0.02971171,-0.010116615,0.0067494446,5.8956237e-05,-0.05213264,0.0047508385,-0.06696545,-0.08656039,-0.1427306,-0.09976629,-0.072733045,-0.02587739,-0.25424206,-0.68057007
-0.37362748,0.0,0.049895488,0.074009165,-0.20206779,-0.038346287,0.114996724,0.2951166,-0.0124569945,-0.024595473,-0.011609796,5.9218237e-05,-0.022422923,-0.22559975,-0.036550418,-0.01901036,-0.09041866,-0.09772534,0.22107697,-0.12334485,-0.017924603,0.5327764
-0.26323918,0.0,-0.4015575,-0.08586506,0.022406211,-0.046211924,-0.18161102,-0.4189017,0.004471415,-0.04721827,0.00049398554,5.8525944e-05,0.071123585,-0.025561193,-0.0032502587,-0.07330298,-0.08542423,-0.29799706,-0.10245244,0.018237654,-0.09818991,-1.58721
-0.29795137,0.0,-0.37216356,-0.06997757,0.052828185,-0.03177622,-0.40401772,-0.77062637,0.0051901387,-0.019944908,0.0016315754,5.8580616e-05,0.119086795,0.09315054,-0.0029886533,0.03330267,0.03288766,-0.13309482,-0.6637859,0.000603658,-0.07205977,-1.4148256
-0.36794358,0.0,0.04418133,-0.016866224,0.03767411,-0.14322737,-0.59997743,0.0016252374,-0.02151449,-0.05678006,0.0029027178,5.900742e-05,-0.045684297,0.0056503094,0.008585004,-0.030698285,0.047447205,-0.043458574,-0.40675768,0.0080191055,0.1307923,-0.8857012
-0.21245545,0.0,-0.3417284,-0.083392814,0.014132168,-0.07477582,-0.12857887,-0.8313804,0.003562076,-0.035667114,0.0024515595,5.8376707e-05,-0.104577966,0.0136669455,-0.02034405,-0.07147956,-0.012278721,-0.46905878,-0.1099157,0.0023766973,-0.084001034,-1.6601788
-0.30199787,0.0,0.05553372,0.03244286,-0.18367644,-0.089436196,-0.19450463,-0.059534293,-0.028712513,-0.006248155,0.0056298096,5.8956237e-05,-0.043298885,-0.16586983,-0.14673504,0.007155094,-0.15430054,-0.31434312,-0.2083628,-0.1307083,-0.24476147,-0.7025532
-0.21539897,0.0,-0.090505034,0.030952377,0.028237266,0.07786957,0.02106939,0.07573545,-0.039701387,-0.048152268,0.005231664,5.8818776e-05,-0.004947899,-0.057113964,0.04865186,0.020774344,0.10944693,-0.089393936,0.07748809,-0.012412494,-0.04524581,-0.9922573
-0.67929167,0.0,0.059411403,-0.021852173,0.01877336,-0.030936358,-0.051931422,-0.13150537,0.02303999,-0.05021169,0.0055878707,5.8624315e-05,-0.0014881515,-0.00590895,-0.018745778,-0.04306596,0.021517651,0.020374008,0.021909127,0.06429039,0.015120942,0.33006915
-0.28347772,0.0,0.044760175,-0.01446714,0.017835267,0.056697227,-0.7272399,0.15439926,0.030549258,-0.045291323,0.0045666127,5.916015e-05,-0.032907836,0.004103941,0.04118005,0.051035617,0.0068935663,-0.029832369,-0.5289905,-0.018237345,-0.340795,-0.70489156
-0.2986915,0.0,-0.30339864,-0.022512695,0.008130289,-0.00014201947,-0.52565306,0.09439036,0.003648409,-0.043098792,0.007000777,5.8729853e-05,-0.12991771,-0.05773591,-0.0052259145,-0.08353783,-0.037147693,0.0012422749,-0.6876036,-0.017675338,-0.05794822,-1.3454018
-0.16868012,0.0,-0.3026934,-0.025478275,-0.06616618,-0.049664263,-0.21519594,0.03439845,0.009986952,-0.04427858,-0.08460465,5.8729853e-05,0.047533248,-0.05341626,0.045542922,-0.17161427,-0.29400718,-0.3661364,-0.25305298,0.04058474,-0.14114854,-1.4447156
-0.3507891,0.0,0.030342558,0.06846284,-0.03172515,0.009817661,0.04301266,0.07114599,-0.056895345,0.031755067,-0.0011217475,5.902269e-05,0.0013571201,0.016214654,0.03558545,-0.05820079,0.039121013,0.0878628,-0.0504914,0.01318782,-0.02943067,0.5966117
-0.13135548,0.0,-0.51543885,0.028263522,-0.1112667,-0.062254865,0.2507431,-0.019909995,-0.023403874,-0.01014436,0.004325031,5.8720405e-05,-0.11430665,-0.03294913,-0.17054878,-0.13284259,-0.31712276,-0.18311548,0.22764291,0.011199569,-0.10024193,-1.4624503
-0.383417,0.0,0.04682945,0.018221298,0.045023937,-0.08889185,0.28583124,0.005367715,0.016804105,-0.04232009,0.0038034082,6.82419e-05,-0.04031353,-0.08711526,-0.10516624,-0.076657735,-0.14473324,-0.13347223,0.21952352,-0.07532867,-0.10602906,0.342581
-0.5252783,0.0,0.03929327,0.027346049,-0.07529739,0.011573864,-0.03430972,0.23736243,-0.000811641,-0.012455528,-0.002422047,5.8818776e-05,0.17551903,0.011397712,0.023751182,0.029081732,-0.017090613,0.011231657,0.09573132,-0.041344106,-0.0007707032,0.5783205
-0.29593578,0.0,-0.32831287,-0.072224565,0.06672431,0.054694552,-0.891145,-0.24727616,0.009245352,-0.044083763,-0.002002299,5.8580616e-05,-0.1497524,-0.09443863,0.015219157,0.014092243,0.033587832,0.054660015,-0.8360468,0.006002561,-0.1548827,-1.1655033
-0.55367315,0.0,0.04465077,0.046079423,-0.01082852,0.0011574987,-0.06453387,0.06997131,-0.0042096814,-0.030832535,0.0019967877,5.902269e-05,-0.048785537,0.013425849,0.015967702,-0.040497836,0.022051394,0.11986411,-0.3501439,0.02232172,-0.036181,0.665409
-0.57415205,0.0,0.041026637,0.00076010806,-0.025939222,0.00054386945,-0.6739877,0.094384134,-0.013742254,0.0012601968,0.0030981174,5.8775076e-05,-0.04777263,0.018026656,0.014508329,0.050720286,0.032407157,0.061402272,-1.0216955,0.0908371,0.04876303,0.63817877
-0.2150723,0.0,0.010962947,0.0064364923,0.056194596,0.016003735,0.3352147,0.29285604,-0.0007391319,-0.00091815507,0.00246112,5.897063e-05,-0.118141316,0.093252786,0.09294706,0.05914405,0.22611144,-0.103858925,0.330608,0.004896926,-0.046104267,-0.7749002
-0.6174214,0.0,0.061316244,-0.017686158,0.033314265,-0.0055328202,-0.16220433,-0.21773699,0.013532047,-0.020060435,0.0058933976,5.860905e-05,-0.036929548,0.025866602,0.012890901,-0.016482105,-0.009282422,0.069620416,-0.06503307,0.005421029,0.21580963,-0.5531516
-0.20930311,0.0,0.033394,-0.01265461,-0.0052979076,0.03161852,0.48265293,0.04825986,0.033212107,-0.029448394,0.0020957098,5.8376707e-05,-0.10337098,0.036282912,-0.066436686,0.023692291,0.12734984,-0.2343083,0.45958516,-0.0074856016,-0.011857949,-0.9590325
-0.34329054,0.0,-0.008505478,-0.07199727,0.08619847,-0.09876865,-0.6203011,0.040849455,-0.011167961,-0.045826122,0.006363589,5.881296e-05,0.25103834,0.12821808,-0.018060934,-0.025191788,-0.037050307,0.03801523,-0.18311743,-0.021542907,-0.07408309,-1.0018579
-0.43498036,0.0,0.04439904,0.027277796,-0.13316528,0.028227055,-0.017306857,0.042921506,-0.0019722462,0.057125166,0.005549042,5.8818776e-05,-0.02482996,-0.0371518,-0.067839935,-0.10155942,-0.031262286,-0.057131067,0.036870472,-0.21384771,-0.05333656,0.58321595
-0.6255027,0.0,0.0596697,-0.017902471,0.010133726,-0.043765612,-0.18439783,-0.18396232,0.04050278,-0.05751115,0.005118898,5.900742e-05,-0.027538054,0.019122139,0.021699358,-0.04826858,0.03097494,0.20191854,-0.5533516,0.05769113,0.04782237,0.45456767
-0.38007542,0.0,-0.113537654,-0.0019882636,0.039409436,0.0354816,-0.15233694,-0.10079686,-0.034610793,-0.11026738,0.0040488183,5.8775076e-05,-0.015543071,0.04172667,-0.0047589554,0.036804892,0.104210064,0.046557073,-0.08567752,0.017197955,-0.040710155,-1.028102
-0.7796657,0.0,0.055871956,-0.015964702,0.021142356,0.03246768,-0.12634656,0.02747724,0.022533841,-0.042861804,0.008469313,5.8828227e-05,0.04446283,-0.013917518,-0.064709246,-0.07095924,0.008896868,0.09345035,-0.39415023,0.043212038,0.03303185,0.3727732
-0.44423458,0.0,0.045049515,0.060294833,-0.08840785,0.0039007298,0.09930047,0.0753167,-0.14221586,-0.010680302,-0.044614237,5.9218237e-05,-0.017172324,0.020612711,-0.013389498,-0.016851168,0.017390596,0.0606829,0.31269646,-0.00056323473,0.049330547,0.49650756
-0.4174955,0.0,0.06506351,-0.03524653,0.036186557,-0.028676227,-0.43292743,-0.13084933,0.017687976,-0.048248965,0.0030779638,5.8580616e-05,-0.022905154,0.020163562,0.06127945,0.042667672,0.012624307,0.17200981,-0.28533065,-0.015204241,0.04939574,0.47084248
-0.29883614,0.0,0.0700357,-0.038357235,-0.18797365,-0.036368154,-0.011792235,0.2524431,-0.018222539,-0.14702164,-0.09856858,5.8761776e-05,0.20187669,-0.068529055,-0.19060609,-0.009831781,-0.120107986,-0.17676467,0.25982457,-0.008834978,-0.2325431,-0.5461847
-0.31227946,0.0,0.04109704,0.035736382,0.0046618357,-0.026851255,0.23150672,0.09881009,-0.05248956,0.07194618,-0.025205797,5.9218237e-05,-0.04105449,-0.0926727,-0.011234937,-0.0335415,-0.094831824,-0.08954458,0.18111531,0.016977683,0.0062255873,0.501713
-0.3397262,0.0,-0.2773075,-0.11471017,-0.06586248,-0.0025655848,-0.49106914,-0.11906669,0.012757801,-0.046036962,0.011664788,5.8828227e-05,0.013443849,-0.05599755,0.09152273,0.028217375,-0.068352304,-0.11511991,-0.66626054,0.031707577,-0.14759119,-1.3541323
-0.43965143,0.0,0.055021413,-0.018818453,0.007884891,0.002861832,-0.04884931,0.054351203,0.0029982827,-0.023311255,0.0043074675,5.8818776e-05,-0.07017655,0.010572698,-0.036366746,-0.012844177,0.032220475,-0.32208437,-0.013299029,-0.0010332732,0.017075349,0.31774372
-0.48822314,0.0,0.04192674,0.020024473,-0.0053940425,0.00808868,0.007747633,0.08104148,0.0048853704,0.03892753,0.0022110266,5.8818776e-05,-0.063431896,0.0077089113,-0.02407268,-0.028165309,0.021053646,-0.057868857,0.055671383,0.01234099,0.037492007,0.55449784
-0.6940475,0.0,0.04466957,0.01237461,-0.09596002,-0.012200937,-0.0475728,0.096901886,-0.038226478,-0.045221508,0.0056317854,5.902269e-05,-0.030823657,0.011846356,-0.057259656,-0.089687124,0.020697583,0.08567444,-0.37696442,-0.06063213,-0.037256166,0.5454733
-0.29402873,0.0,-0.31495613,-0.066463865,0.031816304,-0.02099539,-0.40495944,-0.81452405,0.010841953,-0.023984205,0.006938234,5.8729853e-05,-0.051395115,-0.005863736,-0.016965525,-0.031557564,0.010877924,-0.050914064,-0.6270936,0.01465015,-0.07555655,-1.5330024
-0.28156516,0.0,-0.34769902,-0.07225488,-0.01731727,0.03865229,-0.89661825,-0.32516766,0.0075753992,-0.04143921,0.00780433,5.8828227e-05,-0.084451176,-0.05324535,0.016626468,-0.003126942,0.0118241785,0.053721804,-0.86607546,-0.0725621,-0.21622653,-1.1427284
-0.28667524,0.0,0.05909402,0.027451118,-0.031642467,0.008746222,0.1425728,0.01583452,-0.0006396391,0.03155892,0.0054109804,5.9218237e-05,-0.051183164,-0.0003682369,-0.0264958,-0.0025046798,0.009087518,-0.09977912,0.20684703,-0.04924648,0.036610264,0.5467684
-0.2053886,0.0,-0.34790707,-0.070399754,-0.22551318,-0.06233349,-0.030071404,-0.13743097,0.020754693,-0.14494461,0.0013129143,5.8525944e-05,-0.003166207,-0.19354065,-0.14038272,-0.116163604,-0.24744004,-0.29896864,0.118170716,-0.06748936,-0.09508849,-1.465463
-0.19926484,0.0,0.04199017,0.03314894,-0.1496393,-0.038675126,-0.068316974,0.035787422,0.020634318,0.043315694,0.0056309504,5.8956237e-05,-0.030958103,-0.009749129,-0.18518256,-0.116944484,-0.16574517,-0.20348787,-0.093233615,-0.007781527,-0.251491,-0.8209374
-0.5499523,0.0,-0.07929636,-0.0088008605,0.016461808,-0.004453556,-0.2783143,-0.36132845,-0.009386061,-0.056409255,0.004486267,5.902269e-05,-0.1302075,-0.033067666,-0.02249402,-0.009979985,0.045050867,0.14080307,-0.54423785,0.01855031,-0.06261689,-1.4593557
-0.21912222,0.0,0.04521437,-0.002764608,0.009889841,0.036405098,0.379139,-0.020728948,-0.064612314,-0.01808651,0.0041026715,5.8720405e-05,-0.17173173,0.025091859,-0.06890196,0.026535563,0.059742484,-0.19428486,0.4399178,-0.002198623,-0.029360965,-0.9780811
-0.36545068,0.0,0.048452016,0.03589721,-0.038485777,-0.003588972,0.11881192,0.048703004,-0.0023520535,0.05521034,-0.0038391836,5.9218237e-05,-0.05268126,0.012917838,-0.043702055,-0.040822815,-0.08015824,-0.03598284,0.16682981,-0.08992971,0.020080317,0.5657568
-0.33911726,0.0,-0.35322568,-0.074409135,0.0538138,-0.012094353,-0.6160029,-0.78616434,0.00029315142,-0.029250491,0.0005957016,5.8580616e-05,0.09671158,0.11039231,-0.07300075,0.01074752,0.038125724,-0.115158185,-0.7345282,0.010357302,-0.08354638,-1.4940367
-0.4273104,0.0,0.045499798,0.02041578,-0.016212462,0.00019207073,0.15399626,0.05867952,-0.121449806,-0.09554196,-0.07522871,5.9023776e-05,0.34103382,-0.06766547,0.016551672,0.055670466,-0.06451896,-0.09923216,0.245534,0.014457705,-0.0047916514,0.51086026
-0.3411851,0.0,-0.004138812,-0.051881514,-0.0791759,0.012973829,-0.5463576,0.010130054,0.0036482345,-0.0347042,-0.0017259502,5.8775076e-05,-0.17822354,0.008907747,-0.07803185,-0.044520542,0.057366397,0.018478401,-0.70200163,0.0034612329,-0.065868035,-1.3963447
-0.3020618,0.0,0.10582087,0.040826056,0.06610188,-0.014001517,0.3434073,0.29295343,-0.020162199,0.0038018988,0.004042029,5.8784983e-05,-0.04493715,0.0020128398,-0.21116069,-0.15492018,-0.107295804,-0.10377059,0.5392753,-0.020211026,-0.11996487,-0.42393917
-0.46998864,0.0,0.042049866,-0.013494249,-0.00091064017,-0.013356757,0.02958596,0.0977014,-0.040565386,-0.045363754,-0.009000633,5.881296e-05,0.02183228,-0.0053089005,-0.024182329,0.02892307,0.048434287,0.10067952,-0.039996956,0.03582174,0.05131907,0.5801517
-0.31651494,0.0,-0.08273692,0.006783615,0.011078731,0.035159945,-0.1193224,-0.31892195,-0.051405862,-0.110345915,0.0040339692,5.8924314e-05,-0.07232013,-0.00011753035,0.009761383,-0.023730036,0.021837957,-0.07107129,-0.17269754,0.0060361866,-0.05359932,-1.3101183
-0.46268785,0.0,0.07789259,-0.03917726,0.018610872,-0.0527754,-0.044797823,-0.19676524,0.02174418,-0.01377795,0.0024273614,5.860905e-05,0.04446064,0.024712745,-0.028703077,0.013798128,-0.0018933141,-0.016532686,-0.028964436,-0.010959133,0.28144565,-0.4729996
-0.67222065,0.0,0.053250577,-0.06139843,0.015926754,-0.12960286,-0.047510453,-0.038838115,0.003414454,-0.09450391,-0.019104922,5.8624315e-05,0.048843462,0.008007862,-0.023945654,-0.053038623,0.009591381,0.08617968,0.03428211,0.022029577,0.040740274,0.31006113
-0.43150485,0.0,0.04355896,0.033728898,-0.11407636,0.004274947,0.10917851,0.09471717,-0.025953205,-0.0041618855,-0.0041985735,5.9218237e-05,0.14783396,0.008278345,-0.026540894,0.034938496,-0.06752765,0.045506198,0.1558766,-0.05066298,0.021948462,0.51799685
-0.48043618,0.0,0.056828912,0.04501355,-0.009521623,0.008938205,-0.01273,0.07383907,-0.01214081,0.040590987,0.002324192,5.8818776e-05,0.025217094,0.02514665,0.011084978,-0.024129167,0.034464348,0.085885346,0.095212385,-0.027206939,0.033291828,0.6522929
-0.18229333,0.0,-0.02962077,-0.021761408,-0.14464976,-0.05333541,0.32816976,0.0015966538,0.025153086,-0.10285962,0.0023708774,5.89254e-05,-0.059761744,-0.06503423,-0.26459533,-0.107512064,-0.36414772,-0.2687613,0.27337706,-0.052832834,-0.0415822,-1.3687937
-0.31134805,0.0,-0.35956204,-0.062720284,0.03277597,0.0070947623,-0.8239025,-0.37292057,-0.00078124396,-0.030471781,0.0031687233,5.8580616e-05,0.08498254,0.08605347,-0.069792636,0.08103066,0.035314325,0.15268192,-0.84191483,0.05625648,-0.11027623,-1.3015382
-0.23874484,0.0,0.09672934,0.07159094,0.009291896,-0.023310358,0.29085082,0.23031369,0.017499818,0.011047937,-0.019204177,5.8956237e-05,-0.04974786,-0.12076895,-0.15494858,-0.13286053,-0.09505663,-0.09379882,0.40078217,-0.009676415,-0.12128372,-0.47503188
-0.35303956,0.0,-0.20770133,-0.021055613,0.05915474,0.03966611,-0.69540423,0.1741272,-0.00931208,-0.0004942827,0.0024100586,5.8775076e-05,-0.15906304,-0.012140173,-0.037001777,0.030184055,0.0630499,-0.057647333,-0.73704755,0.017259449,-0.06004258,-1.3156338
-0.56354004,0.0,0.053879414,-0.14396852,-0.015418726,-0.052500714,-0.9815113,-0.46265972,-0.036321394,-0.059987053,-0.00012669072,5.881296e-05,-0.040543888,0.032135457,-0.1005126,-0.20639388,-0.13304399,0.112254694,-1.2208495,-0.02786957,0.05547407,0.47062612
-0.20856617,0.0,-0.3688135,-0.06262354,0.07068368,-0.13773021,-0.1467269,-0.69958556,-0.0037344438,-0.04874025,0.003556071,5.8376707e-05,-0.10516672,-0.05143216,0.01746274,0.0027222754,0.009377778,-0.4167034,-0.20324166,0.0024324118,-0.08387569,-1.5140706
-0.2211338,0.0,-0.040175065,-0.008166831,0.013138734,0.046229105,0.24116474,-0.07317377,0.021046104,-0.021151938,0.0053185984,5.8818776e-05,-0.16245016,-0.063163966,-0.07207465,0.030843522,0.05527419,-0.01618198,0.23730375,-0.0037422222,-0.03678882,-1.0819353
-0.4788245,0.0,0.047149863,0.018048055,0.0006164552,0.028024422,0.010180975,0.03735209,0.007046857,0.039757583,0.005501022,5.8818776e-05,-0.07215625,0.006843059,-0.012393651,-0.01638534,0.01061743,0.10227854,0.00760958,0.0049941475,0.036393512,0.62949663
-0.36772126,0.0,0.07828076,-0.014758046,0.032763164,0.038868003,0.41478893,0.07484861,0.032153293,0.009063154,0.0044184336,5.880351e-05,-0.095800206,0.0140561545,0.06554908,-0.024901178,0.035081428,-0.02492903,0.4262605,-0.022306455,0.1832138,-0.33325025
-0.31248617,0.0,-0.27249888,-0.04958462,-0.034040745,-0.02551533,-0.38534796,-0.20246458,0.0082427785,-0.045337815,0.005105827,5.8729853e-05,-0.023557663,-0.06753256,0.002532187,-0.08757588,-0.14508829,-0.18711303,-0.701929,-0.0143454885,-0.15655954,-1.4745661
-0.28238562,0.0,0.056553867,0.03099016,-0.1369097,0.029702386,-0.025891,0.066589355,-0.028464038,0.0042699547,0.0072288737,5.916015e-05,-0.066375606,0.0047081965,0.027331658,-0.034871202,-0.07940924,0.04549738,-0.026005218,-0.011109784,-0.16998078,-0.57427365
-0.090773374,0.0,-0.34516084,0.0046221847,0.056483988,-0.34529424,0.107560724,0.031121498,0.013214058,0.009927934,0.0018975949,4.278738e-05,-0.055050723,-0.091059215,-0.19339484,-0.21091668,-0.29840958,-0.41134816,0.017758725,-0.011406394,-0.098214574,-1.2556663
-0.16641614,0.0,-0.27913624,-0.021440974,-0.07136217,-0.042048268,-0.21412298,0.02110471,0.025530862,-0.04599403,0.0006181955,5.8525944e-05,0.04911796,-0.017793667,-0.20620993,-0.16987722,-0.2914152,-0.2726339,-0.13687055,0.022535624,-0.14362621,-1.4555817
-0.40980798,0.0,0.048429716,0.018136699,-0.079931736,0.0017956203,-1.0126808,-0.029589897,0.014003182,-0.060485072,0.00364133,5.902269e-05,-0.047574393,0.0067262244,-0.040288135,-0.15984699,0.03617639,0.09262644,-1.379276,-0.05064185,-0.14028552,0.38724193
-0.0456393,0.0,-0.28291434,-0.028011503,-0.18368167,0.020747712,-0.12701595,-0.17804462,0.011439055,-0.054853573,-0.016446257,5.8729853e-05,0.1452862,-0.08452785,-0.20240368,-0.08678369,-0.2208789,-0.20298435,-0.17672202,0.020304384,-0.1362082,-1.397463
-0.4988812,0.0,-0.09175311,-0.07386422,0.112911895,-0.18693492,-0.1349386,-0.17691348,-0.007109641,-0.033824038,-0.0003528549,5.881296e-05,0.121907406,0.0871956,0.0043250453,-0.068730734,-0.1100197,0.06789649,-0.17047502,0.0008163847,-0.03103586,-1.0483618
-0.69088924,0.0,0.044827897,-0.017817961,0.036100555,0.0065958784,-0.08134897,0.03866645,0.030785706,-0.057153713,0.007482833,5.881296e-05,0.109925136,0.03569117,-0.025129871,-0.023405934,0.014692239,0.03457197,-0.062016115,0.025846679,0.03807141,0.24248867
-0.625325,0.0,0.058942858,-0.046652943,0.016100511,-0.040450867,-0.03769575,-0.045565456,0.028846627,-0.070369326,0.0039565996,5.8376707e-05,-0.013190135,-0.06102875,0.003406762,0.011115777,-0.004082525,0.09671136,0.01791167,-0.04044162,0.012457389,0.44857126
-0.78651077,0.0,0.06660006,-0.05017305,0.005390415,0.08495293,-0.011194542,-0.23291196,0.010730704,-0.0681649,0.005220364,5.860905e-05,0.08506953,0.037670255,-0.043779135,-0.061743885,-0.08768321,0.09777698,0.02599306,0.022896444,0.047557324,0.46541825
-0.79629856,0.0,0.060046133,-0.09523049,0.033193506,0.046742577,-0.22499381,-0.037224527,0.012903588,-0.068902485,0.005182961,5.881296e-05,0.097037435,0.029527392,-0.06743311,-0.070408866,-0.08111508,0.18094182,-0.4572468,0.015886677,0.04951415,0.70872074
-0.4085517,0.0,0.043537263,0.027092606,-0.10879674,-0.017523348,0.20357189,0.13953678,-0.00684665,-0.042592328,0.004678887,6.784244e-05,-0.035032146,-0.07853876,-0.15279503,0.045019303,-0.076743506,-0.2196795,0.24716379,-0.089234896,-0.102980256,0.28376842
-0.12997243,0.0,-0.037171476,0.01670475,0.06180347,0.045809235,0.035049763,0.16540417,0.0009933421,-0.026923195,-0.00020844536,5.8376707e-05,0.07675615,0.067365654,0.07273762,0.02438392,0.073732436,-0.112844124,0.36057445,-0.016395535,-0.05665584,-0.7347398
-0.74862474,0.0,0.06641489,-0.050954513,0.021342827,-0.07603616,-0.11861185,-0.19851664,0.01960511,-0.06488928,0.004081035,5.8828227e-05,0.06974782,0.0024549344,-0.06452805,-0.015846303,0.019546896,0.10189929,-0.4460585,0.013581431,0.015442418,0.4806128
-0.60449004,0.0,0.08477559,-0.019608038,0.011704125,0.090791024,-0.037293043,-0.17133418,-0.031876497,-0.029311582,0.0052717007,5.8818776e-05,-0.07525001,0.0053913756,-0.012000145,-0.0026364527,-0.006636922,0.10749315,0.0145615935,0.021750957,0.2734651,-0.4666526
-0.48921645,0.0,0.032711092,0.0429114,-0.032094743,-0.023789154,-0.02059168,-0.0052928566,-0.03318661,0.0014526353,-0.031540908,5.902269e-05,0.13293177,0.012385102,0.02361148,0.031449143,0.027962655,-0.007779433,-0.033978652,-0.04519391,-0.0008515266,0.54607075
-0.2765694,0.0,-0.25838816,-0.01816949,0.002595311,0.05854424,-0.02941493,0.115853876,0.012624584,-0.039488923,0.004641079,5.8828227e-05,-0.04235401,-0.04315741,-0.06226492,0.047089424,-0.117635846,0.068968445,-0.058105145,-0.036750913,-0.12287519,-1.2257665
-0.31010845,0.0,-0.25641775,-0.0697245,0.08619544,-0.0499523,-0.6423559,-0.7525034,0.0002904904,-0.040319867,-0.014575442,5.8580616e-05,-0.14997774,0.029493203,-0.03629584,0.09851574,0.028291097,0.11088277,-0.73347396,0.026935892,-0.14285184,-1.2581385
-0.26552585,0.0,-0.36153352,-0.07742213,0.055265818,0.011389993,-0.17006166,-0.6677047,0.0039142445,-0.050684836,0.0032237624,5.8729853e-05,-0.10663522,-0.020434825,0.01228699,-0.052245364,-0.004098016,-0.43644324,-0.20700999,0.004879571,-0.07469769,-1.6527216
-0.2967212,0.0,-0.4305457,0.14562319,-0.0905209,-0.021436488,0.0066790837,-0.2750217,0.13599683,-0.02698625,0.003319733,5.8720405e-05,0.069993965,-0.020163974,-0.016025435,-0.06917094,-0.19412152,-0.348102,0.06781915,-0.038472775,-0.07128057,-1.5273051
-0.330116,0.0,0.04892034,0.032126978,-0.033417452,-0.004877502,0.14514951,0.14128484,0.036674608,0.04411254,0.0041420786,5.9218237e-05,-0.04384274,0.0016772563,-0.042981002,0.06338536,-0.08866373,-0.025127482,0.2156488,-0.04324898,0.03429983,0.52805793
-0.5421621,0.0,0.048254374,-0.0065612947,0.011606278,0.023675114,0.33706704,0.021614973,-0.022824291,-0.023529926,-0.03709494,5.8818776e-05,0.06597297,0.0062675592,-0.020250412,-0.042309493,0.004943765,0.044973504,0.33082956,0.025855921,0.023186475,0.29487294
-0.12740213,0.0,-0.5450406,-0.03181812,-0.19504836,-0.037134778,0.224089,-0.02480933,0.011184927,-0.061658848,-0.018821131,5.89254e-05,-0.022868762,-0.056269366,-0.2920765,-0.1229256,-0.3122302,-0.22110401,0.22557531,0.021549199,-0.03309602,-1.4644265
-0.36103517,0.0,0.040096395,0.044079922,-0.1711947,-0.03453619,0.11187922,0.15367067,-0.012265324,-0.013791085,0.0020486375,5.9218237e-05,0.1577603,-0.2140906,-0.080090694,-0.08805431,-0.100681774,0.032077678,0.22687672,-0.049880918,0.02870038,0.50728
-0.6283907,0.0,0.039201792,0.0063757943,-0.043353777,-0.022372195,-0.71026886,0.07587938,0.008604371,-0.062233765,0.0017257382,5.8775076e-05,-0.04814862,0.00086714694,-0.06800105,0.026840383,0.027254859,0.16513202,-1.0095514,0.06500158,0.0504092,0.6248137
-0.16904216,0.0,-0.43172225,0.0235988,-0.08239122,-0.05354611,0.2190332,0.08772826,-0.028880958,0.016579088,0.004350382,5.9119862e-05,-0.075114936,-0.048715778,-0.27572247,-0.07778942,-0.28671888,-0.3002576,0.23419435,0.008354607,-0.0799206,-1.452023
-0.34020025,0.0,0.039955225,0.0408293,-0.012876334,-0.02497624,0.15422362,0.31071797,-0.11923673,-0.03076157,-0.01069485,5.9218237e-05,0.20596415,-0.05717831,-0.12810105,-0.007860429,-0.21047516,-0.085195735,0.31181365,0.0013445701,-0.13560867,0.26736817
-0.6866738,0.0,0.06174345,-0.051464956,-0.01681625,-0.037305534,-0.1729137,-0.40706056,0.023610882,-0.065958865,0.002197058,5.8580616e-05,0.06550365,0.010615022,-0.0073335124,0.036498774,0.013480664,0.18096143,-0.50751,-0.017096614,0.03117368,0.47985527
-0.6039736,0.0,0.050067414,-0.01994691,0.020425549,-0.031091403,-0.03682028,0.060695853,0.022651758,-0.039121732,0.005360257,5.860905e-05,0.035325143,0.018499747,-0.0057621677,-0.03404076,0.011018067,0.06905373,0.03782794,0.0388365,0.032971736,0.29334784
-0.61272854,0.0,0.089734346,-0.021182481,0.017947141,0.07933485,-0.13880368,-0.17204016,-0.026507284,-0.027329214,0.00431905,5.8818776e-05,-0.06733788,-0.009646721,-0.014425038,-0.046923563,0.023072522,0.019800143,-0.043844923,0.014547913,0.21792445,-0.52397317
-0.46183735,0.0,0.034204505,0.04070752,0.007541747,-0.024175348,-0.011095309,0.06567942,-0.025616122,-0.024702698,0.0043355003,5.8818776e-05,-0.0545037,0.0065632346,-0.119265765,0.027994692,-0.0858575,-0.076800294,0.027503107,-0.06723572,-0.15612933,0.25014016
-0.59184265,0.0,0.045475513,0.020407706,-0.014722197,0.0013137929,-0.2476724,0.03320683,0.0042574606,0.021924427,0.003915607,5.902269e-05,-0.019275384,0.0097660255,-0.07313601,-0.115212046,0.026220003,0.15558147,-0.52880704,0.01992421,-0.07203887,0.63003147
-0.2252856,0.0,-0.4613488,-0.08620133,0.021217968,-0.09653171,0.33447585,-0.41573766,0.011182068,-0.04678657,0.0030670443,5.89254e-05,-0.11177349,-0.02158852,-0.04997158,-0.03947535,-0.15070373,-0.35557765,0.124789335,0.0009786244,-0.09091445,-1.5125012
-0.35758162,0.0,0.03737101,0.042973652,0.06326606,-0.014640465,0.009723879,0.22669287,0.0069393506,0.032164425,0.0029230292,5.8818776e-05,-0.05314865,-0.05607245,-0.10185235,0.044002816,-0.08723191,-0.094633706,0.045409985,-0.036952104,-0.12292272,0.3191274
-0.35944924,0.0,0.050704487,0.05611675,-0.13320276,-0.004007154,0.113973014,0.06302922,-0.015372402,0.03091094,-0.018020537,5.9218237e-05,-0.040024456,-0.15712102,-0.026645368,-0.054476626,-0.078850105,-0.043376125,0.21153165,-0.098868676,0.018102964,0.54300505
-0.22293875,0.0,-0.47599453,-0.06907748,-0.015670061,-0.05277826,0.2645791,-0.7789023,0.00064826984,-0.027054608,0.0028502156,5.8776168e-05,-0.16977464,0.002804602,-0.048622373,-0.034345154,-0.048891842,-0.3332477,0.27814215,-0.0049215066,-0.079005204,-1.5724982
-0.29486832,0.0,-0.30530423,-0.062442146,-0.014786081,-0.0017945652,-0.44768265,0.010347543,0.017892394,-0.008715822,0.0032117784,5.8729853e-05,0.06623495,-0.06811641,0.0067127803,-0.046309754,-0.094124764,-0.16297568,-0.65202355,0.010529085,-0.08071529,-1.3514407
-0.3863996,0.0,0.04221231,0.04178052,-0.062080383,0.0001115066,-0.08734375,0.034526166,0.032819413,0.023989039,-0.0087573035,5.8818776e-05,-0.039234046,0.012966952,0.0060965163,0.05281139,-0.0447481,-0.06761096,-0.05103411,-0.060550265,-0.15862995,0.18032892
-0.23602302,0.0,-0.33855873,-0.0072915545,-0.05825208,0.012907415,-0.7499174,0.15579166,0.0028374607,0.015222216,0.0027156158,5.8924314e-05,-0.13724278,-0.057189927,0.024216853,0.047814403,-0.0004349309,0.05267218,-0.5963541,-0.0074236314,-0.13118172,-1.3745633
-0.4525689,0.0,0.05918123,0.020423522,0.011519578,0.014408093,0.0065293,0.08827965,5.7852667e-05,-0.03222146,0.004362837,5.902269e-05,-0.034260437,0.019702427,-0.062357,-0.038901616,0.04413263,0.12524593,-0.009983843,0.02630819,0.05526585,0.6396641
-0.36314407,0.0,0.044539783,0.028489444,0.0389979,-0.018051352,0.20052123,0.25401714,-0.02873914,-0.03208912,0.0038114002,5.8818776e-05,-0.053820904,-0.11346455,-0.16048487,-0.015291034,-0.07365454,-0.10078366,0.40081155,-0.06648137,-0.10478481,0.3917327
-0.25371376,0.0,-0.31011045,0.12414059,0.035962116,-0.0050798403,0.43027884,0.08494921,-0.009809997,0.0012590692,0.0059728133,6.814353e-05,-0.07541868,-0.005038918,-0.1373203,-0.085945666,-0.23340933,-0.27533874,0.16676514,-0.050732277,-0.046347804,-1.2841961
-0.46665812,0.0,0.048264023,-0.003369393,-0.018413486,0.007703237,0.2255196,0.060175978,-0.06329218,-0.017440615,-0.038358916,5.8818776e-05,0.00019849419,0.0024873847,-0.015718706,-0.021127785,0.02004308,0.032032523,0.26504597,-0.08358768,0.02154876,0.470559
-0.17379326,0.0,-0.33322644,-0.043137297,-0.08087718,-0.055802338,-0.06363689,-0.089031145,0.013788739,-0.034553014,0.0039900052,5.8624315e-05,-0.07561357,-0.14747141,-0.021191433,-0.0074866028,-0.20916171,-0.41815382,-0.06948576,-0.048212394,-0.08416453,-1.5620563
-0.47431892,0.0,0.058695983,-0.013054795,0.013653557,-0.0056438283,-0.04053338,0.029485285,0.027196653,-0.049934417,0.0037655786,5.8828227e-05,0.0094687855,0.012409931,0.0200185,-0.041738633,0.022481624,0.10826262,-0.0054731797,0.01605508,0.037146736,0.73893166
-0.55639005,0.0,-0.030725121,-0.07250217,0.03403172,-0.092903666,-0.26884174,-0.6800102,-0.010183787,-0.027902797,-0.0038139604,5.900742e-05,-0.17170481,0.08503077,-0.08588406,-0.019247402,-0.056502078,0.16615844,-0.44895542,0.010590317,-0.026050586,-1.3361727
-0.22096008,0.0,0.05344951,-0.014458438,0.013593487,0.03608705,-0.2590957,0.06317774,-0.021065537,-0.061700013,-0.029670754,5.896569e-05,0.14946178,-0.00016336527,0.059828788,0.044254355,0.013631962,0.063121125,-0.03757311,0.015205797,-0.21898648,-0.65472347
-0.6352512,0.0,0.050212156,-0.011310534,0.01672209,-0.009293192,-0.09267381,0.032570243,0.025993314,-0.046662968,0.0040905,5.8624315e-05,0.025271967,0.011405493,-0.0032890213,-0.017538456,-0.0021191528,0.080528885,-0.047986224,0.019879496,0.045611948,0.69176185
-0.48153037,0.0,0.030687982,-0.0074709593,0.03215384,0.027974991,0.038320802,0.027406644,0.034460735,-0.05310614,0.0072592506,5.8729853e-05,0.14958431,0.02387175,0.01292295,0.061233338,0.027447337,0.11265118,-0.01642014,0.011499231,-0.002462438,0.62445766
-0.12453105,0.0,-0.2200113,-0.08526109,0.06452348,-0.12882194,-0.12292677,-1.0332987,0.028367564,-0.047839433,-0.013892245,5.8580616e-05,-0.1981429,0.07051017,0.026260938,0.042510714,0.064699546,-0.37704906,-0.17640568,-0.033566993,-0.08384187,-1.5001222
-0.27554303,0.0,-0.05842964,-0.04427072,0.0048334477,0.041020345,-0.36245131,-0.68971837,0.01831096,-0.046666034,0.0058331722,5.8775076e-05,-0.13861392,0.021373803,0.010160041,0.032613754,0.03663548,-0.011643254,-0.66376555,-0.014051457,-0.0676909,-1.3907464
-0.24369642,0.0,-0.28913933,-0.05223012,0.011588642,-0.056309916,-0.976378,-0.67622125,0.022970106,-0.01924714,0.0040886886,5.8828227e-05,-0.037708793,-0.018683337,-0.024639748,-0.03393496,0.045222305,0.10305918,-0.91216445,-0.005774559,-0.18415187,-1.1005586
-0.19715853,0.0,0.014196134,-0.046507426,0.03762916,-0.01157493,0.40494958,0.10108023,0.033147756,-0.014847383,0.002558693,5.8776168e-05,-0.08360805,0.07092595,-0.009055722,0.028214637,0.11720674,-0.28415605,0.3237156,-0.0065830774,-0.028083658,-0.9400701
-0.17778315,0.0,-0.45043302,-0.082271755,0.03862285,-0.10271685,0.28725627,-0.82370394,0.0033585061,-0.042464204,0.0028697841,5.8776168e-05,-0.21763708,0.03797025,-0.019927356,-0.036764972,-0.043094106,-0.30293655,0.2514754,-0.0063491226,-0.09009887,-1.5405042
-0.67160726,0.0,0.06254712,-0.12968527,-0.11092717,0.0028101667,-0.08990866,-0.53740615,0.013249636,-0.07244756,0.0035443094,5.881296e-05,0.033300377,0.04466016,-0.07640971,-0.09209596,-0.15133461,0.08570084,-0.06738643,0.0052713286,0.040857647,0.61783504
-0.16059914,0.0,-0.34501547,-0.023202246,-0.10611235,-0.06383608,-0.10389058,0.022842009,-0.031045455,-0.010556445,0.0034598962,5.8720405e-05,-0.059105,-0.028373556,-0.17561713,-0.1403448,-0.28769815,-0.37068513,-0.08113741,-0.008250777,-0.13941744,-1.5250373
-0.4633019,0.0,-0.017759841,-0.071791396,0.09073566,-0.03230807,-0.33661675,-0.720719,-0.013041648,-0.04310133,-0.015932642,5.881296e-05,-0.18133421,0.06765257,-0.033420973,-0.014337245,-0.07351122,0.13673978,-0.39241722,-0.037655342,0.017223123,-1.2757202
-0.19982982,0.0,-0.06782654,-0.074074715,0.061116632,0.018154819,-0.20999888,-0.2029404,0.0013658454,-0.035524517,0.000792809,5.8376707e-05,0.10985479,0.05966278,0.013759849,0.02398903,0.064731084,-0.3601224,-0.12763251,-0.013311779,-0.047061577,-1.1802094
-0.15523861,0.0,-0.3548956,-0.061370187,-0.3803585,-0.07252461,-0.018824836,-0.20553201,0.0111321965,-0.11253601,-0.022039434,5.8525944e-05,0.20133995,-0.066511825,-0.19710322,-0.18518108,-0.32058126,-0.3124693,0.1398657,-0.0040217065,-0.15796967,-1.3520252
-0.16386917,0.0,-0.32967302,-0.073660515,-0.23221159,-0.087761916,-0.019204473,-0.014887825,0.031539153,-0.13513874,0.0012683885,5.8525944e-05,-0.006638872,-0.0482041,-0.2338031,-0.14295894,-0.27781504,-0.36700982,0.039063,-0.005835991,-0.15955862,-1.4111362
-0.30119306,0.0,0.04782457,-0.0052218568,-0.18592773,-0.036223564,-0.16239963,-0.03464668,0.010978929,-0.013439564,-0.043836426,5.916015e-05,0.00041553832,-0.003736202,-0.148497,-0.10463962,-0.18003392,-0.09111842,-0.16897812,-0.0034406278,-0.24773404,-0.75555056
-0.35990265,0.0,0.07311843,-0.02769969,0.01173356,-0.17626263,-0.7188945,-0.008257554,0.025614837,-0.037361648,0.00097553997,5.881296e-05,-0.024270022,0.038627945,0.045295008,-0.07686142,0.03726171,0.0135318525,-0.85178643,-0.0077329525,0.16795823,-0.53145236
-0.14662802,0.0,-0.21011207,-0.019274475,-0.19021107,-0.03149814,-0.16534391,-0.036382776,-0.003803928,-0.070091315,-0.021026606,5.8729853e-05,0.22522324,-0.08187564,-0.21179812,-0.076711066,-0.2771634,-0.32085148,-0.21996893,-0.02107262,-0.14426588,-1.3875278
-0.45287716,0.0,0.054334205,-0.010678116,0.0061993906,-0.004976884,0.0039176764,0.037404787,0.055150583,0.047863312,0.004778506,5.8818776e-05,-0.07898599,0.009916023,-0.010752111,-0.035655502,0.021081096,0.08827288,0.018374898,-0.030529918,0.0369559,0.7132399
-0.5488776,0.0,0.067564204,-0.01684033,-0.0009742091,-0.027148314,-0.02665899,-0.20912002,-0.023668416,-0.0538049,0.0046673613,5.880351e-05,-0.03995071,-0.016775573,0.0055018943,-0.049602773,0.008929368,0.1380351,0.06768484,0.030590395,0.030177303,0.82048595
-0.32127303,0.0,0.054910168,-0.013766045,0.014420397,-0.037334483,0.358001,0.074285686,0.023721794,-0.015066838,0.0059264745,5.920297e-05,-0.019921146,0.01279332,-0.0013830373,-0.049054258,-0.08485877,0.11389248,0.2927376,-0.033097632,0.05152636,0.53841513
-0.37537926,0.0,0.03767342,0.039938107,-0.10374706,0.0141704595,0.20595866,0.13667217,-0.11611905,-0.027554438,0.0019290259,5.8818776e-05,0.25496343,0.008782384,-0.026899766,-0.05340043,-0.08233715,0.027781835,0.15843485,-0.087952495,0.031933025,0.53506476
-0.13729309,0.0,-0.26569244,-0.041006133,-0.10139081,-0.05509167,-0.17736864,-0.16142283,0.03129474,0.015953096,0.0028328134,5.8924314e-05,-0.07247486,-0.011720438,-0.1971958,-0.0072016683,-0.22982144,-0.37301725,-0.20297544,-0.01294614,-0.13500234,-1.4257562
-0.319096,0.0,-0.29729727,-0.015490222,-0.039224196,-0.0050940057,-0.44553536,-0.10523632,-0.008568607,-0.026642328,0.0020757362,5.8924314e-05,-0.1292496,-0.037398282,-0.021449793,0.039646637,-0.012559237,-0.11949072,-0.6958073,-0.044448443,-0.0681117,-1.4650655
-0.47913262,0.0,0.045476194,0.02938613,-0.00044125647,0.02747188,-0.050063252,0.058176,0.054363348,0.046505008,0.0055234567,5.8818776e-05,-0.053880576,0.0078100353,0.00842661,0.060009878,0.01166916,0.106937245,0.024916334,0.027133618,0.023154946,0.6594245
-0.35284212,0.0,-0.37076727,-0.0538218,0.023304395,-0.0021253964,-0.5376581,-0.64668095,-0.018849295,-0.023611981,-0.0091818385,5.8775076e-05,-0.17480667,0.039962005,-0.008052755,0.023073874,0.027854078,-0.124622226,-0.7007896,-0.007215591,-0.08418081,-1.6498791
-0.26029357,0.0,0.04323816,0.004287385,-0.008318926,-0.01383779,-0.9969328,0.025855793,0.0077282498,0.05045833,0.004750893,5.902269e-05,-0.061106823,0.007948482,0.01165297,-0.11768732,0.04341681,0.11787951,-0.27113345,-0.018339844,-0.119344525,0.60753983
-0.22119679,0.0,-0.3472636,-0.075735904,-0.06389939,-0.07398196,-0.22299829,-0.67228997,0.0022617509,-0.049022127,0.003067646,5.8580616e-05,-0.0928304,-0.02155844,-0.249346,-0.07742162,-0.11910891,-0.37651235,-0.19873631,0.012026026,-0.100094594,-1.6594696
-0.54013574,0.0,0.051220756,-0.015768286,0.020615533,0.046139896,-0.050600994,-0.04756349,0.027989991,-0.040023994,0.0048348177,5.881296e-05,-0.017867256,0.03025878,-0.030205857,0.007827359,0.054303985,0.15151252,-0.042871825,0.025286425,0.06119907,0.7207859
-0.25293362,0.0,0.083844006,-0.07819214,0.018533299,-0.035335537,0.47563747,-0.060669918,0.028482977,-0.04453679,0.00049491966,5.8776168e-05,0.30520636,0.025596937,-0.059394546,-0.08692677,-0.16407353,-0.20855567,0.4035517,0.019343775,-0.020028723,-1.072328
-0.55733925,0.0,0.043887373,-0.00025250026,-0.08722928,0.01841663,-0.008019449,0.09306081,-0.06725511,0.039866302,0.0058569177,5.902269e-05,0.02407564,0.022896595,0.017406415,0.05649827,0.021823732,0.1357633,-0.47590646,-0.023036124,-0.0015712858,0.61952835
-0.18537179,0.0,0.026310189,-0.005759333,0.03641455,0.037527487,0.2819961,0.24506724,0.017500542,-0.0048116734,0.0018317525,5.9218237e-05,-0.07540921,-0.07162261,0.12743533,0.023202382,0.15707903,-0.13456658,0.449057,0.0056061815,-0.028264314,-0.7983539
-0.4670027,0.0,0.03740867,0.01802534,0.0057079913,0.012412095,-0.20198977,0.028755305,-0.08333824,-0.04824535,-0.033653338,5.8828227e-05,0.20336488,-0.0047890106,0.024300028,0.056869768,-0.023105344,0.0832716,-0.29610476,-0.07102182,-0.18125339,0.21990032
-0.26268607,0.0,-0.3473089,-0.06519578,0.03317281,-0.0055159624,-0.6336386,-0.74719757,0.0020898418,-0.03419807,0.00357341,5.8580616e-05,-0.07649852,0.022199476,0.0029475428,0.017914986,0.018768517,-0.120635554,-0.6799589,0.025687601,-0.09273476,-1.5016412
-0.12010691,0.0,-0.42456317,-0.047600795,-0.3710253,0.047846235,0.019682381,0.07171685,0.0018904555,-0.091130614,-0.036419358,5.8828227e-05,0.0050454997,-0.2187881,-0.08108399,0.03609523,-0.27105185,-0.09372533,-0.17370307,-0.055157192,-0.075423315,-1.252177
-0.21325,0.0,-0.22530556,-0.064336546,0.02498857,0.025846431,-0.16765216,-0.01748546,0.006913264,-0.020156754,0.0032237624,5.8729853e-05,-0.070921734,0.0038733766,-0.002613865,-0.049366023,-0.114782244,-0.2601355,-0.15964407,0.020310245,-0.08150093,-1.3585526
-0.31901035,0.0,0.056270342,0.03860071,-0.021369228,-0.00057286135,0.13787043,0.011472319,0.014886274,0.022188101,0.005001787,5.9218237e-05,-0.07096592,0.002045228,-0.01959506,0.035346564,-0.004508165,-0.112070486,0.24716349,-0.060908332,-0.061724145,0.2689136
-0.21372366,0.0,-0.23958278,-0.012788804,-0.003991991,0.054878213,-0.010015268,0.10184732,0.0021131241,-0.03995848,0.0035968113,5.8828227e-05,-0.08070574,-0.06520495,-0.055669863,-0.03132199,-0.17106612,-0.0858167,-0.09369209,0.01176185,-0.14661027,-1.2675575
-0.6318608,0.0,0.06520009,-0.058024243,0.035813406,0.09532079,-0.09269173,-0.08404535,0.03217453,-0.059631314,0.005527009,5.881296e-05,0.074715324,0.040337343,-0.05142186,-0.038924642,-0.05859427,0.15070331,-0.084171474,0.016859056,0.0613648,0.47602528
-0.63913095,0.0,0.06196811,-0.057825636,0.03244119,0.023763727,-0.100077465,0.081520066,0.049750973,-0.01911849,0.0015126115,5.900742e-05,-0.020504694,-0.004167084,0.01200265,-0.03329392,0.0066991076,0.12543093,-0.32564524,0.07629825,0.031695545,0.4993239
-0.45813918,0.0,0.040468898,0.031553004,-0.030512854,0.00039168703,-0.6177791,0.007664704,-0.060074493,-0.047435556,0.0046974528,5.902269e-05,-0.020993728,0.01517891,-0.014969953,-0.1358595,0.010134322,0.12131376,-1.2672355,-0.10852164,-0.322399,0.0855187
-0.29183128,0.0,-0.02424,0.056500405,0.022058327,0.050910287,-0.056531064,0.4086436,-0.03675262,-0.06400679,0.0026705232,5.900742e-05,-0.040260773,0.04168675,0.012778682,0.028980512,0.23713939,0.13040653,-0.034113485,-0.020700824,-0.0053421194,-0.81344044
-0.16336283,0.0,-0.03066863,-0.060691085,0.023981227,-0.02685161,-0.00045749085,-0.33886996,0.026664462,-0.007874773,0.0049708555,5.8775076e-05,-0.16708018,-0.07917961,0.00875716,0.019007348,0.06993541,0.04415356,-0.04182414,-0.018044163,-0.061086692,-1.2684137
-0.50930727,0.0,0.035372376,0.005869129,-0.26202995,-0.008510192,-0.12464083,0.050179772,-0.05241428,-0.10128074,0.005871558,5.902269e-05,0.00091064797,-0.15316953,0.022491276,-0.13757929,-0.10372466,-0.06834087,-0.7156111,-0.19166239,-0.22699568,0.18304224
-0.45717764,0.0,0.051326603,0.008970697,-0.008567635,0.00875579,0.16222365,0.027315628,-0.040080182,0.018884862,0.0047748466,5.8818776e-05,0.03204165,0.026752992,-0.021059575,-0.0025393872,-0.01738389,-0.033461742,0.27705127,0.006185732,0.0020400211,0.25808543
-0.2803257,0.0,0.045091953,0.052127793,0.03267757,-0.035787296,0.17764118,0.08471425,-0.00819656,0.014223121,-0.018457377,5.9218237e-05,-0.07632629,-0.08766395,-0.10775547,-0.059901845,-0.099594995,-0.14524415,0.23008329,-0.08506319,-0.1068883,0.31436992
-0.45682094,0.0,-0.07557333,-0.07430422,0.016517537,0.030809084,-0.14315476,-0.5100312,-0.005860663,-0.028825838,-0.0010329616,5.881296e-05,0.1059023,0.058363657,-0.016098537,-0.035582438,-0.038542498,0.03835707,-0.08208936,0.011209546,-0.056706212,-1.1441923
-0.6954175,0.0,0.0448366,-0.1532687,0.021334067,-0.100387655,-0.27295977,-0.13822125,0.021894975,-0.092024796,0.0044749565,5.8580616e-05,0.055669125,0.032422554,-0.08416208,0.05607541,-0.028476296,0.14589062,-0.53516906,-0.004143541,0.03891505,0.70404154
-0.2821828,0.0,-0.3535765,-0.049337655,0.02618256,-0.024087172,-0.3884896,-0.81885684,-0.020538095,-0.034693453,0.0030526614,5.8775076e-05,-0.17895748,0.017309714,0.0064819586,-0.016752379,0.008201675,-0.07082639,-0.71865505,0.013518142,-0.07745903,-1.6465584
-0.58660287,0.0,0.06042641,-0.016816715,0.017500237,-0.02485137,-0.34161466,-0.127396,-0.0062657003,-0.048893023,0.0017454898,5.8924314e-05,-0.09163761,0.00075126666,-0.0023436774,0.06709776,0.023527147,0.1594609,-0.41213542,-0.03921019,0.049065743,0.79248273
-0.2757387,0.0,-0.37492678,-0.02086343,-0.0032176138,-0.12697713,-0.57695025,-0.36164296,0.0036302092,-0.060275413,-0.0041532535,5.8924314e-05,-0.12483588,-0.08250726,-0.024022985,-0.010974457,-0.09470958,-0.053260904,-0.6379765,0.020757416,-0.107682735,-1.5069302
-0.40063864,0.0,0.037569594,0.044872247,0.064501755,-0.021443566,-0.006538155,0.05960571,-0.022845475,-0.042511676,0.0038162512,5.8818776e-05,-0.031906094,-0.03463628,-0.09865463,-0.04747067,-0.089494266,-0.11726872,0.056276508,-0.09185992,-0.18786137,0.23636924
-0.35455334,0.0,0.05139555,0.038828056,-0.005046269,0.004452792,0.2710089,0.011187718,0.0045835776,0.02434124,0.006211963,5.8818776e-05,-0.11033476,0.005362156,-0.008766257,0.028564226,0.0064964634,-0.09540168,0.16901702,0.017663354,-0.062175848,0.29911676
-0.35500365,0.0,0.045590498,0.049002968,-0.110335566,0.0008115627,0.19299582,0.109302275,-0.031579446,-0.020944659,-0.020467222,5.8818776e-05,0.007242745,0.009478747,-0.031654425,-0.010685667,-0.07282749,0.029260067,0.1981445,-0.044804383,0.014843616,0.49301735
-0.6349616,0.0,0.08230712,-0.018201126,0.022582911,0.0029565734,-0.2839081,-0.17686611,-0.022387138,-0.0837509,0.0047216113,5.902269e-05,-0.06273323,-0.0103364,-0.013079966,-0.005434613,0.014237182,-0.003413088,-0.6078632,0.024938807,0.20155004,-0.7196081
-0.46660605,0.0,0.02151783,-0.007108547,-0.010046316,-0.004317931,-0.9786232,-0.107520714,-0.10283194,-0.049392644,-0.011607519,5.8828227e-05,0.1671058,0.019557547,0.0048760166,-0.04254021,0.028598508,0.026560295,-1.3436999,-0.039881185,-0.1335968,0.33881682
-0.34511164,0.0,-0.07825866,-0.071301304,0.082912795,0.03565195,-0.17863037,-0.32660428,-0.0168708,-0.039838515,-0.00095062604,5.8376707e-05,0.19714831,0.060600184,0.009804201,0.018650325,0.08715249,-0.16744545,-0.14786726,0.009270654,-0.050492473,-1.0667336
-0.47590974,0.0,0.033008672,-0.02339357,0.01579905,-0.003800392,-0.6883136,0.061674807,0.030883592,-0.06450161,0.007675492,5.881296e-05,0.12292254,0.036210146,0.0048648147,-0.029626058,0.034452364,0.114261754,-0.32081294,0.03000653,0.062473997,0.3532485
-0.35670793,0.0,0.0768143,0.02192617,-0.010430419,8.819088e-05,-0.19825363,0.08608752,0.026211722,-0.0034834484,0.0046090344,5.916015e-05,-0.0067760274,-0.009734746,0.049719945,0.023734694,-0.039648525,-0.024778178,-0.36592495,-0.02541845,-0.16572507,-0.6160968
-0.49895892,0.0,0.061671916,-0.0016085149,-0.021025758,0.068616316,-0.030998545,0.10235914,-0.02259197,-0.014621165,0.004701442,5.880351e-05,-0.077394776,-0.008200455,0.023459142,-0.010375572,0.11907237,0.020166941,0.10190407,0.030440046,0.25770193,-0.39291084
-0.36265615,0.0,0.05097085,0.05433396,-0.15396456,0.0016656592,0.13315523,0.22920905,-0.024570597,-0.017358515,-0.024871742,5.9218237e-05,0.005894356,-0.030441154,-0.023479773,-0.0012373262,-0.07839828,-0.08643256,0.25768292,-0.08085568,0.0283668,0.52949363
-0.66287965,0.0,0.059018698,-0.032910343,0.018879177,0.09783539,-0.21978816,-0.36497462,0.026346492,-0.07029546,0.0033634286,5.881296e-05,-0.02931514,0.05836603,-0.058437183,-0.042603556,0.0020197625,0.16126609,-0.51896334,0.016419245,0.065822355,0.44288322
-0.4330432,0.0,0.06634189,0.0016084209,0.006775205,0.034501188,0.013194871,0.08479267,0.017899767,-0.011455175,0.00408421,5.8818776e-05,-0.008580431,0.008907847,0.03673786,-0.003933616,0.046966217,0.11794454,0.040856563,0.012289208,0.011021065,0.5975094
-0.30257088,0.0,0.051239703,0.03049793,-0.17701417,-0.037168503,-0.120850414,-0.029146193,0.010388988,0.022365822,0.007137473,5.8956237e-05,-0.05129961,-0.0345702,-0.06542289,-0.109482326,-0.1455415,-0.12148028,-0.025654288,-0.023066444,-0.2537886,-0.75274706
-0.20143604,0.0,-0.4496753,-0.063249774,0.0066635944,-0.06772676,0.24128877,-0.805269,-0.036063064,-0.029077483,0.004204593,5.9119862e-05,-0.23033187,0.025463205,-0.030997923,-0.02825864,-0.070532724,-0.35163742,0.2410999,-0.017750131,-0.08152475,-1.6327931
-0.19567475,0.0,-0.3156569,0.007499834,-0.07481667,-0.029365048,-0.19802687,0.10319106,-0.020018501,-0.09251735,0.005012241,5.902269e-05,-0.01426164,-0.054454178,-0.15752487,-0.005707958,-0.21961777,-0.34881583,-0.21018067,-0.019481057,-0.0631804,-1.5244004
-0.63515455,0.0,0.08200745,0.092783965,0.007598603,0.08941326,-0.11613126,-0.13925435,-0.037964836,-0.109250285,0.0049558547,5.8818776e-05,0.039175868,0.00050021656,-0.06703834,-0.0007234176,-0.005958328,-0.01159097,-0.04577541,0.011513956,0.29203698,-0.47111684
-0.38059956,0.0,-0.084012836,-0.035908964,-0.016767193,0.009045504,-0.0536349,-0.9386151,-0.030860957,-0.14590815,0.0057046255,5.8818776e-05,-0.15177,-0.013558614,-0.008773481,-0.04909661,0.056512672,0.0021261263,-0.03786424,0.011259201,-0.07069643,-1.3794737
-0.36883104,0.0,0.06465339,0.009022459,0.04571824,0.039978333,-0.014043961,0.18601811,0.009888956,0.01611479,0.005336782,5.916015e-05,-0.05945121,0.01123578,0.050191395,0.04211692,0.06841234,0.03705866,-0.020359768,0.01591217,-0.13939653,-0.59208465
-0.15073699,0.0,-0.22593285,-0.071445875,-0.0025060321,-0.043397047,-0.18292713,0.09764345,0.019489937,-0.038423497,-0.0006736871,5.8580616e-05,0.05489094,0.045941077,-0.05513345,-0.12398183,-0.15846808,-0.37772784,-0.23163997,0.025385035,-0.08098245,-1.4069316
-0.34568018,0.0,0.049385756,0.036474343,-0.029828774,-0.008524396,0.11011996,0.104503475,0.013781511,0.04131318,0.0026493818,5.8818776e-05,-0.05073365,-0.03632063,-0.046470243,-0.05581883,-0.08717992,-0.016761882,0.19248202,-0.097126216,0.020180387,0.5675052
-0.42929024,0.0,0.046210553,-0.004179327,0.021553582,0.018918786,-0.07407595,0.07329445,0.037073433,-0.050168358,0.0027651198,5.8525944e-05,-0.00046058287,0.017469777,-0.004237358,-0.06303817,-0.03361314,0.030997923,-0.024859127,0.020751951,0.02156023,0.56504774
-0.18652481,0.0,-0.05368084,-0.018840745,0.025657898,-0.012545922,0.22859198,0.115304254,-0.0048627676,-0.009964701,0.0022563415,5.9119862e-05,-0.06402291,-0.05809417,-0.019585062,0.027997239,0.13099521,-0.33381015,0.32224444,-0.01724523,-0.042354107,-0.9938103
-0.43886843,0.0,0.052055307,-0.02929746,-0.029760318,0.020819468,0.16320752,0.00420516,-0.023379376,-0.15566598,0.004161528,5.920297e-05,-0.06376731,-0.033555154,0.033662226,0.017231263,0.010306289,0.072583675,-0.018730946,0.02476895,-0.001507015,0.25489885
-0.19324516,0.0,-0.28244206,-0.078864165,-0.068834655,-0.05015154,-0.15436581,0.028790083,0.02219204,-0.0662773,0.0010881098,5.8525944e-05,0.03239127,-0.06197553,-0.14189905,-0.110600375,-0.23266439,-0.43899977,-0.12754288,0.022979995,-0.08311099,-1.5366117
-0.3752826,0.0,-0.40150294,0.0070870724,-0.122811496,0.019300757,-0.056994304,0.11778656,0.019728106,-0.073571935,0.0039235167,5.902269e-05,0.011525979,-0.03412503,0.009306366,0.0824994,0.039507367,0.13219285,-0.35743648,-0.0493035,-0.05262229,-1.1590892
-0.2187224,0.0,-0.2294808,-0.04407458,0.001852493,-0.04501057,-0.19693482,-0.0020589952,0.0070181037,-0.0018274628,0.002852069,5.8720405e-05,-0.09382843,-0.00083299284,-0.045227185,-0.10655657,-0.1552745,-0.32704848,-0.13345933,0.013653089,-0.08125907,-1.5413253
-0.5602754,0.0,0.050142262,0.03286482,-0.007572446,0.008384517,-0.20691748,0.028055673,0.0061480356,0.032918803,0.0055066156,5.902269e-05,-0.051614057,0.010595346,0.025941776,-0.07219348,0.02339427,0.16952007,-0.45665273,0.026157323,-0.025425268,0.68010163
-0.39762896,0.0,0.050307225,0.065712176,-0.013724455,0.007170287,-0.35194257,-0.049756244,-0.021888366,-0.08294243,0.001425844,5.898889e-05,0.045618854,0.00529898,-0.050270498,-0.080405094,-0.06003593,0.027875954,-0.7596554,-0.041197862,-0.28522807,-0.74018514
-0.5075318,0.0,0.04893762,0.038076494,-0.034409173,-0.004020408,-0.034166012,0.07190314,-0.011810984,-0.034552526,0.0018289438,5.880351e-05,0.032620717,-0.031099912,-0.048484217,-0.088684835,0.06006629,0.09683182,0.0982111,0.01418589,0.043764602,0.63217205
-0.32386005,0.0,-0.076348156,0.026522756,0.024494542,0.035172954,-0.2589482,-0.22278328,-0.036883622,-0.097510196,0.0025444252,5.8571168e-05,-0.024968544,0.040365424,-0.0065972735,0.050754115,0.07008747,-0.39721596,-0.22402379,-0.036361776,-0.05305886,-1.234236
-0.25436425,0.0,-0.1085175,-0.023457494,0.04961032,0.037787497,-0.054613914,0.07157896,0.003958022,-0.018461201,0.0047421055,5.8624315e-05,-0.08597019,-0.045027744,0.022210661,-0.06372573,0.13397823,-0.14533801,-0.08409134,-0.015760383,-0.03650198,-1.0641546
-0.19697177,0.0,-0.2875503,-0.039137248,-0.0330091,-0.046618342,-0.16245742,0.06503994,0.0054033375,-0.039715063,0.003176961,5.8525944e-05,-0.05930529,-0.039742485,-0.14277197,-0.12005092,-0.24407485,-0.45318347,-0.096479736,0.015641613,-0.08276352,-1.591248
-0.48544964,0.0,0.08329804,-0.029033616,0.048010733,-0.021230692,-0.07932908,-0.21072847,0.035328653,-0.0103852805,0.00342273,5.8775076e-05,-0.09262179,0.027927926,-0.038867157,0.019469049,0.020126827,0.042283174,-0.10337597,-0.025066847,0.22799625,-0.595759
-0.19073214,0.0,-0.4097341,-0.07948825,-0.019029694,-0.06337079,-0.06389975,-0.18424977,0.004186136,-0.04059225,0.002388227,5.8525944e-05,0.020831054,-0.045538012,-0.013996744,-0.099691264,-0.2028327,-0.4444493,-0.093185075,0.01590099,-0.09459457,-1.5037395
-0.4448217,0.0,0.0908276,0.01806291,0.013678374,0.09246057,-0.045405358,0.087364875,0.019210074,0.0072092554,0.00481207,5.902269e-05,-0.05927374,0.0110997,0.028740495,0.01016257,0.015652193,0.059477143,-0.03370884,0.009324856,0.13369337,-0.5635449
-0.3539513,0.0,0.04360311,0.040161144,0.038515504,-0.017340738,0.19897254,0.2532381,-0.04149547,-0.04324163,0.0038114002,5.9218237e-05,-0.042456005,-0.1311023,-0.11894085,-0.011720358,-0.07391784,-0.13029721,0.2839488,-0.02790628,-0.10278555,0.3139504
-0.3790621,0.0,0.04762474,-0.0050679897,-0.04502367,-0.00788166,-0.28527924,0.025694927,-0.031923912,-0.015605393,-0.039073296,5.916015e-05,-0.028568802,0.0074988264,0.024357306,-0.09812417,-0.13506337,-0.089603215,-0.8303078,-0.032214195,-0.2950033,-0.74753875
-0.72879124,0.0,0.052022185,-0.15194643,0.01647258,-0.036496777,-0.119409606,-0.04990166,-0.010384731,-0.14150529,-0.01583462,5.881296e-05,-0.007830919,0.034054607,-0.074253514,-0.101166435,-0.009263832,0.04016004,-0.4432233,0.006133608,0.035603307,0.66058886
-0.6350264,0.0,0.08190745,-0.02196064,0.016438043,-0.03554267,-0.30120873,-0.10516676,0.031939723,-0.016414996,0.004883,5.900742e-05,-0.06460054,0.0011486434,-0.009021408,-0.03074465,0.0011485048,0.22086722,-0.59146106,0.01767431,0.32356372,-0.6313091
-0.11034381,0.0,-0.34333736,-0.056542758,0.06420202,-0.010629279,-0.07879638,-0.8965458,-0.0019012805,-0.023357201,0.0030959875,5.8580616e-05,-0.121960595,0.05573055,-0.02289486,-0.06539988,0.012121536,-0.40578443,-0.21945211,0.005864694,-0.083081506,-1.66957
-0.41439724,0.0,0.029351726,0.017240277,-0.054347727,0.018465267,-1.0531155,-0.07928527,-0.045600306,-0.061393026,-0.013673308,5.8828227e-05,0.13624679,-0.027821667,-0.026777243,0.030686416,0.010662378,0.08233661,-0.42135733,-0.052855387,-0.3235203,0.21778122
-0.49639115,0.0,0.01722305,0.017756013,-0.021870911,0.022387903,-0.5569974,-0.022573564,-0.08069884,-0.0467636,-0.03181278,5.902269e-05,0.11362814,-0.012202982,-0.01873842,0.026662963,-0.0053022928,0.121573254,-0.6017114,-0.10701102,-0.26642403,0.2246627
-0.63522065,0.0,0.03736152,-0.0058911256,0.019936945,0.001265085,-0.057065193,0.032229323,-0.028471854,-0.03148305,-0.026020035,5.8624315e-05,0.15500842,0.02272238,-0.021926364,-0.023102855,0.030903215,0.04990696,0.0937958,-0.015213071,0.06710354,0.6142783
-0.51607484,0.0,0.044863317,0.017660236,-0.12700479,0.0020616227,-0.021116419,0.032929275,-0.055502057,-0.08316579,0.005160788,5.8818776e-05,-0.06375445,0.008287374,-0.032064945,0.051918026,-0.05876836,-0.065266095,0.056728493,-0.040399984,-0.023431046,0.59770215
-0.58051467,0.0,0.07567158,-0.020798588,0.010519155,0.057864368,-0.16168389,-0.18167232,-0.022847446,-0.09037448,0.0013353828,5.880351e-05,-0.068297416,0.024228767,0.0037301288,0.018302236,0.041110642,-0.10946623,-0.08442864,-0.01364653,0.28936335,-0.49689832
-0.27920982,0.0,-0.27944252,-0.010848368,-0.010422241,0.0018489663,-0.49603584,0.074951,0.0017028537,-0.014678142,0.0038243253,5.8924314e-05,-0.12850739,-0.0377749,0.0041913725,0.037952732,-0.0028242674,-0.12408368,-0.6927735,-0.017201755,-0.06749469,-1.3894287
-0.13449147,0.0,-0.28220293,-0.016784322,-0.07624669,0.0360115,-0.009388868,0.12060277,-0.030114494,-0.0050666886,0.0029011664,5.8924314e-05,-0.08532888,-0.020995827,-0.20645012,-0.081906974,-0.24088551,-0.13619432,-0.13830778,0.014054048,-0.06808631,-1.4050559
-0.2831835,0.0,-0.35768756,-0.066947706,-0.0030902338,-0.0028622698,-0.5124503,-0.68859273,-0.00043910617,-0.029612094,0.0028060616,5.8580616e-05,-0.061738577,-0.010296922,0.021784512,0.029219981,-0.041026033,-0.0042279284,-0.677405,0.018094348,-0.09742122,-1.5323169
-0.31451896,0.0,-0.10816585,-0.09404268,0.022261987,-0.0012600037,-0.5537385,-0.22302328,-0.00685662,-0.060177457,0.00577477,5.8580616e-05,0.25640076,0.07688582,-0.0031714942,0.010694758,0.06581421,-0.11809808,-0.76410526,-0.0057295486,-0.05991841,-1.0955435
-0.35417718,0.0,0.039921016,-0.004329754,0.0025082233,0.026080932,0.045860514,0.058863025,-0.07299424,-0.049800295,-0.029940521,5.8828227e-05,0.26345658,0.025328536,0.009197186,0.030717807,-0.021093842,0.049434338,-0.013150585,-0.054291595,0.008309168,0.5470562
-0.5173841,0.0,0.054434728,0.02519591,-0.026017822,0.0006243133,-0.04063408,0.08547277,-0.036236964,-0.0089820195,0.0048467764,5.880351e-05,-0.030455362,-0.027141681,-0.056307413,-0.07875051,0.056664824,0.114993446,0.07801959,0.02042747,0.051901016,0.6311795
-0.6290581,0.0,0.045110963,0.012002541,-0.013503174,-0.0151952775,-0.0208164,0.10995246,-0.046443418,-0.049589664,0.0014519725,5.902269e-05,-0.05378415,0.010127663,0.0028984097,0.044024494,0.022242885,0.15538652,-0.47380123,-0.026126247,0.0013052886,0.626449
-0.16416612,0.0,-0.33485752,-0.028113486,-0.18421698,-0.048362043,-0.16437858,-0.0015179742,0.026748212,-0.044012554,0.00015732925,5.8525944e-05,-0.0019116306,-0.043047033,-0.20935977,-0.12437272,-0.28606263,-0.43966007,-0.11265695,0.021618761,-0.1446189,-1.5456837
-0.16836952,0.0,-0.39398998,-0.013766286,-0.18394184,0.05102673,0.037900064,0.055218298,-0.027999623,-0.011690634,-0.033570975,5.902269e-05,-0.008520906,-0.039869994,0.0045291386,0.022661453,-0.22361659,-0.059147753,-0.10905741,-0.07277674,-0.060803145,-1.2188375
-0.33929542,0.0,0.04173896,0.0138045885,0.03350445,-0.015150668,0.14964305,0.11975483,-0.018059708,0.028010704,0.0042356704,5.9218237e-05,-0.019461077,-0.0652165,-0.036945466,0.059023723,-0.08478786,-0.13941179,0.20403843,0.048274655,0.009117099,0.53010315
-0.628551,0.0,0.060137965,-0.04565169,0.007137875,0.031194719,-0.23267129,-0.103884436,0.028384425,-0.017882058,0.006577456,5.881296e-05,-0.0061249216,0.030413756,-0.034020785,-0.034408245,0.031369295,0.19612636,-0.545618,0.020153733,0.06348299,0.8300815
-0.3128165,0.0,-0.10336549,-0.013130886,-0.0010863324,0.062244996,-0.48457637,-0.14550695,0.017580647,0.004822397,0.0037597513,5.8775076e-05,-0.15233088,0.04903698,-0.0070505408,0.024790766,0.07360102,-0.066462524,-0.72644085,-0.0035023224,-0.04495237,-1.2543617
-0.5202913,0.0,0.06818297,0.017503785,-0.0013630602,0.038365588,0.16653392,0.090984195,-0.022765715,-0.019383812,0.00651594,5.8818776e-05,-0.06602694,-0.013355335,-0.020086095,0.0019739587,0.0092868935,0.092045106,0.22227895,0.021761926,0.0017271489,0.28441873
-0.37436336,0.0,-0.08976544,-0.012769409,0.021949895,0.06416296,-0.10439022,-0.14567794,-0.029220842,-0.016945414,0.0053581954,5.902269e-05,-0.11768976,-0.016963342,0.011757477,-0.05500681,0.10514767,0.06668481,-0.08038316,-0.02698971,-0.03955023,-1.1249428
-0.23479176,0.0,-0.045183133,-0.03065132,0.02469696,-0.0123956045,0.3278472,0.057119112,0.011425571,-0.028070793,0.0023358765,5.89254e-05,-0.090494014,-0.08101877,-0.060847618,-0.100437835,-0.18953861,-0.23535497,0.26405466,0.0039954945,-0.044914972,-1.2418296
-0.6826755,0.0,0.04837268,-0.03408036,0.033673756,-0.026126023,-0.076841794,0.03388463,0.0094296,-0.041904133,0.0039772196,5.881296e-05,0.086497955,0.030084126,-0.053958915,-0.061326772,-0.05359475,0.08476317,-0.07291741,0.034441426,0.032505047,0.30672246
-0.25334236,0.0,0.04141979,0.008443236,-0.3205891,-0.06423535,-0.23705111,-0.07609475,-0.002467309,-0.16149597,-0.034909252,5.8761776e-05,0.090678,-0.005228366,-0.19618984,-0.036734592,-0.18191794,-0.2725607,-0.10004397,-0.034537144,-0.32346684,-0.7540479
-0.22221029,0.0,0.04385599,0.043281227,-0.07885344,-0.025822751,-0.028639518,-0.050457943,-0.033267744,0.031426553,0.0051847864,5.8956237e-05,0.07457464,-0.104249135,-0.14624685,-0.097239666,-0.16653144,-0.112374194,-0.004363958,-0.022496298,-0.22571905,-0.816593
-0.32257658,0.0,-0.34664732,-0.012321264,0.046126124,0.029336149,-0.018591281,-0.68646944,-0.03417687,-0.10592167,0.012024911,5.8775076e-05,-0.16640538,0.015686275,0.005649945,-0.040133905,-0.0047242176,-0.13404189,-0.14066747,-0.0014847283,-0.076035134,-1.4784743
-0.3433782,0.0,0.040427275,0.042874716,-0.1121419,0.0073909406,0.03164982,0.07229537,0.005589641,0.030810686,0.004374459,5.8818776e-05,-0.06541145,0.0015746045,0.0076518436,-0.056283075,-0.06075329,-0.03811779,0.028940713,-0.044180192,-0.02454029,0.6248286
-0.6283364,0.0,0.08397746,-0.055754963,0.037948355,-0.075982705,-0.094711676,-0.14424895,0.017551152,-0.039170712,0.0023065552,5.860905e-05,0.03964222,0.053203452,-0.0062259897,-0.007084515,0.026477072,-0.0002136243,-0.069631,-0.0023386679,0.21231297,-0.5262956
-0.34279245,0.0,0.061180674,-0.015161607,0.010054482,-0.008954753,0.16110882,0.058985274,-0.065341696,-0.09354577,-0.019392246,5.9023776e-05,0.032560654,0.004139132,0.030788092,0.008066685,0.01584836,0.12574573,0.08141208,-2.0107458e-05,0.025914183,0.42932922
-0.5791453,0.0,0.058536213,0.021829037,0.009158343,0.014088453,-0.08218036,0.08563702,0.001486156,-0.0435959,0.004517581,5.902269e-05,-0.045283083,0.016816873,-0.06363718,-0.049562104,0.0412104,0.1260626,-0.31605327,0.017812027,0.055018567,0.71218896
-0.32640195,0.0,0.04458172,-0.019826211,-0.028799292,-0.03485624,0.12221046,0.13357502,-0.2340215,-0.14745876,-0.26581392,5.9023776e-05,0.014068017,-0.09947852,-0.12981436,-0.07988217,-0.099036954,-0.093229875,0.16546555,-0.11455327,-0.11039183,0.18284754
-0.42566362,0.0,0.078541346,-0.0016829058,0.002984135,0.05480574,-0.08479051,0.092673264,0.050622776,-0.000703609,0.0016591868,5.8818776e-05,-0.0047861035,0.009235276,-0.10962617,0.056890916,-0.048772078,0.030559799,-0.0029467165,-0.025756435,0.20710008,-0.4758576
-0.4541263,0.0,0.061658848,0.03822817,-0.0069892597,0.016881336,-0.10203893,0.059782654,0.0166619,0.029860351,0.004366911,5.902269e-05,-0.03632617,0.013655527,0.028530616,0.08929351,0.02816244,0.15781625,-0.2349385,0.013851933,-0.007281978,0.6969057
-0.18027775,0.0,0.10900354,-0.035595536,0.04525442,0.032914076,0.52159745,-0.073711134,0.032206662,-0.017100606,0.0033284735,5.8376707e-05,-0.11448331,0.07120522,0.11869626,-0.032315515,0.10294701,-0.24387072,0.56463057,-0.0040541408,-0.027769411,-0.9472264
-0.37824532,0.0,0.07966198,0.022130566,0.00885534,0.08992934,0.219118,0.06898751,-0.034120575,-0.01795899,0.0070709093,5.920297e-05,-0.09971168,0.020212706,0.011863321,0.0067479475,0.040866416,-0.039467745,0.24812211,0.016072325,0.20283034,-0.34311396
-0.6070066,0.0,0.06811768,-0.09466963,0.01696037,0.050405823,0.021956967,-0.1208888,0.018501619,-0.06794389,0.0077076815,5.860905e-05,0.05981786,0.001856857,-0.038802292,-0.03747837,0.038538635,0.14169025,0.063967496,0.011110612,0.045892257,0.7172399
-0.4470757,0.0,0.059301484,-0.031125398,-0.036605816,0.056182925,-0.5048673,-0.3786548,0.054289497,-0.021688947,0.0017932248,5.900742e-05,-0.0292211,0.031797796,-0.06773571,-0.040762953,-0.09215818,0.14830922,-0.2800627,0.024159472,0.069764845,0.40533343
-0.1978337,0.0,-0.47034773,-0.08109492,-0.010609016,-0.101555385,0.28853807,-0.8535323,0.0043613194,-0.042859524,0.0028697841,5.8376707e-05,-0.2167336,0.0059144166,-0.056544434,-0.007808019,-0.035256173,-0.34760886,0.2897683,0.0012631696,-0.09084102,-1.5218035
-0.5252387,0.0,0.05776145,0.03880538,0.0064305905,0.0005938441,-0.08198692,0.0668907,-0.030892638,0.013858545,0.005434842,5.902269e-05,-0.057934526,0.022331381,0.023583995,0.09110879,0.016312033,0.122365825,-0.27834818,-0.028192572,-0.107945405,0.32603636
-0.14810897,0.0,-0.032865293,-0.01493524,0.014812424,-0.017213874,0.34258503,0.13352941,0.0015443041,0.010627855,0.002910437,5.897063e-05,-0.15118897,0.03838697,-0.022525273,0.008628572,0.09105498,-0.30678183,0.29942137,-0.0016899263,-0.027117526,-1.087214
-0.24287462,0.0,0.107309185,-0.035421222,0.032724842,0.00074060535,0.48978487,0.05490927,-0.0014707013,-0.025736202,0.0039671315,5.8571168e-05,-0.1713947,0.06090089,0.12080888,-0.009175386,0.10031902,-0.24629001,0.5863461,-0.029396325,-0.03687997,-0.8768466
-0.31276613,0.0,0.04500299,0.06229624,-0.02501792,-0.033056457,0.15410413,0.057488706,-0.23407704,-0.026551224,-0.050556134,5.9218237e-05,-0.07164083,-0.07497035,-0.12768058,-0.07667895,-0.10565267,-0.14919779,0.26046675,-0.032057185,-0.10410499,0.27596214
-0.5193786,0.0,0.05999294,-0.009082741,-0.03221618,-0.011025394,-0.009747852,0.059046987,-0.014815131,0.0012686804,0.0019973053,5.880351e-05,-0.047516957,-0.033152252,-0.043317933,-0.022948267,0.046746157,0.08856434,0.07271211,0.008414302,0.040984552,0.74317557
-0.34045932,0.0,-0.34127092,-0.04768372,-4.7436606e-05,0.012573821,-0.57857853,-0.22541746,0.0036236427,-0.02632153,0.0068205553,5.8580616e-05,-0.11159243,0.0019045617,0.00464482,-0.07624706,-0.11133461,-0.14564057,-0.68582463,0.021322174,-0.14356273,-1.4531492
-0.2536789,0.0,-0.3177669,-0.066899076,0.052616756,0.05646766,-0.8848103,-0.13477077,-0.0053507704,-0.043278355,0.0074735065,5.8580616e-05,-0.09291063,0.024901815,0.004682122,0.041386493,0.021878334,0.09619974,-0.86313576,0.056510214,-0.18328229,-1.134664
-0.4923898,0.0,0.048152898,-0.014043128,0.014887631,0.008218714,-0.13750024,0.03366798,0.05217874,0.045959488,0.0046732123,5.902269e-05,-0.053091705,0.004770212,0.02043584,0.061741777,0.022629764,0.15275842,-0.42919374,0.02566845,0.03477568,0.8243697
-0.39290065,0.0,0.058944628,0.021326775,0.007933821,0.01223866,-0.058637124,0.07709095,0.0026015372,0.042423856,0.0032905536,5.8775076e-05,-0.055911444,0.012984604,-0.046152122,-0.010472643,0.038853697,0.16383435,-0.016946804,-0.013533402,0.027614597,0.68747663
-0.218549,0.0,-0.38702285,-0.08327851,0.06170912,-0.045884367,-0.13760428,-0.47818062,0.010057872,-0.03670849,3.3119155e-05,5.8376707e-05,0.12172233,0.0011297723,-0.006420007,-0.07984586,-0.05597592,-0.43435976,-0.12028929,0.01200641,-0.09831848,-1.5418555
-0.16133018,0.0,-0.32952112,-0.06533734,-0.2238557,-0.06903889,-0.018037448,-0.023790378,0.032326046,-0.13507289,0.0012683251,5.8525944e-05,-0.0031059473,-0.046110988,-0.23734762,-0.1468132,-0.29696336,-0.35910657,0.037083693,-0.006296396,-0.15940672,-1.4217308
-0.32195967,0.0,-0.3741265,-0.08197657,0.064916976,0.04837404,-0.68019384,-0.4515529,0.00559442,-0.041904807,0.0032301769,5.8580616e-05,0.17155302,0.03184692,-0.013499111,0.036456056,0.01139936,0.054345038,-0.5528951,0.019740447,-0.07342609,-1.4040424
-0.4174076,0.0,0.04705439,0.044768743,-0.0088432105,0.017087467,0.0006349847,0.076512665,-0.051032513,-0.033916853,0.005198086,5.902269e-05,-0.036741722,0.009590746,0.038204357,0.07463925,0.014250578,-0.036851995,-0.042486355,-0.029121438,-0.11333212,0.24336143
-0.4622627,0.0,0.032425627,0.0101657435,0.03079538,0.014667622,-0.46925265,0.03350953,-0.0021722813,0.043087717,0.0060959696,5.902269e-05,-0.04900352,0.013729106,0.02952475,0.057099752,-0.01281542,0.12159,-0.5197284,0.024536269,-0.19462678,0.3291804
-0.5254578,0.0,0.05151009,0.020272054,-0.039174244,0.008117466,0.18935618,0.07146357,-0.028713865,-0.034012754,0.0040603066,5.8818776e-05,-0.061100196,0.010316798,-0.0236335,-0.044055633,0.020798981,0.046893142,0.25925136,0.005115715,0.03677672,0.47659886
-0.6116066,0.0,0.067957476,-0.013561668,0.017491268,0.045425177,-0.10622647,-0.16419591,-0.015708296,-0.06466467,0.0039368924,5.8571168e-05,-0.053438097,-0.003268231,-0.051287178,-0.002231195,0.03647494,0.12117938,-0.028086066,0.0061899503,0.031441983,0.80113816
-0.21718766,0.0,0.04713151,0.041537073,-0.008426937,0.0034710278,-0.6251494,0.07027884,0.016407285,0.0076535,0.0050668493,5.916015e-05,-0.057262372,0.0030181347,0.0027991843,0.023255143,0.018829526,-0.055783335,-0.4901295,0.0011099554,-0.2947281,-0.7515665
-0.35398456,0.0,0.041492663,0.04487362,-0.18053922,0.017797807,-0.08857419,0.0003032996,-0.04099467,-0.044970173,0.00438451,5.902269e-05,-0.03915363,-0.0066436157,0.009081045,-0.14039479,-0.053431038,-0.027523138,-0.061599374,-0.107275255,-0.20455916,0.21607567
-0.37831944,0.0,0.091117844,-0.016697409,0.028338632,0.029271815,0.25658035,-0.4437435,0.023450883,-0.056617036,0.0063865464,5.920297e-05,-0.06855131,0.022597961,0.024408821,-0.017810484,0.069965325,-0.046771523,0.27513546,0.009416196,0.25480628,-0.27332792
-0.45779735,0.0,0.042677935,0.019089062,0.032128528,0.02575018,-0.4355898,0.090804845,0.047275573,0.024560297,0.0050808326,5.902269e-05,-0.021464627,0.0022450278,-0.026766235,-0.16145302,0.012230097,0.18832716,-0.61027926,-0.1283109,-0.32107043,0.20030165
-0.7082509,0.0,0.05359399,-0.037301358,0.012637958,-0.022166422,-0.17916717,-0.23696803,-0.0069503505,-0.05056385,0.0027655025,5.8924314e-05,-0.08264422,0.00079098257,-0.016060663,0.061527565,0.016496869,0.15069097,-0.488186,-0.033561192,0.024245854,0.44176364
-0.43872377,0.0,0.06541674,0.060511973,-0.041698404,0.003199429,-0.2790286,0.11277358,-0.021307586,0.005649197,0.005010738,5.916015e-05,0.0053293454,-0.0072987215,-0.0005987575,0.013890996,-0.028756369,-0.020351348,-0.81978023,0.009574624,-0.26588583,-0.7499852
-0.62383157,0.0,0.05687466,-0.013483512,-0.031219937,0.026432214,-0.03561755,0.06621824,-0.016417628,-0.023354745,0.00257351,5.8571168e-05,-0.07837443,-0.03320884,-0.026674094,-0.0033113484,0.035617545,-0.03071879,0.02950829,0.0054892856,0.002299549,0.2152898
-0.6353471,0.0,0.060624592,-0.015706955,0.029243194,-0.028873228,-0.054505304,0.05080815,0.021281593,-0.051139276,0.004981728,5.8624315e-05,0.037878,0.0023926022,-0.021339677,-0.032438584,0.026505826,0.07434148,0.027822355,0.027830508,0.03209993,0.32228872
-0.37985173,0.0,0.051474508,-0.016713707,-0.079539314,0.027395973,-0.56058437,0.06577478,-0.016367516,-0.06954451,-0.013001204,5.896569e-05,0.15470074,-0.16581249,0.026819207,-0.0012060408,-0.095940664,-0.14831564,-0.86690223,-0.040113714,-0.34381637,-0.6784796
-0.30588555,0.0,-0.043477345,-0.065916136,-0.017755765,-0.07690548,-0.78711927,-0.59211606,-0.006124979,-0.04032093,0.0030308526,5.881296e-05,-0.079512276,0.02334043,-0.019181982,0.04149472,0.048155375,0.071469694,-0.7787193,0.03247708,0.00028908905,-1.2828233
-0.19321458,0.0,-0.033748083,0.02445751,0.042991508,0.06297019,0.037846018,0.3509932,-0.044043735,-0.02255664,0.0037227825,5.8924314e-05,-0.057947844,-0.030875308,0.061541114,0.045961972,0.17327055,0.08658002,-0.060229186,-0.010244081,-0.0121218115,-0.9101564
-0.51866883,0.0,-0.09318719,-0.06741325,0.11432556,-0.1376418,-0.6410071,-0.2741402,-0.00477118,-0.023601232,0.0010452076,5.881296e-05,0.16653556,0.042242788,-0.0718628,-0.044695783,-0.07209703,0.19288233,-0.56892526,-0.0024667447,-0.030269556,-1.2882328
-0.12081389,0.0,-0.36371014,-0.041134927,-0.03040525,-0.078908615,-0.05497532,-0.7175005,0.02999456,-0.02056931,0.0036126121,5.8571168e-05,-0.14457773,0.02075039,-0.052307073,-0.075405926,-0.121884555,-0.41578418,-0.05512115,-0.011261754,-0.08609656,-1.7753708
-0.46754652,0.0,0.04561777,0.043878835,-0.036270715,0.00018083758,0.117792636,0.080977686,-0.05966949,-0.09320802,-0.061990466,5.9023776e-05,0.2985418,-0.06958584,0.03017062,0.0636301,-0.06293479,-0.09423647,0.21515739,0.012887544,-0.0037984806,0.54279625
-0.36781198,0.0,0.042035446,-0.0328777,-0.020171398,0.009158211,-0.029394848,0.07885894,-0.05980412,-0.04450842,-0.02728597,5.8624315e-05,0.31500414,-0.023186855,0.009559506,0.019922318,-0.037842598,-0.041913085,0.07996365,-0.010149547,-0.0022955332,0.5827393
-0.53337175,0.0,0.043811895,0.0024118365,0.0011755872,0.029675948,-0.0717268,0.080596045,-0.05841445,-0.0077832816,-0.0389966,5.902269e-05,-0.0135556795,0.012026423,0.0023828077,-0.07367978,0.020185973,0.10929633,-0.35848987,0.012980235,-0.03695147,0.62961954
-0.2482668,0.0,0.055292007,0.008059225,-0.15463018,-0.06923342,-0.13375288,-0.018974015,0.02268543,0.01960709,0.005845288,5.8956237e-05,-0.035631537,0.004734271,-0.18067947,-0.03133519,-0.17223793,-0.28676724,-0.07138984,-0.029011399,-0.24778795,-0.769223
-0.44059232,0.0,-0.09379136,-0.0070906314,0.03573108,0.05531905,-0.69707507,-0.30443102,-0.0027412453,-0.030738944,0.027050681,5.881296e-05,0.069519356,0.040748574,0.00863691,-0.042459127,-0.033605322,0.03472979,-0.5388864,-0.004952014,-0.034838412,-1.1960297
-0.36549073,0.0,0.057584733,-0.014534003,0.019350711,0.00070700265,0.17103451,0.052727647,0.038280256,-0.051585212,0.0017204692,5.9023776e-05,0.023044195,0.004056288,-0.0079309335,0.0153525965,0.033622563,-0.2297061,0.32086748,0.014379,0.0070881154,0.28780854
-0.23092607,0.0,-0.03684349,-0.032943692,0.016013613,-0.023893906,0.34199142,0.086603835,0.0116333375,-0.029652197,0.0025719434,5.89254e-05,-0.059757937,-0.103190914,-0.04146476,-0.017058996,-0.1402789,-0.26352486,0.2694981,-0.0051240413,-0.045194916,-1.2168652
-0.6283425,0.0,0.080424026,0.042269953,0.004827077,0.06380596,-0.14240856,0.12497608,-0.026141781,-0.019516485,0.004757839,5.8818776e-05,-0.008949485,0.0083100805,-0.0012293425,0.029767418,0.023408303,0.009597959,-0.037507445,0.008051578,0.13005748,-0.5210934
-0.15148187,0.0,-0.07337704,-0.058532316,0.007427661,0.017872982,-0.16825679,-0.19374281,0.0014378324,-0.014842218,-0.0006537331,5.8376707e-05,0.061481986,0.03625773,0.0048015118,0.03185342,0.0657123,-0.5232192,-0.140041,-0.045239173,-0.04563476,-1.2441413
-0.29280716,0.0,-0.31747943,-0.06325206,-0.0059102187,0.017089235,-0.542189,-0.80099905,0.0022718408,-0.042559717,0.0032179856,5.8580616e-05,-0.10956265,-0.029433643,-0.003863562,-0.10018118,-0.015687775,-0.030130535,-0.6344662,0.005719939,-0.08438896,-1.6301426
-0.36567867,0.0,0.02590629,0.039553616,-0.050269168,0.013997216,-0.75948495,-0.029952314,0.028734736,-0.03185553,0.0048989793,5.902269e-05,-0.021194119,0.008527948,0.03862229,0.020807497,0.0030067996,0.15566911,-0.3959014,-0.022131754,-0.27526325,0.2754192
-0.29126075,0.0,0.105276614,0.039358858,0.019991906,-0.0051688626,0.14109053,0.3704156,-0.041435648,1.03127895e-05,0.0037751354,5.9355698e-05,-0.07104728,-0.10852456,-0.17406006,-0.0879017,-0.072869435,-0.09717809,0.3834052,-0.012306399,-0.12385323,-0.41399226
-0.22070631,0.0,-0.18460962,-0.047990568,0.16373932,0.030923294,-0.10399136,0.2062003,0.0330565,-0.032324694,-0.00052331423,5.8376707e-05,0.106456205,0.098769255,0.017508198,0.012160956,0.14537385,-0.16597268,-0.19199206,0.014834012,-0.052889794,-0.87188953
-0.1393578,0.0,-0.51561856,-0.022112172,-0.2780056,-0.057794306,0.24608606,-0.09541493,0.0046657394,-0.06939613,-0.021664977,5.89254e-05,0.022487221,-0.13460161,-0.19949374,-0.09240299,-0.27670556,-0.26303044,0.21335667,0.025893869,-0.047588956,-1.3821117
-0.6545403,0.0,0.058183707,-0.054843564,0.0009314353,-0.05339366,0.0041818037,-1.006967,0.017904086,-0.010020768,0.0015822253,5.880351e-05,-0.051947426,0.021870082,-0.0338205,-0.108104214,-0.099965475,-0.02722753,-0.010305144,-0.02556571,0.17471467,-0.49196306
-0.3721501,0.0,0.038883507,0.031986002,0.015691029,0.021837892,-0.14104892,-0.0036995315,0.012096773,-0.024777398,-0.00064171595,5.902269e-05,0.0010149098,0.013597931,-0.04041017,0.06713485,0.025209012,-0.048844945,-0.09657254,0.012119787,-0.1440051,0.2587784
-0.5236036,0.0,0.04880216,-0.009295614,0.03381646,-0.0079626385,-0.39159763,0.047320902,0.006726406,0.03452115,0.0053722225,5.900742e-05,-0.052239906,0.008016585,-0.010092732,-0.04221867,0.017479217,0.167323,-0.47999305,0.021505367,0.057320762,0.7973576
-0.17129385,0.0,-0.07296942,-0.039851367,0.0076735946,0.021455409,-0.18485756,-0.20389958,-0.001491502,-0.012776792,0.0027977165,5.8376707e-05,-0.097031966,0.045560975,0.006731339,0.026783723,0.0709658,-0.4300891,-0.13747124,-0.014856893,-0.048506793,-1.2759581
-0.2001165,0.0,-0.32937202,-0.0816312,0.033782743,-0.07546153,-0.14699923,-0.8723536,0.0063317656,-0.038119223,0.0028167742,5.8376707e-05,-0.09867244,0.08720182,0.0061639715,-0.07487933,0.002396082,-0.48035008,-0.11455234,0.0037987656,-0.082379036,-1.6259176
-0.33993977,0.0,-0.07278166,-0.0046372917,0.007263556,0.076895595,-0.14502828,-0.5436947,0.036157772,-0.029512249,0.0024959357,5.900742e-05,-0.117774285,0.027058419,0.024876392,0.051284973,0.10421428,0.031265743,-0.111944124,0.012790484,-0.05455467,-1.3230014
-0.4278146,0.0,0.03843212,0.031128833,-0.17872979,-0.012035514,0.01550175,0.24769317,-0.043347172,0.038266987,0.0025910155,5.902269e-05,0.05660267,-0.12153733,0.010499546,0.04937269,-0.028420314,0.064497896,-0.10490081,-0.0946959,-0.026669892,0.6306864
-0.34925988,0.0,0.056697,-0.019464679,0.0074093128,0.0021631962,-0.030365497,0.027931783,0.005850476,-0.013282854,0.0045862244,5.902269e-05,-0.057463966,0.014313932,-0.0047815433,0.0211222,-0.038955286,-0.052568402,-0.008519677,0.02454062,0.006976936,0.65909636
-0.37937286,0.0,0.043500695,0.029328832,-0.034048963,-0.028288815,0.2102746,0.22980414,-0.026099171,-0.041841432,0.0043637417,5.8818776e-05,-0.05251332,-0.058045223,-0.14126618,-0.0090051135,-0.098786674,-0.1023111,0.3311135,-0.068254374,-0.09624576,0.36073157
-0.32898524,0.0,0.043990813,0.037105266,-0.0719268,-0.01822987,0.14608839,0.19905119,-0.016698264,-0.0024916348,-0.02521352,5.9218237e-05,-0.05784568,0.009825136,0.013173922,-0.068148375,0.0030224454,-0.081720464,0.18570225,-0.055049516,0.04000791,0.49703428
-0.5598964,0.0,0.057609137,-0.017642926,0.023308033,-0.007632939,-0.056824073,-0.14297314,0.012567339,-0.008541082,0.0030032413,5.860905e-05,-0.06744129,0.048771325,0.014857381,0.0035439427,0.024458319,0.16551033,-0.052144963,0.0022695102,0.22994304,-0.51930255
-0.42235056,0.0,0.06914751,0.022632208,0.00022548153,0.02443732,-0.026784934,0.016746985,-0.012033643,-0.04985812,0.005153469,5.8818776e-05,0.0099532725,-0.0069876867,0.034950074,-0.016477667,0.016818438,0.09730203,0.06902751,0.010101581,0.008254323,0.6997293
-0.39784938,0.0,0.048200365,0.03348969,-0.0044162786,0.019643754,0.014692448,0.07197644,0.009173786,0.029862845,0.004133392,5.902269e-05,-0.04555016,0.014548167,0.019763855,0.03171829,0.028474806,0.10411384,-0.023505505,0.019974928,-0.017328441,0.6360122
-0.48089105,0.0,0.03604084,0.012334242,0.01808556,0.018089805,-0.03645777,0.0801368,-0.10003975,-0.036080174,-0.035503928,5.8828227e-05,0.21538706,0.024439575,-0.06991365,-0.11063703,0.04038959,0.06251571,-0.051438097,-0.0014459371,-0.069567166,0.58646584
-0.2799325,0.0,-0.33109918,-0.04299205,0.018050097,-0.03410379,-0.56365746,-0.8035173,-5.309756e-05,-0.039467767,0.0018663323,5.8729853e-05,-0.10781133,-0.022297112,-0.00788998,0.020570002,0.0036539268,-0.113528125,-0.6860528,-0.010086197,-0.083230786,-1.7154804
-0.33710483,0.0,0.041878153,-0.011635159,0.03127261,0.010252704,0.031177867,0.021258477,0.027166659,-0.060036663,0.0043272777,5.8729853e-05,0.19180897,0.018628903,0.00489503,-0.11904893,-0.028811518,-0.0031208913,-0.014551023,0.023615764,0.01490391,0.5959104
-0.4669967,0.0,0.06086148,-0.02554855,0.0061486894,0.025957292,-0.051544722,0.03490262,0.0077253953,-0.016342703,0.0031382109,5.8720405e-05,-0.05532599,0.015318749,-0.004992174,0.003197324,0.034604583,0.0024661724,0.039358158,-0.009267835,0.010449047,0.6489116
-0.23529516,0.0,0.04986329,0.03732563,-0.0136161065,-0.009807727,0.1487583,0.23819128,0.0053815627,0.035666864,0.002187835,5.8818776e-05,-0.051646087,-0.10866977,-0.027839303,-0.05161623,-0.1003366,0.020271895,0.3638245,-0.02572643,0.0035066737,0.56792724
-0.83341616,0.0,0.055699524,-0.030197546,0.0127105275,-0.03138287,-0.19593742,-0.22084358,0.0016327486,-0.060563873,0.0043834904,5.900742e-05,-0.05257956,0.021948725,-0.07664145,-0.041517086,0.027927928,0.15006313,-0.5443851,0.04510757,0.05174578,0.41749334
-0.13604236,0.0,-0.10790664,-0.008318631,0.010985688,0.042419657,-0.0014431484,0.08020186,-0.034691356,-0.03427616,0.0033188423,5.8720405e-05,-0.11777794,-0.018466828,0.015361483,0.044645183,0.091246024,-0.15932445,-0.0369795,-0.019396925,-0.047285356,-1.1352963
-0.42418197,0.0,0.040101737,0.03094508,-0.19052225,0.03951493,-0.26382136,0.05443537,-0.049289178,0.023196727,0.0074560745,5.902269e-05,-0.034339495,-0.12240537,0.026858622,-0.13147536,-0.09325958,-0.14333539,-0.7062608,-0.20683306,-0.2787,0.21639161
-0.45979038,0.0,0.05212624,0.039256513,-0.0042588674,-0.0074797412,-0.23573081,0.11670529,-0.017703276,-0.007724028,0.0028502562,5.898889e-05,-0.07902939,0.027691048,0.028637026,0.055337235,0.03394784,0.0055777663,-0.67926437,-0.0503373,-0.26657808,-0.7183837
-0.4216491,0.0,0.052468054,0.00029986136,0.016731998,0.0005951614,0.025748212,0.029842058,-0.0018731904,-0.050590426,0.0052695344,5.902269e-05,-0.049689937,0.017930688,-0.04901462,-0.046643127,0.021966176,-0.053468607,-0.13583648,0.021565098,0.029146565,0.6068272
-0.4877991,0.0,0.04339782,-0.019765297,0.013662441,0.03324045,-0.033235162,0.03175302,0.018862624,-0.03557181,0.004089387,5.902269e-05,0.025331262,0.012970585,0.04668663,0.05939321,0.0376738,0.042865142,-0.058374703,0.023597544,-0.012926031,0.5989915
-0.25001848,0.0,-0.43250877,-0.04889156,-0.033312436,-0.059166964,0.21175322,-0.85408163,-0.048611213,-0.11131634,0.003433177,5.9119862e-05,-0.2506406,0.019638194,-0.059402537,-0.033630636,-0.11415044,-0.3639056,0.26370984,0.0006067897,-0.08213705,-1.6274089
-0.24494837,0.0,-0.07763632,-0.07304932,0.032404438,0.016380437,-0.22083336,-0.5093454,0.0070964918,-0.030699885,-3.2843818e-06,5.8376707e-05,0.12199696,0.054826982,0.01384217,0.03370172,0.018871048,-0.41014513,-0.18589962,-0.0052586575,-0.05598515,-1.3749267
-0.19523671,0.0,-0.069969036,-0.060925744,0.02900308,0.02126789,-0.19310851,-0.2113873,-0.0032634449,-0.02401365,0.00038946694,5.8376707e-05,0.06852485,0.04555857,0.008058421,0.02928463,0.0771565,-0.341132,-0.1359744,-0.01192284,-0.046678215,-1.2075325
-0.321165,0.0,0.05291066,-0.016489046,-0.055747576,-0.0051727556,0.113460265,0.13539822,-0.21643719,0.03942245,-0.21103771,5.9218237e-05,-0.078176714,-0.022019997,-0.013882572,0.05410888,-0.08634217,-0.077115566,0.23252963,-0.16675563,-0.0075317924,0.5577349
-0.33898613,0.0,0.06393944,-0.016191427,0.011329056,0.038502105,-0.051992375,0.10757286,0.013171909,0.017469892,0.0052523282,5.916015e-05,-0.0675958,0.00788607,-0.061151393,0.033567585,-0.02534525,-0.027662247,-0.053709835,0.016033178,-0.19802453,-0.64121455
-0.32988012,0.0,-0.072168805,-0.0786641,0.020667328,0.015309609,-0.39851546,-0.44896528,0.002215619,-0.041126013,0.0002185155,5.881296e-05,0.16093315,0.04001589,0.02328928,0.006969708,0.06573222,-0.09894894,-0.44576952,-0.0007608758,-0.05778331,-1.3302414
-0.3962775,0.0,0.054318238,0.035827786,0.007835982,0.02481564,-0.037445024,0.07150157,0.016097743,0.018975744,0.00476194,5.8818776e-05,-0.05327863,0.009067143,0.008979581,0.0646151,-0.031009108,0.010954449,-0.023568783,-0.07645507,-0.12130355,0.22960101
-0.13701767,0.0,-0.4328161,-0.050629135,-0.16444482,-0.050455403,0.22483294,0.001122575,0.008769629,-0.022702353,-0.03435957,5.8818776e-05,-0.07620197,-0.065483294,-0.21402963,-0.02588638,-0.32176423,-0.29496673,0.23691644,-0.055831198,-0.05088403,-1.4170884
-0.30117753,0.0,0.034179375,0.023362644,-0.20583804,0.021482937,-0.20382774,0.030183658,-0.024704551,-0.11636191,-0.037589524,5.8828227e-05,0.12669408,0.0046279146,-0.007937452,-0.124486186,-0.06329713,0.075010575,-0.048537087,-0.10461278,-0.270497,0.16473979
-0.5006048,0.0,-0.015282926,-0.0396582,-0.010861367,-0.07966253,-0.31146076,-1.0289043,0.02680392,-0.0043396633,-0.009528404,5.900742e-05,-0.14693421,0.08090604,-0.0069474475,-0.03636853,0.029310277,0.049510844,-0.46322358,-0.021802215,-0.04171817,-1.2258967
-0.21738595,0.0,0.041569125,0.022546899,-0.012158707,-0.18669342,0.078986004,0.059402775,0.042644367,-0.03462899,0.0029323548,6.82419e-05,0.008530831,-0.055686258,-0.18410435,-0.09337022,-0.18571614,-0.35383818,0.026772318,0.009131032,-0.17107111,0.24458525
-0.4562306,0.0,0.021397484,-0.007698478,-0.009926457,2.1316086e-05,-1.0028269,-0.13224648,-0.124808885,-0.056623664,-0.031707555,5.8828227e-05,0.13469966,0.017060228,0.025090903,0.010853487,0.002511767,0.021166064,-1.3565828,-0.044357155,-0.10678639,0.36631304
-0.3051469,0.0,0.03103363,0.016564913,-0.3000696,0.019066945,0.003807288,-0.019595407,-0.08708158,-0.17603889,-0.016395899,5.8624315e-05,0.19149959,-0.13581906,-0.05377946,-0.06987083,-0.08206647,-0.057360914,0.07570965,-0.24709943,-0.23365091,0.1561315
-0.29934993,0.0,-0.35300523,-0.06563343,0.038458027,-0.008273839,-0.59570223,-0.15291372,0.02435723,-0.039914373,0.017147232,5.8729853e-05,-0.10673835,-0.089338206,0.02161979,-0.03406449,-0.07905131,-0.041452378,-0.56537384,0.036209457,-0.11113461,-1.392916
-0.7407853,0.0,0.050205432,-0.0221259,0.02231636,-0.043796025,-0.14460246,-0.06801766,0.025788799,-0.041399688,0.0025113637,5.860905e-05,0.040122647,0.01163851,-0.002550078,0.00837128,0.0039080423,0.10609631,-0.10198391,0.021479202,0.01728144,0.33857116
-0.23518915,0.0,0.048504733,0.035690043,-0.21077183,-0.042656746,-0.21583939,-0.010506918,0.03625593,0.02502341,0.0071373433,5.8956237e-05,-0.047536038,-0.00084309396,-0.04122399,-0.12095927,-0.16876702,-0.29520315,-0.12258197,0.0045413333,-0.2529187,-0.78366727
-0.59443104,0.0,0.076145,-0.03937515,-0.09282693,-0.027199354,-0.014160013,-0.604549,-0.008899765,-0.13562506,0.0025763288,5.8775076e-05,-0.082859755,-0.008560519,-0.026800355,-0.028612295,0.009430872,0.14480233,-0.38950935,-0.033059623,0.24660575,-0.51782066
-0.4426753,0.0,0.04426141,0.049126513,-0.18620794,-0.031938132,-0.06472594,-0.028542995,0.010668745,0.033853367,-0.008525206,5.8818776e-05,-0.022546845,-0.020945674,0.022520123,0.011777561,-0.031402517,-0.017072322,0.066716805,-0.09130981,-0.02647342,0.5806163
-0.5576978,0.0,0.057592154,-0.017690085,-0.0023866273,-0.004612094,-0.06717255,0.047481615,-0.024793355,-0.04302897,0.003017463,5.8720405e-05,-0.06804996,0.017397165,0.0063233925,0.043530248,0.018618207,0.14825033,0.050638832,-0.01836904,0.023719918,0.71621066
-0.44893962,0.0,0.025761995,-0.006800128,-0.15732569,-0.010388663,-0.28536013,0.037353545,-0.075213104,-0.0513254,-0.05058376,5.902269e-05,-0.0073282383,0.0032171523,-0.008549957,0.042141493,-0.074035116,-0.10872509,-0.7262201,-0.12824899,-0.1949427,0.25033757
-0.8092117,0.0,0.06269058,-0.05637026,0.0066515706,-0.1022967,-0.14451568,0.001391679,-0.008702569,-0.11634982,0.0037186996,5.902269e-05,-0.099496566,-0.020275937,-0.0050770496,-0.010088603,-0.005208743,0.11852294,-0.49855578,0.026991513,0.026301533,0.4294449
-0.64331776,0.0,0.054991353,-0.0027869253,0.007990247,-0.0040582316,-0.06540011,0.052592546,-0.018636888,-0.11135091,0.0048255655,5.8818776e-05,-0.010743992,-0.0015224852,-0.013700881,-0.008533202,0.02508158,0.06901948,0.0022230153,0.020164317,0.0020020772,0.31567895
-0.45835236,0.0,0.03645624,0.022536246,-0.09757628,0.0050868737,0.14278206,-0.013155706,-0.0830514,0.0011817536,-0.00926473,5.9119862e-05,0.23869914,0.017058862,-0.038538016,-0.04027132,-0.0703983,0.009616876,0.06655682,0.0028236355,0.012873899,0.4686162
-0.21086791,0.0,-0.33674207,-0.06707879,0.037293717,-0.020571835,-0.71141493,-0.8100756,-0.0018995217,-0.027839802,0.0028060616,5.8580616e-05,-0.075372286,0.012858272,-0.013284277,0.03110276,0.019657312,-0.10731947,-0.58478135,0.018875033,-0.12737371,-1.4715285
-0.40051192,0.0,0.033377998,0.044676032,0.014121566,-0.027176382,-0.006390492,0.061022848,-0.013963881,0.039559707,0.0034679826,5.8818776e-05,-0.06363455,-0.07430535,-0.026839724,-0.042222418,-0.098349236,0.09309659,0.14421993,-0.14651303,-0.14278637,0.24517064
-0.3083961,0.0,-0.015589174,-0.076343454,0.08665881,-0.03104861,-0.60563827,-1.1794351,0.013238975,-0.04318829,-0.01596731,5.8580616e-05,-0.15094437,0.05275437,0.0048484947,0.01865122,0.04996299,0.07113144,-0.36564106,-0.017964557,-0.062402513,-1.0863876
-0.49618882,0.0,0.025760638,-0.025040833,0.011888946,-0.025772665,-0.9598917,0.0034774423,-0.06932701,-0.061174873,-0.030532243,5.8828227e-05,0.038268186,0.019898482,-0.015884807,-0.14420879,0.031133989,0.1246796,-0.48258623,-0.024707466,-0.37301695,0.23225674
-0.47647575,0.0,-0.071182616,-0.02705282,0.0010861323,-0.09422218,-0.34967765,-0.7940887,0.002144924,-0.0965403,0.0022447899,5.900742e-05,-0.13226193,0.03002766,-0.04402481,-0.038000274,0.0028535998,-0.046016935,-0.5745411,0.004194941,-0.058567468,-1.4493527
-0.50648946,0.0,0.06794677,0.016460348,0.014146217,0.018408656,0.1364632,0.085735746,-0.011856101,0.037640937,0.010141839,5.9218237e-05,-0.06417886,0.0055404915,-0.024082784,-0.016864313,0.006038478,0.09332989,0.23145317,0.03563674,0.013031939,0.2917903
-0.2630725,0.0,-0.25551274,-0.016279986,-0.064301245,0.057392035,-0.027368795,0.13144788,0.013325552,-0.042402994,0.0028535055,5.8729853e-05,-0.039884314,-0.04197839,-0.15353996,-0.008062725,-0.18310624,0.07315023,-0.05168481,-0.064127624,-0.1302579,-1.2311262
-0.64579636,0.0,0.044028986,-0.009559242,-0.11637105,0.0072553847,-0.104659274,0.09013892,-0.092365466,0.0379339,0.0053526782,5.902269e-05,-0.021930763,0.02602215,-0.0031469222,-0.07241613,0.004721687,0.048539016,-0.3801899,-0.06134469,-0.03911494,0.6283606
-0.56376374,0.0,0.058985993,-0.009184252,0.0035846573,0.005832806,-0.022060348,0.005635388,-0.019387528,-0.17074558,0.005233824,5.880351e-05,0.035328582,-0.017574217,0.038728658,-0.022902997,0.010527348,0.06984264,0.06837884,0.010489586,0.03570454,0.73343575
-0.35536653,0.0,0.050497714,-0.0116195,0.06625116,0.06103758,-0.18388121,0.13162792,0.018928908,-0.0702775,0.0014490986,5.879443e-05,0.1179982,-0.0076155304,0.059500165,0.040813677,0.04269688,0.11984204,-0.061626565,-0.054195948,-0.2708941,-0.6524237
-0.5282961,0.0,0.06588688,0.033033744,0.034924977,0.053846274,-0.039195105,0.20167154,-0.031308003,0.020807022,0.004576615,5.8956237e-05,-0.06712787,0.009040874,0.044789765,0.050796174,0.1194727,0.020417059,-0.037744645,0.01904032,-0.15262757,-0.5737302
-0.24005727,0.0,0.06977029,0.003136534,-0.072837725,-0.04179495,-0.03910434,-0.11994171,0.01766023,-0.0077682217,-0.010187634,5.8956237e-05,-0.053174686,0.031826813,-0.18769874,-0.08739102,-0.136902,-0.20502587,0.21116535,-0.02380962,-0.17019893,-0.6190425
-0.20576286,0.0,0.10385299,0.021966841,-0.076863535,-0.023352966,0.457404,0.17259985,0.009309267,-0.003101593,-0.030222693,5.8784983e-05,0.003275933,0.00089472864,-0.18378209,-0.12419904,-0.13614802,-0.07608679,0.555149,0.010297997,-0.12877697,-0.4046724
-0.3500235,0.0,0.049148906,-0.004485813,-0.0034251276,-0.053202786,0.14025341,0.09717047,-0.2570266,0.02720827,-0.033936366,5.9218237e-05,-0.103705846,-0.051469315,-0.0007779887,-0.013793937,-0.06783739,-0.106970735,0.22230425,0.0017127089,-0.014639712,0.5075712
-0.50394684,0.0,0.0606098,-0.010767899,0.00066410104,-0.033209503,-0.13596323,-0.13983335,-0.0060403985,-0.06702935,0.0021288553,5.8775076e-05,-0.0805255,-0.0015531904,0.013926132,0.03202804,0.022644728,0.18112507,-0.5379736,-0.0468519,0.036823764,0.80195266
-0.5844517,0.0,0.043881822,0.016299663,-0.082830206,0.016066369,-0.053275734,0.0828334,-0.0253886,-0.04293053,0.0042919614,5.8818776e-05,-0.049680106,-0.04592445,0.0039906558,0.022615712,-0.0008551341,0.0045786514,-0.042670257,-0.06301605,-0.0055037504,0.5789772
-0.53653455,0.0,0.064819746,-0.0077619767,0.010776785,-0.0014196576,-0.0476388,0.071488224,0.015555267,0.034526486,0.004794891,5.8818776e-05,-0.02631157,0.013718709,-0.019999413,-0.017508263,0.026085692,0.087717004,-0.01774475,0.01639339,0.039998475,0.65884924
-0.30115616,0.0,-0.24895899,-0.08097665,0.053873733,0.015765559,-0.8017304,-0.8180881,0.0038876259,-0.04967908,-0.0030487105,5.8580616e-05,-0.21147434,0.086526565,-0.08153319,0.07895659,0.027957525,0.059022453,-0.85072505,0.020261753,-0.12473557,-1.3060565
-0.37861475,0.0,-0.01922781,-0.06808006,0.019914541,-0.091277145,-0.51639,-0.6729023,-0.020961184,-0.048693612,-0.016706187,5.881296e-05,-0.18661036,0.07073623,-0.025179474,-0.044601347,-0.08132989,0.07475801,-0.30692518,0.0073218695,0.004103951,-1.1571778
-0.13180064,0.0,-0.4934329,0.012148692,-0.101655796,-0.0768346,0.2575386,0.0017608436,-0.03180226,0.007223188,0.006022045,5.8818776e-05,-0.11791446,-0.057914272,-0.1388488,-0.074992605,-0.3023509,-0.1673523,0.37026286,0.015311462,-0.07228248,-1.5333039
-0.3439128,0.0,0.041842192,0.01853651,-0.113840654,-0.008547419,0.13184193,0.095542446,-0.14997008,-0.107308775,-0.15045333,5.9023776e-05,0.23160765,-0.015252861,-0.13322674,-0.11521503,-0.117305376,-0.08233643,0.2142138,-0.085606456,-0.17026599,0.20293371
-0.40583396,0.0,-0.032682862,-0.07830296,-0.06477336,0.022713427,-0.066082396,-0.8669348,0.014290304,-0.039822977,0.00476988,5.860905e-05,-0.15049742,0.050869044,-0.023765516,-0.08240073,0.010304083,-0.0025980955,-0.10315219,-0.006165869,-0.046382792,-1.1361321
-0.34385026,0.0,-0.17529531,-0.048330396,0.15966037,0.03841446,-0.035344906,0.19066864,0.026027013,-0.019784732,-0.0006180784,5.8580616e-05,0.12398753,0.016297327,-0.019297665,0.044761427,0.13086656,0.030259605,-0.09777829,0.007045879,-0.0442061,-0.9057777
-0.067145064,0.0,-0.31940386,-0.079432,-0.035226543,-0.042066254,-0.19616434,0.0016134796,0.024373977,-0.07023811,0.0016952548,5.8729853e-05,0.08118817,-0.03738842,-0.05323442,-0.096462466,-0.21620604,-0.3811183,-0.23487715,0.022505336,-0.14234805,-1.473089
-0.41742828,0.0,0.039459363,0.012026497,-0.21494731,-0.017403366,-0.14090851,-0.11219629,-0.06256925,-0.046024095,0.005106298,5.902269e-05,-0.0024846117,0.009383039,0.00047697287,0.04442739,-0.10326643,-0.02726566,-0.143715,-0.07601437,-0.14870508,0.23661786
-0.2185112,0.0,0.02780359,-0.060862944,0.05783005,-0.0083781555,0.5526945,0.011025865,0.025088692,-0.016910277,0.0011995907,5.8776168e-05,0.061863907,0.0786173,0.081004225,-0.082638875,0.068925254,-0.250652,0.3523696,0.006038792,-0.044879094,-0.8079949
-0.5222789,0.0,0.034910455,0.025153436,0.04136129,-0.10753107,-0.038417675,0.09401189,-0.017269589,-0.035082377,-0.008235489,5.881296e-05,0.09163934,0.023158902,-0.060141902,-0.061219513,0.049715616,0.08889653,-0.019759487,0.015434509,0.07161341,0.5915103
-0.26476157,0.0,-0.380889,-0.08771585,0.07724952,-0.05547776,-0.13846414,-0.6458262,0.0013072697,-0.03669194,0.0031565805,5.8376707e-05,-0.1040208,0.06994626,-0.024845755,-0.0735765,0.013776725,-0.56195194,-0.122968525,0.01137563,-0.08547018,-1.6462218
-0.7054579,0.0,0.04811249,-0.03386938,0.03297261,0.06762062,-0.09694322,-0.08790368,0.019826554,-0.04971803,0.008005308,5.881296e-05,0.112072684,8.908944e-06,-0.06996576,-0.089682214,0.019767914,0.10198531,-0.07809325,0.039914962,0.054992206,0.34093928
-0.7930896,0.0,0.05501587,-0.034471408,0.033426743,0.085202724,-0.10273403,-0.04671985,0.007456258,-0.032964066,0.0055030324,5.881296e-05,0.07597373,0.038218524,-0.06603916,-0.04319727,-0.16302542,0.10067331,-0.08493327,0.033222564,0.06123866,0.32710665
-0.40947062,0.0,0.04890783,0.086883344,-0.0982814,-0.0024012674,0.11232378,0.012519552,-0.14619373,-0.020304726,-0.021394582,5.9218237e-05,-0.022619177,-0.04820639,-0.039996218,-0.037529513,-0.07853912,-0.042944744,0.17078678,-0.09698921,0.01894128,0.5284728
-0.5062506,0.0,0.045743953,0.030899012,0.009827793,0.024203992,-0.07137414,0.05537933,-0.018554494,0.021225024,0.0053541632,5.902269e-05,-0.029951334,0.02533854,0.03958636,0.062112927,0.024208017,0.06771804,-0.057358935,0.019073226,-0.11084854,0.23816437
-0.32648817,0.0,0.037415303,0.019687159,-0.031526368,-0.008694664,0.23593971,0.12185765,0.06674228,-0.0008325523,0.006911603,5.9218237e-05,0.09864737,0.010673171,0.026806999,0.0046035205,0.03785728,0.12640764,0.33909807,0.016633889,0.056517858,0.46505392
-0.49568295,0.0,0.04338227,-0.006789349,-0.056681536,0.017493468,-0.9884707,-0.062069774,-0.022386866,-0.016557613,0.004421075,5.902269e-05,-0.04418623,0.00722246,-0.022395244,0.04772454,0.015046888,0.08605462,-1.2650443,-0.04095777,-0.25239378,0.15117143
-0.30672774,0.0,-0.07052664,-0.026908122,-0.013307768,0.06736759,-0.13249466,-0.38970363,0.0007598995,-0.012494571,0.0036315548,5.900742e-05,-0.10089298,0.0061870576,0.005229239,0.04089957,0.03794171,0.12033135,-0.37606436,0.018415824,-0.052003708,-1.2668413
-0.114115074,0.0,-0.39240885,0.0022053858,-0.02932374,-0.04024723,0.2693168,-0.09008676,-0.014221302,-0.046919994,-0.021704774,5.8525944e-05,0.32748798,-0.08572123,-0.026601348,-0.000292104,-0.14583902,-0.19406003,0.2865093,0.0007584672,-0.028875995,-1.277577
-0.5035121,0.0,0.05474485,-0.030058537,-0.0033410979,-0.020938655,-0.5573523,-0.014302235,0.050622772,0.03830917,0.002954441,5.8775076e-05,-0.08048321,0.013704184,0.023691287,0.1587884,0.020019883,0.07256305,-0.9529299,0.096545234,0.044908896,0.67130446
-0.23504345,0.0,-0.03138309,-0.085341126,0.02301759,-0.008330369,-0.0625348,-0.936535,0.032300342,-0.030373788,0.0033570535,5.881296e-05,-0.13843746,0.012171061,0.014883897,0.0024509244,0.08306688,0.052897435,-0.0766886,-0.038049024,-0.044256456,-1.2561753
-0.2542607,0.0,0.050883602,-0.014968791,-0.005993919,0.042831246,0.22514497,-0.17323016,-0.039462287,-0.0260593,0.0036574814,5.8571168e-05,-0.16563408,0.06900163,0.0822372,0.022750257,0.09260095,-0.12762482,0.36722875,-0.032698113,-0.06411083,-0.92852503
-0.2411756,0.0,-0.2571214,-0.06990121,0.02004729,0.017540291,-0.84713846,-0.81287897,0.008393719,-0.038209762,-0.0040484816,5.8775076e-05,-0.22253375,0.022785636,-0.035227574,0.011988939,0.03914404,0.0005391502,-0.8293847,-0.011947521,-0.119026,-1.2782118
-0.6530582,0.0,0.053850565,-0.057637367,0.028936084,-0.14595547,-0.34472573,-1.1458724,-0.006397619,-0.044850666,-0.012056481,5.881296e-05,-0.039123114,0.05476067,-0.041026708,-0.074765995,-0.09299284,-0.10059572,-0.48295978,-0.021271817,0.15544571,-0.6428436
-0.36276537,0.0,0.040326636,0.028420545,-0.08957896,0.012955895,0.25638807,0.13597767,-0.07886817,-0.032510065,-0.00827232,5.8624315e-05,0.270408,0.005685427,-0.013026436,-0.008880569,-0.07145863,0.07891248,0.26445138,-0.055977024,0.019234763,0.49336907
-0.3823369,0.0,0.048852917,0.0004839796,0.0076012835,0.015584577,0.2107599,0.0111863585,-0.035310365,-0.035446186,-0.044416018,5.9218237e-05,0.005864952,0.0073726675,-0.002550763,0.0132442,0.02853331,-0.112914614,0.21777263,-0.055963498,-0.057140626,0.23789386
-0.20447503,0.0,-0.3204076,-0.0037868135,-0.06783031,-0.006175635,-0.40345356,-0.008975391,0.020928156,-0.045724493,0.0021733085,5.8729853e-05,0.08719655,-0.058422323,-0.053086776,-0.04336637,-0.14617415,-0.15985093,-0.48847574,0.010883464,-0.14047258,-1.4171009
-0.33884364,0.0,0.044747498,0.035188083,-0.0027464356,-0.012340532,0.09459891,0.114954546,0.017062677,0.040915385,0.0021854155,5.8818776e-05,-0.052554492,-0.13547955,-0.03926032,-0.10779816,-0.09750312,-0.019967696,0.19909695,-0.042767018,-0.0080689015,0.5678173
-0.3931566,0.0,0.034049354,0.030090207,-0.017841583,0.016593248,-0.18702829,0.026869174,-0.028324554,-0.044023197,-0.033381052,5.8828227e-05,0.14158691,0.01721926,0.03328668,0.06870213,-0.085603386,0.11932388,-0.32422477,-0.060249325,-0.17546545,0.24370156
-0.31219873,0.0,0.04976071,-0.02720577,-0.00019471467,-0.021400642,0.0052348925,0.033502985,0.017860549,-0.043527685,0.0014297173,5.8720405e-05,-0.009489185,0.009749261,0.002222288,-0.046613913,-0.041161858,-0.17301865,0.020583991,-0.0049901903,0.015543321,0.7137651
-0.65580237,0.0,0.066005714,-0.010343292,0.00684699,0.0042131804,-0.1592523,-0.1161878,-0.0018971451,-0.069368824,0.0013263075,5.900742e-05,-0.04281056,-0.0063049435,-0.039997965,-0.04565898,0.024345968,0.16350713,-0.45323688,0.03076084,0.06565349,0.82696676
-0.30273023,0.0,0.086790435,0.06714982,0.034445655,-0.03363959,0.4518326,0.17668594,0.01280391,0.056243367,0.0054065413,5.918444e-05,-0.025981706,-0.16353159,-0.20030406,-0.12859605,-0.09927949,-0.18883626,0.30808026,-0.04709657,-0.07826831,-0.40561995
-0.1530532,0.0,-0.33254677,0.0062331576,-0.12197787,-0.08535871,-0.005550798,-0.0025299224,0.0026177755,0.01978536,0.0023295225,5.8720405e-05,-0.06605229,-0.03225841,-0.2016375,-0.12427415,-0.30967,-0.3682611,0.016126124,-0.042584065,-0.13403817,-1.4089265
-0.39171976,0.0,0.04897576,0.024571853,0.027152006,-0.08585996,0.26076192,0.011971098,-0.032783058,0.02947909,-0.022981087,6.82419e-05,-0.04136577,-0.056748644,-0.12140171,-0.05468329,-0.13229369,-0.09031784,0.17359343,0.01905622,-0.09012172,0.3517708
-0.22179782,0.0,0.059564725,-0.008150088,0.041964963,0.050051887,0.38312688,0.20225741,-0.036787726,-0.030194074,0.004307002,5.8571168e-05,-0.14845012,0.057351146,0.11536193,0.028094335,0.0931435,-0.0011782182,0.45032498,0.0021481607,-0.054399196,-0.7493157
-0.46798003,0.0,0.02566593,-0.0015017347,-0.22850677,0.032771856,-0.27794862,0.014399106,-0.0759053,-0.066514894,-0.041253906,5.902269e-05,-0.050231002,-0.10883822,0.029292373,0.06544596,-0.07940408,-0.08290961,-0.7201072,-0.1545186,-0.17719604,0.22862738
-0.5355342,0.0,-0.07427298,-0.07209236,0.03832926,-0.01777112,-0.31382895,-0.3280875,0.003473392,-0.009015071,0.00095660076,5.881296e-05,0.06732808,0.030725973,-0.031267483,-0.026379377,0.010059926,0.06393147,-0.39208165,-0.0008873054,-0.055634845,-1.3374213
-0.5240443,0.0,0.03970396,0.028145168,-0.095426224,0.013070262,0.009463473,0.06969287,-0.08070381,0.038000327,0.004714352,5.8818776e-05,0.055338442,0.027477399,-0.051744375,-0.0045818323,0.010052407,0.0057194084,-0.0874079,0.016202321,0.019611288,0.5838827
-0.6247007,0.0,0.086322814,-0.031199005,0.02781553,0.026714414,-0.25628704,-0.16528688,0.006203156,-0.030659685,0.002657807,5.881296e-05,-0.05565738,0.014989226,-0.0005346583,0.027782014,-0.007679781,0.13374327,-0.5688906,-0.013783504,0.3167845,-0.53651035
-0.4517392,0.0,0.038401384,0.0101555735,-0.0047514536,0.03092496,0.0150715895,0.07810799,-0.08573507,-0.04263657,-0.030972172,5.8828227e-05,0.2815059,0.0013429034,0.0011682239,-0.055723112,0.03286808,0.046741124,-0.033827245,-0.031320356,-0.02880919,0.5712093
-0.20474407,0.0,-0.045348085,-0.089019164,0.047829926,-0.13191096,0.15241276,-1.6199805,-0.00686653,-0.057999864,0.005693469,5.8776168e-05,-0.1826685,0.017750211,0.008353607,-0.026187247,0.011315055,-0.14559521,0.214494,-0.055317953,-0.06879291,-1.1813482
-0.57658905,0.0,0.029049747,-0.0063155293,-0.17705972,-0.022454211,-0.15716004,0.07300032,-0.067303635,0.0012926683,0.005931428,5.902269e-05,0.0037172385,0.030771194,0.027044818,0.04348635,-0.076629095,-0.041502986,-0.6132493,-0.08798906,-0.17051247,0.17487837
-0.42519844,0.0,0.03322791,0.05327063,-0.07056936,0.008377669,0.024318969,0.23874989,-0.011909063,0.029188337,-0.0026058021,5.8818776e-05,0.018136155,0.003099118,0.024123704,0.03392371,0.014444472,-0.020274678,0.11316405,-0.047105484,-0.009119513,0.539566
-0.44579604,0.0,0.054844916,0.009936006,0.0018382338,0.031684823,-0.03940794,0.024780402,-0.024618976,0.023619602,0.004498934,5.902269e-05,-0.045690652,0.02687785,0.009734388,0.058199994,0.01893121,0.12891495,-0.0119479215,0.02587855,-0.015498819,0.6924842
-0.56551737,0.0,0.045131207,-0.15286641,0.016368527,-0.06568972,-0.05663012,-0.023184955,0.0076525025,-0.15749167,-0.016572338,5.881296e-05,-0.004459217,0.042263307,0.038887233,-0.07586809,0.032201424,0.12738499,-0.02983652,0.0036589024,0.05501587,0.6474576
-0.4703095,0.0,0.05077914,-0.02297531,-0.0051123956,0.006796038,-0.0780058,0.061153196,0.010140519,-0.033490364,0.005095419,5.8775076e-05,-0.03571711,-0.0066559543,0.050657753,-0.13467309,0.032175567,0.097686395,-0.03873818,0.012306784,-0.012328256,0.24473703
-0.47260684,0.0,0.049017854,0.05446807,-0.09940778,-0.024243092,0.08123687,0.048073087,-0.060097147,-0.1956073,-0.118333764,5.9023776e-05,0.2756719,-0.09091752,-0.1455342,-0.10370086,-0.08819005,-0.072687276,0.20268054,-0.080838256,0.013963905,0.51118124
-0.76793027,0.0,0.068229154,-0.017033143,0.0077185305,0.005759757,-0.1419725,-0.063888825,-0.036935635,-0.028717332,0.005148816,5.900742e-05,-0.02879421,0.01986271,-0.0627879,-0.054677036,-0.11134412,0.090773985,-0.39878285,0.017899856,0.03256932,0.770616
-0.1294409,0.0,-0.49890935,-0.01111154,-0.05014304,-0.052716646,0.07335675,-0.016255299,-0.0010044713,0.011198486,0.0035481134,5.9119862e-05,-0.072716385,-0.20811631,-0.20271693,-0.150921,-0.32667458,-0.2381541,0.17102319,-0.047826916,-0.111898504,-1.3720763
-0.26401854,0.0,-0.29408497,-0.032443527,-0.08637879,-0.07333402,-0.03460987,-0.110194564,-0.042347006,-0.08470299,0.0031971799,5.8720405e-05,-0.07982573,-0.04059603,-0.24631892,-0.088061355,-0.20155044,-0.41993833,0.03189351,-0.01298458,-0.08540212,-1.5484301
-0.5247266,0.0,0.0447727,-0.07125481,-0.012214103,-0.31626818,-0.26698133,-0.0017127107,0.01780664,-0.081505276,0.004221271,5.881296e-05,-0.040606704,0.021557853,0.03476286,-0.042184114,0.0055054054,-0.008492167,-0.58776087,-0.0051753893,0.09399797,-0.78756744
-0.5853441,0.0,0.059968177,0.021329265,0.008797342,0.013348366,-0.07833506,0.0757704,-0.004921633,-0.030909482,0.004357035,5.902269e-05,-0.052552637,0.014178183,0.0058926074,0.0120185735,0.028640715,0.1123521,-0.3060815,0.025281897,0.018906595,0.7040049
-0.60278493,0.0,0.03168377,0.004969567,0.032456424,-0.008697995,-0.19936329,0.103550985,-0.07922654,-0.040655147,-0.008712768,5.8580616e-05,0.1655468,0.02750992,-0.07703329,-0.0060962792,0.048432086,0.13625062,-0.5752905,-0.00018733961,0.055542435,0.6180221
-0.4497696,0.0,0.019930499,0.028641628,-0.040010702,0.018582745,-0.28168216,0.011970859,-0.060371518,-0.043191005,-0.01315149,5.902269e-05,0.15468451,0.0052692103,0.027883913,0.039846387,-0.06040985,-0.031189742,-0.7330546,-0.10492892,-0.19852944,0.2017276
-0.1689879,0.0,-0.320398,-0.017600728,-0.06008222,-0.03821037,-0.2008251,0.024712617,0.029576292,-0.041110862,0.001988101,5.8525944e-05,0.044876713,-0.04924015,-0.05621566,-0.106530786,-0.24935152,-0.26860014,-0.12979965,0.0049703224,-0.083893076,-1.4943212
-0.47875965,0.0,0.06372764,0.009884653,0.014000669,0.016676808,0.17699717,0.06691845,0.006166283,0.033386596,0.0051336633,5.8818776e-05,-0.06999202,0.0064437017,0.0033985495,-0.0011067094,0.011153538,0.08707904,0.10680428,0.016742578,0.020750247,0.48371816
-0.5377495,0.0,0.049676586,-0.013598233,0.002778047,0.028922407,-0.079831906,0.027768418,0.007385385,-0.03491278,0.006186036,5.8818776e-05,0.02174052,0.011204863,-0.010961928,0.0023416884,0.034296844,0.02609488,-0.06103976,0.019745614,0.006603554,0.6299821
-0.25537306,0.0,-0.40365735,-0.08046406,-0.032942712,-0.048002392,-0.17106402,-0.4562924,0.005088966,-0.03650932,0.002947375,5.8376707e-05,-0.113238074,0.009158169,-0.03897616,-0.09959008,-0.12599957,-0.26604903,-0.10049666,0.0028466159,-0.101154745,-1.7110178
-0.38602132,0.0,0.06550621,0.005159127,0.006464816,-0.029824886,0.24877226,0.052707385,-0.020680621,-0.0233179,0.0045480863,5.9119862e-05,-0.0981473,-0.0068594012,-0.032640763,-0.0611205,0.005278677,-0.25885233,0.2893928,-0.016299333,0.0074409638,0.31981224
-0.5536244,0.0,0.04382424,0.023751454,-0.00092281535,0.0318691,-0.1490927,0.049099486,-0.010540762,0.022787763,0.001544818,5.902269e-05,0.01437828,0.014075628,-0.089502625,-0.103934444,0.024067339,0.06493264,-0.3255141,0.00037733992,-0.08168177,0.6246641
-0.62030363,0.0,0.03910333,0.011969542,-0.06309786,0.001684536,-0.08645059,0.017031115,-0.053884503,-0.06383164,0.002052074,5.902269e-05,0.034736857,-0.0047325464,-0.057609204,-0.11771615,0.02669462,0.053267345,-0.59875286,0.015828993,-0.045373034,0.70836014
-0.20129018,0.0,-0.080652736,-0.08763093,0.020569239,-0.119016305,0.26492512,-1.0946125,-0.020237416,-0.04393218,0.0043738834,5.9023776e-05,-0.15690558,-0.025384905,0.027556963,-0.014356136,0.05224308,-0.14222962,0.132076,0.011347937,-0.058294963,-1.2288095
-0.20905223,0.0,-0.4102695,-0.09342136,-0.043654256,-0.22373909,-0.1629879,-0.3721157,0.0020194578,-0.047176026,0.00588095,5.8580616e-05,-0.11899925,-0.0060533094,-0.22386238,-0.06211085,-0.14892505,-0.3990896,-0.21346566,0.011159315,-0.10801494,-1.5859925
-0.2832125,0.0,-0.3589466,-0.0033829545,-0.02296032,0.025566094,-0.6124736,-0.1504946,-0.008154222,-0.059870485,0.0011442036,5.8924314e-05,-0.023352878,-0.03744893,-0.041412573,0.03545711,-0.11098193,-0.008273472,-0.8048094,-0.012949402,-0.15185834,-1.2823431
-0.16512838,0.0,-0.3835401,-0.071417935,-0.056890037,-0.07807534,-0.006613958,-0.62609744,0.029887768,-0.024119664,0.0028975878,5.8720405e-05,-0.12626873,-0.019515099,-0.25099283,-0.07157275,-0.13078934,-0.36380592,0.020403542,-0.00658248,-0.10019371,-1.6956738
-0.50811625,0.0,0.038133778,0.07412714,-0.029982151,0.007136921,-0.031072956,0.097134575,-0.06498591,0.028450076,-0.0016069135,5.902269e-05,0.00046009492,0.010038561,-0.038050674,-0.055119313,0.027299078,0.07206096,-0.05714935,-0.07182687,-0.03038212,0.5702272
-0.53512293,0.0,0.06872624,-0.015745267,0.019928694,-0.22502246,-0.78686243,-0.04831791,0.034125585,-0.07024771,-0.011805097,5.900742e-05,-0.07622311,0.07516927,-0.052536074,-0.12736666,-0.083056785,-0.09502655,-0.84877443,-0.041890416,0.15484066,-0.4632444
-0.4724921,0.0,0.042872395,0.023319459,-0.031194404,-0.00082177937,-0.19745927,0.044562563,-0.000692002,-0.2345789,0.0008792434,5.8775076e-05,0.0029709425,-0.030259121,-0.09720953,-0.018860945,0.028272783,0.122428894,-0.31796855,0.0022710601,0.031992387,0.7339013
-0.2733506,0.0,0.0005284711,0.045653857,-0.006588592,0.046440404,0.08896924,0.38005134,-0.033700332,-0.033800784,0.0018307711,5.8571168e-05,-0.055754766,0.03316776,0.035344098,0.02598682,0.15057519,0.022221213,0.026758188,-0.018476656,-0.015954817,-0.7941238
-0.20683676,0.0,0.049689442,0.0072187856,-0.12795813,-0.059389576,-0.092443295,0.0006410413,0.007999282,0.02344296,0.005362336,5.8784983e-05,-0.054346785,0.0035653245,-0.18079278,-0.12984921,-0.1644134,-0.19466501,-0.07406137,-0.0063421763,-0.2509986,-0.8015158
-0.49811655,0.0,0.075478256,-0.076975286,-0.00020373534,-0.09127295,-0.75160384,-0.035239905,0.021437567,-0.040683597,0.008570425,5.881296e-05,0.0720137,-0.0044041895,-0.05240621,-0.076461926,0.01877437,-0.042378318,-0.9626819,-0.009245002,0.15273428,-0.46397105
-0.2631413,0.0,-0.102954485,-0.066435166,0.03152927,0.046335846,-0.5635381,-0.26367438,-0.011738603,-0.032889172,0.0019969533,5.881296e-05,0.13695653,0.037702702,0.028127892,-0.015461609,0.01511957,-0.09007857,-0.70945495,0.014541309,-0.04428124,-1.1522573
-0.421914,0.0,0.046652667,-0.06192578,-0.15952627,-0.022820685,0.34063843,-0.72551775,-0.0060501792,-0.05853156,0.0007709272,5.9008507e-05,-0.041572805,0.036681745,0.06005323,-0.0010993574,-0.09075495,-0.14742462,0.058945887,-0.054204226,0.36557883,-0.23207588
-0.28630903,0.0,-0.5328911,0.056806132,-0.12564813,-0.014888212,0.24175902,-0.13012542,0.017981844,-0.10533908,0.0031163543,5.8720405e-05,0.033504758,-0.053494304,-0.19528344,-0.09588771,-0.3715047,-0.29263812,0.2648359,0.012594275,-0.03633321,-1.5067078
-0.34272856,0.0,-0.17839344,-0.0077600647,0.14572987,0.04994981,0.024392007,0.21819322,0.0028862809,-0.006426315,0.0024490596,5.8924314e-05,-0.09366712,0.010589524,-0.050349582,0.041819513,0.15547644,0.11796417,-0.0282204,0.007339598,-0.044954788,-0.9400008
-0.37540513,0.0,0.05100389,0.01880439,-1.4575944e-05,-0.0014198404,0.1488993,-0.052698083,-0.27807093,-0.060642652,-0.24658927,5.8624315e-05,-0.05575071,0.013233507,-0.078447536,-0.09316544,-0.09401202,-0.08250724,0.17508902,-0.0050788014,0.0022267944,0.5265121
-0.50566524,0.0,0.03322169,0.036097936,-0.12548268,-0.004116301,-0.14525312,0.030398246,0.014722628,0.015713176,-0.00858923,5.902269e-05,-0.006845337,0.0101821935,0.017771414,-0.14055873,-0.06712726,0.0022036731,-0.63434947,-0.111376144,-0.23461185,0.18533924
-0.31636542,0.0,-0.015001738,-0.06841393,0.049036674,-0.0998877,-0.50329584,-0.66950464,-0.011965025,-0.04340588,-0.01620251,5.881296e-05,-0.18063349,0.05546799,-0.04663171,-0.04509009,-0.04631387,0.09423865,-0.20376374,-0.013245374,-0.010965409,-1.1547905
-0.31475332,0.0,-0.1102381,-0.06878483,0.032331996,0.04375185,-0.12242494,-0.0017057845,-0.011090491,-0.04399741,0.0004408328,5.860905e-05,0.15806904,0.042091634,0.016390001,-0.07911091,0.13341168,-0.04229657,-0.13400748,-0.00010433938,-0.070221916,-0.9641787
-0.38392174,0.0,0.09039857,0.020432899,0.012290751,0.07668649,0.39467385,0.05932035,-0.025500054,-0.037601065,0.0071743475,5.8818776e-05,-0.09751203,0.00017357984,0.08288454,-0.007330187,0.038470097,0.016990503,0.50464207,0.03204178,0.20949158,-0.21915719
-0.2126074,0.0,-0.38581073,-0.078383625,-0.08270571,-0.07971441,-0.016967243,-0.6626569,0.005566516,-0.055380628,0.0026058543,5.8376707e-05,-0.10591806,0.048522677,-0.26433545,-0.057526257,-0.1421758,-0.34379324,0.10387566,0.005266694,-0.09840886,-1.6479497
-0.22062302,0.0,-0.32379058,-0.025418382,0.04061376,-0.064003386,0.29035372,0.043305825,0.008247258,-0.004413231,0.0027491578,5.8571168e-05,-0.14998958,0.05208693,0.03766488,-0.076945834,0.017987115,-0.27717012,0.2012939,-0.04974232,-0.08061748,-1.2484018
-0.38501903,0.0,0.04029961,0.030666662,0.11710448,-0.028114267,0.22509357,0.25738755,-0.0433475,-0.084086776,0.004025774,5.8720405e-05,-0.06439159,-0.018635193,-0.14678612,-0.04076444,-0.095878355,-0.11976554,0.28210655,-0.0077411355,-0.09686562,0.37698165
-0.62322766,0.0,0.05739274,-0.0066065146,0.005246569,-0.006074666,-0.10767267,0.034160983,-0.0038533013,-0.030897994,0.0041672215,5.902269e-05,-0.05872144,0.017327003,-0.0005927277,-0.042761054,0.033659287,0.17532817,-0.48822516,-0.010160293,0.049030885,0.78539604
-0.47032228,0.0,0.046671845,0.044769116,-0.0130515015,-0.0025384005,-0.07347271,0.08709467,0.00782168,0.037438706,0.001952651,5.902269e-05,-0.047615215,0.0074606673,0.019030392,-0.06480521,0.02349711,0.12291466,-0.33922195,-0.01676004,-0.036319666,0.6888125
-0.1584969,0.0,-0.2870592,-0.040946674,-0.09468271,0.006969034,-0.21561795,0.010881783,0.00910723,-0.04057619,0.0034262764,5.8729853e-05,-0.03998295,-0.060808674,-0.05384998,-0.112228826,-0.21826474,-0.1770118,-0.16761243,0.008216918,-0.13895608,-1.477455
-0.40345353,0.0,0.042476494,0.035872906,0.02717151,-0.044649478,0.13425411,0.31717423,-0.026078202,-0.06168144,0.002112644,5.8818776e-05,-0.050888907,-0.16382225,-0.076715246,-0.001452464,-0.095101304,-0.12062951,0.37153977,-0.11562713,-0.0043096137,0.55534816
-0.58305967,0.0,0.038392007,-0.00041998018,0.004281847,-0.0030795226,-0.056296084,0.07231926,0.010009888,-0.06179277,-0.008507447,5.860905e-05,0.16459401,0.0044132485,0.023948302,-0.024819855,0.034489583,0.13187377,0.075477585,0.0069037504,0.060625866,0.6067001
-0.14793408,0.0,-0.022116633,0.052031092,0.007708275,0.042529438,-0.10884339,0.34671497,-0.059291255,0.0041369656,0.0027382465,5.900742e-05,-0.13207223,0.047810394,0.041056912,0.0045460663,0.15321231,0.11803545,-0.021062102,0.018130595,-0.016862657,-0.9735503
-0.5635148,0.0,0.044320002,-0.065269046,0.04329662,-0.015765514,-0.1762932,-1.4664537,0.060476597,0.03421549,0.0010440703,5.880351e-05,-0.07715854,0.0020464254,-0.021726256,0.009749777,0.022182975,0.1184658,-0.077865526,-0.0010837452,0.025169838,0.3852044
-0.19224131,0.0,0.034133915,-0.017421499,0.04295277,0.020407362,0.39069003,0.059618123,0.028411752,-0.036419943,0.0037566691,5.8776168e-05,-0.13773152,0.057566337,0.07265947,-0.030615248,0.074127354,-0.12106237,0.29378766,0.0037924768,-0.04485579,-0.915648
-0.5696026,0.0,0.040870167,-0.0058745923,-0.034714393,-0.009567056,-0.19649258,0.057159882,0.0046718353,0.03169026,0.0033189214,5.8775076e-05,-0.05610518,-0.012687324,-0.08394974,0.0039915657,0.034252394,0.17030823,-0.5258243,-0.019474234,0.039448515,0.7986173
-0.62792975,0.0,0.050096124,-0.007170263,0.006523238,0.011848688,-0.09890119,0.026127564,-0.0056781955,-0.031468265,0.004491841,5.902269e-05,-0.052134555,0.0104527045,0.020275405,0.012418671,0.02183848,0.16173589,-0.4104556,0.021893796,0.026249593,0.8122078
-0.40251547,0.0,0.044178504,0.026336124,-0.028163195,0.0061526825,0.02005107,0.08558691,0.013585311,0.048302114,0.0016689321,5.8818776e-05,-0.043557845,0.0028877368,0.009220831,0.065555856,0.017255064,0.03614104,0.09215765,-0.041575484,-0.0059348475,0.6017518
-0.123045065,0.0,-0.07788486,-0.056632604,0.004508883,0.07656091,-0.065647095,-0.71991163,0.02442127,0.004044642,0.014942572,5.8775076e-05,-0.12992895,0.02200058,-0.0130786905,0.037448525,0.0404864,0.11542013,-0.059756424,-0.0036626994,-0.066991314,-1.2672775
-0.41276002,0.0,0.048101682,0.027679909,-0.006771533,0.017160216,-0.039965495,0.057679243,-0.007305524,-0.041348744,0.0055590407,5.902269e-05,-0.06801708,0.010103284,0.0099816825,0.074910045,0.02504024,0.16510898,-0.1190246,0.019318277,-0.008900013,0.6597665
-0.14915857,0.0,-0.32083791,-0.077756055,0.05109072,-0.016324483,-0.14743875,-0.94235116,-0.0012593805,-0.03551044,0.0028249181,5.8580616e-05,-0.10894885,0.02869222,-0.008144223,-0.06922289,-0.0031241742,-0.39757228,-0.19766705,0.0061916383,-0.08107989,-1.600429
-0.66465366,0.0,0.053396724,-0.016724447,0.024004884,-0.032779064,-0.13050713,0.06540464,0.009606217,-0.021968128,0.0054778703,5.8818776e-05,-0.012643251,0.006464163,-0.0126162395,-0.041421473,0.0051745805,0.0740452,-0.06431447,0.03416324,0.033921354,0.33359405
-0.59481764,0.0,0.045781046,0.01674375,-0.026058715,-0.024559962,-0.07898099,0.049617287,0.020540643,-0.041925307,0.0015242754,5.900742e-05,-0.024745295,0.0041791108,-0.06448199,-0.03294014,-0.17457417,0.098821744,-0.047205925,0.01832759,0.052599918,0.6704154
-0.5441364,0.0,0.08201674,-0.015742488,-0.0043120407,-0.009786958,-0.4590862,-0.15725519,-0.020280758,-0.07136163,0.0036318912,5.902269e-05,-0.090537444,-0.008605733,-0.024250751,-0.024545895,0.022720752,-0.01374091,-0.54771274,0.013991116,0.18954054,-0.74840695
-0.63029814,0.0,0.05018313,-0.0250366,0.03757236,0.047102828,-0.17796913,-0.0032641185,-0.027218333,-0.028018657,0.0024385832,5.8775076e-05,-0.082157984,0.02389159,-0.02060669,0.014421163,0.028923519,0.04689984,-0.11109628,-0.03199759,0.1956695,-0.59072953
-0.16094722,0.0,-0.11470765,-0.06578746,0.04573149,0.01508183,-0.23612031,-0.28481954,0.0019470385,-0.034990635,-0.0012631206,5.8580616e-05,0.09277811,0.06023203,0.0450304,0.021895945,0.07310477,-0.45905086,-0.24835321,0.0044149472,-0.045795504,-1.1458112
-0.11390177,0.0,-0.36069468,-0.022952432,-0.1897602,-0.044064965,-0.100541145,-0.102416,0.012391898,-0.033561513,-0.006600613,5.8525944e-05,0.2530507,-0.060659125,-0.025062263,-0.11043266,-0.29020137,-0.40653843,-0.097950265,-0.0006370161,-0.14300072,-1.4622443
-0.2932683,0.0,0.07806817,-0.008826056,0.02090243,0.08553826,0.37064978,-0.09913987,-0.05831173,-0.036366705,-0.027173206,5.8624315e-05,0.16736811,-0.0046844105,-0.024095776,-0.03173704,0.036984608,0.024664398,0.37921134,0.0016520955,0.080043085,-0.3852824
-0.42083395,0.0,0.07289859,-0.075225994,0.008928558,-0.21087448,-0.71341467,-0.08496567,0.0020663675,-0.052101746,-0.0114775,5.900742e-05,-0.05996372,-0.004308402,-0.0056960406,-0.0901793,-0.09388929,0.01983391,-0.33576158,0.036469202,0.1439832,-0.7407975
-0.40137932,0.0,-0.11435812,-0.06789018,0.033092476,-0.099302426,-0.42487115,-0.15654294,0.008594275,-0.088450246,0.0053476486,5.8828227e-05,0.23044358,-0.045003295,-0.020774784,-0.019560475,0.05484415,0.03821052,-0.6066238,-0.0060212514,-0.048738927,-1.2419946
-0.38621777,0.0,0.036133833,0.031356838,-0.2859339,-0.051735826,-0.053700846,-0.000517709,-0.011636867,-0.075036615,-0.03302669,5.8818776e-05,0.1541202,-0.28222224,0.0016551177,-0.023086276,-0.09494012,-0.072213285,0.03399389,-0.24943376,-0.16891615,0.19864154
-0.29685542,0.0,-0.25850424,-0.010626292,0.008129381,0.021867007,-0.73697615,0.039676543,0.0035308788,-0.051513758,0.0068555176,5.8729853e-05,-0.11438866,-0.06728764,-0.00075949857,0.0008197366,-0.11281495,-0.08688217,-0.6796789,0.03583579,-0.13788447,-1.405461
-0.22333682,0.0,-0.28174105,-0.050903276,-0.10512789,-0.015415914,-0.34037212,-0.017176453,0.011019841,-0.06303641,0.003095593,5.8729853e-05,0.04069437,-0.05855383,-0.05286435,-0.08857561,-0.17238039,-0.21016239,-0.50533026,0.023368761,-0.13791546,-1.4819204
-0.22050072,0.0,-0.009900131,0.02137798,0.081132695,0.04675594,-0.034845814,0.39125928,0.04859067,-0.01821151,-0.0015703151,5.881296e-05,0.14197744,0.046414696,0.046968736,0.049136527,0.2033705,0.15868606,-0.07538608,-0.018561207,-0.007887109,-0.68613863
-0.3557404,0.0,0.035721853,0.035300747,-0.21399666,-0.013308339,-0.012791931,-0.014976471,-0.018897064,-0.023587689,-0.021641178,5.8818776e-05,0.16495918,-0.1001994,-0.03172682,-0.019368125,-0.10374109,-0.14966094,0.005480711,-0.096306965,-0.16971973,0.29214695
-0.24209468,0.0,-0.21580578,0.0031517416,0.01224372,0.056185395,0.028426372,0.21703377,-0.028922686,-0.041781086,0.004811257,5.8924314e-05,-0.07196056,-0.032791372,0.026545726,0.047181033,0.08709822,0.13303941,-0.04056133,0.018410856,-0.102630794,-1.0162303
-0.2720471,0.0,0.042922456,0.04402437,-0.3059083,-0.04363305,-0.036921628,-0.056005135,-0.03224746,0.030974936,0.0050189244,5.8956237e-05,0.04845449,-0.14822313,-0.083786964,-0.10938423,-0.18094264,-0.19289544,-0.06517575,-0.027346872,-0.22938888,-0.7865332
-0.5706452,0.0,0.041862562,-0.0022569494,-0.11532906,0.0046029836,-0.09972933,0.068067245,-0.080413245,0.029492965,0.0066222535,5.8818776e-05,0.0025555873,0.01275418,0.0076608984,-0.058358844,0.006297648,0.025327694,-0.058558688,-0.06571096,-0.041494567,0.6121026
-0.519062,0.0,0.046863034,0.04640103,-0.054719046,-0.009099693,-0.06297442,0.068952225,-0.0055452767,-0.03696703,0.0019758728,5.902269e-05,-0.05149921,0.009746479,0.025696425,0.027877431,0.009761363,0.12507398,-0.24295792,-0.040402215,-0.015285663,0.69388807
-0.34685043,0.0,0.04341295,0.024899106,-0.11106503,0.0033017665,0.1960707,-0.0059055598,0.020800877,-0.0025515168,0.0057090665,5.9218237e-05,-0.055110227,0.0026606822,0.0010574001,0.02225188,0.0150637105,-0.16593498,0.15809779,0.031396877,0.025894785,0.4857655
-0.48573732,0.0,0.05001661,0.023002552,-0.008719642,0.01947326,-0.014251201,0.06406217,-0.026490442,-0.04672254,0.005004796,5.8818776e-05,-0.052236218,0.010993896,0.028282601,-0.00608365,0.030872589,0.117786266,0.06785667,0.012344102,0.011860713,0.6571174
-0.15487316,0.0,-0.41304758,-0.028244697,-0.06371919,-0.07735642,0.2360991,-0.04231694,0.033573397,-0.006962681,0.0041102776,5.8720405e-05,-0.09805297,-0.058165297,-0.24533938,-0.08460295,-0.2615135,-0.21124272,0.19042093,-0.015624075,-0.08505872,-1.494407
-0.278287,0.0,0.049578134,0.0047394447,0.030510463,0.027801655,0.46328446,0.24235758,0.0098819025,-0.0042184726,0.0051630056,5.8818776e-05,-0.10859886,0.024675814,0.14253804,0.03984254,0.17897083,-0.108132325,0.57612264,0.02663821,-0.045937747,-0.76036
-0.56958914,0.0,0.053367123,0.019597903,0.007878157,0.010175029,-0.20608045,0.0931195,-0.0013184987,-0.04316393,0.0038521457,5.902269e-05,-0.060728785,0.010076441,0.0059109433,0.010337116,0.032645028,0.17125489,-0.5172123,-0.005393577,0.035251573,0.746509
-0.24690856,0.0,-0.02639628,0.03263465,0.0973216,0.0708709,-0.047649935,0.30606484,0.074628375,-0.02512365,-0.007247437,5.8624315e-05,0.34568974,0.02565534,0.032916456,0.03894606,0.13041894,0.05271403,-0.0107316235,0.005096499,-0.0107606575,-0.71759725
-0.4962699,0.0,0.026289985,-0.00633224,-0.015090402,-0.010833644,-0.9928227,-0.09971201,-0.005655396,-0.06032525,0.008456903,5.8828227e-05,0.12546043,0.022313263,0.012312156,0.06346953,0.023438158,0.039065957,-1.3422104,-0.040593125,-0.09271697,0.43036976
-0.38413876,0.0,0.058867116,0.0396135,-0.018727662,-0.0026589814,-0.30706164,0.070971645,0.027509728,0.0054390384,0.0044575296,5.916015e-05,-0.03942912,-0.00352484,0.027007932,0.0430531,-0.018701533,-0.059911102,-0.7596661,-0.026788447,-0.26297036,-0.6818124
-0.6063943,0.0,0.035416212,-0.0025943404,-0.045452602,0.005895694,-0.6339208,0.109976664,0.007163191,0.03359857,0.002944738,5.8775076e-05,-0.059743777,-0.024403227,0.026663108,0.18554585,0.024546359,0.07794913,-0.9624993,0.13935114,0.044251516,0.6676144
-0.38938928,0.0,0.05688653,0.033425603,-0.039261572,-0.010508068,-0.2964781,0.060208242,-0.013881116,0.008647808,0.005359493,5.916015e-05,-0.07520372,-0.009809046,0.022451723,-0.01635142,-0.07740618,-0.091382064,-0.8390995,0.0023622797,-0.28463018,-0.75700593
-0.20916677,0.0,0.04755908,-0.01622644,-0.18259446,0.046503235,-0.111456275,0.04478856,-0.0177637,-0.10498462,-0.04006766,5.896569e-05,0.14895585,-0.0042705955,-0.020722432,-0.10446846,-0.13830657,-0.10166145,-0.16673514,-0.006657426,-0.31746277,-0.66397226
-0.34768754,0.0,0.05498261,0.061035164,-0.052196216,-0.0030749217,0.10846363,0.2589004,-0.01059311,0.022492219,-0.02096199,5.9218237e-05,-0.027165357,-0.07969024,0.0055492576,-0.10743505,-0.07928603,0.0049647847,0.2349223,-0.04625595,0.019299222,0.54689884
-0.29455638,0.0,0.0369559,0.040723644,-0.14783822,0.022118751,-0.0536781,0.033679973,-0.021699961,-0.030469095,-0.023365756,5.902269e-05,0.1784436,0.0051816353,0.01838063,0.063239396,-0.060331766,0.057615425,-0.04395976,-0.07870151,-0.13578764,0.24611309
-0.50765795,0.0,0.060242027,-0.010799272,0.004112117,0.032373313,-0.22060327,-0.10724083,0.043847885,-0.059283085,0.003313291,5.900742e-05,-0.038342346,0.033422373,0.010075407,-0.034489233,0.05461652,0.1927252,-0.53369665,0.027210392,0.061130013,0.84495425
-0.1772232,0.0,-0.38834494,-0.035177127,-0.21551394,-0.03210097,-0.16704147,0.090503916,0.025266686,-0.05376525,-0.011998162,5.8624315e-05,-0.05971807,-0.047484815,0.0028792273,0.039429568,-0.26575682,-0.3422471,-0.12270553,-0.08550077,-0.056092948,-1.5079513
-0.5973538,0.0,0.04227549,-0.0005984533,-0.052280597,-0.013300519,-0.83265394,0.08787303,0.009304812,-0.02080195,0.0032909706,5.902269e-05,-0.052937888,0.016686514,-0.06213297,-0.14715959,0.025519265,0.07133248,-1.2789819,-0.041809455,0.06601634,0.5525304
-0.29571116,0.0,-0.29746887,-0.05263512,0.0038307488,0.012324464,-0.5555618,0.03503122,0.017220424,-0.038963616,0.00086144544,5.8729853e-05,0.068766005,-0.072223574,-0.0028871286,0.029727988,-0.003313343,-0.12718482,-0.6745346,-0.0024692933,-0.07317609,-1.3021883
-0.27199265,0.0,-0.35010454,-0.050115146,0.05455147,-0.02191862,-0.36186627,-0.78076595,-0.0011812935,-0.02602614,0.0051827477,5.8580616e-05,-0.12205777,0.01595206,-0.0025566684,-0.04208787,0.01238369,-0.20074147,-0.6570785,0.012675728,-0.09809031,-1.533989
-0.31080616,0.0,-0.07545763,-0.06201369,0.056707654,0.029809194,-0.15437742,-0.5317499,0.0013746795,-0.030405683,0.0030861867,5.8580616e-05,0.056483414,0.042577066,-0.0015768041,0.025543677,0.03879951,-0.24870373,-0.13711804,0.005521357,-0.062127057,-1.2547809
-0.27640623,0.0,0.084965296,0.06158018,0.051184576,-0.22401428,0.42647466,0.23075473,0.004370851,0.022678807,0.006533522,6.82081e-05,-0.05267467,-0.12003952,-0.15141702,-0.16312172,-0.10075879,-0.23459624,0.27679548,-0.043166313,-0.095195495,-0.43688953
-0.3694727,0.0,0.04959367,0.023414575,0.009029128,-0.04734525,0.26993263,0.04627906,-0.03619181,0.05353312,-0.028068673,6.82419e-05,-0.026264237,-0.04108324,-0.15860325,0.049938582,-0.11340158,-0.25853518,0.19111812,0.042514794,-0.093238086,0.31802523
-0.3402681,0.0,-0.0348373,0.043315865,-0.035497565,0.05533865,-0.05380472,0.194942,0.07767659,-0.09729312,0.005580709,5.902269e-05,0.017098272,-0.021815067,0.031197673,0.019084075,0.11471055,0.047214884,-0.025278015,-0.091026254,-0.03516166,-0.9533175
-0.21300185,0.0,0.009190167,0.0100893695,-0.019119548,-0.03803439,0.32108787,0.029184997,-0.026649883,-0.009982296,0.0038388958,5.9119862e-05,-0.14778487,-0.06432634,-0.059701774,-0.08084626,-0.17123026,-0.27051473,0.37740412,0.0027361715,-0.03062044,-1.2697903
-0.54406047,0.0,0.044654097,0.029023426,-0.072660394,0.009549643,-0.099943325,0.034907468,-0.06085681,-0.039688498,0.004097551,5.902269e-05,-0.038153388,0.011873198,0.008134811,0.07258088,-0.066132404,-0.025273064,-0.03962387,-0.062012926,-0.018984675,0.59727234
-0.45625687,0.0,-0.08382565,-0.053152435,0.013798326,-0.027416883,-0.37864253,-0.2024446,0.009754255,-0.022416333,0.003174429,5.8828227e-05,0.05087876,-0.07619893,0.01653343,-0.023603065,0.040200826,0.094231606,-0.6150499,0.009310883,-0.04212176,-1.2313254
-0.38104835,0.0,0.07120681,-0.06855963,0.0050291982,-0.17960261,-0.971806,0.011790849,0.0012613345,-0.04516397,0.004773208,5.8828227e-05,-0.0067143408,-0.020515027,-0.039030198,0.02849502,0.03867183,0.018445598,-0.94070685,0.019804765,0.16914466,-0.48892635
-0.7159603,0.0,0.06635235,-0.008964877,0.00429943,-0.113785446,-0.11160732,-0.1164198,-0.007594592,-0.13734429,0.0039372686,5.900742e-05,-0.038185865,-0.012145148,-0.048959985,-0.04008063,0.053631924,0.15544428,-0.48754048,0.022854272,0.054396834,0.86301243
-0.5867639,0.0,0.02459673,-0.04739954,0.008561993,0.037882134,-0.6617777,0.03562154,-0.13284501,-0.07643908,-0.052098498,5.8828227e-05,0.15285462,0.004641234,-0.02181436,0.034959234,0.009441558,0.1399445,-0.5920753,-0.08001141,-0.29789072,0.17369838
-0.40074596,0.0,0.031984735,0.0492308,-0.28953415,-0.0036458808,-0.13439833,0.14658763,-0.030796047,-0.040413965,-0.0014012663,5.8818776e-05,0.08130102,-0.12792942,-0.024344364,0.021446513,-0.08440241,-0.031297147,-0.09969624,-0.19959179,-0.1792665,0.19473402
-0.40956885,0.0,0.06829549,0.055375095,0.019991597,0.071639076,-0.013876573,0.12112637,-0.027338544,-0.046557803,0.0021875899,5.8818776e-05,0.07936468,0.010619609,0.0022848856,0.036164794,0.00033976545,-0.042077538,0.05278421,0.019880287,0.18301484,-0.57090735
-0.28002667,0.0,0.04423071,0.03839423,0.036193013,-2.7252827e-06,0.22932538,0.25162533,0.009366785,0.033125084,0.0020589235,5.8818776e-05,-0.08155364,-0.119403854,-0.054403193,-0.050982803,-0.0990674,0.0042961016,0.183861,-0.02209631,-0.00081173587,0.54755723
-0.40515628,0.0,0.068714105,-0.035577882,0.036034007,0.089602865,-0.085869305,0.13212633,0.048668746,-0.01141448,-0.0336538,5.8828227e-05,0.03748488,0.009077047,-0.0051862304,0.011475264,0.042940296,0.04485905,-0.04211224,-0.02451425,0.1440794,-0.50023675
-0.66455203,0.0,0.057710644,-0.04932579,0.051601626,0.0052735764,-0.37999254,-0.35919756,0.024428267,-0.07679488,0.0031096847,5.881296e-05,0.069316044,0.025278822,-0.026038546,-0.033911817,0.01581214,0.18642616,-0.5293049,0.013633296,0.05780799,0.42485598
-0.3554832,0.0,-0.39847013,-0.05332152,0.04034806,-0.16043927,-0.32611954,-0.50422204,0.018654535,-0.0422007,-0.0009819169,5.8924314e-05,-0.15826291,-0.058589224,-0.06459514,-0.023080846,0.0075665102,-0.06450524,-0.6746864,-0.007714339,-0.08440319,-1.5157179
-0.26709437,0.0,0.03203612,-0.09945932,-0.025805058,-0.079622835,0.27622977,-1.6485906,0.007917239,-0.028132983,0.002827346,5.920297e-05,-0.22957262,0.02960851,0.04363456,-0.01874873,0.08038725,-0.21246861,0.43872133,-0.043821976,-0.079047404,-1.1333877
-0.24120365,0.0,-0.09355551,-0.020940518,0.00048675912,-0.11339314,-0.5419882,-0.32169178,-0.018851755,-0.051209487,-0.008563089,5.900742e-05,-0.118454345,-0.0010569512,-0.024860742,-0.04374824,0.06941123,0.1096086,-0.40837342,0.024644092,-0.008141013,-1.4513246
-0.58345836,0.0,0.043542303,-0.034254648,0.03233011,-0.13460313,-0.15869528,-0.2791112,0.034056306,-0.03397115,0.0020564818,5.880351e-05,-0.066089965,0.021146847,-0.026606226,-0.014341623,-0.017198978,0.1680485,-0.10467616,0.009368895,0.15153705,-0.6317302
-0.60757095,0.0,0.055183772,0.014128356,0.0053589907,-0.029895,-0.107082024,0.025669048,-0.019133432,-0.05087601,0.004517581,5.902269e-05,-0.04013282,-0.0060197166,-0.0071070166,-0.03623004,0.022011247,0.109843835,-0.48756638,0.027089965,0.0480915,0.82727605
-0.5073681,0.0,0.035963386,0.03445971,-0.0162579,-0.0023191795,-0.40400478,-0.00084901776,-0.005287322,-0.045785356,0.0013313527,5.902269e-05,-0.050602697,0.014822503,0.018062295,-0.06710417,0.008590392,0.171515,-0.5008335,-0.05411727,-0.03215089,0.6977264
-0.16113326,0.0,-0.07523123,-0.068915226,0.017068315,0.015209223,-0.1560401,-0.50175494,0.0012008171,-0.045239296,0.0037181005,5.8376707e-05,0.025830224,0.041820534,0.0075430484,-0.06744114,0.026151774,-0.35414875,-0.10686233,0.011624971,-0.06805409,-1.4627167
-0.34482354,0.0,0.045110106,0.03299324,-0.07425835,-0.004344253,0.20541549,0.20769836,0.007521767,0.03595364,0.0036839421,5.8818776e-05,-0.09603021,0.016940553,0.005955685,0.026273262,-0.07991326,-0.016486317,0.1089828,-0.04657155,0.018017406,0.5433519
-0.5216398,0.0,0.07881352,-0.06648679,0.030147552,0.082984775,-0.13408498,-0.15915519,0.018197447,-0.03244798,0.0037526188,5.8580616e-05,0.04437355,0.0119562205,-0.01831825,0.005769378,0.014175802,-0.009710056,-0.08596552,-0.007127227,0.2764812,-0.42028126
-0.7192228,0.0,0.054719787,-0.01654969,0.049026124,0.001987137,-0.12915963,0.037889257,0.018431045,-0.047169954,0.0045028063,5.8580616e-05,-0.0046188887,0.032261398,-0.079810135,0.008704158,0.031145042,0.14121172,-0.36260033,0.013554653,0.0053049307,0.37768504
-0.06662223,0.0,-0.33708265,-0.020119566,0.03308049,0.002164706,-0.6360026,-0.45307085,0.024909666,0.012997973,0.0031382593,5.8775076e-05,-0.16258124,0.0052822656,0.008494904,-0.06492273,-0.016572904,-0.15311576,-0.46920767,0.011160442,-0.15580913,-1.5241394
-0.5187135,0.0,0.09072468,0.032008905,0.012623443,0.061597206,-0.0997492,0.1062417,-0.03387644,-0.017865188,0.0052914587,5.8818776e-05,-0.073513515,0.0071092243,0.022781448,0.041569307,0.016395474,0.10508571,-0.018641213,-0.01814463,0.1430245,-0.5361955
-0.40295064,0.0,0.04609897,-0.014101144,-0.14949998,-0.014831849,0.124899805,0.18268178,-0.07636498,-0.07833784,-0.13918555,5.9023776e-05,0.29783756,-0.09575039,-0.14741683,-0.09736241,-0.11341863,-0.03991867,0.19174266,-0.041990094,0.02171011,0.5577174
-0.38685334,0.0,0.039169796,0.045175094,-0.24320897,-0.057537593,-0.12152536,0.036284734,0.0072543565,0.036602974,0.004442502,5.8818776e-05,-0.03726878,-0.2722515,-0.0037896896,-0.11549117,-0.08119843,-0.10442942,-0.112086646,-0.27466646,-0.21126023,0.15139343
-0.17023093,0.0,-0.34742394,-0.057658073,-0.23829617,-0.26911095,0.32347038,0.040003154,0.011792061,-0.112424634,0.0017401006,3.9923336e-05,0.031739444,-0.044363476,-0.251976,-0.14346144,-0.26002312,-0.38149756,0.037108324,-0.06744347,-0.07519366,-1.3151339
-0.6148628,0.0,0.05441736,-0.003423503,-0.030556459,-0.052928098,-0.099873535,0.009949,-0.008896731,-0.07765625,0.0041917837,5.900742e-05,-0.039990116,-0.026594877,0.00951751,-0.04970046,0.03428618,0.1419634,-0.50491154,0.023182914,0.055766974,0.84538627
-0.15731123,0.0,-0.38592672,-0.09499646,-0.042006772,-0.04198947,-0.11236371,-0.41233295,0.0067247446,-0.020500781,0.0034598294,5.8580616e-05,-0.09404415,0.009474178,-0.11675659,-0.060301784,-0.079636,-0.42595372,-0.21217325,0.0143978195,-0.09283634,-1.6041307
-0.16931243,0.0,0.056544714,-0.031076508,0.013139947,0.0015784057,0.4640664,-0.11543431,0.007973149,0.015109377,0.004801052,5.8720405e-05,-0.2075004,-0.074222915,0.106930695,-0.011511221,-0.0012196344,-0.24551947,0.570984,-0.018130517,-0.04597692,-1.1179554
-0.23767538,0.0,-0.33788905,-0.08353157,-0.013455707,-0.075371996,0.0049862736,-0.8920583,0.004118299,-0.03925038,0.0019193745,5.8376707e-05,-0.09741687,-0.005897585,-0.015091159,0.020280564,0.027912354,-0.47112232,0.023858551,-0.0033930766,-0.0796752,-1.5562227
-0.29041275,0.0,-0.30984896,-0.047550462,-0.008800509,0.0010931538,-0.8223746,-0.7766071,7.5832875e-05,-0.052787613,0.002903369,5.8580616e-05,-0.1391037,-0.027956357,-0.01223911,0.06752809,0.004278299,-0.027959842,-0.7673189,0.035058044,-0.15288252,-1.4435954
-0.27087033,0.0,-0.29102656,0.025749888,-0.14073408,-0.044285033,0.29091123,0.47301325,0.0029399348,-0.020591415,-0.027938018,5.9119862e-05,-0.018736312,-0.098880395,-0.21543172,-0.106162876,-0.19911005,-0.2659533,0.21171911,0.022294067,-0.07318725,-1.0908709
-0.71353257,0.0,0.07228072,-0.04550215,0.050400466,-0.2059954,-0.16713017,-0.04211462,0.010863191,-0.07298601,0.0014889505,5.900742e-05,-0.10172361,0.04629855,-0.101886235,-0.064878926,-0.045447674,-0.049736958,-0.11597367,-0.0316681,0.09029466,-0.63176984
-0.26416898,0.0,0.06685818,0.051774215,0.03067282,-0.05901623,0.30263945,-0.10182493,-0.017003065,0.027989764,0.003868197,5.8956237e-05,-0.010967132,-0.119889,-0.18732569,-0.08888471,-0.14088978,-0.15088059,-0.038949016,-0.124441355,-0.20306036,-0.62426376
-0.60109484,0.0,0.046907123,0.014004143,-0.036018923,0.0050924793,-0.09421941,0.077929534,-0.06273148,-0.1518318,0.00043676136,5.900742e-05,-0.029406259,-0.030613862,-0.07096308,-0.014541865,0.039629348,0.08853642,-0.5897092,0.005542335,0.02897398,0.68553215
-0.4381168,0.0,0.053198796,0.019744162,-0.020268688,0.0056203874,0.025083195,0.09513301,0.0051197195,0.042285368,0.0035563915,5.8775076e-05,-0.062366936,-0.0146437455,0.0055464767,-0.060798388,0.03710783,0.05974034,-0.030536868,-0.008361842,0.02500766,0.60197604
-0.3683819,0.0,0.04436322,0.045521315,-0.18892433,-0.030926764,-0.25752372,-0.008139112,-0.06200851,-0.0044865324,0.002795853,5.8956237e-05,-0.05646047,-0.0066361795,-0.07193349,-0.10537649,-0.14623582,-0.18737264,-0.1435557,-0.0030782018,-0.25871888,-0.7288199
-0.4155665,0.0,-0.110364355,-0.07327442,0.064450845,0.057859495,-0.5084867,-0.3728205,-0.01342207,-0.048476275,0.0063747223,5.881296e-05,0.21086265,0.09361963,-0.039164465,-0.033232342,-0.13913421,-0.11667702,-0.4750874,-0.0141949095,-0.060550988,-1.1557058
-0.14521886,0.0,-0.3466891,-0.020240806,-0.124301195,-0.053256016,-0.07487625,-0.008164651,0.008996332,-0.008512735,0.0050775823,5.902269e-05,-0.053055063,-0.113234766,-0.09416393,-0.069739155,-0.24118702,-0.2043442,-0.42603704,-0.055942148,-0.13854879,-1.497295
-0.69635516,0.0,0.054592907,-0.028677871,0.041940216,-0.030866364,-0.27128515,-0.18629386,0.0065296334,-0.014141472,0.004778504,5.8580616e-05,0.055041008,0.007932814,-0.07110135,0.006814033,-0.03151862,0.23767535,-0.5935823,-0.016835852,0.2708078,-0.6396373
-0.48771492,0.0,0.04678704,-0.0124641135,0.041526143,-0.06205764,-0.021533666,0.040505726,0.03549264,-0.018708587,-0.010531275,5.860905e-05,0.17673892,0.012928271,-0.01282441,-0.020606989,-0.035353996,0.085771,0.12989326,-0.00046726287,0.2735158,-0.4662784
-0.4223736,0.0,0.060258515,-0.10112342,0.04540506,-0.035979252,-0.31403154,-0.035242874,0.022005681,-0.048108164,0.0037825108,5.8580616e-05,0.09437321,0.025442218,-0.046779227,0.047250073,-0.0044898344,0.17497283,-0.19331746,0.024092482,0.052039634,0.7420645
-0.29340315,0.0,0.078162834,-0.010755281,-0.014562771,0.008870898,0.30062008,0.06880818,0.0325848,0.012804154,0.007369964,5.880351e-05,-0.09165173,0.022577414,-0.01143589,0.01837659,0.054281488,0.005109798,0.36302474,0.033216197,0.19553807,-0.35727724
-0.4184831,0.0,-0.059913293,-0.070462495,0.011787537,-0.035065867,-0.36334774,-0.59712857,0.0043734033,-0.0042688213,0.0028094505,5.881296e-05,0.10984463,-0.018417584,-0.043553602,-0.0450559,0.056393966,0.0012110388,-0.63840836,0.0041492647,-0.05246582,-1.2937601
-0.36231586,0.0,-0.33279902,-0.059726816,0.026468933,0.019176273,-0.83338994,-0.17292961,0.020722333,-0.033279177,0.016788319,5.8580616e-05,-0.084045164,-0.116359934,0.0077550304,0.09090172,-0.018888138,0.06421806,-0.72098273,0.047979135,-0.1803865,-1.2407645
-0.20343593,0.0,-0.34478253,-0.025365371,-0.107810445,-0.06362968,-0.14915319,0.020346127,-0.031009797,-0.0125321355,0.0034598962,5.8720405e-05,-0.06209537,-0.02391685,-0.16255349,-0.14813673,-0.28494272,-0.40617368,-0.0847493,0.010591569,-0.13729928,-1.541093
-0.54843014,0.0,0.055401582,0.020413976,0.017961927,-0.075339876,-0.5881549,-0.06367645,0.006987984,-0.056956824,9.388241e-06,5.8775076e-05,-0.051422264,-0.014977877,0.027837135,0.09312782,0.009760868,0.19183163,-0.9245781,0.07956394,0.05670893,0.69248724
-0.44348055,0.0,0.039690625,0.03616639,-0.12631673,-0.05724114,-0.021188023,0.21566986,-0.05803788,-0.037919667,0.0029464737,5.8818776e-05,-0.06033825,-0.2192799,0.010704063,0.041027445,-0.088536404,-0.08546766,-0.005961875,-0.15835993,-0.118627995,0.25592238
-0.7551344,0.0,0.03754739,-0.054302722,-0.0073537007,0.045976456,-0.32294843,-1.3489735,-0.013315497,-0.095578015,-0.0007252747,5.881296e-05,-0.032329928,-0.013319177,-0.072202474,-0.10008862,-0.08027292,0.06988918,-0.54215664,-0.0053344276,0.04133617,0.4834356
-0.34713754,0.0,-0.10247663,-0.06592469,0.018589148,0.036010772,-0.13352984,-0.31867072,0.008377803,-0.038343307,0.0014178057,5.8624315e-05,0.07596828,-0.010599097,0.0076264106,0.0064601293,0.055095073,-0.0425206,-0.10986722,0.0021691436,-0.048259296,-1.0458927
-0.14227477,0.0,-0.47136492,-0.032044534,-0.22879872,-0.09889144,0.20505676,-0.030580629,0.013171776,-0.06375986,0.000374784,5.89254e-05,0.07654709,-0.03418979,-0.27419814,-0.08159659,-0.26045835,-0.29955876,0.24729362,-0.048873574,-0.075815685,-1.3908914
-0.3852673,0.0,-0.07881642,0.017818775,0.037897494,-0.142096,-0.8732428,-0.0064886166,0.007925928,-0.029592406,0.0047080116,5.881296e-05,-0.012948573,0.047053635,-0.04951395,-0.002727066,0.069321945,0.05256066,-0.90464723,-0.014325381,0.004046835,-1.0642749
-0.24484032,0.0,-0.4145006,-0.07470406,-0.088128805,-0.046998538,-0.17576456,-0.3184511,0.0065596104,-0.050803114,0.0037858903,5.8624315e-05,0.01034577,-0.017396407,-0.03972533,-0.08131344,-0.15421568,-0.46142507,-0.09645396,0.0051696636,-0.09150472,-1.6823107
-0.7716104,0.0,0.0836875,-0.05978229,0.10671012,0.026718123,-0.12751639,-0.09955408,0.009726305,-0.03830461,0.0036200008,5.881296e-05,0.048474643,0.030724967,-0.014832623,-0.0065935217,-0.08312428,0.12156035,-0.08795426,-0.0076832226,0.29889965,-0.42899382
-0.49519488,0.0,0.048615795,0.01225909,0.013362812,-0.0149510205,-0.049392793,0.09243795,0.0070307422,0.036879357,0.005043465,5.902269e-05,-0.041061413,0.013497119,-0.012929076,-0.0344539,0.040578842,0.11316565,-0.015905133,0.013160576,0.04383032,0.67407024
-0.525798,0.0,-0.07741487,-0.030174015,0.017489439,-0.06524155,-0.26248682,-0.71703464,0.0053501935,-0.08991961,0.0022081102,5.900742e-05,-0.13226126,0.014964792,-0.054047886,-0.049326777,-0.015872676,0.16888024,-0.29161215,-0.0103835175,-0.066099435,-1.4912486
-0.37024525,0.0,-0.045262754,0.02259788,0.034150172,0.043282215,-0.049405348,0.3168277,-0.029796008,-0.019138563,0.0050343405,5.8818776e-05,-0.12222234,-0.022163736,0.017120862,0.04258118,0.1600998,0.046076305,-0.029832842,-0.10637422,-0.022535719,-0.91789865
-0.5149525,0.0,0.04579132,0.017198965,-0.030786747,0.010759191,-0.2306517,0.05494119,-0.020340929,-0.017753046,0.0011486381,5.902269e-05,-0.007950444,-0.009058887,0.018766945,0.029240798,0.018772881,0.17405446,-0.5928427,-0.09685308,-0.00017261578,0.6865785
-0.21743488,0.0,-0.35217285,-0.07822864,-0.069501705,-0.074325316,-0.1618235,-0.67225033,0.0020812233,-0.049104463,0.002692839,5.8376707e-05,0.026921669,0.04139796,-0.18886906,-0.06091718,-0.07731647,-0.4622498,-0.11058041,0.006414187,-0.084668696,-1.6300066
-0.4550247,0.0,0.05462552,-0.021307683,0.03122286,0.054737024,-0.07830427,0.018359821,0.017550018,-0.01884946,0.0022212674,5.8376707e-05,-0.045428272,0.028714595,-0.020354256,-0.016091239,0.023579983,-0.03754863,-0.049169414,0.0012673376,0.2115139,-0.5836741
-0.29031593,0.0,0.13667817,0.04217636,-0.014677476,-0.022537362,0.41503304,-0.07527091,-0.009715152,-0.04718545,0.006832694,5.8784983e-05,0.03301938,0.007843914,-0.23425259,-0.10224206,-0.15821055,-0.21195291,0.3669612,-0.006841714,-0.15964791,-0.42855254
-0.44254267,0.0,0.0559944,0.04452358,-0.010786663,-0.0009830425,0.24039239,0.016633159,-0.026461445,-0.028777061,0.003725321,5.8818776e-05,-0.07442214,0.011655181,0.019923132,-0.018853784,0.034388006,-0.018821014,0.32172316,0.0256746,-0.06469988,0.29189363
-0.21572052,0.0,-0.2582887,-0.020235367,-0.018560614,0.052639205,0.054551817,0.18316072,-0.031407513,0.009503522,0.0026818432,5.8720405e-05,-0.11832533,-0.045760285,-0.015139029,-0.018344494,0.031761818,-0.01811274,-0.054266963,-0.023085399,-0.0754883,-1.2038729
-0.09615146,0.0,-0.5423506,0.0024496564,-0.28235236,-0.051923316,0.33598444,-0.07842448,0.021550141,-0.021524593,-0.033297032,5.8720405e-05,0.023350287,-0.05657772,0.057173323,-0.14014505,-0.3347725,-0.16042659,0.41646597,0.022790402,-0.041092698,-1.4279968
-0.2743673,0.0,-0.3322536,-0.064886026,0.03819393,-0.016663844,-0.4294807,-0.81049407,-3.0784307e-05,-0.057704028,0.003482557,5.8580616e-05,-0.089852415,0.013233165,-0.005731055,-0.028625201,0.033579092,-0.0963286,-0.65039444,0.006540835,-0.091744445,-1.483686
-0.18229738,0.0,-0.31431344,-0.07611851,0.044804562,-0.07110602,-0.15969642,-0.9237202,0.004226566,-0.037307534,0.0028249181,5.8729853e-05,-0.08640452,-0.003084285,-0.019873256,-0.059067212,-0.0019295772,-0.40013635,-0.18870574,0.008653416,-0.08266614,-1.6174656
-0.5726436,0.0,0.08292233,-0.04443703,0.01486502,-0.16388083,-0.10829834,-0.1876607,0.016808996,-0.012455561,0.0052075814,5.8624315e-05,0.0034985887,0.0033773626,0.013150041,0.038698237,0.010611863,-0.008454783,-0.056831583,0.023473257,0.14886785,-0.59117067
-0.24885535,0.0,-0.31374538,-0.05022283,-0.028498331,-0.0681571,-0.19481526,-0.8183514,-0.034495402,-0.07886606,0.0029391285,5.8775076e-05,-0.11965104,0.01141674,-0.040567458,-0.07431874,-0.18649425,-0.38304046,-0.20240961,0.012987878,-0.10400639,-1.688573
-0.20299609,0.0,-0.27583224,-0.0355846,-0.04217081,-0.043820757,-0.25332633,-0.20190713,-0.01571834,-0.020370467,0.0024292408,5.8924314e-05,-0.123639576,0.0491268,-0.104217194,-0.090081066,-0.12431394,-0.17775945,-0.4882599,-0.015853617,-0.13269778,-1.5102565
-0.57969457,0.0,0.07048312,-0.052786008,0.036993474,-0.052919555,-0.107454106,-0.2749998,0.02796898,-0.07003237,0.0027806319,5.881296e-05,0.056956854,0.004618229,0.01668339,-0.03763067,0.031185616,0.115312144,-0.06484039,0.04270343,0.02984219,0.44296804
-0.5928099,0.0,0.049555756,0.05249505,0.022665275,0.013522892,-0.08506488,0.049068578,-0.01842334,-0.005587724,0.0049735173,5.902269e-05,0.05902038,0.016229033,0.023301616,0.108241,-0.013477517,0.02882322,-0.5625807,0.028125605,-0.13940914,0.31829324
-0.3479413,0.0,-0.017103907,-0.064150505,-0.07426834,0.013649725,-0.3175038,-0.0063875075,0.006852567,-0.025517615,-3.7541759e-06,5.8775076e-05,-0.21081394,0.028061172,-0.07089038,-0.002563107,0.06336288,0.01733127,-0.64499635,-0.0037761233,-0.06744402,-1.303783
-0.50494415,0.0,0.04117604,-0.0020607642,-0.03068129,-0.0717441,-0.830268,0.057274703,-0.0005623693,-0.08768484,0.004030169,5.902269e-05,-0.08611871,-0.013386623,-0.0048983134,-0.1643352,0.001967601,0.087665334,-1.2397273,-0.07117894,0.057032432,0.5759881
-0.15435417,0.0,-0.35074174,-0.009092952,-0.13334191,0.023397105,0.004367659,0.101898745,0.015117061,-0.01984436,-0.016281396,5.8729853e-05,-0.006306115,-0.050517138,-0.01704748,-0.10104804,-0.23339778,0.06634574,-0.058394745,-0.015470724,-0.1112529,-1.2584498
-0.35601255,0.0,-0.06285479,-0.013676722,0.019707205,-0.0013272918,-0.38911963,-0.2956563,-0.02149061,-0.120587625,0.002956271,5.8775076e-05,-0.15867388,0.006089816,-0.0104120765,0.029869022,0.052185226,-0.03412749,-0.63978934,-0.02466124,-0.05715949,-1.3362383
-0.1288291,0.0,-0.27446657,-0.010631538,-0.073956445,-0.029466154,-0.16236995,-0.058799062,0.012789574,-0.044137165,-0.004260027,5.8525944e-05,0.2725463,-0.07223459,-0.07376413,-0.045022197,-0.21286058,-0.32548022,-0.1632114,0.005473004,-0.14418396,-1.3325131
-0.44060236,0.0,0.020284208,0.025001526,-0.06875494,0.022211257,-0.46385816,-0.08262193,-0.043763038,-0.13586839,-0.012837112,5.8828227e-05,0.16631685,0.01333023,0.035226516,0.039565966,-0.104185924,-0.0065472797,-0.7423431,-0.11065287,-0.20411898,0.29008245
-0.48639536,0.0,0.06258081,0.010908663,-0.027343372,-0.008321977,0.15119024,0.066944964,-0.008800185,-0.00903905,0.008152188,5.920297e-05,-0.055808872,-0.008758039,-0.012856148,-0.041049443,0.04330551,0.08342592,0.29790553,0.019414466,0.049513288,0.4837405
-0.21595725,0.0,0.04211734,-0.0010618864,-0.25078732,-0.015622999,-0.10608369,-0.071981885,-0.016290242,-0.08550542,-0.02076616,5.896569e-05,0.14902918,0.008800226,-0.18759872,0.021309776,-0.16516016,-0.1486197,-0.14643244,-0.009333086,-0.3227834,-0.6759266
-0.5437103,0.0,0.043791562,-0.0015330224,-0.08905371,0.0069552986,-0.07655359,0.0682253,-0.052425697,-0.046022173,0.004947887,5.902269e-05,-0.0063121184,0.022567991,0.008956563,0.027997846,-0.07550129,-0.016774908,-0.035390563,-0.063468285,-0.0116528785,0.58391845
-0.33360398,0.0,0.042488586,0.031897165,-0.18942676,-0.05268013,0.020407153,0.029150853,-0.0135745965,0.06067813,0.004130958,5.8818776e-05,-0.066910185,-0.23564285,-0.003430953,-0.0073997057,-0.07904438,-0.112247646,0.068975896,-0.24725188,-0.047760554,0.65385544
-0.15889746,0.0,-0.35149908,-0.07938634,0.031491052,-0.07817215,-0.09687535,-0.86915755,0.00038253292,-0.03860187,0.002456772,5.8376707e-05,0.0317799,0.026869383,-0.006052771,-0.08224672,0.031034434,-0.495101,-0.08934237,0.003712615,-0.084274895,-1.5675102
-0.37983367,0.0,-0.06493111,-0.048394468,0.018382898,0.0077364347,-0.59815454,-0.36945912,0.0040135374,-0.038534813,0.006984661,5.8828227e-05,-0.104659066,-0.04034833,-0.019254422,0.007824729,0.020069188,0.047774926,-0.5570634,0.010628892,-0.05300105,-1.583015
-0.28335786,0.0,-0.061496045,-0.01768935,-0.0061925314,-0.016034255,-0.37419507,-0.50161123,0.01968104,-0.0432031,0.0035477744,5.8775076e-05,-0.1562482,0.024013918,0.01087132,0.030684615,0.053642888,-0.15513737,-0.6496215,-0.008710989,-0.059336126,-1.5138056
-0.28011057,0.0,-0.28802454,-0.08188607,-0.108765826,-0.01637162,-0.42517877,-0.11087663,0.006849295,-0.043011706,0.00637917,5.8580616e-05,-0.085550405,0.045041278,0.0026204588,-0.0711375,-0.07086247,-0.19425133,-0.7307758,-0.010327794,-0.08206875,-1.4148343
-0.38339555,0.0,0.051165182,0.026764493,-0.102803096,0.008512189,-0.32000762,0.008842981,-0.01396704,0.015788138,0.0069833132,5.916015e-05,-0.060774077,-0.03750105,-0.13902013,0.02631572,-0.08637043,-0.14732395,-0.73452157,-0.0411817,-0.28740597,-0.7735524
-0.21264777,0.0,-0.40069234,-0.042295787,-0.02014353,-0.049279775,-0.10717878,-0.51072735,-0.029069401,-0.016025236,0.0031465075,5.8720405e-05,-0.15868643,0.013345697,-0.027528435,-0.072909415,-0.08512195,-0.41427922,-0.08127889,-0.0077379243,-0.09968005,-1.7331399
-0.12617776,0.0,-0.29832765,-0.07375455,-0.12756293,-0.061777875,-0.11376346,0.026372423,0.021747736,-0.06498039,0.0010881098,5.8525944e-05,0.013764074,0.010668826,-0.26634687,-0.1571228,-0.2616298,-0.4376016,-0.09583312,0.018967275,-0.082871884,-1.523752
-0.47081348,0.0,0.047344003,0.034978587,-0.00794184,0.004973782,-0.004266735,0.064381704,-0.02828398,-0.03778074,0.004268945,5.8818776e-05,-0.0841953,0.013726088,0.03684357,0.055700555,0.03116692,0.14626543,0.014718015,0.0134246405,-0.0059858575,0.5941956
-0.1753626,0.0,-0.07860597,-0.07423809,0.030372344,0.016233718,-0.16872439,-0.43198898,0.0075038862,-0.040217083,0.000462276,5.8376707e-05,0.16203351,0.055145193,0.0064452724,0.03314949,0.020380717,-0.34017873,-0.15989134,0.0015688955,-0.05486691,-1.3237646
-0.43680692,0.0,0.058968328,-0.023210287,0.0067531727,0.0139581105,-0.07478551,0.032034926,0.010695859,-0.032815546,0.0030742872,5.8571168e-05,-0.03574413,0.011719822,-0.02812832,-0.043292053,-0.05255283,-0.032915454,-0.037698157,0.02025977,0.010684936,0.61354786
-0.22470132,0.0,-0.36697295,-0.029663641,0.040751968,0.026119035,-0.14367965,-0.69576466,0.031137258,0.0060741943,0.004006932,5.8720405e-05,-0.17461057,-0.00018447218,0.015565225,0.006819483,0.010072731,-0.3921279,-0.20525926,-0.010078167,-0.07172092,-1.7113723
-0.39443356,0.0,0.042202998,0.027770642,-0.10372834,0.042861607,-0.121747695,-0.012000613,0.0053832927,0.03209344,0.0080968095,5.8818776e-05,-0.06348191,-0.0136681665,-0.11316276,0.04003402,-0.057589646,-0.004210788,-0.043624178,-0.088846475,-0.1286995,0.25694922
-0.6199139,0.0,0.04482637,-0.008578998,0.016552608,0.0154292295,-0.13760842,0.01314068,0.025782302,-0.051268116,0.004218581,5.8828227e-05,0.07513648,0.012957665,0.02651611,0.042683754,0.023866404,0.17756343,-0.43316466,0.020655347,0.0032947322,0.7450928
-0.6309669,0.0,0.03435943,-0.045984756,-0.06617851,0.027702486,-0.73661083,-1.2145629,-0.0050800666,-0.07614289,-0.0009360905,5.881296e-05,-0.03930262,-0.008699093,-0.090467,-0.14556971,-0.112722,0.051255513,-1.0975535,-0.035024315,0.032197922,0.30087495
-0.6313723,0.0,0.05876892,0.026619356,-0.0010762342,0.015137657,-0.09568027,0.0928607,-0.022257583,-0.043197785,0.0051653422,5.8818776e-05,-0.052269034,0.014308627,-0.0074078273,-0.02329596,0.010234636,0.09385906,-0.019062417,-0.018415635,0.039577868,0.6266886
-0.5012055,0.0,0.056590475,-0.024809374,0.02348628,-0.040436953,-0.061592434,-0.10227221,0.056657754,0.042842645,0.004240291,5.8571168e-05,-0.064765856,0.016941672,-0.022815336,0.026430666,0.023843491,0.14455488,0.039960817,-0.010227595,0.008226812,0.36691147
-0.48054695,0.0,0.03887802,0.0013453796,-0.024335388,-0.109735355,-0.76987815,0.07617635,0.03836129,0.07064936,0.0016130722,5.900742e-05,-0.033381026,0.025251271,-0.044898003,0.05233309,0.042530593,0.10810731,-1.221886,-0.023578987,0.083779775,0.6081946
-0.17250922,0.0,-0.32394576,-0.07623198,0.037448708,-0.06788464,-0.172143,-0.72782886,0.007176059,-0.03717837,0.0031720307,5.8729853e-05,-0.103059664,0.016957222,-0.0067892848,-0.09882486,-0.1252092,-0.40618318,-0.19557172,0.0015320326,-0.09941199,-1.6591235
-0.29420623,0.0,-0.40774485,0.0059820455,-0.12444741,-0.031766776,-0.049746707,0.059421692,-0.017955083,-0.007529014,0.013223682,5.902269e-05,-0.08936267,-0.05707091,-0.050226822,0.0593099,-0.18558541,0.0011970313,-0.09907843,-0.073193066,-0.117714755,-1.2399358
-0.356093,0.0,0.03378229,0.036536314,-0.1393633,0.0029456594,-0.065542534,0.032806247,-0.01764207,-0.0161898,-0.01956158,5.902269e-05,0.18676816,-0.009041269,-0.022476025,0.052943178,-0.06695472,0.0015743857,-0.022488652,-0.03304714,-0.16907217,0.20369445
-0.4020322,0.0,0.065701865,0.018838743,0.0050045457,0.0008033849,0.2484914,0.053089958,-0.0063039013,-0.06212103,0.004502254,5.9218237e-05,-0.06909025,-0.012244832,0.019975767,0.006150562,0.0118488865,-0.18347049,0.22688328,0.012822889,0.0023423173,0.23497573
-0.42458314,0.0,0.03436656,-0.01458507,-0.0297937,-0.017590117,-0.92156917,-0.05255524,-0.045008942,-0.059017904,0.0016507118,5.8828227e-05,0.028332219,0.008417879,0.019695502,-0.047370467,0.03663173,0.06464851,-1.3104385,-0.08120378,-0.17732696,0.3963983
-0.23019864,0.0,-0.32215655,-0.06447708,0.0033364957,-0.02465762,-0.7163817,-0.78505063,0.006003241,-0.04625047,0.0013141771,5.881296e-05,-0.1083675,-0.026429383,-0.008748545,0.015038383,0.020027723,-0.10814531,-0.57065135,0.0069709085,-0.12826176,-1.537778
-0.4087186,0.0,0.049385756,0.039539475,-0.032065507,-0.008285238,0.10442377,0.10754418,-0.026351264,-0.034204666,0.0023984378,5.8818776e-05,-0.04758866,-0.038062744,-0.07163972,-0.019993184,-0.08857022,-0.032738253,0.18531026,-0.119772345,0.020478563,0.52373385
-0.2888283,0.0,-0.49817112,-0.021137418,-0.05711838,-0.0014571119,0.29806584,-0.4271242,-0.036349133,-0.08960738,0.0041779443,5.8571168e-05,-0.142253,0.00761261,-0.06849887,-0.028277323,-0.09652406,-0.20738026,0.43750933,0.01504652,-0.06570489,-1.5791003
-0.4370069,0.0,-0.076104484,-0.06918403,0.072668366,0.06872603,-0.16008216,-0.08622731,-0.017287955,-0.032569997,-0.0006255635,5.860905e-05,0.124133684,0.039233185,0.012106353,-0.13611886,0.032672342,0.04090006,-0.1305671,0.018096814,-0.0375021,-0.9124345
-0.55020577,0.0,0.04285486,0.04271759,-0.011283589,0.012718318,-0.023209246,0.049384438,-0.04670891,-0.042698596,0.0030948138,5.8571168e-05,-0.06291883,0.01891447,0.016460413,0.010185164,0.010429651,0.10955801,0.053893715,-0.010589561,0.025177794,0.6208188
-0.4540452,0.0,0.053114597,-0.010733164,0.008447952,-0.013341593,-0.22475018,0.054723352,0.052026473,0.056241263,0.0032648062,5.902269e-05,-0.045088265,0.011881221,-0.051129498,-0.0006637343,0.029799914,0.14747271,-0.53588325,0.02257954,0.053973734,0.8038631
-0.5964306,0.0,0.050175276,-0.01381608,0.012502318,-0.025298975,-0.04685194,-0.10611414,0.027022887,-0.042528868,0.0030621274,5.8580616e-05,0.011527092,0.025316585,-0.0003837416,0.01940809,-0.00060459,0.12537959,-0.054737337,-0.017500637,0.030241156,0.7171804
-0.51807785,0.0,0.02718603,0.0067825182,-0.009026711,-0.0062124915,-0.35348457,0.09292409,0.014266507,-0.02765519,0.007923638,5.8775076e-05,0.16304156,-0.006630627,0.038077675,0.027901772,0.039164778,0.15795879,-0.42851016,-0.009116366,0.06800523,0.7111645
-0.474649,0.0,0.0572296,-0.027508035,0.01930361,0.040861804,0.29647017,0.07330804,-0.016104322,-0.059698805,-0.035948236,5.8624315e-05,0.0425582,0.0051366403,-0.02531301,-0.051689975,0.038414516,0.0055717346,0.26742586,-0.10983925,0.02616857,0.22827952
-0.47527483,0.0,0.0553697,0.037085943,-0.09162016,0.0057502156,-0.04711184,0.029429542,-0.06576471,0.01939968,0.008092659,5.902269e-05,-0.061254732,0.020505164,-0.010608785,0.05905289,-0.04730927,0.015880618,-0.27394974,-0.07493287,-0.10645887,0.23123324
-0.36035427,0.0,0.042810082,0.024036594,0.045912948,-0.035925046,0.29769516,0.14480492,0.04586199,0.023738261,0.0037703628,5.9218237e-05,0.013806398,-0.056254447,-0.13660969,0.04426828,-0.07938315,-0.209225,0.23509128,0.027125973,-0.10589054,0.35501552
-0.6113157,0.0,0.04385394,-0.005771259,0.024733445,0.010633345,-0.053160332,0.036947094,-0.017709136,-0.044630464,-0.035669662,5.8624315e-05,0.014181668,0.010671271,-0.0037691814,-0.010183686,0.024476456,0.066472806,0.028839923,-0.040598907,0.054851186,0.5924481
-0.4285921,0.0,0.048636552,-0.012837445,0.03329437,0.021426225,0.009667537,0.06979003,-0.008338416,-0.036110368,0.0031295142,5.900742e-05,-0.07520817,0.015518541,-0.0055473926,-0.016424185,0.03907856,-0.07996672,-0.12948185,0.057741035,0.016705692,0.2048784
-0.46085447,0.0,0.042976234,0.056386292,0.018748222,0.013299273,-0.025548423,0.039534867,-0.036848005,-0.19582799,0.0023076637,5.8720405e-05,0.05518028,-0.0029514877,-0.011754988,0.053145032,0.03631328,-0.021431949,-0.008687897,-0.007111465,0.01948387,0.54124546
-0.17216626,0.0,-0.03493419,-0.07215272,0.06427133,-0.00367997,0.42337716,0.09648451,0.017397687,-0.043549474,-0.00065321184,5.8776168e-05,0.103695296,0.040550746,-0.05885262,-0.03522954,0.013171892,-0.2431818,0.31281763,0.010919246,-0.038847275,-0.8924285
-0.4805699,0.0,0.048401292,0.02310941,0.0025566309,0.008802626,-0.08132259,0.06111309,0.0033975835,0.0072722975,0.0057153595,5.8818776e-05,-0.058849797,0.007800517,0.020253984,-0.07681987,0.04373579,0.1015049,-0.0012551977,0.020458484,0.029883223,0.64845
-0.47883508,0.0,0.073209405,-0.07142512,-0.03487408,-0.13542321,-0.8899657,-0.3610285,0.0012247071,-0.051499266,0.0016652249,5.881296e-05,0.0036217642,0.007283824,-0.066048935,-0.07871129,-0.026263857,-0.09036288,-0.9090465,0.006729708,0.16170034,-0.47400153
-0.7466097,0.0,0.058362674,-0.12580669,-0.17018601,-0.04308682,-0.23643567,-0.5309385,0.013180485,-0.043999817,0.001556381,5.881296e-05,0.03129649,0.063797936,-0.07127155,-0.10056604,-0.09562726,0.141123,-0.43431276,0.005782077,0.04579815,0.61258876
-0.37987238,0.0,-0.093741685,-0.04257165,-0.013681808,0.048221435,-0.67668164,-0.34866187,-0.009276717,-0.07814333,-0.008713177,5.900742e-05,-0.14188728,-0.06662828,-0.017601008,-0.0360087,0.092373915,-0.12590119,-0.7743309,0.010915913,-0.044966906,-1.3772863
-0.44561508,0.0,0.053813454,-0.009740151,0.028089145,0.024217052,0.31777078,0.045120314,-0.0006250243,-0.018234774,0.0045080693,5.880351e-05,-0.0766234,0.017089691,0.02674559,0.007418496,0.071948424,-0.06798795,0.34855053,0.047990836,0.018966068,0.22792988
-0.46776414,0.0,0.039569296,0.02123198,0.039685845,-0.007745405,0.12242996,0.037415266,0.033838805,-0.01780278,0.006537109,5.920297e-05,-0.035822928,0.03274635,0.010149692,0.0426003,0.01649186,0.1418232,0.1931296,0.021436475,0.0441758,0.50928855
-0.22403935,0.0,0.013595902,-0.06783035,0.011789868,-0.012296824,0.3930873,-0.20345935,0.021024553,-0.025631052,0.0033122043,5.8776168e-05,-0.1421972,0.02729057,-0.074686065,-0.04765101,-0.100898676,-0.2620605,0.28802958,7.309736e-05,-0.027515074,-1.3921187
-0.56661254,0.0,0.057883963,0.023861665,0.0084283715,0.013719522,-0.005390632,0.031667598,0.019386664,-0.034635026,0.0046184775,5.902269e-05,-0.0035760428,-0.006519796,-0.036497414,-0.041874707,0.02574512,0.055790506,-0.4099459,0.011456287,0.03543756,0.7010464
-0.40635878,0.0,-0.11758819,-0.067074925,0.07884035,-0.09241431,-0.15489897,-0.27595395,-0.017687665,-0.03379931,-0.0016737765,5.881296e-05,0.11205555,0.06032783,0.009988721,-0.025865458,0.00082678517,0.009065281,-0.13815273,0.0002710998,-0.041812062,-1.0475341
-0.55030185,0.0,0.036064427,0.016973019,-0.086523905,0.0036441998,-0.08234596,0.08401279,-0.025800988,-0.03100023,0.0055882256,5.8818776e-05,-0.055360038,0.015311104,0.034953345,0.032136217,0.021518921,0.10628092,-0.025768084,0.015545519,-0.008314187,0.62253976
-0.21065521,0.0,0.10047723,0.04283819,-0.028961988,-0.025077697,0.46896145,0.25144386,-0.21426673,0.0023422875,0.009157991,5.8784983e-05,-0.013243777,0.0074952845,-0.17968266,-0.03740816,-0.10423631,-0.1348753,0.49475843,-0.06918168,-0.12395612,-0.37684146
-0.2755345,0.0,-0.024575489,-0.07976776,-0.023928137,0.035817433,-0.106752306,-0.18691507,0.022994263,-0.056351468,0.005803209,5.8580616e-05,-0.19196998,0.09186637,-0.018668346,-0.065245055,-0.0015167991,-0.060107276,-0.12580477,0.0063885055,-0.07703827,-1.1914879
-0.35598195,0.0,0.04500547,0.031591073,0.03161685,-0.0059088515,0.23526452,0.108153075,-0.0060277875,0.04065178,0.00055466744,5.9218237e-05,-0.04243299,0.010593848,0.018438425,0.08310344,-0.061995257,-0.0101365335,0.21409678,-0.1171818,0.031543776,0.49470678
-0.35377875,0.0,-0.082802355,-0.065944135,0.024590043,-0.064119786,-0.13811624,-0.10748141,-0.009707736,-0.039849404,0.0016403593,5.881296e-05,0.103011,-0.015110719,0.0019060168,-0.12832521,0.09720174,0.06188583,-0.149072,0.006086456,-0.036401454,-1.0139691
-0.48703134,0.0,0.041022725,0.002172274,-0.18100889,-0.011194395,-0.14443222,0.010816392,-0.10575565,-0.011832766,0.0059586065,5.902269e-05,-0.016708424,0.020728987,-0.022012759,-0.12731595,-0.05482653,0.008567315,-0.39683703,-0.08859641,-0.17638233,0.12234705
-0.41056025,0.0,0.0460795,0.038249526,-0.023924768,-0.004370643,0.11181095,0.042551488,-0.21365926,-0.017709076,-0.029729856,5.9218237e-05,-0.086522594,0.024823798,-0.14606358,-0.10835063,-0.090577245,-0.010509947,0.17211509,-0.049006727,0.021084055,0.5256419
-0.31396025,0.0,-0.39312065,-0.004864805,-0.06569831,-0.15140879,-0.28049415,-0.31976885,-0.00050430844,-0.077172436,-0.0046741855,5.8775076e-05,-0.085190736,-0.08214775,-0.11442427,-0.040760342,-0.11654954,-0.19194254,-0.4791463,0.01009194,-0.11141061,-1.5462756
-0.68309385,0.0,0.06690526,-0.04796886,0.010166221,0.018261366,-0.13120025,-0.1338229,-0.014001356,-0.018175624,0.005030224,5.881296e-05,-0.03616383,0.022068435,-0.058111507,-0.056731682,-0.0073921103,0.14489931,-0.3004179,0.0057115415,0.039442178,0.80015695
-0.14679886,0.0,-0.48808008,-0.06969732,-0.017670395,-0.0749047,0.28952405,-0.6715512,-0.0016543588,-0.04357974,0.002752079,5.8525944e-05,-0.19096424,0.028375756,-0.055685263,-0.03836778,-0.0876033,-0.2203845,0.28301072,0.00027324772,-0.07919818,-1.6258394
-0.28224623,0.0,-0.33066013,-0.062740356,0.024518026,-0.021848064,-0.5589854,-0.7944095,-0.0044176425,-0.05812458,0.0032256625,5.8580616e-05,-0.11282728,-0.01568465,-0.004065018,-0.009830307,0.006320409,-0.09597199,-0.7013772,0.019905616,-0.09739871,-1.5553054
-0.36340263,0.0,0.06473003,0.02460592,-0.32314447,-0.07170706,-0.23919475,0.031866707,-0.027530175,-0.017889062,0.005719594,5.916015e-05,-0.045845874,-0.21069345,-0.14225668,0.0040155994,-0.15396474,-0.33032587,-0.20614786,-0.11092664,-0.24480104,-0.72065735
-0.32915184,0.0,0.06138107,0.013404002,-0.16102901,-0.050991856,-0.18262132,0.0063706124,0.012441956,-0.024400864,0.007169364,5.8956237e-05,-0.100534506,-0.0016773359,-0.0729076,-0.0068688267,-0.14648876,-0.13314047,-0.027727442,-0.019622441,-0.24810608,-0.69775623
-0.3747568,0.0,0.048744477,0.012511526,-0.09463664,0.0010790303,0.1557355,0.05297484,-0.29402262,-0.060294613,-0.2521137,5.8624315e-05,-0.04588875,-0.003162612,-0.08541114,-0.08128302,-0.089548185,-0.015608902,0.19906332,0.0064149946,0.025088683,0.53056246
-0.4102692,0.0,0.036438566,0.0383314,-0.3036,-0.0199639,-0.1410837,-0.02690223,0.022182235,0.0268265,-0.011563577,5.902269e-05,-0.03388431,-0.15991369,0.018514225,0.057014294,-0.06808962,-0.08379408,-0.098879606,-0.23530479,-0.15216675,0.16511199
-0.35282674,0.0,-0.3815303,-0.07174156,-0.02221885,0.005531717,-0.5657203,-0.29803815,-0.0013079311,-0.068208955,0.009882218,5.8580616e-05,-0.12670673,0.112450846,-0.020042548,0.011630403,0.041383382,-0.11590506,-0.68901175,0.017679276,-0.0858698,-1.351665
-0.18420343,0.0,-0.035452787,-0.10097518,0.0007623572,-0.23120645,0.39389008,-1.590592,-0.01145358,-0.05816876,0.0057573947,5.8776168e-05,-0.2368175,0.060214534,0.039745115,0.019729422,-0.012857994,-0.3574772,0.22294407,-0.06358444,-0.085935116,-1.1941125
-0.39291197,0.0,0.0359446,0.05628253,-0.15032324,0.0002008833,-0.122787595,0.05692176,0.01198271,0.030292654,-0.012771083,5.8818776e-05,-0.0063034506,-0.002200468,-0.025627496,0.045530774,-0.08163388,-0.039256293,-0.06120675,-0.078224055,-0.15700945,0.20590174
-0.18489882,0.0,-0.3549294,-0.04073935,-0.08394324,-0.07678078,-0.14245383,-0.7868589,0.029636396,-0.039966274,0.003826949,5.8571168e-05,-0.14584163,-0.0050636935,-0.12000995,-0.06321719,-0.08726211,-0.42728093,-0.09554125,-0.0018320072,-0.085423805,-1.7802687
-0.11179173,0.0,-0.37570536,-0.080249846,-0.03480619,-0.051870063,0.36751485,-0.11460263,0.041085612,-0.07935312,0.0063109584,5.8525944e-05,0.35774317,-0.078896865,-0.062273312,-0.15919025,-0.2986165,-0.1590929,0.43049136,0.03774208,-0.04998646,-1.3545982
-0.44779235,0.0,0.028201476,-0.078569226,0.01972854,-0.32353243,-0.83357716,0.013853431,0.00940548,-0.07168723,0.004744988,5.881296e-05,-0.008877412,0.023430048,-0.025562057,-0.0721219,-0.012544616,-0.09031293,-0.8617186,-0.03895839,0.15431663,-0.5737097
-0.62323886,0.0,0.051396836,-0.04627461,0.025263702,0.018859848,-0.042926867,0.020815548,-0.00044814125,-0.023009468,0.004686672,5.881296e-05,0.058744784,0.02568812,-0.102087386,-0.06492281,-0.03543805,0.06882475,-0.038185418,0.017598424,0.053189516,0.6818161
-0.66679126,0.0,0.054972958,-0.001036081,-0.0018131231,-0.0182107,-0.71873426,-0.13590124,0.00588453,-0.12066689,0.0040183626,5.902269e-05,-0.024061883,0.01589007,0.0123815285,0.02270088,0.008295585,0.10012309,-1.083859,-0.028370414,0.0398451,0.34391865
-0.20103781,0.0,-0.42283183,-0.08861774,-0.0333613,-0.055703744,-0.10387622,-0.39784223,0.007802569,-0.04003388,0.0043378696,5.8624315e-05,-0.07223482,-0.013500543,-0.008260761,-0.079179674,-0.12551561,-0.44326046,-0.09176584,-0.0015695704,-0.08105347,-1.785685
-0.44461307,0.0,0.04882928,0.028605867,0.0049171937,0.027541483,-0.07035906,0.06625817,-0.03565964,0.019702869,0.0041801995,5.8720405e-05,0.053568028,-0.010144581,0.010929136,-0.030722847,0.02338035,-0.053946935,-0.010153153,0.017816618,0.019369187,0.6190469
-0.3939731,0.0,0.05885488,-0.018806582,0.008672191,0.0064069917,-0.07653117,0.030676426,0.019303089,-0.034148198,0.0014916558,5.8720405e-05,-0.00281009,0.014189277,0.03124629,0.017424172,0.040645648,-0.055363026,-0.032906614,0.00580476,0.008587687,0.62220746
-0.5605987,0.0,0.06651773,-0.031903133,0.023180697,-0.012371531,-0.10112262,-0.3880526,0.06189941,-0.0049728574,0.0039424724,5.900742e-05,-0.008987149,0.014070939,-0.06177787,-0.03787352,-0.04753003,0.06821547,-0.050770406,0.03355704,0.039980043,0.38759348
-0.15567894,0.0,-0.39097708,-0.09127527,-0.0006499013,-0.04030474,-0.14134187,-0.3954884,0.004063669,-0.018304812,0.0005293212,5.8580616e-05,0.062583245,0.0018971725,-0.038699754,-0.055757307,-0.0669124,-0.42719766,-0.22649941,0.02013012,-0.09128877,-1.503844
-0.31522903,0.0,-0.30771604,-0.072526194,-0.029473752,-0.022792667,-0.40752116,-0.16706681,0.01763299,-0.0525524,0.0033157782,5.8729853e-05,0.052703336,-0.058829397,0.010690588,-0.07749684,-0.09893017,-0.21372995,-0.6894453,-0.013456727,-0.08223984,-1.4290972
-0.31053308,0.0,-0.28931803,-0.030203426,-0.032704774,-0.007888376,-0.4259089,-0.21686208,-0.014054253,-0.010801288,0.0032224406,5.8924314e-05,-0.14432831,-0.036219902,0.00682793,-0.03103401,-0.086371996,-0.09935912,-0.691851,-0.009068455,-0.075740844,-1.5160336
