subdivision,year,month,target_3m_severe_anomaly,track_a_probability,track_a_actual,regime_id,previous_regime_id,regime_changed,regime_duration,consecutive_months_in_current_regime,track_b_probability,track_c_raw_probability,track_c_calibrated_probability,track_a_decision,track_c_decision
Andaman & Nicobar Islands,2016,4,0,0.009152672,0,REGIME_02,REGIME_01,True,1,1,0.05823519922568156,0.11275832020902866,0.2857142857142857,False,True
Andaman & Nicobar Islands,2016,8,0,0.01547276,0,REGIME_02,REGIME_02,False,2,2,0.05823519922568156,0.08693013539222183,0.22,False,True
Andaman & Nicobar Islands,2016,12,0,0.00025990108,0,REGIME_01,REGIME_02,True,1,1,0.041802542653244484,0.005797355055588844,0.0,False,False
Andaman & Nicobar Islands,2016,2,0,0.001871229,0,REGIME_01,REGIME_01,False,7,7,0.041802542653244484,0.016338314364937226,0.034482758620689655,False,False
Andaman & Nicobar Islands,2016,1,0,0.0016389341,0,REGIME_01,REGIME_01,False,6,6,0.041802542653244484,0.018025122888083302,0.034482758620689655,False,False
Andaman & Nicobar Islands,2016,7,0,0.0035538767,0,REGIME_02,REGIME_01,True,1,1,0.05823519922568156,0.0904079943090275,0.22,False,True
Andaman & Nicobar Islands,2016,6,0,0.011178585,0,REGIME_01,REGIME_02,True,1,1,0.041802542653244484,0.14702094893933973,0.41379310344827586,False,True
Andaman & Nicobar Islands,2016,3,0,0.00993323,0,REGIME_01,REGIME_01,False,8,8,0.041802542653244484,0.05206865040077791,0.12962962962962962,False,True
Andaman & Nicobar Islands,2016,5,0,0.031492796,0,REGIME_02,REGIME_02,False,2,2,0.05823519922568156,0.15525702358864216,0.41379310344827586,False,True
Andaman & Nicobar Islands,2016,11,0,0.00026794226,0,REGIME_02,REGIME_01,True,1,1,0.05823519922568156,0.006339338537507383,0.0,False,False
Andaman & Nicobar Islands,2016,10,0,0.0015542087,0,REGIME_01,REGIME_01,False,2,2,0.041802542653244484,0.003670977815295278,0.0,False,False
Andaman & Nicobar Islands,2016,9,0,0.01673866,0,REGIME_01,REGIME_02,True,1,1,0.041802542653244484,0.024232088371694153,0.05555555555555555,False,False
Andaman & Nicobar Islands,2017,4,0,0.0053691547,0,REGIME_01,REGIME_01,False,5,5,0.041802542653244484,0.0762532672166667,0.16666666666666666,False,True
Andaman & Nicobar Islands,2017,8,0,0.0032637028,0,REGIME_01,REGIME_01,False,2,2,0.041802542653244484,0.09123414753765004,0.22,False,True
Andaman & Nicobar Islands,2017,2,0,0.00057482946,0,REGIME_01,REGIME_01,False,3,3,0.041802542653244484,0.011557753296982422,0.020202020202020204,False,False
Andaman & Nicobar Islands,2017,1,0,0.0011901236,0,REGIME_01,REGIME_01,False,2,2,0.041802542653244484,0.00919026801728708,0.0,False,False
Andaman & Nicobar Islands,2017,7,0,0.005885026,0,REGIME_01,REGIME_02,True,1,1,0.041802542653244484,0.08519482722163402,0.22,False,True
Andaman & Nicobar Islands,2017,6,0,0.0057346467,0,REGIME_02,REGIME_02,False,2,2,0.05823519922568156,0.10884244760080147,0.2857142857142857,False,True
Andaman & Nicobar Islands,2017,3,0,0.004196993,0,REGIME_01,REGIME_01,False,4,4,0.041802542653244484,0.03710694803236183,0.05555555555555555,False,False
Andaman & Nicobar Islands,2017,5,0,0.012165924,0,REGIME_02,REGIME_01,True,1,1,0.05823519922568156,0.13726729775668792,0.41379310344827586,False,True
Andaman & Nicobar Islands,2017,9,0,0.00096933544,0,REGIME_02,REGIME_01,True,1,1,0.05823519922568156,0.024673494064535752,0.05555555555555555,False,False
Arunachal Pradesh,2016,4,0,0.0028791474,0,REGIME_01,REGIME_01,False,6,6,0.041802542653244484,0.05071755666190501,0.09289217935536204,False,True
Arunachal Pradesh,2016,8,0,0.00058605755,0,REGIME_02,REGIME_02,False,4,4,0.05823519922568156,0.021475342970443657,0.04878048780487805,False,False
Arunachal Pradesh,2016,12,0,0.023822844,0,REGIME_01,REGIME_01,False,4,4,0.041802542653244484,0.003833652483286401,0.0,False,False
Arunachal Pradesh,2016,2,0,0.023620179,0,REGIME_01,REGIME_01,False,4,4,0.041802542653244484,0.009988146017527268,0.020202020202020204,False,False
Arunachal Pradesh,2016,1,0,0.021288723,0,REGIME_01,REGIME_01,False,3,3,0.041802542653244484,0.009514057841305818,0.020202020202020204,False,False
Arunachal Pradesh,2016,7,0,0.00081829727,0,REGIME_02,REGIME_02,False,3,3,0.05823519922568156,0.04162719129929435,0.08955223880597014,False,False
Arunachal Pradesh,2016,6,0,0.0011984771,0,REGIME_02,REGIME_02,False,2,2,0.05823519922568156,0.04593969643995648,0.08955223880597014,False,False
Arunachal Pradesh,2016,3,0,0.005039371,0,REGIME_01,REGIME_01,False,5,5,0.041802542653244484,0.028845905218253563,0.05555555555555555,False,False
Arunachal Pradesh,2016,5,0,0.0015164504,0,REGIME_02,REGIME_01,True,1,1,0.05823519922568156,0.07278563410216297,0.16,False,True
Arunachal Pradesh,2016,11,0,0.004643955,0,REGIME_01,REGIME_01,False,3,3,0.041802542653244484,0.0022670314287878226,0.0,False,False
Arunachal Pradesh,2016,10,0,0.0032934428,0,REGIME_01,REGIME_01,False,2,2,0.041802542653244484,0.0013753780846937048,0.0,False,False
Arunachal Pradesh,2016,9,0,0.0024841074,0,REGIME_01,REGIME_02,True,1,1,0.041802542653244484,0.00807737713184099,0.0,False,False
Arunachal Pradesh,2017,4,0,0.0016473775,0,REGIME_01,REGIME_01,False,8,8,0.041802542653244484,0.04114276421156731,0.08955223880597014,False,False
Arunachal Pradesh,2017,8,0,0.0009859495,0,REGIME_01,REGIME_02,True,1,1,0.041802542653244484,0.02348156552235561,0.05555555555555555,False,False
Arunachal Pradesh,2017,2,0,0.035079945,0,REGIME_01,REGIME_01,False,6,6,0.041802542653244484,0.010892968941610794,0.020202020202020204,False,False
Arunachal Pradesh,2017,1,0,0.1995808,0,REGIME_01,REGIME_01,False,5,5,0.041802542653244484,0.009442085702806491,0.020202020202020204,True,False
Arunachal Pradesh,2017,7,0,0.00045855367,0,REGIME_02,REGIME_02,False,3,3,0.05823519922568156,0.0395581521794634,0.08955223880597014,False,False
Arunachal Pradesh,2017,6,0,0.00079693686,0,REGIME_02,REGIME_02,False,2,2,0.05823519922568156,0.05153344898045888,0.12962962962962962,False,True
Arunachal Pradesh,2017,3,0,0.005816189,0,REGIME_01,REGIME_01,False,7,7,0.041802542653244484,0.029453571920927346,0.05555555555555555,False,False
Arunachal Pradesh,2017,5,0,0.0011347985,0,REGIME_02,REGIME_01,True,1,1,0.05823519922568156,0.08284663850052161,0.18181818181818182,False,True
Arunachal Pradesh,2017,9,0,0.001714662,0,REGIME_02,REGIME_01,True,1,1,0.05823519922568156,0.0042860376542804704,0.0,False,False
Assam & Meghalaya,2016,4,0,0.5964198,0,REGIME_01,REGIME_01,False,6,6,0.041802542653244484,0.11195905889036535,0.2857142857142857,True,True
Assam & Meghalaya,2016,8,0,0.04363217,0,REGIME_02,REGIME_01,True,1,1,0.05823519922568156,0.06411749006801429,0.16,False,True
Assam & Meghalaya,2016,12,0,0.00687729,0,REGIME_01,REGIME_01,False,4,4,0.041802542653244484,0.00900656849558856,0.0,False,False
Assam & Meghalaya,2016,2,0,0.35926014,0,REGIME_01,REGIME_01,False,4,4,0.041802542653244484,0.02531512539002814,0.05555555555555555,True,False
Assam & Meghalaya,2016,1,0,0.09520903,0,REGIME_01,REGIME_01,False,3,3,0.041802542653244484,0.021455724472084825,0.04878048780487805,True,False
Assam & Meghalaya,2016,7,1,0.37557,1,REGIME_01,REGIME_02,True,1,1,0.041802542653244484,0.09911360820059023,0.25,True,True
Assam & Meghalaya,2016,6,1,0.47014874,1,REGIME_02,REGIME_01,True,1,1,0.05823519922568156,0.11313609922121366,0.2857142857142857,True,True
Assam & Meghalaya,2016,3,0,0.7404513,0,REGIME_01,REGIME_01,False,5,5,0.041802542653244484,0.07271186355340166,0.16,True,True
Assam & Meghalaya,2016,5,1,0.4059432,1,REGIME_01,REGIME_01,False,7,7,0.041802542653244484,0.12873118681001663,0.2857142857142857,True,True
Assam & Meghalaya,2016,11,0,0.0049526696,0,REGIME_01,REGIME_01,False,3,3,0.041802542653244484,0.00634601045274634,0.0,False,False
Assam & Meghalaya,2016,10,0,0.0069590784,0,REGIME_01,REGIME_01,False,2,2,0.041802542653244484,0.006090154670540304,0.0,False,False
Assam & Meghalaya,2016,9,0,0.18901432,0,REGIME_01,REGIME_02,True,1,1,0.041802542653244484,0.018911826287713485,0.04878048780487805,True,False
Assam & Meghalaya,2017,4,0,0.7395621,0,REGIME_01,REGIME_01,False,8,8,0.041802542653244484,0.08825081225875255,0.22,True,True
Assam & Meghalaya,2017,8,0,0.23035653,0,REGIME_01,REGIME_02,True,1,1,0.041802542653244484,0.053805209606129945,0.12962962962962962,True,True
Assam & Meghalaya,2017,2,0,0.15422466,0,REGIME_01,REGIME_01,False,6,6,0.041802542653244484,0.025282232056405556,0.05555555555555555,True,False
Assam & Meghalaya,2017,1,0,0.15198097,0,REGIME_01,REGIME_01,False,5,5,0.041802542653244484,0.023612032188326866,0.05555555555555555,True,False
Assam & Meghalaya,2017,7,0,0.3373348,0,REGIME_02,REGIME_01,True,1,1,0.05823519922568156,0.08722475069375661,0.22,True,True
Assam & Meghalaya,2017,6,0,0.3214751,0,REGIME_01,REGIME_02,True,1,1,0.041802542653244484,0.10572270386178383,0.2857142857142857,True,True
Assam & Meghalaya,2017,3,0,0.7982704,0,REGIME_01,REGIME_01,False,7,7,0.041802542653244484,0.07410478689911391,0.16,True,True
Assam & Meghalaya,2017,5,0,0.29036635,0,REGIME_02,REGIME_01,True,1,1,0.05823519922568156,0.14535407796450978,0.41379310344827586,True,True
Assam & Meghalaya,2017,9,0,0.020502746,0,REGIME_01,REGIME_01,False,2,2,0.041802542653244484,0.015002250644158003,0.020202020202020204,False,False
Bihar,2016,4,0,0.05006496,0,REGIME_01,REGIME_01,False,7,7,0.041802542653244484,0.07411602010875752,0.16,False,True
Bihar,2016,8,0,0.009893634,0,REGIME_02,REGIME_01,True,1,1,0.05823519922568156,0.04857815511202307,0.08955223880597014,False,False
Bihar,2016,12,0,0.00019918314,0,REGIME_01,REGIME_01,False,4,4,0.041802542653244484,0.006725430655967251,0.0,False,False
Bihar,2016,2,0,0.008734817,0,REGIME_01,REGIME_01,False,5,5,0.041802542653244484,0.01633358860630852,0.034482758620689655,False,False
Bihar,2016,1,0,0.0038448279,0,REGIME_01,REGIME_01,False,4,4,0.041802542653244484,0.014449884166513664,0.020202020202020204,False,False
Bihar,2016,7,1,0.07454217,1,REGIME_01,REGIME_01,False,10,10,0.041802542653244484,0.07594833697424794,0.16666666666666666,False,True
Bihar,2016,6,1,0.11936344,1,REGIME_01,REGIME_01,False,9,9,0.041802542653244484,0.11327972710470807,0.2857142857142857,True,True
Bihar,2016,3,0,0.021152528,0,REGIME_01,REGIME_01,False,6,6,0.041802542653244484,0.04251712732292151,0.08955223880597014,False,False
Bihar,2016,5,1,0.14484775,1,REGIME_01,REGIME_01,False,8,8,0.041802542653244484,0.089118825417966,0.22,True,True
Bihar,2016,11,0,0.00010583904,0,REGIME_01,REGIME_01,False,3,3,0.041802542653244484,0.005675313872160565,0.0,False,False
Bihar,2016,10,0,0.00026088147,0,REGIME_01,REGIME_01,False,2,2,0.041802542653244484,0.004693660379650181,0.0,False,False
Bihar,2016,9,0,0.0012139926,0,REGIME_01,REGIME_02,True,1,1,0.041802542653244484,0.02186371569971887,0.05555555555555555,False,False
Bihar,2017,4,0,0.05504405,0,REGIME_01,REGIME_01,False,8,8,0.041802542653244484,0.06984444654364047,0.16,False,True
Bihar,2017,8,0,0.010682912,0,REGIME_01,REGIME_01,False,2,2,0.041802542653244484,0.04432127311555792,0.08955223880597014,False,False
Bihar,2017,2,0,0.008812234,0,REGIME_01,REGIME_01,False,6,6,0.041802542653244484,0.01678183218868687,0.034482758620689655,False,False
Bihar,2017,1,0,0.0012538478,0,REGIME_01,REGIME_01,False,5,5,0.041802542653244484,0.014083433605816717,0.020202020202020204,False,False
Bihar,2017,7,0,0.051634546,0,REGIME_01,REGIME_02,True,1,1,0.041802542653244484,0.08047985420902663,0.18181818181818182,False,True
Bihar,2017,6,0,0.074161164,0,REGIME_02,REGIME_01,True,1,1,0.05823519922568156,0.14657298434707028,0.41379310344827586,False,True
Bihar,2017,3,0,0.01884678,0,REGIME_01,REGIME_01,False,7,7,0.041802542653244484,0.043506387000710696,0.08955223880597014,False,False
Bihar,2017,5,0,0.13497229,0,REGIME_01,REGIME_01,False,9,9,0.041802542653244484,0.11648652143147455,0.2857142857142857,True,True
Bihar,2017,9,0,0.0019912727,0,REGIME_02,REGIME_01,True,1,1,0.05823519922568156,0.018905434398265017,0.04878048780487805,False,False
Chhattisgarh,2016,4,0,0.021562725,0,REGIME_01,REGIME_01,False,8,8,0.041802542653244484,0.08347992849615177,0.18181818181818182,False,True
Chhattisgarh,2016,8,0,0.0054749576,0,REGIME_01,REGIME_01,False,12,12,0.041802542653244484,0.04340785164294651,0.08955223880597014,False,False
Chhattisgarh,2016,12,0,0.00010178016,0,REGIME_01,REGIME_01,False,16,16,0.041802542653244484,0.0067606629726450485,0.0,False,False
Chhattisgarh,2016,2,0,0.0009056346,0,REGIME_01,REGIME_01,False,6,6,0.041802542653244484,0.017271018863584998,0.034482758620689655,False,False
Chhattisgarh,2016,1,0,0.00043158233,0,REGIME_01,REGIME_01,False,5,5,0.041802542653244484,0.015727439953478424,0.034482758620689655,False,False
Chhattisgarh,2016,7,0,0.021544825,0,REGIME_01,REGIME_01,False,11,11,0.041802542653244484,0.0849281413264868,0.22,False,True
Chhattisgarh,2016,6,0,0.03721519,0,REGIME_01,REGIME_01,False,10,10,0.041802542653244484,0.1273387016274432,0.2857142857142857,False,True
Chhattisgarh,2016,3,0,0.008623098,0,REGIME_01,REGIME_01,False,7,7,0.041802542653244484,0.04278119442434825,0.08955223880597014,False,False
Chhattisgarh,2016,5,0,0.02691899,0,REGIME_01,REGIME_01,False,9,9,0.041802542653244484,0.11542438010664877,0.2857142857142857,False,True
Chhattisgarh,2016,11,0,5.5831813e-05,0,REGIME_01,REGIME_01,False,15,15,0.041802542653244484,0.005950243184694847,0.0,False,False
Chhattisgarh,2016,10,0,0.00011501089,0,REGIME_01,REGIME_01,False,14,14,0.041802542653244484,0.006158869569175158,0.0,False,False
Chhattisgarh,2016,9,0,0.0003426552,0,REGIME_01,REGIME_01,False,13,13,0.041802542653244484,0.016143943343660476,0.034482758620689655,False,False
Chhattisgarh,2017,4,0,0.039929587,0,REGIME_01,REGIME_01,False,20,20,0.041802542653244484,0.0846372482564445,0.22,False,True
Chhattisgarh,2017,8,0,0.011481854,0,REGIME_02,REGIME_01,True,1,1,0.05823519922568156,0.05441898278862978,0.12962962962962962,False,True
Chhattisgarh,2017,2,0,0.0009241636,0,REGIME_01,REGIME_01,False,18,18,0.041802542653244484,0.01662598920560874,0.034482758620689655,False,False
Chhattisgarh,2017,1,0,0.00029084051,0,REGIME_01,REGIME_01,False,17,17,0.041802542653244484,0.014263878962571887,0.020202020202020204,False,False
Chhattisgarh,2017,7,0,0.024952514,0,REGIME_01,REGIME_01,False,23,23,0.041802542653244484,0.08680280752057716,0.22,False,True
Chhattisgarh,2017,6,0,0.04730921,0,REGIME_01,REGIME_01,False,22,22,0.041802542653244484,0.1518026905835694,0.41379310344827586,False,True
Chhattisgarh,2017,3,0,0.017029418,0,REGIME_01,REGIME_01,False,19,19,0.041802542653244484,0.05769118041803511,0.12962962962962962,False,True
Chhattisgarh,2017,5,0,0.051677436,0,REGIME_01,REGIME_01,False,21,21,0.041802542653244484,0.14935428778041634,0.41379310344827586,False,True
Chhattisgarh,2017,9,0,0.00033623562,0,REGIME_01,REGIME_02,True,1,1,0.041802542653244484,0.019302628429271718,0.04878048780487805,False,False
Coastal Andhra Pradesh,2016,4,0,0.0014599973,0,REGIME_01,REGIME_01,False,6,6,0.041802542653244484,0.06482466541202313,0.16,False,True
Coastal Andhra Pradesh,2016,8,0,0.0040136427,0,REGIME_01,REGIME_01,False,10,10,0.041802542653244484,0.04740427158202316,0.08955223880597014,False,False
Coastal Andhra Pradesh,2016,12,0,4.209628e-05,0,REGIME_01,REGIME_02,True,1,1,0.041802542653244484,0.005831492912290235,0.0,False,False
Coastal Andhra Pradesh,2016,2,0,0.00021409281,0,REGIME_01,REGIME_01,False,4,4,0.041802542653244484,0.013100985080094201,0.020202020202020204,False,False
Coastal Andhra Pradesh,2016,1,0,0.00017980601,0,REGIME_01,REGIME_01,False,3,3,0.041802542653244484,0.013253927608331622,0.020202020202020204,False,False
Coastal Andhra Pradesh,2016,7,0,0.0021072016,0,REGIME_01,REGIME_01,False,9,9,0.041802542653244484,0.07653253212065873,0.16666666666666666,False,True
Coastal Andhra Pradesh,2016,6,0,0.0017851135,0,REGIME_01,REGIME_01,False,8,8,0.041802542653244484,0.08630149232009866,0.22,False,True
Coastal Andhra Pradesh,2016,3,0,0.0020404274,0,REGIME_01,REGIME_01,False,5,5,0.041802542653244484,0.03331601706612403,0.05555555555555555,False,False
Coastal Andhra Pradesh,2016,5,0,0.0014416366,0,REGIME_01,REGIME_01,False,7,7,0.041802542653244484,0.08414518283105483,0.1932167786832054,False,True
Coastal Andhra Pradesh,2016,11,0,9.962557e-05,0,REGIME_02,REGIME_02,False,2,2,0.05823519922568156,0.005192198574487473,0.0,False,False
Coastal Andhra Pradesh,2016,10,0,0.00019778288,0,REGIME_02,REGIME_01,True,1,1,0.05823519922568156,0.005106799066120049,0.0,False,False
Coastal Andhra Pradesh,2016,9,0,0.0010781628,0,REGIME_01,REGIME_01,False,11,11,0.041802542653244484,0.020249662560617675,0.04878048780487805,False,False
Coastal Andhra Pradesh,2017,4,0,0.002448343,0,REGIME_01,REGIME_01,False,5,5,0.041802542653244484,0.060263929374060526,0.12962962962962962,False,True
Coastal Andhra Pradesh,2017,8,0,0.0019591528,0,REGIME_01,REGIME_01,False,9,9,0.041802542653244484,0.04280379893584588,0.08955223880597014,False,False
Coastal Andhra Pradesh,2017,2,0,0.0007083923,0,REGIME_01,REGIME_01,False,3,3,0.041802542653244484,0.013322499185237379,0.020202020202020204,False,False
Coastal Andhra Pradesh,2017,1,0,0.00022007799,0,REGIME_01,REGIME_01,False,2,2,0.041802542653244484,0.012859224831767666,0.020202020202020204,False,False
Coastal Andhra Pradesh,2017,7,0,0.0020069717,0,REGIME_01,REGIME_01,False,8,8,0.041802542653244484,0.06999355271460912,0.16,False,True
Coastal Andhra Pradesh,2017,6,0,0.0027914073,0,REGIME_01,REGIME_01,False,7,7,0.041802542653244484,0.09919695885219876,0.25,False,True
Coastal Andhra Pradesh,2017,3,0,0.0015230973,0,REGIME_01,REGIME_01,False,4,4,0.041802542653244484,0.03944930171783349,0.08955223880597014,False,False
Coastal Andhra Pradesh,2017,5,0,0.0035074477,0,REGIME_01,REGIME_01,False,6,6,0.041802542653244484,0.10148862858818855,0.25,False,True
Coastal Andhra Pradesh,2017,9,0,0.0011376467,0,REGIME_01,REGIME_01,False,10,10,0.041802542653244484,0.014013845460239968,0.020202020202020204,False,False
Coastal Karnataka,2016,4,0,0.021883374,0,REGIME_01,REGIME_01,False,7,7,0.041802542653244484,0.10160131149392439,0.25,False,True
Coastal Karnataka,2016,8,0,0.0036574479,0,REGIME_02,REGIME_02,False,2,2,0.05823519922568156,0.02870528293928173,0.05555555555555555,False,False
Coastal Karnataka,2016,12,0,0.00030076198,0,REGIME_01,REGIME_01,False,2,2,0.041802542653244484,0.00312840258656699,0.0,False,False
Coastal Karnataka,2016,2,0,0.0006092071,0,REGIME_01,REGIME_01,False,5,5,0.041802542653244484,0.01566753367495681,0.034482758620689655,False,False
Coastal Karnataka,2016,1,0,0.00037766923,0,REGIME_01,REGIME_01,False,4,4,0.041802542653244484,0.009601819789991839,0.020202020202020204,False,False
Coastal Karnataka,2016,7,0,0.0077339574,0,REGIME_02,REGIME_01,True,1,1,0.05823519922568156,0.04829997156272744,0.08955223880597014,False,False
Coastal Karnataka,2016,6,0,0.019865667,0,REGIME_01,REGIME_01,False,9,9,0.041802542653244484,0.0925652459975438,0.22,False,True
Coastal Karnataka,2016,3,0,0.011552877,0,REGIME_01,REGIME_01,False,6,6,0.041802542653244484,0.04934557075249606,0.08955223880597014,False,False
Coastal Karnataka,2016,5,0,0.05543844,0,REGIME_01,REGIME_01,False,8,8,0.041802542653244484,0.13824032748605086,0.41379310344827586,False,True
Coastal Karnataka,2016,11,0,0.00017136439,0,REGIME_01,REGIME_02,True,1,1,0.041802542653244484,0.0038036982176353658,0.0,False,False
Coastal Karnataka,2016,10,0,0.00019386163,0,REGIME_02,REGIME_02,False,4,4,0.05823519922568156,0.002591021792589005,0.0,False,False
Coastal Karnataka,2016,9,0,0.0031264517,0,REGIME_02,REGIME_02,False,3,3,0.05823519922568156,0.009938099722891705,0.020202020202020204,False,False
Coastal Karnataka,2017,4,0,0.04218085,0,REGIME_01,REGIME_01,False,6,6,0.041802542653244484,0.09390295921697601,0.22,False,True
Coastal Karnataka,2017,8,0,0.0036616533,0,REGIME_02,REGIME_02,False,2,2,0.05823519922568156,0.024976874968811694,0.05555555555555555,False,False
Coastal Karnataka,2017,2,0,0.0012490941,0,REGIME_01,REGIME_01,False,4,4,0.041802542653244484,0.015854971955171968,0.034482758620689655,False,False
Coastal Karnataka,2017,1,0,0.0010206422,0,REGIME_01,REGIME_01,False,3,3,0.041802542653244484,0.011070842874878788,0.020202020202020204,False,False
Coastal Karnataka,2017,7,0,0.007684222,0,REGIME_02,REGIME_01,True,1,1,0.05823519922568156,0.042174390252329705,0.08955223880597014,False,False
Coastal Karnataka,2017,6,0,0.021834537,0,REGIME_01,REGIME_01,False,8,8,0.041802542653244484,0.07836294787936827,0.18181818181818182,False,True
Coastal Karnataka,2017,3,0,0.033464123,0,REGIME_01,REGIME_01,False,5,5,0.041802542653244484,0.06205393777063606,0.12962962962962962,False,True
Coastal Karnataka,2017,5,0,0.09728264,0,REGIME_01,REGIME_01,False,7,7,0.041802542653244484,0.15202461187238006,0.41379310344827586,True,True
Coastal Karnataka,2017,9,0,0.0023223006,0,REGIME_01,REGIME_02,True,1,1,0.041802542653244484,0.008000622163532143,0.0,False,False
East Madhya Pradesh,2016,4,0,0.017399054,0,REGIME_01,REGIME_01,False,7,7,0.041802542653244484,0.05248226007167118,0.12962962962962962,False,True
East Madhya Pradesh,2016,8,0,0.00075790915,0,REGIME_01,REGIME_01,False,11,11,0.041802542653244484,0.030284105297793126,0.05555555555555555,False,False
East Madhya Pradesh,2016,12,0,0.00017057471,0,REGIME_01,REGIME_01,False,3,3,0.041802542653244484,0.004481939339551005,0.0,False,False
East Madhya Pradesh,2016,2,0,0.0005207582,0,REGIME_01,REGIME_01,False,5,5,0.041802542653244484,0.012124326077297388,0.020202020202020204,False,False
East Madhya Pradesh,2016,1,0,0.00029357822,0,REGIME_01,REGIME_01,False,4,4,0.041802542653244484,0.01043149071571798,0.020202020202020204,False,False
East Madhya Pradesh,2016,7,0,0.01507374,0,REGIME_01,REGIME_01,False,10,10,0.041802542653244484,0.059232449409417555,0.12962962962962962,False,True
East Madhya Pradesh,2016,6,0,0.037259195,0,REGIME_01,REGIME_01,False,9,9,0.041802542653244484,0.08998758765568296,0.22,False,True
East Madhya Pradesh,2016,3,0,0.0024701734,0,REGIME_01,REGIME_01,False,6,6,0.041802542653244484,0.030108219604711037,0.05555555555555555,False,False
East Madhya Pradesh,2016,5,0,0.021780018,0,REGIME_01,REGIME_01,False,8,8,0.041802542653244484,0.07212342001631193,0.16,False,True
East Madhya Pradesh,2016,11,0,6.1177976e-05,0,REGIME_01,REGIME_01,False,2,2,0.041802542653244484,0.004062631761597794,0.0,False,False
East Madhya Pradesh,2016,10,0,3.8742077e-05,0,REGIME_01,REGIME_02,True,1,1,0.041802542653244484,0.004800166873542772,0.0,False,False
East Madhya Pradesh,2016,9,0,0.00011031381,0,REGIME_02,REGIME_01,True,1,1,0.05823519922568156,0.011637700910627853,0.020202020202020204,False,False
East Madhya Pradesh,2017,4,0,0.05014526,0,REGIME_01,REGIME_01,False,7,7,0.041802542653244484,0.06023338198813584,0.12962962962962962,False,True
East Madhya Pradesh,2017,8,0,0.0009258902,0,REGIME_02,REGIME_01,True,1,1,0.05823519922568156,0.04023689087994168,0.08955223880597014,False,False
East Madhya Pradesh,2017,2,0,0.00095511106,0,REGIME_01,REGIME_01,False,5,5,0.041802542653244484,0.011891997037985472,0.020202020202020204,False,False
East Madhya Pradesh,2017,1,0,0.00047477058,0,REGIME_01,REGIME_01,False,4,4,0.041802542653244484,0.009222140562123244,0.0,False,False
East Madhya Pradesh,2017,7,1,0.014253713,1,REGIME_01,REGIME_01,False,10,10,0.041802542653244484,0.063017423995432,0.12962962962962962,False,True
East Madhya Pradesh,2017,6,1,0.042084046,1,REGIME_01,REGIME_01,False,9,9,0.041802542653244484,0.1166301174687465,0.2857142857142857,False,True
East Madhya Pradesh,2017,3,0,0.0047603343,0,REGIME_01,REGIME_01,False,6,6,0.041802542653244484,0.04691452226522343,0.08955223880597014,False,False
East Madhya Pradesh,2017,5,1,0.053256724,1,REGIME_01,REGIME_01,False,8,8,0.041802542653244484,0.10529396648087672,0.2857142857142857,False,True
East Madhya Pradesh,2017,9,0,0.00015406165,0,REGIME_01,REGIME_02,True,1,1,0.041802542653244484,0.011863895292030557,0.020202020202020204,False,False
East Rajasthan,2016,4,0,0.0039026872,0,REGIME_01,REGIME_01,False,7,7,0.041802542653244484,0.05053018921577393,0.08955223880597014,False,False
East Rajasthan,2016,8,0,0.00014403801,0,REGIME_01,REGIME_01,False,11,11,0.041802542653244484,0.03057775978837986,0.05555555555555555,False,False
East Rajasthan,2016,12,0,5.3900098e-05,0,REGIME_01,REGIME_01,False,3,3,0.041802542653244484,0.005255009469812771,0.0,False,False
East Rajasthan,2016,2,0,0.00017652585,0,REGIME_01,REGIME_01,False,5,5,0.041802542653244484,0.012999732213601893,0.020202020202020204,False,False
East Rajasthan,2016,1,0,0.0001191994,0,REGIME_01,REGIME_01,False,4,4,0.041802542653244484,0.011564980472220952,0.020202020202020204,False,False
East Rajasthan,2016,7,0,0.0016063115,0,REGIME_01,REGIME_01,False,10,10,0.041802542653244484,0.058921754991574024,0.12962962962962962,False,True
East Rajasthan,2016,6,0,0.006598924,0,REGIME_01,REGIME_01,False,9,9,0.041802542653244484,0.08538199198506059,0.22,False,True
East Rajasthan,2016,3,0,0.0003281635,0,REGIME_01,REGIME_01,False,6,6,0.041802542653244484,0.03075961240172392,0.05555555555555555,False,False
East Rajasthan,2016,5,0,0.005980968,0,REGIME_01,REGIME_01,False,8,8,0.041802542653244484,0.0726313828531734,0.16,False,True
East Rajasthan,2016,11,0,1.6419523e-05,0,REGIME_01,REGIME_01,False,2,2,0.041802542653244484,0.004431536820844893,0.0,False,False
East Rajasthan,2016,10,0,1.036621e-05,0,REGIME_01,REGIME_02,True,1,1,0.041802542653244484,0.00443978680798516,0.0,False,False
East Rajasthan,2016,9,0,4.4547265e-05,0,REGIME_02,REGIME_01,True,1,1,0.05823519922568156,0.017519502762610984,0.034482758620689655,False,False
East Rajasthan,2017,4,0,0.004306737,0,REGIME_01,REGIME_01,False,7,7,0.041802542653244484,0.052994281482693265,0.12962962962962962,False,True
East Rajasthan,2017,8,0,0.0004687278,0,REGIME_02,REGIME_01,True,1,1,0.05823519922568156,0.038646671085919175,0.0788271432484561,False,False
East Rajasthan,2017,2,0,0.0002247114,0,REGIME_01,REGIME_01,False,5,5,0.041802542653244484,0.011546500847069612,0.020202020202020204,False,False
East Rajasthan,2017,1,0,8.24598e-05,0,REGIME_01,REGIME_01,False,4,4,0.041802542653244484,0.009492563983020988,0.020202020202020204,False,False
East Rajasthan,2017,7,0,0.0025929802,0,REGIME_01,REGIME_01,False,10,10,0.041802542653244484,0.06207400431598047,0.12962962962962962,False,True
East Rajasthan,2017,6,0,0.004411552,0,REGIME_01,REGIME_01,False,9,9,0.041802542653244484,0.10014849220941954,0.25,False,True
East Rajasthan,2017,3,0,0.00049023057,0,REGIME_01,REGIME_01,False,6,6,0.041802542653244484,0.04125522483868459,0.08955223880597014,False,False
East Rajasthan,2017,5,0,0.0068987594,0,REGIME_01,REGIME_01,False,8,8,0.041802542653244484,0.09110327168717164,0.22,False,True
East Rajasthan,2017,9,0,6.14719e-05,0,REGIME_01,REGIME_02,True,1,1,0.041802542653244484,0.013279752821879744,0.020202020202020204,False,False
East Uttar Pradesh,2016,4,0,0.0018050702,0,REGIME_01,REGIME_01,False,7,7,0.041802542653244484,0.049203072473476814,0.08955223880597014,False,False
East Uttar Pradesh,2016,8,0,0.011064128,0,REGIME_02,REGIME_01,True,1,1,0.05823519922568156,0.031203824785158728,0.05555555555555555,False,False
East Uttar Pradesh,2016,12,0,5.3074167e-05,0,REGIME_01,REGIME_01,False,4,4,0.041802542653244484,0.005366171489735194,0.0,False,False
East Uttar Pradesh,2016,2,0,0.00038719716,0,REGIME_01,REGIME_01,False,5,5,0.041802542653244484,0.012324374821931362,0.020202020202020204,False,False
East Uttar Pradesh,2016,1,0,0.00039726027,0,REGIME_01,REGIME_01,False,4,4,0.041802542653244484,0.011849705549169557,0.020202020202020204,False,False
East Uttar Pradesh,2016,7,0,0.009441938,0,REGIME_01,REGIME_01,False,10,10,0.041802542653244484,0.056920296465967926,0.12962962962962962,False,True
East Uttar Pradesh,2016,6,0,0.007943231,0,REGIME_01,REGIME_01,False,9,9,0.041802542653244484,0.08301179605686246,0.18181818181818182,False,True
East Uttar Pradesh,2016,3,0,0.0017580086,0,REGIME_01,REGIME_01,False,6,6,0.041802542653244484,0.028995255242441825,0.05555555555555555,False,False
East Uttar Pradesh,2016,5,0,0.002990637,0,REGIME_01,REGIME_01,False,8,8,0.041802542653244484,0.05986889304139163,0.12962962962962962,False,True
East Uttar Pradesh,2016,11,0,4.943523e-05,0,REGIME_01,REGIME_01,False,3,3,0.041802542653244484,0.004432971092763128,0.0,False,False
East Uttar Pradesh,2016,10,0,0.00016913298,0,REGIME_01,REGIME_01,False,2,2,0.041802542653244484,0.004254691111714616,0.0,False,False
East Uttar Pradesh,2016,9,0,0.00079664227,0,REGIME_01,REGIME_02,True,1,1,0.041802542653244484,0.01755675540584083,0.034482758620689655,False,False
East Uttar Pradesh,2017,4,0,0.01735643,0,REGIME_01,REGIME_01,False,8,8,0.041802542653244484,0.053119533472433575,0.12962962962962962,False,True
East Uttar Pradesh,2017,8,0,0.051294133,0,REGIME_02,REGIME_01,True,1,1,0.05823519922568156,0.0386921230621882,0.08548032026733965,False,False
East Uttar Pradesh,2017,2,0,0.0001681455,0,REGIME_01,REGIME_01,False,6,6,0.041802542653244484,0.01225139596828487,0.020202020202020204,False,False
East Uttar Pradesh,2017,1,0,0.0004320279,0,REGIME_01,REGIME_01,False,5,5,0.041802542653244484,0.010209788248030822,0.020202020202020204,False,False
East Uttar Pradesh,2017,7,0,0.01586158,0,REGIME_01,REGIME_01,False,11,11,0.041802542653244484,0.06042657505443655,0.12962962962962962,False,True
East Uttar Pradesh,2017,6,0,0.019458277,0,REGIME_01,REGIME_01,False,10,10,0.041802542653244484,0.10886137029468694,0.2857142857142857,False,True
East Uttar Pradesh,2017,3,0,0.0053501762,0,REGIME_01,REGIME_01,False,7,7,0.041802542653244484,0.039161938844525006,0.08955223880597014,False,False
East Uttar Pradesh,2017,5,0,0.024619251,0,REGIME_01,REGIME_01,False,9,9,0.041802542653244484,0.08662008501359703,0.22,False,True
East Uttar Pradesh,2017,9,0,0.00090007874,0,REGIME_02,REGIME_02,False,2,2,0.05823519922568156,0.013306823924162136,0.020202020202020204,False,False
Gangetic West Bengal,2016,4,0,0.026673352,0,REGIME_01,REGIME_01,False,6,6,0.041802542653244484,0.07465500511284415,0.1651055064157512,False,True
Gangetic West Bengal,2016,8,0,0.0018841908,0,REGIME_01,REGIME_01,False,2,2,0.041802542653244484,0.029774475856984808,0.05555555555555555,False,False
Gangetic West Bengal,2016,12,0,7.403401e-05,0,REGIME_01,REGIME_01,False,6,6,0.041802542653244484,0.005125129884815453,0.0,False,False
Gangetic West Bengal,2016,2,0,0.007862459,0,REGIME_01,REGIME_01,False,4,4,0.041802542653244484,0.01375614409236183,0.020202020202020204,False,False
Gangetic West Bengal,2016,1,0,0.0012530342,0,REGIME_01,REGIME_01,False,3,3,0.041802542653244484,0.010443672518731203,0.020202020202020204,False,False
Gangetic West Bengal,2016,7,0,0.012729485,0,REGIME_01,REGIME_02,True,1,1,0.041802542653244484,0.06169323771799252,0.12962962962962962,False,True
Gangetic West Bengal,2016,6,0,0.015628552,0,REGIME_02,REGIME_01,True,1,1,0.05823519922568156,0.1038125596745496,0.27384290478884854,False,True
Gangetic West Bengal,2016,3,0,0.021137128,0,REGIME_01,REGIME_01,False,5,5,0.041802542653244484,0.039344784593646744,0.08955223880597014,False,False
Gangetic West Bengal,2016,5,0,0.020229913,0,REGIME_01,REGIME_01,False,7,7,0.041802542653244484,0.09227053354063477,0.22,False,True
Gangetic West Bengal,2016,11,0,0.000111018955,0,REGIME_01,REGIME_01,False,5,5,0.041802542653244484,0.004131421377634213,0.0,False,False
Gangetic West Bengal,2016,10,0,0.00010504292,0,REGIME_01,REGIME_01,False,4,4,0.041802542653244484,0.004978792598956715,0.0,False,False
Gangetic West Bengal,2016,9,0,0.00039929134,0,REGIME_01,REGIME_01,False,3,3,0.041802542653244484,0.011806378483186553,0.020202020202020204,False,False
Gangetic West Bengal,2017,4,0,0.015069585,0,REGIME_01,REGIME_01,False,10,10,0.041802542653244484,0.06143408532556744,0.12962962962962962,False,True
Gangetic West Bengal,2017,8,0,0.0011547145,0,REGIME_02,REGIME_01,True,1,1,0.05823519922568156,0.04151702757160359,0.08955223880597014,False,False
Gangetic West Bengal,2017,2,0,0.0006695307,0,REGIME_01,REGIME_01,False,8,8,0.041802542653244484,0.012171178838893234,0.020202020202020204,False,False
Gangetic West Bengal,2017,1,0,0.000677827,0,REGIME_01,REGIME_01,False,7,7,0.041802542653244484,0.011190679910338444,0.020202020202020204,False,False
Gangetic West Bengal,2017,7,0,0.004096333,0,REGIME_01,REGIME_01,False,13,13,0.041802542653244484,0.06309161062673319,0.12962962962962962,False,True
Gangetic West Bengal,2017,6,0,0.01291981,0,REGIME_01,REGIME_01,False,12,12,0.041802542653244484,0.11139994736616048,0.2857142857142857,False,True
Gangetic West Bengal,2017,3,0,0.015259954,0,REGIME_01,REGIME_01,False,9,9,0.041802542653244484,0.04288085882988244,0.08955223880597014,False,False
Gangetic West Bengal,2017,5,0,0.02509314,0,REGIME_01,REGIME_01,False,11,11,0.041802542653244484,0.10528860853564237,0.2857142857142857,False,True
Gangetic West Bengal,2017,9,0,0.00039030777,0,REGIME_02,REGIME_02,False,2,2,0.05823519922568156,0.013781743090608974,0.020202020202020204,False,False
Gujarat Region,2016,4,0,0.0010023672,0,REGIME_01,REGIME_01,False,7,7,0.041802542653244484,0.03531240165156835,0.05555555555555555,False,False
Gujarat Region,2016,8,0,0.00019495121,0,REGIME_01,REGIME_02,True,1,1,0.041802542653244484,0.022947281717682358,0.05555555555555555,False,False
Gujarat Region,2016,12,0,5.228831e-05,0,REGIME_01,REGIME_01,False,5,5,0.041802542653244484,0.0036770903509754254,0.0,False,False
Gujarat Region,2016,2,0,0.0002825686,0,REGIME_01,REGIME_01,False,5,5,0.041802542653244484,0.00899902555372759,0.0,False,False
Gujarat Region,2016,1,0,0.00013076668,0,REGIME_01,REGIME_01,False,4,4,0.041802542653244484,0.007484562312874143,0.0,False,False
Gujarat Region,2016,7,0,0.00022795156,0,REGIME_02,REGIME_02,False,2,2,0.05823519922568156,0.04415197141524569,0.08955223880597014,False,False
Gujarat Region,2016,6,0,0.001371603,0,REGIME_02,REGIME_01,True,1,1,0.05823519922568156,0.0683751716426888,0.16,False,True
Gujarat Region,2016,3,0,0.0001832362,0,REGIME_01,REGIME_01,False,6,6,0.041802542653244484,0.020715740633666158,0.04878048780487805,False,False
Gujarat Region,2016,5,0,0.0009899116,0,REGIME_01,REGIME_01,False,8,8,0.041802542653244484,0.053459756644960416,0.12962962962962962,False,True
Gujarat Region,2016,11,0,2.9274608e-05,0,REGIME_01,REGIME_01,False,4,4,0.041802542653244484,0.003134623894586469,0.0,False,False
Gujarat Region,2016,10,0,2.5969663e-05,0,REGIME_01,REGIME_01,False,3,3,0.041802542653244484,0.0030591827563063584,0.0,False,False
Gujarat Region,2016,9,0,7.630901e-05,0,REGIME_01,REGIME_01,False,2,2,0.041802542653244484,0.012349835882510924,0.020202020202020204,False,False
Gujarat Region,2017,4,0,0.001378545,0,REGIME_01,REGIME_01,False,9,9,0.041802542653244484,0.034762295038818794,0.05555555555555555,False,False
Gujarat Region,2017,8,0,3.862455e-05,0,REGIME_02,REGIME_01,True,1,1,0.05823519922568156,0.026095685260967477,0.05555555555555555,False,False
Gujarat Region,2017,2,0,0.00012755966,0,REGIME_01,REGIME_01,False,7,7,0.041802542653244484,0.007247073655225449,0.0,False,False
Gujarat Region,2017,1,0,6.0593185e-05,0,REGIME_01,REGIME_01,False,6,6,0.041802542653244484,0.0069159347898092955,0.0,False,False
Gujarat Region,2017,7,0,0.00053040107,0,REGIME_01,REGIME_01,False,12,12,0.041802542653244484,0.049667666357332635,0.08955223880597014,False,False
Gujarat Region,2017,6,0,0.0019284154,0,REGIME_01,REGIME_01,False,11,11,0.041802542653244484,0.07317972023203553,0.16,False,True
Gujarat Region,2017,3,0,0.00028550925,0,REGIME_01,REGIME_01,False,8,8,0.041802542653244484,0.02651984463449059,0.05555555555555555,False,False
Gujarat Region,2017,5,0,0.0011683356,0,REGIME_01,REGIME_01,False,10,10,0.041802542653244484,0.06709169976562655,0.16,False,True
Gujarat Region,2017,9,0,3.9175047e-05,0,REGIME_02,REGIME_02,False,2,2,0.05823519922568156,0.008811047135160305,0.0,False,False
Haryana Delhi & Chandigarh,2016,4,0,0.0024041084,0,REGIME_01,REGIME_01,False,8,8,0.041802542653244484,0.04447087167490521,0.08955223880597014,False,False
Haryana Delhi & Chandigarh,2016,8,0,0.0013731655,0,REGIME_01,REGIME_01,False,12,12,0.041802542653244484,0.03387819470967544,0.05555555555555555,False,False
Haryana Delhi & Chandigarh,2016,12,0,0.00035938868,0,REGIME_01,REGIME_01,False,3,3,0.041802542653244484,0.005768890593144294,0.0,False,False
Haryana Delhi & Chandigarh,2016,2,0,0.0009812363,0,REGIME_01,REGIME_01,False,6,6,0.041802542653244484,0.01223124644481468,0.020202020202020204,False,False
Haryana Delhi & Chandigarh,2016,1,0,0.0008027779,0,REGIME_01,REGIME_01,False,5,5,0.041802542653244484,0.012498377318769124,0.020202020202020204,False,False
Haryana Delhi & Chandigarh,2016,7,0,0.008586098,0,REGIME_01,REGIME_01,False,11,11,0.041802542653244484,0.05807381579884761,0.12962962962962962,False,True
Haryana Delhi & Chandigarh,2016,6,0,0.006851035,0,REGIME_01,REGIME_01,False,10,10,0.041802542653244484,0.07897686819499034,0.18181818181818182,False,True
Haryana Delhi & Chandigarh,2016,3,0,0.0028940372,0,REGIME_01,REGIME_01,False,7,7,0.041802542653244484,0.025896233318770782,0.05555555555555555,False,False
Haryana Delhi & Chandigarh,2016,5,0,0.010078396,0,REGIME_01,REGIME_01,False,9,9,0.041802542653244484,0.06022397226500447,0.12962962962962962,False,True
Haryana Delhi & Chandigarh,2016,11,0,0.00010619702,0,REGIME_01,REGIME_01,False,2,2,0.041802542653244484,0.004804608020346056,0.0,False,False
Haryana Delhi & Chandigarh,2016,10,0,4.482088e-05,0,REGIME_01,REGIME_02,True,1,1,0.041802542653244484,0.004837864901565098,0.0,False,False
Haryana Delhi & Chandigarh,2016,9,0,0.00013832371,0,REGIME_02,REGIME_01,True,1,1,0.05823519922568156,0.020475956214662413,0.04878048780487805,False,False
Haryana Delhi & Chandigarh,2017,4,0,0.0115443645,0,REGIME_01,REGIME_01,False,7,7,0.041802542653244484,0.0433375719152549,0.08955223880597014,False,False
Haryana Delhi & Chandigarh,2017,8,0,0.00085137004,0,REGIME_02,REGIME_02,False,2,2,0.05823519922568156,0.042907507957397485,0.08955223880597014,False,False
Haryana Delhi & Chandigarh,2017,2,0,0.0009292933,0,REGIME_01,REGIME_01,False,5,5,0.041802542653244484,0.011610964870346244,0.020202020202020204,False,False
Haryana Delhi & Chandigarh,2017,1,0,0.00082774623,0,REGIME_01,REGIME_01,False,4,4,0.041802542653244484,0.009513772809493188,0.020202020202020204,False,False
Haryana Delhi & Chandigarh,2017,7,0,0.0068050013,0,REGIME_02,REGIME_01,True,1,1,0.05823519922568156,0.06198915504743879,0.12962962962962962,False,True
Haryana Delhi & Chandigarh,2017,6,0,0.010972071,0,REGIME_01,REGIME_01,False,9,9,0.041802542653244484,0.07448647376296892,0.16,False,True
Haryana Delhi & Chandigarh,2017,3,0,0.0029523827,0,REGIME_01,REGIME_01,False,6,6,0.041802542653244484,0.03590500746268092,0.05555555555555555,False,False
Haryana Delhi & Chandigarh,2017,5,0,0.02348777,0,REGIME_01,REGIME_01,False,8,8,0.041802542653244484,0.07801088118748571,0.18181818181818182,False,True
Haryana Delhi & Chandigarh,2017,9,0,0.00019027376,0,REGIME_01,REGIME_02,True,1,1,0.041802542653244484,0.012417535065739723,0.020202020202020204,False,False
Himachal Pradesh,2016,4,0,0.005193658,0,REGIME_01,REGIME_01,False,3,3,0.041802542653244484,0.058712775965271136,0.12962962962962962,False,True
Himachal Pradesh,2016,8,0,0.0043092645,0,REGIME_01,REGIME_02,True,1,1,0.041802542653244484,0.03875243026985807,0.08955223880597014,False,False
Himachal Pradesh,2016,12,0,0.004009366,0,REGIME_01,REGIME_01,False,3,3,0.041802542653244484,0.007945930587413266,0.0,False,False
Himachal Pradesh,2016,2,0,0.033927005,0,REGIME_01,REGIME_02,True,1,1,0.041802542653244484,0.017157037228911907,0.034482758620689655,False,False
Himachal Pradesh,2016,1,0,0.03646179,0,REGIME_02,REGIME_01,True,1,1,0.05823519922568156,0.017063542174050254,0.034482758620689655,False,False
Himachal Pradesh,2016,7,0,0.009940867,0,REGIME_02,REGIME_01,True,1,1,0.05823519922568156,0.07781952435405878,0.18181818181818182,False,True
Himachal Pradesh,2016,6,0,0.0054013487,0,REGIME_01,REGIME_01,False,5,5,0.041802542653244484,0.0955632771246966,0.22,False,True
Himachal Pradesh,2016,3,0,0.0073988563,0,REGIME_01,REGIME_01,False,2,2,0.041802542653244484,0.03583792286047776,0.05555555555555555,False,False
Himachal Pradesh,2016,5,0,0.0069805896,0,REGIME_01,REGIME_01,False,4,4,0.041802542653244484,0.08139940412271722,0.18181818181818182,False,True
Himachal Pradesh,2016,11,0,0.006317465,0,REGIME_01,REGIME_01,False,2,2,0.041802542653244484,0.006446588671213908,0.0,False,False
Himachal Pradesh,2016,10,0,0.0036106606,0,REGIME_01,REGIME_02,True,1,1,0.041802542653244484,0.006141898686502387,0.0,False,False
Himachal Pradesh,2016,9,0,0.0026968431,0,REGIME_02,REGIME_01,True,1,1,0.05823519922568156,0.022638054533859846,0.05555555555555555,False,False
Himachal Pradesh,2017,4,0,0.004013422,0,REGIME_01,REGIME_01,False,7,7,0.041802542653244484,0.05293324656813148,0.12962962962962962,False,True
Himachal Pradesh,2017,8,0,0.0041806474,0,REGIME_01,REGIME_02,True,1,1,0.041802542653244484,0.04285668470802947,0.08955223880597014,False,False
Himachal Pradesh,2017,2,0,0.019444143,0,REGIME_01,REGIME_01,False,5,5,0.041802542653244484,0.014218378501841815,0.020202020202020204,False,False
Himachal Pradesh,2017,1,0,0.0195123,0,REGIME_01,REGIME_01,False,4,4,0.041802542653244484,0.012881018801140403,0.020202020202020204,False,False
Himachal Pradesh,2017,7,0,0.009826023,0,REGIME_02,REGIME_01,True,1,1,0.05823519922568156,0.06894720832643585,0.16,False,True
Himachal Pradesh,2017,6,0,0.004835783,0,REGIME_01,REGIME_01,False,9,9,0.041802542653244484,0.10122064518116974,0.25,False,True
Himachal Pradesh,2017,3,0,0.012689743,0,REGIME_01,REGIME_01,False,6,6,0.041802542653244484,0.049223988993799685,0.08955223880597014,False,False
Himachal Pradesh,2017,5,0,0.0067054,0,REGIME_01,REGIME_01,False,8,8,0.041802542653244484,0.09391958311517441,0.22,False,True
Himachal Pradesh,2017,9,0,0.0026815124,0,REGIME_01,REGIME_01,False,2,2,0.041802542653244484,0.0143348660757307,0.020202020202020204,False,False
Jammu & Kashmir,2016,4,0,0.009039425,0,REGIME_01,REGIME_01,False,2,2,0.041802542653244484,0.05785005873769576,0.12962962962962962,False,True
Jammu & Kashmir,2016,8,0,0.00375416,0,REGIME_01,REGIME_01,False,6,6,0.041802542653244484,0.045215736050884164,0.08955223880597014,False,False
Jammu & Kashmir,2016,12,0,0.0910823,0,REGIME_01,REGIME_01,False,10,10,0.041802542653244484,0.009291952672930261,0.020202020202020204,True,False
Jammu & Kashmir,2016,2,0,0.12843452,0,REGIME_02,REGIME_02,False,2,2,0.05823519922568156,0.020202531610020644,0.04878048780487805,True,False
Jammu & Kashmir,2016,1,0,0.10700501,0,REGIME_02,REGIME_01,True,1,1,0.05823519922568156,0.019609526821881464,0.04878048780487805,True,False
Jammu & Kashmir,2016,7,0,0.009424405,0,REGIME_01,REGIME_01,False,5,5,0.041802542653244484,0.07995681359031227,0.18181818181818182,False,True
Jammu & Kashmir,2016,6,0,0.0043670717,0,REGIME_01,REGIME_01,False,4,4,0.041802542653244484,0.1065787883512255,0.2857142857142857,False,True
Jammu & Kashmir,2016,3,0,0.025882624,0,REGIME_01,REGIME_02,True,1,1,0.041802542653244484,0.037633260890643214,0.05555555555555555,False,False
Jammu & Kashmir,2016,5,0,0.007508467,0,REGIME_01,REGIME_01,False,3,3,0.041802542653244484,0.0913657155567684,0.22,False,True
Jammu & Kashmir,2016,11,0,0.0149683235,0,REGIME_01,REGIME_01,False,9,9,0.041802542653244484,0.00779624767747273,0.0,False,False
Jammu & Kashmir,2016,10,0,0.0054148654,0,REGIME_01,REGIME_01,False,8,8,0.041802542653244484,0.007575126251194298,0.0,False,False
Jammu & Kashmir,2016,9,0,0.0025936856,0,REGIME_01,REGIME_01,False,7,7,0.041802542653244484,0.026417029430743515,0.05555555555555555,False,False
Jammu & Kashmir,2017,4,0,0.0059914207,0,REGIME_01,REGIME_01,False,14,14,0.041802542653244484,0.050413865160655956,0.08955223880597014,False,False
Jammu & Kashmir,2017,8,0,0.0039269007,0,REGIME_01,REGIME_01,False,18,18,0.041802542653244484,0.050310398839582215,0.08955223880597014,False,False
Jammu & Kashmir,2017,2,0,0.062129017,0,REGIME_01,REGIME_01,False,12,12,0.041802542653244484,0.013851021831427456,0.020202020202020204,False,False
Jammu & Kashmir,2017,1,0,0.057173997,0,REGIME_01,REGIME_01,False,11,11,0.041802542653244484,0.014799775952170009,0.020202020202020204,False,False
Jammu & Kashmir,2017,7,0,0.008693873,0,REGIME_01,REGIME_01,False,17,17,0.041802542653244484,0.06334657463228238,0.1350114085841957,False,True
Jammu & Kashmir,2017,6,0,0.017446367,0,REGIME_01,REGIME_01,False,16,16,0.041802542653244484,0.08685647081612652,0.22,False,True
Jammu & Kashmir,2017,3,0,0.01698308,0,REGIME_01,REGIME_01,False,13,13,0.041802542653244484,0.04911718229480316,0.08955223880597014,False,False
Jammu & Kashmir,2017,5,0,0.005666605,0,REGIME_01,REGIME_01,False,15,15,0.041802542653244484,0.0984795746841072,0.24963039700186623,False,True
Jammu & Kashmir,2017,9,0,0.004283192,0,REGIME_01,REGIME_01,False,19,19,0.041802542653244484,0.01816761178278273,0.04878048780487805,False,False
Jharkhand,2016,4,0,0.12909992,0,REGIME_01,REGIME_01,False,6,6,0.041802542653244484,0.06626665112460077,0.16,True,True
Jharkhand,2016,8,0,0.009575666,0,REGIME_01,REGIME_01,False,2,2,0.041802542653244484,0.03060357971576338,0.05555555555555555,False,False
Jharkhand,2016,12,0,0.0002565418,0,REGIME_01,REGIME_01,False,6,6,0.041802542653244484,0.005354090451224437,0.0,False,False
Jharkhand,2016,2,0,0.0070858155,0,REGIME_01,REGIME_01,False,4,4,0.041802542653244484,0.014234436623436689,0.020202020202020204,False,False
Jharkhand,2016,1,0,0.002068986,0,REGIME_01,REGIME_01,False,3,3,0.041802542653244484,0.011237917786931522,0.020202020202020204,False,False
Jharkhand,2016,7,0,0.08196126,0,REGIME_01,REGIME_02,True,1,1,0.041802542653244484,0.06527456743387831,0.16,False,True
Jharkhand,2016,6,0,0.15486304,0,REGIME_02,REGIME_01,True,1,1,0.05823519922568156,0.10062758188853604,0.25,True,True
Jharkhand,2016,3,0,0.0600868,0,REGIME_01,REGIME_01,False,5,5,0.041802542653244484,0.0358622851449324,0.05555555555555555,False,False
Jharkhand,2016,5,0,0.23282067,0,REGIME_01,REGIME_01,False,7,7,0.041802542653244484,0.08033816819481705,0.18181818181818182,True,True
Jharkhand,2016,11,0,0.00012647506,0,REGIME_01,REGIME_01,False,5,5,0.041802542653244484,0.00454733355906615,0.0,False,False
Jharkhand,2016,10,0,0.0003082058,0,REGIME_01,REGIME_01,False,4,4,0.041802542653244484,0.004189830799099114,0.0,False,False
Jharkhand,2016,9,0,0.0020450836,0,REGIME_01,REGIME_01,False,3,3,0.041802542653244484,0.018450445093121808,0.04878048780487805,False,False
Jharkhand,2017,4,0,0.34353834,0,REGIME_01,REGIME_01,False,10,10,0.041802542653244484,0.06488095033332572,0.16,True,True
Jharkhand,2017,8,0,0.004555956,0,REGIME_02,REGIME_01,True,1,1,0.05823519922568156,0.046692148878154614,0.08955223880597014,False,False
Jharkhand,2017,2,0,0.0031334714,0,REGIME_01,REGIME_01,False,8,8,0.041802542653244484,0.011931890585481204,0.020202020202020204,False,False
Jharkhand,2017,1,0,0.0015028529,0,REGIME_01,REGIME_01,False,7,7,0.041802542653244484,0.010947216879908916,0.020202020202020204,False,False
Jharkhand,2017,7,0,0.061997052,0,REGIME_01,REGIME_02,True,1,1,0.041802542653244484,0.06750158864141173,0.16,False,True
Jharkhand,2017,6,0,0.2185177,0,REGIME_02,REGIME_01,True,1,1,0.05823519922568156,0.1233967478386948,0.2857142857142857,True,True
Jharkhand,2017,3,0,0.08365865,0,REGIME_01,REGIME_01,False,9,9,0.041802542653244484,0.04511108784141037,0.08955223880597014,False,False
Jharkhand,2017,5,0,0.5061131,0,REGIME_01,REGIME_01,False,11,11,0.041802542653244484,0.10672381887228581,0.2857142857142857,True,True
Jharkhand,2017,9,0,0.0008973937,0,REGIME_02,REGIME_02,False,2,2,0.05823519922568156,0.016403910178650182,0.034482758620689655,False,False
Kerala,2016,4,0,0.024945507,0,REGIME_02,REGIME_01,True,1,1,0.05823519922568156,0.10601357894701376,0.2857142857142857,False,True
Kerala,2016,8,1,0.0031897682,1,REGIME_02,REGIME_02,False,3,3,0.05823519922568156,0.06258100148646203,0.12962962962962962,False,True
Kerala,2016,12,0,0.0022320037,0,REGIME_01,REGIME_02,True,1,1,0.041802542653244484,0.006649676305201963,0.0,False,False
Kerala,2016,2,1,0.0042377743,1,REGIME_01,REGIME_01,False,6,6,0.041802542653244484,0.020171577195725352,0.04878048780487805,False,False
Kerala,2016,1,1,0.0020367953,1,REGIME_01,REGIME_01,False,5,5,0.041802542653244484,0.01753731380137341,0.034482758620689655,False,False
Kerala,2016,7,1,0.0051680794,1,REGIME_02,REGIME_02,False,2,2,0.05823519922568156,0.09397704400360934,0.22,False,True
Kerala,2016,6,0,0.005313868,0,REGIME_02,REGIME_01,True,1,1,0.05823519922568156,0.09541105049046654,0.22,False,True
Kerala,2016,3,1,0.0065843607,1,REGIME_01,REGIME_01,False,7,7,0.041802542653244484,0.051761247998704275,0.12962962962962962,False,True
Kerala,2016,5,0,0.0065413006,0,REGIME_01,REGIME_02,True,1,1,0.041802542653244484,0.1328596614783553,0.41379310344827586,False,True
Kerala,2016,11,0,0.0031513283,0,REGIME_02,REGIME_02,False,6,6,0.05823519922568156,0.00588584339147023,0.0,False,False
Kerala,2016,10,0,0.0015107149,0,REGIME_02,REGIME_02,False,5,5,0.05823519922568156,0.008589146589352833,0.0,False,False
Kerala,2016,9,1,0.0033966976,1,REGIME_02,REGIME_02,False,4,4,0.05823519922568156,0.022948611863405143,0.05555555555555555,False,False
Kerala,2017,4,0,0.022924697,0,REGIME_02,REGIME_01,True,1,1,0.05823519922568156,0.09545970211547662,0.22,False,True
Kerala,2017,8,0,0.008728044,0,REGIME_01,REGIME_02,True,1,1,0.041802542653244484,0.05016922727779884,0.08955223880597014,False,False
Kerala,2017,2,0,0.01406487,0,REGIME_01,REGIME_01,False,3,3,0.041802542653244484,0.023504110798696378,0.05555555555555555,False,False
Kerala,2017,1,0,0.004872573,0,REGIME_01,REGIME_01,False,2,2,0.041802542653244484,0.018068725263677515,0.04878048780487805,False,False
Kerala,2017,7,0,0.008432911,0,REGIME_02,REGIME_02,False,2,2,0.05823519922568156,0.07475489157575906,0.16666666666666666,False,True
Kerala,2017,6,0,0.005269628,0,REGIME_02,REGIME_01,True,1,1,0.05823519922568156,0.09075773028687133,0.22,False,True
Kerala,2017,3,0,0.012651112,0,REGIME_01,REGIME_01,False,4,4,0.041802542653244484,0.0629322878559483,0.12962962962962962,False,True
Kerala,2017,5,0,0.0112504205,0,REGIME_01,REGIME_02,True,1,1,0.041802542653244484,0.1434563576602397,0.41379310344827586,False,True
Kerala,2017,9,0,0.0049924375,0,REGIME_01,REGIME_01,False,2,2,0.041802542653244484,0.0154389094808285,0.030559616557097005,False,False
Konkan & Goa,2016,4,0,0.031472046,0,REGIME_01,REGIME_01,False,7,7,0.041802542653244484,0.08176138785842876,0.18181818181818182,False,True
Konkan & Goa,2016,8,0,0.0034626666,0,REGIME_01,REGIME_01,False,11,11,0.041802542653244484,0.020699928920680278,0.04878048780487805,False,False
Konkan & Goa,2016,12,0,0.000104547165,0,REGIME_01,REGIME_01,False,15,15,0.041802542653244484,0.0020872758339486575,0.0,False,False
Konkan & Goa,2016,2,0,0.0009836461,0,REGIME_01,REGIME_01,False,5,5,0.041802542653244484,0.01470857032189619,0.020202020202020204,False,False
Konkan & Goa,2016,1,0,0.00096622936,0,REGIME_01,REGIME_01,False,4,4,0.041802542653244484,0.011952495537067405,0.020202020202020204,False,False
Konkan & Goa,2016,7,0,0.02254252,0,REGIME_01,REGIME_01,False,10,10,0.041802542653244484,0.05421288445277773,0.12962962962962962,False,True
Konkan & Goa,2016,6,0,0.029960562,0,REGIME_01,REGIME_01,False,9,9,0.041802542653244484,0.10368853098958401,0.27164263255512133,False,True
Konkan & Goa,2016,3,0,0.043961227,0,REGIME_01,REGIME_01,False,6,6,0.041802542653244484,0.044380568640292266,0.08955223880597014,False,False
Konkan & Goa,2016,5,0,0.076131515,0,REGIME_01,REGIME_01,False,8,8,0.041802542653244484,0.12548327924741332,0.2857142857142857,False,True
Konkan & Goa,2016,11,0,7.69079e-05,0,REGIME_01,REGIME_01,False,14,14,0.041802542653244484,0.003335991250912238,0.0,False,False
Konkan & Goa,2016,10,0,7.8784746e-05,0,REGIME_01,REGIME_01,False,13,13,0.041802542653244484,0.0016716317408917668,0.0,False,False
Konkan & Goa,2016,9,0,0.00012324442,0,REGIME_01,REGIME_01,False,12,12,0.041802542653244484,0.008872228378998072,0.0,False,False
Konkan & Goa,2017,4,0,0.023117417,0,REGIME_01,REGIME_01,False,19,19,0.041802542653244484,0.13449380229293645,0.41379310344827586,False,True
Konkan & Goa,2017,8,0,0.0044635823,0,REGIME_01,REGIME_01,False,23,23,0.041802542653244484,0.028259524447107255,0.05555555555555555,False,False
Konkan & Goa,2017,2,0,0.0002461326,0,REGIME_01,REGIME_01,False,17,17,0.041802542653244484,0.016005182692778015,0.034482758620689655,False,False
Konkan & Goa,2017,1,0,0.00026133654,0,REGIME_01,REGIME_01,False,16,16,0.041802542653244484,0.007838032934679258,0.0,False,False
Konkan & Goa,2017,7,0,0.01453424,0,REGIME_01,REGIME_01,False,22,22,0.041802542653244484,0.05854005836833952,0.12962962962962962,False,True
Konkan & Goa,2017,6,0,0.03881876,0,REGIME_01,REGIME_01,False,21,21,0.041802542653244484,0.15926301078373262,0.41379310344827586,False,True
Konkan & Goa,2017,3,0,0.011155991,0,REGIME_01,REGIME_01,False,18,18,0.041802542653244484,0.07526756076364696,0.16666666666666666,False,True
Konkan & Goa,2017,5,0,0.027623931,0,REGIME_01,REGIME_01,False,20,20,0.041802542653244484,0.24027817127122858,1.0,False,True
Konkan & Goa,2017,9,0,0.00016481648,0,REGIME_01,REGIME_01,False,24,24,0.041802542653244484,0.009448459353989656,0.020202020202020204,False,False
Lakshadweep,2016,4,0,0.07048881,0,REGIME_01,REGIME_01,False,8,8,0.041802542653244484,0.05747982101923959,0.12962962962962962,False,True
Lakshadweep,2016,8,0,0.014912337,0,REGIME_02,REGIME_01,True,1,1,0.05823519922568156,0.04947359335463815,0.08955223880597014,False,False
Lakshadweep,2016,12,0,0.0010391873,0,REGIME_01,REGIME_02,True,1,1,0.041802542653244484,0.005528263702613818,0.0,False,False
Lakshadweep,2016,2,0,0.0015102366,0,REGIME_01,REGIME_01,False,6,6,0.041802542653244484,0.012741527997086536,0.020202020202020204,False,False
Lakshadweep,2016,1,0,0.0014604582,0,REGIME_01,REGIME_01,False,5,5,0.041802542653244484,0.010884985440012032,0.020202020202020204,False,False
Lakshadweep,2016,7,0,0.018230153,0,REGIME_01,REGIME_01,False,2,2,0.041802542653244484,0.0679511787447384,0.16,False,True
Lakshadweep,2016,6,0,0.08668411,0,REGIME_01,REGIME_02,True,1,1,0.041802542653244484,0.09127790986368088,0.22,False,True
Lakshadweep,2016,3,0,0.039775576,0,REGIME_01,REGIME_01,False,7,7,0.041802542653244484,0.0329211597172663,0.05555555555555555,False,False
Lakshadweep,2016,5,0,0.09858075,0,REGIME_02,REGIME_01,True,1,1,0.05823519922568156,0.08501253264948179,0.22,True,True
Lakshadweep,2016,11,0,0.00061438617,0,REGIME_02,REGIME_02,False,4,4,0.05823519922568156,0.005693041246448427,0.0,False,False
Lakshadweep,2016,10,0,0.0012420636,0,REGIME_02,REGIME_02,False,3,3,0.05823519922568156,0.006233183070907448,0.0,False,False
Lakshadweep,2016,9,0,0.0047589657,0,REGIME_02,REGIME_02,False,2,2,0.05823519922568156,0.02707928916319097,0.05555555555555555,False,False
Lakshadweep,2017,4,0,0.04281249,0,REGIME_01,REGIME_01,False,5,5,0.041802542653244484,0.054186376460324114,0.12962962962962962,False,True
Lakshadweep,2017,8,0,0.01993235,0,REGIME_01,REGIME_02,True,1,1,0.041802542653244484,0.0467037313919586,0.08955223880597014,False,False
Lakshadweep,2017,2,0,0.0016126911,0,REGIME_01,REGIME_01,False,3,3,0.041802542653244484,0.01385234037306529,0.020202020202020204,False,False
Lakshadweep,2017,1,0,0.0022570633,0,REGIME_01,REGIME_01,False,2,2,0.041802542653244484,0.012318648420017455,0.020202020202020204,False,False
Lakshadweep,2017,7,0,0.012321468,0,REGIME_02,REGIME_01,True,1,1,0.05823519922568156,0.05290741393704065,0.12962962962962962,False,True
Lakshadweep,2017,6,0,0.022069301,0,REGIME_01,REGIME_01,False,7,7,0.041802542653244484,0.08607747881145793,0.22,False,True
Lakshadweep,2017,3,0,0.03324033,0,REGIME_01,REGIME_01,False,4,4,0.041802542653244484,0.03613471914484555,0.05555555555555555,False,False
Lakshadweep,2017,5,0,0.045220993,0,REGIME_01,REGIME_01,False,6,6,0.041802542653244484,0.09337242337445036,0.22,False,True
Lakshadweep,2017,9,0,0.0129551515,0,REGIME_01,REGIME_01,False,2,2,0.041802542653244484,0.01150073200375164,0.020202020202020204,False,False
Madhya Maharashtra,2016,4,0,0.0021079287,0,REGIME_01,REGIME_01,False,8,8,0.041802542653244484,0.0798414855836798,0.18181818181818182,False,True
Madhya Maharashtra,2016,8,0,0.00094774953,0,REGIME_01,REGIME_01,False,12,12,0.041802542653244484,0.04938710735000723,0.08955223880597014,False,False
Madhya Maharashtra,2016,12,0,3.4915738e-05,0,REGIME_01,REGIME_01,False,16,16,0.041802542653244484,0.008176510279970425,0.0,False,False
Madhya Maharashtra,2016,2,0,0.00023897558,0,REGIME_01,REGIME_01,False,6,6,0.041802542653244484,0.018735089863300705,0.04878048780487805,False,False
Madhya Maharashtra,2016,1,0,0.00015840374,0,REGIME_01,REGIME_01,False,5,5,0.041802542653244484,0.018729537183440906,0.04878048780487805,False,False
Madhya Maharashtra,2016,7,0,0.0031287903,0,REGIME_01,REGIME_01,False,11,11,0.041802542653244484,0.08824465875229774,0.22,False,True
Madhya Maharashtra,2016,6,0,0.0034877155,0,REGIME_01,REGIME_01,False,10,10,0.041802542653244484,0.13642869442200534,0.41379310344827586,False,True
Madhya Maharashtra,2016,3,0,0.0017007426,0,REGIME_01,REGIME_01,False,7,7,0.041802542653244484,0.041722104838769515,0.08955223880597014,False,False
Madhya Maharashtra,2016,5,0,0.003995981,0,REGIME_01,REGIME_01,False,9,9,0.041802542653244484,0.11691684836709984,0.2857142857142857,False,True
Madhya Maharashtra,2016,11,0,2.0286117e-05,0,REGIME_01,REGIME_01,False,15,15,0.041802542653244484,0.007321540397019369,0.0,False,False
Madhya Maharashtra,2016,10,0,3.8697992e-05,0,REGIME_01,REGIME_01,False,14,14,0.041802542653244484,0.0067236716097649855,0.0,False,False
Madhya Maharashtra,2016,9,0,0.00014533404,0,REGIME_01,REGIME_01,False,13,13,0.041802542653244484,0.02755325632870975,0.05555555555555555,False,False
Madhya Maharashtra,2017,4,0,0.0031501558,0,REGIME_01,REGIME_01,False,20,20,0.041802542653244484,0.087109958677794,0.22,False,True
Madhya Maharashtra,2017,8,0,0.001689248,0,REGIME_01,REGIME_01,False,24,24,0.041802542653244484,0.05703427090269495,0.12962962962962962,False,True
Madhya Maharashtra,2017,2,0,0.00021765748,0,REGIME_01,REGIME_01,False,18,18,0.041802542653244484,0.018295522643486196,0.04878048780487805,False,False
Madhya Maharashtra,2017,1,0,8.3911815e-05,0,REGIME_01,REGIME_01,False,17,17,0.041802542653244484,0.015899899029625623,0.034482758620689655,False,False
Madhya Maharashtra,2017,7,0,0.002406019,0,REGIME_01,REGIME_01,False,23,23,0.041802542653244484,0.08944146670262766,0.22,False,True
Madhya Maharashtra,2017,6,0,0.007245364,0,REGIME_01,REGIME_01,False,22,22,0.041802542653244484,0.14635974682345154,0.41379310344827586,False,True
Madhya Maharashtra,2017,3,0,0.0014019288,0,REGIME_01,REGIME_01,False,19,19,0.041802542653244484,0.06096492696422779,0.12962962962962962,False,True
Madhya Maharashtra,2017,5,0,0.0064005787,0,REGIME_01,REGIME_01,False,21,21,0.041802542653244484,0.14620492880464092,0.41379310344827586,False,True
Madhya Maharashtra,2017,9,0,0.0001470524,0,REGIME_01,REGIME_01,False,25,25,0.041802542653244484,0.017910911561431,0.034482758620689655,False,False
Matathwada,2016,4,0,0.0015535088,0,REGIME_01,REGIME_01,False,9,9,0.041802542653244484,0.052065233838694214,0.12962962962962962,False,True
Matathwada,2016,8,0,0.0017136297,0,REGIME_02,REGIME_01,True,1,1,0.05823519922568156,0.040114012284806225,0.08955223880597014,False,False
Matathwada,2016,12,0,3.4587814e-05,0,REGIME_01,REGIME_01,False,4,4,0.041802542653244484,0.005501692198159288,0.0,False,False
Matathwada,2016,2,0,0.0006640469,0,REGIME_01,REGIME_01,False,7,7,0.041802542653244484,0.012022942281803261,0.020202020202020204,False,False
Matathwada,2016,1,0,0.00020842331,0,REGIME_01,REGIME_01,False,6,6,0.041802542653244484,0.012896152110455238,0.020202020202020204,False,False
Matathwada,2016,7,0,0.00097301893,0,REGIME_01,REGIME_01,False,12,12,0.041802542653244484,0.06108380088535099,0.12962962962962962,False,True
Matathwada,2016,6,0,0.003178822,0,REGIME_01,REGIME_01,False,11,11,0.041802542653244484,0.08342692582624639,0.18181818181818182,False,True
Matathwada,2016,3,0,0.0020399487,0,REGIME_01,REGIME_01,False,8,8,0.041802542653244484,0.028436400877893432,0.05555555555555555,False,False
Matathwada,2016,5,0,0.0037074499,0,REGIME_01,REGIME_01,False,10,10,0.041802542653244484,0.07678376203020326,0.16666666666666666,False,True
Matathwada,2016,11,0,5.7245434e-05,0,REGIME_01,REGIME_01,False,3,3,0.041802542653244484,0.0049030402424783326,0.0,False,False
Matathwada,2016,10,0,8.113072e-05,0,REGIME_01,REGIME_01,False,2,2,0.041802542653244484,0.004024191435865696,0.0,False,False
Matathwada,2016,9,0,0.00016073683,0,REGIME_01,REGIME_02,True,1,1,0.041802542653244484,0.020389637852744873,0.04878048780487805,False,False
Matathwada,2017,4,0,0.0022705584,0,REGIME_01,REGIME_01,False,8,8,0.041802542653244484,0.058704086945048146,0.12962962962962962,False,True
Matathwada,2017,8,0,0.0012242502,0,REGIME_01,REGIME_02,True,1,1,0.041802542653244484,0.04735062859522072,0.08955223880597014,False,False
Matathwada,2017,2,0,0.00021741212,0,REGIME_01,REGIME_01,False,6,6,0.041802542653244484,0.012731150004650551,0.020202020202020204,False,False
Matathwada,2017,1,0,0.0001447725,0,REGIME_01,REGIME_01,False,5,5,0.041802542653244484,0.011236611264268313,0.020202020202020204,False,False
Matathwada,2017,7,0,0.0031686423,0,REGIME_02,REGIME_01,True,1,1,0.05823519922568156,0.07738537115175388,0.16666666666666666,False,True
Matathwada,2017,6,0,0.0035680942,0,REGIME_01,REGIME_01,False,10,10,0.041802542653244484,0.10584006774174008,0.2857142857142857,False,True
Matathwada,2017,3,0,0.0012969058,0,REGIME_01,REGIME_01,False,7,7,0.041802542653244484,0.03771410102619489,0.05555555555555555,False,False
Matathwada,2017,5,0,0.007380183,0,REGIME_01,REGIME_01,False,9,9,0.041802542653244484,0.10833488146389557,0.2857142857142857,False,True
Matathwada,2017,9,0,0.00033125273,0,REGIME_01,REGIME_01,False,2,2,0.041802542653244484,0.013255801038445581,0.020202020202020204,False,False
Naga Mani Mizo Tripura,2016,4,0,0.78979266,0,REGIME_01,REGIME_01,False,6,6,0.041802542653244484,0.08947190143349198,0.22,True,True
Naga Mani Mizo Tripura,2016,8,0,0.18086003,0,REGIME_02,REGIME_02,False,3,3,0.05823519922568156,0.05290144016951902,0.12962962962962962,True,True
Naga Mani Mizo Tripura,2016,12,0,0.0015984299,0,REGIME_01,REGIME_01,False,2,2,0.041802542653244484,0.007327673545298443,0.0,False,False
Naga Mani Mizo Tripura,2016,2,0,0.31827727,0,REGIME_01,REGIME_01,False,4,4,0.041802542653244484,0.01966753406114181,0.04878048780487805,True,False
Naga Mani Mizo Tripura,2016,1,0,0.041628923,0,REGIME_01,REGIME_01,False,3,3,0.041802542653244484,0.01696337846257106,0.034482758620689655,False,False
Naga Mani Mizo Tripura,2016,7,0,0.25791317,0,REGIME_02,REGIME_02,False,2,2,0.05823519922568156,0.10276083178264976,0.2551852234740317,True,True
Naga Mani Mizo Tripura,2016,6,0,0.465314,0,REGIME_02,REGIME_01,True,1,1,0.05823519922568156,0.098730526933535,0.25,True,True
Naga Mani Mizo Tripura,2016,3,0,0.5973588,0,REGIME_01,REGIME_01,False,5,5,0.041802542653244484,0.051886394778270784,0.12962962962962962,True,True
Naga Mani Mizo Tripura,2016,5,0,0.40874124,0,REGIME_01,REGIME_01,False,7,7,0.041802542653244484,0.11250303685293983,0.2857142857142857,True,True
Naga Mani Mizo Tripura,2016,11,0,0.002125391,0,REGIME_01,REGIME_02,True,1,1,0.041802542653244484,0.005401537407918527,0.0,False,False
Naga Mani Mizo Tripura,2016,10,0,0.0019394674,0,REGIME_02,REGIME_01,True,1,1,0.05823519922568156,0.006217671982186384,0.0,False,False
Naga Mani Mizo Tripura,2016,9,0,0.06824788,0,REGIME_01,REGIME_02,True,1,1,0.041802542653244484,0.016215193976996306,0.034482758620689655,False,False
Naga Mani Mizo Tripura,2017,4,0,0.850388,0,REGIME_01,REGIME_01,False,6,6,0.041802542653244484,0.07423339095568758,0.16,True,True
Naga Mani Mizo Tripura,2017,8,0,0.07429758,0,REGIME_01,REGIME_01,False,3,3,0.041802542653244484,0.05202554441005887,0.12962962962962962,False,True
Naga Mani Mizo Tripura,2017,2,0,0.056518886,0,REGIME_01,REGIME_01,False,4,4,0.041802542653244484,0.01915383330113195,0.04878048780487805,False,False
Naga Mani Mizo Tripura,2017,1,0,0.020398403,0,REGIME_01,REGIME_01,False,3,3,0.041802542653244484,0.01827942843678106,0.04878048780487805,False,False
Naga Mani Mizo Tripura,2017,7,0,0.11525285,0,REGIME_01,REGIME_01,False,2,2,0.041802542653244484,0.07786158135658217,0.18181818181818182,True,True
Naga Mani Mizo Tripura,2017,6,0,0.23862842,0,REGIME_01,REGIME_02,True,1,1,0.041802542653244484,0.09940094268668286,0.25,True,True
Naga Mani Mizo Tripura,2017,3,0,0.79842055,0,REGIME_01,REGIME_01,False,5,5,0.041802542653244484,0.05875180255744083,0.12962962962962962,True,True
Naga Mani Mizo Tripura,2017,5,0,0.520262,0,REGIME_02,REGIME_01,True,1,1,0.05823519922568156,0.12892537300331072,0.2857142857142857,True,True
Naga Mani Mizo Tripura,2017,9,0,0.0044035045,0,REGIME_01,REGIME_01,False,4,4,0.041802542653244484,0.012678948861493424,0.020202020202020204,False,False
North Interior Karnataka,2016,4,0,0.0091789765,0,REGIME_01,REGIME_01,False,9,9,0.041802542653244484,0.08556209596719506,0.22,False,True
North Interior Karnataka,2016,8,0,0.0016163012,0,REGIME_01,REGIME_01,False,13,13,0.041802542653244484,0.07041027797192652,0.16,False,True
North Interior Karnataka,2016,12,0,0.00017585789,0,REGIME_01,REGIME_01,False,2,2,0.041802542653244484,0.009803577265841756,0.020202020202020204,False,False
North Interior Karnataka,2016,2,0,0.01092496,0,REGIME_01,REGIME_01,False,7,7,0.041802542653244484,0.02018904008163428,0.04878048780487805,False,False
North Interior Karnataka,2016,1,0,0.00093120197,0,REGIME_01,REGIME_01,False,6,6,0.041802542653244484,0.0208657915296664,0.04878048780487805,False,False
North Interior Karnataka,2016,7,0,0.0021262285,0,REGIME_01,REGIME_01,False,12,12,0.041802542653244484,0.098550959980048,0.25,False,True
North Interior Karnataka,2016,6,0,0.0052027297,0,REGIME_01,REGIME_01,False,11,11,0.041802542653244484,0.11985518806837045,0.2857142857142857,False,True
North Interior Karnataka,2016,3,0,0.010460184,0,REGIME_01,REGIME_01,False,8,8,0.041802542653244484,0.04607419984642486,0.08955223880597014,False,False
North Interior Karnataka,2016,5,0,0.021220982,0,REGIME_01,REGIME_01,False,10,10,0.041802542653244484,0.11292110887972401,0.2857142857142857,False,True
North Interior Karnataka,2016,11,0,7.903224e-05,0,REGIME_01,REGIME_02,True,1,1,0.041802542653244484,0.008794148477971771,0.0,False,False
North Interior Karnataka,2016,10,0,0.0001627988,0,REGIME_02,REGIME_01,True,1,1,0.05823519922568156,0.008746027253918312,0.0,False,False
North Interior Karnataka,2016,9,0,0.0012194535,0,REGIME_01,REGIME_01,False,14,14,0.041802542653244484,0.033853371583064416,0.05555555555555555,False,False
North Interior Karnataka,2017,4,0,0.006134082,0,REGIME_01,REGIME_01,False,6,6,0.041802542653244484,0.08942557121016091,0.22,False,True
North Interior Karnataka,2017,8,0,0.0048782127,0,REGIME_01,REGIME_02,True,1,1,0.041802542653244484,0.0728413861869995,0.16,False,True
North Interior Karnataka,2017,2,0,0.027737945,0,REGIME_01,REGIME_01,False,4,4,0.041802542653244484,0.021219819152872205,0.04878048780487805,False,False
North Interior Karnataka,2017,1,0,0.0027308292,0,REGIME_01,REGIME_01,False,3,3,0.041802542653244484,0.0200847375187624,0.04878048780487805,False,False
North Interior Karnataka,2017,7,0,0.004893707,0,REGIME_02,REGIME_01,True,1,1,0.05823519922568156,0.1142593225534575,0.2857142857142857,False,True
North Interior Karnataka,2017,6,0,0.0031235535,0,REGIME_01,REGIME_01,False,8,8,0.041802542653244484,0.1379359070786579,0.41379310344827586,False,True
North Interior Karnataka,2017,3,0,0.0065617715,0,REGIME_01,REGIME_01,False,5,5,0.041802542653244484,0.0599712609838685,0.12962962962962962,False,True
North Interior Karnataka,2017,5,0,0.0084020095,0,REGIME_01,REGIME_01,False,7,7,0.041802542653244484,0.14055433330870518,0.41379310344827586,False,True
North Interior Karnataka,2017,9,0,0.00021445382,0,REGIME_01,REGIME_01,False,2,2,0.041802542653244484,0.020580905712833365,0.04878048780487805,False,False
Orissa,2016,4,0,0.13037199,0,REGIME_01,REGIME_01,False,6,6,0.041802542653244484,0.08128603404647816,0.18181818181818182,True,True
Orissa,2016,8,0,0.024383273,0,REGIME_01,REGIME_02,True,1,1,0.041802542653244484,0.04221457452118929,0.08955223880597014,False,False
Orissa,2016,12,0,0.00010914871,0,REGIME_01,REGIME_01,False,5,5,0.041802542653244484,0.006392513327703441,0.0,False,False
Orissa,2016,2,0,0.0028084111,0,REGIME_01,REGIME_01,False,4,4,0.041802542653244484,0.015276128881301042,0.020202020202020204,False,False
Orissa,2016,1,0,0.0018976857,0,REGIME_01,REGIME_01,False,3,3,0.041802542653244484,0.014289993866175884,0.020202020202020204,False,False
Orissa,2016,7,0,0.07141808,0,REGIME_02,REGIME_01,True,1,1,0.05823519922568156,0.08377181446184451,0.18181818181818182,False,True
Orissa,2016,6,0,0.17955163,0,REGIME_01,REGIME_01,False,8,8,0.041802542653244484,0.11726267067123056,0.2857142857142857,True,True
Orissa,2016,3,0,0.052621342,0,REGIME_01,REGIME_01,False,5,5,0.041802542653244484,0.04078585919705748,0.08955223880597014,False,False
Orissa,2016,5,0,0.15965049,0,REGIME_01,REGIME_01,False,7,7,0.041802542653244484,0.10202672396214678,0.25,True,True
Orissa,2016,11,0,0.00023434708,0,REGIME_01,REGIME_01,False,4,4,0.041802542653244484,0.005395924744915637,0.0,False,False
Orissa,2016,10,0,0.0005913027,0,REGIME_01,REGIME_01,False,3,3,0.041802542653244484,0.0049188299694817705,0.0,False,False
Orissa,2016,9,0,0.0016540688,0,REGIME_01,REGIME_01,False,2,2,0.041802542653244484,0.023596791387361534,0.05555555555555555,False,False
Orissa,2017,4,0,0.09756809,0,REGIME_01,REGIME_01,False,9,9,0.041802542653244484,0.07514499173866165,0.16666666666666666,True,True
Orissa,2017,8,0,0.027275749,0,REGIME_02,REGIME_01,True,1,1,0.05823519922568156,0.04737250483477309,0.08955223880597014,False,False
Orissa,2017,2,0,0.00053354254,0,REGIME_01,REGIME_01,False,7,7,0.041802542653244484,0.015259489431042184,0.020202020202020204,False,False
Orissa,2017,1,0,0.0010661122,0,REGIME_01,REGIME_01,False,6,6,0.041802542653244484,0.013649172729454229,0.020202020202020204,False,False
Orissa,2017,7,0,0.12524922,0,REGIME_01,REGIME_01,False,12,12,0.041802542653244484,0.07485485394402583,0.16666666666666666,True,True
Orissa,2017,6,0,0.22875458,0,REGIME_01,REGIME_01,False,11,11,0.041802542653244484,0.12757527036559344,0.2857142857142857,True,True
Orissa,2017,3,0,0.02290216,0,REGIME_01,REGIME_01,False,8,8,0.041802542653244484,0.047745650854227176,0.08955223880597014,False,False
Orissa,2017,5,0,0.27240914,0,REGIME_01,REGIME_01,False,10,10,0.041802542653244484,0.12885417745553313,0.2857142857142857,True,True
Orissa,2017,9,0,0.0018485246,0,REGIME_02,REGIME_02,False,2,2,0.05823519922568156,0.01752880334074212,0.034482758620689655,False,False
Punjab,2016,4,0,0.0059972648,0,REGIME_01,REGIME_01,False,8,8,0.041802542653244484,0.04921018197347493,0.08955223880597014,False,False
Punjab,2016,8,0,0.0018942532,0,REGIME_01,REGIME_01,False,12,12,0.041802542653244484,0.03681578684259855,0.05555555555555555,False,False
Punjab,2016,12,0,0.00019091982,0,REGIME_01,REGIME_01,False,3,3,0.041802542653244484,0.006391779090382371,0.0,False,False
Punjab,2016,2,0,0.0008044737,0,REGIME_01,REGIME_01,False,6,6,0.041802542653244484,0.01319379915958903,0.020202020202020204,False,False
Punjab,2016,1,0,0.0002709807,0,REGIME_01,REGIME_01,False,5,5,0.041802542653244484,0.013129503647511465,0.020202020202020204,False,False
Punjab,2016,7,0,0.0058084573,0,REGIME_01,REGIME_01,False,11,11,0.041802542653244484,0.06396369419128664,0.16,False,True
Punjab,2016,6,0,0.018080203,0,REGIME_01,REGIME_01,False,10,10,0.041802542653244484,0.08117308567025107,0.18181818181818182,False,True
Punjab,2016,3,0,0.0021773195,0,REGIME_01,REGIME_01,False,7,7,0.041802542653244484,0.027477330781802957,0.05555555555555555,False,False
Punjab,2016,5,0,0.017800087,0,REGIME_01,REGIME_01,False,9,9,0.041802542653244484,0.06586774338131562,0.16,False,True
Punjab,2016,11,0,5.595233e-05,0,REGIME_01,REGIME_01,False,2,2,0.041802542653244484,0.005262738771452067,0.0,False,False
Punjab,2016,10,0,6.388785e-05,0,REGIME_01,REGIME_02,True,1,1,0.041802542653244484,0.005152459691168146,0.0,False,False
Punjab,2016,9,0,0.00012813423,0,REGIME_02,REGIME_01,True,1,1,0.05823519922568156,0.021322253206740888,0.04878048780487805,False,False
Punjab,2017,4,0,0.010439858,0,REGIME_01,REGIME_01,False,7,7,0.041802542653244484,0.045956618722933586,0.08955223880597014,False,False
Punjab,2017,8,0,0.001763117,0,REGIME_01,REGIME_02,True,1,1,0.041802542653244484,0.042971968974826504,0.08955223880597014,False,False
Punjab,2017,2,0,0.0004701678,0,REGIME_01,REGIME_01,False,5,5,0.041802542653244484,0.01275516653525742,0.020202020202020204,False,False
Punjab,2017,1,0,0.00030167753,0,REGIME_01,REGIME_01,False,4,4,0.041802542653244484,0.01075342370228899,0.020202020202020204,False,False
Punjab,2017,7,0,0.003055785,0,REGIME_02,REGIME_01,True,1,1,0.05823519922568156,0.06604565226619465,0.16,False,True
Punjab,2017,6,0,0.008917931,0,REGIME_01,REGIME_01,False,9,9,0.041802542653244484,0.08071240267951088,0.18181818181818182,False,True
Punjab,2017,3,0,0.0021606784,0,REGIME_01,REGIME_01,False,6,6,0.041802542653244484,0.03899138713764507,0.08955223880597014,False,False
Punjab,2017,5,0,0.025532402,0,REGIME_01,REGIME_01,False,8,8,0.041802542653244484,0.08257401175417753,0.18181818181818182,False,True
Punjab,2017,9,0,0.00021375218,0,REGIME_01,REGIME_01,False,2,2,0.041802542653244484,0.013361430098745844,0.020202020202020204,False,False
Rayalseema,2016,4,0,0.0010381063,0,REGIME_01,REGIME_01,False,17,17,0.041802542653244484,0.05910195546675661,0.12962962962962962,False,True
Rayalseema,2016,8,1,0.004377155,1,REGIME_02,REGIME_01,True,1,1,0.05823519922568156,0.06478477680042388,0.16,False,True
Rayalseema,2016,12,0,9.688389e-05,0,REGIME_01,REGIME_02,True,1,1,0.041802542653244484,0.0070302950761089245,0.0,False,False
Rayalseema,2016,2,0,0.000103853716,0,REGIME_01,REGIME_01,False,15,15,0.041802542653244484,0.012970105619014531,0.020202020202020204,False,False
Rayalseema,2016,1,0,0.00015695617,0,REGIME_01,REGIME_01,False,14,14,0.041802542653244484,0.013732920122202856,0.020202020202020204,False,False
Rayalseema,2016,7,1,0.0096884305,1,REGIME_01,REGIME_01,False,20,20,0.041802542653244484,0.08768709876946083,0.22,False,True
Rayalseema,2016,6,0,0.0076887575,0,REGIME_01,REGIME_01,False,19,19,0.041802542653244484,0.09808250521625604,0.23298594137283568,False,True
Rayalseema,2016,3,0,0.0013611101,0,REGIME_01,REGIME_01,False,16,16,0.041802542653244484,0.03229577434138153,0.05555555555555555,False,False
Rayalseema,2016,5,0,0.004262993,0,REGIME_01,REGIME_01,False,18,18,0.041802542653244484,0.07388809781489261,0.16,False,True
Rayalseema,2016,11,0,7.342535e-05,0,REGIME_02,REGIME_02,False,2,2,0.05823519922568156,0.007264897206578783,0.0,False,False
Rayalseema,2016,10,0,0.0002741027,0,REGIME_02,REGIME_01,True,1,1,0.05823519922568156,0.00829539487353975,0.0,False,False
Rayalseema,2016,9,1,0.0024869272,1,REGIME_01,REGIME_02,True,1,1,0.041802542653244484,0.03394963582169797,0.05555555555555555,False,False
Rayalseema,2017,4,0,0.0012190017,0,REGIME_01,REGIME_01,False,5,5,0.041802542653244484,0.060831279145863254,0.12962962962962962,False,True
Rayalseema,2017,8,0,0.003388543,0,REGIME_01,REGIME_01,False,9,9,0.041802542653244484,0.0502220880891344,0.08955223880597014,False,False
Rayalseema,2017,2,0,0.00021762926,0,REGIME_01,REGIME_01,False,3,3,0.041802542653244484,0.015349655699679082,0.02305171319812404,False,False
Rayalseema,2017,1,0,0.00022924143,0,REGIME_01,REGIME_01,False,2,2,0.041802542653244484,0.014505511327290886,0.020202020202020204,False,False
Rayalseema,2017,7,0,0.0038243677,0,REGIME_01,REGIME_01,False,8,8,0.041802542653244484,0.08369228620065496,0.18181818181818182,False,True
Rayalseema,2017,6,0,0.0032026751,0,REGIME_01,REGIME_01,False,7,7,0.041802542653244484,0.1012952133027705,0.25,False,True
Rayalseema,2017,3,0,0.0010497245,0,REGIME_01,REGIME_01,False,4,4,0.041802542653244484,0.043630842869110203,0.08955223880597014,False,False
Rayalseema,2017,5,0,0.0026966596,0,REGIME_01,REGIME_01,False,6,6,0.041802542653244484,0.1018619471218752,0.25,False,True
Rayalseema,2017,9,0,0.0009375817,0,REGIME_01,REGIME_01,False,10,10,0.041802542653244484,0.014396113210036587,0.020202020202020204,False,False
Saurashtra & Kutch,2016,4,0,0.001555271,0,REGIME_01,REGIME_01,False,8,8,0.041802542653244484,0.03289045672147052,0.05555555555555555,False,False
Saurashtra & Kutch,2016,8,0,8.2561535e-05,0,REGIME_01,REGIME_02,True,1,1,0.041802542653244484,0.026900053623645177,0.05555555555555555,False,False
Saurashtra & Kutch,2016,12,0,5.2554653e-05,0,REGIME_01,REGIME_01,False,5,5,0.041802542653244484,0.0038783128381590596,0.0,False,False
Saurashtra & Kutch,2016,2,0,0.00017610169,0,REGIME_01,REGIME_01,False,6,6,0.041802542653244484,0.008647080730431961,0.0,False,False
Saurashtra & Kutch,2016,1,0,0.00010041165,0,REGIME_01,REGIME_01,False,5,5,0.041802542653244484,0.008021176127850553,0.0,False,False
Saurashtra & Kutch,2016,7,0,0.00021221169,0,REGIME_02,REGIME_01,True,1,1,0.05823519922568156,0.046469318225125705,0.08955223880597014,False,False
Saurashtra & Kutch,2016,6,0,0.0012263077,0,REGIME_01,REGIME_01,False,10,10,0.041802542653244484,0.06312576163112739,0.12962962962962962,False,True
Saurashtra & Kutch,2016,3,0,0.0004259615,0,REGIME_01,REGIME_01,False,7,7,0.041802542653244484,0.0195676072261154,0.04878048780487805,False,False
Saurashtra & Kutch,2016,5,0,0.0014239575,0,REGIME_01,REGIME_01,False,9,9,0.041802542653244484,0.049737300062095396,0.08955223880597014,False,False
Saurashtra & Kutch,2016,11,0,1.7819426e-05,0,REGIME_01,REGIME_01,False,4,4,0.041802542653244484,0.0032981652328234862,0.0,False,False
Saurashtra & Kutch,2016,10,0,1.8042303e-05,0,REGIME_01,REGIME_01,False,3,3,0.041802542653244484,0.003375456696962631,0.0,False,False
Saurashtra & Kutch,2016,9,0,6.068438e-05,0,REGIME_01,REGIME_01,False,2,2,0.041802542653244484,0.01343120846092881,0.020202020202020204,False,False
Saurashtra & Kutch,2017,4,0,0.0038172621,0,REGIME_01,REGIME_01,False,9,9,0.041802542653244484,0.03121340425727025,0.05555555555555555,False,False
Saurashtra & Kutch,2017,8,0,9.236906e-05,0,REGIME_01,REGIME_01,False,13,13,0.041802542653244484,0.02501509215896181,0.05555555555555555,False,False
Saurashtra & Kutch,2017,2,0,0.0003097668,0,REGIME_01,REGIME_01,False,7,7,0.041802542653244484,0.007391879985735689,0.0,False,False
Saurashtra & Kutch,2017,1,0,6.713576e-05,0,REGIME_01,REGIME_01,False,6,6,0.041802542653244484,0.007580285619183305,0.0,False,False
Saurashtra & Kutch,2017,7,0,0.00046125706,0,REGIME_01,REGIME_01,False,12,12,0.041802542653244484,0.04693085025123556,0.08955223880597014,False,False
Saurashtra & Kutch,2017,6,0,0.002386226,0,REGIME_01,REGIME_01,False,11,11,0.041802542653244484,0.06735294293437365,0.16,False,True
Saurashtra & Kutch,2017,3,0,0.0005702249,0,REGIME_01,REGIME_01,False,8,8,0.041802542653244484,0.0246233783479268,0.05555555555555555,False,False
Saurashtra & Kutch,2017,5,0,0.006298626,0,REGIME_01,REGIME_01,False,10,10,0.041802542653244484,0.059640659350420865,0.12962962962962962,False,True
Saurashtra & Kutch,2017,9,0,5.1041858e-05,0,REGIME_01,REGIME_01,False,14,14,0.041802542653244484,0.009179197385899071,0.0,False,False
South Interior Karnataka,2016,4,0,0.034390457,0,REGIME_01,REGIME_01,False,9,9,0.041802542653244484,0.13209191427456835,0.41379310344827586,False,True
South Interior Karnataka,2016,8,1,0.0056289705,1,REGIME_02,REGIME_01,True,1,1,0.05823519922568156,0.10344322258031156,0.2672908547242773,False,True
South Interior Karnataka,2016,12,0,0.0003599593,0,REGIME_01,REGIME_01,False,2,2,0.041802542653244484,0.012119729086161017,0.020202020202020204,False,False
South Interior Karnataka,2016,2,0,0.0019457993,0,REGIME_01,REGIME_01,False,7,7,0.041802542653244484,0.028564096298629316,0.05555555555555555,False,False
South Interior Karnataka,2016,1,0,0.0018679891,0,REGIME_01,REGIME_01,False,6,6,0.041802542653244484,0.02803788389656399,0.05555555555555555,False,False
South Interior Karnataka,2016,7,1,0.010561326,1,REGIME_01,REGIME_01,False,12,12,0.041802542653244484,0.14521752377537564,0.41379310344827586,False,True
South Interior Karnataka,2016,6,1,0.01368454,1,REGIME_01,REGIME_01,False,11,11,0.041802542653244484,0.17463067461134446,0.41379310344827586,False,True
South Interior Karnataka,2016,3,0,0.02767915,0,REGIME_01,REGIME_01,False,8,8,0.041802542653244484,0.06924560297306956,0.16,False,True
South Interior Karnataka,2016,5,1,0.031210141,1,REGIME_01,REGIME_01,False,10,10,0.041802542653244484,0.15751443085349082,0.41379310344827586,False,True
South Interior Karnataka,2016,11,0,0.001239607,0,REGIME_01,REGIME_02,True,1,1,0.041802542653244484,0.012206496587559085,0.020202020202020204,False,False
South Interior Karnataka,2016,10,0,0.00021087723,0,REGIME_02,REGIME_02,False,3,3,0.05823519922568156,0.014038047114006302,0.020202020202020204,False,False
South Interior Karnataka,2016,9,1,0.0070558866,1,REGIME_02,REGIME_02,False,2,2,0.05823519922568156,0.05776421473439473,0.12962962962962962,False,True
South Interior Karnataka,2017,4,0,0.02594845,0,REGIME_01,REGIME_01,False,6,6,0.041802542653244484,0.1100406700669011,0.2857142857142857,False,True
South Interior Karnataka,2017,8,0,0.0068158708,0,REGIME_01,REGIME_02,True,1,1,0.041802542653244484,0.08455256189107484,0.22,False,True
South Interior Karnataka,2017,2,0,0.015342373,0,REGIME_01,REGIME_01,False,4,4,0.041802542653244484,0.02978431598879266,0.05555555555555555,False,False
South Interior Karnataka,2017,1,0,0.0036652316,0,REGIME_01,REGIME_01,False,3,3,0.041802542653244484,0.026043043755774837,0.05555555555555555,False,False
South Interior Karnataka,2017,7,0,0.019631445,0,REGIME_02,REGIME_01,True,1,1,0.05823519922568156,0.14628095173888828,0.41379310344827586,False,True
South Interior Karnataka,2017,6,0,0.02094516,0,REGIME_01,REGIME_01,False,8,8,0.041802542653244484,0.19034468208743738,0.4424731818766659,False,True
South Interior Karnataka,2017,3,0,0.011215112,0,REGIME_01,REGIME_01,False,5,5,0.041802542653244484,0.08320718078025599,0.18181818181818182,False,True
South Interior Karnataka,2017,5,0,0.031591155,0,REGIME_01,REGIME_01,False,7,7,0.041802542653244484,0.15870070687329282,0.41379310344827586,False,True
South Interior Karnataka,2017,9,0,0.0025064752,0,REGIME_01,REGIME_01,False,2,2,0.041802542653244484,0.023810585915430626,0.05555555555555555,False,False
Sub Himalayan West Bengal & Sikkim,2016,4,0,0.037175167,0,REGIME_01,REGIME_01,False,6,6,0.041802542653244484,0.13243254653303357,0.41379310344827586,False,True
Sub Himalayan West Bengal & Sikkim,2016,8,0,0.0027420851,0,REGIME_02,REGIME_01,True,1,1,0.05823519922568156,0.057978482711980285,0.12962962962962962,False,True
Sub Himalayan West Bengal & Sikkim,2016,12,0,0.00024523804,0,REGIME_01,REGIME_01,False,4,4,0.041802542653244484,0.007703066387754085,0.0,False,False
Sub Himalayan West Bengal & Sikkim,2016,2,0,0.04515525,0,REGIME_01,REGIME_01,False,4,4,0.041802542653244484,0.025868568686059776,0.05555555555555555,False,False
Sub Himalayan West Bengal & Sikkim,2016,1,0,0.012276837,0,REGIME_01,REGIME_01,False,3,3,0.041802542653244484,0.0204443698321441,0.04878048780487805,False,False
Sub Himalayan West Bengal & Sikkim,2016,7,1,0.0097108055,1,REGIME_01,REGIME_01,False,9,9,0.041802542653244484,0.1023647648131889,0.25,False,True
Sub Himalayan West Bengal & Sikkim,2016,6,1,0.014615202,1,REGIME_01,REGIME_01,False,8,8,0.041802542653244484,0.11685684695706863,0.2857142857142857,False,True
Sub Himalayan West Bengal & Sikkim,2016,3,0,0.050236132,0,REGIME_01,REGIME_01,False,5,5,0.041802542653244484,0.06492408504580532,0.16,False,True
Sub Himalayan West Bengal & Sikkim,2016,5,1,0.03517584,1,REGIME_01,REGIME_01,False,7,7,0.041802542653244484,0.17469217744950455,0.41379310344827586,False,True
Sub Himalayan West Bengal & Sikkim,2016,11,0,0.00026449267,0,REGIME_01,REGIME_01,False,3,3,0.041802542653244484,0.00755423207212554,0.0,False,False
Sub Himalayan West Bengal & Sikkim,2016,10,0,0.00041638632,0,REGIME_01,REGIME_01,False,2,2,0.041802542653244484,0.003559305761859889,0.0,False,False
Sub Himalayan West Bengal & Sikkim,2016,9,0,0.0018470048,0,REGIME_01,REGIME_02,True,1,1,0.041802542653244484,0.018190732187145918,0.04878048780487805,False,False
Sub Himalayan West Bengal & Sikkim,2017,4,0,0.043045577,0,REGIME_01,REGIME_01,False,8,8,0.041802542653244484,0.1194473194514149,0.2857142857142857,False,True
Sub Himalayan West Bengal & Sikkim,2017,8,0,0.01974331,0,REGIME_01,REGIME_02,True,1,1,0.041802542653244484,0.07186559203214447,0.16,False,True
Sub Himalayan West Bengal & Sikkim,2017,2,0,0.055560235,0,REGIME_01,REGIME_01,False,6,6,0.041802542653244484,0.031045613839387823,0.05555555555555555,False,False
Sub Himalayan West Bengal & Sikkim,2017,1,0,0.011623025,0,REGIME_01,REGIME_01,False,5,5,0.041802542653244484,0.02070784178594587,0.04878048780487805,False,False
Sub Himalayan West Bengal & Sikkim,2017,7,0,0.04282763,0,REGIME_02,REGIME_02,False,2,2,0.05823519922568156,0.11287248087191601,0.2857142857142857,False,True
Sub Himalayan West Bengal & Sikkim,2017,6,0,0.03315951,0,REGIME_02,REGIME_01,True,1,1,0.05823519922568156,0.15248521864213116,0.41379310344827586,False,True
Sub Himalayan West Bengal & Sikkim,2017,3,0,0.09939382,0,REGIME_01,REGIME_01,False,7,7,0.041802542653244484,0.07679304090055149,0.16666666666666666,True,True
Sub Himalayan West Bengal & Sikkim,2017,5,0,0.04934761,0,REGIME_01,REGIME_01,False,9,9,0.041802542653244484,0.21521228280659097,1.0,False,True
Sub Himalayan West Bengal & Sikkim,2017,9,0,0.0018170454,0,REGIME_02,REGIME_01,True,1,1,0.05823519922568156,0.014258179993096639,0.020202020202020204,False,False
Tamil Nadu,2016,4,0,0.02281996,0,REGIME_01,REGIME_01,False,17,17,0.041802542653244484,0.07574666887419901,0.16666666666666666,False,True
Tamil Nadu,2016,8,1,0.04075875,1,REGIME_01,REGIME_01,False,21,21,0.041802542653244484,0.08674596921169099,0.22,False,True
Tamil Nadu,2016,12,0,0.0026936824,0,REGIME_01,REGIME_02,True,1,1,0.041802542653244484,0.00967926441817496,0.020202020202020204,False,False
Tamil Nadu,2016,2,0,0.00053514255,0,REGIME_01,REGIME_01,False,15,15,0.041802542653244484,0.01807503182582832,0.04878048780487805,False,False
Tamil Nadu,2016,1,0,0.0010833946,0,REGIME_01,REGIME_01,False,14,14,0.041802542653244484,0.018303983685330247,0.04878048780487805,False,False
Tamil Nadu,2016,7,1,0.012825241,1,REGIME_01,REGIME_01,False,20,20,0.041802542653244484,0.11790298693172925,0.2857142857142857,False,True
Tamil Nadu,2016,6,1,0.010168462,1,REGIME_01,REGIME_01,False,19,19,0.041802542653244484,0.12563394545305812,0.2857142857142857,False,True
Tamil Nadu,2016,3,0,0.018798063,0,REGIME_01,REGIME_01,False,16,16,0.041802542653244484,0.04297669979854942,0.08955223880597014,False,False
Tamil Nadu,2016,5,0,0.01768263,0,REGIME_01,REGIME_01,False,18,18,0.041802542653244484,0.08642316751943295,0.22,False,True
Tamil Nadu,2016,11,0,0.0046800473,0,REGIME_02,REGIME_02,False,3,3,0.05823519922568156,0.009704570899610687,0.020202020202020204,False,False
Tamil Nadu,2016,10,1,0.021274293,1,REGIME_02,REGIME_02,False,2,2,0.05823519922568156,0.011554332014756651,0.020202020202020204,False,False
Tamil Nadu,2016,9,1,0.036922045,1,REGIME_02,REGIME_01,True,1,1,0.05823519922568156,0.0510169576746015,0.12604180741911447,False,True
Tamil Nadu,2017,4,0,0.029692318,0,REGIME_01,REGIME_01,False,5,5,0.041802542653244484,0.07410436804233365,0.16,False,True
Tamil Nadu,2017,8,0,0.032685146,0,REGIME_01,REGIME_01,False,9,9,0.041802542653244484,0.06077066636913379,0.12962962962962962,False,True
Tamil Nadu,2017,2,0,0.006474989,0,REGIME_01,REGIME_01,False,3,3,0.041802542653244484,0.019007316686809977,0.04878048780487805,False,False
Tamil Nadu,2017,1,0,0.0046526804,0,REGIME_01,REGIME_01,False,2,2,0.041802542653244484,0.017732818652358782,0.034482758620689655,False,False
Tamil Nadu,2017,7,0,0.031482983,0,REGIME_01,REGIME_01,False,8,8,0.041802542653244484,0.10936218350153028,0.2857142857142857,False,True
Tamil Nadu,2017,6,0,0.031459443,0,REGIME_01,REGIME_01,False,7,7,0.041802542653244484,0.13309221294138238,0.41379310344827586,False,True
Tamil Nadu,2017,3,0,0.007833633,0,REGIME_01,REGIME_01,False,4,4,0.041802542653244484,0.052208138420106597,0.12962962962962962,False,True
Tamil Nadu,2017,5,0,0.039506476,0,REGIME_01,REGIME_01,False,6,6,0.041802542653244484,0.11640237094364994,0.2857142857142857,False,True
Tamil Nadu,2017,9,0,0.00453905,0,REGIME_01,REGIME_01,False,10,10,0.041802542653244484,0.01883579660639807,0.04878048780487805,False,False
Telangana,2016,4,0,0.0029493214,0,REGIME_01,REGIME_01,False,6,6,0.041802542653244484,0.05463746374115093,0.12962962962962962,False,True
Telangana,2016,8,0,0.00084317086,0,REGIME_02,REGIME_01,True,1,1,0.05823519922568156,0.03602625552246133,0.05555555555555555,False,False
Telangana,2016,12,0,3.1805735e-05,0,REGIME_01,REGIME_01,False,4,4,0.041802542653244484,0.004942550608384963,0.0,False,False
Telangana,2016,2,0,0.00027418137,0,REGIME_01,REGIME_01,False,4,4,0.041802542653244484,0.012118933329201578,0.020202020202020204,False,False
Telangana,2016,1,0,0.00015477104,0,REGIME_01,REGIME_01,False,3,3,0.041802542653244484,0.012044840116128754,0.020202020202020204,False,False
Telangana,2016,7,0,0.0030959258,0,REGIME_01,REGIME_01,False,9,9,0.041802542653244484,0.0555223087592879,0.12962962962962962,False,True
Telangana,2016,6,0,0.005042545,0,REGIME_01,REGIME_01,False,8,8,0.041802542653244484,0.07492823986581676,0.16666666666666666,False,True
Telangana,2016,3,0,0.0018059941,0,REGIME_01,REGIME_01,False,5,5,0.041802542653244484,0.02903096075240174,0.05555555555555555,False,False
Telangana,2016,5,0,0.0025998706,0,REGIME_01,REGIME_01,False,7,7,0.041802542653244484,0.06707587158296999,0.16,False,True
Telangana,2016,11,0,2.7106682e-05,0,REGIME_01,REGIME_01,False,3,3,0.041802542653244484,0.00442193745720283,0.0,False,False
Telangana,2016,10,0,0.000106096806,0,REGIME_01,REGIME_01,False,2,2,0.041802542653244484,0.0035795019757009433,0.0,False,False
Telangana,2016,9,0,6.452246e-05,0,REGIME_01,REGIME_02,True,1,1,0.041802542653244484,0.0166125070431116,0.034482758620689655,False,False
Telangana,2017,4,0,0.0014124473,0,REGIME_01,REGIME_01,False,8,8,0.041802542653244484,0.05718827265283227,0.12962962962962962,False,True
Telangana,2017,8,0,0.0030314084,0,REGIME_01,REGIME_02,True,1,1,0.041802542653244484,0.04071493837114372,0.08955223880597014,False,False
Telangana,2017,2,0,0.00018853392,0,REGIME_01,REGIME_01,False,6,6,0.041802542653244484,0.011580369243629561,0.020202020202020204,False,False
Telangana,2017,1,0,7.926266e-05,0,REGIME_01,REGIME_01,False,5,5,0.041802542653244484,0.010503904633193317,0.020202020202020204,False,False
Telangana,2017,7,0,0.005679233,0,REGIME_02,REGIME_01,True,1,1,0.05823519922568156,0.06572763542298753,0.16,False,True
Telangana,2017,6,0,0.0051218066,0,REGIME_01,REGIME_01,False,10,10,0.041802542653244484,0.09353882383830829,0.22,False,True
Telangana,2017,3,0,0.0006497536,0,REGIME_01,REGIME_01,False,7,7,0.041802542653244484,0.03476660906002945,0.05555555555555555,False,False
Telangana,2017,5,0,0.007791157,0,REGIME_01,REGIME_01,False,9,9,0.041802542653244484,0.09613430558658485,0.22,False,True
Telangana,2017,9,0,0.00020521715,0,REGIME_02,REGIME_01,True,1,1,0.05823519922568156,0.0124806180779513,0.020202020202020204,False,False
Uttarakhand,2016,4,0,0.023635982,0,REGIME_01,REGIME_01,False,7,7,0.041802542653244484,0.06402461096030675,0.16,False,True
Uttarakhand,2016,8,0,0.0015820785,0,REGIME_02,REGIME_01,True,1,1,0.05823519922568156,0.034635917984397635,0.05555555555555555,False,False
Uttarakhand,2016,12,0,0.00017122703,0,REGIME_01,REGIME_01,False,3,3,0.041802542653244484,0.00551880947221333,0.0,False,False
Uttarakhand,2016,2,0,0.0006085328,0,REGIME_01,REGIME_01,False,5,5,0.041802542653244484,0.014609353106187016,0.020202020202020204,False,False
Uttarakhand,2016,1,0,0.0005981486,0,REGIME_01,REGIME_01,False,4,4,0.041802542653244484,0.013705735714961859,0.020202020202020204,False,False
Uttarakhand,2016,7,0,0.00333227,0,REGIME_01,REGIME_01,False,10,10,0.041802542653244484,0.0587532883533154,0.12962962962962962,False,True
Uttarakhand,2016,6,0,0.023711493,0,REGIME_01,REGIME_01,False,9,9,0.041802542653244484,0.08855913352074608,0.22,False,True
Uttarakhand,2016,3,0,0.0020092959,0,REGIME_01,REGIME_01,False,6,6,0.041802542653244484,0.036594864906808286,0.05555555555555555,False,False
Uttarakhand,2016,5,0,0.013722526,0,REGIME_01,REGIME_01,False,8,8,0.041802542653244484,0.07734282305487719,0.16666666666666666,False,True
Uttarakhand,2016,11,0,6.988363e-05,0,REGIME_01,REGIME_01,False,2,2,0.041802542653244484,0.004695185496092798,0.0,False,False
Uttarakhand,2016,10,0,7.7383505e-05,0,REGIME_01,REGIME_02,True,1,1,0.041802542653244484,0.004494744184934062,0.0,False,False
Uttarakhand,2016,9,0,0.0003304623,0,REGIME_02,REGIME_02,False,2,2,0.05823519922568156,0.021541241867536524,0.04878048780487805,False,False
Uttarakhand,2017,4,0,0.018296668,0,REGIME_01,REGIME_01,False,7,7,0.041802542653244484,0.054982667644926965,0.12962962962962962,False,True
Uttarakhand,2017,8,0,0.0019935938,0,REGIME_01,REGIME_01,False,11,11,0.041802542653244484,0.037769181332954475,0.05555555555555555,False,False
Uttarakhand,2017,2,0,0.0011693271,0,REGIME_01,REGIME_01,False,5,5,0.041802542653244484,0.014613440892483454,0.020202020202020204,False,False
Uttarakhand,2017,1,0,0.0003997594,0,REGIME_01,REGIME_01,False,4,4,0.041802542653244484,0.011205695843080985,0.020202020202020204,False,False
Uttarakhand,2017,7,0,0.006308252,0,REGIME_01,REGIME_01,False,10,10,0.041802542653244484,0.05784636990085426,0.12962962962962962,False,True
Uttarakhand,2017,6,0,0.020591214,0,REGIME_01,REGIME_01,False,9,9,0.041802542653244484,0.10475479558433455,0.2857142857142857,False,True
Uttarakhand,2017,3,0,0.0050393236,0,REGIME_01,REGIME_01,False,6,6,0.041802542653244484,0.048915344324242535,0.08955223880597014,False,False
Uttarakhand,2017,5,0,0.024841163,0,REGIME_01,REGIME_01,False,8,8,0.041802542653244484,0.09491138359496742,0.22,False,True
Uttarakhand,2017,9,0,0.0003222604,0,REGIME_01,REGIME_01,False,12,12,0.041802542653244484,0.012470080627914402,0.020202020202020204,False,False
Vidarbha,2016,4,0,0.0034717282,0,REGIME_01,REGIME_01,False,9,9,0.041802542653244484,0.06347750025515217,0.14402734834783348,False,True
Vidarbha,2016,8,0,0.002181349,0,REGIME_02,REGIME_01,True,1,1,0.05823519922568156,0.03884376648337601,0.08955223880597014,False,False
Vidarbha,2016,12,0,3.0197953e-05,0,REGIME_01,REGIME_01,False,4,4,0.041802542653244484,0.005633364470163707,0.0,False,False
Vidarbha,2016,2,0,0.00027161388,0,REGIME_01,REGIME_01,False,7,7,0.041802542653244484,0.013646515116731246,0.020202020202020204,False,False
Vidarbha,2016,1,0,9.572733e-05,0,REGIME_01,REGIME_01,False,6,6,0.041802542653244484,0.01400874065829831,0.020202020202020204,False,False
Vidarbha,2016,7,0,0.0013924238,0,REGIME_01,REGIME_01,False,12,12,0.041802542653244484,0.0666996922455769,0.16,False,True
Vidarbha,2016,6,0,0.0033731994,0,REGIME_01,REGIME_01,False,11,11,0.041802542653244484,0.09933749110741015,0.25,False,True
Vidarbha,2016,3,0,0.0021470739,0,REGIME_01,REGIME_01,False,8,8,0.041802542653244484,0.0343336243097323,0.05555555555555555,False,False
Vidarbha,2016,5,0,0.004565674,0,REGIME_01,REGIME_01,False,10,10,0.041802542653244484,0.09073290089565067,0.22,False,True
Vidarbha,2016,11,0,4.4033506e-05,0,REGIME_01,REGIME_01,False,3,3,0.041802542653244484,0.005024948938796722,0.0,False,False
Vidarbha,2016,10,0,5.3264917e-05,0,REGIME_01,REGIME_01,False,2,2,0.041802542653244484,0.004319462249378888,0.0,False,False
Vidarbha,2016,9,0,0.000308989,0,REGIME_01,REGIME_02,True,1,1,0.041802542653244484,0.019862695511500123,0.04878048780487805,False,False
Vidarbha,2017,4,0,0.0020242445,0,REGIME_01,REGIME_01,False,8,8,0.041802542653244484,0.06736462068076965,0.16,False,True
Vidarbha,2017,8,0,0.002313228,0,REGIME_02,REGIME_02,False,2,2,0.05823519922568156,0.048041242962341,0.08955223880597014,False,False
Vidarbha,2017,2,0,0.00013350515,0,REGIME_01,REGIME_01,False,6,6,0.041802542653244484,0.015144590606349415,0.020202020202020204,False,False
Vidarbha,2017,1,0,8.5421736e-05,0,REGIME_01,REGIME_01,False,5,5,0.041802542653244484,0.011729400721621227,0.020202020202020204,False,False
Vidarbha,2017,7,0,0.0037195291,0,REGIME_02,REGIME_01,True,1,1,0.05823519922568156,0.0755487079554767,0.16666666666666666,False,True
Vidarbha,2017,6,0,0.006019016,0,REGIME_01,REGIME_01,False,10,10,0.041802542653244484,0.12626268622726383,0.2857142857142857,False,True
Vidarbha,2017,3,0,0.0019906473,0,REGIME_01,REGIME_01,False,7,7,0.041802542653244484,0.04680273420742123,0.08955223880597014,False,False
Vidarbha,2017,5,0,0.0042451313,0,REGIME_01,REGIME_01,False,9,9,0.041802542653244484,0.12014817498344235,0.2857142857142857,False,True
Vidarbha,2017,9,0,0.00031382672,0,REGIME_01,REGIME_02,True,1,1,0.041802542653244484,0.014374660181499048,0.020202020202020204,False,False
West Madhya Pradesh,2016,4,0,0.01973872,0,REGIME_01,REGIME_01,False,7,7,0.041802542653244484,0.05572080888267249,0.12962962962962962,False,True
West Madhya Pradesh,2016,8,0,0.0007349559,0,REGIME_01,REGIME_01,False,11,11,0.041802542653244484,0.026924367341036936,0.05555555555555555,False,False
West Madhya Pradesh,2016,12,0,0.00013636245,0,REGIME_01,REGIME_01,False,3,3,0.041802542653244484,0.0046569477404917,0.0,False,False
West Madhya Pradesh,2016,2,0,0.0007144514,0,REGIME_01,REGIME_01,False,5,5,0.041802542653244484,0.012489960692459195,0.020202020202020204,False,False
West Madhya Pradesh,2016,1,0,0.00071820116,0,REGIME_01,REGIME_01,False,4,4,0.041802542653244484,0.010058111779025193,0.020202020202020204,False,False
West Madhya Pradesh,2016,7,0,0.00892803,0,REGIME_01,REGIME_01,False,10,10,0.041802542653244484,0.057763365907805536,0.12962962962962962,False,True
West Madhya Pradesh,2016,6,0,0.04468247,0,REGIME_01,REGIME_01,False,9,9,0.041802542653244484,0.08874988914279133,0.22,False,True
West Madhya Pradesh,2016,3,0,0.006475894,0,REGIME_01,REGIME_01,False,6,6,0.041802542653244484,0.03288376041130211,0.05555555555555555,False,False
West Madhya Pradesh,2016,5,0,0.034215357,0,REGIME_01,REGIME_01,False,8,8,0.041802542653244484,0.07703880145365102,0.16666666666666666,False,True
West Madhya Pradesh,2016,11,0,6.755332e-05,0,REGIME_01,REGIME_01,False,2,2,0.041802542653244484,0.004047037826467247,0.0,False,False
West Madhya Pradesh,2016,10,0,3.8653656e-05,0,REGIME_01,REGIME_02,True,1,1,0.041802542653244484,0.003908075386878701,0.0,False,False
West Madhya Pradesh,2016,9,0,0.00018742552,0,REGIME_02,REGIME_01,True,1,1,0.05823519922568156,0.01876966223803503,0.04878048780487805,False,False
West Madhya Pradesh,2017,4,0,0.014803714,0,REGIME_01,REGIME_01,False,7,7,0.041802542653244484,0.054162664714674146,0.12962962962962962,False,True
West Madhya Pradesh,2017,8,0,0.0013683966,0,REGIME_02,REGIME_01,True,1,1,0.05823519922568156,0.03839962614225035,0.05555555555555555,False,False
West Madhya Pradesh,2017,2,0,0.00096088974,0,REGIME_01,REGIME_01,False,5,5,0.041802542653244484,0.011241607921936146,0.020202020202020204,False,False
West Madhya Pradesh,2017,1,0,0.00030687818,0,REGIME_01,REGIME_01,False,4,4,0.041802542653244484,0.009279367983180234,0.016479541156784176,False,False
West Madhya Pradesh,2017,7,0,0.015895214,0,REGIME_01,REGIME_01,False,10,10,0.041802542653244484,0.06014098138698002,0.12962962962962962,False,True
West Madhya Pradesh,2017,6,0,0.029080126,0,REGIME_01,REGIME_01,False,9,9,0.041802542653244484,0.10419801421845727,0.2806808788475059,False,True
West Madhya Pradesh,2017,3,0,0.004469914,0,REGIME_01,REGIME_01,False,6,6,0.041802542653244484,0.042156464772868184,0.08955223880597014,False,False
West Madhya Pradesh,2017,5,0,0.034818538,0,REGIME_01,REGIME_01,False,8,8,0.041802542653244484,0.09804051680769775,0.23122586093410485,False,True
West Madhya Pradesh,2017,9,0,0.00023577607,0,REGIME_01,REGIME_02,True,1,1,0.041802542653244484,0.011260749623044864,0.020202020202020204,False,False
West Rajasthan,2016,4,0,0.0014681806,0,REGIME_01,REGIME_01,False,80,80,0.041802542653244484,0.03909633267521467,0.08955223880597014,False,False
West Rajasthan,2016,8,0,8.379491e-05,0,REGIME_01,REGIME_01,False,84,84,0.041802542653244484,0.02897407691238175,0.05555555555555555,False,False
West Rajasthan,2016,12,0,7.171254e-05,0,REGIME_01,REGIME_01,False,88,88,0.041802542653244484,0.004687475341426031,0.0,False,False
West Rajasthan,2016,2,0,0.00021040664,0,REGIME_01,REGIME_01,False,78,78,0.041802542653244484,0.010057871375964079,0.020202020202020204,False,False
West Rajasthan,2016,1,0,9.443092e-05,0,REGIME_01,REGIME_01,False,77,77,0.041802542653244484,0.009478799167480784,0.020202020202020204,False,False
West Rajasthan,2016,7,0,0.00054291927,0,REGIME_01,REGIME_01,False,83,83,0.041802542653244484,0.052264124269086686,0.12962962962962962,False,True
West Rajasthan,2016,6,0,0.0035823395,0,REGIME_01,REGIME_01,False,82,82,0.041802542653244484,0.06624701579804557,0.16,False,True
West Rajasthan,2016,3,0,0.00016635621,0,REGIME_01,REGIME_01,False,79,79,0.041802542653244484,0.022839482110067963,0.05555555555555555,False,False
West Rajasthan,2016,5,0,0.003321056,0,REGIME_01,REGIME_01,False,81,81,0.041802542653244484,0.058375985803569376,0.12962962962962962,False,True
West Rajasthan,2016,11,0,2.7534928e-05,0,REGIME_01,REGIME_01,False,87,87,0.041802542653244484,0.003952046893870614,0.0,False,False
West Rajasthan,2016,10,0,1.2227807e-05,0,REGIME_01,REGIME_01,False,86,86,0.041802542653244484,0.003947725057537193,0.0,False,False
West Rajasthan,2016,9,0,7.5176344e-05,0,REGIME_01,REGIME_01,False,85,85,0.041802542653244484,0.016549059778070023,0.034482758620689655,False,False
West Rajasthan,2017,4,0,0.0015475671,0,REGIME_01,REGIME_01,False,92,92,0.041802542653244484,0.03541373754196165,0.05555555555555555,False,False
West Rajasthan,2017,8,0,0.00018710161,0,REGIME_01,REGIME_01,False,96,96,0.041802542653244484,0.03258241344241261,0.05555555555555555,False,False
West Rajasthan,2017,2,0,0.00017547363,0,REGIME_01,REGIME_01,False,90,90,0.041802542653244484,0.008865305900115644,0.0,False,False
West Rajasthan,2017,1,0,9.384975e-05,0,REGIME_01,REGIME_01,False,89,89,0.041802542653244484,0.008373435086209545,0.0,False,False
West Rajasthan,2017,7,0,0.00019605979,0,REGIME_01,REGIME_01,False,95,95,0.041802542653244484,0.043307770563681104,0.08955223880597014,False,False
West Rajasthan,2017,6,0,0.00029801016,0,REGIME_01,REGIME_01,False,94,94,0.041802542653244484,0.06033299249967467,0.12962962962962962,False,True
West Rajasthan,2017,3,0,0.00044872047,0,REGIME_01,REGIME_01,False,91,91,0.041802542653244484,0.028589950825583948,0.05555555555555555,False,False
West Rajasthan,2017,5,0,0.0011476197,0,REGIME_01,REGIME_01,False,93,93,0.041802542653244484,0.05693955154525841,0.12962962962962962,False,True
West Rajasthan,2017,9,0,4.1998323e-05,0,REGIME_01,REGIME_01,False,97,97,0.041802542653244484,0.011234829946312907,0.020202020202020204,False,False
West Uttar Pradesh,2016,4,0,0.006065773,0,REGIME_01,REGIME_01,False,7,7,0.041802542653244484,0.05309718309032911,0.12962962962962962,False,True
West Uttar Pradesh,2016,8,0,0.00052251684,0,REGIME_02,REGIME_01,True,1,1,0.05823519922568156,0.034908959323739115,0.05555555555555555,False,False
West Uttar Pradesh,2016,12,0,0.00017163061,0,REGIME_01,REGIME_01,False,3,3,0.041802542653244484,0.006214660854457107,0.0,False,False
West Uttar Pradesh,2016,2,0,0.00041211318,0,REGIME_01,REGIME_01,False,5,5,0.041802542653244484,0.0138514221411789,0.020202020202020204,False,False
West Uttar Pradesh,2016,1,0,0.00025611676,0,REGIME_01,REGIME_01,False,4,4,0.041802542653244484,0.013622324673904597,0.020202020202020204,False,False
West Uttar Pradesh,2016,7,0,0.008950137,0,REGIME_01,REGIME_01,False,10,10,0.041802542653244484,0.06301493562440749,0.12962962962962962,False,True
West Uttar Pradesh,2016,6,0,0.0148694245,0,REGIME_01,REGIME_01,False,9,9,0.041802542653244484,0.0906400055280253,0.22,False,True
West Uttar Pradesh,2016,3,0,0.0014262184,0,REGIME_01,REGIME_01,False,6,6,0.041802542653244484,0.03208736213267942,0.05555555555555555,False,False
West Uttar Pradesh,2016,5,0,0.017706791,0,REGIME_01,REGIME_01,False,8,8,0.041802542653244484,0.06675881774566236,0.16,False,True
West Uttar Pradesh,2016,11,0,8.428618e-05,0,REGIME_01,REGIME_01,False,2,2,0.041802542653244484,0.005194924262552281,0.0,False,False
West Uttar Pradesh,2016,10,0,5.9636368e-05,0,REGIME_01,REGIME_02,True,1,1,0.041802542653244484,0.005130583178485415,0.0,False,False
West Uttar Pradesh,2016,9,0,0.00017867598,0,REGIME_02,REGIME_02,False,2,2,0.05823519922568156,0.02224747356485886,0.05555555555555555,False,False
West Uttar Pradesh,2017,4,0,0.030140394,0,REGIME_01,REGIME_01,False,7,7,0.041802542653244484,0.05533290096865183,0.12962962962962962,False,True
West Uttar Pradesh,2017,8,0,0.0013122782,0,REGIME_02,REGIME_02,False,2,2,0.05823519922568156,0.04605165057173549,0.08955223880597014,False,False
West Uttar Pradesh,2017,2,0,0.0006376399,0,REGIME_01,REGIME_01,False,5,5,0.041802542653244484,0.013879035102028939,0.020202020202020204,False,False
West Uttar Pradesh,2017,1,0,0.0005058248,0,REGIME_01,REGIME_01,False,4,4,0.041802542653244484,0.010787171437897512,0.020202020202020204,False,False
West Uttar Pradesh,2017,7,0,0.02175361,0,REGIME_02,REGIME_01,True,1,1,0.05823519922568156,0.06913542990800142,0.16,False,True
West Uttar Pradesh,2017,6,0,0.058977693,0,REGIME_01,REGIME_01,False,9,9,0.041802542653244484,0.10387923325435618,0.2750256959021488,False,True
West Uttar Pradesh,2017,3,0,0.004272109,0,REGIME_01,REGIME_01,False,6,6,0.041802542653244484,0.04345654356397614,0.08955223880597014,False,False
West Uttar Pradesh,2017,5,0,0.07602715,0,REGIME_01,REGIME_01,False,8,8,0.041802542653244484,0.09433827286071812,0.22,False,True
West Uttar Pradesh,2017,9,0,0.00017709771,0,REGIME_01,REGIME_02,True,1,1,0.041802542653244484,0.013337495550949123,0.020202020202020204,False,False
