subdivision,year,month,season,rainfall_mm,rainfall_3m,rainfall_6m,rainfall_12m,historical_monthly_mean,rainfall_anomaly,rainfall_anomaly_pct,rainfall_deficit_mm,rainfall_missing,rainfall_zscore,target_3m_stress,date,rainfall_lag_1m,rainfall_lag_2m,rainfall_lag_3m,rainfall_prev_3m,rainfall_prev_6m,rainfall_prev_12m,rainfall_trend_3m,month_sin,month_cos,target_3m_severe_anomaly,original_month,actual,predicted_probability,predicted,error_type
East Rajasthan,2000,6.0,2,20.2,43.50000000000006,44.79999999999997,386.90000000000015,63.61111111111112,-43.41111111111111,-68.24454148471617,43.41111111111111,0,-1.0165758048829183,0,2000-06-01,21.0,2.3,0.4,23.700000000000056,24.69999999999997,420.10000000000014,20.6,1.2246467991473532e-16,-1.0,0,JUN,0,0.08998163,0,TRUE_NEGATIVE
Jharkhand,2003,9.0,2,224.0,716.5999999999999,908.4000000000002,1032.9,227.1367521367521,-3.1367521367521363,-1.380997177798683,3.1367521367521363,0,-0.0428107621415897,0,2003-09-01,245.1,247.5,152.4,645.0,718.0000000000002,1062.3,92.7,-1.0,-1.8369701987210294e-16,0,SEP,0,0.08992405,0,TRUE_NEGATIVE
Himachal Pradesh,2000,9.0,2,50.1,441.8999999999998,745.4000000000002,1088.5,129.36239316239315,-79.26239316239315,-61.27158846148764,79.26239316239315,0,-0.9165699831031964,0,2000-09-01,126.7,265.1,198.0,589.7999999999998,763.4000000000002,1149.8000000000002,-71.3,-1.0,-1.8369701987210294e-16,0,SEP,0,0.0899186,0,TRUE_NEGATIVE
Bihar,2016,1.0,0,9.3,9.3000000000004,408.39999999999947,869.1999999999999,13.242735042735044,-3.942735042735043,-29.77281528333549,3.942735042735043,0,-0.2679342907817017,0,2016-01-01,0.0,0.0,10.4,10.400000000000398,630.5999999999995,872.7,-10.4,0.4999999999999999,0.8660254037844387,0,JAN,0,0.08967633,0,TRUE_NEGATIVE
Chhattisgarh,2005,2.0,0,15.6,73.30000000000057,244.3999999999997,1163.4,18.966666666666665,-3.3666666666666654,-17.750439367311067,3.3666666666666654,0,-0.1467133299073371,0,2005-02-01,57.6,0.1,0.7,58.40000000000057,580.4999999999998,1164.4999999999998,56.9,0.8660254037844386,0.5000000000000001,0,FEB,0,0.08961464,0,TRUE_NEGATIVE
Jharkhand,2011,9.0,2,324.6,909.6,1339.0000000000002,1431.0,227.1367521367521,97.46324786324789,42.90950141110067,0.0,0,1.3301898715340066,0,2011-09-01,403.2,181.8,349.0,933.9999999999998,1020.8000000000002,1266.9,54.19999999999999,-1.0,-1.8369701987210294e-16,0,SEP,0,0.08946783,0,TRUE_NEGATIVE
Arunachal Pradesh,2003,10.0,3,182.6,769.7000000000006,2012.799999999999,2473.4,194.79381443298968,-12.193814432989685,-6.259857105054244,12.193814432989685,0,-0.0842226407491484,0,2003-10-01,259.9,327.2,645.3,1232.4000000000003,2012.1999999999991,2384.8,-385.4,-0.8660254037844386,0.5000000000000001,0,OCT,0,0.089407966,0,TRUE_NEGATIVE
Bihar,2000,1.0,0,0.5,8.000000000000341,669.1999999999997,1403.1,13.242735042735044,-12.742735042735044,-96.2243449077062,12.742735042735044,0,-0.8659510819996513,0,2000-01-01,0.6,6.9,114.1,121.60000000000034,1049.4999999999998,1402.7,-113.5,0.4999999999999999,0.8660254037844387,0,JAN,0,0.08931255,0,TRUE_NEGATIVE
Himachal Pradesh,2014,10.0,3,19.3,250.59999999999985,574.8000000000003,996.5,30.791452991452992,-11.491452991452991,-37.32026869483151,11.491452991452991,0,-0.2307675054968628,0,2014-10-01,84.6,146.7,203.6,434.8999999999999,616.1000000000001,999.0,-119.0,-0.8660254037844386,0.5000000000000001,0,OCT,0,0.08928207,0,TRUE_NEGATIVE
Bihar,2005,1.0,0,13.9,17.000000000000398,364.5999999999997,1138.8,13.242735042735044,0.6572649572649567,4.96321156576739,0.0,0,0.0446653955367718,0,2005-01-01,0.0,3.1,56.4,59.5000000000004,769.0999999999997,1147.6,-56.4,0.4999999999999999,0.8660254037844387,0,JAN,0,0.089235924,0,TRUE_NEGATIVE
Bihar,2006,9.0,2,285.2,736.3000000000003,1028.6999999999996,1065.2,217.83504273504275,67.36495726495724,30.92475683395652,0.0,0,0.8442064047492653,0,2006-09-01,160.4,290.7,200.0,651.1000000000004,745.3999999999996,885.0999999999999,-39.6,-1.0,-1.8369701987210294e-16,0,SEP,0,0.089191444,0,TRUE_NEGATIVE
Saurashtra & Kutch,2011,9.0,2,210.1,713.6999999999998,739.7000000000002,816.9999999999999,74.9957264957265,135.1042735042735,180.1492962561969,0.0,0,1.8308081884902847,0,2011-09-01,290.9,212.7,26.0,529.5999999999999,529.6000000000001,794.4999999999999,264.9,-1.0,-1.8369701987210294e-16,0,SEP,0,0.08907757,0,TRUE_NEGATIVE
Gujarat Region,2016,8.0,2,303.9,591.5000000000002,592.4999999999998,688.3999999999996,258.8957264957265,45.0042735042735,17.383165845735338,0.0,0,0.3259695439468361,0,2016-08-01,255.8,31.8,0.4,288.0000000000003,288.5999999999998,421.8999999999997,255.4,-0.8660254037844385,-0.5000000000000004,0,AUG,0,0.08905089,0,TRUE_NEGATIVE
East Rajasthan,2009,3.0,1,2.4,3.1,8.6,647.0000000000002,4.51880341880342,-2.11880341880342,-46.8885946661623,2.11880341880342,0,-0.2336738728253815,0,2009-03-01,0.2,0.5,0.1,0.8,118.9,645.1000000000003,0.1,1.0,6.123233995736766e-17,0,MAR,0,0.08905076,0,TRUE_NEGATIVE
Punjab,2003,3.0,1,19.4,86.3999999999999,92.69999999999996,345.30000000000007,23.666666666666668,-4.266666666666669,-18.028169014084515,4.266666666666669,0,-0.1877061670969157,0,2003-03-01,56.4,10.6,3.7,70.69999999999992,168.29999999999995,332.70000000000005,52.7,1.0,6.123233995736766e-17,0,MAR,0,0.08902571,0,TRUE_NEGATIVE
Orissa,2001,1.0,0,0.4,2.099999999999318,460.3,1096.7,12.152136752136752,-11.752136752136751,-96.70839780559854,11.752136752136751,0,-0.7560334430343645,0,2001-01-01,0.1,1.6,26.6,28.29999999999932,732.2,1097.2,-26.5,0.4999999999999999,0.8660254037844387,0,JAN,0,0.08882759,0,TRUE_NEGATIVE
Jammu & Kashmir,2012,10.0,3,15.7,387.2999999999996,587.6,1002.8,33.61367521367521,-17.91367521367521,-53.292819365337664,17.91367521367521,0,-0.5174894279299552,0,2012-10-01,106.7,264.9,118.8,490.3999999999996,658.5,1006.5,-12.099999999999994,-0.8660254037844386,0.5000000000000001,0,OCT,0,0.08872735,0,TRUE_NEGATIVE
West Madhya Pradesh,2003,3.0,1,0.1,22.29999999999972,34.90000000000011,685.0000000000002,5.1179487179487175,-5.017948717948718,-98.04609218436876,5.017948717948718,0,-0.5651441897104683,0,2003-03-01,21.1,1.1,0.8,22.99999999999972,175.80000000000013,686.4000000000002,20.3,1.0,6.123233995736766e-17,0,MAR,0,0.088700786,0,TRUE_NEGATIVE
Tamil Nadu,2006,11.0,3,215.1,571.8,736.0,1050.2,175.3777777777778,39.7222222222222,22.649518499746566,0.0,0,0.4381479641967362,0,2006-11-01,240.4,116.3,73.4,430.0999999999999,586.1,1188.5,167.0,-0.5000000000000004,0.8660254037844384,0,NOV,0,0.088690266,0,TRUE_NEGATIVE
Jharkhand,2004,9.0,2,211.5,739.1999999999999,995.7000000000004,1276.1,227.1367521367521,-15.636752136752136,-6.8842897460018815,15.636752136752136,0,-0.2134122325287164,0,2004-09-01,327.0,200.7,184.4,712.0999999999999,787.3000000000002,1288.6,142.6,-1.0,-1.8369701987210294e-16,0,SEP,0,0.0886091,0,TRUE_NEGATIVE
Sub Himalayan West Bengal & Sikkim,2009,10.0,3,235.1,978.1000000000012,2093.500000000001,2336.4,143.94358974358977,91.15641025641024,63.327870604581534,0.0,0,1.029011760942205,0,2009-10-01,174.6,568.4,456.1,1199.1000000000015,1973.6000000000008,2199.2000000000003,-281.5,-0.8660254037844386,0.5000000000000001,0,OCT,0,0.088587575,0,TRUE_NEGATIVE
East Uttar Pradesh,2009,9.0,2,139.6,466.0000000000002,519.3,532.1000000000001,183.4521367521368,-43.85213675213677,-23.90385717413892,43.85213675213677,0,-0.5346716480488747,0,2009-09-01,177.0,149.4,29.9,356.30000000000024,380.5,505.2000000000001,147.1,-1.0,-1.8369701987210294e-16,0,SEP,0,0.088535495,0,TRUE_NEGATIVE
Kerala,2011,1.0,0,20.5,402.39999999999947,1475.4000000000003,3133.8,12.171794871794871,8.328205128205129,68.42216136507268,0.0,0,0.5398053223980108,0,2011-01-01,46.8,335.1,441.4,823.2999999999994,2083.9000000000005,3131.9,-394.6,0.4999999999999999,0.8660254037844387,0,JAN,0,0.088520035,0,TRUE_NEGATIVE
Punjab,2006,3.0,1,46.1,64.79999999999991,65.19999999999997,492.1000000000001,23.666666666666668,22.433333333333334,94.7887323943662,0.0,0,0.9869238316892516,0,2006-03-01,3.7,15.0,0.0,18.699999999999918,125.79999999999995,474.6000000000001,3.7,1.0,6.123233995736766e-17,0,MAR,0,0.088493966,0,TRUE_NEGATIVE
Coastal Andhra Pradesh,2008,2.0,0,61.6,65.3,532.0000000000003,1159.1,12.71025641025641,48.88974358974359,384.64797256405086,0.0,0,2.457956828669731,0,2008-02-01,3.2,0.5,11.9,15.6,634.8000000000003,1102.6,-8.7,0.8660254037844386,0.5000000000000001,0,FEB,0,0.08847945,0,TRUE_NEGATIVE
Lakshadweep,2007,12.0,3,109.6,413.3000000000004,1592.8999999999996,2361.5999999999995,61.82142857142857,47.77857142857143,77.28480647024841,0.0,0,0.776373621214323,0,2007-12-01,47.6,256.1,457.5,761.2000000000003,2056.7,2262.9,-409.9,-2.4492935982947064e-16,1.0,0,DEC,0,0.08842266,0,TRUE_NEGATIVE
East Uttar Pradesh,2016,3.0,1,9.5,16.10000000000023,33.3,537.1000000000001,8.873504273504274,0.626495726495726,7.060296667308798,0.0,0,0.0530408211800228,0,2016-03-01,1.3,5.3,4.9,11.500000000000227,45.7,575.8000000000002,-3.6000000000000005,1.0,6.123233995736766e-17,0,MAR,0,0.088388115,0,TRUE_NEGATIVE
Konkan & Goa,2006,11.0,3,22.5,624.8000000000002,3260.500000000001,3482.3,24.272649572649573,-1.7726495726495737,-7.303074051903239,1.7726495726495737,0,-0.0528325402599188,0,2006-11-01,202.4,399.9,886.4,1488.7000000000005,3449.8000000000006,3459.7999999999997,-684.0,-0.5000000000000004,0.8660254037844384,0,NOV,0,0.08834709,0,TRUE_NEGATIVE
Punjab,2002,7.0,2,50.4,95.89999999999992,112.59999999999997,210.60000000000005,168.19059829059827,-117.79059829059828,-70.03399683915785,117.79059829059828,0,-1.744767170031387,0,2002-07-01,24.7,20.8,3.3,48.79999999999991,64.59999999999997,334.1000000000001,21.4,-0.4999999999999997,-0.8660254037844388,0,JUL,0,0.08831484,0,TRUE_NEGATIVE
Rayalseema,2013,10.0,3,169.3,442.8000000000004,651.1999999999999,869.9,135.02478632478633,34.27521367521368,25.38438653238721,0.0,0,0.4890579231067887,0,2013-10-01,163.2,110.3,95.7,369.2000000000004,508.69999999999993,814.3,67.49999999999999,-0.8660254037844386,0.5000000000000001,0,OCT,0,0.08830668,0,TRUE_NEGATIVE
Saurashtra & Kutch,2003,7.0,2,402.2,470.3999999999999,470.8000000000002,604.3999999999999,195.7282051282052,206.47179487179488,105.48903503026172,0.0,0,1.719927194339127,0,2003-07-01,68.2,0.0,0.0,68.19999999999989,68.60000000000024,210.19999999999996,68.2,-0.4999999999999997,-0.8660254037844388,0,JUL,0,0.088281386,0,TRUE_NEGATIVE
Lakshadweep,2016,12.0,3,74.7,165.3000000000004,589.7,1065.6999999999998,61.82142857142857,12.878571428571432,20.831889081455817,0.0,0,0.2092691940573217,0,2016-12-01,32.0,58.6,75.6,166.2000000000004,836.1,1149.9999999999998,-43.6,-2.4492935982947064e-16,1.0,0,DEC,0,0.08822868,0,TRUE_NEGATIVE
Telangana,2014,2.0,0,2.9,5.800000000000001,389.49999999999966,1320.4,9.524786324786325,-6.624786324786324,-69.55312275664033,6.624786324786324,0,-0.4374662535029039,0,2014-02-01,0.2,2.7,16.4,19.3,617.1999999999997,1346.5,-16.2,0.8660254037844386,0.5000000000000001,0,FEB,0,0.0881172,0,TRUE_NEGATIVE
West Uttar Pradesh,2009,9.0,2,125.4,428.19999999999993,466.79999999999984,482.29999999999984,145.33931623931625,-19.93931623931624,-13.719148235487836,19.93931623931624,0,-0.2263061372088846,0,2009-09-01,184.5,118.3,17.1,319.89999999999986,342.5999999999998,447.79999999999984,167.4,-1.0,-1.8369701987210294e-16,0,SEP,0,0.08810078,0,TRUE_NEGATIVE
West Uttar Pradesh,2005,9.0,2,202.5,596.6999999999998,671.8999999999999,783.8999999999999,145.33931623931625,57.16068376068375,39.3291266532194,0.0,0,0.6487591343073335,0,2005-09-01,96.0,298.2,67.1,461.2999999999999,491.99999999999983,665.3999999999999,28.90000000000001,-1.0,-1.8369701987210294e-16,0,SEP,0,0.088060915,0,TRUE_NEGATIVE
Matathwada,2006,2.0,0,0.0,0.0,313.9999999999999,926.6,4.394017094017094,-4.394017094017094,-100.0,4.394017094017094,0,-0.5072915134607713,0,2006-02-01,0.0,0.0,0.0,0.0,438.0999999999999,927.3000000000002,0.0,0.8660254037844386,0.5000000000000001,0,FEB,0,0.08804338,0,TRUE_NEGATIVE
East Uttar Pradesh,2015,9.0,2,21.9,376.7000000000002,503.8,669.2,183.4521367521368,-161.55213675213676,-88.06228131886563,161.55213675213676,0,-1.9697408974916872,0,2015-09-01,175.8,179.0,95.3,450.1000000000002,530.1,754.0000000000001,80.50000000000001,-1.0,-1.8369701987210294e-16,0,SEP,0,0.08799513,0,TRUE_NEGATIVE
East Madhya Pradesh,2017,1.0,0,4.6,4.599999999999431,635.5000000000006,1324.4000000000003,19.28205128205128,-14.68205128205128,-76.1436170212766,14.68205128205128,0,-0.6623217811488512,0,2017-01-01,0.0,0.0,29.0,28.99999999999943,1183.1000000000008,1340.0000000000002,-29.0,0.4999999999999999,0.8660254037844387,0,JAN,0,0.08790861,0,TRUE_NEGATIVE
Tamil Nadu,2002,10.0,3,93.7,152.39999999999992,220.5,338.5,181.9564102564103,-88.25641025641026,-48.50415005002608,88.25641025641026,0,-1.30760816019101,1,2002-10-01,32.2,26.5,11.8,70.49999999999993,135.99999999999994,314.3,20.4,-0.8660254037844386,0.5000000000000001,0,OCT,0,0.087864876,0,TRUE_NEGATIVE
Bihar,2010,9.0,2,105.7,455.3000000000004,587.0999999999996,667.0,217.83504273504275,-112.13504273504276,-51.47704489007992,112.13504273504276,0,-1.4052576460699364,0,2010-09-01,158.4,191.2,80.9,430.50000000000045,481.5999999999996,688.9,77.5,-1.0,-1.8369701987210294e-16,0,SEP,0,0.08771603,0,TRUE_NEGATIVE
West Rajasthan,2009,7.0,2,79.1,112.79999999999998,122.5000000000002,290.80000000000007,96.1059829059829,-17.005982905982904,-17.695030415139982,17.005982905982904,0,-0.3181918585970463,0,2009-07-01,26.1,7.6,1.6,35.3,46.3000000000002,268.80000000000007,24.5,-0.4999999999999997,-0.8660254037844388,0,JUL,0,0.08766535,0,TRUE_NEGATIVE
Jharkhand,2006,9.0,2,298.7,1083.0,1404.4000000000003,1517.8,227.1367521367521,71.56324786324785,31.506679209783627,0.0,0,0.9767036248918796,0,2006-09-01,337.2,447.1,198.3,982.6,1128.1000000000004,1360.6,138.89999999999998,-1.0,-1.8369701987210294e-16,0,SEP,0,0.087576754,0,TRUE_NEGATIVE
Punjab,2003,7.0,2,136.7,181.2999999999999,260.1,430.4,168.19059829059827,-31.490598290598285,-18.723162061763464,31.490598290598285,0,-0.4664528651644337,0,2003-07-01,40.7,3.9,3.0,47.59999999999991,133.99999999999997,344.1,37.7,-0.4999999999999997,-0.8660254037844388,0,JUL,0,0.087521255,0,TRUE_NEGATIVE
Kerala,2008,12.0,3,17.0,415.7999999999994,1616.9000000000003,2524.7,39.98034188034188,-22.98034188034188,-57.47910297795925,22.98034188034188,0,-0.6241273540994612,0,2008-12-01,55.4,343.4,347.0,745.7999999999994,2069.8,2519.6,-291.6,-2.4492935982947064e-16,1.0,0,DEC,0,0.08746663,0,TRUE_NEGATIVE
Coastal Karnataka,2009,10.0,3,287.4,1304.1999999999996,3634.100000000001,3727.0,183.64615384615385,103.75384615384615,56.49660718773561,0.0,0,1.276566876957344,0,2009-10-01,530.7,486.1,1778.9,2795.7,3371.2000000000007,3531.2000000000003,-1248.2,-0.8660254037844386,0.5000000000000001,0,OCT,0,0.087452754,0,TRUE_NEGATIVE
Coastal Karnataka,2001,10.0,3,169.7,975.8999999999996,2989.7,3077.4,183.64615384615385,-13.946153846153834,-7.594035352266058,13.946153846153834,0,-0.1715907286420275,0,2001-10-01,151.8,654.4,926.9,1733.0999999999997,2891.4,3082.4,-775.0999999999999,-0.8660254037844386,0.5000000000000001,0,OCT,0,0.08740111,0,TRUE_NEGATIVE
Chhattisgarh,2016,1.0,0,6.1,8.200000000000454,529.3999999999999,1107.9999999999998,14.023931623931624,-7.923931623931624,-56.50292540224281,7.923931623931624,0,-0.4350507484649804,0,2016-01-01,1.5,0.6,17.7,19.800000000000452,771.9,1117.7,-16.2,0.4999999999999999,0.8660254037844387,0,JAN,0,0.08732515,0,TRUE_NEGATIVE
West Madhya Pradesh,2002,9.0,2,141.0,505.5999999999997,650.1000000000001,733.9000000000003,160.56923076923076,-19.56923076923076,-12.187410175337734,19.56923076923076,0,-0.20424326795262,0,2002-09-01,317.7,46.9,138.9,503.4999999999997,510.6,620.4000000000003,178.79999999999998,-1.0,-1.8369701987210294e-16,0,SEP,0,0.087212116,0,TRUE_NEGATIVE
Haryana Delhi & Chandigarh,2005,9.0,2,146.7,374.9,439.0999999999999,573.8999999999997,87.71452991452992,58.98547008547007,67.24709138035193,0.0,0,0.8020864709225056,0,2005-09-01,52.6,175.6,53.9,282.1,322.3,449.2999999999998,-1.2999999999999972,-1.0,-1.8369701987210294e-16,0,SEP,0,0.087190785,0,TRUE_NEGATIVE
West Rajasthan,2002,1.0,0,0.3,0.2999999999999715,79.10000000000024,285.1000000000001,3.323076923076924,-3.0230769230769234,-90.97222222222224,3.0230769230769234,0,-0.6674576046579958,0,2002-01-01,0.0,0.0,7.3,7.299999999999971,201.70000000000024,285.30000000000007,-7.3,0.4999999999999999,0.8660254037844387,0,JAN,0,0.087176174,0,TRUE_NEGATIVE
Arunachal Pradesh,2004,10.0,3,184.8,706.3000000000006,2062.199999999999,2566.2000000000003,194.79381443298968,-9.993814432989666,-5.130457793066936,9.993814432989666,0,-0.0690272471611636,0,2004-10-01,278.5,243.0,654.3,1175.8000000000006,2087.599999999999,2564.0,-375.8,-0.8660254037844386,0.5000000000000001,0,OCT,0,0.08712547,0,TRUE_NEGATIVE
North Interior Karnataka,2017,1.0,0,0.0,4.099999999999914,257.79999999999984,624.7,2.964102564102564,-2.964102564102564,-100.0,2.964102564102564,0,-0.4815510408397377,0,2017-01-01,1.0,3.1,28.7,32.79999999999991,420.3999999999998,625.0,-27.7,0.4999999999999999,0.8660254037844387,0,JAN,0,0.087059334,0,TRUE_NEGATIVE
Vidarbha,2003,2.0,0,4.4,4.499999999999545,170.20000000000022,924.1,11.822222222222225,-7.4222222222222225,-62.78195488721804,7.4222222222222225,0,-0.4318746562139631,0,2003-02-01,0.0,0.1,1.9,1.9999999999995453,518.3000000000002,923.7,-1.9,0.8660254037844386,0.5000000000000001,0,FEB,0,0.086974196,0,TRUE_NEGATIVE
Haryana Delhi & Chandigarh,2011,9.0,2,133.1,345.4,477.4,529.0999999999998,87.71452991452992,45.38547008547008,51.74224855299825,0.0,0,0.6171531985634007,0,2011-09-01,127.3,85.0,94.4,306.7,351.2,579.8999999999997,32.89999999999999,-1.0,-1.8369701987210294e-16,0,SEP,0,0.08694425,0,TRUE_NEGATIVE
Tamil Nadu,2012,10.0,3,235.2,418.0999999999999,536.6,849.1999999999999,181.9564102564103,53.24358974358972,29.261727942730708,0.0,0,0.7888577410333029,0,2012-10-01,84.9,98.0,46.5,229.3999999999999,336.9,814.4,38.400000000000006,-0.8660254037844386,0.5000000000000001,0,OCT,0,0.08692631,0,TRUE_NEGATIVE
Himachal Pradesh,2013,9.0,2,65.8,514.5999999999998,809.7000000000002,1176.9,129.36239316239315,-63.56239316239315,-49.13514013504764,63.56239316239315,0,-0.7350192102765726,0,2013-09-01,240.0,208.8,233.6,682.3999999999999,820.5000000000002,1244.2,6.400000000000006,-1.0,-1.8369701987210294e-16,0,SEP,0,0.08690101,0,TRUE_NEGATIVE
Arunachal Pradesh,2012,11.0,3,22.0,995.0000000000008,2595.699999999999,3429.5,35.149484536082475,-13.149484536082475,-37.41017744537322,13.149484536082475,0,-0.37491595077279,0,2012-11-01,248.1,724.9,316.0,1289.000000000001,2761.099999999999,3423.7,-67.9,-0.5000000000000004,0.8660254037844384,0,NOV,0,0.08683841,0,TRUE_NEGATIVE
Chhattisgarh,2014,1.0,0,2.3,2.6000000000004544,660.9999999999999,1419.5,14.023931623931624,-11.723931623931623,-83.59946367625548,11.723931623931623,0,-0.6436836497351025,0,2014-01-01,0.0,0.3,180.9,181.20000000000047,1077.5,1420.0,-180.9,0.4999999999999999,0.8660254037844387,0,JAN,0,0.08681588,0,TRUE_NEGATIVE
Vidarbha,2013,9.0,2,131.7,993.2999999999996,1363.3000000000004,1428.9,175.53675213675214,-43.83675213675215,-24.97297665767513,43.83675213675215,0,-0.5451191439039121,0,2013-09-01,326.1,535.5,366.7,1228.2999999999995,1235.4000000000003,1546.6,-40.599999999999966,-1.0,-1.8369701987210294e-16,0,SEP,0,0.08679099,0,TRUE_NEGATIVE
East Uttar Pradesh,2003,9.0,2,333.8,890.4000000000002,1026.1,1104.1,183.4521367521368,150.34786324786324,81.95481715811198,0.0,0,1.83313165052202,0,2003-09-01,301.4,255.2,124.9,681.5000000000002,694.8999999999999,997.0,176.49999999999997,-1.0,-1.8369701987210294e-16,0,SEP,0,0.08673957,0,TRUE_NEGATIVE
Saurashtra & Kutch,2014,3.0,1,0.1,0.3999999999998863,29.00000000000017,680.0,1.276923076923077,-1.176923076923077,-92.16867469879516,1.176923076923077,0,-0.2085163037434423,0,2014-03-01,0.0,0.3,0.0,0.2999999999998863,289.10000000000014,680.0,0.0,1.0,6.123233995736766e-17,0,MAR,0,0.08660873,0,TRUE_NEGATIVE
East Rajasthan,2010,7.0,2,196.2,224.2,227.5,406.60000000000025,224.82478632478632,-28.624786324786328,-12.732042046037751,28.624786324786328,0,-0.3395931791753194,0,2010-07-01,27.3,0.7,0.4,28.4,33.2,399.50000000000017,26.9,-0.4999999999999997,-0.8660254037844388,0,JUL,0,0.08649153,0,TRUE_NEGATIVE
Telangana,2013,2.0,0,29.0,31.400000000000112,356.0999999999996,1033.3000000000002,9.524786324786325,19.47521367521368,204.46877243359657,0.0,0,1.286041291745216,0,2013-02-01,2.4,0.0,38.7,41.10000000000012,556.9999999999998,1004.3,-36.3,0.8660254037844386,0.5000000000000001,0,FEB,0,0.0864519,0,TRUE_NEGATIVE
Himachal Pradesh,2010,12.0,3,58.1,99.39999999999988,842.0000000000002,1259.4,39.64017094017094,18.45982905982906,46.5684900493758,0.0,0,0.5057363694854347,0,2010-12-01,10.8,30.5,176.7,217.9999999999999,892.4000000000002,1209.1,-165.89999999999998,-2.4492935982947064e-16,1.0,0,DEC,0,0.08645134,0,TRUE_NEGATIVE
Coastal Karnataka,2001,2.0,0,0.4,3.399999999999545,469.8000000000002,3337.0,1.4923076923076923,-1.0923076923076924,-73.1958762886598,1.0923076923076924,0,-0.2327785047752061,0,2001-02-01,0.6,2.4,12.5,15.499999999999543,1211.1,3337.1,-11.9,0.8660254037844386,0.5000000000000001,0,FEB,0,0.08641105,0,TRUE_NEGATIVE
Madhya Maharashtra,2008,1.0,0,0.0,3.9,470.69999999999976,1039.1,3.0025641025641026,-3.0025641025641026,-100.0,3.0025641025641026,0,-0.4534989270816537,0,2008-01-01,0.0,3.9,3.4,7.3,764.1999999999997,1040.4,-3.4,0.4999999999999999,0.8660254037844387,0,JAN,0,0.08633055,0,TRUE_NEGATIVE
Chhattisgarh,2011,1.0,0,0.3,48.10000000000051,745.1999999999998,1298.9999999999998,14.023931623931624,-13.723931623931623,-97.86079960994635,13.723931623931623,0,-0.753490439877272,0,2011-01-01,27.6,20.2,54.3,102.1000000000005,1171.7,1306.6,-26.7,0.4999999999999999,0.8660254037844387,0,JAN,0,0.08628269,0,TRUE_NEGATIVE
Haryana Delhi & Chandigarh,2005,3.0,1,29.9,79.5,134.8,540.9999999999998,12.952991452991451,16.947008547008544,130.83470801715603,0.0,0,1.1188863266650082,0,2005-03-01,35.7,13.9,1.2,50.8,127.0,511.0999999999998,34.5,1.0,6.123233995736766e-17,0,MAR,0,0.08620617,0,TRUE_NEGATIVE
East Rajasthan,2012,3.0,1,0.0,1.9,1.9,792.5000000000002,4.51880341880342,-4.51880341880342,-100.0,4.51880341880342,0,-0.4983597279660314,0,2012-03-01,0.0,1.9,0.0,1.9,168.3,792.7000000000003,0.0,1.0,6.123233995736766e-17,0,MAR,0,0.08616415,0,TRUE_NEGATIVE
East Uttar Pradesh,2012,9.0,2,164.4,554.6000000000003,576.0999999999999,601.6000000000001,183.4521367521368,-19.05213675213676,-10.385344695046104,19.05213675213676,0,-0.2322951197040847,0,2012-09-01,156.0,234.2,18.5,408.7000000000002,415.1,583.6000000000001,137.5,-1.0,-1.8369701987210294e-16,0,SEP,0,0.08615009,0,TRUE_NEGATIVE
West Madhya Pradesh,2016,3.0,1,2.4,7.799999999999716,20.10000000000017,949.9000000000002,5.1179487179487175,-2.7179487179487176,-53.106212424849694,2.7179487179487176,0,-0.3061077368896762,0,2016-03-01,0.2,5.2,1.0,6.399999999999716,73.30000000000017,1001.0000000000002,-0.8,1.0,6.123233995736766e-17,0,MAR,0,0.08602456,0,TRUE_NEGATIVE
Lakshadweep,2015,2.0,0,0.5,65.0000000000004,425.4,1328.4,15.672173913043478,-15.172173913043478,-96.8096321367142,15.172173913043478,0,-0.6170236317708009,0,2015-02-01,2.2,62.3,59.0,123.5000000000004,891.0,1343.9999999999998,-56.8,0.8660254037844386,0.5000000000000001,0,FEB,0,0.086002104,0,TRUE_NEGATIVE
Coastal Karnataka,2001,11.0,3,48.6,370.0999999999996,2881.4000000000005,3113.5,62.809401709401705,-14.209401709401703,-22.62304897464857,14.209401709401703,0,-0.2581979523386075,0,2001-11-01,169.7,151.8,654.4,975.8999999999996,2989.7,3077.4,-484.7,-0.5000000000000004,0.8660254037844384,0,NOV,0,0.08598592,0,TRUE_NEGATIVE
Jharkhand,2001,1.0,0,1.9,2.5,531.3000000000002,1189.8,17.471794871794874,-15.571794871794872,-89.12533020252421,15.571794871794872,0,-0.7651375501969622,0,2001-01-01,0.2,0.4,19.1,19.700000000000003,887.8000000000002,1191.5,-18.9,0.4999999999999999,0.8660254037844387,0,JAN,0,0.085951895,0,TRUE_NEGATIVE
Jharkhand,2016,1.0,0,12.6,15.499999999999773,364.00000000000017,1082.2,17.471794871794874,-4.871794871794874,-27.88376871147638,4.871794871794874,0,-0.2393810876624779,0,2016-01-01,2.7,0.2,22.7,25.59999999999977,781.1000000000003,1081.8,-20.0,0.4999999999999999,0.8660254037844387,0,JAN,0,0.08594681,0,TRUE_NEGATIVE
Madhya Maharashtra,2013,9.0,2,210.3,669.1,893.1999999999998,996.8000000000002,157.62820512820514,52.67179487179487,33.41520943472956,0.0,0,0.8270663339838862,0,2013-09-01,147.0,311.8,212.4,671.2,683.6999999999998,916.0000000000002,-65.4,-1.0,-1.8369701987210294e-16,0,SEP,0,0.08594097,0,TRUE_NEGATIVE
Himachal Pradesh,2011,9.0,2,120.3,678.1999999999998,904.0,1194.4,129.36239316239315,-9.06239316239315,-7.005430976386476,9.06239316239315,0,-0.1047951899548527,0,2011-09-01,380.2,177.7,118.3,676.1999999999998,833.4000000000002,1250.8,261.9,-1.0,-1.8369701987210294e-16,0,SEP,0,0.08589796,0,TRUE_NEGATIVE
East Madhya Pradesh,2014,1.0,0,32.1,33.59999999999943,716.6000000000006,1552.0000000000002,19.28205128205128,12.81794871794872,66.47606382978725,0.0,0,0.5782302801192993,0,2014-01-01,1.0,0.5,124.2,125.69999999999943,1140.7000000000007,1521.9,-123.2,0.4999999999999999,0.8660254037844387,0,JAN,0,0.08586294,0,TRUE_NEGATIVE
Konkan & Goa,2016,10.0,3,106.3,1523.5000000000002,3659.400000000001,3689.099999999999,113.6982905982906,-7.3982905982906,-6.506949716974751,7.3982905982906,0,-0.0838814936977251,0,2016-10-01,600.2,817.0,1327.3,2744.5000000000005,3553.400000000001,3674.199999999999,-727.0999999999999,-0.8660254037844386,0.5000000000000001,0,OCT,0,0.08584916,0,TRUE_NEGATIVE
Telangana,2009,9.0,2,149.7,460.4000000000001,563.7999999999996,598.4,176.36324786324786,-26.663247863247875,-15.118369720613542,26.663247863247875,0,-0.3462122604506309,0,2009-09-01,192.3,118.4,85.8,396.5000000000001,416.1999999999996,595.4,106.5,-1.0,-1.8369701987210294e-16,0,SEP,0,0.08583293,0,TRUE_NEGATIVE
Matathwada,2010,9.0,2,157.3,778.2000000000002,903.1999999999998,1047.9,179.26495726495727,-21.964957264957263,-12.252789167540763,21.964957264957263,0,-0.2441547135848895,0,2010-09-01,291.4,329.5,119.7,740.6000000000001,749.7999999999998,1050.5,171.7,-1.0,-1.8369701987210294e-16,0,SEP,0,0.08577658,0,TRUE_NEGATIVE
Madhya Maharashtra,2017,1.0,0,0.0,2.0,468.99999999999983,906.2000000000002,3.0025641025641026,-3.0025641025641026,-100.0,3.0025641025641026,0,-0.4534989270816537,0,2017-01-01,0.9,1.1,62.4,64.4,788.5999999999998,906.2000000000002,-61.5,0.4999999999999999,0.8660254037844387,0,JAN,0,0.08572511,0,TRUE_NEGATIVE
Madhya Maharashtra,2008,9.0,2,312.4,727.9000000000001,837.4999999999998,862.9000000000002,157.62820512820514,154.77179487179484,98.18788125254166,0.0,0,2.430267305306268,0,2008-09-01,257.6,157.9,107.9,523.4000000000001,543.1999999999998,739.7000000000002,149.70000000000002,-1.0,-1.8369701987210294e-16,0,SEP,0,0.08563922,0,TRUE_NEGATIVE
Telangana,2012,9.0,2,202.4,732.6000000000001,879.3999999999996,904.4,176.36324786324786,26.036752136752146,14.763139402457051,0.0,0,0.3380774487148213,0,2012-09-01,229.9,300.3,124.4,654.6000000000001,677.1999999999997,809.6,105.5,-1.0,-1.8369701987210294e-16,0,SEP,0,0.08556077,0,TRUE_NEGATIVE
Jharkhand,2013,9.0,2,173.8,662.9999999999998,951.8000000000002,1066.4,227.1367521367521,-53.336752136752125,-23.48222013170272,53.336752136752125,0,-0.7279462672162905,0,2013-09-01,278.1,211.1,181.5,670.6999999999998,779.6000000000003,1110.2,96.60000000000002,-1.0,-1.8369701987210294e-16,0,SEP,0,0.08554438,0,TRUE_NEGATIVE
Tamil Nadu,2008,11.0,3,298.5,611.8999999999999,862.5999999999999,1373.1999999999998,175.3777777777778,123.1222222222222,70.20400405473896,0.0,0,1.358074850703227,0,2008-11-01,242.7,70.7,126.5,439.8999999999999,617.8,1153.9,116.2,-0.5000000000000004,0.8660254037844384,0,NOV,0,0.0855423,0,TRUE_NEGATIVE
Telangana,2008,2.0,0,18.6,18.800000000000114,334.89999999999964,862.1,9.524786324786325,9.075213675213677,95.27997128499642,0.0,0,0.5992796645199115,0,2008-02-01,0.2,0.0,13.0,13.200000000000111,522.8999999999995,843.5,-12.8,0.8660254037844386,0.5000000000000001,0,FEB,0,0.08546803,0,TRUE_NEGATIVE
Vidarbha,2011,9.0,2,191.0,740.8999999999996,887.1000000000004,979.6,175.53675213675214,15.463247863247858,8.809122690843223,0.0,0,0.1922887081344844,0,2011-09-01,302.8,247.1,137.9,687.7999999999995,696.2000000000005,1026.6,164.9,-1.0,-1.8369701987210294e-16,0,SEP,0,0.08544798,0,TRUE_NEGATIVE
Naga Mani Mizo Tripura,2001,10.0,3,266.4,798.4000000000002,1912.8,2108.9,175.45299145299143,90.94700854700852,51.83554169914262,0.0,0,1.1244379428217672,0,2001-10-01,269.0,263.0,322.6,854.6000000000003,1730.0,2027.7,-53.60000000000002,-0.8660254037844386,0.5000000000000001,0,OCT,0,0.08542218,0,TRUE_NEGATIVE
Gujarat Region,2005,9.0,2,339.2,947.3000000000002,1314.8999999999996,1337.0999999999997,147.77179487179487,191.42820512820512,129.54312783050787,0.0,0,1.696638601491394,0,2005-09-01,229.4,378.7,367.3,975.4000000000004,975.6999999999998,1049.6999999999996,-137.9,-1.0,-1.8369701987210294e-16,0,SEP,0,0.085369855,0,TRUE_NEGATIVE
Arunachal Pradesh,2010,12.0,3,14.2,170.80000000000092,1314.499999999999,2855.6,24.079381443298967,-9.879381443298968,-41.0283854947125,9.879381443298968,0,-0.3964279713579621,0,2010-12-01,58.9,97.7,444.2,600.800000000001,1810.1999999999991,2857.3,-385.3,-2.4492935982947064e-16,1.0,0,DEC,0,0.08534093,0,TRUE_NEGATIVE
Saurashtra & Kutch,2007,8.0,2,405.4,728.6999999999999,729.0000000000002,801.3999999999999,119.8982905982906,285.5017094017094,238.1199164534042,0.0,0,2.8698309249843508,0,2007-08-01,209.2,114.1,0.2,323.49999999999994,325.5000000000002,585.8,209.0,-0.8660254037844385,-0.5000000000000004,0,AUG,0,0.08525888,0,TRUE_NEGATIVE
Tamil Nadu,2009,2.0,0,0.0,57.999999999999886,669.9000000000001,1170.5000000000002,13.209401709401709,-13.209401709401709,-100.0,13.209401709401709,0,-0.6808812463378919,0,2009-02-01,7.9,50.1,298.5,356.4999999999999,796.4000000000001,1199.6,-290.6,0.8660254037844386,0.5000000000000001,0,FEB,0,0.08520452,0,TRUE_NEGATIVE
Jammu & Kashmir,2006,9.0,2,203.0,743.4999999999998,896.0,1322.3,88.51880341880343,114.48119658119656,129.32980582618012,0.0,0,1.5519352285382289,0,2006-09-01,331.5,209.0,74.3,614.7999999999997,789.8,1169.3,257.2,-1.0,-1.8369701987210294e-16,0,SEP,0,0.08512298,0,TRUE_NEGATIVE
Chhattisgarh,2000,1.0,0,2.6,4.500000000000625,758.0999999999998,1325.3,14.023931623931624,-11.423931623931624,-81.46026328620185,11.423931623931624,0,-0.6272126312137771,0,2000-01-01,0.6,1.3,91.2,93.10000000000063,1065.4999999999998,1322.7,-90.6,0.4999999999999999,0.8660254037844387,0,JAN,0,0.08503234,0,TRUE_NEGATIVE
South Interior Karnataka,2016,11.0,3,9.1,93.80000000000004,548.3999999999999,660.8,53.6965811965812,-44.5965811965812,-83.05292479108634,44.5965811965812,0,-1.0001845873517925,0,2016-11-01,21.9,62.8,85.9,170.60000000000005,631.3,789.8,-64.0,-0.5000000000000004,0.8660254037844384,0,NOV,0,0.08502729,0,TRUE_NEGATIVE
Arunachal Pradesh,2012,10.0,3,248.1,1289.000000000001,2761.099999999999,3423.7,194.79381443298968,53.30618556701032,27.36544059274941,0.0,0,0.3681856683476684,0,2012-10-01,724.9,316.0,638.9,1679.8000000000009,2916.399999999999,3227.5,86.0,-0.8660254037844386,0.5000000000000001,0,OCT,0,0.0850014,0,TRUE_NEGATIVE
Jammu & Kashmir,2015,10.0,3,87.1,346.49999999999955,765.6999999999999,1511.9,33.61367521367521,53.48632478632479,159.1207282343369,0.0,0,1.5451104971815774,0,2015-10-01,130.2,129.2,233.2,492.5999999999996,851.9000000000001,1457.0,-103.0,-0.8660254037844386,0.5000000000000001,0,OCT,0,0.08499043,0,TRUE_NEGATIVE
Lakshadweep,2008,12.0,3,130.1,450.6000000000004,1130.0,1726.8,61.82142857142857,68.27857142857142,110.44482957827846,0.0,0,1.1094865368796103,0,2008-12-01,67.6,252.9,108.9,429.4000000000003,1254.4999999999998,1706.2999999999995,-41.30000000000001,-2.4492935982947064e-16,1.0,0,DEC,0,0.08495719,0,TRUE_NEGATIVE
East Madhya Pradesh,2000,2.0,0,0.0,0.0999999999995452,601.8000000000008,1421.3000000000002,18.449572649572648,-18.449572649572648,-100.0,18.449572649572648,0,-0.8912199409178837,0,2000-02-01,0.1,0.0,0.0,0.0999999999995452,957.7000000000008,1442.5000000000002,0.1,0.8660254037844386,0.5000000000000001,0,FEB,0,0.08485178,0,TRUE_NEGATIVE
Tamil Nadu,2000,1.0,0,30.3,266.69999999999993,683.5,944.6,23.75213675213676,6.547863247863248,27.56747031306225,0.0,0,0.2042374428884187,0,2000-01-01,53.6,182.8,268.9,505.3,708.4999999999999,922.6,-215.3,0.4999999999999999,0.8660254037844387,0,JAN,0,0.084848486,0,TRUE_NEGATIVE
Naga Mani Mizo Tripura,2002,11.0,3,71.9,396.5000000000002,1568.7000000000005,2236.6,46.87008547008547,25.02991452991453,53.40274991794013,0.0,0,0.4963564744926423,0,2002-11-01,98.9,225.7,358.4,683.0000000000002,1935.5,2230.1,-259.5,-0.5000000000000004,0.8660254037844384,0,NOV,0,0.0848483,0,TRUE_NEGATIVE
Kerala,2010,1.0,0,18.6,337.1999999999994,1138.2000000000005,2826.0,12.171794871794871,6.42820512820513,52.81230250684645,0.0,0,0.4166539234149672,0,2010-01-01,44.2,274.4,205.2,523.7999999999994,2044.5,2810.7,-161.0,0.4999999999999999,0.8660254037844387,0,JAN,0,0.08475625,0,TRUE_NEGATIVE
Haryana Delhi & Chandigarh,2004,3.0,1,0.0,25.7,36.8,574.4999999999999,12.952991452991451,-12.952991452991451,-100.0,12.952991452991451,0,-0.8551907545192755,0,2004-03-01,0.3,25.4,11.0,36.7,95.7,578.4999999999999,-10.7,1.0,6.123233995736766e-17,0,MAR,0,0.084649466,0,TRUE_NEGATIVE
Himachal Pradesh,2004,11.0,3,9.3,161.5999999999998,581.5000000000002,869.3,16.46923076923077,-7.169230769230769,-43.53106025221859,7.169230769230769,0,-0.3100016588069628,0,2004-11-01,104.7,47.6,202.5,354.7999999999998,629.8000000000002,882.5,-97.8,-0.5000000000000004,0.8660254037844384,0,NOV,0,0.08460222,0,TRUE_NEGATIVE
West Rajasthan,2000,7.0,2,171.6,184.1,188.00000000000023,264.1,96.1059829059829,75.4940170940171,78.55287965565083,0.0,0,1.4125370903231595,0,2000-07-01,8.2,4.3,3.1,15.59999999999997,16.900000000000226,148.40000000000006,5.1,-0.4999999999999997,-0.8660254037844388,0,JUL,0,0.084601425,0,TRUE_NEGATIVE
Chhattisgarh,2007,1.0,0,0.0,15.800000000000454,660.8999999999999,1315.1,14.023931623931624,-14.023931623931624,-100.0,14.023931623931624,0,-0.7699614583985975,0,2007-01-01,0.7,15.1,13.3,29.100000000000456,1156.0,1317.8,-12.6,0.4999999999999999,0.8660254037844387,0,JAN,0,0.08460011,0,TRUE_NEGATIVE
Vidarbha,2001,2.0,0,0.1,9.499999999999602,74.50000000000023,1097.7,11.822222222222225,-11.722222222222223,-99.15413533834588,11.722222222222223,0,-0.6820774884816334,0,2001-02-01,8.9,0.5,0.0,9.399999999999602,360.6000000000002,1114.0,8.9,0.8660254037844386,0.5000000000000001,0,FEB,0,0.08458822,0,TRUE_NEGATIVE
Saurashtra & Kutch,2011,3.0,1,0.0,1.3999999999998862,77.30000000000017,1121.1999999999998,1.276923076923077,-1.276923076923077,-100.0,1.276923076923077,0,-0.2262333753033426,0,2011-03-01,1.4,0.0,0.0,1.3999999999998862,264.90000000000015,1121.1999999999998,1.4,1.0,6.123233995736766e-17,0,MAR,0,0.084582075,0,TRUE_NEGATIVE
East Madhya Pradesh,2004,1.0,0,19.8,23.199999999999488,907.2000000000008,1457.1,19.28205128205128,0.5179487179487197,2.6861702127659663,0.0,0,0.0233651763520901,0,2004-01-01,2.9,0.5,20.5,23.899999999999487,1254.2000000000007,1438.0000000000002,-17.6,0.4999999999999999,0.8660254037844387,0,JAN,0,0.084550716,0,TRUE_NEGATIVE
Coastal Karnataka,2010,11.0,3,231.5,994.5999999999996,3515.0000000000005,3711.1,62.809401709401705,168.6905982905983,268.575394287425,0.0,0,3.06526396734835,0,2010-11-01,294.7,468.4,637.5,1400.5999999999997,3363.7000000000007,3612.000000000001,-342.8,-0.5000000000000004,0.8660254037844384,0,NOV,0,0.08447555,0,TRUE_NEGATIVE
Coastal Andhra Pradesh,2013,10.0,3,411.5,666.5999999999999,984.7000000000004,1354.1999999999998,183.9017094017094,227.5982905982906,123.76083470824716,0.0,0,2.26335264012758,0,2013-10-01,132.0,123.1,162.4,417.5,621.2000000000003,1082.6999999999998,-30.40000000000001,-0.8660254037844386,0.5000000000000001,0,OCT,0,0.0844462,0,TRUE_NEGATIVE
West Rajasthan,2004,7.0,2,26.9,66.39999999999998,71.20000000000023,181.40000000000003,96.1059829059829,-69.20598290598289,-72.01006723346732,69.20598290598289,0,-1.2948843032849893,0,2004-07-01,33.5,6.0,4.8,44.29999999999997,46.70000000000023,342.90000000000003,28.7,-0.4999999999999997,-0.8660254037844388,0,JUL,0,0.08442657,0,TRUE_NEGATIVE
Andaman & Nicobar Islands,2010,11.0,3,268.5,934.1999999999996,2468.799999999999,2958.7,233.01818181818183,35.48181818181817,15.227059925093627,0.0,0,0.3040779041468188,0,2010-11-01,402.4,263.3,563.8,1229.4999999999995,2519.299999999999,2756.4,-161.39999999999998,-0.5000000000000004,0.8660254037844384,0,NOV,0,0.08437688,0,TRUE_NEGATIVE
Punjab,2012,9.0,2,112.3,367.5999999999999,412.2,483.50000000000017,85.99059829059829,26.309401709401712,30.595672355355884,0.0,0,0.3031273755950536,0,2012-09-01,135.1,120.2,11.9,267.19999999999993,301.8,511.40000000000015,123.2,-1.0,-1.8369701987210294e-16,0,SEP,0,0.08435461,0,TRUE_NEGATIVE
Assam & Meghalaya,2004,10.0,3,340.8,944.1999999999998,2532.7,3012.7000000000003,152.4974358974359,188.3025641025641,123.47916736725293,0.0,0,2.7438964924198683,0,2004-10-01,317.2,286.2,848.4,1451.8,2532.7,2903.7000000000003,-531.2,-0.8660254037844386,0.5000000000000001,0,OCT,0,0.0842808,0,TRUE_NEGATIVE
North Interior Karnataka,2000,2.0,0,2.6,2.999999999999801,253.69999999999985,660.4000000000001,3.1213675213675214,-0.5213675213675213,-16.703176341730554,0.5213675213675213,0,-0.0947676777498678,0,2000-02-01,0.4,0.0,0.3,0.699999999999801,340.59999999999985,661.2,0.1,0.8660254037844386,0.5000000000000001,0,FEB,0,0.084179245,0,TRUE_NEGATIVE
Haryana Delhi & Chandigarh,2013,9.0,2,42.8,301.2,368.0,453.0999999999999,87.71452991452992,-44.91452991452992,-51.20534757273985,44.91452991452992,0,-0.6107493377621273,0,2013-09-01,161.9,96.5,62.1,320.5,330.5,500.99999999999983,99.8,-1.0,-1.8369701987210294e-16,0,SEP,0,0.08417862,0,TRUE_NEGATIVE
West Rajasthan,2006,4.0,1,3.4,20.29999999999997,20.400000000000222,250.30000000000004,3.5418803418803417,-0.1418803418803418,-4.005791505791504,0.1418803418803418,0,-0.0241583175432374,0,2006-04-01,16.9,0.0,0.0,16.89999999999997,17.000000000000227,253.20000000000005,16.9,0.8660254037844387,-0.4999999999999998,0,APR,0,0.08412561,0,TRUE_NEGATIVE
East Uttar Pradesh,2015,4.0,1,23.2,75.50000000000023,113.9,716.4000000000001,6.337606837606837,16.86239316239316,266.0687795010114,0.0,0,1.8668053400628364,1,2015-04-01,48.2,4.1,30.0,82.30000000000024,165.4,694.9000000000001,18.200000000000003,0.8660254037844387,-0.4999999999999998,0,APR,0,0.08412155,0,TRUE_NEGATIVE
West Uttar Pradesh,2013,9.0,2,52.2,573.2,767.4999999999999,863.4999999999999,145.33931623931625,-93.13931623931624,-64.08404735161454,93.13931623931624,0,-1.057107406663971,0,2013-09-01,287.1,233.9,190.6,711.5999999999999,718.7999999999998,879.0999999999998,96.50000000000004,-1.0,-1.8369701987210294e-16,0,SEP,0,0.08411493,0,TRUE_NEGATIVE
Punjab,2015,9.0,2,69.2,287.99999999999983,382.8,521.1000000000001,85.99059829059829,-16.790598290598282,-19.5260861354352,16.790598290598282,0,-0.1934551781419279,0,2015-09-01,88.6,130.2,48.3,267.0999999999998,382.1,557.7,40.3,-1.0,-1.8369701987210294e-16,0,SEP,0,0.08406346,0,TRUE_NEGATIVE
East Madhya Pradesh,2001,2.0,0,0.8,3.099999999999488,116.30000000000076,877.3000000000002,18.449572649572648,-17.649572649572647,-95.6638562030946,17.649572649572647,0,-0.852575362732989,0,2001-02-01,2.3,0.0,0.0,2.299999999999488,323.7000000000007,876.5000000000002,2.3,0.8660254037844386,0.5000000000000001,0,FEB,0,0.08399406,0,TRUE_NEGATIVE
Assam & Meghalaya,2011,11.0,3,11.9,263.69999999999976,1278.0999999999997,1747.6000000000004,26.892307692307693,-14.992307692307692,-55.74942791762013,14.992307692307692,0,-0.570846603568794,0,2011-11-01,30.2,221.6,302.6,554.3999999999999,1504.4999999999995,1747.3000000000002,-272.40000000000003,-0.5000000000000004,0.8660254037844384,0,NOV,0,0.08398637,0,TRUE_NEGATIVE
Coastal Andhra Pradesh,2011,11.0,3,4.9,209.2,707.8000000000003,995.0,77.08290598290598,-72.18290598290598,-93.64320800115316,72.18290598290598,0,-0.9532535858898564,0,2011-11-01,74.6,129.7,215.8,420.1,770.8000000000003,1201.0,-141.20000000000002,-0.5000000000000004,0.8660254037844384,0,NOV,0,0.08386329,0,TRUE_NEGATIVE
Coastal Andhra Pradesh,2004,2.0,0,11.4,136.4999999999999,530.5000000000003,1106.8,12.71025641025641,-1.3102564102564092,-10.308654428081493,1.3102564102564092,0,-0.065873810219239,0,2004-02-01,24.0,101.1,11.5,136.59999999999988,677.4000000000003,1114.8,12.5,0.8660254037844386,0.5000000000000001,0,FEB,0,0.083854,0,TRUE_NEGATIVE
Vidarbha,2014,1.0,0,1.2,1.1999999999995452,592.5000000000005,1514.8,10.390598290598293,-9.190598290598292,-88.45109813276302,9.190598290598292,0,-0.6113711968827162,0,2014-01-01,0.0,0.0,133.5,133.49999999999957,1126.8000000000004,1520.2,-133.5,0.4999999999999999,0.8660254037844387,0,JAN,0,0.083825946,0,TRUE_NEGATIVE
East Madhya Pradesh,2002,2.0,0,29.6,31.39999999999949,192.8000000000007,1198.4000000000003,18.449572649572648,11.150427350427352,60.43732048549988,0.0,0,0.5386294519232241,0,2002-02-01,1.8,0.0,1.0,2.799999999999488,407.1000000000007,1169.6,0.8,0.8660254037844386,0.5000000000000001,0,FEB,0,0.083795644,0,TRUE_NEGATIVE
Madhya Maharashtra,2014,1.0,0,3.1,8.399999999999944,423.49999999999983,965.5,3.0025641025641026,0.0974358974358975,3.245089666951327,0.0,0,0.0147164468224618,0,2014-01-01,1.3,4.0,57.8,63.09999999999994,732.1999999999998,962.5,-56.5,0.4999999999999999,0.8660254037844387,0,JAN,0,0.0837081,0,TRUE_NEGATIVE
Jharkhand,2010,1.0,0,0.2,4.69999999999983,583.7000000000003,994.7,17.471794871794874,-17.271794871794874,-98.85529791605518,17.271794871794874,0,-0.8486689507865532,0,2010-01-01,0.5,4.0,82.2,86.69999999999983,850.1000000000003,996.3,-81.7,0.4999999999999999,0.8660254037844387,0,JAN,0,0.083694644,0,TRUE_NEGATIVE
Matathwada,2013,9.0,2,154.1,584.4000000000001,759.5999999999999,842.2000000000003,179.26495726495727,-25.16495726495728,-14.037856393630216,25.16495726495728,0,-0.2797247843137829,0,2013-09-01,136.9,293.4,160.9,591.2000000000002,608.0999999999999,808.1000000000003,-24.0,-1.0,-1.8369701987210294e-16,0,SEP,0,0.08358623,0,TRUE_NEGATIVE
Coastal Andhra Pradesh,2010,9.0,2,230.5,798.0,1130.9000000000003,1355.9,181.73162393162391,48.768376068376085,26.835382314486484,0.0,0,0.7737222124439792,0,2010-09-01,248.6,318.9,156.1,723.5999999999999,904.8000000000004,1277.3,92.5,-1.0,-1.8369701987210294e-16,0,SEP,0,0.08358486,0,TRUE_NEGATIVE
Assam & Meghalaya,2016,11.0,3,38.2,445.8999999999999,1498.5999999999997,2274.5000000000005,26.892307692307693,11.30769230769231,42.04805491990847,0.0,0,0.4305513120811326,0,2016-11-01,136.5,271.2,185.3,592.9999999999999,1794.3999999999996,2250.3,-48.80000000000001,-0.5000000000000004,0.8660254037844384,0,NOV,0,0.08336231,0,TRUE_NEGATIVE
Telangana,2000,2.0,0,16.8,17.40000000000023,252.8999999999997,871.6999999999999,9.524786324786325,7.275213675213676,76.3819095477387,0.0,0,0.480417075192455,0,2000-02-01,0.6,0.0,2.2,2.800000000000228,426.9999999999998,864.2,-1.6,0.8660254037844386,0.5000000000000001,0,FEB,0,0.083197564,0,TRUE_NEGATIVE
Madhya Maharashtra,2012,9.0,2,129.5,520.3,592.5999999999998,655.4000000000001,157.62820512820514,-28.12820512820514,-17.84465229768199,28.12820512820514,0,-0.4416764523319655,0,2012-09-01,187.8,203.0,67.9,458.7000000000001,463.0999999999998,674.3000000000002,119.9,-1.0,-1.8369701987210294e-16,0,SEP,0,0.08315882,0,TRUE_NEGATIVE
Gangetic West Bengal,2013,9.0,2,254.0,918.6000000000004,1393.5,1546.6,245.14358974358973,8.856410256410271,3.612743970043728,0.0,0,0.0991355661635306,0,2013-09-01,401.4,263.2,233.4,898.0000000000002,1144.3,1539.5,167.99999999999997,-1.0,-1.8369701987210294e-16,0,SEP,0,0.083092,0,TRUE_NEGATIVE
Uttarakhand,2005,9.0,2,337.9,987.1999999999998,1126.0999999999992,1404.8,195.52051282051283,142.37948717948714,72.82074147902375,0.0,0,1.3519569619894765,0,2005-09-01,249.2,400.1,74.0,723.3,842.3999999999992,1163.7,175.2,-1.0,-1.8369701987210294e-16,0,SEP,0,0.08305882,0,TRUE_NEGATIVE
Arunachal Pradesh,2005,11.0,3,28.6,411.5000000000007,1511.599999999999,2347.4,35.149484536082475,-6.549484536082474,-18.63323067898519,6.549484536082474,0,-0.186737831066996,0,2005-11-01,139.3,243.6,400.0,782.9000000000008,1662.7999999999993,2324.4,-260.7,-0.5000000000000004,0.8660254037844384,0,NOV,0,0.08299963,0,TRUE_NEGATIVE
West Uttar Pradesh,2017,9.0,2,140.7,451.4999999999999,551.4999999999998,592.6999999999998,145.33931623931625,-4.639316239316258,-3.192058666133494,4.639316239316258,0,-0.0526550521998298,0,2017-09-01,129.8,181.0,85.1,395.9,419.2999999999997,496.6999999999999,44.70000000000002,-1.0,-1.8369701987210294e-16,0,SEP,0,0.082909614,0,TRUE_NEGATIVE
Haryana Delhi & Chandigarh,2017,9.0,2,92.5,238.2,374.0,421.8999999999999,87.71452991452992,4.785470085470081,5.455732465457091,0.0,0,0.0650729884325432,0,2017-09-01,76.5,69.2,121.2,266.90000000000003,288.7,344.1999999999998,-44.7,-1.0,-1.8369701987210294e-16,0,SEP,0,0.08281453,0,TRUE_NEGATIVE
Gujarat Region,2008,4.0,1,3.1,3.1000000000002275,4.499999999999773,1181.5999999999997,1.0974358974358975,2.0025641025641026,182.47663551401868,0.0,0,0.5071577307352978,0,2008-04-01,0.0,0.0,0.0,0.0,1.3999999999997723,1178.4999999999998,0.0,0.8660254037844387,-0.4999999999999998,0,APR,0,0.08276834,0,TRUE_NEGATIVE
Uttarakhand,2008,9.0,2,190.8,749.8999999999999,1242.599999999999,1377.6,195.52051282051283,-4.720512820512823,-2.4143312394266467,4.720512820512823,0,-0.0448233822039804,0,2008-09-01,245.8,313.3,332.4,891.5,1069.8999999999992,1512.4,-86.59999999999997,-1.0,-1.8369701987210294e-16,0,SEP,0,0.082705915,0,TRUE_NEGATIVE
Punjab,2005,3.0,1,28.6,124.69999999999992,161.7,438.4000000000001,23.666666666666668,4.933333333333334,20.84507042253521,0.0,0,0.2170352557058086,0,2005-03-01,60.3,35.8,5.0,101.09999999999992,142.0,409.80000000000007,55.3,1.0,6.123233995736766e-17,0,MAR,0,0.08257238,0,TRUE_NEGATIVE
Andaman & Nicobar Islands,2016,12.0,3,533.7,1002.5999999999996,2135.8,2851.9,157.46697247706425,376.2330275229358,238.92821561533216,0.0,0,2.867226404904806,0,2016-12-01,181.7,287.2,604.3,1073.1999999999996,2031.4999999999989,2448.1,-422.6,-2.4492935982947064e-16,1.0,0,DEC,0,0.08252152,0,TRUE_NEGATIVE
Haryana Delhi & Chandigarh,2002,3.0,1,9.0,51.7,63.10000000000001,506.89999999999975,12.952991452991451,-3.952991452991453,-30.51798086440119,3.952991452991453,0,-0.2609869508183206,0,2002-03-01,31.1,11.6,0.2,42.900000000000006,64.4,505.0999999999997,30.9,1.0,6.123233995736766e-17,0,MAR,0,0.082500435,0,TRUE_NEGATIVE
West Rajasthan,2000,1.0,0,0.5,0.4999999999999716,76.10000000000022,198.40000000000003,3.323076923076924,-2.823076923076924,-84.95370370370371,2.823076923076924,0,-0.6233001040953802,0,2000-01-01,0.0,0.0,7.6,7.599999999999971,131.50000000000023,204.30000000000004,-7.6,0.4999999999999999,0.8660254037844387,0,JAN,0,0.08247106,0,TRUE_NEGATIVE
Bihar,2008,1.0,0,25.6,42.20000000000046,731.3999999999995,1625.5,13.242735042735044,12.357264957264958,93.3135407254421,0.0,0,0.8397559020424548,0,2008-01-01,7.5,9.1,39.6,56.20000000000046,1255.1999999999996,1600.1,-32.1,0.4999999999999999,0.8660254037844387,0,JAN,0,0.08244206,0,TRUE_NEGATIVE
North Interior Karnataka,2000,1.0,0,0.4,0.699999999999801,340.59999999999985,661.2,2.964102564102564,-2.5641025641025643,-86.50519031141869,2.5641025641025643,0,-0.4165666443250327,0,2000-01-01,0.0,0.3,152.9,153.19999999999982,470.6999999999998,660.8000000000001,-152.9,0.4999999999999999,0.8660254037844387,0,JAN,0,0.082418434,0,TRUE_NEGATIVE
East Uttar Pradesh,2015,2.0,0,4.1,42.50000000000023,223.9,662.1,15.614529914529916,-11.514529914529916,-73.74240516722317,11.514529914529916,0,-0.6683638765030613,0,2015-02-01,30.0,8.4,0.0,38.40000000000023,357.9,683.8000000000001,30.0,0.8660254037844386,0.5000000000000001,0,FEB,0,0.08233236,0,TRUE_NEGATIVE
Saurashtra & Kutch,2012,8.0,2,34.5,91.59999999999988,91.90000000000018,303.29999999999995,119.8982905982906,-85.3982905982906,-71.22561145130132,85.3982905982906,0,-0.8584139682153068,0,2012-08-01,34.7,22.4,0.1,57.19999999999989,57.400000000000176,559.6999999999999,34.6,-0.8660254037844385,-0.5000000000000004,0,AUG,0,0.082303345,0,TRUE_NEGATIVE
West Uttar Pradesh,2012,8.0,2,149.1,298.1999999999999,304.5999999999998,423.5999999999998,249.6760683760684,-100.57606837606838,-40.2826226118629,100.57606837606838,0,-1.047784491547287,0,2012-08-01,145.1,4.0,0.3,149.3999999999999,155.59999999999977,506.79999999999984,144.79999999999998,-0.8660254037844385,-0.5000000000000004,0,AUG,0,0.082294144,0,TRUE_NEGATIVE
Orissa,2006,1.0,0,0.2,19.69999999999943,770.4,1474.2,12.152136752136752,-11.952136752136752,-98.35419890279928,11.952136752136752,0,-0.7688997576285495,0,2006-01-01,7.1,12.4,206.9,226.39999999999944,1180.5,1503.4,-199.8,0.4999999999999999,0.8660254037844387,0,JAN,0,0.08226933,0,TRUE_NEGATIVE
West Uttar Pradesh,2002,8.0,2,252.3,310.89999999999986,335.09999999999985,433.69999999999993,249.6760683760684,2.6239316239316395,1.050934373085132,0.0,0,0.0273356764370222,0,2002-08-01,29.6,29.0,21.5,80.09999999999988,120.39999999999984,303.4999999999999,8.100000000000001,-0.8660254037844385,-0.5000000000000004,0,AUG,0,0.08218324,0,TRUE_NEGATIVE
West Rajasthan,2003,6.0,2,45.2,47.39999999999998,71.90000000000023,120.70000000000005,29.13162393162393,16.06837606837607,55.15784532331888,0.0,0,0.6942515369128142,0,2003-06-01,1.8,0.4,0.8,2.999999999999972,32.70000000000023,102.40000000000006,1.0,1.2246467991473532e-16,-1.0,0,JUN,0,0.08217623,0,TRUE_NEGATIVE
Gangetic West Bengal,2004,1.0,0,3.3,29.90000000000023,765.7000000000002,1499.5,12.476923076923075,-9.176923076923078,-73.55117139334156,9.176923076923078,0,-0.6262931892441497,0,2004-01-01,17.7,8.9,341.5,368.10000000000025,1015.8000000000002,1496.7,-323.8,0.4999999999999999,0.8660254037844387,0,JAN,0,0.08214902,0,TRUE_NEGATIVE
Telangana,2011,2.0,0,11.9,21.20000000000012,410.1999999999996,1272.8,9.524786324786325,2.375213675213676,24.937185929648244,0.0,0,0.1568466931343788,0,2011-02-01,0.0,9.3,40.5,49.80000000000011,706.3999999999996,1266.2,-40.5,0.8660254037844386,0.5000000000000001,0,FEB,0,0.08201123,0,TRUE_NEGATIVE
Orissa,2002,1.0,0,11.7,30.39999999999932,630.1,1683.8,12.152136752136752,-0.4521367521367523,-3.72063581375721,0.4521367521367523,0,-0.0290866684629221,0,2002-01-01,0.0,18.7,86.8,105.49999999999932,1202.6,1672.5,-86.8,0.4999999999999999,0.8660254037844387,0,JAN,0,0.081981584,0,TRUE_NEGATIVE
East Madhya Pradesh,2017,9.0,2,144.0,676.8999999999994,807.3000000000006,849.6000000000003,193.3401709401709,-49.340170940170935,-25.519875512802376,49.340170940170935,0,-0.4958677470146341,0,2017-09-01,179.1,353.8,119.0,651.8999999999994,665.3000000000006,845.2000000000003,60.1,-1.0,-1.8369701987210294e-16,0,SEP,0,0.08195255,0,TRUE_NEGATIVE
West Rajasthan,2006,1.0,0,0.0,0.0999999999999715,100.20000000000022,259.20000000000005,3.323076923076924,-3.323076923076924,-100.0,3.323076923076924,0,-0.7336938555019189,0,2006-01-01,0.0,0.1,0.0,0.0999999999999715,186.3000000000002,260.6,0.0,0.4999999999999999,0.8660254037844387,0,JAN,0,0.08188681,0,TRUE_NEGATIVE
Tamil Nadu,2005,2.0,0,11.1,40.199999999999946,724.1,1049.3,13.209401709401709,-2.109401709401709,-15.968942089938528,2.109401709401709,0,-0.1087295319289496,0,2005-02-01,4.1,25.0,204.5,233.59999999999997,798.1,1038.9,-200.4,0.8660254037844386,0.5000000000000001,0,FEB,0,0.081862085,0,TRUE_NEGATIVE
West Madhya Pradesh,2015,3.0,1,53.5,100.09999999999972,125.90000000000023,900.3000000000002,5.1179487179487175,48.38205128205128,945.3406813627256,0.0,0,5.449006497520095,0,2015-03-01,6.4,40.2,15.8,62.399999999999714,265.0000000000002,851.4000000000002,-9.4,1.0,6.123233995736766e-17,0,MAR,0,0.08180546,0,TRUE_NEGATIVE
West Madhya Pradesh,2017,3.0,1,1.5,7.999999999999659,48.60000000000017,1098.2000000000005,5.1179487179487175,-3.6179487179487175,-70.69138276553106,3.6179487179487175,0,-0.4074698271238992,0,2017-03-01,1.9,4.6,0.0,6.499999999999659,147.90000000000018,1099.1,1.9,1.0,6.123233995736766e-17,0,MAR,0,0.081773475,0,TRUE_NEGATIVE
Coastal Karnataka,2004,11.0,3,52.1,311.19999999999953,2709.6000000000004,3069.8,62.809401709401705,-10.709401709401703,-17.050634806156182,10.709401709401703,0,-0.1945997198678347,0,2004-11-01,104.7,154.4,874.5,1133.5999999999997,2986.7000000000003,3028.4,-769.8,-0.5000000000000004,0.8660254037844384,0,NOV,0,0.081720546,0,TRUE_NEGATIVE
Punjab,2008,3.0,1,0.0,16.099999999999916,28.19999999999997,492.7000000000001,23.666666666666668,-23.666666666666668,-100.0,23.666666666666668,0,-1.0411826456157036,0,2008-03-01,4.1,12.0,10.6,26.69999999999992,101.89999999999998,540.9000000000001,-6.5,1.0,6.123233995736766e-17,0,MAR,0,0.081703514,0,TRUE_NEGATIVE
East Madhya Pradesh,2002,1.0,0,1.8,2.799999999999488,407.1000000000007,1169.6,19.28205128205128,-17.48205128205128,-90.66489361702126,17.48205128205128,0,-0.7886325364779719,0,2002-01-01,0.0,1.0,110.0,110.99999999999947,873.7000000000007,1170.1,-110.0,0.4999999999999999,0.8660254037844387,0,JAN,0,0.08161639,0,TRUE_NEGATIVE
Haryana Delhi & Chandigarh,2016,7.0,2,159.8,222.30000000000004,244.7,372.1999999999998,149.408547008547,10.391452991453008,6.955059265022206,0.0,0,0.1505880769895637,0,2016-07-01,35.8,26.7,0.6,63.10000000000002,84.89999999999999,342.6999999999998,35.2,-0.4999999999999997,-0.8660254037844388,0,JUL,0,0.08161193,0,TRUE_NEGATIVE
South Interior Karnataka,2011,2.0,0,12.4,17.000000000000057,480.7999999999999,1244.7,4.095726495726495,8.304273504273505,202.754590984975,0.0,0,1.1053553332771549,0,2011-02-01,2.1,2.5,183.5,188.10000000000005,696.4999999999999,1234.0,-181.4,0.8660254037844386,0.5000000000000001,0,FEB,0,0.08160745,0,TRUE_NEGATIVE
Himachal Pradesh,2010,9.0,2,176.7,742.5999999999999,992.8000000000004,1277.3,129.36239316239315,47.33760683760684,36.59302033642983,0.0,0,0.5473999430019362,0,2010-09-01,274.1,291.8,108.5,674.3999999999999,861.2000000000003,1272.7,165.60000000000002,-1.0,-1.8369701987210294e-16,0,SEP,0,0.081539094,0,TRUE_NEGATIVE
Himachal Pradesh,2012,11.0,3,3.2,139.3999999999999,692.6000000000003,936.8,16.46923076923077,-13.26923076923077,-80.56982718355908,13.26923076923077,0,-0.5737691646373507,0,2012-11-01,3.1,133.1,280.6,416.7999999999999,698.8000000000003,933.9,-277.5,-0.5000000000000004,0.8660254037844384,0,NOV,0,0.08148303,0,TRUE_NEGATIVE
Coastal Karnataka,2009,11.0,3,132.4,950.4999999999995,3665.8000000000006,3840.1,62.809401709401705,69.59059829059831,110.79646740239777,0.0,0,1.264525442247325,0,2009-11-01,287.4,530.7,486.1,1304.1999999999996,3634.100000000001,3727.0,-198.70000000000005,-0.5000000000000004,0.8660254037844384,0,NOV,0,0.081479795,0,TRUE_NEGATIVE
Chhattisgarh,2000,9.0,2,169.1,707.1000000000006,898.5999999999999,994.9,218.1025641025641,-49.00256410256412,-22.467669880084653,49.00256410256412,0,-0.6533009685419424,0,2000-09-01,215.6,322.4,180.7,718.7000000000006,730.0999999999999,1079.4999999999998,34.900000000000006,-1.0,-1.8369701987210294e-16,0,SEP,0,0.08145041,0,TRUE_NEGATIVE
West Rajasthan,2016,7.0,2,80.0,117.19999999999996,125.90000000000026,223.4000000000001,96.1059829059829,-16.1059829059829,-16.75856426309985,16.1059829059829,0,-0.3013523336886333,0,2016-07-01,33.2,4.0,0.4,37.59999999999997,46.000000000000256,378.0000000000001,32.800000000000004,-0.4999999999999997,-0.8660254037844388,0,JUL,0,0.08142679,0,TRUE_NEGATIVE
Konkan & Goa,2013,10.0,3,149.3,987.6000000000004,3512.900000000001,3522.599999999999,113.6982905982906,35.601709401709414,31.312440331662007,0.0,0,0.4036506167381058,0,2013-10-01,340.7,497.6,1478.5,2316.8000000000006,3363.700000000001,3548.399999999999,-1137.8,-0.8660254037844386,0.5000000000000001,0,OCT,0,0.081420615,0,TRUE_NEGATIVE
Jharkhand,2008,9.0,2,152.9,841.2999999999998,1261.2000000000005,1337.6,227.1367521367521,-74.23675213675213,-32.68372530573848,74.23675213675213,0,-1.0131919257035666,0,2008-09-01,310.5,377.9,366.3,1054.6999999999998,1114.5000000000002,1509.4,-55.80000000000001,-1.0,-1.8369701987210294e-16,0,SEP,0,0.08137835,0,TRUE_NEGATIVE
Coastal Karnataka,2007,11.0,3,37.5,820.7999999999993,3757.6,3859.5,62.809401709401705,-25.309401709401705,-40.29556248043871,25.309401709401705,0,-0.4598952038887728,0,2007-11-01,152.8,630.5,980.4,1763.6999999999991,3781.2,3919.4,-827.5999999999999,-0.5000000000000004,0.8660254037844384,0,NOV,0,0.081357114,0,TRUE_NEGATIVE
Punjab,2003,9.0,2,52.2,283.5999999999999,331.19999999999993,423.9000000000001,85.99059829059829,-33.79059829059828,-39.29568925245256,33.79059829059828,0,-0.3893230067620831,0,2003-09-01,94.7,136.7,40.7,272.0999999999999,298.4,466.7000000000001,54.0,-1.0,-1.8369701987210294e-16,0,SEP,0,0.0812707,0,TRUE_NEGATIVE
East Uttar Pradesh,2011,9.0,2,146.4,576.4000000000002,775.3,800.7000000000002,183.4521367521368,-37.05213675213676,-20.197168268581205,37.05213675213676,0,-0.451761954793045,0,2011-09-01,232.1,197.9,163.8,593.8000000000002,630.5,838.8000000000002,68.29999999999998,-1.0,-1.8369701987210294e-16,0,SEP,0,0.08124687,0,TRUE_NEGATIVE
Konkan & Goa,2010,11.0,3,106.7,828.2000000000002,3764.300000000001,3776.699999999999,24.272649572649573,82.42735042735043,339.5894221627522,0.0,0,2.4566876483445395,0,2010-11-01,190.2,531.3,850.0,1571.5000000000002,3665.8000000000006,3790.999999999999,-659.8,-0.5000000000000004,0.8660254037844384,0,NOV,0,0.08121745,0,TRUE_NEGATIVE
Haryana Delhi & Chandigarh,2016,4.0,1,0.6,22.40000000000003,24.9,332.29999999999984,7.545299145299145,-6.9452991452991455,-92.0480289986407,6.9452991452991455,0,-0.5444528192271629,0,2016-04-01,20.7,1.1,0.0,21.80000000000003,28.0,366.49999999999983,20.7,0.8660254037844387,-0.4999999999999998,0,APR,0,0.08121426,0,TRUE_NEGATIVE
Bihar,2001,9.0,2,274.8,725.4000000000003,1060.7999999999995,1075.0,217.83504273504275,56.96495726495726,26.15050202654718,0.0,0,0.7138753399664262,0,2001-09-01,225.9,224.7,224.4,675.0000000000003,788.9999999999997,1115.0,1.5,-1.0,-1.8369701987210294e-16,0,SEP,0,0.081024066,0,TRUE_NEGATIVE
Jammu & Kashmir,2009,11.0,3,41.8,58.59999999999965,219.2,788.6999999999999,23.8146551724138,-4.195726495726496,-19.872588582524354,4.195726495726496,1,-0.2738959148355693,0,2009-11-01,8.1,50.5,96.5,155.09999999999965,283.5,813.9,-88.4,-0.5000000000000004,0.8660254037844384,0,NOV,0,0.08090768,0,TRUE_NEGATIVE
Coastal Karnataka,2002,10.0,3,360.0,1254.7999999999995,2729.0,2821.4,183.64615384615385,176.35384615384618,96.02915305353106,0.0,0,2.1698229701307885,0,2002-10-01,163.5,731.3,545.7,1440.4999999999995,2399.9,2631.1,-382.2000000000001,-0.8660254037844386,0.5000000000000001,0,OCT,0,0.08083848,0,TRUE_NEGATIVE
Coastal Karnataka,2007,12.0,3,0.8,191.0999999999993,2806.4,3860.3,12.508547008547009,-11.708547008547008,-93.6043730782371,11.708547008547008,0,-0.4960237267690585,0,2007-12-01,37.5,152.8,630.5,820.7999999999993,3757.6,3859.5,-593.0,-2.4492935982947064e-16,1.0,0,DEC,0,0.08083644,0,TRUE_NEGATIVE
Arunachal Pradesh,2014,11.0,3,20.1,398.2000000000009,1805.9999999999995,2407.5,35.149484536082475,-15.049484536082474,-42.81566212054553,15.049484536082474,0,-0.4290884397790034,0,2014-11-01,35.1,343.0,599.6,977.700000000001,2084.899999999999,2400.7000000000003,-564.5,-0.5000000000000004,0.8660254037844384,0,NOV,0,0.08062263,0,TRUE_NEGATIVE
Gangetic West Bengal,2003,10.0,3,341.5,735.8000000000003,1351.6,1521.1,116.28888888888888,225.2111111111111,193.6652016051978,0.0,0,2.9259306339180937,0,2003-10-01,155.0,239.3,253.4,647.7000000000003,1046.4,1251.1,-98.4,-0.8660254037844386,0.5000000000000001,0,OCT,0,0.080621675,0,TRUE_NEGATIVE
East Madhya Pradesh,2015,1.0,0,37.3,52.09999999999943,479.9000000000007,930.2000000000004,19.28205128205128,18.01794871794872,93.4441489361702,0.0,0,0.8128073971590949,0,2015-01-01,12.9,1.9,56.4,71.19999999999943,726.0000000000006,925.0,-43.5,0.4999999999999999,0.8660254037844387,0,JAN,0,0.08053218,0,TRUE_NEGATIVE
East Madhya Pradesh,2010,9.0,2,213.4,848.5999999999995,909.4000000000008,1089.9,193.3401709401709,20.05982905982907,10.37540670533315,0.0,0,0.2016008873065669,0,2010-09-01,271.9,363.3,58.4,693.5999999999995,696.1000000000006,1085.2000000000005,213.5,-1.0,-1.8369701987210294e-16,0,SEP,0,0.080476865,0,TRUE_NEGATIVE
Konkan & Goa,2006,2.0,0,0.0,0.1000000000004547,755.4000000000004,3614.399999999999,0.5384615384615384,-0.5384615384615384,-100.0,0.5384615384615384,0,-0.2650766723091717,0,2006-02-01,0.0,0.1,0.0,0.1000000000004547,1527.6000000000004,3614.499999999999,0.0,0.8660254037844386,0.5000000000000001,0,FEB,0,0.080441676,0,TRUE_NEGATIVE
Saurashtra & Kutch,2013,5.0,1,0.1,8.699999999999887,11.60000000000017,334.1,4.593162393162393,-4.493162393162393,-97.82285076293265,4.493162393162393,0,-0.2731032293310432,0,2013-05-01,8.5,0.1,0.2,8.799999999999887,11.50000000000017,334.1,8.3,0.4999999999999999,-0.8660254037844387,0,MAY,0,0.080422014,0,TRUE_NEGATIVE
East Madhya Pradesh,2007,9.0,2,130.1,500.4999999999994,584.4000000000007,654.6000000000001,193.3401709401709,-63.24017094017094,-32.70927641816381,63.24017094017094,0,-0.635562473485307,0,2007-09-01,162.6,207.8,74.8,445.1999999999995,462.9000000000007,598.6000000000003,87.8,-1.0,-1.8369701987210294e-16,0,SEP,0,0.08040685,0,TRUE_NEGATIVE
Naga Mani Mizo Tripura,2010,10.0,3,220.2,923.2000000000002,1996.3,2278.8,175.45299145299143,44.74700854700853,25.503702260327348,0.0,0,0.5532368248486093,0,2010-10-01,309.8,393.2,367.5,1070.5000000000002,1937.6,2216.8,-57.69999999999999,-0.8660254037844386,0.5000000000000001,0,OCT,0,0.080289625,0,TRUE_NEGATIVE
Matathwada,2015,3.0,1,32.0,43.70000000000017,81.09999999999988,498.8000000000002,7.116239316239317,24.883760683760684,349.67571462887344,0.0,0,2.000236480016634,0,2015-03-01,1.6,10.1,3.3,15.000000000000169,133.59999999999988,545.8000000000002,-1.6999999999999995,1.0,6.123233995736766e-17,0,MAR,0,0.080229506,0,TRUE_NEGATIVE
Coastal Karnataka,2000,10.0,3,174.7,1195.5999999999997,3294.4000000000005,3349.8,183.64615384615385,-8.946153846153834,-4.871408226522571,8.946153846153834,0,-0.1100717139606608,0,2000-10-01,279.2,741.7,915.6,1936.4999999999995,3145.5,3513.3,-636.4000000000001,-0.8660254037844386,0.5000000000000001,0,OCT,0,0.080179855,0,TRUE_NEGATIVE
Naga Mani Mizo Tripura,2003,11.0,3,5.1,468.6000000000002,1603.6,2127.4,46.87008547008547,-41.77008547008547,-89.11885918523652,41.77008547008547,0,-0.828322938874165,0,2003-11-01,175.1,288.4,281.7,745.2000000000002,1864.1,2194.2000000000003,-106.6,-0.5000000000000004,0.8660254037844384,0,NOV,0,0.080160916,0,TRUE_NEGATIVE
Saurashtra & Kutch,2006,3.0,1,1.9,1.8999999999999144,3.600000000000227,633.4,1.276923076923077,0.6230769230769229,48.79518072289154,0.0,0,0.1103909843347635,0,2006-03-01,0.0,0.0,0.0,0.0,234.80000000000024,631.5,0.0,1.0,6.123233995736766e-17,0,MAR,0,0.080155715,0,TRUE_NEGATIVE
Tamil Nadu,2014,12.0,3,66.0,428.9999999999999,696.2,913.0,81.14615384615385,-15.146153846153853,-18.66527632950991,15.146153846153853,0,-0.2314059521880663,0,2014-12-01,110.8,252.2,98.9,461.8999999999999,678.0,900.1999999999999,11.899999999999991,-2.4492935982947064e-16,1.0,0,DEC,0,0.08014016,0,TRUE_NEGATIVE
Madhya Maharashtra,2010,9.0,2,165.6,679.6999999999999,872.9999999999997,1098.7,157.62820512820514,7.971794871794856,5.057340382269205,0.0,0,0.125175213336379,0,2010-09-01,233.2,280.9,185.6,699.7,708.2999999999997,1095.7,47.6,-1.0,-1.8369701987210294e-16,0,SEP,0,0.08009632,0,TRUE_NEGATIVE
Chhattisgarh,2012,1.0,0,36.6,39.40000000000052,816.8999999999999,1338.9,14.023931623931624,22.576068376068378,160.98244758654317,0.0,0,1.2395028012031055,0,2012-01-01,2.8,0.0,15.5,18.300000000000512,1052.9,1302.6,-12.7,0.4999999999999999,0.8660254037844387,0,JAN,0,0.079930745,0,TRUE_NEGATIVE
Gujarat Region,2015,9.0,2,93.4,485.5000000000003,612.5999999999997,625.0999999999997,147.77179487179487,-54.37179487179486,-36.794433551387264,54.37179487179486,0,-0.4819001774063383,0,2015-09-01,37.4,354.7,120.7,512.8000000000003,525.2999999999997,766.7999999999997,-83.30000000000001,-1.0,-1.8369701987210294e-16,0,SEP,0,0.07993068,0,TRUE_NEGATIVE
North Interior Karnataka,2014,1.0,0,0.0,4.299999999999915,380.1999999999998,722.2,2.964102564102564,-2.964102564102564,-100.0,2.964102564102564,0,-0.4815510408397377,0,2014-01-01,0.1,4.2,101.0,105.29999999999993,540.8999999999997,723.4000000000001,-100.9,0.4999999999999999,0.8660254037844387,0,JAN,0,0.079924084,0,TRUE_NEGATIVE
Punjab,2011,9.0,2,140.2,454.5999999999999,654.2,731.7000000000002,85.99059829059829,54.2094017094017,63.04107982387261,0.0,0,0.6245810472716611,0,2011-09-01,193.5,120.9,162.9,477.3,522.2,704.3000000000001,30.599999999999994,-1.0,-1.8369701987210294e-16,0,SEP,0,0.079742685,0,TRUE_NEGATIVE
Uttarakhand,2017,9.0,2,213.4,1023.3,1359.8999999999992,1470.6999999999998,195.52051282051283,17.87948717948717,9.14455824688864,0.0,0,0.1697737338991611,0,2017-09-01,349.0,460.9,175.6,985.4999999999998,1190.999999999999,1368.7,173.4,-1.0,-1.8369701987210294e-16,0,SEP,0,0.079664886,0,TRUE_NEGATIVE
Uttarakhand,2010,9.0,2,389.7,1181.1999999999998,1314.6999999999991,1486.8000000000002,195.52051282051283,194.17948717948715,99.31412534588802,0.0,0,1.8438211484559688,0,2010-09-01,335.7,455.8,72.7,864.1999999999998,928.7999999999992,1303.7,263.0,-1.0,-1.8369701987210294e-16,0,SEP,0,0.07962918,0,TRUE_NEGATIVE
South Interior Karnataka,2014,1.0,0,0.4,27.70000000000012,474.8999999999999,1110.5,2.952136752136752,-2.552136752136752,-86.45049218297626,2.552136752136752,0,-0.5348896527138515,0,2014-01-01,2.4,24.9,103.7,131.0000000000001,781.9,1110.6,-101.3,0.4999999999999999,0.8660254037844387,0,JAN,0,0.07956373,0,TRUE_NEGATIVE
Rayalseema,2001,10.0,3,352.5,643.8000000000003,762.3999999999999,919.2,135.02478632478633,217.47521367521367,161.06317928332246,0.0,0,3.103058009646152,0,2001-10-01,195.5,95.8,70.1,361.4000000000003,478.0999999999999,701.4,125.4,-0.8660254037844386,0.5000000000000001,0,OCT,0,0.07954167,0,TRUE_NEGATIVE
West Rajasthan,2001,5.0,1,23.8,33.39999999999997,35.00000000000023,261.70000000000005,9.53931623931624,14.260683760683762,149.49377295941224,0.0,0,1.310592485961371,0,2001-05-01,9.5,0.1,1.1,10.69999999999997,11.700000000000228,242.20000000000005,8.4,0.4999999999999999,-0.8660254037844387,0,MAY,0,0.07951465,0,TRUE_NEGATIVE
Bihar,2005,9.0,2,105.1,714.2000000000004,832.9999999999997,932.8,217.83504273504275,-112.73504273504275,-51.75248266743046,112.73504273504275,0,-1.412776745961254,0,2005-09-01,309.1,300.0,82.5,691.6000000000004,739.9999999999997,943.0,226.6,-1.0,-1.8369701987210294e-16,0,SEP,0,0.07937836,0,TRUE_NEGATIVE
East Rajasthan,2006,9.0,2,88.9,646.3,733.6,745.5000000000002,97.04358974358976,-8.143589743589743,-8.39168229978598,8.143589743589743,0,-0.1157411127108664,0,2006-09-01,341.5,215.9,73.8,631.2,656.6,829.1000000000003,267.7,-1.0,-1.8369701987210294e-16,0,SEP,0,0.07923958,0,TRUE_NEGATIVE
Chhattisgarh,2015,1.0,0,15.8,19.50000000000045,677.8,1292.1,14.023931623931624,1.7760683760683769,12.664553876157978,0.0,0,0.097512183724542,0,2015-01-01,1.1,2.6,77.9,81.60000000000046,1078.6999999999998,1278.6,-76.80000000000001,0.4999999999999999,0.8660254037844387,0,JAN,0,0.0792133,0,TRUE_NEGATIVE
West Madhya Pradesh,2002,3.0,1,1.5,21.59999999999972,83.80000000000005,805.4000000000002,5.1179487179487175,-3.6179487179487175,-70.69138276553106,3.6179487179487175,0,-0.4074698271238992,0,2002-03-01,19.7,0.4,0.0,20.099999999999717,109.80000000000004,805.0000000000002,19.7,1.0,6.123233995736766e-17,0,MAR,0,0.079203404,0,TRUE_NEGATIVE
West Uttar Pradesh,2007,3.0,1,37.4,104.6999999999999,123.09999999999982,613.1999999999999,11.427350427350428,25.972649572649573,227.284966342558,0.0,0,1.833487271765772,0,2007-03-01,66.9,0.4,1.0,68.2999999999999,151.39999999999984,595.9999999999999,65.9,1.0,6.123233995736766e-17,0,MAR,0,0.07911721,0,TRUE_NEGATIVE
West Uttar Pradesh,2006,9.0,2,65.7,385.3999999999999,490.0999999999999,513.8999999999999,145.33931623931625,-79.63931623931624,-54.79543890806659,79.63931623931624,0,-0.903885861067746,0,2006-09-01,78.1,241.6,66.6,386.29999999999984,444.5999999999998,650.6999999999998,11.5,-1.0,-1.8369701987210294e-16,0,SEP,0,0.07907638,0,TRUE_NEGATIVE
Vidarbha,2003,9.0,2,138.0,819.8999999999994,965.8000000000002,1011.0,175.53675213675214,-37.53675213675214,-21.38398465268919,37.53675213675214,0,-0.4667773316300183,0,2003-09-01,280.9,401.0,140.2,822.0999999999995,831.4000000000002,1001.6,140.7,-1.0,-1.8369701987210294e-16,0,SEP,0,0.079046205,0,TRUE_NEGATIVE
Andaman & Nicobar Islands,2013,11.0,3,354.2,1283.5999999999997,2962.099999999999,3852.7,233.01818181818183,121.18181818181816,52.005305867665406,0.0,0,1.0385238181596452,0,2013-11-01,455.8,473.6,336.7,1266.0999999999997,3117.199999999999,3799.0,119.10000000000002,-0.5000000000000004,0.8660254037844384,0,NOV,0,0.078930266,0,TRUE_NEGATIVE
South Interior Karnataka,2005,9.0,2,145.5,712.2,1001.6,1151.8,137.64273504273504,7.857264957264959,5.708448727661109,0.0,0,0.1518584773444194,0,2005-09-01,233.2,333.5,138.7,705.4000000000001,859.3,1123.8,94.5,-1.0,-1.8369701987210294e-16,0,SEP,0,0.078921184,0,TRUE_NEGATIVE
Bihar,2012,1.0,0,18.1,21.0000000000004,543.7999999999996,1111.2,13.242735042735044,4.857264957264958,36.67871434103524,0.0,0,0.3300825004362478,0,2012-01-01,0.9,2.0,10.0,12.900000000000398,766.7999999999996,1097.3,-9.1,0.4999999999999999,0.8660254037844387,0,JAN,0,0.07881444,0,TRUE_NEGATIVE
Chhattisgarh,2004,1.0,0,37.8,58.50000000000057,1119.9,1728.3,14.023931623931624,23.776068376068373,169.53924914675767,0.0,0,1.305386875288407,0,2004-01-01,14.9,5.8,157.6,178.30000000000055,1528.7,1694.2,-142.7,0.4999999999999999,0.8660254037844387,0,JAN,0,0.07875929,0,TRUE_NEGATIVE
Vidarbha,2009,1.0,0,0.1,3.0999999999995453,440.3000000000004,866.5000000000001,10.390598290598293,-10.290598290598291,-99.03759151106358,10.290598290598291,0,-0.6845447047770765,0,2009-01-01,0.1,2.9,22.4,25.399999999999544,701.7000000000004,866.6000000000003,-22.3,0.4999999999999999,0.8660254037844387,0,JAN,0,0.078689516,0,TRUE_NEGATIVE
Vidarbha,2004,9.0,2,86.3,527.0999999999996,680.7000000000002,741.8000000000001,175.53675213675214,-89.23675213675214,-50.83650634439911,89.23675213675214,0,-1.1096776006078446,0,2004-09-01,223.1,217.7,137.9,578.6999999999996,595.0000000000002,793.5,85.19999999999999,-1.0,-1.8369701987210294e-16,0,SEP,0,0.07861512,0,TRUE_NEGATIVE
West Rajasthan,2010,7.0,2,129.9,182.4,185.3000000000002,222.30000000000007,96.1059829059829,33.79401709401711,35.16328127779163,0.0,0,0.6323057695666995,0,2010-07-01,49.5,3.0,0.6,53.09999999999999,57.3000000000002,171.50000000000006,48.9,-0.4999999999999997,-0.8660254037844388,0,JUL,0,0.078475766,0,TRUE_NEGATIVE
Assam & Meghalaya,2001,11.0,3,20.5,488.7000000000001,1635.1999999999994,2176.7000000000003,26.892307692307693,-6.392307692307693,-23.770022883295194,6.392307692307693,0,-0.2433932927479055,0,2001-11-01,201.4,266.8,295.6,763.8000000000001,1881.0999999999997,2178.4,-94.20000000000002,-0.5000000000000004,0.8660254037844384,0,NOV,0,0.07834421,0,TRUE_NEGATIVE
Saurashtra & Kutch,2000,6.0,2,5.4,8.299999999999887,8.300000000000228,184.79999999999995,74.06666666666666,-68.66666666666666,-92.7092709270927,68.66666666666666,0,-1.0960789234089432,0,2000-06-01,2.9,0.0,0.0,2.8999999999998862,2.9000000000002277,239.99999999999997,2.9,1.2246467991473532e-16,-1.0,0,JUN,0,0.07830514,0,TRUE_NEGATIVE
Himachal Pradesh,2006,9.0,2,92.8,627.2999999999997,844.8000000000002,1129.4,129.36239316239315,-36.56239316239315,-28.26354110231642,36.56239316239315,0,-0.4227981359887481,0,2006-09-01,274.2,260.3,104.8,639.2999999999998,889.3000000000003,1192.9,169.39999999999998,-1.0,-1.8369701987210294e-16,0,SEP,0,0.078173414,0,TRUE_NEGATIVE
Uttarakhand,2001,12.0,3,15.1,22.799999999999827,955.7999999999992,1544.4,21.845299145299148,-6.745299145299148,-30.87757737000666,6.745299145299148,0,-0.2767424737710862,0,2001-12-01,1.4,6.3,68.3,75.99999999999983,1237.999999999999,1530.0,-66.89999999999999,-2.4492935982947064e-16,1.0,0,DEC,0,0.078143865,0,TRUE_NEGATIVE
Punjab,2014,9.0,2,105.8,223.99999999999983,289.9,391.0000000000001,85.99059829059829,19.809401709401712,23.03670645767277,0.0,0,0.2282367352402884,0,2014-09-01,41.9,76.3,20.6,138.79999999999987,214.4,309.60000000000014,21.3,-1.0,-1.8369701987210294e-16,0,SEP,0,0.07805549,0,TRUE_NEGATIVE
Konkan & Goa,2013,2.0,0,5.4,7.200000000000455,699.9000000000011,3025.599999999999,0.5384615384615384,4.861538461538462,902.857142857143,0.0,0,2.39326366999138,0,2013-02-01,1.8,0.0,2.3,4.100000000000454,1457.0000000000011,3020.199999999999,-0.4999999999999998,0.8660254037844386,0.5000000000000001,0,FEB,0,0.07801195,0,TRUE_NEGATIVE
Lakshadweep,2016,10.0,3,58.6,220.4000000000004,881.5,1348.9999999999998,165.50884955752213,-106.90884955752212,-64.59403823018313,106.90884955752212,0,-1.3077634605841992,0,2016-10-01,75.6,86.2,262.6,424.4000000000004,825.5,1455.8,-187.00000000000003,-0.8660254037844386,0.5000000000000001,0,OCT,0,0.077932775,0,TRUE_NEGATIVE
East Uttar Pradesh,2007,1.0,0,0.1,2.8000000000001704,210.1,632.2000000000002,15.866666666666667,-15.766666666666667,-99.36974789915966,15.766666666666667,0,-1.0815677371720922,0,2007-01-01,1.5,1.2,9.1,11.80000000000017,479.1,632.1000000000001,-7.6,0.4999999999999999,0.8660254037844387,0,JAN,0,0.0779231,0,TRUE_NEGATIVE
Bihar,2002,9.0,2,192.8,826.6000000000004,1042.9999999999995,1251.7,217.83504273504275,-25.035042735042737,-11.492660878026578,25.035042735042737,0,-0.3137349785136549,0,2002-09-01,247.7,386.1,116.6,750.4000000000003,852.3999999999996,1333.7,131.1,-1.0,-1.8369701987210294e-16,0,SEP,0,0.07782824,0,TRUE_NEGATIVE
Saurashtra & Kutch,2003,6.0,2,68.2,68.19999999999989,68.60000000000024,210.2,74.06666666666666,-5.86666666666666,-7.920792079207913,5.86666666666666,0,-0.0936455779223173,0,2003-06-01,0.0,0.0,0.0,0.0,1.0000000000002274,308.3999999999999,0.0,1.2246467991473532e-16,-1.0,0,JUN,0,0.077817425,0,TRUE_NEGATIVE
East Rajasthan,2015,9.0,2,20.1,460.50000000000006,576.3,648.7000000000003,97.04358974358976,-76.94358974358974,-79.28765820276375,76.94358974358974,0,-1.0935640145553132,0,2015-09-01,142.8,297.6,96.4,536.8,612.0999999999999,765.5000000000002,46.400000000000006,-1.0,-1.8369701987210294e-16,0,SEP,0,0.0777566,0,TRUE_NEGATIVE
Coastal Karnataka,2012,11.0,3,68.0,565.0999999999998,2998.2000000000003,3124.8,62.809401709401705,5.190598290598295,8.2640467021378,0.0,0,0.0943179647851047,0,2012-11-01,115.1,382.0,1027.6,1524.6999999999996,2953.1000000000004,3138.3,-912.5,-0.5000000000000004,0.8660254037844384,0,NOV,0,0.07770833,0,TRUE_NEGATIVE
Bihar,2016,9.0,2,357.9,865.1000000000004,1081.6999999999996,1107.6,217.83504273504275,140.06495726495723,64.29863418959691,0.0,0,1.7552706749139224,0,2016-09-01,150.8,356.4,128.7,635.9000000000003,729.3999999999994,851.4,22.100000000000023,-1.0,-1.8369701987210294e-16,0,SEP,0,0.077552594,0,TRUE_NEGATIVE
Himachal Pradesh,2003,11.0,3,22.5,158.29999999999978,636.1000000000001,997.9,16.46923076923077,6.030769230769231,36.61840261560019,0.0,0,0.260773927580106,0,2003-11-01,0.3,135.5,228.7,364.4999999999998,649.5000000000002,976.1,-228.4,-0.5000000000000004,0.8660254037844384,0,NOV,0,0.07748188,0,TRUE_NEGATIVE
Saurashtra & Kutch,2006,9.0,2,68.2,631.3999999999999,697.6000000000003,701.1999999999999,74.9957264957265,-6.795726495726498,-9.061484984899428,6.795726495726498,0,-0.0920894017073628,0,2006-09-01,189.8,373.4,66.2,629.3999999999999,631.3000000000002,866.0999999999999,123.6,-1.0,-1.8369701987210294e-16,0,SEP,0,0.077464476,0,TRUE_NEGATIVE
East Rajasthan,2014,9.0,2,136.9,595.0,634.1999999999999,711.2000000000003,97.04358974358976,39.85641025641026,41.0706264697334,0.0,0,0.5664609118317707,0,2014-09-01,261.0,197.1,23.5,481.6,503.69999999999993,662.3000000000002,237.5,-1.0,-1.8369701987210294e-16,0,SEP,0,0.07745642,0,TRUE_NEGATIVE
Lakshadweep,2003,9.0,2,84.3,577.0000000000002,1069.1999999999998,1376.1999999999998,162.86283185840708,-78.56283185840708,-48.23865025674464,78.56283185840708,0,-0.8279081868884146,0,2003-09-01,92.1,400.6,364.5,857.2000000000003,1013.4,1341.8999999999996,-272.4,-1.0,-1.8369701987210294e-16,0,SEP,0,0.077426784,0,TRUE_NEGATIVE
Orissa,2009,9.0,2,162.5,1035.3999999999996,1192.0,1221.9,241.1948717948718,-78.6948717948718,-32.62709161652457,78.6948717948718,0,-1.1553367404459294,0,2009-09-01,286.9,586.0,87.3,960.1999999999996,1032.1999999999998,1414.4,199.6,-1.0,-1.8369701987210294e-16,0,SEP,0,0.07734019,0,TRUE_NEGATIVE
Matathwada,2014,2.0,0,13.4,27.90000000000017,283.6999999999999,891.8000000000002,4.394017094017094,9.005982905982906,204.9601244893989,0.0,0,1.0397453175133526,0,2014-02-01,1.4,13.1,7.4,21.90000000000017,407.1999999999999,887.8000000000002,-6.0,0.8660254037844386,0.5000000000000001,0,FEB,0,0.077282876,0,TRUE_NEGATIVE
Telangana,2017,1.0,0,0.0,0.9,541.2999999999996,1042.1999999999998,7.581196581196581,-7.581196581196581,-100.0,7.581196581196581,0,-0.5496692177868894,0,2017-01-01,0.4,0.5,70.4,71.30000000000001,777.0999999999996,1043.4,-70.0,0.4999999999999999,0.8660254037844387,0,JAN,0,0.07727225,0,TRUE_NEGATIVE
Tamil Nadu,2000,11.0,3,148.6,438.7,672.8,936.9,175.3777777777778,-26.7777777777778,-15.26862645717183,26.7777777777778,0,-0.2953668793605974,0,2000-11-01,120.3,169.8,136.1,426.2,578.9,971.1,-15.799999999999995,-0.5000000000000004,0.8660254037844384,0,NOV,0,0.077251,0,TRUE_NEGATIVE
Coastal Karnataka,2014,10.0,3,226.4,1726.6999999999996,3571.0000000000005,3680.6,183.64615384615385,42.75384615384618,23.280556253665093,0.0,0,0.5260348978446708,0,2014-10-01,379.3,1121.0,1155.4,2655.7,3385.1000000000004,3719.3,-776.1000000000001,-0.8660254037844386,0.5000000000000001,0,OCT,0,0.07724037,0,TRUE_NEGATIVE
Tamil Nadu,2004,10.0,3,271.1,564.5,785.4,874.7,181.9564102564103,89.14358974358976,48.99172808364924,0.0,0,1.320752623393394,0,2004-10-01,208.3,85.1,98.6,392.0,530.5,689.6,109.70000000000002,-0.8660254037844386,0.5000000000000001,0,OCT,0,0.07718845,0,TRUE_NEGATIVE
Rayalseema,2010,12.0,3,46.7,305.20000000000044,770.6999999999999,963.5,34.202564102564104,12.4974358974359,36.5394707249419,0.0,0,0.3334638282313368,0,2010-12-01,175.1,83.4,122.9,381.4000000000004,832.3,952.2,52.19999999999999,-2.4492935982947064e-16,1.0,0,DEC,0,0.07718742,0,TRUE_NEGATIVE
Andaman & Nicobar Islands,2005,11.0,3,300.1,1101.0999999999997,2293.899999999999,2671.0,233.01818181818183,67.08181818181819,28.78823345817728,0.0,0,0.5748887662565659,0,2005-11-01,293.5,507.5,311.1,1112.0999999999997,2299.099999999999,2540.8,-17.600000000000023,-0.5000000000000004,0.8660254037844384,0,NOV,0,0.07718696,0,TRUE_NEGATIVE
Jammu & Kashmir,2010,10.0,3,25.0,343.1999999999997,676.2,948.1,33.61367521367521,-8.613675213675208,-25.62550854353131,8.613675213675208,0,-0.2488314544910581,0,2010-10-01,65.0,253.2,137.3,455.49999999999966,715.1,931.2,-72.30000000000001,-0.8660254037844386,0.5000000000000001,0,OCT,0,0.07712811,0,TRUE_NEGATIVE
South Interior Karnataka,2002,1.0,0,2.0,44.1,508.7,927.9,2.952136752136752,-0.952136752136752,-32.25246091488129,0.952136752136752,0,-0.19955360787784,0,2002-01-01,2.1,40.0,122.7,164.8,674.9,926.4,-120.6,0.4999999999999999,0.8660254037844387,0,JAN,0,0.0771246,0,TRUE_NEGATIVE
East Madhya Pradesh,2013,1.0,0,2.0,8.499999999999432,545.5000000000006,1015.8000000000002,19.28205128205128,-17.28205128205128,-89.62765957446808,17.28205128205128,0,-0.779610339668749,0,2013-01-01,2.7,3.8,12.7,19.19999999999943,942.4000000000004,1053.2000000000005,-10.0,0.4999999999999999,0.8660254037844387,0,JAN,0,0.07708492,0,TRUE_NEGATIVE
Andaman & Nicobar Islands,2015,11.0,3,236.3,1011.6999999999996,2166.999999999999,2875.0,233.01818181818183,3.2818181818181813,1.4083957553058672,0.0,0,0.028125063642583,0,2015-11-01,252.1,523.3,480.0,1255.3999999999996,2262.599999999999,2839.9,-227.9,-0.5000000000000004,0.8660254037844384,0,NOV,0,0.077026844,0,TRUE_NEGATIVE
Jharkhand,2014,9.0,2,178.2,790.3999999999999,1030.2000000000005,1391.6,227.1367521367521,-48.93675213675215,-21.545061147695208,48.93675213675215,0,-0.6678945496400223,0,2014-09-01,290.9,321.3,139.7,751.8999999999997,874.9000000000002,1387.2000000000005,151.2,-1.0,-1.8369701987210294e-16,0,SEP,0,0.07698543,0,TRUE_NEGATIVE
Jharkhand,2002,9.0,2,253.4,717.5999999999999,952.7000000000002,1093.5,227.1367521367521,26.26324786324787,11.562746942615243,0.0,0,0.3584438962089324,0,2002-09-01,277.4,186.8,184.9,649.0999999999999,710.0000000000002,972.9,92.49999999999996,-1.0,-1.8369701987210294e-16,0,SEP,0,0.076957785,0,TRUE_NEGATIVE
Lakshadweep,2007,10.0,3,256.1,1008.3000000000004,2175.3,2374.2,165.50884955752213,90.5911504424779,54.7349284854966,0.0,0,1.1081570598813255,0,2007-10-01,457.5,294.7,427.4,1179.6000000000004,1941.4,2237.2,30.100000000000023,-0.8660254037844386,0.5000000000000001,0,OCT,0,0.076936275,0,TRUE_NEGATIVE
Kerala,2013,12.0,3,17.0,431.7999999999995,1950.3000000000004,3255.5,39.98034188034188,-22.98034188034188,-57.47910297795925,22.98034188034188,0,-0.6241273540994612,0,2013-12-01,154.9,259.9,318.6,733.3999999999995,2976.0000000000005,3247.9,-163.70000000000002,-2.4492935982947064e-16,1.0,0,DEC,0,0.076913595,0,TRUE_NEGATIVE
West Rajasthan,2001,8.0,2,68.7,240.2,273.60000000000025,282.50000000000006,94.94786324786324,-26.24786324786324,-27.644501255749887,26.24786324786324,0,-0.3942318859684606,0,2001-08-01,122.9,48.6,23.8,195.3,206.00000000000023,253.4000000000001,99.1,-0.8660254037844385,-0.5000000000000004,0,AUG,0,0.07685224,0,TRUE_NEGATIVE
Madhya Maharashtra,2016,3.0,1,7.1,7.799999999999943,72.39999999999982,608.9000000000001,3.5991452991452992,3.5008547008547004,97.2690572310615,0.0,0,0.5494686133647158,0,2016-03-01,0.7,0.0,0.1,0.7999999999999431,211.8999999999998,643.0,0.6,1.0,6.123233995736766e-17,0,MAR,0,0.076790154,0,TRUE_NEGATIVE
Chhattisgarh,2013,1.0,0,2.8,28.20000000000045,735.4999999999999,1343.6,14.023931623931624,-11.223931623931623,-80.03412969283275,11.223931623931623,0,-0.6162319521995601,0,2013-01-01,5.0,20.4,19.8,45.20000000000046,1163.3,1377.4,-14.8,0.4999999999999999,0.8660254037844387,0,JAN,0,0.07673862,0,TRUE_NEGATIVE
Coastal Andhra Pradesh,2003,10.0,3,252.3,540.8,898.7000000000003,998.7,183.9017094017094,68.3982905982906,37.1928519973044,0.0,0,0.6801872333878469,0,2003-10-01,130.2,158.3,241.7,530.1999999999998,665.8000000000003,895.0999999999999,-111.5,-0.8660254037844386,0.5000000000000001,0,OCT,0,0.07671217,0,TRUE_NEGATIVE
East Madhya Pradesh,2004,2.0,0,0.4,23.099999999999486,537.4000000000007,1397.9000000000003,18.449572649572648,-18.04957264957265,-97.8319281015473,18.04957264957265,0,-0.8718976518254364,0,2004-02-01,19.8,2.9,0.5,23.199999999999488,907.2000000000008,1457.1,19.3,0.8660254037844386,0.5000000000000001,0,FEB,0,0.07662533,0,TRUE_NEGATIVE
Vidarbha,2005,9.0,2,246.8,889.1999999999996,1038.1000000000004,1162.0,175.53675213675214,71.26324786324787,40.59733759214716,0.0,0,0.886173331131829,0,2005-09-01,249.2,393.2,144.4,786.7999999999995,798.5000000000002,1001.5000000000002,104.79999999999998,-1.0,-1.8369701987210294e-16,0,SEP,0,0.07658884,0,TRUE_NEGATIVE
Punjab,2009,1.0,0,9.4,10.899999999999944,392.8,714.6000000000001,25.23247863247863,-15.832478632478631,-62.74642639387575,15.832478632478631,0,-0.7119235732903606,0,2009-01-01,0.9,0.6,9.9,11.399999999999944,485.3,717.2000000000002,-9.0,0.4999999999999999,0.8660254037844387,0,JAN,0,0.0764809,0,TRUE_NEGATIVE
Arunachal Pradesh,2000,11.0,3,53.9,542.6000000000007,1785.199999999999,2591.6,35.149484536082475,18.750515463917523,53.3450652588356,0.0,0,0.534611627805214,0,2000-11-01,81.3,407.4,387.4,876.1000000000007,1998.4999999999989,2566.0,-306.1,-0.5000000000000004,0.8660254037844384,0,NOV,0,0.07644109,0,TRUE_NEGATIVE
Coastal Andhra Pradesh,2011,2.0,0,17.9,156.1,801.5000000000003,1706.3,12.71025641025641,5.189743589743589,40.83114787169659,0.0,0,0.2609170095572211,0,2011-02-01,0.0,138.2,210.9,349.1,1032.2000000000005,1690.6999999999998,-210.9,0.8660254037844386,0.5000000000000001,0,FEB,0,0.0764336,0,TRUE_NEGATIVE
Coastal Karnataka,2003,10.0,3,183.7,1057.1999999999996,3011.8000000000006,3082.2,183.64615384615385,0.053846153846166,0.0293205998157057,0.0,0,0.0006625124657991,0,2003-10-01,236.0,637.5,970.6,1844.0999999999997,2865.4,3258.5,-734.6,-0.8660254037844386,0.5000000000000001,0,OCT,0,0.07622998,0,TRUE_NEGATIVE
Gangetic West Bengal,2002,1.0,0,26.3,35.10000000000023,653.3000000000001,1566.7,12.476923076923075,13.823076923076924,110.78914919852036,0.0,0,0.9433770838824288,0,2002-01-01,0.0,8.8,163.6,172.40000000000023,896.3000000000001,1540.6999999999998,-163.6,0.4999999999999999,0.8660254037844387,0,JAN,0,0.07609627,0,TRUE_NEGATIVE
West Rajasthan,2008,5.0,1,24.7,43.69999999999997,46.4000000000002,293.20000000000005,9.53931623931624,15.16068376068376,158.9284114326673,0.0,0,1.393304735749643,0,2008-05-01,18.2,0.8,0.2,19.19999999999997,21.8000000000002,272.30000000000007,18.0,0.4999999999999999,-0.8660254037844387,0,MAY,0,0.076094724,0,TRUE_NEGATIVE
Lakshadweep,2014,9.0,2,132.2,714.4000000000004,1030.8,1282.0999999999997,162.86283185840708,-30.66283185840709,-18.82739696253431,30.66283185840709,0,-0.3231300212613396,0,2014-09-01,466.1,116.1,244.1,826.3000000000004,903.0,1329.8999999999996,222.00000000000003,-1.0,-1.8369701987210294e-16,0,SEP,0,0.07598142,0,TRUE_NEGATIVE
Punjab,2000,8.0,2,70.0,284.89999999999986,308.4,391.9000000000001,157.74615384615385,-87.74615384615385,-55.62490856780612,87.74615384615385,0,-1.2002400686815655,0,2000-08-01,164.8,50.1,15.3,230.1999999999999,265.0,403.9000000000001,149.5,-0.8660254037844385,-0.5000000000000004,0,AUG,0,0.07594773,0,TRUE_NEGATIVE
West Uttar Pradesh,2009,1.0,0,1.3,5.299999999999886,318.6999999999998,799.9999999999999,17.57008547008547,-16.27008547008547,-92.6010604660213,16.27008547008547,0,-1.0345826022203255,0,2009-01-01,0.0,4.0,5.1,9.099999999999886,575.8999999999999,799.5999999999999,-5.1,0.4999999999999999,0.8660254037844387,0,JAN,0,0.07584215,0,TRUE_NEGATIVE
Coastal Karnataka,2015,11.0,3,124.2,592.9999999999995,2834.4,3122.4,62.809401709401705,61.3905982905983,97.74109706478698,0.0,0,1.1155238690300855,0,2015-11-01,208.5,260.3,575.2,1043.9999999999995,2860.5000000000005,3038.2,-366.7000000000001,-0.5000000000000004,0.8660254037844384,0,NOV,0,0.07582274,0,TRUE_NEGATIVE
Kerala,2009,11.0,3,274.4,806.0999999999993,2438.5,2783.5,162.55897435897438,111.8410256410256,68.80027761128107,0.0,0,1.3356774468935688,0,2009-11-01,205.2,326.5,269.3,800.9999999999994,2355.7000000000003,2564.5,-64.10000000000002,-0.5000000000000004,0.8660254037844384,0,NOV,0,0.07563885,0,TRUE_NEGATIVE
Naga Mani Mizo Tripura,2007,11.0,3,82.6,689.7000000000003,1939.8,2531.9,46.87008547008547,35.729914529914524,76.2318100587184,0.0,0,0.708543146993014,0,2007-11-01,180.5,426.6,373.8,980.9000000000004,2133.9,2462.3,-193.3,-0.5000000000000004,0.8660254037844384,0,NOV,0,0.07561815,0,TRUE_NEGATIVE
Tamil Nadu,2009,12.0,3,106.2,482.9999999999999,736.4,928.5,81.14615384615385,25.053846153846152,30.874964451606782,0.0,0,0.3827776466615195,0,2009-12-01,314.7,62.1,114.4,491.19999999999993,657.2,872.4,200.3,-2.4492935982947064e-16,1.0,0,DEC,0,0.075512774,0,TRUE_NEGATIVE
Saurashtra & Kutch,2016,8.0,2,216.0,357.2999999999999,358.70000000000016,442.2000000000001,119.8982905982906,96.1017094017094,80.15269352228741,0.0,0,0.966003524682342,0,2016-08-01,110.0,31.3,1.1,142.3999999999999,142.70000000000016,236.8,108.9,-0.8660254037844385,-0.5000000000000004,0,AUG,0,0.07550357,0,TRUE_NEGATIVE
East Madhya Pradesh,2006,1.0,0,0.0,4.399999999999432,487.0000000000008,1331.2000000000005,19.28205128205128,-19.28205128205128,-100.0,19.28205128205128,0,-0.8698323077609782,0,2006-01-01,4.4,0.0,27.6,31.99999999999943,1084.2000000000007,1366.4000000000003,-23.200000000000003,0.4999999999999999,0.8660254037844387,0,JAN,0,0.075503334,0,TRUE_NEGATIVE
East Madhya Pradesh,2000,9.0,2,111.4,697.2999999999995,872.3000000000006,951.5000000000002,193.3401709401709,-81.94017094017093,-42.381348139765166,81.94017094017093,0,-0.8234971054998091,0,2000-09-01,208.2,377.7,167.5,753.3999999999995,761.0000000000007,1362.8000000000002,40.69999999999999,-1.0,-1.8369701987210294e-16,0,SEP,0,0.07549129,0,TRUE_NEGATIVE
West Rajasthan,2008,8.0,2,133.3,246.5,290.20000000000016,338.6,94.94786324786324,38.35213675213677,40.39283817479681,0.0,0,0.5760329920930244,0,2008-08-01,57.1,56.1,24.7,137.89999999999998,157.1000000000002,274.7000000000001,32.400000000000006,-0.8660254037844385,-0.5000000000000004,0,AUG,0,0.07547172,0,TRUE_NEGATIVE
Coastal Karnataka,2009,2.0,0,0.0,13.899999999999432,508.1000000000005,3192.0,1.4923076923076923,-1.4923076923076923,-100.0,1.4923076923076923,0,-0.3180213375097886,0,2009-02-01,0.4,13.5,19.3,33.199999999999434,1394.4000000000003,3206.8,-18.9,0.8660254037844386,0.5000000000000001,0,FEB,0,0.075443015,0,TRUE_NEGATIVE
Jammu & Kashmir,2009,12.0,3,41.8,8.1,155.10000000000002,698.9,55.225,-4.195726495726496,-19.872588582524354,4.195726495726496,1,-0.2738959148355693,0,2009-12-01,41.7,8.1,50.5,58.59999999999965,219.2,788.6999999999999,0.4,-2.4492935982947064e-16,1.0,0,DEC,0,0.07544265,0,TRUE_NEGATIVE
Konkan & Goa,2003,11.0,3,1.9,355.00000000000045,2827.9,2842.499999999999,24.272649572649573,-22.37264957264957,-92.17225958660516,22.37264957264957,0,-0.6668006624125535,0,2003-11-01,54.4,298.7,593.7,946.8000000000004,2837.2000000000003,2843.599999999999,-539.3000000000001,-0.5000000000000004,0.8660254037844384,0,NOV,0,0.075329475,0,TRUE_NEGATIVE
West Madhya Pradesh,2002,1.0,0,0.4,0.3999999999997158,289.00000000000006,785.3000000000003,9.167521367521369,-8.767521367521367,-95.63677046429235,8.767521367521367,0,-0.7845785585990337,0,2002-01-01,0.0,0.0,62.2,62.19999999999972,557.8,787.0000000000001,-62.2,0.4999999999999999,0.8660254037844387,0,JAN,0,0.07523906,0,TRUE_NEGATIVE
Assam & Meghalaya,2013,12.0,3,2.0,129.2999999999999,1016.0999999999996,1816.5,8.955555555555556,-6.955555555555556,-77.66749379652606,6.955555555555556,0,-0.7196460202260162,0,2013-12-01,1.0,126.3,229.3,356.5999999999999,1300.2999999999993,1816.8,-228.3,-2.4492935982947064e-16,1.0,0,DEC,0,0.07522847,0,TRUE_NEGATIVE
Haryana Delhi & Chandigarh,2015,8.0,2,89.2,263.20000000000005,378.2,484.79999999999984,150.05299145299145,-60.852991452991446,-40.554334081407134,60.852991452991446,0,-0.7779183200100787,0,2015-08-01,130.3,43.7,8.4,182.40000000000003,295.6,430.3999999999998,121.9,-0.8660254037844385,-0.5000000000000004,0,AUG,0,0.07521548,0,TRUE_NEGATIVE
Sub Himalayan West Bengal & Sikkim,2013,10.0,3,199.8,924.1000000000014,2213.900000000001,2407.2,143.94358974358977,55.85641025641024,38.80437493320032,0.0,0,0.6305305673642091,0,2013-10-01,308.0,416.3,588.4,1312.7000000000014,2128.800000000001,2326.8,-280.4,-0.8660254037844386,0.5000000000000001,0,OCT,0,0.07518663,0,TRUE_NEGATIVE
East Madhya Pradesh,2012,9.0,2,172.6,923.1999999999996,993.3000000000006,1035.1,193.3401709401709,-20.74017094017094,-10.727295232706185,20.74017094017094,0,-0.2084383098159836,0,2012-09-01,351.7,398.9,67.8,818.3999999999994,821.3000000000006,1139.0000000000002,283.9,-1.0,-1.8369701987210294e-16,0,SEP,0,0.07515564,0,TRUE_NEGATIVE
Haryana Delhi & Chandigarh,2012,9.0,2,90.7,355.40000000000003,376.3,385.19999999999976,87.71452991452992,2.985470085470084,3.403620914777929,0.0,0,0.0405965259144264,0,2012-09-01,196.6,68.1,5.3,270.0,285.7,427.5999999999998,191.3,-1.0,-1.8369701987210294e-16,0,SEP,0,0.075123794,0,TRUE_NEGATIVE
South Interior Karnataka,2009,1.0,0,0.1,37.60000000000005,565.9,1139.9,2.952136752136752,-2.852136752136752,-96.61262304574406,2.852136752136752,0,-0.5977651611206036,0,2009-01-01,5.2,32.3,117.1,154.60000000000005,769.1999999999999,1140.6,-111.9,0.4999999999999999,0.8660254037844387,0,JAN,0,0.075112924,0,TRUE_NEGATIVE
Jharkhand,2017,1.0,0,5.1,5.099999999999772,733.8000000000002,1256.6,17.471794871794874,-12.371794871794874,-70.81009685940711,12.371794871794874,0,-0.6079019726165558,0,2017-01-01,0.0,0.0,45.6,45.599999999999774,1029.7,1264.1,-45.6,0.4999999999999999,0.8660254037844387,0,JAN,0,0.07501891,0,TRUE_NEGATIVE
Punjab,2010,7.0,2,143.8,191.6,208.0,350.4000000000001,168.19059829059827,-24.390598290598263,-14.50176082283529,24.390598290598263,0,-0.3612844808706283,0,2010-07-01,41.8,6.0,0.7,48.49999999999994,68.0,364.60000000000014,41.1,-0.4999999999999997,-0.8660254037844388,0,JUL,0,0.074998766,0,TRUE_NEGATIVE
Assam & Meghalaya,2003,11.0,3,13.0,494.8,1818.1,2423.5,26.892307692307693,-13.892307692307693,-51.65903890160183,13.892307692307693,0,-0.52896304055682,0,2003-11-01,231.8,250.0,290.7,772.5,2040.9,2479.9,-58.89999999999998,-0.5000000000000004,0.8660254037844384,0,NOV,0,0.074952565,0,TRUE_NEGATIVE
Punjab,2012,1.0,0,62.6,66.19999999999992,399.9,764.2,25.23247863247863,37.36752136752137,148.09294763227425,0.0,0,1.680268766154965,0,2012-01-01,2.6,1.0,0.0,3.599999999999915,458.2,705.1000000000001,2.6,0.4999999999999999,0.8660254037844387,0,JAN,0,0.07485186,0,TRUE_NEGATIVE
Bihar,2017,1.0,0,0.7,0.7000000000003979,570.1999999999995,1149.4,13.242735042735044,-12.542735042735044,-94.7140828707887,12.542735042735044,0,-0.8523597912901525,0,2017-01-01,0.0,0.0,60.8,60.8000000000004,925.8999999999996,1158.0,-60.8,0.4999999999999999,0.8660254037844387,0,JAN,0,0.07472869,0,TRUE_NEGATIVE
Himachal Pradesh,2004,10.0,3,104.7,354.7999999999998,629.8000000000002,882.5,30.791452991452992,73.908547008547,240.0294231943596,0.0,0,1.4842066569602246,0,2004-10-01,47.6,202.5,141.3,391.3999999999998,579.8000000000003,778.1,-93.70000000000002,-0.8660254037844386,0.5000000000000001,0,OCT,0,0.07471916,0,TRUE_NEGATIVE
East Madhya Pradesh,2009,9.0,2,208.7,717.5999999999995,759.3000000000006,795.8000000000002,193.3401709401709,15.359829059829051,7.944458197764885,0.0,0,0.1543659797949003,0,2009-09-01,191.3,317.6,35.3,544.1999999999995,552.4000000000007,703.2000000000003,156.0,-1.0,-1.8369701987210294e-16,0,SEP,0,0.07460289,0,TRUE_NEGATIVE
East Rajasthan,2007,9.0,2,86.1,477.0,547.0,578.1000000000003,97.04358974358976,-10.943589743589754,-11.276983644674624,10.943589743589754,0,-0.155536230809187,0,2007-09-01,167.9,223.0,63.0,453.9,471.5,580.9000000000002,104.9,-1.0,-1.8369701987210294e-16,0,SEP,0,0.07458821,0,TRUE_NEGATIVE
Assam & Meghalaya,2015,11.0,3,14.0,356.4999999999999,1805.9999999999995,2456.2000000000003,26.892307692307693,-12.892307692307693,-47.94050343249428,12.892307692307693,0,-0.490887074182298,0,2015-11-01,62.6,279.9,590.9,933.4,2124.499999999999,2445.2000000000003,-528.3,-0.5000000000000004,0.8660254037844384,0,NOV,0,0.074521974,0,TRUE_NEGATIVE
North Interior Karnataka,2008,2.0,0,9.2,18.799999999999883,278.1999999999998,827.9000000000001,3.1213675213675214,6.078632478632478,194.7426067907996,0.0,0,1.1048979084541974,0,2008-02-01,0.4,9.2,13.5,23.099999999999884,412.3999999999998,825.5,-13.1,0.8660254037844386,0.5000000000000001,0,FEB,0,0.074502364,0,TRUE_NEGATIVE
Tamil Nadu,2014,11.0,3,110.8,461.8999999999999,678.0,900.1999999999999,175.3777777777778,-64.5777777777778,-36.82209832742018,64.5777777777778,0,-0.712312158856345,0,2014-11-01,252.2,98.9,117.7,468.79999999999984,706.3,901.7,134.5,-0.5000000000000004,0.8660254037844384,0,NOV,0,0.07441224,0,TRUE_NEGATIVE
East Rajasthan,2002,8.0,2,130.6,215.5,225.4,260.70000000000016,219.01538461538465,-88.41538461538462,-40.369485810620965,88.41538461538462,0,-0.9288518137583914,0,2002-08-01,13.5,71.4,8.6,93.5,105.8,256.50000000000017,4.9,-0.8660254037844385,-0.5000000000000004,0,AUG,0,0.074403375,0,TRUE_NEGATIVE
Naga Mani Mizo Tripura,2006,11.0,3,13.0,334.5000000000002,1356.7000000000005,1879.0,46.87008547008547,-33.87008547008547,-72.26375870746563,33.87008547008547,0,-0.6716617507664138,0,2006-11-01,90.4,231.1,241.6,563.1000000000003,1725.9,1881.6,-151.2,-0.5000000000000004,0.8660254037844384,0,NOV,0,0.07440024,0,TRUE_NEGATIVE
East Rajasthan,2004,3.0,1,0.0,2.5,4.9,603.1000000000003,4.51880341880342,-4.51880341880342,-100.0,4.51880341880342,0,-0.4983597279660314,0,2004-03-01,0.0,2.5,2.3,4.8,98.5,603.6000000000003,-2.3,1.0,6.123233995736766e-17,0,MAR,0,0.07436763,0,TRUE_NEGATIVE
Arunachal Pradesh,2013,11.0,3,13.3,493.5000000000009,1343.299999999999,2054.5,35.149484536082475,-21.849484536082475,-62.161607273793805,21.849484536082475,0,-0.6229689267486094,0,2013-11-01,164.1,316.1,230.2,710.4000000000009,1665.7999999999993,2063.2,-66.1,-0.5000000000000004,0.8660254037844384,0,NOV,0,0.074359745,0,TRUE_NEGATIVE
West Rajasthan,2015,9.0,2,35.7,330.8,424.7000000000003,458.00000000000006,39.92820512820513,-4.228205128205126,-10.589519650655015,4.228205128205126,0,-0.1085948716940747,0,2015-09-01,60.5,234.6,53.2,348.29999999999995,419.3000000000003,507.2000000000001,7.299999999999997,-1.0,-1.8369701987210294e-16,0,SEP,0,0.07431819,0,TRUE_NEGATIVE
Jharkhand,2002,1.0,0,9.0,9.2,476.90000000000026,1261.6,17.471794871794874,-8.471794871794874,-48.48840622248313,8.471794871794874,0,-0.4162711124404352,0,2002-01-01,0.0,0.2,115.5,115.7,822.5000000000002,1254.5,-115.5,0.4999999999999999,0.8660254037844387,0,JAN,0,0.07429295,0,TRUE_NEGATIVE
Naga Mani Mizo Tripura,2003,10.0,3,175.1,745.2000000000002,1864.1,2194.2000000000003,175.45299145299143,-0.3529914529914606,-0.2011886204208929,0.3529914529914606,0,-0.0043642665061401,0,2003-10-01,288.4,281.7,262.4,832.5000000000002,1847.9,2118.0,26.0,-0.8660254037844386,0.5000000000000001,0,OCT,0,0.07425164,0,TRUE_NEGATIVE
Coastal Karnataka,2004,2.0,0,0.0,0.0,430.4000000000003,3068.2000000000003,1.4923076923076923,-1.4923076923076923,-100.0,1.4923076923076923,0,-0.3180213375097886,0,2004-02-01,0.0,0.0,10.7,10.699999999999545,1067.9000000000003,3071.8,-10.7,0.8660254037844386,0.5000000000000001,0,FEB,0,0.07417811,0,TRUE_NEGATIVE
Telangana,2008,9.0,2,146.7,721.9000000000001,875.3999999999996,1056.6,176.36324786324786,-29.663247863247875,-16.819404395551146,29.663247863247875,0,-0.3851661338376586,0,2008-09-01,391.8,183.4,132.9,708.1000000000001,837.2999999999996,1172.2,258.9,-1.0,-1.8369701987210294e-16,0,SEP,0,0.074165106,0,TRUE_NEGATIVE
Coastal Karnataka,2013,2.0,0,19.6,25.59999999999977,590.7000000000005,3128.8,1.4923076923076923,18.10769230769231,1213.40206185567,0.0,0,3.858877466484756,0,2013-02-01,2.4,3.6,68.0,73.99999999999977,1598.7000000000005,3120.6,-65.6,0.8660254037844386,0.5000000000000001,0,FEB,0,0.07415273,0,TRUE_NEGATIVE
Telangana,2013,9.0,2,161.4,845.8000000000001,1092.0999999999997,1246.0,176.36324786324786,-14.963247863247858,-8.484334488356875,14.963247863247858,0,-0.1942921542412229,0,2013-09-01,230.6,453.8,213.4,897.8000000000001,930.8999999999996,1287.0,17.19999999999999,-1.0,-1.8369701987210294e-16,0,SEP,0,0.07413313,0,TRUE_NEGATIVE
West Rajasthan,2012,6.0,2,5.3,25.2,25.700000000000227,397.4000000000001,29.13162393162393,-23.83162393162393,-81.80671282713297,23.83162393162393,0,-1.0296710427521272,0,2012-06-01,10.4,9.5,0.0,19.9,20.400000000000222,416.50000000000006,10.4,1.2246467991473532e-16,-1.0,0,JUN,0,0.07411153,0,TRUE_NEGATIVE
Chhattisgarh,2014,9.0,2,252.7,997.1000000000004,1144.3,1378.1999999999998,218.1025641025641,34.59743589743587,15.862920291558888,0.0,0,0.4612521567964225,0,2014-09-01,327.7,416.7,104.9,849.3000000000004,913.0,1266.4,222.8,-1.0,-1.8369701987210294e-16,0,SEP,0,0.07407754,0,TRUE_NEGATIVE
Coastal Karnataka,2000,12.0,3,2.4,189.5999999999996,2126.1,3351.4,12.508547008547009,-10.108547008547008,-80.81311923471131,10.108547008547008,0,-0.4282409384989893,0,2000-12-01,12.5,174.7,279.2,466.3999999999995,3090.5,3349.5,-266.7,-2.4492935982947064e-16,1.0,0,DEC,0,0.07407479,0,TRUE_NEGATIVE
East Madhya Pradesh,2011,9.0,2,276.5,926.9999999999995,1271.3000000000006,1311.9000000000003,193.3401709401709,83.15982905982906,43.012183477153776,0.0,0,0.8357546456014916,0,2011-09-01,326.9,323.6,332.5,982.9999999999995,995.1000000000006,1248.8000000000002,-5.600000000000023,-1.0,-1.8369701987210294e-16,0,SEP,0,0.07403511,0,TRUE_NEGATIVE
Madhya Maharashtra,2009,11.0,3,121.3,380.1,926.9999999999998,938.5,25.553846153846155,95.74615384615385,374.683925346177,0.0,0,2.8260027876564,0,2009-11-01,96.2,162.6,148.2,407.0,813.3999999999997,820.9000000000001,-51.99999999999999,-0.5000000000000004,0.8660254037844384,0,NOV,0,0.07389785,0,TRUE_NEGATIVE
West Madhya Pradesh,2008,9.0,2,139.7,567.2999999999997,767.8000000000002,781.8000000000003,160.56923076923076,-20.869230769230768,-12.997029797834628,20.869230769230768,0,-0.2178113152340638,0,2008-09-01,205.8,221.8,194.2,621.7999999999997,630.6000000000003,780.4000000000002,11.600000000000025,-1.0,-1.8369701987210294e-16,0,SEP,0,0.073847584,0,TRUE_NEGATIVE
West Uttar Pradesh,2006,2.0,0,0.0,1.0999999999998864,206.09999999999985,698.0999999999999,17.614529914529914,-17.614529914529914,-100.0,17.614529914529914,0,-0.8845329803472445,0,2006-02-01,0.5,0.6,0.0,1.0999999999998864,302.09999999999985,715.9999999999999,0.5,0.8660254037844386,0.5000000000000001,0,FEB,0,0.0738401,0,TRUE_NEGATIVE
Jammu & Kashmir,2009,10.0,3,8.1,155.09999999999965,283.5,813.9,33.61367521367521,-25.513675213675207,-75.90266476810415,25.513675213675207,0,-0.7370378793423873,0,2009-10-01,50.5,96.5,41.5,146.99999999999966,388.9,848.2,0.4,-0.8660254037844386,0.5000000000000001,0,OCT,0,0.07373536,0,TRUE_NEGATIVE
East Uttar Pradesh,2017,2.0,0,0.1,9.800000000000226,186.4,874.8000000000001,15.614529914529916,-15.514529914529916,-99.35957085773715,15.514529914529916,0,-0.9005449143619039,0,2017-02-01,9.7,0.0,0.0,9.700000000000228,410.7,876.0000000000001,9.7,0.8660254037844386,0.5000000000000001,0,FEB,0,0.07372805,0,TRUE_NEGATIVE
Coastal Karnataka,2015,10.0,3,208.5,1043.9999999999995,2860.5000000000005,3038.2,183.64615384615385,24.853846153846177,13.53355114350341,0.0,0,0.305796825285378,0,2015-10-01,260.3,575.2,930.9,1766.3999999999996,2724.2000000000003,3056.1,-670.5999999999999,-0.8660254037844386,0.5000000000000001,0,OCT,0,0.07371857,0,TRUE_NEGATIVE
West Madhya Pradesh,2005,3.0,1,12.3,29.09999999999972,75.80000000000011,860.3000000000002,5.1179487179487175,7.182051282051283,140.33066132264534,0.0,0,0.8088752556867768,0,2005-03-01,3.1,13.7,0.8,17.599999999999717,119.20000000000012,848.0000000000002,2.3,1.0,6.123233995736766e-17,0,MAR,0,0.07353912,0,TRUE_NEGATIVE
Lakshadweep,2015,11.0,3,231.0,556.8000000000004,1257.3000000000002,1546.1999999999998,123.43909090909092,107.56090909090908,87.13682861624798,0.0,0,1.398514884708782,0,2015-11-01,165.4,160.4,146.4,472.2000000000004,1159.4,1374.1999999999998,19.0,-0.5000000000000004,0.8660254037844384,0,NOV,0,0.073497325,0,TRUE_NEGATIVE
Chhattisgarh,2013,9.0,2,140.9,896.3000000000005,1211.4,1284.0,218.1025641025641,-77.20256410256411,-35.397366564777805,77.20256410256411,0,-1.0292626687158883,0,2013-09-01,336.6,418.8,263.6,1019.0000000000006,1075.4,1388.4,73.0,-1.0,-1.8369701987210294e-16,0,SEP,0,0.07349342,0,TRUE_NEGATIVE
Arunachal Pradesh,2016,10.0,3,172.7,851.3000000000009,2129.699999999999,2757.4,194.79381443298968,-22.09381443298969,-11.34215400899709,22.09381443298969,0,-0.1526019118950796,0,2016-10-01,532.9,145.7,620.1,1298.700000000001,2290.099999999999,2649.9,-87.20000000000005,-0.8660254037844386,0.5000000000000001,0,OCT,0,0.07345468,0,TRUE_NEGATIVE
Naga Mani Mizo Tripura,2010,11.0,3,9.2,539.2000000000003,1711.5,2261.9,46.87008547008547,-37.67008547008547,-80.37127539297568,37.67008547008547,0,-0.7470177652992561,0,2010-11-01,220.2,309.8,393.2,923.2000000000002,1996.3,2278.8,-173.0,-0.5000000000000004,0.8660254037844384,0,NOV,0,0.073384404,0,TRUE_NEGATIVE
West Rajasthan,2003,8.0,2,93.6,327.19999999999993,330.2000000000003,383.1000000000001,94.94786324786324,-1.3478632478632449,-1.4195824969168835,1.3478632478632449,0,-0.0202443400902722,0,2003-08-01,188.4,45.2,1.8,235.4,257.80000000000024,306.70000000000005,186.6,-0.8660254037844385,-0.5000000000000004,0,AUG,0,0.07328638,0,TRUE_NEGATIVE
Punjab,2015,3.0,1,68.5,117.49999999999984,138.3,428.2000000000001,23.666666666666668,44.83333333333333,189.43661971830983,0.0,0,1.972381208948058,0,2015-03-01,31.3,17.7,14.1,63.099999999999845,175.60000000000002,390.0000000000001,17.200000000000003,1.0,6.123233995736766e-17,0,MAR,0,0.07320722,0,TRUE_NEGATIVE
Coastal Karnataka,2005,11.0,3,24.6,659.4999999999993,3350.4000000000005,3468.6,62.809401709401705,-38.2094017094017,-60.8338889871678,38.2094017094017,0,-0.6943001178524785,0,2005-11-01,178.7,456.2,692.0,1326.8999999999992,3370.8000000000006,3496.1000000000004,-513.3,-0.5000000000000004,0.8660254037844384,0,NOV,0,0.07319556,0,TRUE_NEGATIVE
Kerala,2003,12.0,3,9.7,493.0999999999995,1469.0000000000002,2394.8,39.98034188034188,-30.280341880341883,-75.73807640507087,30.280341880341883,0,-0.8223894038396143,0,2003-12-01,76.4,407.0,93.6,576.9999999999995,2026.0000000000005,2387.2000000000003,-17.19999999999999,-2.4492935982947064e-16,1.0,0,DEC,0,0.07313666,0,TRUE_NEGATIVE
East Madhya Pradesh,2005,9.0,2,198.4,1052.1999999999996,1261.2000000000007,1363.7000000000005,193.3401709401709,5.05982905982907,2.617060404583398,0.0,0,0.0508511824820998,0,2005-09-01,256.6,597.2,163.9,1017.6999999999996,1090.2000000000007,1285.2000000000005,92.70000000000002,-1.0,-1.8369701987210294e-16,0,SEP,0,0.07303463,0,TRUE_NEGATIVE
Naga Mani Mizo Tripura,2002,12.0,3,6.0,176.80000000000024,1223.1,2242.4,12.783760683760685,-6.7837606837606845,-53.06545430233336,6.7837606837606845,0,-0.343713513415954,0,2002-12-01,71.9,98.9,225.7,396.5000000000002,1568.7000000000005,2236.6,-153.79999999999998,-2.4492935982947064e-16,1.0,0,DEC,0,0.07292914,0,TRUE_NEGATIVE
West Uttar Pradesh,2001,1.0,0,2.5,2.4999999999999147,320.4999999999998,764.9999999999999,17.57008547008547,-15.07008547008547,-85.77127012696405,15.07008547008547,0,-0.9582769721763384,0,2001-01-01,0.0,0.0,0.0,0.0,569.1999999999998,771.2999999999998,0.0,0.4999999999999999,0.8660254037844387,0,JAN,0,0.072889976,0,TRUE_NEGATIVE
Orissa,2013,9.0,2,208.1,842.9999999999995,1226.9,1381.3000000000002,241.1948717948718,-33.09487179487181,-13.721217017838544,33.09487179487181,0,-0.4858730998968953,0,2013-09-01,254.9,380.0,272.6,907.4999999999995,1020.9,1415.6,-17.700000000000017,-1.0,-1.8369701987210294e-16,0,SEP,0,0.07282359,0,TRUE_NEGATIVE
Arunachal Pradesh,2007,11.0,3,24.3,656.2000000000007,2311.999999999999,3035.4,35.149484536082475,-10.849484536082477,-30.866695996480427,10.849484536082477,0,-0.3093387272389528,0,2007-11-01,102.6,529.3,364.6,996.5000000000008,2538.099999999999,3080.8,-262.0,-0.5000000000000004,0.8660254037844384,0,NOV,0,0.07271409,0,TRUE_NEGATIVE
Madhya Maharashtra,2001,9.0,2,137.3,477.5,648.4999999999998,714.5000000000001,157.62820512820514,-20.328205128205127,-12.896299308662057,20.328205128205127,0,-0.3191988071183064,0,2001-09-01,160.9,179.3,157.9,498.1,511.4999999999998,664.2000000000002,3.0,-1.0,-1.8369701987210294e-16,0,SEP,0,0.072689846,0,TRUE_NEGATIVE
Saurashtra & Kutch,2010,8.0,2,391.3,856.1999999999998,856.3000000000002,870.0,119.8982905982906,271.4017094017094,226.35994895958825,0.0,0,2.728099318098088,0,2010-08-01,393.8,71.1,0.1,464.9999999999999,465.00000000000017,584.6999999999999,393.7,-0.8660254037844385,-0.5000000000000004,0,AUG,0,0.0726697,0,TRUE_NEGATIVE
Gangetic West Bengal,2017,9.0,2,191.4,945.2000000000004,1271.0,1396.6,245.14358974358973,-53.74358974358972,-21.92331025249461,53.74358974358972,0,-0.6015869909634044,0,2017-09-01,264.5,489.3,193.7,947.5000000000005,1114.8,1438.9,70.80000000000001,-1.0,-1.8369701987210294e-16,0,SEP,0,0.072648816,0,TRUE_NEGATIVE
Bihar,2014,1.0,0,17.0,17.400000000000396,571.3999999999994,1081.7,13.242735042735044,3.757264957264957,28.37227313798889,0.0,0,0.255330401534004,0,2014-01-01,0.0,0.4,197.1,197.5000000000004,736.3999999999994,1069.8000000000002,-197.1,0.4999999999999999,0.8660254037844387,0,JAN,0,0.07262267,0,TRUE_NEGATIVE
Saurashtra & Kutch,2016,6.0,2,31.3,32.399999999999885,32.70000000000017,353.49999999999994,74.06666666666666,-42.766666666666666,-57.74077407740774,42.766666666666666,0,-0.6826549799678031,0,2016-06-01,1.1,0.0,0.3,1.3999999999998864,1.4000000000001709,434.8,0.8,1.2246467991473532e-16,-1.0,0,JUN,0,0.0725827,0,TRUE_NEGATIVE
Orissa,2001,9.0,2,132.0,1097.0999999999997,1532.9,1595.3,241.1948717948718,-109.1948717948718,-45.272468266961496,109.1948717948718,0,-1.6031139561640333,0,2001-09-01,380.9,584.2,336.1,1301.1999999999994,1433.1999999999998,1621.3,44.79999999999996,-1.0,-1.8369701987210294e-16,0,SEP,0,0.07251378,0,TRUE_NEGATIVE
East Uttar Pradesh,2017,1.0,0,9.7,9.700000000000228,410.7,876.0000000000001,15.866666666666667,-6.166666666666668,-38.8655462184874,6.166666666666668,0,-0.4230233221497613,0,2017-01-01,0.0,0.0,25.9,25.900000000000222,739.1,871.6,-25.9,0.4999999999999999,0.8660254037844387,0,JAN,0,0.07251079,0,TRUE_NEGATIVE
Haryana Delhi & Chandigarh,2004,9.0,2,22.1,294.90000000000003,406.2000000000001,442.99999999999983,87.71452991452992,-65.61452991452992,-74.80463040555026,65.61452991452992,0,-0.8922286567204709,0,2004-09-01,252.9,19.9,52.5,325.3,384.1,479.7999999999998,200.4,-1.0,-1.8369701987210294e-16,0,SEP,0,0.072397985,0,TRUE_NEGATIVE
Konkan & Goa,2008,11.0,3,0.9,609.4000000000003,3007.600000000001,3050.7,24.272649572649573,-23.37264957264957,-96.29212296207614,23.37264957264957,0,-0.6966049401869533,0,2008-11-01,57.3,551.2,833.1,1441.6000000000004,3017.8000000000006,3065.7999999999997,-775.8000000000001,-0.5000000000000004,0.8660254037844384,0,NOV,0,0.07239693,0,TRUE_NEGATIVE
Assam & Meghalaya,2005,10.0,3,218.6,895.3999999999999,2024.9999999999995,2471.1000000000004,152.4974358974359,66.10256410256409,43.34667249554426,0.0,0,0.963229548388902,0,2005-10-01,174.9,501.9,474.5,1151.3,2013.8999999999996,2593.3000000000006,-299.6,-0.8660254037844386,0.5000000000000001,0,OCT,0,0.07234308,0,TRUE_NEGATIVE
West Madhya Pradesh,2009,9.0,2,139.6,632.5999999999997,697.2000000000002,723.2000000000002,160.56923076923076,-20.96923076923076,-13.059308230334384,20.96923076923076,0,-0.2188550111787902,0,2009-09-01,172.7,320.3,56.8,549.7999999999997,557.7000000000003,723.3000000000002,115.9,-1.0,-1.8369701987210294e-16,0,SEP,0,0.07230132,0,TRUE_NEGATIVE
Haryana Delhi & Chandigarh,2006,3.0,1,30.4,32.8,33.599999999999994,472.6999999999997,12.952991452991451,17.447008547008544,134.69482019135597,0.0,0,1.151897649092839,0,2006-03-01,0.1,2.3,0.0,2.4,149.89999999999998,472.19999999999976,0.1,1.0,6.123233995736766e-17,0,MAR,0,0.07227374,0,TRUE_NEGATIVE
Vidarbha,2016,2.0,0,5.2,6.099999999999545,180.6000000000004,968.5,11.822222222222225,-6.622222222222223,-56.01503759398496,6.622222222222223,0,-0.3853252920711408,0,2016-02-01,0.7,0.2,0.0,0.8999999999995452,464.3000000000004,968.0,0.7,0.8660254037844386,0.5000000000000001,0,FEB,0,0.0722461,0,TRUE_NEGATIVE
Haryana Delhi & Chandigarh,2002,7.0,2,19.4,92.6,133.8,270.5999999999998,149.408547008547,-130.008547008547,-87.01546839961557,130.008547008547,0,-1.8840230622538665,0,2002-07-01,21.2,52.0,1.1,74.3,126.0,396.39999999999975,20.1,-0.4999999999999997,-0.8660254037844388,0,JUL,0,0.072217405,0,TRUE_NEGATIVE
Jharkhand,2007,9.0,2,324.7,1108.6999999999998,1314.5000000000005,1422.1,227.1367521367521,97.56324786324784,42.95352775164629,0.0,0,1.3315546832971032,0,2007-09-01,353.6,430.4,125.4,909.4,1015.3000000000004,1396.1,228.2,-1.0,-1.8369701987210294e-16,0,SEP,0,0.07212305,0,TRUE_NEGATIVE
Kerala,2006,11.0,3,162.8,1013.9999999999994,2733.0,3475.2,162.55897435897438,0.2410256410256295,0.1482696615035103,0.0,0,0.0028784831951944,0,2006-11-01,376.4,474.8,432.6,1283.7999999999995,3091.4000000000005,3496.7000000000003,-56.200000000000045,-0.5000000000000004,0.8660254037844384,0,NOV,0,0.07210048,0,TRUE_NEGATIVE
West Madhya Pradesh,2008,3.0,1,2.5,2.899999999999716,14.000000000000227,793.6000000000003,5.1179487179487175,-2.617948717948717,-51.15230460921843,2.617948717948717,0,-0.294845282419207,0,2008-03-01,0.0,0.4,0.6,0.9999999999997158,149.80000000000024,793.7000000000003,-0.6,1.0,6.123233995736766e-17,0,MAR,0,0.07204923,0,TRUE_NEGATIVE
Naga Mani Mizo Tripura,2001,11.0,3,65.4,600.8000000000002,1664.4,2150.1,46.87008547008547,18.52991452991453,39.53462927167294,0.0,0,0.3674580285812016,0,2001-11-01,266.4,269.0,263.0,798.4000000000002,1912.8,2108.9,3.3999999999999773,-0.5000000000000004,0.8660254037844384,0,NOV,0,0.072045706,0,TRUE_NEGATIVE
Rayalseema,2015,11.0,3,383.8,626.8000000000004,866.5,1007.7,101.22991452991452,282.5700854700855,279.13693969047364,0.0,0,3.905124575637556,0,2015-11-01,106.7,136.3,123.6,366.6000000000004,522.4,661.7,-16.89999999999999,-0.5000000000000004,0.8660254037844384,0,NOV,0,0.072019815,0,TRUE_NEGATIVE
Coastal Andhra Pradesh,2004,10.0,3,147.9,374.5999999999999,777.1000000000004,976.8,183.9017094017094,-36.001709401709405,-19.576604001580183,36.001709401709405,0,-0.3580192268108226,0,2004-10-01,101.7,125.0,192.1,418.7999999999999,669.3000000000004,1081.2,-90.4,-0.8660254037844386,0.5000000000000001,0,OCT,0,0.07201173,0,TRUE_NEGATIVE
Punjab,2007,2.0,0,68.8,76.69999999999992,235.4,699.0,26.405982905982903,42.39401709401709,160.54701407994818,0.0,0,1.8077418501737503,0,2007-02-01,1.2,6.7,13.4,21.299999999999915,257.4,633.9000000000001,-12.2,0.8660254037844386,0.5000000000000001,0,FEB,0,0.072002925,0,TRUE_NEGATIVE
Matathwada,2017,2.0,0,0.0,0.2000000000001705,403.2999999999999,946.0000000000002,4.394017094017094,-4.394017094017094,-100.0,4.394017094017094,0,-0.5072915134607713,0,2017-02-01,0.0,0.2,0.0,0.2000000000001705,492.4999999999999,949.1,0.0,0.8660254037844386,0.5000000000000001,0,FEB,0,0.07199727,0,TRUE_NEGATIVE
Madhya Maharashtra,2000,1.0,0,0.4,0.4,432.39999999999975,966.2,3.0025641025641026,-2.602564102564102,-86.67805294619984,2.602564102564102,0,-0.3930840401262839,0,2000-01-01,0.0,0.0,177.6,177.6,694.4999999999998,965.8,-177.6,0.4999999999999999,0.8660254037844387,0,JAN,0,0.07197314,0,TRUE_NEGATIVE
Andaman & Nicobar Islands,2001,11.0,3,222.6,824.5999999999997,2005.599999999999,3104.2,233.01818181818183,-10.418181818181836,-4.470973782771544,10.418181818181836,0,-0.0892834430315795,0,2001-11-01,267.6,334.4,469.0,1070.9999999999995,2488.2999999999997,3039.9,-201.4,-0.5000000000000004,0.8660254037844384,0,NOV,0,0.07196304,0,TRUE_NEGATIVE
Konkan & Goa,2012,11.0,3,2.3,692.7000000000004,3016.700000000001,3018.399999999999,24.272649572649573,-21.972649572649573,-90.52431423641676,21.972649572649573,0,-0.6548789513027936,0,2012-11-01,175.1,515.3,762.5,1452.9000000000003,3015.5000000000014,3019.199999999999,-587.4,-0.5000000000000004,0.8660254037844384,0,NOV,0,0.07195362,0,TRUE_NEGATIVE
Kerala,2001,11.0,3,181.0,717.3999999999996,2392.500000000001,2990.0,162.55897435897438,18.44102564102561,11.344206441843577,0.0,0,0.2202345865940332,0,2001-11-01,319.6,216.8,361.3,897.6999999999996,2450.1000000000004,2887.1000000000004,-41.69999999999999,-0.5000000000000004,0.8660254037844384,0,NOV,0,0.071859434,0,TRUE_NEGATIVE
East Uttar Pradesh,2006,9.0,2,51.5,467.3000000000002,609.5999999999999,648.4000000000001,183.4521367521368,-131.95213675213677,-71.92728255349681,131.95213675213677,0,-1.6088398797898416,0,2006-09-01,146.7,269.1,107.4,523.2000000000003,568.8,716.6000000000001,39.29999999999998,-1.0,-1.8369701987210294e-16,0,SEP,0,0.07185511,0,TRUE_NEGATIVE
Rayalseema,2000,10.0,3,134.7,479.1000000000004,740.3,878.6999999999999,135.02478632478633,-0.3247863247863449,-0.2405382993942382,0.3247863247863449,0,-0.0046342329754274,0,2000-10-01,102.9,241.5,94.7,439.1000000000004,627.7,844.2,8.200000000000003,-0.8660254037844386,0.5000000000000001,0,OCT,0,0.07184646,0,TRUE_NEGATIVE
West Madhya Pradesh,2012,9.0,2,194.3,974.6999999999998,1026.9,1033.3000000000002,160.56923076923076,33.730769230769255,21.00699434703461,0.0,0,0.3520466705865724,0,2012-09-01,341.2,439.2,48.2,828.5999999999997,832.6000000000001,1004.0000000000002,293.0,-1.0,-1.8369701987210294e-16,0,SEP,0,0.07181582,0,TRUE_NEGATIVE
Assam & Meghalaya,2016,10.0,3,136.5,592.9999999999999,1794.3999999999996,2250.3,152.4974358974359,-15.997435897435906,-10.49029828160205,15.997435897435906,0,-0.2331105179363213,0,2016-10-01,271.2,185.3,498.4,954.9,1985.7,2176.4,-227.2,-0.8660254037844386,0.5000000000000001,0,OCT,0,0.07179877,0,TRUE_NEGATIVE
Jharkhand,2017,9.0,2,134.0,872.0999999999998,1050.1,1105.4,227.1367521367521,-93.13675213675214,-41.00470366886172,93.13675213675214,0,-1.2711413489289023,0,2017-09-01,246.0,492.1,116.0,854.0999999999998,920.6,1258.9,130.0,-1.0,-1.8369701987210294e-16,0,SEP,0,0.071797274,0,TRUE_NEGATIVE
Coastal Andhra Pradesh,2000,2.0,0,42.4,42.499999999999886,362.2000000000003,864.9,12.71025641025641,29.68974358974359,233.5888642323986,0.0,0,1.492667022560802,0,2000-02-01,0.1,0.0,28.3,28.39999999999989,456.4000000000003,825.2,-28.2,0.8660254037844386,0.5000000000000001,0,FEB,0,0.07178585,0,TRUE_NEGATIVE
Vidarbha,2000,2.0,0,16.4,16.499999999999602,370.00000000000017,1160.4,11.822222222222225,4.577777777777776,38.72180451127817,0.0,0,0.2663658059283721,0,2000-02-01,0.1,0.0,0.0,0.0999999999996021,647.7000000000002,1164.9,0.1,0.8660254037844386,0.5000000000000001,0,FEB,0,0.071760155,0,TRUE_NEGATIVE
West Uttar Pradesh,2015,9.0,2,26.5,364.19999999999993,465.2999999999997,601.7999999999997,145.33931623931625,-118.83931623931625,-81.7668056478503,118.83931623931625,0,-1.3487958305027103,0,2015-09-01,143.5,194.2,72.0,409.6999999999999,505.5999999999998,659.9999999999998,71.5,-1.0,-1.8369701987210294e-16,0,SEP,0,0.071722806,0,TRUE_NEGATIVE
Coastal Andhra Pradesh,2006,2.0,0,0.0,4.199999999999887,756.5000000000005,1200.0,12.71025641025641,-12.71025641025641,-100.0,12.71025641025641,0,-0.6390146325964156,0,2006-02-01,0.0,4.2,56.2,60.39999999999989,862.4000000000004,1208.0,-56.2,0.8660254037844386,0.5000000000000001,0,FEB,0,0.071709365,0,TRUE_NEGATIVE
West Rajasthan,2014,8.0,2,69.6,177.7,213.8000000000002,286.6,94.94786324786324,-25.347863247863245,-26.69661262591256,25.347863247863245,0,-0.3807142638282852,0,2014-08-01,94.3,13.8,23.0,131.1,146.40000000000023,355.20000000000005,71.3,-0.8660254037844385,-0.5000000000000004,0,AUG,0,0.07166557,0,TRUE_NEGATIVE
Assam & Meghalaya,2008,11.0,3,2.2,403.0999999999998,1819.4999999999995,2342.0000000000005,26.892307692307693,-24.692307692307693,-91.8192219679634,24.692307692307693,0,-0.9401834774016568,0,2008-11-01,133.4,267.5,508.6,909.4999999999998,2027.8999999999996,2387.5000000000005,-375.2000000000001,-0.5000000000000004,0.8660254037844384,0,NOV,0,0.07165239,0,TRUE_NEGATIVE
West Madhya Pradesh,2012,2.0,0,0.0,6.199999999999716,171.40000000000023,1068.4,6.217241379310345,-6.217241379310345,-100.0,6.217241379310345,0,-0.6952566449912545,0,2012-02-01,6.2,0.0,0.0,6.199999999999716,514.7000000000003,1070.1,6.2,0.8660254037844386,0.5000000000000001,0,FEB,0,0.071616,0,TRUE_NEGATIVE
Coastal Karnataka,2006,10.0,3,212.0,1471.6999999999994,3728.3,3766.8,183.64615384615385,28.353846153846177,15.439390131523847,0.0,0,0.3488601355623347,0,2006-10-01,404.1,855.6,1100.8,2360.499999999999,3522.2000000000007,3733.5,-696.6999999999999,-0.8660254037844386,0.5000000000000001,0,OCT,0,0.07153379,0,TRUE_NEGATIVE
Chhattisgarh,2006,1.0,0,2.7,5.300000000000512,596.9999999999998,1232.4,14.023931623931624,-11.323931623931625,-80.74719648951731,11.323931623931625,0,-0.6217222917066686,0,2006-01-01,1.0,1.6,83.5,86.1000000000005,988.0999999999998,1287.2999999999995,-82.5,0.4999999999999999,0.8660254037844387,0,JAN,0,0.07150922,0,TRUE_NEGATIVE
Coastal Karnataka,2003,12.0,3,0.0,194.39999999999952,2038.5000000000005,3071.9,12.508547008547009,-12.508547008547009,-100.0,12.508547008547009,0,-0.5299151209040931,0,2003-12-01,10.7,183.7,236.0,430.3999999999995,3012.3,3072.2000000000003,-225.3,-2.4492935982947064e-16,1.0,0,DEC,0,0.07148644,0,TRUE_NEGATIVE
East Rajasthan,2008,9.0,2,112.7,446.7,638.4,639.5000000000002,97.04358974358976,15.656410256410254,16.133379131767374,0.0,0,0.2225173911248578,0,2008-09-01,167.9,166.1,160.6,494.6,526.2,612.9000000000003,7.300000000000011,-1.0,-1.8369701987210294e-16,0,SEP,0,0.07135277,0,TRUE_NEGATIVE
Gangetic West Bengal,2010,1.0,0,0.2,9.900000000000228,714.5,1312.7,12.476923076923075,-12.276923076923078,-98.39704069050556,12.276923076923078,0,-0.8378574434481669,0,2010-01-01,0.3,9.4,77.3,87.00000000000023,991.9,1314.9,-77.0,0.4999999999999999,0.8660254037844387,0,JAN,0,0.071345806,0,TRUE_NEGATIVE
Uttarakhand,2009,12.0,3,0.9,94.79999999999986,661.4999999999992,847.6,21.845299145299148,-20.94529914529915,-95.88012050549708,20.94529914529915,0,-0.8593323697711908,0,2009-12-01,12.6,81.3,206.6,300.49999999999983,702.4999999999992,847.3,-194.0,-2.4492935982947064e-16,1.0,0,DEC,0,0.07134407,0,TRUE_NEGATIVE
West Madhya Pradesh,2016,2.0,0,0.2,6.399999999999716,73.30000000000017,1001.0000000000002,6.217241379310345,-6.017241379310345,-96.78313921242376,6.017241379310345,0,-0.6728912066055125,0,2016-02-01,5.2,1.0,0.3,6.499999999999716,349.7000000000002,1007.2000000000002,4.9,0.8660254037844386,0.5000000000000001,0,FEB,0,0.071324706,0,TRUE_NEGATIVE
East Madhya Pradesh,2010,1.0,0,2.9,101.09999999999944,570.0000000000007,932.1000000000004,19.28205128205128,-16.382051282051282,-84.96010638297872,16.382051282051282,0,-0.7390104540272461,0,2010-01-01,19.0,79.2,68.9,167.09999999999943,884.7000000000006,944.0000000000002,-49.900000000000006,0.4999999999999999,0.8660254037844387,0,JAN,0,0.071315154,0,TRUE_NEGATIVE
West Uttar Pradesh,2007,9.0,2,57.0,364.29999999999984,464.5999999999998,587.6999999999998,145.33931623931625,-88.33931623931625,-60.78143101613084,88.33931623931625,0,-1.0026286348964244,0,2007-09-01,152.2,155.1,88.4,395.6999999999999,444.99999999999983,596.3999999999999,63.79999999999998,-1.0,-1.8369701987210294e-16,0,SEP,0,0.0712949,0,TRUE_NEGATIVE
Orissa,2002,9.0,2,206.5,747.8999999999994,1022.9,1153.4,241.1948717948718,-34.6948717948718,-14.384581038845068,34.6948717948718,0,-0.5093630521968613,0,2002-09-01,371.2,170.2,182.4,723.7999999999993,829.5,1078.9,188.8,-1.0,-1.8369701987210294e-16,0,SEP,0,0.07126238,0,TRUE_NEGATIVE
Kerala,2010,11.0,3,335.1,1052.0999999999997,2704.6000000000004,3129.3,162.55897435897438,172.54102564102564,106.14057225779992,0.0,0,2.060595879657829,0,2010-11-01,441.4,275.6,356.0,1072.9999999999995,2560.1000000000004,3068.6,85.39999999999998,-0.5000000000000004,0.8660254037844384,0,NOV,0,0.07112894,0,TRUE_NEGATIVE
Assam & Meghalaya,2006,11.0,3,25.1,374.9999999999999,1330.8999999999996,1889.3,26.892307692307693,-1.7923076923076913,-6.664759725400455,1.7923076923076913,0,-0.0682438474251046,0,2006-11-01,97.6,252.3,209.7,559.5999999999999,1631.4999999999995,1873.1,-112.1,-0.5000000000000004,0.8660254037844384,0,NOV,0,0.07112127,0,TRUE_NEGATIVE
Tamil Nadu,2012,12.0,3,14.0,293.69999999999993,523.1,636.1999999999999,81.14615384615385,-67.14615384615385,-82.7471798274718,67.14615384615385,0,-1.0258722989586748,0,2012-12-01,44.5,235.2,84.9,364.5999999999999,539.2,663.1999999999999,-40.400000000000006,-2.4492935982947064e-16,1.0,0,DEC,0,0.07108156,0,TRUE_NEGATIVE
Coastal Andhra Pradesh,2017,1.0,0,1.0,51.00000000000003,459.50000000000034,908.4,7.377777777777778,-6.377777777777778,-86.44578313253012,6.377777777777778,0,-0.5568480197599965,0,2017-01-01,36.9,13.1,59.7,109.70000000000005,590.0000000000003,909.0,-22.800000000000004,0.4999999999999999,0.8660254037844387,0,JAN,0,0.07105544,0,TRUE_NEGATIVE
North Interior Karnataka,2005,1.0,0,5.8,10.29999999999983,299.29999999999984,645.1,2.964102564102564,2.835897435897436,95.67474048442904,0.0,0,0.4607227086234862,0,2005-01-01,0.2,4.3,61.6,66.09999999999982,405.1999999999999,641.9,-61.4,0.4999999999999999,0.8660254037844387,0,JAN,0,0.07103304,0,TRUE_NEGATIVE
East Madhya Pradesh,2003,9.0,2,493.3,1230.2999999999995,1351.6000000000006,1464.0000000000002,193.3401709401709,299.9598290598291,155.14614867732354,0.0,0,3.014590379331122,0,2003-09-01,370.2,366.8,119.9,856.8999999999995,860.5000000000007,1162.8000000000002,250.3,-1.0,-1.8369701987210294e-16,0,SEP,0,0.07094894,0,TRUE_NEGATIVE
Gangetic West Bengal,2005,10.0,3,351.7,799.7000000000003,1436.7,1600.7,116.28888888888888,235.4111111111111,202.43646092107767,0.0,0,3.058448484918972,0,2005-10-01,221.3,226.7,354.5,802.5000000000002,1126.8000000000002,1469.7,-133.2,-0.8660254037844386,0.5000000000000001,0,OCT,0,0.07084749,0,TRUE_NEGATIVE
Vidarbha,2010,2.0,0,1.9,17.099999999999543,213.1000000000004,786.6000000000001,11.822222222222225,-9.922222222222222,-83.92857142857143,9.922222222222222,0,-0.577341419160283,0,2010-02-01,14.0,1.2,63.8,78.99999999999955,386.6000000000004,784.7000000000002,-49.8,0.8660254037844386,0.5000000000000001,0,FEB,0,0.07073835,0,TRUE_NEGATIVE
Bihar,2009,9.0,2,127.6,640.1000000000004,809.1999999999995,832.5,217.83504273504275,-90.23504273504275,-41.42356601678523,90.23504273504275,0,-1.1308105000368416,0,2009-09-01,298.9,213.6,67.7,580.2000000000004,682.6999999999996,821.9999999999999,231.2,-1.0,-1.8369701987210294e-16,0,SEP,0,0.07070287,0,TRUE_NEGATIVE
Himachal Pradesh,2005,10.0,3,1.8,272.29999999999984,694.5000000000002,1302.4,30.791452991452992,-28.99145299145299,-94.1542219508133,28.99145299145299,0,-0.5821966371479054,0,2005-10-01,156.3,114.2,317.2,587.6999999999998,727.9000000000002,1405.3000000000002,-160.89999999999998,-0.8660254037844386,0.5000000000000001,0,OCT,0,0.070667654,0,TRUE_NEGATIVE
North Interior Karnataka,2001,1.0,0,2.1,5.399999999999801,419.49999999999983,714.1999999999999,2.964102564102564,-0.8641025641025641,-29.1522491349481,0.8641025641025641,0,-0.1403829591375359,0,2001-01-01,0.5,2.8,115.1,118.3999999999998,544.4999999999999,712.4999999999999,-114.6,0.4999999999999999,0.8660254037844387,0,JAN,0,0.070652634,0,TRUE_NEGATIVE
Konkan & Goa,2006,10.0,3,202.4,1488.7000000000005,3449.8000000000006,3459.8,113.6982905982906,88.70170940170941,78.01498943823435,0.0,0,1.0056960833460735,0,2006-10-01,399.9,886.4,1066.2,2352.5,3247.4000000000005,3333.899999999999,-666.3000000000001,-0.8660254037844386,0.5000000000000001,0,OCT,0,0.07061919,0,TRUE_NEGATIVE
East Uttar Pradesh,2005,9.0,2,119.7,637.3000000000002,703.7,775.2000000000002,183.4521367521368,-63.75213675213677,-34.7513732359916,63.75213675213677,0,-0.7773044268416696,0,2005-09-01,227.3,290.3,57.5,575.1000000000001,594.3,782.0000000000001,169.8,-1.0,-1.8369701987210294e-16,0,SEP,0,0.07052763,0,TRUE_NEGATIVE
Coastal Andhra Pradesh,2005,2.0,0,8.0,21.79999999999985,280.8000000000004,860.0000000000001,12.71025641025641,-4.7102564102564095,-37.05870486181158,4.7102564102564095,0,-0.2368105467176952,0,2005-02-01,13.6,0.2,9.4,23.199999999999857,397.8000000000004,863.4000000000001,4.199999999999999,0.8660254037844386,0.5000000000000001,0,FEB,0,0.070479035,0,TRUE_NEGATIVE
Haryana Delhi & Chandigarh,2008,9.0,2,114.5,413.0,692.8,697.9999999999998,87.71452991452992,26.78547008547008,30.537095862646886,0.0,0,0.3642297525428601,0,2008-09-01,174.2,124.3,193.5,492.0,578.9,638.6999999999998,-19.30000000000001,-1.0,-1.8369701987210294e-16,0,SEP,0,0.07043225,0,TRUE_NEGATIVE
Konkan & Goa,2015,11.0,3,27.3,359.6000000000005,2027.400000000001,2093.499999999999,24.272649572649573,3.027350427350428,12.472270150357406,0.0,0,0.0902279930571998,0,2015-11-01,91.4,240.9,377.3,709.6000000000005,2011.4000000000008,2074.199999999999,-285.9,-0.5000000000000004,0.8660254037844384,0,NOV,0,0.07038081,0,TRUE_NEGATIVE
Saurashtra & Kutch,2009,3.0,1,0.0,0.0,14.1000000000002,607.5999999999999,1.276923076923077,-1.276923076923077,-100.0,1.276923076923077,0,-0.2262333753033426,0,2009-03-01,0.0,0.0,7.7,7.699999999999943,245.7000000000002,607.6999999999999,-7.7,1.0,6.123233995736766e-17,0,MAR,0,0.07031621,0,TRUE_NEGATIVE
East Rajasthan,2005,3.0,1,5.7,9.7,37.7,613.4000000000002,4.51880341880342,1.1811965811965806,26.13958766786456,0.0,0,0.1302691779930121,0,2005-03-01,3.6,0.4,0.1,4.1,56.7,607.7000000000003,3.5,1.0,6.123233995736766e-17,0,MAR,0,0.07028615,0,TRUE_NEGATIVE
Haryana Delhi & Chandigarh,2007,8.0,2,87.9,258.6,313.1,449.69999999999976,150.05299145299145,-62.15299145299144,-41.42069468335972,62.15299145299144,0,-0.7945369576787678,0,2007-08-01,82.0,88.7,12.4,183.1,301.2,393.89999999999975,69.6,-0.8660254037844385,-0.5000000000000004,0,AUG,0,0.07026308,0,TRUE_NEGATIVE
Telangana,2016,2.0,0,0.2,3.1,177.29999999999967,841.1,9.524786324786325,-9.324786324786324,-97.90021536252694,9.324786324786324,0,-0.6157601374940888,0,2016-02-01,1.2,1.7,0.3,3.2,337.5999999999996,840.9,0.8999999999999999,0.8660254037844386,0.5000000000000001,0,FEB,0,0.07024385,0,TRUE_NEGATIVE
Uttarakhand,2015,9.0,2,52.6,694.9,976.7999999999992,1306.3,195.52051282051283,-142.92051282051284,-73.09745190353168,142.92051282051284,0,-1.357094242622307,0,2015-09-01,305.3,337.0,186.6,828.8999999999999,1051.499999999999,1361.6,118.70000000000002,-1.0,-1.8369701987210294e-16,0,SEP,0,0.070222236,0,TRUE_NEGATIVE
West Uttar Pradesh,2015,4.0,1,21.0,94.9999999999999,142.89999999999978,507.7999999999998,6.162393162393163,14.837606837606838,240.7766990291262,0.0,0,1.490769995836746,0,2015-04-01,66.8,7.2,31.6,105.59999999999988,136.49999999999977,492.0999999999998,35.2,0.8660254037844387,-0.4999999999999998,0,APR,0,0.070206955,0,TRUE_NEGATIVE
East Uttar Pradesh,2007,3.0,1,25.8,72.50000000000017,84.29999999999994,693.9000000000001,8.873504273504274,16.926495726495727,190.753226738586,0.0,0,1.43304286855276,0,2007-03-01,46.6,0.1,1.5,48.20000000000017,109.99999999999994,678.8000000000002,45.1,1.0,6.123233995736766e-17,0,MAR,0,0.07017759,0,TRUE_NEGATIVE
Vidarbha,2002,2.0,0,4.0,6.399999999999602,177.70000000000022,1119.5,11.822222222222225,-7.822222222222223,-66.16541353383458,7.822222222222223,0,-0.4551493382853743,0,2002-02-01,2.4,0.0,4.7,7.099999999999602,533.5000000000002,1115.6,-2.3000000000000003,0.8660254037844386,0.5000000000000001,0,FEB,0,0.07016445,0,TRUE_NEGATIVE
Gangetic West Bengal,2017,1.0,0,1.4,20.60000000000034,740.8000000000001,1418.5,12.476923076923075,-11.076923076923077,-88.77928483353884,11.076923076923077,0,-0.7559616031111279,0,2017-01-01,0.0,19.2,69.8,89.00000000000034,1074.1,1427.0,-69.8,0.4999999999999999,0.8660254037844387,0,JAN,0,0.07016171,0,TRUE_NEGATIVE
Gujarat Region,2005,4.0,1,0.0,0.0,0.0,1005.7999999999996,1.0974358974358975,-1.0974358974358975,-100.0,1.0974358974358975,0,-0.2779302288792669,0,2005-04-01,0.0,0.0,0.0,0.0,22.19999999999977,1005.7999999999996,0.0,0.8660254037844387,-0.4999999999999998,0,APR,0,0.07012019,0,TRUE_NEGATIVE
Madhya Maharashtra,2012,1.0,0,0.0,0.0,449.2999999999998,852.5,3.0025641025641026,-3.0025641025641026,-100.0,3.0025641025641026,0,-0.4534989270816537,0,2012-01-01,0.0,0.0,62.8,62.8,710.6999999999997,852.5,-62.8,0.4999999999999999,0.8660254037844387,0,JAN,0,0.07011459,0,TRUE_NEGATIVE
Madhya Maharashtra,2004,1.0,0,0.1,3.7,327.7999999999998,771.8000000000001,3.0025641025641026,-2.9025641025641025,-96.66951323654996,2.9025641025641025,0,-0.4383952053428112,0,2004-01-01,0.1,3.5,29.5,33.1,536.3999999999997,772.5000000000001,-29.4,0.4999999999999999,0.8660254037844387,0,JAN,0,0.07006167,0,TRUE_NEGATIVE
Saurashtra & Kutch,2015,5.0,1,0.8,7.299999999999887,8.200000000000172,389.1,4.593162393162393,-3.793162393162393,-82.58280610346111,3.793162393162393,0,-0.2305558553873254,0,2015-05-01,2.1,4.4,0.0,6.499999999999886,10.10000000000017,390.4,2.1,0.4999999999999999,-0.8660254037844387,0,MAY,0,0.07004284,0,TRUE_NEGATIVE
Gangetic West Bengal,2009,9.0,2,294.6,904.9000000000004,1206.2,1300.4,245.14358974358973,49.45641025641029,20.174466037696394,0.0,0,0.5535977996995305,0,2009-09-01,332.7,277.6,69.7,680.0000000000002,929.5,1273.1,263.0,-1.0,-1.8369701987210294e-16,0,SEP,0,0.07003576,0,TRUE_NEGATIVE
West Rajasthan,2016,3.0,1,6.7,8.399999999999972,9.600000000000255,434.30000000000007,4.011111111111111,2.688888888888889,67.03601108033241,0.0,0,0.3469358388109038,0,2016-03-01,1.6,0.1,0.0,1.6999999999999718,38.60000000000026,457.9000000000001,1.6,1.0,6.123233995736766e-17,0,MAR,0,0.070020825,0,TRUE_NEGATIVE
Uttarakhand,2001,9.0,2,68.3,933.0,1387.5999999999992,1530.4,195.52051282051283,-127.22051282051284,-65.06760389755158,127.22051282051284,0,-1.2080157150639297,0,2001-09-01,371.7,493.0,297.3,1161.9999999999998,1402.6999999999994,1657.4,74.39999999999998,-1.0,-1.8369701987210294e-16,0,SEP,0,0.06999696,0,TRUE_NEGATIVE
Gujarat Region,2007,3.0,1,0.0,0.5000000000002274,12.599999999999772,1477.6999999999996,1.205128205128205,-1.205128205128205,-100.0,1.205128205128205,0,-0.2540128801891217,0,2007-03-01,0.4,0.1,0.0,0.5000000000002274,153.19999999999976,1478.4999999999995,0.4,1.0,6.123233995736766e-17,0,MAR,0,0.06998635,0,TRUE_NEGATIVE
Haryana Delhi & Chandigarh,2014,9.0,2,67.3,174.40000000000003,228.1,299.8999999999998,87.71452991452992,-20.41452991452992,-23.27382924405122,20.41452991452992,0,-0.2775974868210925,0,2014-09-01,34.8,72.3,25.9,133.00000000000003,187.6,275.3999999999998,8.899999999999999,-1.0,-1.8369701987210294e-16,0,SEP,0,0.06995598,0,TRUE_NEGATIVE
West Madhya Pradesh,2000,1.0,0,0.1,0.3999999999997158,605.4,1051.9000000000003,9.167521367521369,-9.067521367521367,-98.9091926160731,9.067521367521367,0,-0.8114246371785093,0,2000-01-01,0.0,0.3,86.2,86.49999999999972,889.3000000000001,1052.7,-86.2,0.4999999999999999,0.8660254037844387,0,JAN,0,0.06994994,0,TRUE_NEGATIVE
Tamil Nadu,2013,10.0,3,127.9,352.0999999999999,491.4,635.0,181.9564102564103,-54.05641025641026,-29.708439609373897,54.05641025641026,0,-0.8009005006724833,0,2013-10-01,113.5,110.7,42.7,266.8999999999999,383.8,742.3,70.8,-0.8660254037844386,0.5000000000000001,0,OCT,0,0.06994015,0,TRUE_NEGATIVE
East Rajasthan,2017,2.0,0,0.0,8.4,81.19999999999995,868.0000000000002,5.328205128205128,-5.328205128205128,-100.0,5.328205128205128,0,-0.7164847740273168,0,2017-02-01,8.4,0.0,0.0,8.4,466.8,868.4000000000002,8.4,0.8660254037844386,0.5000000000000001,0,FEB,0,0.06993902,0,TRUE_NEGATIVE
Kerala,2005,11.0,3,184.3,839.0999999999995,2582.0000000000005,2977.5,162.55897435897438,21.74102564102563,13.374238934982166,0.0,0,0.2596453086388777,0,2005-11-01,240.1,414.7,291.0,945.7999999999994,2532.5000000000005,2913.9,-50.900000000000006,-0.5000000000000004,0.8660254037844384,0,NOV,0,0.06983328,0,TRUE_NEGATIVE
West Madhya Pradesh,2017,9.0,2,151.4,617.8999999999996,745.0000000000002,793.6000000000003,160.56923076923076,-9.16923076923075,-5.710453195362641,9.16923076923075,0,-0.0956988897010702,0,2017-09-01,173.7,292.8,120.0,586.4999999999997,595.1000000000001,743.0000000000002,53.69999999999999,-1.0,-1.8369701987210294e-16,0,SEP,0,0.06975574,0,TRUE_NEGATIVE
West Uttar Pradesh,2004,1.0,0,20.6,34.999999999999886,606.4999999999999,1049.4,17.57008547008547,3.029914529914532,17.24473415381623,0.0,0,0.1926662809871326,0,2004-01-01,13.6,0.8,0.7,15.099999999999886,901.5,1047.4,12.9,0.4999999999999999,0.8660254037844387,0,JAN,0,0.06973622,0,TRUE_NEGATIVE
East Uttar Pradesh,2007,9.0,2,111.5,557.1000000000001,653.1,737.4000000000001,183.4521367521368,-71.95213675213677,-39.22120397504648,71.95213675213677,0,-0.8772837628266404,0,2007-09-01,180.4,265.2,64.5,510.10000000000014,567.4,677.4000000000001,115.9,-1.0,-1.8369701987210294e-16,0,SEP,0,0.06970263,0,TRUE_NEGATIVE
Coastal Karnataka,2016,11.0,3,14.4,317.69999999999953,2515.2000000000003,2628.3,62.809401709401705,-48.409401709401706,-77.07349599248847,48.409401709401706,0,-0.8796435381958736,0,2016-11-01,77.4,225.9,471.3,774.5999999999996,2595.1000000000004,2738.1000000000004,-393.9,-0.5000000000000004,0.8660254037844384,0,NOV,0,0.06968848,0,TRUE_NEGATIVE
Arunachal Pradesh,2013,10.0,3,164.1,710.4000000000009,1665.7999999999993,2063.2,194.79381443298968,-30.693814432989683,-15.75707859222016,30.693814432989683,0,-0.2120020868299288,0,2013-10-01,316.1,230.2,329.6,875.900000000001,1676.7999999999993,2147.2,-13.5,-0.8660254037844386,0.5000000000000001,0,OCT,0,0.0696794,0,TRUE_NEGATIVE
Gangetic West Bengal,2012,9.0,2,246.9,823.3000000000002,1071.8,1171.8,245.14358974358973,1.7564102564102768,0.7164822291488065,0.0,0,0.0196606435500924,0,2012-09-01,261.4,315.0,146.6,723.0000000000002,829.3,1220.8,114.79999999999998,-1.0,-1.8369701987210294e-16,0,SEP,0,0.06966457,0,TRUE_NEGATIVE
Tamil Nadu,2002,1.0,0,2.9,82.79999999999993,224.79999999999995,464.6,23.75213675213676,-20.852136752136754,-87.79057214825478,20.852136752136754,0,-0.6504086795651683,1,2002-01-01,27.6,52.3,69.5,149.39999999999992,259.0999999999999,483.5,-41.9,0.4999999999999999,0.8660254037844387,0,JAN,0,0.06962675,0,TRUE_NEGATIVE
Tamil Nadu,2000,12.0,3,88.9,357.79999999999995,709.5,972.2,81.14615384615385,7.753846153846155,9.555408095554082,0.0,0,0.1184648043705286,0,2000-12-01,148.6,120.3,169.8,438.7,672.8,936.9,-21.200000000000017,-2.4492935982947064e-16,1.0,0,DEC,0,0.06962659,0,TRUE_NEGATIVE
Coastal Andhra Pradesh,2014,10.0,3,195.6,517.9,828.3000000000004,900.9,183.9017094017094,11.698290598290583,6.361164687565349,0.0,0,0.1163337248316728,0,2014-10-01,144.5,177.8,151.8,474.1,638.7000000000004,1116.8,-7.300000000000011,-0.8660254037844386,0.5000000000000001,0,OCT,0,0.069446884,0,TRUE_NEGATIVE
Andaman & Nicobar Islands,2005,12.0,3,283.9,877.4999999999995,2125.399999999999,2954.5,157.46697247706425,126.43302752293572,80.2917751793007,0.0,0,0.963530813210486,0,2005-12-01,300.1,293.5,507.5,1101.0999999999997,2293.8999999999987,2671.0,-207.4,-2.4492935982947064e-16,1.0,0,DEC,0,0.06942351,0,TRUE_NEGATIVE
Saurashtra & Kutch,2001,6.0,2,172.9,173.9999999999999,174.00000000000023,451.69999999999993,74.06666666666666,98.83333333333334,133.43834383438346,0.0,0,1.5776087417026785,0,2001-06-01,0.9,0.2,0.0,1.0999999999998864,1.2000000000002276,284.2,0.9,1.2246467991473532e-16,-1.0,0,JUN,0,0.06938533,0,TRUE_NEGATIVE
Tamil Nadu,2008,2.0,0,29.1,260.69999999999993,677.9,1093.1999999999998,13.209401709401709,15.890598290598293,120.29763830475576,0.0,0,0.8190840590044703,0,2008-02-01,11.7,219.9,79.2,310.7999999999999,785.3,1071.6,-67.5,0.8660254037844386,0.5000000000000001,0,FEB,0,0.06935775,0,TRUE_NEGATIVE
Jharkhand,2012,1.0,0,34.6,34.69999999999983,785.8000000000002,1405.9,17.471794871794874,17.128205128205128,98.03346052245377,0.0,0,0.8416135082028169,0,2012-01-01,0.1,0.0,23.3,23.39999999999983,933.0000000000005,1374.6,-23.2,0.4999999999999999,0.8660254037844387,0,JAN,0,0.06934208,0,TRUE_NEGATIVE
Kerala,2005,12.0,3,56.4,480.7999999999994,2019.2000000000005,3031.2,39.98034188034188,16.419658119658116,41.06932894371164,0.0,0,0.4459445307994475,0,2005-12-01,184.3,240.1,414.7,839.0999999999995,2582.0000000000005,2977.5,-230.4,-2.4492935982947064e-16,1.0,0,DEC,0,0.06929965,0,TRUE_NEGATIVE
Punjab,2003,8.0,2,94.7,272.0999999999999,298.4,466.7000000000001,157.74615384615385,-63.04615384615384,-39.9668405910177,63.04615384615384,0,-0.8623799073300702,0,2003-08-01,136.7,40.7,3.9,181.2999999999999,260.1,430.4,132.79999999999998,-0.8660254037844385,-0.5000000000000004,0,AUG,0,0.069267675,0,TRUE_NEGATIVE
Assam & Meghalaya,2001,10.0,3,201.4,763.8000000000001,1881.1,2178.4,152.4974358974359,48.9025641025641,32.067794330295584,0.0,0,0.7125955759066386,0,2001-10-01,266.8,295.6,451.1,1013.5,1878.2999999999995,2060.9,-184.3,-0.8660254037844386,0.5000000000000001,0,OCT,0,0.06917621,0,TRUE_NEGATIVE
Coastal Andhra Pradesh,2016,10.0,3,59.7,408.50000000000006,849.9000000000003,942.2,183.9017094017094,-124.2017094017094,-67.53700648339647,124.2017094017094,0,-1.235124684564871,0,2016-10-01,224.4,124.4,131.5,480.30000000000007,793.2000000000003,942.2,92.9,-0.8660254037844386,0.5000000000000001,0,OCT,0,0.069130786,0,TRUE_NEGATIVE
Vidarbha,2012,9.0,2,249.4,936.0999999999996,1062.4000000000003,1070.3,175.53675213675214,73.86324786324786,42.07850889579215,0.0,0,0.9185048727051818,0,2012-09-01,316.2,370.5,125.5,812.1999999999996,813.0000000000005,1011.9,190.7,-1.0,-1.8369701987210294e-16,0,SEP,0,0.0689398,0,TRUE_NEGATIVE
West Madhya Pradesh,2003,9.0,2,254.9,790.3999999999997,920.4,955.3000000000002,160.56923076923076,94.33076923076923,58.747724441889446,0.0,0,0.9845264130907948,0,2003-09-01,228.0,307.5,128.7,664.1999999999997,665.6000000000001,841.4000000000001,99.3,-1.0,-1.8369701987210294e-16,0,SEP,0,0.06887679,0,TRUE_NEGATIVE
Jharkhand,2013,1.0,0,1.1,57.29999999999984,595.1000000000003,1031.4,17.471794871794874,-16.371794871794872,-93.70413853830348,16.371794871794872,0,-0.8044464445920637,0,2013-01-01,7.6,48.6,37.8,93.99999999999984,881.2000000000003,1064.9,-30.2,0.4999999999999999,0.8660254037844387,0,JAN,0,0.06882924,0,TRUE_NEGATIVE
East Madhya Pradesh,2004,9.0,2,119.9,692.0999999999996,905.8000000000006,949.9000000000004,193.3401709401709,-73.44017094017093,-37.98495190267364,73.44017094017093,0,-0.7380722727659444,0,2004-09-01,369.1,203.1,208.1,780.2999999999995,785.9000000000007,1323.3000000000002,161.00000000000003,-1.0,-1.8369701987210294e-16,0,SEP,0,0.0687919,0,TRUE_NEGATIVE
Madhya Maharashtra,2003,9.0,2,116.2,503.3,734.8999999999997,781.6000000000001,157.62820512820514,-41.428205128205136,-26.28222854819032,41.428205128205136,0,-0.6505165396834608,0,2003-09-01,178.4,208.7,210.8,597.9,620.1999999999998,761.2000000000002,-32.400000000000006,-1.0,-1.8369701987210294e-16,0,SEP,0,0.06876933,0,TRUE_NEGATIVE
Rayalseema,2002,10.0,3,167.5,315.50000000000034,504.19999999999993,638.0,135.02478632478633,32.475213675213666,24.051297957323435,0.0,0,0.4633745161429738,0,2002-10-01,78.2,69.8,42.9,190.90000000000035,354.19999999999993,823.0,35.300000000000004,-0.8660254037844386,0.5000000000000001,0,OCT,0,0.06869286,0,TRUE_NEGATIVE
Uttarakhand,2014,12.0,3,44.3,85.09999999999988,919.8999999999992,1287.5,21.845299145299148,22.45470085470085,102.789624007199,0.0,0,0.9212592842009596,0,2014-12-01,0.0,40.8,107.9,148.69999999999987,938.4999999999992,1247.0,-107.9,-2.4492935982947064e-16,1.0,0,DEC,0,0.06862339,0,TRUE_NEGATIVE
Orissa,2013,10.0,3,391.0,853.9999999999995,1564.3000000000002,1706.3000000000002,113.82649572649574,277.17350427350425,243.50525991725297,0.0,0,3.673272582734606,0,2013-10-01,208.1,254.9,380.0,842.9999999999995,1226.9,1381.3000000000002,-171.9,-0.8660254037844386,0.5000000000000001,0,OCT,0,0.06860367,0,TRUE_NEGATIVE
Uttarakhand,2006,12.0,3,27.0,52.599999999999945,771.9999999999992,1178.9,21.845299145299148,5.154700854700852,23.59638483508743,0.0,0,0.2114842700599872,0,2006-12-01,6.8,18.8,79.1,104.69999999999992,849.1999999999992,1156.2,-72.3,-2.4492935982947064e-16,1.0,0,DEC,0,0.068581484,0,TRUE_NEGATIVE
Saurashtra & Kutch,2008,3.0,1,0.1,0.3,3.200000000000227,889.0999999999999,1.276923076923077,-1.176923076923077,-92.16867469879516,1.176923076923077,0,-0.2085163037434423,0,2008-03-01,0.1,0.1,0.0,0.1999999999999431,160.10000000000022,889.0999999999999,0.1,1.0,6.123233995736766e-17,0,MAR,0,0.068507314,0,TRUE_NEGATIVE
Madhya Maharashtra,2005,9.0,2,276.4,893.6999999999999,1153.0999999999997,1208.9,157.62820512820514,118.77179487179484,75.3493289955266,0.0,0,1.8649858658586107,0,2005-09-01,256.1,361.2,240.5,857.8000000000001,878.2999999999997,1113.7000000000005,15.600000000000025,-1.0,-1.8369701987210294e-16,0,SEP,0,0.06849585,0,TRUE_NEGATIVE
Chhattisgarh,2001,9.0,2,108.4,1119.3000000000006,1492.8999999999996,1513.1999999999998,218.1025641025641,-109.70256410256412,-50.29861274394545,109.70256410256412,0,-1.4625518621787694,0,2001-09-01,380.3,630.6,339.4,1350.3000000000006,1399.1,1573.9,40.900000000000034,-1.0,-1.8369701987210294e-16,0,SEP,0,0.068461336,0,TRUE_NEGATIVE
Tamil Nadu,2002,9.0,2,32.2,70.49999999999993,135.99999999999994,314.3,111.52136752136752,-79.32136752136752,-71.12660944206009,79.32136752136752,0,-2.017688720870703,1,2002-09-01,26.5,11.8,23.7,61.99999999999993,107.69999999999996,335.90000000000003,2.8000000000000007,-1.0,-1.8369701987210294e-16,0,SEP,0,0.06835384,0,TRUE_NEGATIVE
Coastal Karnataka,2006,2.0,0,0.0,3.2999999999993177,662.8000000000004,3471.2000000000003,1.4923076923076923,-1.4923076923076923,-100.0,1.4923076923076923,0,-0.3180213375097886,0,2006-02-01,1.0,2.3,24.6,27.89999999999932,1354.8000000000004,3471.4,-23.6,0.8660254037844386,0.5000000000000001,0,FEB,0,0.068267226,0,TRUE_NEGATIVE
Andaman & Nicobar Islands,2004,12.0,3,0.4,394.1999999999997,1362.499999999999,2460.0,157.46697247706425,-157.06697247706424,-99.74597847808482,157.06697247706424,0,-1.1969884031439564,0,2004-12-01,169.9,223.9,280.7,674.4999999999997,1785.999999999999,2507.6,-110.79999999999998,-2.4492935982947064e-16,1.0,0,DEC,0,0.068233736,0,TRUE_NEGATIVE
Chhattisgarh,2008,1.0,0,6.7,9.200000000000454,674.8999999999997,1287.8999999999996,14.023931623931624,-7.323931623931624,-52.22452462213554,7.323931623931624,0,-0.4021087114223294,0,2008-01-01,0.5,2.0,67.8,70.30000000000045,978.0999999999998,1281.1999999999998,-67.3,0.4999999999999999,0.8660254037844387,0,JAN,0,0.06816516,0,TRUE_NEGATIVE
Kerala,2011,11.0,3,169.7,788.0999999999993,2606.1000000000004,3032.5999999999995,162.55897435897438,7.141025641025607,4.392883056247809,0.0,0,0.0852827201980506,0,2011-11-01,227.2,391.2,492.7,1111.0999999999997,2560.600000000001,3198.0,-265.5,-0.5000000000000004,0.8660254037844384,0,NOV,0,0.06811036,0,TRUE_NEGATIVE
Jharkhand,2015,1.0,0,12.2,13.399999999999771,527.4000000000002,1158.9,17.471794871794874,-5.271794871794874,-30.17317287936602,5.271794871794874,0,-0.2590355348600288,0,2015-01-01,1.2,0.0,44.9,46.099999999999774,836.5000000000001,1156.6,-43.7,0.4999999999999999,0.8660254037844387,0,JAN,0,0.06809644,0,TRUE_NEGATIVE
Arunachal Pradesh,2010,11.0,3,58.9,600.800000000001,1810.1999999999991,2857.3,35.149484536082475,23.750515463917523,67.57002493034169,0.0,0,0.6771708094005124,0,2010-11-01,97.7,444.2,321.5,863.400000000001,2063.999999999999,2832.3,-223.8,-0.5000000000000004,0.8660254037844384,0,NOV,0,0.06807127,0,TRUE_NEGATIVE
Saurashtra & Kutch,2015,9.0,2,79.9,317.1999999999999,432.70000000000016,445.9,74.9957264957265,4.904273504273505,6.5394039546412905,0.0,0,0.0664581797254242,0,2015-09-01,10.6,226.7,112.6,349.89999999999986,357.20000000000016,465.2,-102.0,-1.0,-1.8369701987210294e-16,0,SEP,0,0.06805444,0,TRUE_NEGATIVE
Coastal Karnataka,2010,12.0,3,11.0,537.1999999999996,2843.3000000000006,3686.7,12.508547008547009,-1.5085470085470083,-12.060129825760164,1.5085470085470083,0,-0.0639084515473675,0,2010-12-01,231.5,294.7,468.4,994.5999999999996,3515.0000000000005,3711.1,-236.9,-2.4492935982947064e-16,1.0,0,DEC,0,0.06803056,0,TRUE_NEGATIVE
Rayalseema,2008,11.0,3,192.1,439.8000000000004,657.8,873.8,101.22991452991452,90.87008547008548,89.76603990239703,0.0,0,1.255826508914311,0,2008-11-01,126.0,121.7,104.9,352.6000000000004,507.8,717.0,21.099999999999994,-0.5000000000000004,0.8660254037844384,0,NOV,0,0.06801675,0,TRUE_NEGATIVE
Tamil Nadu,2003,11.0,3,59.5,171.59999999999994,282.1,353.6,175.3777777777778,-115.8777777777778,-66.07323872275722,115.8777777777778,0,-1.278166466743431,1,2003-11-01,86.0,26.1,49.3,161.39999999999992,242.4,341.3,36.7,-0.5000000000000004,0.8660254037844384,0,NOV,0,0.06801094,0,TRUE_NEGATIVE
East Rajasthan,2016,3.0,1,3.8,4.8,11.099999999999945,587.4000000000003,4.51880341880342,-0.7188034188034198,-15.90694155475697,0.7188034188034198,0,-0.0792737906600024,0,2016-03-01,0.4,0.6,0.8,1.8,27.399999999999945,639.5000000000002,-0.4,1.0,6.123233995736766e-17,0,MAR,0,0.06798673,0,TRUE_NEGATIVE
Punjab,2006,9.0,2,120.7,431.7999999999999,538.1999999999999,603.4000000000001,85.99059829059829,34.70940170940172,40.3641821308233,0.0,0,0.3999091262073657,0,2006-09-01,90.8,220.3,73.0,384.0999999999999,463.6,589.4000000000001,17.799999999999997,-1.0,-1.8369701987210294e-16,0,SEP,0,0.06797124,0,TRUE_NEGATIVE
Andaman & Nicobar Islands,2007,11.0,3,223.9,919.6999999999996,2226.499999999999,2737.0,233.01818181818183,-9.118181818181824,-3.913077403245945,9.118181818181824,0,-0.0781424898435202,0,2007-11-01,209.4,486.4,465.3,1161.0999999999997,2372.599999999999,2589.2,-255.9,-0.5000000000000004,0.8660254037844384,0,NOV,0,0.06796638,0,TRUE_NEGATIVE
Coastal Karnataka,2003,2.0,0,3.6,3.999999999999545,548.2000000000004,2785.1,1.4923076923076923,2.107692307692308,141.23711340206185,0.0,0,0.4491641571014541,0,2003-02-01,0.1,0.3,20.7,21.099999999999543,1275.9000000000003,2792.7,-20.6,0.8660254037844386,0.5000000000000001,0,FEB,0,0.06796464,0,TRUE_NEGATIVE
Orissa,2015,9.0,2,237.0,795.7999999999996,1134.6,1278.4,241.1948717948718,-4.194871794871801,-1.7392043884081416,4.194871794871801,0,-0.0615858364787573,0,2015-09-01,264.0,294.8,238.6,797.3999999999995,908.1,1322.5,25.40000000000001,-1.0,-1.8369701987210294e-16,0,SEP,0,0.06783484,0,TRUE_NEGATIVE
Lakshadweep,2001,12.0,3,16.6,223.30000000000024,780.0,1380.6,61.82142857142857,-45.22142857142857,-73.14846909300982,45.22142857142857,0,-0.7348215571696635,0,2001-12-01,101.5,105.2,213.5,420.2000000000003,1047.2999999999995,1374.9999999999998,-112.0,-2.4492935982947064e-16,1.0,0,DEC,0,0.06777869,0,TRUE_NEGATIVE
Konkan & Goa,2010,10.0,3,190.2,1571.5000000000002,3665.8000000000006,3790.999999999999,113.6982905982906,76.50170940170939,67.28483691280717,0.0,0,0.8673730194549771,0,2010-10-01,531.3,850.0,1405.3,2786.6000000000004,3477.100000000001,3908.199999999999,-874.0,-0.8660254037844386,0.5000000000000001,0,OCT,0,0.06775682,0,TRUE_NEGATIVE
North Interior Karnataka,2010,2.0,0,2.5,25.999999999999886,452.4999999999998,925.2,3.1213675213675214,-0.6213675213675214,-19.90690032858708,0.6213675213675214,0,-0.11294442905599,0,2010-02-01,9.6,13.9,42.3,65.79999999999988,585.3999999999997,922.7,-32.7,0.8660254037844386,0.5000000000000001,0,FEB,0,0.06770105,0,TRUE_NEGATIVE
Coastal Karnataka,2006,12.0,3,0.0,309.3999999999993,2669.9,3837.3,12.508547008547009,-12.508547008547009,-100.0,12.508547008547009,0,-0.5299151209040931,0,2006-12-01,97.4,212.0,404.1,713.4999999999993,3470.0000000000005,3839.6,-306.70000000000005,-2.4492935982947064e-16,1.0,0,DEC,0,0.06768422,0,TRUE_NEGATIVE
Tamil Nadu,2007,12.0,3,219.9,548.0,874.5999999999999,1067.1,81.14615384615385,138.75384615384615,170.99251113849652,0.0,0,2.119908870273408,0,2007-12-01,79.2,248.9,89.1,417.1999999999999,727.8,873.3,-9.899999999999991,-2.4492935982947064e-16,1.0,0,DEC,0,0.06763342,0,TRUE_NEGATIVE
Gujarat Region,2004,4.0,1,0.0,0.0,0.0,1153.9999999999998,1.0974358974358975,-1.0974358974358975,-100.0,1.0974358974358975,0,-0.2779302288792669,0,2004-04-01,0.0,0.0,0.0,0.0,1.8999999999997723,1153.9999999999998,0.0,0.8660254037844387,-0.4999999999999998,0,APR,0,0.06761351,0,TRUE_NEGATIVE
Gujarat Region,2017,4.0,1,0.0,0.0,0.0,764.0999999999997,1.0974358974358975,-1.0974358974358975,-100.0,1.0974358974358975,0,-0.2779302288792669,0,2017-04-01,0.0,0.0,0.0,0.0,66.89999999999978,764.0999999999997,0.0,0.8660254037844387,-0.4999999999999998,0,APR,0,0.06755572,0,TRUE_NEGATIVE
Bihar,2004,9.0,2,115.3,709.6000000000004,1061.0999999999997,1233.3,217.83504273504275,-102.53504273504277,-47.0700404524713,102.53504273504277,0,-1.2849520478088536,0,2004-09-01,175.9,418.4,246.8,841.1000000000004,947.9999999999995,1301.9,-70.9,-1.0,-1.8369701987210294e-16,0,SEP,0,0.067497075,0,TRUE_NEGATIVE
Himachal Pradesh,2009,10.0,3,16.4,351.09999999999985,620.3000000000002,899.8,30.791452991452992,-14.391452991452994,-46.73846666296564,14.391452991452994,0,-0.2890043330276071,0,2009-10-01,172.1,162.6,170.2,504.8999999999999,695.1000000000003,917.3,1.9000000000000057,-0.8660254037844386,0.5000000000000001,0,OCT,0,0.0674647,0,TRUE_NEGATIVE
Rayalseema,2001,1.0,0,7.7,82.10000000000035,561.1999999999999,879.0,9.8,-2.0999999999999988,-21.42857142857142,2.0999999999999988,0,-0.1107301096507207,0,2001-01-01,36.7,37.7,134.7,209.10000000000036,648.2,871.3,-98.0,0.4999999999999999,0.8660254037844387,0,JAN,0,0.06743127,0,TRUE_NEGATIVE
East Madhya Pradesh,2001,9.0,2,50.4,762.6999999999995,1053.6000000000008,1060.9,193.3401709401709,-142.94017094017093,-73.93195642948083,142.94017094017093,0,-1.4365459051193086,0,2001-09-01,243.9,468.4,255.5,967.7999999999996,1005.6000000000008,1121.9,-11.599999999999994,-1.0,-1.8369701987210294e-16,0,SEP,0,0.06742126,0,TRUE_NEGATIVE
Himachal Pradesh,2013,10.0,3,21.8,327.5999999999999,802.6000000000003,1195.6,30.791452991452992,-8.991452991452991,-29.201132515405543,8.991452991452991,0,-0.1805633438324282,0,2013-10-01,65.8,240.0,208.8,514.5999999999998,809.7000000000002,1176.9,-143.0,-0.8660254037844386,0.5000000000000001,0,OCT,0,0.06733955,0,TRUE_NEGATIVE
Gangetic West Bengal,2016,1.0,0,9.9,18.50000000000034,475.8,1527.2,12.476923076923075,-2.5769230769230766,-20.65351418002466,2.5769230769230766,0,-0.1758660673904359,0,2016-01-01,6.3,2.3,32.7,41.300000000000345,1099.0,1530.2,-26.4,0.4999999999999999,0.8660254037844387,0,JAN,0,0.067259334,0,TRUE_NEGATIVE
Jharkhand,2015,9.0,2,85.1,755.4999999999998,1019.8000000000002,1102.3,227.1367521367521,-142.03675213675214,-62.53358419567263,142.03675213675214,0,-1.9385343010833425,0,2015-09-01,240.7,429.7,183.3,853.6999999999998,956.3000000000002,1195.4,57.39999999999998,-1.0,-1.8369701987210294e-16,0,SEP,0,0.06723965,0,TRUE_NEGATIVE
West Uttar Pradesh,2015,3.0,1,66.8,105.59999999999988,136.49999999999977,492.0999999999998,11.427350427350428,55.37264957264957,484.5624532535527,0.0,0,3.908921494952524,0,2015-03-01,7.2,31.6,16.3,55.09999999999989,154.39999999999978,447.8999999999998,-9.1,1.0,6.123233995736766e-17,0,MAR,0,0.06721337,0,TRUE_NEGATIVE
Arunachal Pradesh,2004,11.0,3,5.6,468.9000000000007,1769.099999999999,2546.8,35.149484536082475,-29.54948453608248,-84.06804516791318,29.54948453608248,0,-0.842510066405369,0,2004-11-01,184.8,278.5,243.0,706.3000000000006,2062.199999999999,2566.2000000000003,-58.19999999999999,-0.5000000000000004,0.8660254037844384,0,NOV,0,0.06721296,0,TRUE_NEGATIVE
East Madhya Pradesh,2012,1.0,0,39.4,39.39999999999943,643.9000000000005,1314.0000000000002,19.28205128205128,20.11794871794872,104.33510638297874,0.0,0,0.9075404636559355,0,2012-01-01,0.0,0.0,1.1,1.0999999999994317,928.1000000000006,1275.2,-1.1,0.4999999999999999,0.8660254037844387,0,JAN,0,0.06719776,0,TRUE_NEGATIVE
Punjab,2006,2.0,0,3.7,18.69999999999992,125.79999999999995,474.6000000000001,26.405982905982903,-22.705982905982907,-85.98802395209582,22.705982905982907,0,-0.9682157616119804,0,2006-02-01,15.0,0.0,0.0,14.999999999999917,217.4,531.2,15.0,0.8660254037844386,0.5000000000000001,0,FEB,0,0.0671821,0,TRUE_NEGATIVE
Coastal Karnataka,2015,2.0,0,1.0,33.19999999999955,678.9000000000002,3686.6,1.4923076923076923,-0.4923076923076923,-32.98969072164948,0.4923076923076923,0,-0.1049142556733323,0,2015-02-01,1.4,30.8,40.0,72.19999999999955,1798.9000000000003,3685.9,-38.6,0.8660254037844386,0.5000000000000001,0,FEB,0,0.067119285,0,TRUE_NEGATIVE
North Interior Karnataka,2009,1.0,0,0.3,35.399999999999885,389.6999999999999,712.3,2.964102564102564,-2.6641025641025644,-89.87889273356402,2.6641025641025644,0,-0.432812743453709,0,2009-01-01,5.3,29.8,54.1,89.19999999999989,469.99999999999983,712.4,-48.8,0.4999999999999999,0.8660254037844387,0,JAN,0,0.0671076,0,TRUE_NEGATIVE
Coastal Karnataka,2005,10.0,3,178.7,1326.8999999999992,3370.8000000000006,3496.1000000000004,183.64615384615385,-4.946153846153834,-2.693306525927781,4.946153846153834,0,-0.0608565022155675,0,2005-10-01,456.2,692.0,1177.3,2325.4999999999995,3264.6000000000004,3422.1,-721.0999999999999,-0.8660254037844386,0.5000000000000001,0,OCT,0,0.06704558,0,TRUE_NEGATIVE
Matathwada,2012,9.0,2,120.0,382.50000000000017,457.5999999999999,482.4000000000002,179.26495726495727,-59.26495726495728,-33.05997902164585,59.26495726495728,0,-0.6587683505185511,0,2012-09-01,101.4,161.1,72.2,334.70000000000016,337.5999999999999,452.4000000000002,29.200000000000003,-1.0,-1.8369701987210294e-16,0,SEP,0,0.06702053,0,TRUE_NEGATIVE
Kerala,2012,11.0,3,112.9,541.4999999999994,1836.0000000000005,2191.3,162.55897435897438,-49.658974358974376,-30.54828228019812,49.658974358974376,0,-0.5930594046950288,0,2012-11-01,187.5,241.1,501.6,930.1999999999994,1818.4000000000003,2248.1,-314.1,-0.5000000000000004,0.8660254037844384,0,NOV,0,0.066998586,0,TRUE_NEGATIVE
Coastal Karnataka,2017,1.0,0,1.1,21.199999999999545,795.8000000000004,2620.3,1.918103448275862,-0.818103448275862,-42.65168539325842,0.818103448275862,0,-0.1955149783188026,0,2017-01-01,5.7,14.4,77.4,97.49999999999956,1557.8000000000002,2619.7000000000003,-71.7,0.4999999999999999,0.8660254037844387,0,JAN,0,0.06698063,0,TRUE_NEGATIVE
Kerala,2015,11.0,3,223.6,824.5999999999995,2046.4000000000003,2568.5,162.55897435897438,61.04102564102561,37.55008044417802,0.0,0,0.7289911802638429,0,2015-11-01,308.1,292.9,252.2,853.1999999999996,2024.6000000000004,2444.4,55.900000000000034,-0.5000000000000004,0.8660254037844384,0,NOV,0,0.066949524,0,TRUE_NEGATIVE
Konkan & Goa,2009,10.0,3,307.4,987.8000000000002,2595.2000000000007,2598.8999999999987,113.6982905982906,193.70170940170937,170.36466281281238,0.0,0,2.196181469294032,0,2009-10-01,387.5,292.9,1271.2,1951.6000000000004,2287.900000000001,2348.7999999999997,-883.7,-0.8660254037844386,0.5000000000000001,0,OCT,0,0.06694621,0,TRUE_NEGATIVE
West Rajasthan,2015,4.0,1,25.2,56.40000000000002,58.00000000000023,344.1000000000001,3.5418803418803417,21.65811965811966,611.4864864864866,0.0,0,3.6877817261785446,0,2015-04-01,30.3,0.9,1.4,32.600000000000016,33.300000000000225,327.30000000000007,28.9,0.8660254037844387,-0.4999999999999998,0,APR,0,0.06690156,0,TRUE_NEGATIVE
Arunachal Pradesh,2002,11.0,3,45.0,396.9000000000007,1688.399999999999,2386.3,35.149484536082475,9.850515463917525,28.02463704355477,0.0,0,0.2808562845655827,0,2002-11-01,94.0,257.9,290.7,642.6000000000006,1840.4999999999989,2360.6,-196.7,-0.5000000000000004,0.8660254037844384,0,NOV,0,0.06686068,0,TRUE_NEGATIVE
Arunachal Pradesh,2003,11.0,3,25.0,467.5000000000007,1864.299999999999,2453.4,35.149484536082475,-10.149484536082475,-28.875201642469573,10.149484536082475,0,-0.289380441815611,0,2003-11-01,182.6,259.9,327.2,769.7000000000006,2012.799999999999,2473.4,-144.6,-0.5000000000000004,0.8660254037844384,0,NOV,0,0.06684492,0,TRUE_NEGATIVE
Telangana,2012,2.0,0,0.0,6.700000000000114,132.3999999999996,747.9,9.524786324786325,-9.524786324786325,-100.0,9.524786324786325,0,-0.6289670918638062,0,2012-02-01,6.7,0.0,4.2,10.900000000000114,358.2999999999996,759.8,2.5,0.8660254037844386,0.5000000000000001,0,FEB,0,0.06682898,0,TRUE_NEGATIVE
Coastal Karnataka,2016,2.0,0,0.0,14.799999999999546,607.8000000000004,3104.0,1.4923076923076923,-1.4923076923076923,-100.0,1.4923076923076923,0,-0.3180213375097886,0,2016-02-01,0.5,14.3,124.2,138.99999999999957,1183.0000000000002,3105.0,-123.7,0.8660254037844386,0.5000000000000001,0,FEB,0,0.06679721,0,TRUE_NEGATIVE
Arunachal Pradesh,2008,10.0,3,115.1,744.1000000000008,1808.799999999999,2271.4,194.79381443298968,-79.69381443298968,-40.91188145011908,79.69381443298968,0,-0.5504449440168606,0,2008-10-01,189.7,439.3,456.1,1085.1000000000008,1886.0999999999992,2258.9,-266.40000000000003,-0.8660254037844386,0.5000000000000001,0,OCT,0,0.06675825,0,TRUE_NEGATIVE
Tamil Nadu,2011,12.0,3,41.0,471.8999999999999,722.3000000000001,926.7,81.14615384615385,-40.14615384615385,-49.47388378045313,40.14615384615385,0,-0.6133609265970128,0,2011-12-01,230.5,200.4,76.0,506.8999999999999,737.3000000000001,1010.2,154.5,-2.4492935982947064e-16,1.0,0,DEC,0,0.06663507,0,TRUE_NEGATIVE
Lakshadweep,2011,12.0,3,14.9,316.6000000000004,1175.9999999999998,1533.6999999999998,61.82142857142857,-46.92142857142857,-75.89832466782207,46.92142857142857,0,-0.7624455550541019,0,2011-12-01,184.3,117.4,255.2,556.9000000000003,1314.7,1600.2999999999995,-70.89999999999998,-2.4492935982947064e-16,1.0,0,DEC,0,0.0666269,0,TRUE_NEGATIVE
Coastal Andhra Pradesh,2010,12.0,3,138.2,553.0999999999999,1351.1000000000004,1712.5,11.550427350427348,126.64957264957263,1096.4925262690545,0.0,0,5.33843963676344,0,2010-12-01,210.9,204.0,230.5,645.4,1369.0000000000005,1575.6,-19.599999999999994,-2.4492935982947064e-16,1.0,0,DEC,0,0.0666001,0,TRUE_NEGATIVE
Lakshadweep,2009,11.0,3,166.2,398.70000000000033,1251.2999999999995,1567.9,123.43909090909092,42.76090909090908,34.64130266675504,0.0,0,0.5559804984241229,0,2009-11-01,87.4,145.1,185.0,417.50000000000034,1247.1999999999998,1469.2999999999995,-97.6,-0.5000000000000004,0.8660254037844384,0,NOV,0,0.06659866,0,TRUE_NEGATIVE
Sub Himalayan West Bengal & Sikkim,2003,10.0,3,223.0,898.4000000000013,2329.7000000000007,2706.9,143.94358974358977,79.05641025641023,54.9217998503687,0.0,0,0.8924218900556965,0,2003-10-01,321.4,354.0,703.0,1378.4000000000017,2278.100000000001,2559.6,-381.6,-0.8660254037844386,0.5000000000000001,0,OCT,0,0.06658068,0,TRUE_NEGATIVE
West Madhya Pradesh,2010,1.0,0,2.2,86.39999999999971,488.6000000000002,873.6000000000003,9.167521367521369,-6.967521367521367,-76.00223755360805,6.967521367521367,0,-0.62350208712218,0,2010-01-01,19.1,65.1,89.9,174.0999999999997,806.7000000000002,876.9000000000002,-70.80000000000001,0.4999999999999999,0.8660254037844387,0,JAN,0,0.066569574,0,TRUE_NEGATIVE
East Rajasthan,2010,9.0,2,128.9,601.0,629.4,652.6000000000003,97.04358974358976,31.856410256410257,32.82690834148017,0.0,0,0.4527605744079978,0,2010-09-01,275.9,196.2,27.3,499.4,501.0,569.2000000000003,248.6,-1.0,-1.8369701987210294e-16,0,SEP,0,0.06656649,0,TRUE_NEGATIVE
Madhya Maharashtra,2003,1.0,0,0.8,6.7,360.2999999999998,739.3000000000002,3.0025641025641026,-2.2025641025641027,-73.35610589239965,2.2025641025641027,0,-0.3326691531709142,0,2003-01-01,0.0,5.9,36.3,42.2,455.0999999999998,740.2,-36.3,0.4999999999999999,0.8660254037844387,0,JAN,0,0.06644039,0,TRUE_NEGATIVE
East Uttar Pradesh,2008,9.0,2,112.7,693.9000000000002,936.7,958.1,183.4521367521368,-70.75213675213676,-38.56708240347747,70.75213675213676,0,-0.8626526404873763,0,2008-09-01,239.6,341.6,223.7,804.9000000000002,824.2,956.9000000000002,15.900000000000006,-1.0,-1.8369701987210294e-16,0,SEP,0,0.06643616,0,TRUE_NEGATIVE
Haryana Delhi & Chandigarh,2009,9.0,2,160.8,331.0,375.6,405.3999999999998,87.71452991452992,73.08547008547009,83.32196519400541,0.0,0,0.9938187606477544,0,2009-09-01,63.8,106.4,15.2,185.4,220.5,359.0999999999998,48.6,-1.0,-1.8369701987210294e-16,0,SEP,0,0.06639025,0,TRUE_NEGATIVE
Haryana Delhi & Chandigarh,2002,8.0,2,78.2,118.79999999999998,180.9,245.29999999999976,150.05299145299145,-71.85299145299145,-47.88507763639056,71.85299145299145,0,-0.9185375618220636,0,2002-08-01,19.4,21.2,52.0,92.6,133.8,270.5999999999998,-32.6,-0.8660254037844385,-0.5000000000000004,0,AUG,0,0.066380374,0,TRUE_NEGATIVE
Coastal Karnataka,2004,1.0,0,0.0,10.699999999999545,1067.9000000000003,3071.8,1.918103448275862,-1.918103448275862,-100.0,1.918103448275862,0,-0.4583991852047797,0,2004-01-01,0.0,10.7,183.7,194.39999999999952,2038.5000000000005,3071.9,-183.7,0.4999999999999999,0.8660254037844387,0,JAN,0,0.06636269,0,TRUE_NEGATIVE
Saurashtra & Kutch,2013,9.0,2,260.2,514.6999999999998,651.0000000000002,656.4,74.9957264957265,185.2042735042735,246.95310274089687,0.0,0,2.5097170628306813,0,2013-09-01,83.3,171.2,127.7,382.1999999999999,390.9000000000002,624.6999999999999,-44.400000000000006,-1.0,-1.8369701987210294e-16,0,SEP,0,0.066258565,0,TRUE_NEGATIVE
Coastal Karnataka,2004,12.0,3,0.0,156.79999999999956,1903.8,3069.8,12.508547008547009,-12.508547008547009,-100.0,12.508547008547009,0,-0.5299151209040931,0,2004-12-01,52.1,104.7,154.4,311.19999999999953,2709.6000000000004,3069.8,-102.3,-2.4492935982947064e-16,1.0,0,DEC,0,0.066248104,0,TRUE_NEGATIVE
Kerala,2013,11.0,3,154.9,733.3999999999995,2976.0000000000005,3247.9,162.55897435897438,-7.658974358974376,-4.711505094797953,7.658974358974376,0,-0.0914683968515544,0,2013-11-01,259.9,318.6,369.7,948.1999999999996,2940.4000000000005,3205.9,-109.8,-0.5000000000000004,0.8660254037844384,0,NOV,0,0.06620667,0,TRUE_NEGATIVE
Andaman & Nicobar Islands,2011,11.0,3,150.8,1120.1999999999998,2528.099999999999,3835.9,233.01818181818183,-82.21818181818182,-35.284019975031214,82.21818181818182,0,-0.7046068575720804,0,2011-11-01,212.3,757.1,441.5,1410.8999999999996,2703.799999999999,3953.6,-229.2,-0.5000000000000004,0.8660254037844384,0,NOV,0,0.06613905,0,TRUE_NEGATIVE
Coastal Andhra Pradesh,2002,10.0,3,148.7,393.8999999999999,618.8000000000003,771.0,183.9017094017094,-35.20170940170942,-19.141589013082992,35.20170940170942,0,-0.3500636217518291,0,2002-10-01,71.7,173.5,74.7,319.89999999999986,504.9000000000003,818.3000000000001,-3.0,-0.8660254037844386,0.5000000000000001,0,OCT,0,0.06613771,0,TRUE_NEGATIVE
Coastal Karnataka,2011,11.0,3,81.5,805.4999999999995,3765.7,3909.4,62.809401709401705,18.69059829059829,29.757644209179865,0.0,0,0.3396254328866571,0,2011-11-01,178.8,545.2,861.3,1585.2999999999995,3733.500000000001,4059.4,-682.5,-0.5000000000000004,0.8660254037844384,0,NOV,0,0.06613313,0,TRUE_NEGATIVE
Madhya Maharashtra,2011,2.0,0,0.3,0.5,316.5999999999998,1024.9,1.448717948717949,-1.1487179487179486,-79.29203539823008,1.1487179487179486,0,-0.3969216953674049,0,2011-02-01,0.0,0.2,73.4,73.60000000000001,549.4999999999998,1024.7,-73.4,0.8660254037844386,0.5000000000000001,0,FEB,0,0.06610244,0,TRUE_NEGATIVE
West Uttar Pradesh,2017,2.0,0,1.1,23.099999999999945,77.39999999999978,711.9999999999998,17.614529914529914,-16.514529914529913,-93.755155514581,16.514529914529913,0,-0.8292952713023172,0,2017-02-01,22.0,0.0,0.0,21.999999999999943,259.19999999999976,712.8999999999999,22.0,0.8660254037844386,0.5000000000000001,0,FEB,0,0.06609696,0,TRUE_NEGATIVE
Punjab,2004,8.0,2,124.2,225.0999999999999,267.8,365.30000000000007,157.74615384615385,-33.54615384615384,-21.26590920173599,33.54615384615384,0,-0.4588627105742356,0,2004-08-01,52.1,48.8,27.2,128.0999999999999,149.29999999999998,335.80000000000007,24.9,-0.8660254037844385,-0.5000000000000004,0,AUG,0,0.06606875,0,TRUE_NEGATIVE
Naga Mani Mizo Tripura,2009,12.0,3,0.2,184.50000000000023,1132.5,1737.7,12.783760683760685,-12.583760683760683,-98.43551514341112,12.583760683760683,0,-0.6375827211821962,0,2009-12-01,26.1,158.2,271.3,455.60000000000025,1404.2,1738.6999999999998,-245.2,-2.4492935982947064e-16,1.0,0,DEC,0,0.06605168,0,TRUE_NEGATIVE
Chhattisgarh,2010,9.0,2,302.5,1069.6000000000006,1190.6999999999998,1292.5,218.1025641025641,84.39743589743588,38.69621443686808,0.0,0,1.1251845209333913,0,2010-09-01,340.3,426.8,102.6,869.7000000000005,889.1999999999998,1094.6999999999998,237.7,-1.0,-1.8369701987210294e-16,0,SEP,0,0.06602196,0,TRUE_NEGATIVE
Saurashtra & Kutch,2005,9.0,2,233.1,428.19999999999993,629.8000000000002,649.4999999999999,74.9957264957265,158.1042735042735,210.8177104108496,0.0,0,2.142482921221405,0,2005-09-01,68.4,126.7,201.2,396.2999999999999,396.7000000000002,452.5,-132.79999999999998,-1.0,-1.8369701987210294e-16,0,SEP,0,0.066003434,0,TRUE_NEGATIVE
West Madhya Pradesh,2016,1.0,0,5.2,6.499999999999716,349.7000000000002,1007.2000000000002,9.167521367521369,-3.967521367521367,-43.27801603580085,3.967521367521367,0,-0.3550413013274239,0,2016-01-01,1.0,0.3,11.0,12.299999999999716,772.7000000000003,1042.2000000000005,-10.0,0.4999999999999999,0.8660254037844387,0,JAN,0,0.06596362,0,TRUE_NEGATIVE
Chhattisgarh,2011,9.0,2,382.2,1034.6000000000006,1269.9,1386.4,218.1025641025641,164.09743589743587,75.2386550670115,0.0,0,2.1877429430562105,0,2011-09-01,379.8,272.6,183.5,835.9000000000005,890.2999999999998,1306.6999999999998,196.3,-1.0,-1.8369701987210294e-16,0,SEP,0,0.06592733,0,TRUE_NEGATIVE
Konkan & Goa,2000,10.0,3,91.8,993.2000000000004,3123.3,3126.099999999999,113.6982905982906,-21.8982905982906,-19.259999849654584,21.8982905982906,0,-0.2482818565191099,0,2000-10-01,111.9,789.5,1200.4,2101.8000000000006,3032.4,3213.999999999999,-1088.5,-0.8660254037844386,0.5000000000000001,0,OCT,0,0.06588117,0,TRUE_NEGATIVE
Chhattisgarh,2015,9.0,2,216.9,752.1000000000005,1059.7,1179.5,218.1025641025641,-1.2025641025641107,-0.5513754996473115,1.2025641025641107,0,-0.0160325547719201,0,2015-09-01,286.6,248.6,257.6,792.8000000000005,864.0,1215.2999999999995,29.0,-1.0,-1.8369701987210294e-16,0,SEP,0,0.06582475,0,TRUE_NEGATIVE
Gujarat Region,2001,4.0,1,0.2,0.2000000000002273,9.899999999999771,556.6999999999997,1.0974358974358975,-0.8974358974358976,-81.77570093457945,0.8974358974358976,0,-0.2272793927751014,0,2001-04-01,0.0,0.0,6.1,6.100000000000227,9.899999999999771,556.4999999999998,-6.1,0.8660254037844387,-0.4999999999999998,0,APR,0,0.065779984,0,TRUE_NEGATIVE
West Madhya Pradesh,2005,9.0,2,155.1,631.2999999999997,720.5000000000001,796.3000000000002,160.56923076923076,-5.469230769230762,-3.4061511928715107,5.469230769230762,0,-0.0570821397461921,0,2005-09-01,130.5,345.7,81.2,557.3999999999997,577.7,696.9000000000002,49.3,-1.0,-1.8369701987210294e-16,0,SEP,0,0.065743424,0,TRUE_NEGATIVE
East Madhya Pradesh,2006,9.0,2,74.1,776.1999999999995,864.7000000000007,947.0000000000002,193.3401709401709,-119.24017094017094,-61.67376927429622,119.24017094017094,0,-1.1983613714966508,0,2006-09-01,328.3,373.8,56.3,758.3999999999994,840.9000000000007,1071.3000000000002,272.0,-1.0,-1.8369701987210294e-16,0,SEP,0,0.06571896,0,TRUE_NEGATIVE
North Interior Karnataka,2013,1.0,0,1.2,50.59999999999992,320.49999999999983,556.5,2.964102564102564,-1.7641025641025645,-59.51557093425605,1.7641025641025645,0,-0.2865978512956225,0,2013-01-01,2.9,46.5,85.2,134.59999999999994,433.79999999999984,583.8,-82.3,0.4999999999999999,0.8660254037844387,0,JAN,0,0.065713145,0,TRUE_NEGATIVE
Tamil Nadu,2007,11.0,3,79.2,417.1999999999999,727.8,873.3,175.3777777777778,-96.1777777777778,-54.84034465281298,96.1777777777778,0,-1.0608695882760704,0,2007-11-01,248.9,89.1,136.5,474.4999999999999,693.5,1009.2,112.4,-0.5000000000000004,0.8660254037844384,0,NOV,0,0.065573744,0,TRUE_NEGATIVE
Konkan & Goa,2014,11.0,3,8.0,526.2000000000005,2715.600000000001,2747.499999999999,24.272649572649573,-16.272649572649573,-67.04109299623227,16.272649572649573,0,-0.4849945679887151,0,2014-11-01,98.7,419.5,658.0,1176.2000000000005,2728.900000000001,2741.599999999999,-559.3,-0.5000000000000004,0.8660254037844384,0,NOV,0,0.06545137,0,TRUE_NEGATIVE
Chhattisgarh,2005,1.0,0,57.6,58.40000000000057,580.4999999999998,1164.4999999999998,14.023931623931624,43.57606837606838,310.7264748902974,0.0,0,2.392474097695886,0,2005-01-01,0.1,0.7,43.9,44.70000000000056,845.9999999999998,1144.6999999999998,-43.8,0.4999999999999999,0.8660254037844387,0,JAN,0,0.0654342,0,TRUE_NEGATIVE
Naga Mani Mizo Tripura,2000,10.0,3,185.2,948.5000000000002,1946.7,2373.4,175.45299145299143,9.747008547008534,5.555339049103656,0.0,0,0.1205087051719744,0,2000-10-01,298.3,465.0,269.2,1032.5000000000002,1975.7,2415.9,29.100000000000023,-0.8660254037844386,0.5000000000000001,0,OCT,0,0.06541598,0,TRUE_NEGATIVE
Saurashtra & Kutch,2000,5.0,1,2.9,2.8999999999998862,2.900000000000228,240.0,4.593162393162393,-1.693162393162393,-36.86267212504652,1.693162393162393,0,-0.102913733556172,0,2000-05-01,0.0,0.0,0.0,0.0,0.0,369.0,0.0,0.4999999999999999,-0.8660254037844387,0,MAY,0,0.06536244,0,TRUE_NEGATIVE
Tamil Nadu,2002,11.0,3,47.2,173.09999999999994,235.1,333.4,175.3777777777778,-128.1777777777778,-73.08667004561582,128.1777777777778,0,-1.4138391370555394,1,2002-11-01,93.7,32.2,26.5,152.39999999999992,220.49999999999997,338.5,67.2,-0.5000000000000004,0.8660254037844384,0,NOV,0,0.06530569,0,TRUE_NEGATIVE
East Uttar Pradesh,2004,1.0,0,22.8,32.10000000000017,674.9,1105.3000000000002,15.866666666666667,6.933333333333334,43.69747899159664,0.0,0,0.4756154108494612,0,2004-01-01,9.3,0.0,7.6,16.90000000000017,907.2999999999998,1096.3000000000002,1.700000000000001,0.4999999999999999,0.8660254037844387,0,JAN,0,0.06518674,0,TRUE_NEGATIVE
North Interior Karnataka,2005,2.0,0,0.8,6.799999999999829,207.29999999999984,643.1999999999999,3.1213675213675214,-2.321367521367521,-74.37020810514785,2.321367521367521,0,-0.4219492012600674,0,2005-02-01,5.8,0.2,4.3,10.29999999999983,299.29999999999984,645.1,1.5,0.8660254037844386,0.5000000000000001,0,FEB,0,0.06511107,0,TRUE_NEGATIVE
Gangetic West Bengal,2015,11.0,3,2.3,199.0000000000004,1339.9,1524.5000000000002,21.56153846153846,-19.26153846153846,-89.33285765251516,19.26153846153846,0,-0.6236521430412848,0,2015-11-01,32.7,164.0,260.6,457.3000000000004,1395.2,1522.3,-227.90000000000003,-0.5000000000000004,0.8660254037844384,0,NOV,0,0.06510441,0,TRUE_NEGATIVE
Telangana,2009,1.0,0,0.0,8.300000000000058,570.9999999999995,1035.1,7.581196581196581,-7.581196581196581,-100.0,7.581196581196581,0,-0.5496692177868894,0,2009-01-01,0.8,7.5,24.2,32.50000000000006,754.3999999999995,1035.3,-23.4,0.4999999999999999,0.8660254037844387,0,JAN,0,0.06503959,0,TRUE_NEGATIVE
North Interior Karnataka,2016,2.0,0,0.4,2.399999999999914,220.09999999999985,550.2,3.1213675213675214,-2.721367521367521,-87.18510405257393,2.721367521367521,0,-0.4946562064845563,0,2016-02-01,0.3,1.7,5.7,7.699999999999915,298.09999999999985,549.8000000000001,-5.4,0.8660254037844386,0.5000000000000001,0,FEB,0,0.06501457,0,TRUE_NEGATIVE
Assam & Meghalaya,2012,11.0,3,17.1,628.0999999999999,2091.3,2610.6000000000004,26.892307692307693,-9.792307692307691,-36.41304347826087,9.792307692307691,0,-0.37285157842128,0,2012-11-01,199.4,411.6,289.2,900.1999999999999,2259.9999999999995,2605.4000000000005,-89.79999999999998,-0.5000000000000004,0.8660254037844384,0,NOV,0,0.06501005,0,TRUE_NEGATIVE
Punjab,2008,9.0,2,59.8,473.8999999999999,689.6999999999999,717.9,85.99059829059829,-26.190598290598288,-30.45751374131539,26.190598290598288,0,-0.3017585657318961,0,2008-09-01,312.2,101.9,155.5,569.5999999999999,629.9,731.8000000000001,156.7,-1.0,-1.8369701987210294e-16,0,SEP,0,0.06497555,0,TRUE_NEGATIVE
West Rajasthan,2005,8.0,2,24.3,139.59999999999997,169.10000000000022,213.60000000000005,94.94786324786324,-70.64786324786324,-74.40700699439189,70.64786324786324,0,-1.0611012448837849,0,2005-08-01,86.1,29.2,14.5,129.79999999999995,159.00000000000023,283.6,71.6,-0.8660254037844385,-0.5000000000000004,0,AUG,0,0.06494555,0,TRUE_NEGATIVE
West Rajasthan,2012,8.0,2,166.7,212.4,232.3000000000002,349.20000000000005,94.94786324786324,71.75213675213675,75.5700384376491,0.0,0,1.077686969295092,0,2012-08-01,40.4,5.3,10.4,56.1,65.60000000000022,349.30000000000007,30.0,-0.8660254037844385,-0.5000000000000004,0,AUG,0,0.06487784,0,TRUE_NEGATIVE
Naga Mani Mizo Tripura,2008,12.0,3,1.2,156.10000000000022,1071.6999999999998,1748.9,12.783760683760685,-11.583760683760683,-90.61309086046668,11.583760683760683,0,-0.586915616394913,0,2008-12-01,4.7,150.2,223.7,378.6000000000002,1397.9,1757.8000000000002,-219.0,-2.4492935982947064e-16,1.0,0,DEC,0,0.064851314,0,TRUE_NEGATIVE
Kerala,2015,12.0,3,79.4,611.0999999999997,1562.2000000000005,2600.7000000000003,39.98034188034188,39.41965811965812,98.5976013852962,0.0,0,1.0706057834054097,0,2015-12-01,223.6,308.1,292.9,824.5999999999995,2046.4000000000003,2568.5,-69.29999999999998,-2.4492935982947064e-16,1.0,0,DEC,0,0.0648198,0,TRUE_NEGATIVE
Matathwada,2011,2.0,0,3.8,3.8000000000001135,255.5999999999999,1005.4000000000002,4.394017094017094,-0.5940170940170946,-13.518770667185384,0.5940170940170946,0,-0.0685795763188555,0,2011-02-01,0.0,0.0,36.8,36.80000000000011,543.1999999999998,1007.4,-36.8,0.8660254037844386,0.5000000000000001,0,FEB,0,0.06459899,0,TRUE_NEGATIVE
Bihar,2013,1.0,0,5.1,11.500000000000398,519.9999999999995,1019.4,13.242735042735044,-8.142735042735044,-61.48831805860333,8.142735042735044,0,-0.5533513956811777,0,2013-01-01,0.0,6.4,34.3,40.7000000000004,868.8999999999995,1032.4,-34.3,0.4999999999999999,0.8660254037844387,0,JAN,0,0.0645157,0,TRUE_NEGATIVE
Coastal Karnataka,2008,1.0,0,0.0,38.29999999999932,1802.0000000000005,3860.3,1.918103448275862,-1.918103448275862,-100.0,1.918103448275862,0,-0.4583991852047797,0,2008-01-01,0.8,37.5,152.8,191.0999999999993,2806.4,3860.3,-152.0,0.4999999999999999,0.8660254037844387,0,JAN,0,0.064489365,0,TRUE_NEGATIVE
Orissa,2013,1.0,0,3.3,78.49999999999955,803.9,1358.4,12.152136752136752,-8.85213675213675,-72.84428189618792,8.85213675213675,0,-0.5694718814186845,0,2013-01-01,3.1,72.1,66.0,141.19999999999953,1124.9,1405.9,-62.9,0.4999999999999999,0.8660254037844387,0,JAN,0,0.064476244,0,TRUE_NEGATIVE
Uttarakhand,2003,12.0,3,23.6,30.19999999999989,1201.5999999999992,1734.4,21.845299145299148,1.7547008547008538,8.032395633631984,0.0,0,0.0719909146796806,0,2003-12-01,4.8,1.8,239.9,246.4999999999999,1323.1999999999991,1715.0,-235.1,-2.4492935982947064e-16,1.0,0,DEC,0,0.06445163,0,TRUE_NEGATIVE
Madhya Maharashtra,2001,1.0,0,4.4,9.2,312.2999999999998,705.5000000000001,3.0025641025641026,1.3974358974358978,46.541417591801896,0.0,0,0.2110648294274136,0,2001-01-01,2.1,2.7,56.5,61.3,506.5999999999997,701.5000000000001,-54.4,0.4999999999999999,0.8660254037844387,0,JAN,0,0.064426646,0,TRUE_NEGATIVE
Gujarat Region,2011,9.0,2,162.5,873.4000000000003,889.6999999999998,943.2999999999996,147.77179487179487,14.728205128205133,9.966858114556404,0.0,0,0.1305368837077108,0,2011-09-01,451.7,259.2,16.3,727.2000000000003,727.1999999999998,997.3999999999996,435.4,-1.0,-1.8369701987210294e-16,0,SEP,0,0.06435107,0,TRUE_NEGATIVE
Tamil Nadu,2002,12.0,3,12.2,153.0999999999999,223.6,318.0,81.14615384615385,-68.94615384615385,-84.9653995639397,68.94615384615385,0,-1.053373057116119,0,2002-12-01,47.2,93.7,32.2,173.09999999999994,235.1,333.4,15.0,-2.4492935982947064e-16,1.0,0,DEC,0,0.06431138,0,TRUE_NEGATIVE
Konkan & Goa,2007,10.0,3,45.6,1634.8000000000002,3448.8000000000006,3474.699999999999,113.6982905982906,-68.09829059829059,-59.89385613446893,68.09829059829059,0,-0.7720954263362118,0,2007-10-01,609.0,980.2,841.3,2430.5,3406.500000000001,3631.499999999999,-232.29999999999995,-0.8660254037844386,0.5000000000000001,0,OCT,0,0.06427057,0,TRUE_NEGATIVE
Arunachal Pradesh,2006,10.0,3,77.2,568.0000000000007,1792.299999999999,2199.9,194.79381443298968,-117.59381443298967,-60.36835141571844,117.59381443298967,0,-0.8122201335553241,0,2006-10-01,263.2,227.6,382.2,873.0000000000007,1917.799999999999,2262.0,-119.0,-0.8660254037844386,0.5000000000000001,0,OCT,0,0.064186595,0,TRUE_NEGATIVE
Orissa,2016,1.0,0,2.2,23.999999999999545,549.7,1197.1,12.152136752136752,-9.952136752136752,-81.89618793079197,9.952136752136752,0,-0.6402366116867012,0,2016-01-01,15.6,6.2,24.7,46.499999999999545,842.3,1210.0,-9.1,0.4999999999999999,0.8660254037844387,0,JAN,0,0.06418277,0,TRUE_NEGATIVE
Saurashtra & Kutch,2012,4.0,1,0.2,0.1999999999998863,0.3000000000001706,741.1999999999999,1.1632478632478631,-0.9632478632478634,-82.80675973548861,0.9632478632478634,0,-0.1577164581709161,0,2012-04-01,0.0,0.0,0.0,0.0,1.3000000000001706,740.9999999999999,0.0,0.8660254037844387,-0.4999999999999998,0,APR,0,0.064127006,0,TRUE_NEGATIVE
Coastal Andhra Pradesh,2007,2.0,0,5.1,5.099999999999943,469.9000000000004,1164.7,12.71025641025641,-7.61025641025641,-59.87492434940488,7.61025641025641,0,-0.3826095278487313,0,2007-02-01,0.0,0.0,55.3,55.29999999999994,744.5000000000003,1159.6,-55.3,0.8660254037844386,0.5000000000000001,0,FEB,0,0.0641141,0,TRUE_NEGATIVE
Gujarat Region,2006,9.0,2,140.6,1341.4,1465.0999999999997,1467.2999999999995,147.77179487179487,-7.171794871794873,-4.853290763651508,7.171794871794873,0,-0.0635640083096217,0,2006-09-01,624.8,576.0,123.5,1324.3000000000002,1325.2999999999995,1665.8999999999996,501.3,-1.0,-1.8369701987210294e-16,0,SEP,0,0.06400103,0,TRUE_NEGATIVE
Gujarat Region,2013,9.0,2,287.3,903.8000000000004,1064.0999999999997,1072.1999999999996,147.77179487179487,139.52820512820514,94.42140514653572,0.0,0,1.236646076573606,0,2013-09-01,211.1,405.4,155.7,772.2000000000002,776.8999999999997,1048.6999999999996,55.400000000000006,-1.0,-1.8369701987210294e-16,0,SEP,0,0.06399248,0,TRUE_NEGATIVE
East Rajasthan,2004,9.0,2,24.7,511.4,575.7,580.6000000000003,97.04358974358976,-72.34358974358975,-74.54752027901816,72.34358974358975,0,-1.0281863205366435,0,2004-09-01,380.9,105.8,52.8,539.5,551.0,649.5000000000002,328.1,-1.0,-1.8369701987210294e-16,0,SEP,0,0.06397226,0,TRUE_NEGATIVE
Matathwada,2001,9.0,2,83.5,396.0000000000001,555.3,594.3000000000002,179.26495726495727,-95.76495726495727,-53.42090206922857,95.76495726495727,0,-1.0644894697699894,0,2001-09-01,255.8,56.7,148.7,461.2000000000001,472.2999999999999,555.6000000000001,107.10000000000002,-1.0,-1.8369701987210294e-16,0,SEP,0,0.06394615,0,TRUE_NEGATIVE
South Interior Karnataka,2005,1.0,0,7.2,41.60000000000003,471.7,1131.6,2.952136752136752,4.247863247863249,143.89114070642736,0.0,0,0.8902885378391971,0,2005-01-01,10.4,24.0,101.5,135.90000000000003,656.2,1133.4999999999998,-91.1,0.4999999999999999,0.8660254037844387,0,JAN,0,0.063759096,0,TRUE_NEGATIVE
Assam & Meghalaya,2000,11.0,3,22.2,406.0,1772.6999999999996,2488.7000000000003,26.892307692307693,-4.692307692307693,-17.448512585812363,4.692307692307693,0,-0.1786641499112183,0,2000-11-01,83.9,299.9,513.2,897.0,2125.6,2480.6000000000004,-429.30000000000007,-0.5000000000000004,0.8660254037844384,0,NOV,0,0.06374466,0,TRUE_NEGATIVE
East Uttar Pradesh,2017,9.0,2,85.2,599.2000000000003,677.8,717.8,183.4521367521368,-98.25213675213676,-53.55736841860054,98.25213675213676,0,-1.1979491940955105,0,2017-09-01,185.1,328.9,50.8,564.8000000000002,596.9,783.3000000000001,134.3,-1.0,-1.8369701987210294e-16,0,SEP,0,0.063720375,0,TRUE_NEGATIVE
Lakshadweep,2010,12.0,3,81.5,438.4000000000003,1271.6999999999998,1725.1999999999998,61.82142857142857,19.67857142857143,31.8313113807048,0.0,0,0.3197651855950755,0,2010-12-01,201.5,155.4,161.5,518.4000000000003,1509.1,1775.9999999999998,40.0,-2.4492935982947064e-16,1.0,0,DEC,0,0.063717246,0,TRUE_NEGATIVE
Lakshadweep,2009,12.0,3,132.3,385.9000000000003,982.3999999999996,1570.0999999999997,61.82142857142857,70.47857142857144,114.0034662045061,0.0,0,1.145235240024178,0,2009-12-01,166.2,87.4,145.1,398.70000000000033,1251.2999999999995,1567.9,21.099999999999994,-2.4492935982947064e-16,1.0,0,DEC,0,0.06367919,0,TRUE_NEGATIVE
Punjab,2012,2.0,0,3.2,68.39999999999992,209.6,731.8000000000001,26.405982905982903,-23.205982905982907,-87.88153422883963,23.205982905982907,0,-0.98953648059651,0,2012-02-01,62.6,2.6,1.0,66.19999999999992,399.9,764.2,61.6,0.8660254037844386,0.5000000000000001,0,FEB,0,0.06360836,0,TRUE_NEGATIVE
Lakshadweep,2008,10.0,3,252.9,568.4000000000003,1367.3,1686.2999999999995,165.50884955752213,87.39115044247788,52.801497126052666,0.0,0,1.069013031195302,0,2008-10-01,108.9,206.6,363.9,679.4000000000003,1130.1999999999998,1689.4999999999998,-255.0,-0.8660254037844386,0.5000000000000001,0,OCT,0,0.06358726,0,TRUE_NEGATIVE
South Interior Karnataka,2010,11.0,3,183.5,463.80000000000007,1056.1,1260.2,53.6965811965812,129.8034188034188,241.73497811380813,0.0,0,2.911150931065136,0,2010-11-01,129.6,150.7,228.1,508.4,967.5,1132.4,-98.5,-0.5000000000000004,0.8660254037844384,0,NOV,0,0.06355494,0,TRUE_NEGATIVE
North Interior Karnataka,2006,1.0,0,0.0,5.099999999999829,390.39999999999975,801.8000000000001,2.964102564102564,-2.964102564102564,-100.0,2.964102564102564,0,-0.4815510408397377,0,2006-01-01,0.1,5.0,102.3,107.39999999999982,609.7999999999998,807.6,-102.2,0.4999999999999999,0.8660254037844387,0,JAN,0,0.06351951,0,TRUE_NEGATIVE
East Rajasthan,2008,3.0,1,0.5,0.6,1.0999999999999717,548.1000000000003,4.51880341880342,-4.01880341880342,-88.9351238887838,4.01880341880342,0,-0.443216841478396,0,2008-03-01,0.0,0.1,0.5,0.6,86.69999999999996,558.2000000000003,-0.5,1.0,6.123233995736766e-17,0,MAR,0,0.06347997,0,TRUE_NEGATIVE
Telangana,2015,2.0,0,0.0,18.19999999999997,205.3999999999997,760.8000000000001,9.524786324786325,-9.524786324786325,-100.0,9.524786324786325,0,-0.6289670918638062,0,2015-02-01,17.5,0.7,10.8,28.99999999999997,410.5999999999997,763.7,6.699999999999999,0.8660254037844386,0.5000000000000001,0,FEB,0,0.06345789,0,TRUE_NEGATIVE
Kerala,2004,12.0,3,2.7,443.9999999999994,1440.1000000000004,2886.0,39.98034188034188,-37.28034188034188,-93.24668106120528,37.28034188034188,0,-1.012503698110994,0,2004-12-01,120.7,320.6,192.8,634.0999999999995,2110.8,2893.0,-72.10000000000001,-2.4492935982947064e-16,1.0,0,DEC,0,0.06342011,0,TRUE_NEGATIVE
Kerala,2007,11.0,3,87.4,971.2999999999996,3133.1000000000004,3479.5,162.55897435897438,-75.15897435897438,-46.23489699990536,75.15897435897438,0,-0.8975968023142812,0,2007-11-01,357.2,526.7,489.6,1373.4999999999995,3238.4,3554.9,-132.40000000000003,-0.5000000000000004,0.8660254037844384,0,NOV,0,0.063370064,0,TRUE_NEGATIVE
East Uttar Pradesh,2006,1.0,0,0.0,2.9000000000001704,375.1,756.1000000000001,15.866666666666667,-15.866666666666667,-100.0,15.866666666666667,0,-1.0884275748285748,0,2006-01-01,2.9,0.0,25.2,28.10000000000017,665.3999999999999,770.1000000000001,-22.3,0.4999999999999999,0.8660254037844387,0,JAN,0,0.06333092,0,TRUE_NEGATIVE
Coastal Andhra Pradesh,2001,1.0,0,4.6,27.599999999999888,511.6000000000004,996.8,7.377777777777778,-2.7777777777777786,-37.65060240963856,2.7777777777777786,0,-0.2425296253310089,0,2001-01-01,12.4,10.6,69.6,92.59999999999988,661.1000000000003,992.3,-57.2,0.4999999999999999,0.8660254037844387,0,JAN,0,0.0633066,0,TRUE_NEGATIVE
Haryana Delhi & Chandigarh,2017,3.0,1,7.2,41.70000000000003,47.89999999999998,418.5999999999999,12.952991452991451,-5.752991452991453,-44.41438469152095,5.752991452991453,0,-0.3798277115585116,0,2017-03-01,0.3,34.2,1.0,35.50000000000003,55.49999999999997,432.0999999999999,-0.7,1.0,6.123233995736766e-17,0,MAR,0,0.06328127,0,TRUE_NEGATIVE
Coastal Karnataka,2016,12.0,3,5.7,97.49999999999956,1557.8000000000002,2619.7000000000003,12.508547008547009,-6.808547008547008,-54.43115818243936,6.808547008547008,0,-0.2884389376919717,0,2016-12-01,14.4,77.4,225.9,317.69999999999953,2515.2000000000003,2628.3,-211.5,-2.4492935982947064e-16,1.0,0,DEC,0,0.06325144,0,TRUE_NEGATIVE
Konkan & Goa,2012,10.0,3,175.1,1452.9000000000003,3015.5000000000014,3019.199999999999,113.6982905982906,61.4017094017094,54.00407436084404,0.0,0,0.6961698829996041,0,2012-10-01,515.3,762.5,928.5,2206.3000000000006,2841.000000000001,2964.399999999999,-413.2000000000001,-0.8660254037844386,0.5000000000000001,0,OCT,0,0.063238546,0,TRUE_NEGATIVE
East Uttar Pradesh,2016,9.0,2,150.7,713.2000000000002,829.6,862.9000000000001,183.4521367521368,-32.75213675213678,-17.853232637125604,32.75213675213678,0,-0.3993337664106825,0,2016-09-01,224.4,338.1,77.1,639.6000000000003,688.4,734.1000000000001,147.3,-1.0,-1.8369701987210294e-16,0,SEP,0,0.06323462,0,TRUE_NEGATIVE
Kerala,2011,12.0,3,49.5,446.3999999999994,1867.1000000000004,3035.3,39.98034188034188,9.519658119658118,23.81084721123629,0.0,0,0.258546155017659,0,2011-12-01,169.7,227.2,391.2,788.0999999999993,2606.1000000000004,3032.5999999999995,-221.5,-2.4492935982947064e-16,1.0,0,DEC,0,0.063166596,0,TRUE_NEGATIVE
Kerala,2003,11.0,3,76.4,576.9999999999995,2026.0000000000005,2387.2000000000003,162.55897435897438,-86.15897435897438,-53.00167197703398,86.15897435897438,0,-1.028965875797096,0,2003-11-01,407.0,93.6,350.3,850.8999999999995,2040.6000000000004,2448.3,56.69999999999999,-0.5000000000000004,0.8660254037844384,0,NOV,0,0.06315662,0,TRUE_NEGATIVE
Orissa,2004,1.0,0,6.8,46.599999999999376,1023.4,1654.9,12.152136752136752,-5.352136752136752,-44.04276269517513,5.352136752136752,0,-0.3443113760204502,0,2004-01-01,28.8,11.0,287.4,327.19999999999936,1384.1,1648.1999999999998,-258.6,0.4999999999999999,0.8660254037844387,0,JAN,0,0.063151,0,TRUE_NEGATIVE
East Madhya Pradesh,2011,1.0,0,0.6,14.799999999999432,523.7000000000006,958.3000000000002,19.28205128205128,-18.68205128205128,-96.88829787234042,18.68205128205128,0,-0.8427657173333094,0,2011-01-01,3.3,10.9,23.6,37.79999999999944,886.4000000000007,960.6000000000004,-20.3,0.4999999999999999,0.8660254037844387,0,JAN,0,0.06297393,0,TRUE_NEGATIVE
Haryana Delhi & Chandigarh,2009,2.0,0,5.9,10.2,138.6,717.4999999999998,17.14786324786325,-11.247863247863249,-65.5933808503215,11.247863247863249,0,-0.5965084077247232,0,2009-02-01,4.1,0.2,5.5,9.8,306.9,711.9999999999998,-1.4000000000000004,0.8660254037844386,0.5000000000000001,0,FEB,0,0.06296518,0,TRUE_NEGATIVE
Kerala,2001,12.0,3,10.1,510.6999999999996,1687.3000000000004,2931.0,39.98034188034188,-29.88034188034188,-74.73758471043462,29.88034188034188,0,-0.8115257298812497,0,2001-12-01,181.0,319.6,216.8,717.3999999999996,2392.500000000001,2990.0,-35.80000000000001,-2.4492935982947064e-16,1.0,0,DEC,0,0.062963046,0,TRUE_NEGATIVE
Andaman & Nicobar Islands,2015,12.0,3,129.9,618.2999999999997,1950.4999999999989,2904.5,157.46697247706425,-27.56697247706424,-17.50651075804451,27.56697247706424,0,-0.210084563574643,0,2015-12-01,236.3,252.1,523.3,1011.6999999999996,2166.999999999998,2875.0,-286.99999999999994,-2.4492935982947064e-16,1.0,0,DEC,0,0.062854186,0,TRUE_NEGATIVE
Jharkhand,2001,9.0,2,132.8,706.8,1102.9000000000003,1158.5,227.1367521367521,-94.33675213675212,-41.533019755409214,94.33675213675212,0,-1.2875190900860662,0,2001-09-01,219.4,354.6,324.7,898.7,1000.1000000000004,1382.6,-105.29999999999998,-1.0,-1.8369701987210294e-16,0,SEP,0,0.06283506,0,TRUE_NEGATIVE
Assam & Meghalaya,2013,11.0,3,1.0,356.5999999999999,1300.2999999999993,1816.8,26.892307692307693,-25.892307692307693,-96.28146453089244,25.892307692307693,0,-0.985874637051083,0,2013-11-01,126.3,229.3,289.7,645.2999999999998,1645.999999999999,1832.9000000000003,-163.39999999999998,-0.5000000000000004,0.8660254037844384,0,NOV,0,0.062811404,0,TRUE_NEGATIVE
Punjab,2017,9.0,2,62.7,279.29999999999984,414.7000000000001,478.10000000000014,85.99059829059829,-23.29059829059828,-27.085052033118306,23.29059829059828,0,-0.2683458184966931,0,2017-09-01,122.2,94.4,110.8,327.3999999999998,366.5,432.8000000000001,11.400000000000006,-1.0,-1.8369701987210294e-16,0,SEP,0,0.06278754,0,TRUE_NEGATIVE
Haryana Delhi & Chandigarh,2015,9.0,2,32.1,251.60000000000005,338.5,449.5999999999999,87.71452991452992,-55.61452991452992,-63.40401067955489,55.61452991452992,0,-0.7562483093975996,0,2015-09-01,89.2,130.3,43.7,263.20000000000005,378.2,484.79999999999984,45.5,-1.0,-1.8369701987210294e-16,0,SEP,0,0.06276698,0,TRUE_NEGATIVE
West Rajasthan,2012,4.0,1,9.5,9.5,10.000000000000227,413.9,3.5418803418803417,5.958119658119658,168.219111969112,0.0,0,1.0145038047825825,0,2012-04-01,0.0,0.0,0.5,0.5,0.6000000000002274,405.9,-0.5,0.8660254037844387,-0.4999999999999998,0,APR,0,0.0627212,0,TRUE_NEGATIVE
Arunachal Pradesh,2001,11.0,3,19.3,481.2000000000008,1340.899999999999,2030.6,35.149484536082475,-15.849484536082477,-45.09165566798651,15.849484536082477,0,-0.4518979088342512,0,2001-11-01,173.8,288.1,279.9,741.8000000000006,1517.1999999999991,2065.2000000000003,-106.09999999999997,-0.5000000000000004,0.8660254037844384,0,NOV,0,0.06262152,0,TRUE_NEGATIVE
Coastal Andhra Pradesh,2011,1.0,0,0.0,349.1,1032.2000000000005,1690.6999999999998,7.377777777777778,-7.377777777777778,-100.0,7.377777777777778,0,-0.6441586848791597,0,2011-01-01,138.2,210.9,204.0,553.0999999999999,1351.1000000000004,1712.5,-65.80000000000001,0.4999999999999999,0.8660254037844387,0,JAN,0,0.06258609,0,TRUE_NEGATIVE
Gujarat Region,2012,4.0,1,0.0,0.0,0.0999999999997726,890.1999999999997,1.0974358974358975,-1.0974358974358975,-100.0,1.0974358974358975,0,-0.2779302288792669,0,2012-04-01,0.0,0.0,0.1,0.1000000000002273,0.4999999999997726,890.1999999999997,-0.1,0.8660254037844387,-0.4999999999999998,0,APR,0,0.062558375,0,TRUE_NEGATIVE
Punjab,2007,1.0,0,1.2,21.299999999999915,257.4,633.9000000000001,25.23247863247863,-24.032478632478632,-95.2442246460267,24.032478632478632,0,-1.0806449489191514,0,2007-01-01,6.7,13.4,24.6,44.69999999999992,476.5,647.7,-17.900000000000002,0.4999999999999999,0.8660254037844387,0,JAN,0,0.06255793,0,TRUE_NEGATIVE
Kerala,2002,12.0,3,2.1,651.2999999999995,1507.2000000000005,2507.5,39.98034188034188,-37.88034188034188,-94.74741860315967,37.88034188034188,0,-1.028799209048541,0,2002-12-01,137.5,511.7,99.0,748.1999999999996,2008.2000000000005,2515.5,38.5,-2.4492935982947064e-16,1.0,0,DEC,0,0.06255597,0,TRUE_NEGATIVE
Haryana Delhi & Chandigarh,2010,9.0,2,183.9,571.7,607.5,626.9999999999998,87.71452991452992,96.18547008547009,109.6573967610547,0.0,0,1.3079333629635872,0,2010-09-01,198.5,189.3,29.1,416.9,424.1,603.8999999999999,169.4,-1.0,-1.8369701987210294e-16,0,SEP,0,0.06253737,0,TRUE_NEGATIVE
Coastal Andhra Pradesh,2009,1.0,0,0.0,72.6,567.2000000000003,1104.3,7.377777777777778,-7.377777777777778,-100.0,7.377777777777778,0,-0.6441586848791597,0,2009-01-01,1.2,71.4,51.6,124.2,775.7000000000003,1107.5,-50.4,0.4999999999999999,0.8660254037844387,0,JAN,0,0.06248462,0,TRUE_NEGATIVE
Haryana Delhi & Chandigarh,2002,9.0,2,123.0,220.6,294.9,357.9999999999998,87.71452991452992,35.28547008547008,40.22762262974295,0.0,0,0.4798130477673007,0,2002-09-01,78.2,19.4,21.2,118.79999999999998,180.9,245.29999999999976,57.0,-1.0,-1.8369701987210294e-16,0,SEP,0,0.06246289,0,TRUE_NEGATIVE
Saurashtra & Kutch,2012,3.0,1,0.0,0.0,1.3000000000001706,740.9999999999999,1.276923076923077,-1.276923076923077,-100.0,1.276923076923077,0,-0.2262333753033426,0,2012-03-01,0.0,0.0,0.0,0.0,211.40000000000015,740.9999999999999,0.0,1.0,6.123233995736766e-17,0,MAR,0,0.062433925,0,TRUE_NEGATIVE
Haryana Delhi & Chandigarh,2000,8.0,2,87.9,293.6,319.1,425.1999999999998,150.05299145299145,-62.15299145299144,-41.42069468335972,62.15299145299144,0,-0.7945369576787678,0,2000-08-01,146.8,58.9,22.8,228.50000000000003,260.3,415.99999999999983,124.0,-0.8660254037844385,-0.5000000000000004,0,AUG,0,0.062431566,0,TRUE_NEGATIVE
Lakshadweep,2008,11.0,3,67.6,429.4000000000003,1254.4999999999998,1706.2999999999995,123.43909090909092,-55.83909090909091,-45.2361488551586,55.83909090909091,0,-0.7260239844102501,0,2008-11-01,252.9,108.9,206.6,568.4000000000003,1367.3,1686.2999999999995,46.30000000000001,-0.5000000000000004,0.8660254037844384,0,NOV,0,0.062338546,0,TRUE_NEGATIVE
Vidarbha,2000,9.0,2,54.0,812.2999999999995,1077.1,1199.2000000000005,175.53675213675214,-121.53675213675214,-69.2372113858349,121.53675213675214,0,-1.511334828615268,0,2000-09-01,286.2,472.1,235.9,994.1999999999996,1023.2000000000004,1393.2,50.29999999999998,-1.0,-1.8369701987210294e-16,0,SEP,0,0.06232623,0,TRUE_NEGATIVE
Naga Mani Mizo Tripura,2000,11.0,3,24.2,507.7000000000002,1567.3000000000002,2381.1,46.87008547008547,-22.67008547008547,-48.36792005543602,22.67008547008547,0,-0.4495598131959312,0,2000-11-01,185.2,298.3,465.0,948.5000000000002,1946.7,2373.4,-279.8,-0.5000000000000004,0.8660254037844384,0,NOV,0,0.06230872,0,TRUE_NEGATIVE
West Uttar Pradesh,2009,2.0,0,3.9,5.199999999999887,105.19999999999985,803.6999999999998,17.614529914529914,-13.714529914529914,-77.85918773351447,13.714529914529914,0,-0.6886901937334118,0,2009-02-01,1.3,0.0,4.0,5.299999999999886,318.6999999999998,799.9999999999999,-2.7,0.8660254037844386,0.5000000000000001,0,FEB,0,0.06230382,0,TRUE_NEGATIVE
Bihar,2004,1.0,0,22.7,25.9000000000004,662.3999999999996,1363.3000000000002,13.242735042735044,9.457264957264956,71.4147411901381,0.0,0,0.6426821867547212,0,2004-01-01,3.0,0.2,142.0,145.2000000000004,996.4999999999995,1353.8,-139.0,0.4999999999999999,0.8660254037844387,0,JAN,0,0.06230103,0,TRUE_NEGATIVE
Haryana Delhi & Chandigarh,2016,8.0,2,133.0,328.6,376.6,415.9999999999999,150.05299145299145,-17.05299145299145,-11.36464610792768,17.05299145299145,0,-0.217998066249629,0,2016-08-01,159.8,35.8,26.7,222.30000000000004,244.7,372.1999999999998,133.10000000000002,-0.8660254037844385,-0.5000000000000004,0,AUG,0,0.06229082,0,TRUE_NEGATIVE
Matathwada,2003,9.0,2,95.7,535.5000000000001,686.4999999999999,743.4000000000001,179.26495726495727,-83.56495726495727,-46.615333269762566,83.56495726495727,0,-0.9288785751160838,0,2003-09-01,183.9,255.9,117.6,557.4000000000001,593.0999999999999,770.1,66.30000000000001,-1.0,-1.8369701987210294e-16,0,SEP,0,0.062188096,0,TRUE_NEGATIVE
West Rajasthan,2010,4.0,1,0.6,2.899999999999986,5.000000000000199,152.70000000000007,3.5418803418803417,-2.9418803418803416,-83.05984555984556,2.9418803418803416,0,-0.5009212589386957,0,2010-04-01,0.6,1.7,1.9,4.199999999999985,4.700000000000199,153.70000000000007,-1.2999999999999998,0.8660254037844387,-0.4999999999999998,0,APR,0,0.062111203,0,TRUE_NEGATIVE
Himachal Pradesh,2001,10.0,3,5.0,234.19999999999976,694.8000000000003,951.1,30.791452991452992,-25.791452991452992,-83.76172764114807,25.791452991452992,0,-0.5179353102174291,0,2001-10-01,26.9,202.3,239.5,468.69999999999976,756.7000000000003,946.1,-212.6,-0.8660254037844386,0.5000000000000001,0,OCT,0,0.062100064,0,TRUE_NEGATIVE
Punjab,2002,9.0,2,95.0,203.79999999999995,252.6,274.6,85.99059829059829,9.009401709401716,10.47719388921469,0.0,0,0.1038030558816016,0,2002-09-01,58.4,50.4,24.7,133.49999999999991,164.39999999999998,199.50000000000009,33.7,-1.0,-1.8369701987210294e-16,0,SEP,0,0.062082548,0,TRUE_NEGATIVE
Madhya Maharashtra,2004,9.0,2,181.2,709.5,979.0999999999998,1012.4,157.62820512820514,23.57179487179485,14.954046360309054,0.0,0,0.3701305037636967,0,2004-09-01,354.1,174.2,215.9,744.2,797.8999999999999,947.4,138.20000000000002,-1.0,-1.8369701987210294e-16,0,SEP,0,0.06204082,0,TRUE_NEGATIVE
Coastal Karnataka,2005,12.0,3,2.3,205.5999999999993,2531.1000000000004,3470.9,12.508547008547009,-10.208547008547008,-81.61257259993167,10.208547008547008,0,-0.4324773627658687,0,2005-12-01,24.6,178.7,456.2,659.4999999999993,3350.4000000000005,3468.6,-431.6,-2.4492935982947064e-16,1.0,0,DEC,0,0.062009327,0,TRUE_NEGATIVE
Coastal Karnataka,2001,12.0,3,0.6,218.89999999999952,1952.0,3111.7,12.508547008547009,-11.908547008547009,-95.20327980867783,11.908547008547009,0,-0.5044965753028172,0,2001-12-01,48.6,169.7,151.8,370.0999999999996,2881.4000000000005,3113.5,-103.20000000000002,-2.4492935982947064e-16,1.0,0,DEC,0,0.06194364,0,TRUE_NEGATIVE
East Uttar Pradesh,2006,2.0,0,0.0,2.9000000000001704,147.79999999999995,742.1000000000001,15.614529914529916,-15.614529914529916,-100.0,15.614529914529916,0,-0.9063494403083748,0,2006-02-01,0.0,2.9,0.0,2.9000000000001704,375.1,756.1000000000001,0.0,0.8660254037844386,0.5000000000000001,0,FEB,0,0.061904583,0,TRUE_NEGATIVE
South Interior Karnataka,2017,1.0,0,5.0,45.10000000000006,215.7,688.8,2.952136752136752,2.047863247863248,69.36884771279678,0.0,0,0.4292014761896813,0,2017-01-01,31.0,9.1,21.9,62.00000000000006,407.19999999999993,687.4,9.1,0.4999999999999999,0.8660254037844387,0,JAN,0,0.061805703,0,TRUE_NEGATIVE
Chhattisgarh,2005,9.0,2,240.5,902.0000000000006,1121.8999999999996,1245.9,218.1025641025641,22.397435897435884,10.269221725840575,0.0,0,0.2986020595580488,0,2005-09-01,267.7,393.8,197.0,858.5000000000006,887.4999999999998,1131.9,70.69999999999999,-1.0,-1.8369701987210294e-16,0,SEP,0,0.06180117,0,TRUE_NEGATIVE
Himachal Pradesh,2015,10.0,3,17.7,289.09999999999985,669.8000000000003,1224.8,30.791452991452992,-13.091452991452991,-42.51651584966413,13.091452991452991,0,-0.262898168962101,0,2015-10-01,75.5,195.9,249.9,521.2999999999998,737.0000000000002,1226.4,-174.4,-0.8660254037844386,0.5000000000000001,0,OCT,0,0.06175164,0,TRUE_NEGATIVE
Vidarbha,2009,9.0,2,90.3,576.4999999999995,662.9000000000004,689.3000000000002,175.53675213675214,-85.23675213675214,-48.55778126186836,85.23675213675214,0,-1.0599367674180706,0,2009-09-01,175.4,310.8,78.1,564.2999999999996,573.5000000000005,759.8000000000002,97.3,-1.0,-1.8369701987210294e-16,0,SEP,0,0.061745774,0,TRUE_NEGATIVE
Telangana,2000,1.0,0,0.6,2.800000000000228,426.9999999999998,864.2,7.581196581196581,-6.981196581196581,-92.08568207440813,6.981196581196581,0,-0.506166648352121,0,2000-01-01,0.0,2.2,55.7,57.90000000000023,631.5999999999997,863.6,-55.7,0.4999999999999999,0.8660254037844387,0,JAN,0,0.06174511,0,TRUE_NEGATIVE
Rayalseema,2010,10.0,3,83.4,361.3000000000004,722.5999999999999,912.7,135.02478632478633,-51.62478632478633,-38.23356268871179,51.62478632478633,0,-0.736611331444146,0,2010-10-01,122.9,155.0,187.6,465.50000000000045,652.1999999999999,898.6,-64.69999999999999,-0.8660254037844386,0.5000000000000001,0,OCT,0,0.061640956,0,TRUE_NEGATIVE
Vidarbha,2016,9.0,2,227.8,879.7999999999995,1062.8000000000004,1096.0,175.53675213675214,52.26324786324787,29.77339345012611,0.0,0,0.6499043734804034,0,2016-09-01,161.8,490.2,165.5,817.4999999999995,855.1000000000004,1035.7,-3.6999999999999886,-1.0,-1.8369701987210294e-16,0,SEP,0,0.061609387,0,TRUE_NEGATIVE
Chhattisgarh,2006,9.0,2,184.6,1126.9000000000003,1259.7999999999995,1374.8,218.1025641025641,-33.50256410256412,-15.360921702327776,33.50256410256412,0,-0.4466553531981068,0,2006-09-01,447.2,495.1,92.2,1034.5000000000005,1101.4,1430.6999999999998,355.0,-1.0,-1.8369701987210294e-16,0,SEP,0,0.061605696,0,TRUE_NEGATIVE
Konkan & Goa,2003,2.0,0,0.6,1.4000000000004549,296.80000000000024,2538.399999999999,0.5384615384615384,0.0615384615384615,11.428571428571429,0.0,0,0.0302944768353339,0,2003-02-01,0.5,0.3,3.0,3.800000000000455,1130.7000000000005,2537.7999999999997,-2.5,0.8660254037844386,0.5000000000000001,0,FEB,0,0.061525043,0,TRUE_NEGATIVE
Tamil Nadu,2017,1.0,0,37.3,137.59999999999985,307.50000000000006,570.0,23.75213675213676,13.547863247863244,57.03850305865418,0.0,0,0.4225776931502839,0,2017-01-01,66.5,33.8,65.8,166.09999999999988,357.00000000000006,535.2,0.7000000000000028,0.4999999999999999,0.8660254037844387,0,JAN,0,0.061507143,0,TRUE_NEGATIVE
Coastal Andhra Pradesh,2016,1.0,0,1.6,84.8,538.3000000000003,1010.6,7.377777777777778,-5.777777777777779,-78.31325301204821,5.777777777777779,0,-0.5044616206884986,0,2016-01-01,2.0,81.2,59.7,142.9,652.7000000000003,1011.0,-57.7,0.4999999999999999,0.8660254037844387,0,JAN,0,0.06143395,0,TRUE_NEGATIVE
West Rajasthan,2004,8.0,2,94.3,154.69999999999996,165.50000000000023,182.10000000000005,94.94786324786324,-0.647863247863242,-0.6823357848211733,0.647863247863242,0,-0.0097306339812468,0,2004-08-01,26.9,33.5,6.0,66.39999999999998,71.20000000000023,181.40000000000003,20.9,-0.8660254037844385,-0.5000000000000004,0,AUG,0,0.061396725,0,TRUE_NEGATIVE
Assam & Meghalaya,2010,11.0,3,11.6,446.0999999999998,1817.9,2707.8000000000006,26.892307692307693,-15.292307692307691,-56.8649885583524,15.292307692307691,0,-0.5822693934811507,0,2010-11-01,116.2,318.3,387.0,821.4999999999998,2199.7,2705.2000000000007,-270.8,-0.5000000000000004,0.8660254037844384,0,NOV,0,0.061242595,0,TRUE_NEGATIVE
Lakshadweep,2004,12.0,3,2.2,303.2000000000002,953.5,1553.1999999999998,61.82142857142857,-59.62142857142857,-96.44136337377238,59.62142857142857,0,-0.9688130686613776,0,2004-12-01,107.6,193.4,200.0,501.0000000000002,1202.5,1558.4999999999998,-92.4,-2.4492935982947064e-16,1.0,0,DEC,0,0.06120046,0,TRUE_NEGATIVE
South Interior Karnataka,2006,11.0,3,84.9,258.6000000000001,841.9,1034.7,53.6965811965812,31.203418803418806,58.11062475129327,0.0,0,0.699811010675749,0,2006-11-01,61.7,112.0,172.9,346.6000000000001,884.0999999999999,1006.1,-111.2,-0.5000000000000004,0.8660254037844384,0,NOV,0,0.06119665,0,TRUE_NEGATIVE
Madhya Maharashtra,2009,1.0,0,0.0,4.6000000000000005,631.1999999999998,916.8000000000002,3.0025641025641026,-3.0025641025641026,-100.0,3.0025641025641026,0,-0.4534989270816537,0,2009-01-01,0.9,3.7,56.6,61.2,789.0999999999998,916.8000000000002,-55.7,0.4999999999999999,0.8660254037844387,0,JAN,0,0.0611605,0,TRUE_NEGATIVE
Gujarat Region,2008,9.0,2,204.3,835.7000000000003,897.0999999999997,898.4999999999997,147.77179487179487,56.52820512820514,38.253717617254615,0.0,0,0.5010125588823456,0,2008-09-01,369.5,261.9,58.2,689.6000000000001,692.7999999999997,863.5999999999997,311.3,-1.0,-1.8369701987210294e-16,0,SEP,0,0.060987648,0,TRUE_NEGATIVE
Gujarat Region,2012,9.0,2,263.8,672.3000000000003,706.6999999999998,707.1999999999997,147.77179487179487,116.02820512820514,78.51850566535373,0.0,0,1.0283642974682492,0,2012-09-01,230.3,178.2,34.4,442.9000000000002,442.89999999999975,605.8999999999996,195.9,-1.0,-1.8369701987210294e-16,0,SEP,0,0.06097977,0,TRUE_NEGATIVE
Punjab,2001,3.0,1,6.2,16.299999999999887,19.19999999999997,362.7000000000001,23.666666666666668,-17.46666666666667,-73.80281690140845,17.46666666666667,0,-0.7684221215529983,0,2001-03-01,2.1,8.0,2.2,12.299999999999889,54.99999999999997,363.4000000000001,-0.1,1.0,6.123233995736766e-17,0,MAR,0,0.06094225,0,TRUE_NEGATIVE
Gangetic West Bengal,2013,10.0,3,353.2,1008.6,1701.1,1835.6,116.28888888888888,236.9111111111111,203.72635199694247,0.0,0,3.077936404183807,0,2013-10-01,254.0,401.4,263.2,918.6000000000004,1393.5,1546.6,-9.199999999999989,-0.8660254037844386,0.5000000000000001,0,OCT,0,0.060797308,0,TRUE_NEGATIVE
West Rajasthan,2001,3.0,1,0.1,1.6999999999999718,3.300000000000228,235.80000000000004,4.011111111111111,-3.911111111111111,-97.50692520775624,3.911111111111111,0,-0.5046339473613145,0,2001-03-01,1.1,0.5,0.0,1.5999999999999717,8.900000000000228,236.00000000000009,1.1,1.0,6.123233995736766e-17,0,MAR,0,0.060683362,0,TRUE_NEGATIVE
Tamil Nadu,2010,1.0,0,11.8,432.6999999999999,706.1,932.4,23.75213675213676,-11.952136752136752,-50.32025908600216,11.952136752136752,0,-0.3728046470893681,0,2010-01-01,106.2,314.7,62.1,482.9999999999999,736.4,928.5,44.1,0.4999999999999999,0.8660254037844387,0,JAN,0,0.060677815,0,TRUE_NEGATIVE
Vidarbha,2001,9.0,2,37.4,599.1999999999996,964.0000000000002,999.7000000000002,175.53675213675214,-138.13675213675214,-78.6939204783375,138.13675213675214,0,-1.717759286352829,0,2001-09-01,359.8,202.0,338.6,900.3999999999996,941.8000000000002,1016.3,21.19999999999999,-1.0,-1.8369701987210294e-16,0,SEP,0,0.06065496,0,TRUE_NEGATIVE
Punjab,2010,9.0,2,112.8,353.29999999999995,401.8,428.4000000000001,85.99059829059829,26.809401709401712,31.17713127056228,0.0,0,0.3088881940838817,0,2010-09-01,96.7,143.8,41.8,282.29999999999995,290.9,370.3000000000001,54.900000000000006,-1.0,-1.8369701987210294e-16,0,SEP,0,0.060630396,0,TRUE_NEGATIVE
West Rajasthan,2003,7.0,2,188.4,235.4,257.80000000000024,306.70000000000005,96.1059829059829,92.29401709401712,96.03358116039986,0.0,0,1.7268748886135323,0,2003-07-01,45.2,1.8,0.4,47.39999999999998,71.90000000000023,120.70000000000005,44.8,-0.4999999999999997,-0.8660254037844388,0,JUL,0,0.060574822,0,TRUE_NEGATIVE
Telangana,2005,2.0,0,14.1,57.50000000000023,203.49999999999963,672.3000000000001,9.524786324786325,4.575213675213675,48.034816941852114,0.0,0,0.3021231912012701,0,2005-02-01,43.4,0.0,5.3,48.70000000000022,307.0999999999996,676.1,38.1,0.8660254037844386,0.5000000000000001,0,FEB,0,0.06057118,0,TRUE_NEGATIVE
Uttarakhand,2006,9.0,2,79.1,719.3999999999999,996.2999999999992,1146.9,195.52051282051283,-116.42051282051284,-59.54388679789648,116.42051282051284,0,-1.1054648808199503,0,2006-09-01,294.7,345.6,104.2,744.5,988.8999999999992,1405.6999999999998,190.5,-1.0,-1.8369701987210294e-16,0,SEP,0,0.060566455,0,TRUE_NEGATIVE
East Rajasthan,2010,8.0,2,275.9,499.4,501.0,569.2000000000003,219.01538461538465,56.88461538461536,25.972885642034267,0.0,0,0.5976038944443445,0,2010-08-01,196.2,27.3,0.7,224.2,227.5,406.60000000000025,195.5,-0.8660254037844385,-0.5000000000000004,0,AUG,0,0.060541827,0,TRUE_NEGATIVE
Konkan & Goa,2001,10.0,3,91.6,910.8000000000004,2383.9,2400.0999999999995,113.6982905982906,-22.098290598290603,-19.43590398941569,22.098290598290603,0,-0.2505494477304394,0,2001-10-01,207.9,611.3,873.4,1692.6000000000004,2295.1000000000004,2400.299999999999,-665.5,-0.8660254037844386,0.5000000000000001,0,OCT,0,0.06049748,0,TRUE_NEGATIVE
Arunachal Pradesh,2016,11.0,3,8.4,714.0000000000008,1859.199999999999,2732.0,35.149484536082475,-26.74948453608248,-76.10206775186978,26.74948453608248,0,-0.7626769247120019,0,2016-11-01,172.7,532.9,145.7,851.3000000000009,2129.699999999999,2757.4,27.0,-0.5000000000000004,0.8660254037844384,0,NOV,0,0.060407244,0,TRUE_NEGATIVE
Andaman & Nicobar Islands,2010,12.0,3,246.4,917.2999999999996,2266.299999999999,3157.1,157.46697247706425,88.93302752293576,56.47725749975236,0.0,0,0.6777478480842372,0,2010-12-01,268.5,402.4,263.3,934.1999999999996,2468.799999999999,2958.7,5.199999999999989,-2.4492935982947064e-16,1.0,0,DEC,0,0.060348053,0,TRUE_NEGATIVE
Coastal Karnataka,2007,2.0,0,0.0,0.0,713.5000000000005,3836.3,1.4923076923076923,-1.4923076923076923,-100.0,1.4923076923076923,0,-0.3180213375097886,0,2007-02-01,0.0,0.0,97.4,97.39999999999932,1569.1000000000006,3836.3,-97.4,0.8660254037844386,0.5000000000000001,0,FEB,0,0.060321312,0,TRUE_NEGATIVE
Haryana Delhi & Chandigarh,2003,3.0,1,4.0,48.6,59.3,354.1999999999998,12.952991452991451,-8.952991452991453,-69.11910260640053,8.952991452991453,0,-0.5911001750966289,0,2003-03-01,29.9,14.7,8.8,53.4,178.29999999999998,359.1999999999998,21.1,1.0,6.123233995736766e-17,0,MAR,0,0.060317386,0,TRUE_NEGATIVE
Rayalseema,2008,10.0,3,126.0,352.6000000000004,507.8,717.0,135.02478632478633,-9.024786324786334,-6.683799745535805,9.024786324786334,0,-0.1287706999671983,0,2008-10-01,121.7,104.9,81.4,308.00000000000045,385.8999999999999,767.9,40.3,-0.8660254037844386,0.5000000000000001,0,OCT,0,0.0602952,0,TRUE_NEGATIVE
Konkan & Goa,2002,2.0,0,0.0,0.0,302.60000000000025,2389.8,0.5384615384615384,-0.5384615384615384,-100.0,0.5384615384615384,0,-0.2650766723091717,0,2002-02-01,0.0,0.0,3.1,3.100000000000455,913.9000000000002,2389.7999999999997,-3.1,0.8660254037844386,0.5000000000000001,0,FEB,0,0.060282126,0,TRUE_NEGATIVE
Uttarakhand,2016,9.0,2,111.4,928.2999999999998,1211.8999999999992,1318.8000000000002,195.52051282051283,-84.12051282051283,-43.0238810276317,84.12051282051283,0,-0.7987619228495313,0,2016-09-01,308.5,508.4,174.4,991.2999999999998,1146.299999999999,1260.0,134.1,-1.0,-1.8369701987210294e-16,0,SEP,0,0.060248245,0,TRUE_NEGATIVE
Himachal Pradesh,2007,10.0,3,18.7,338.6999999999998,688.9000000000002,1075.9,30.791452991452992,-12.091452991452991,-39.26886137789375,12.091452991452991,0,-0.2428165042963272,0,2007-10-01,85.7,234.3,155.2,475.1999999999998,679.8000000000002,1074.7,-69.49999999999999,-0.8660254037844386,0.5000000000000001,0,OCT,0,0.060240954,0,TRUE_NEGATIVE
West Uttar Pradesh,2000,2.0,0,22.9,32.39999999999994,327.49999999999983,797.6999999999999,17.614529914529914,5.2854700854700845,30.00630792372264,0.0,0,0.2654156897698752,0,2000-02-01,8.8,0.7,0.1,9.599999999999945,485.0999999999999,775.9,8.700000000000001,0.8660254037844386,0.5000000000000001,0,FEB,0,0.060207695,0,TRUE_NEGATIVE
Lakshadweep,2014,12.0,3,62.3,290.5000000000004,1004.9,1394.9999999999998,61.82142857142857,0.4785714285714277,0.774119006354707,0.0,0,0.0077765036061234,0,2014-12-01,59.0,169.2,132.2,360.4000000000004,1186.6999999999998,1359.4,-73.19999999999999,-2.4492935982947064e-16,1.0,0,DEC,0,0.060085073,0,TRUE_NEGATIVE
Orissa,2015,1.0,0,15.1,18.1999999999996,797.4,1552.1,12.152136752136752,2.947863247863248,24.257982838655227,0.0,0,0.1896406796382199,0,2015-01-01,0.9,2.2,111.8,114.8999999999996,1278.4999999999998,1537.0,-110.9,0.4999999999999999,0.8660254037844387,0,JAN,0,0.060067542,0,TRUE_NEGATIVE
Assam & Meghalaya,2008,10.0,3,133.4,909.4999999999998,2027.9,2387.5000000000005,152.4974358974359,-19.0974358974359,-12.52311934626896,19.0974358974359,0,-0.2782829199534734,0,2008-10-01,267.5,508.6,493.2,1269.2999999999995,2050.7,2418.8,-225.7,-0.8660254037844386,0.5000000000000001,0,OCT,0,0.06006458,0,TRUE_NEGATIVE
East Uttar Pradesh,2011,1.0,0,1.0,5.600000000000227,421.50000000000006,690.9000000000001,15.866666666666667,-14.866666666666667,-93.69747899159664,14.866666666666667,0,-1.0198291982637486,0,2011-01-01,0.1,4.5,15.5,20.10000000000023,641.3,692.1000000000001,-15.4,0.4999999999999999,0.8660254037844387,0,JAN,0,0.059996713,0,TRUE_NEGATIVE
South Interior Karnataka,2001,10.0,3,122.7,464.6,790.4,910.5,138.47606837606838,-15.77606837606838,-11.392631637420768,15.77606837606838,0,-0.2574372988817376,0,2001-10-01,189.9,152.0,168.2,510.1,758.3000000000001,994.0,21.700000000000017,-0.8660254037844386,0.5000000000000001,0,OCT,0,0.059956357,0,TRUE_NEGATIVE
Jammu & Kashmir,2008,10.0,3,42.4,253.09999999999965,717.6,1156.5,33.61367521367521,8.78632478632479,26.13913751017089,0.0,0,0.2538189474268784,0,2008-10-01,44.7,166.0,266.3,476.9999999999997,772.9000000000001,1115.7,-221.6,-0.8660254037844386,0.5000000000000001,0,OCT,0,0.059925243,0,TRUE_NEGATIVE
Gujarat Region,2011,4.0,1,0.0,0.2000000000002273,41.39999999999978,1088.6999999999996,1.0974358974358975,-1.0974358974358975,-100.0,1.0974358974358975,0,-0.2779302288792669,0,2011-04-01,0.0,0.2,0.0,0.2000000000002273,53.599999999999774,1088.6999999999996,0.0,0.8660254037844387,-0.4999999999999998,0,APR,0,0.059866153,0,TRUE_NEGATIVE
Haryana Delhi & Chandigarh,2001,9.0,2,10.3,259.0,443.8,475.5999999999997,87.71452991452992,-77.41452991452992,-88.25736168222478,77.41452991452992,0,-1.0526854665614591,0,2001-09-01,103.5,145.2,117.2,365.9,440.7,482.7999999999997,-13.700000000000005,-1.0,-1.8369701987210294e-16,0,SEP,0,0.05981688,0,TRUE_NEGATIVE
Telangana,2003,1.0,0,0.0,3.9000000000002273,454.1999999999997,746.4999999999999,7.581196581196581,-7.581196581196581,-100.0,7.581196581196581,0,-0.5496692177868894,0,2003-01-01,0.0,3.9,76.2,80.10000000000022,545.8999999999996,765.3,-76.2,0.4999999999999999,0.8660254037844387,0,JAN,0,0.059687674,0,TRUE_NEGATIVE
Uttarakhand,2014,9.0,2,107.9,834.8,988.199999999999,1238.5,195.52051282051283,-87.62051282051283,-44.81397453214956,87.62051282051283,0,-0.8319959895026726,0,2014-09-01,264.2,462.7,62.9,789.8,948.6999999999992,1241.9,201.3,-1.0,-1.8369701987210294e-16,0,SEP,0,0.05958924,0,TRUE_NEGATIVE
Punjab,2009,9.0,2,54.7,289.49999999999994,319.7,365.4000000000001,85.99059829059829,-31.29059829059828,-36.3883946764206,31.29059829059828,0,-0.3605189143179426,0,2009-09-01,76.8,158.0,10.6,245.39999999999992,275.5,370.5000000000001,66.2,-1.0,-1.8369701987210294e-16,0,SEP,0,0.059522446,0,TRUE_NEGATIVE
Gangetic West Bengal,2016,9.0,2,233.7,985.1000000000004,1275.5,1379.3,245.14358974358973,-11.44358974358974,-4.668117063782606,11.44358974358974,0,-0.1280955506044692,0,2016-09-01,416.7,334.7,172.7,924.1000000000004,1056.5,1309.6,244.0,-1.0,-1.8369701987210294e-16,0,SEP,0,0.059488807,0,TRUE_NEGATIVE
Gujarat Region,2003,4.0,1,0.0,6.200000000000227,6.399999999999772,639.1999999999996,1.0974358974358975,-1.0974358974358975,-100.0,1.0974358974358975,0,-0.2779302288792669,0,2003-04-01,0.1,6.1,0.0,6.200000000000227,6.999999999999772,639.1999999999996,0.1,0.8660254037844387,-0.4999999999999998,0,APR,0,0.059488032,0,TRUE_NEGATIVE
Kerala,2002,11.0,3,137.5,748.1999999999996,2008.2000000000005,2515.5,162.55897435897438,-25.058974358974385,-15.41531278589231,25.058974358974385,0,-0.2992703858152796,0,2002-11-01,511.7,99.0,438.2,1048.8999999999996,2201.5000000000005,2559.0,73.5,-0.5000000000000004,0.8660254037844384,0,NOV,0,0.059483286,0,TRUE_NEGATIVE
East Rajasthan,2013,9.0,2,88.0,685.5,780.3,804.4000000000003,97.04358974358976,-9.043589743589749,-9.319100589214472,9.043589743589749,0,-0.1285324006710409,0,2013-09-01,278.5,319.0,90.6,688.1,692.7,847.7000000000003,187.9,-1.0,-1.8369701987210294e-16,0,SEP,0,0.05932884,0,TRUE_NEGATIVE
Naga Mani Mizo Tripura,2002,10.0,3,98.9,683.0000000000002,1935.5,2230.1,175.45299145299143,-76.55299145299145,-43.6316250974279,76.55299145299145,0,-0.9464752013449852,0,2002-10-01,225.7,358.4,462.2,1046.3000000000002,1980.4,2397.6,-236.5,-0.8660254037844386,0.5000000000000001,0,OCT,0,0.059197903,0,TRUE_NEGATIVE
Coastal Karnataka,2014,12.0,3,30.8,297.19999999999953,2952.9000000000005,3684.500000000001,12.508547008547009,18.291452991452992,146.23163648787155,0.0,0,0.7749035532947385,0,2014-12-01,40.0,226.4,379.3,645.6999999999996,3429.1000000000004,3663.7,-339.3,-2.4492935982947064e-16,1.0,0,DEC,0,0.05916786,0,TRUE_NEGATIVE
Tamil Nadu,2016,12.0,3,66.5,166.09999999999988,357.00000000000006,535.2,81.14615384615385,-14.646153846153853,-18.04910418049105,14.646153846153853,0,-0.2237668526998874,0,2016-12-01,33.8,65.8,49.0,148.59999999999988,353.50000000000006,621.5000000000001,-15.200000000000005,-2.4492935982947064e-16,1.0,0,DEC,0,0.059157465,0,TRUE_NEGATIVE
Naga Mani Mizo Tripura,2004,11.0,3,6.4,490.1000000000002,1782.2,2394.1,46.87008547008547,-40.47008547008547,-86.34523505598308,40.47008547008547,0,-0.8025432496918768,0,2004-11-01,132.7,351.0,284.3,768.0000000000002,1986.8,2392.8,-151.60000000000002,-0.5000000000000004,0.8660254037844384,0,NOV,0,0.059124682,0,TRUE_NEGATIVE
Gangetic West Bengal,2005,1.0,0,26.8,27.60000000000029,902.5,1592.9,12.476923076923075,14.323076923076924,114.79654747225648,0.0,0,0.9775003506895282,0,2005-01-01,0.8,0.0,220.7,221.50000000000028,1126.4,1569.4,-219.9,0.4999999999999999,0.8660254037844387,0,JAN,0,0.059091337,0,TRUE_NEGATIVE
Punjab,2001,9.0,2,19.9,263.2999999999999,418.5,437.7000000000001,85.99059829059829,-66.09059829059828,-76.85793517478555,66.09059829059828,0,-0.7614718811403779,0,2001-09-01,69.5,173.9,93.8,337.19999999999993,404.8,459.80000000000007,-24.3,-1.0,-1.8369701987210294e-16,0,SEP,0,0.05907665,0,TRUE_NEGATIVE
Bihar,2008,9.0,2,117.1,792.4000000000004,1142.8999999999994,1232.3,217.83504273504275,-100.73504273504275,-46.24372712041968,100.73504273504275,0,-1.2623947481349007,0,2008-09-01,278.1,397.2,291.2,966.5000000000005,1028.9999999999995,1424.1999999999998,-13.099999999999966,-1.0,-1.8369701987210294e-16,0,SEP,0,0.05906371,0,TRUE_NEGATIVE
Coastal Karnataka,2013,11.0,3,56.9,701.0999999999998,4049.6,4223.1,62.809401709401705,-5.909401709401706,-9.408466803652342,5.909401709401706,0,-0.1073792867650606,0,2013-11-01,265.1,379.1,680.2,1324.4,4093.1,4234.2,-415.1,-0.5000000000000004,0.8660254037844384,0,NOV,0,0.059046935,0,TRUE_NEGATIVE
Punjab,2014,1.0,0,21.8,34.49999999999986,292.20000000000005,599.1,25.23247863247863,-3.432478632478631,-13.603414402818233,3.432478632478631,0,-0.1543449077053599,0,2014-01-01,6.6,6.1,16.2,28.899999999999856,388.3,586.6000000000001,-9.6,0.4999999999999999,0.8660254037844387,0,JAN,0,0.059041806,0,TRUE_NEGATIVE
Orissa,2017,1.0,0,1.7,12.599999999999602,693.0999999999999,1253.0,12.152136752136752,-10.452136752136752,-86.01069067379379,10.452136752136752,0,-0.6724023981721633,0,2017-01-01,0.5,10.4,93.5,104.3999999999996,971.7,1253.5,-93.0,0.4999999999999999,0.8660254037844387,0,JAN,0,0.059037797,0,TRUE_NEGATIVE
Madhya Maharashtra,2008,2.0,0,0.0,0.0,196.49999999999977,1038.7,1.448717948717949,-1.448717948717949,-100.0,1.448717948717949,0,-0.5005820488450531,0,2008-02-01,0.0,0.0,3.9,3.9,470.69999999999976,1039.1,-3.9,0.8660254037844386,0.5000000000000001,0,FEB,0,0.05901354,0,TRUE_NEGATIVE
North Interior Karnataka,2007,2.0,0,6.8,18.49999999999985,227.89999999999984,669.0,3.1213675213675214,3.6786324786324784,117.85323110624316,0.0,0,0.6686558771072645,0,2007-02-01,11.7,0.0,29.0,40.69999999999986,310.1999999999998,662.1999999999999,-17.3,0.8660254037844386,0.5000000000000001,0,FEB,0,0.059005328,0,TRUE_NEGATIVE
Saurashtra & Kutch,2014,4.0,1,0.5,0.5999999999998864,0.9000000000001706,672.0,1.1632478632478631,-0.6632478632478633,-57.01689933872153,0.6632478632478633,0,-0.1085962480396015,0,2014-04-01,0.1,0.0,0.3,0.3999999999998863,29.00000000000017,680.0,-0.1999999999999999,0.8660254037844387,-0.4999999999999998,0,APR,0,0.058865573,0,TRUE_NEGATIVE
West Uttar Pradesh,2012,9.0,2,67.8,361.9999999999999,370.9999999999998,389.6999999999998,145.33931623931625,-77.53931623931625,-53.35054426129246,77.53931623931625,0,-0.8800513984194445,0,2012-09-01,149.1,145.1,4.0,298.1999999999999,304.5999999999998,423.5999999999998,145.1,-1.0,-1.8369701987210294e-16,0,SEP,0,0.058861252,0,TRUE_NEGATIVE
Coastal Karnataka,2005,1.0,0,0.5,52.59999999999955,1186.2000000000005,3070.3,1.918103448275862,-1.418103448275862,-73.93258426966293,1.418103448275862,0,-0.3389063638929719,0,2005-01-01,0.0,52.1,104.7,156.79999999999956,1903.8,3069.8,-104.7,0.4999999999999999,0.8660254037844387,0,JAN,0,0.058839716,0,TRUE_NEGATIVE
Sub Himalayan West Bengal & Sikkim,2016,10.0,3,155.6,859.8000000000013,2396.4000000000005,2657.3,143.94358974358977,11.656410256410226,8.097901599629461,0.0,0,0.1315824439605989,0,2016-10-01,494.3,209.9,732.1,1436.300000000001,2342.2000000000007,2555.3,-237.8,-0.8660254037844386,0.5000000000000001,0,OCT,0,0.058748636,0,TRUE_NEGATIVE
Kerala,2000,11.0,3,78.1,488.0999999999996,2031.6000000000004,2348.3,162.55897435897438,-84.45897435897439,-51.95589766238684,84.45897435897439,0,-1.0086633826224791,0,2000-11-01,214.2,195.8,566.5,976.4999999999995,2078.0000000000005,2338.3,-352.3,-0.5000000000000004,0.8660254037844384,0,NOV,0,0.0587466,0,TRUE_NEGATIVE
Kerala,2014,12.0,3,47.2,502.19999999999953,2212.7000000000003,3046.6,39.98034188034188,7.219658119658121,18.05801996707784,0.0,0,0.1960800297570628,0,2014-12-01,99.5,355.5,298.8,753.7999999999995,2619.9000000000005,3016.4,-199.3,-2.4492935982947064e-16,1.0,0,DEC,0,0.05873775,0,TRUE_NEGATIVE
Haryana Delhi & Chandigarh,2006,9.0,2,49.9,217.2,288.0,321.5999999999998,87.71452991452992,-37.81452991452992,-43.11090756728315,37.81452991452992,0,-0.5142032911628887,0,2006-09-01,32.1,135.2,45.4,212.7,268.5,418.39999999999975,-13.299999999999995,-1.0,-1.8369701987210294e-16,0,SEP,0,0.058712382,0,TRUE_NEGATIVE
Tamil Nadu,2002,2.0,0,22.1,52.59999999999993,228.2,475.8,13.209401709401709,8.890598290598293,67.30507926237466,0.0,0,0.4582676625303626,1,2002-02-01,2.9,27.6,52.3,82.79999999999993,224.79999999999995,464.6,-49.4,0.8660254037844386,0.5000000000000001,0,FEB,0,0.058694936,0,TRUE_NEGATIVE
Himachal Pradesh,2008,11.0,3,5.3,181.79999999999984,788.7000000000003,1111.0,16.46923076923077,-11.169230769230769,-67.81877627276972,11.169230769230769,0,-0.4829639577121352,0,2008-11-01,33.9,142.6,224.7,401.1999999999999,826.3000000000002,1106.7,-190.8,-0.5000000000000004,0.8660254037844384,0,NOV,0,0.058543585,0,TRUE_NEGATIVE
Jharkhand,2011,2.0,0,2.5,25.79999999999983,246.10000000000028,700.4,23.838461538461537,-21.338461538461537,-89.51274604711197,21.338461538461537,0,-0.8303580879318747,0,2011-02-01,3.3,20.0,4.7,27.99999999999983,398.7000000000003,700.1999999999999,-1.4000000000000004,0.8660254037844386,0.5000000000000001,0,FEB,0,0.058542505,0,TRUE_NEGATIVE
Vidarbha,2010,9.0,2,238.0,1076.4999999999995,1223.5000000000005,1353.8000000000002,175.53675213675214,62.46324786324786,35.58414241057951,0.0,0,0.7767434981143264,0,2010-09-01,384.0,454.5,144.8,983.2999999999996,993.0000000000005,1206.1,239.2,-1.0,-1.8369701987210294e-16,0,SEP,0,0.05853387,0,TRUE_NEGATIVE
Chhattisgarh,2010,1.0,0,7.9,52.30000000000051,447.6999999999998,963.4,14.023931623931624,-6.123931623931624,-43.66772306192101,6.123931623931624,0,-0.3362246373370277,0,2010-01-01,1.9,42.5,43.6,88.00000000000051,894.7999999999998,956.7,-41.7,0.4999999999999999,0.8660254037844387,0,JAN,0,0.05852633,0,TRUE_NEGATIVE
Haryana Delhi & Chandigarh,2014,8.0,2,34.8,133.00000000000003,187.6,275.3999999999998,150.05299145299145,-115.25299145299144,-76.80819311696153,115.25299145299144,0,-1.473344388607532,0,2014-08-01,72.3,25.9,20.3,118.50000000000004,170.1,402.4999999999998,52.0,-0.8660254037844385,-0.5000000000000004,0,AUG,0,0.058503106,0,TRUE_NEGATIVE
Vidarbha,2007,9.0,2,241.8,873.2999999999995,1134.4000000000003,1192.0,175.53675213675214,66.26324786324787,37.74893123898373,0.0,0,0.8239972896446117,0,2007-09-01,282.4,349.1,256.7,888.1999999999995,894.0000000000003,1126.0,25.69999999999999,-1.0,-1.8369701987210294e-16,0,SEP,0,0.058497977,0,TRUE_NEGATIVE
Tamil Nadu,2003,9.0,2,26.1,114.09999999999994,173.49999999999997,349.0,111.52136752136752,-85.42136752136753,-76.59641324340896,85.42136752136753,0,-2.17285373607289,1,2003-09-01,49.3,38.7,22.5,110.49999999999991,165.39999999999998,355.1,26.8,-1.0,-1.8369701987210294e-16,0,SEP,0,0.05849433,0,TRUE_NEGATIVE
Lakshadweep,2010,11.0,3,201.5,518.4000000000003,1509.1,1775.9999999999998,123.43909090909092,78.06090909090909,63.238402450969566,0.0,0,1.0149537057674636,0,2010-11-01,155.4,161.5,335.1,652.0000000000003,1386.6,1740.6999999999998,-179.70000000000002,-0.5000000000000004,0.8660254037844384,0,NOV,0,0.058494277,0,TRUE_NEGATIVE
Coastal Karnataka,2008,2.0,0,14.8,15.59999999999932,836.4000000000004,3875.1,1.4923076923076923,13.307692307692308,891.7525773195877,0.0,0,2.8359634736697648,0,2008-02-01,0.0,0.8,37.5,38.29999999999932,1802.0000000000005,3860.3,-37.5,0.8660254037844386,0.5000000000000001,0,FEB,0,0.05848485,0,TRUE_NEGATIVE
Andaman & Nicobar Islands,2013,12.0,3,92.3,902.2999999999996,2277.399999999999,3757.7,157.46697247706425,-65.16697247706425,-41.38453381807166,65.16697247706425,0,-0.4966296166078955,0,2013-12-01,354.2,455.8,473.6,1283.5999999999997,2962.099999999999,3852.7,-119.40000000000003,-2.4492935982947064e-16,1.0,0,DEC,0,0.05841466,0,TRUE_NEGATIVE
Saurashtra & Kutch,2014,9.0,2,99.2,355.6999999999999,375.60000000000014,404.6,74.9957264957265,24.2042735042735,32.274203658328105,0.0,0,0.3279939337128422,0,2014-09-01,118.8,137.7,17.3,273.7999999999999,276.50000000000017,565.6,101.5,-1.0,-1.8369701987210294e-16,0,SEP,0,0.05837051,0,TRUE_NEGATIVE
Coastal Andhra Pradesh,2010,10.0,3,204.0,683.1,1320.1000000000004,1467.3,183.9017094017094,20.09829059829059,10.92882206678595,0.0,0,0.199867577951106,0,2010-10-01,230.5,248.6,318.9,798.0,1130.9000000000003,1355.9,-88.39999999999998,-0.8660254037844386,0.5000000000000001,0,OCT,0,0.058361627,0,TRUE_NEGATIVE
Gujarat Region,2016,9.0,2,105.3,665.0000000000002,697.1999999999997,700.2999999999996,147.77179487179487,-42.47179487179487,-28.74147594176745,42.47179487179487,0,-0.3764298296891577,0,2016-09-01,303.9,255.8,31.8,591.5000000000002,592.4999999999998,688.3999999999996,272.1,-1.0,-1.8369701987210294e-16,0,SEP,0,0.05832224,0,TRUE_NEGATIVE
Arunachal Pradesh,2005,10.0,3,139.3,782.9000000000008,1662.7999999999993,2324.4,194.79381443298968,-55.49381443298967,-28.48848901825879,55.49381443298967,0,-0.3832956145490289,0,2005-10-01,243.6,400.0,430.8,1074.4000000000008,1718.7999999999993,2369.9,-187.2,-0.8660254037844386,0.5000000000000001,0,OCT,0,0.05830824,0,TRUE_NEGATIVE
North Interior Karnataka,2013,2.0,0,6.1,10.199999999999914,221.09999999999985,556.4,3.1213675213675214,2.9786324786324783,95.42716319824753,0.0,0,0.541418617964409,0,2013-02-01,1.2,2.9,46.5,50.59999999999992,320.49999999999983,556.5,-45.3,0.8660254037844386,0.5000000000000001,0,FEB,0,0.058294944,0,TRUE_NEGATIVE
Orissa,2010,9.0,2,236.0,823.5999999999995,1070.8,1219.6,241.1948717948718,-5.194871794871801,-2.153806901537221,5.194871794871801,0,-0.0762670566662362,0,2010-09-01,282.7,304.9,146.4,733.9999999999995,840.3999999999999,1146.1,136.29999999999998,-1.0,-1.8369701987210294e-16,0,SEP,0,0.05824986,0,TRUE_NEGATIVE
Tamil Nadu,2006,2.0,0,0.2,163.99999999999994,915.8,1365.7,13.209401709401709,-13.00940170940171,-98.4859268845034,13.00940170940171,0,-0.6705722064386318,0,2006-02-01,15.3,148.5,353.4,517.1999999999999,1008.9,1376.6,-338.1,0.8660254037844386,0.5000000000000001,0,FEB,0,0.05820064,0,TRUE_NEGATIVE
Andaman & Nicobar Islands,2008,12.0,3,72.0,636.7999999999997,1962.0999999999992,3374.9,157.46697247706425,-85.46697247706425,-54.27612605526717,85.46697247706425,0,-0.6513334617295716,0,2008-12-01,321.1,243.7,332.0,896.7999999999997,2347.8999999999987,3388.5,-10.899999999999975,-2.4492935982947064e-16,1.0,0,DEC,0,0.058181327,0,TRUE_NEGATIVE
Punjab,2000,9.0,2,42.0,276.7999999999999,343.5,403.2000000000001,85.99059829059829,-43.990598290598285,-51.15745112266298,43.990598290598285,0,-0.5068437039341762,0,2000-09-01,70.0,164.8,50.1,284.89999999999986,308.4,391.9000000000001,19.9,-1.0,-1.8369701987210294e-16,0,SEP,0,0.058168598,0,TRUE_NEGATIVE
East Rajasthan,2014,3.0,1,6.4,44.8,76.99999999999994,857.3000000000003,4.51880341880342,1.8811965811965807,41.63041422356722,0.0,0,0.2074692190757016,0,2014-03-01,10.0,28.4,0.3,38.7,158.59999999999994,851.3000000000002,9.7,1.0,6.123233995736766e-17,0,MAR,0,0.05813859,0,TRUE_NEGATIVE
Sub Himalayan West Bengal & Sikkim,2006,11.0,3,20.3,595.5000000000014,1806.9000000000008,2254.7,15.846153846153848,4.453846153846154,28.106796116504857,0.0,0,0.1961807667570156,0,2006-11-01,118.4,456.8,295.0,870.2000000000013,2057.100000000001,2243.2,-176.6,-0.5000000000000004,0.8660254037844384,0,NOV,0,0.05802234,0,TRUE_NEGATIVE
Madhya Maharashtra,2017,2.0,0,0.0,0.9,236.29999999999984,905.5,1.448717948717949,-1.448717948717949,-100.0,1.448717948717949,0,-0.5005820488450531,0,2017-02-01,0.0,0.9,1.1,2.0,468.99999999999983,906.2000000000002,-1.1,0.8660254037844386,0.5000000000000001,0,FEB,0,0.057998884,0,TRUE_NEGATIVE
East Rajasthan,2007,3.0,1,10.6,28.1,31.1,764.7000000000003,4.51880341880342,6.08119658119658,134.5753735577832,0.0,0,0.6706694655718389,0,2007-03-01,16.8,0.7,0.5,18.0,109.4,766.0000000000002,16.3,1.0,6.123233995736766e-17,0,MAR,0,0.05788491,0,TRUE_NEGATIVE
Gangetic West Bengal,2013,1.0,0,2.5,74.10000000000022,646.5999999999999,1229.8,12.476923076923075,-9.976923076923075,-79.96300863131935,9.976923076923075,0,-0.6808904161355089,0,2013-01-01,24.6,47.0,64.2,135.80000000000024,959.1,1268.0,-39.6,0.4999999999999999,0.8660254037844387,0,JAN,0,0.05785973,0,TRUE_NEGATIVE
Saurashtra & Kutch,2008,9.0,2,231.6,497.0,593.5000000000002,596.6999999999999,74.9957264957265,156.6042735042735,208.8175964442418,0.0,0,2.122156308217202,0,2008-09-01,115.1,150.3,96.0,361.4,362.0000000000002,522.0999999999999,19.099999999999994,-1.0,-1.8369701987210294e-16,0,SEP,0,0.057853196,0,TRUE_NEGATIVE
Himachal Pradesh,2003,10.0,3,0.3,364.4999999999998,649.5000000000002,976.1,30.791452991452992,-30.49145299145299,-99.02570365846888,30.49145299145299,0,-0.6123191341465662,0,2003-10-01,135.5,228.7,187.7,551.8999999999997,702.1000000000003,984.0,-52.19999999999999,-0.8660254037844386,0.5000000000000001,0,OCT,0,0.057841133,0,TRUE_NEGATIVE
Bihar,2011,1.0,0,4.2,11.3000000000004,308.99999999999955,633.3000000000001,13.242735042735044,-9.042735042735044,-68.28449722473215,9.042735042735044,0,-0.6145122038739225,0,2011-01-01,2.1,5.0,33.6,40.7000000000004,495.9999999999996,629.1999999999999,-31.5,0.4999999999999999,0.8660254037844387,0,JAN,0,0.05771836,0,TRUE_NEGATIVE
Coastal Karnataka,2008,12.0,3,13.5,124.39999999999942,2081.8,3206.4,12.508547008547009,0.9914529914529916,7.92620430474889,0.0,0,0.0420021551246155,0,2008-12-01,19.3,91.6,383.3,494.1999999999994,2919.0000000000005,3193.7,-364.0,-2.4492935982947064e-16,1.0,0,DEC,0,0.05769103,0,TRUE_NEGATIVE
Bihar,2011,9.0,2,234.1,753.9000000000004,1063.2999999999995,1125.1,217.83504273504275,16.264957264957246,7.466639462935561,0.0,0,0.2038297306720442,0,2011-09-01,278.7,241.1,211.0,730.8000000000004,838.3999999999995,996.7,67.69999999999999,-1.0,-1.8369701987210294e-16,0,SEP,0,0.05766566,0,TRUE_NEGATIVE
Tamil Nadu,2005,11.0,3,353.4,751.8,968.7,1241.9,175.3777777777778,178.02222222222218,101.50785605676631,0.0,0,1.963638232828003,0,2005-11-01,280.5,117.9,93.3,491.69999999999993,695.9,1093.0,187.2,-0.5000000000000004,0.8660254037844384,0,NOV,0,0.05765246,0,TRUE_NEGATIVE
East Rajasthan,2009,9.0,2,45.5,347.9,392.7,401.3000000000002,97.04358974358976,-51.54358974358975,-53.11385314555975,51.54358974358975,0,-0.7325654432348342,0,2009-09-01,113.3,189.1,38.9,341.3,349.6,468.5000000000002,74.4,-1.0,-1.8369701987210294e-16,0,SEP,0,0.05763918,0,TRUE_NEGATIVE
Punjab,2014,2.0,0,20.1,48.49999999999986,95.2,569.1000000000001,26.405982905982903,-6.305982905982905,-23.880886874898845,6.305982905982905,0,-0.2688961789194153,0,2014-02-01,21.8,6.6,6.1,34.49999999999986,292.20000000000005,599.1,15.7,0.8660254037844386,0.5000000000000001,0,FEB,0,0.05758114,0,TRUE_NEGATIVE
Coastal Andhra Pradesh,2011,10.0,3,74.6,420.1,770.8000000000003,1201.0,183.9017094017094,-109.30170940170942,-59.434852322636125,109.30170940170942,0,-1.0869515403411143,0,2011-10-01,129.7,215.8,196.0,541.5,758.5000000000005,1330.4,-66.30000000000001,-0.8660254037844386,0.5000000000000001,0,OCT,0,0.05750571,0,TRUE_NEGATIVE
Naga Mani Mizo Tripura,2016,12.0,3,1.7,206.70000000000016,1147.9,1956.4,12.783760683760685,-11.083760683760683,-86.70187871899445,11.083760683760683,0,-0.5615820640012714,0,2016-12-01,90.3,114.7,296.0,501.00000000000017,1434.0,1964.7,-205.7,-2.4492935982947064e-16,1.0,0,DEC,0,0.05750518,0,TRUE_NEGATIVE
Matathwada,2007,2.0,0,0.0,0.0,261.6999999999999,872.9000000000001,4.394017094017094,-4.394017094017094,-100.0,4.394017094017094,0,-0.5072915134607713,0,2007-02-01,0.0,0.0,4.6,4.600000000000113,562.9999999999999,872.9000000000001,-4.6,0.8660254037844386,0.5000000000000001,0,FEB,0,0.057502184,0,TRUE_NEGATIVE
Jharkhand,2004,1.0,0,5.5,19.099999999999945,743.7000000000003,1247.1,17.471794871794874,-11.971794871794874,-68.52069269151747,11.971794871794874,0,-0.5882475254190049,0,2004-01-01,7.4,6.2,255.5,269.1,985.7000000000004,1244.9,-248.1,0.4999999999999999,0.8660254037844387,0,JAN,0,0.05736908,0,TRUE_NEGATIVE
Andaman & Nicobar Islands,2002,12.0,3,129.9,605.5999999999997,1772.799999999999,2620.1,157.46697247706425,-27.56697247706424,-17.50651075804451,27.56697247706424,0,-0.210084563574643,0,2002-12-01,306.7,169.0,420.0,895.6999999999996,2001.1999999999991,2582.0,-113.3,-2.4492935982947064e-16,1.0,0,DEC,0,0.057333753,0,TRUE_NEGATIVE
Arunachal Pradesh,2001,10.0,3,173.8,741.8000000000006,1517.1999999999991,2065.2000000000003,194.79381443298968,-20.993814432989662,-10.777454353003428,20.993814432989662,0,-0.1450042151010871,0,2001-10-01,288.1,279.9,302.6,870.6000000000007,1573.299999999999,1972.7,-14.5,-0.8660254037844386,0.5000000000000001,0,OCT,0,0.057330776,0,TRUE_NEGATIVE
Coastal Karnataka,2012,12.0,3,3.6,186.69999999999976,2350.9,3118.2,12.508547008547009,-8.908547008547009,-71.21967885206698,8.908547008547009,0,-0.3774038472964375,0,2012-12-01,68.0,115.1,382.0,565.0999999999998,2998.2000000000003,3124.8,-314.0,-2.4492935982947064e-16,1.0,0,DEC,0,0.057309803,0,TRUE_NEGATIVE
East Rajasthan,2000,9.0,2,28.7,394.80000000000007,438.3,455.20000000000016,97.04358974358976,-68.34358974358975,-70.42566121489153,68.34358974358975,0,-0.9713361518247572,0,2000-09-01,95.5,270.6,20.2,386.30000000000007,410.0,491.60000000000014,75.3,-1.0,-1.8369701987210294e-16,0,SEP,0,0.05728724,0,TRUE_NEGATIVE
Lakshadweep,2005,11.0,3,218.3,660.5000000000002,1390.2999999999995,1550.9999999999998,123.43909090909092,94.8609090909091,76.84835362306033,0.0,0,1.233388546656079,0,2005-11-01,164.2,278.0,102.4,544.6000000000003,1264.7999999999995,1440.2999999999995,61.79999999999998,-0.5000000000000004,0.8660254037844384,0,NOV,0,0.05727792,0,TRUE_NEGATIVE
Arunachal Pradesh,2015,11.0,3,33.8,473.2000000000009,2035.899999999999,2747.9,35.149484536082475,-1.3494845360824783,-3.839272620618871,1.3494845360824783,0,-0.0384762822078858,0,2015-11-01,65.2,374.2,595.5,1034.900000000001,2240.999999999999,2734.2,-530.3,-0.5000000000000004,0.8660254037844384,0,NOV,0,0.057274442,0,TRUE_NEGATIVE
West Madhya Pradesh,2001,3.0,1,1.1,3.199999999999716,4.6,616.5000000000002,5.1179487179487175,-4.017948717948718,-78.50701402805612,4.017948717948718,0,-0.4525196450057761,0,2001-03-01,0.0,2.1,0.2,2.299999999999716,35.1,615.5000000000002,-0.2,1.0,6.123233995736766e-17,0,MAR,0,0.057258222,0,TRUE_NEGATIVE
East Rajasthan,2006,2.0,0,0.0,0.0,172.5,563.8000000000002,5.328205128205128,-5.328205128205128,-100.0,5.328205128205128,0,-0.7164847740273168,0,2006-02-01,0.0,0.0,0.0,0.0,252.5,567.4000000000003,0.0,0.8660254037844386,0.5000000000000001,0,FEB,0,0.057256177,0,TRUE_NEGATIVE
Tamil Nadu,2005,1.0,0,4.1,233.6,798.1,1038.9,23.75213675213676,-19.652136752136755,-82.7383951061533,19.652136752136755,0,-0.6129789223774199,0,2005-01-01,25.0,204.5,271.1,500.6,892.6,1037.6,-246.1,0.4999999999999999,0.8660254037844387,0,JAN,0,0.057160605,0,TRUE_NEGATIVE
South Interior Karnataka,2006,1.0,0,0.2,61.80000000000005,682.3,1312.3,2.952136752136752,-2.752136752136752,-93.22524609148812,2.752136752136752,0,-0.5768066583183529,0,2006-01-01,5.3,56.3,241.8,303.4000000000001,1015.6,1319.3000000000002,-236.5,0.4999999999999999,0.8660254037844387,0,JAN,0,0.057105664,0,TRUE_NEGATIVE
Coastal Karnataka,2002,1.0,0,0.6,49.79999999999955,1025.7000000000005,3111.7,1.918103448275862,-1.318103448275862,-68.71910112359551,1.318103448275862,0,-0.3150077996306104,0,2002-01-01,0.6,48.6,169.7,218.89999999999952,1952.0,3111.7,-169.1,0.4999999999999999,0.8660254037844387,0,JAN,0,0.057079226,0,TRUE_NEGATIVE
Orissa,2017,9.0,2,192.2,843.5999999999995,1116.9999999999998,1252.9,241.1948717948718,-48.99487179487181,-20.313396976590912,48.99487179487181,0,-0.7193045008778086,0,2017-09-01,301.7,349.7,209.5,860.8999999999995,954.6,1326.9,92.2,-1.0,-1.8369701987210294e-16,0,SEP,0,0.05706468,0,TRUE_NEGATIVE
West Rajasthan,2001,4.0,1,9.5,10.69999999999997,11.700000000000228,242.20000000000005,3.5418803418803417,5.958119658119658,168.219111969112,0.0,0,1.0145038047825825,0,2001-04-01,0.1,1.1,0.5,1.6999999999999718,3.300000000000228,235.80000000000004,-0.4,0.8660254037844387,-0.4999999999999998,0,APR,0,0.05704949,0,TRUE_NEGATIVE
West Madhya Pradesh,2004,9.0,2,55.7,695.5999999999997,784.5000000000001,804.9000000000002,160.56923076923076,-104.86923076923075,-65.31091309763342,104.86923076923075,0,-1.094515908804273,0,2004-09-01,421.9,218.0,83.7,723.5999999999997,728.8000000000001,1004.1000000000004,338.2,-1.0,-1.8369701987210294e-16,0,SEP,0,0.05698255,0,TRUE_NEGATIVE
Andaman & Nicobar Islands,2000,11.0,3,158.3,729.5999999999997,1723.6999999999994,2793.6,233.01818181818183,-74.71818181818182,-32.065387016229714,74.71818181818182,0,-0.6403321276409696,0,2000-11-01,321.2,250.1,460.8,1032.0999999999997,1988.199999999999,2760.2,-139.60000000000002,-0.5000000000000004,0.8660254037844384,0,NOV,0,0.0569179,0,TRUE_NEGATIVE
Haryana Delhi & Chandigarh,2009,1.0,0,4.1,9.8,306.9,711.9999999999998,16.89316239316239,-12.793162393162392,-75.72982544902605,12.793162393162392,0,-0.8230708832531088,0,2009-01-01,0.2,5.5,8.4,14.1,427.1,710.2999999999997,-8.200000000000001,0.4999999999999999,0.8660254037844387,0,JAN,0,0.056872863,0,TRUE_NEGATIVE
Rayalseema,2008,12.0,3,5.9,324.00000000000034,632.0,797.9,34.202564102564104,-28.302564102564105,-82.74983132168828,28.302564102564105,0,-0.7551854197820057,0,2008-12-01,192.1,126.0,121.7,439.8000000000004,657.8,873.8,70.39999999999999,-2.4492935982947064e-16,1.0,0,DEC,0,0.056850046,0,TRUE_NEGATIVE
Telangana,2001,9.0,2,119.9,510.5000000000002,739.1999999999997,798.3,176.36324786324786,-56.46324786324786,-32.015314158327065,56.46324786324786,0,-0.7331540694284385,0,2001-09-01,266.8,123.8,183.9,574.5000000000002,640.7999999999997,749.1,82.9,-1.0,-1.8369701987210294e-16,0,SEP,0,0.056831803,0,TRUE_NEGATIVE
Gujarat Region,2009,4.0,1,0.0,0.3000000000002273,2.6999999999997724,908.2999999999996,1.0974358974358975,-1.0974358974358975,-100.0,1.0974358974358975,0,-0.2779302288792669,0,2009-04-01,0.3,0.0,0.0,0.3000000000002273,14.299999999999772,911.3999999999996,0.3,0.8660254037844387,-0.4999999999999998,0,APR,0,0.05678975,0,TRUE_NEGATIVE
West Uttar Pradesh,2006,1.0,0,0.5,1.0999999999998864,302.09999999999985,715.9999999999999,17.57008547008547,-17.07008547008547,-97.1542540253928,17.07008547008547,0,-1.08545302224965,0,2006-01-01,0.6,0.0,2.5,3.0999999999998864,599.7999999999998,725.5999999999999,-1.9,0.4999999999999999,0.8660254037844387,0,JAN,0,0.05678755,0,TRUE_NEGATIVE
Sub Himalayan West Bengal & Sikkim,2005,10.0,3,271.1,1065.5000000000014,2470.300000000001,2811.8,143.94358974358977,127.15641025641024,88.33766788984288,0.0,0,1.4353948478772722,0,2005-10-01,229.9,564.5,704.3,1498.7000000000014,2354.7000000000007,2739.1,-474.4,-0.8660254037844386,0.5000000000000001,0,OCT,0,0.056775585,0,TRUE_NEGATIVE
Gujarat Region,2011,3.0,1,0.0,0.2000000000002273,53.599999999999774,1088.6999999999996,1.205128205128205,-1.205128205128205,-100.0,1.205128205128205,0,-0.2540128801891217,0,2011-03-01,0.2,0.0,0.2,0.4000000000002274,270.19999999999976,1088.6999999999996,0.0,1.0,6.123233995736766e-17,0,MAR,0,0.056773532,0,TRUE_NEGATIVE
North Interior Karnataka,2003,1.0,0,0.3,3.6999999999998434,300.49999999999983,526.9,2.964102564102564,-2.6641025641025644,-89.87889273356402,2.6641025641025644,0,-0.432812743453709,0,2003-01-01,0.0,3.4,126.4,129.79999999999984,354.89999999999986,530.4000000000001,-126.4,0.4999999999999999,0.8660254037844387,0,JAN,0,0.05674842,0,TRUE_NEGATIVE
Jammu & Kashmir,2006,11.0,3,72.5,321.6999999999997,936.5,1404.6,23.8146551724138,48.685344827586206,204.4343891402715,0.0,0,1.6942926342694833,0,2006-11-01,46.2,203.0,331.5,580.6999999999997,907.8,1353.9,-285.3,-0.5000000000000004,0.8660254037844384,0,NOV,0,0.056710046,0,TRUE_NEGATIVE
Orissa,2015,11.0,3,6.2,267.8999999999995,1065.3,1195.3,27.82905982905983,-21.62905982905983,-77.72113022113022,21.62905982905983,0,-0.5884161483602472,0,2015-11-01,24.7,237.0,264.0,525.6999999999996,1091.7,1191.3,-239.3,-0.5000000000000004,0.8660254037844384,0,NOV,0,0.05669626,0,TRUE_NEGATIVE
East Rajasthan,2006,3.0,1,11.9,11.9,11.9,570.0000000000002,4.51880341880342,7.381196581196581,163.34405144694531,0.0,0,0.814040970439691,0,2006-03-01,0.0,0.0,0.0,0.0,172.5,563.8000000000002,0.0,1.0,6.123233995736766e-17,0,MAR,0,0.056687262,0,TRUE_NEGATIVE
Bihar,2002,1.0,0,13.4,13.90000000000034,695.8999999999996,1259.5,13.242735042735044,0.1572649572649567,1.1875564734735984,0.0,0,0.0106871687630247,0,2002-01-01,0.0,0.5,181.3,181.80000000000035,907.1999999999996,1247.1,-181.3,0.4999999999999999,0.8660254037844387,0,JAN,0,0.05667813,0,TRUE_NEGATIVE
Madhya Maharashtra,2006,9.0,2,217.0,1055.1,1302.9,1372.7000000000005,157.62820512820514,59.37179487179486,37.6657177714518,0.0,0,0.9322714907699776,0,2006-09-01,421.7,416.4,205.3,1043.4,1092.9999999999998,1432.1,216.4,-1.0,-1.8369701987210294e-16,0,SEP,0,0.056651,0,TRUE_NEGATIVE
West Madhya Pradesh,2000,2.0,0,41.8,0.0999999999997158,417.4,1020.9000000000004,6.217241379310345,-4.195726495726496,-19.872588582524354,4.195726495726496,1,-0.2738959148355693,0,2000-02-01,0.1,0.0,0.3,0.3999999999997158,605.4,1051.9000000000003,-0.1999999999999999,0.8660254037844386,0.5000000000000001,0,FEB,0,0.056625593,0,TRUE_NEGATIVE
West Rajasthan,2011,8.0,2,166.8,279.70000000000005,290.5000000000002,425.00000000000006,94.94786324786324,71.85213675213677,75.67535939651994,0.0,0,1.0791889273106674,0,2011-08-01,88.5,24.4,7.8,120.7,135.5000000000002,421.6,80.7,-0.8660254037844385,-0.5000000000000004,0,AUG,0,0.056625545,0,TRUE_NEGATIVE
Vidarbha,2008,1.0,0,0.2,2.699999999999545,554.2000000000004,1167.1,10.390598290598293,-10.190598290598292,-98.07518302212718,10.190598290598292,0,-0.6778925676957711,0,2008-01-01,0.0,2.5,27.3,29.799999999999542,903.1000000000004,1167.0000000000002,-27.3,0.4999999999999999,0.8660254037844387,0,JAN,0,0.056612186,0,TRUE_NEGATIVE
Bihar,2017,9.0,2,129.6,852.3000000000004,1038.3999999999996,1122.7,217.83504273504275,-88.23504273504275,-40.50544009228344,88.23504273504275,0,-1.1057468337324494,0,2017-09-01,342.8,379.9,84.6,807.3000000000004,931.5999999999996,1351.0,258.20000000000005,-1.0,-1.8369701987210294e-16,0,SEP,0,0.05660592,0,TRUE_NEGATIVE
West Madhya Pradesh,2006,2.0,0,0.0,1.3999999999997157,157.80000000000015,735.5000000000001,6.217241379310345,-6.217241379310345,-100.0,6.217241379310345,0,-0.6952566449912545,0,2006-02-01,0.0,1.4,0.0,1.3999999999997157,288.3000000000002,738.6000000000001,0.0,0.8660254037844386,0.5000000000000001,0,FEB,0,0.056571633,0,TRUE_NEGATIVE
East Rajasthan,2009,2.0,0,0.2,0.8,118.9,645.1000000000003,5.328205128205128,-5.128205128205128,-96.24639076034649,5.128205128205128,0,-0.6895907353487168,0,2009-02-01,0.5,0.1,2.4,3.0,286.6,644.9000000000002,-1.9,0.8660254037844386,0.5000000000000001,0,FEB,0,0.056517,0,TRUE_NEGATIVE
Orissa,2011,1.0,0,3.7,76.49999999999955,728.2,1287.1,12.152136752136752,-8.452136752136752,-69.55267970178647,8.452136752136752,0,-0.543739252230315,0,2011-01-01,37.2,35.6,133.0,205.7999999999996,1029.4,1292.1999999999998,-95.8,0.4999999999999999,0.8660254037844387,0,JAN,0,0.0565099,0,TRUE_NEGATIVE
Vidarbha,2002,1.0,0,2.4,7.099999999999602,533.5000000000002,1115.6,10.390598290598293,-7.990598290598291,-76.90219626552603,7.990598290598291,0,-0.5315455519070506,0,2002-01-01,0.0,4.7,129.2,133.89999999999958,733.1000000000003,1122.1,-129.2,0.4999999999999999,0.8660254037844387,0,JAN,0,0.056495838,0,TRUE_NEGATIVE
Gujarat Region,2014,3.0,1,0.2,6.000000000000284,59.29999999999978,1123.3999999999996,1.205128205128205,-1.005128205128205,-83.40425531914893,1.005128205128205,0,-0.211857551136459,0,2014-03-01,0.1,5.7,0.0,5.800000000000284,346.3999999999997,1123.2999999999995,0.1,1.0,6.123233995736766e-17,0,MAR,0,0.05649406,0,TRUE_NEGATIVE
Tamil Nadu,2003,12.0,3,7.1,152.59999999999994,266.7,348.50000000000006,81.14615384615385,-74.04615384615386,-91.25035548393214,74.04615384615386,0,-1.1312918718955445,0,2003-12-01,59.5,86.0,26.1,171.59999999999994,282.1,353.6,33.4,-2.4492935982947064e-16,1.0,0,DEC,0,0.056426607,0,TRUE_NEGATIVE
Konkan & Goa,2013,12.0,3,1.5,152.90000000000046,2469.700000000001,3523.8999999999987,4.653846153846154,-3.153846153846154,-67.76859504132233,3.153846153846154,0,-0.2222076460298958,0,2013-12-01,2.1,149.3,340.7,492.1000000000005,3496.5000000000014,3522.3999999999987,-338.6,-2.4492935982947064e-16,1.0,0,DEC,0,0.0564247,0,TRUE_NEGATIVE
Assam & Meghalaya,2016,12.0,3,7.4,182.09999999999988,1136.999999999999,2266.7,8.955555555555556,-1.5555555555555554,-17.369727047146398,1.5555555555555554,0,-0.1609431994115691,0,2016-12-01,38.2,136.5,271.2,445.8999999999999,1498.5999999999997,2274.5000000000005,-233.0,-2.4492935982947064e-16,1.0,0,DEC,0,0.05641531,0,TRUE_NEGATIVE
Orissa,2012,9.0,2,242.4,983.6999999999996,1209.4,1285.4,241.1948717948718,1.2051282051282044,0.4996491824888905,0.0,0,0.0176927525336283,0,2012-09-01,417.0,324.3,169.6,910.8999999999996,967.9,1441.7,247.4,-1.0,-1.8369701987210294e-16,0,SEP,0,0.05639992,0,TRUE_NEGATIVE
Saurashtra & Kutch,2011,4.0,1,0.0,1.3999999999998862,65.70000000000017,1121.1999999999998,1.1632478632478631,-1.1632478632478631,-100.0,1.1632478632478631,0,-0.1904632649251258,0,2011-04-01,0.0,1.4,0.0,1.3999999999998862,77.30000000000017,1121.1999999999998,0.0,0.8660254037844387,-0.4999999999999998,0,APR,0,0.05632825,0,TRUE_NEGATIVE
West Rajasthan,2006,8.0,2,203.6,293.2,321.80000000000024,397.7000000000001,94.94786324786324,108.65213675213676,114.43347226097995,0.0,0,1.631909477042287,0,2006-08-01,52.7,36.9,8.3,97.89999999999998,118.20000000000024,218.4000000000001,44.400000000000006,-0.8660254037844385,-0.5000000000000004,0,AUG,0,0.056270827,0,TRUE_NEGATIVE
Konkan & Goa,2016,2.0,0,0.1,0.1000000000004547,359.7000000000011,2079.199999999999,0.5384615384615384,-0.4384615384615384,-81.42857142857143,0.4384615384615384,0,-0.2158481474517541,0,2016-02-01,0.0,0.0,27.3,27.300000000000452,736.9000000000011,2079.099999999999,-27.3,0.8660254037844386,0.5000000000000001,0,FEB,0,0.056230832,0,TRUE_NEGATIVE
Vidarbha,2006,9.0,2,175.8,957.9999999999995,1110.1000000000004,1248.1,175.53675213675214,0.2632478632478694,0.1499673772263861,0.0,0,0.0032735420133441,0,2006-09-01,421.4,360.8,115.0,897.1999999999995,984.9000000000004,1319.1,306.4,-1.0,-1.8369701987210294e-16,0,SEP,0,0.056184463,0,TRUE_NEGATIVE
Haryana Delhi & Chandigarh,2007,3.0,1,40.1,116.60000000000002,126.79999999999998,414.7999999999998,12.952991452991451,27.147008547008543,209.5809963708347,0.0,0,1.7923173041927574,0,2007-03-01,76.0,0.5,5.2,81.70000000000003,136.6,405.0999999999997,70.8,1.0,6.123233995736766e-17,0,MAR,0,0.056141667,0,TRUE_NEGATIVE
Telangana,2010,9.0,2,249.8,953.4,1110.8999999999996,1228.3000000000002,176.36324786324786,73.43675213675215,41.63948726647121,0.0,0,0.953548648229858,0,2010-09-01,308.1,395.5,127.0,830.6000000000001,862.5999999999996,1128.2,181.1,-1.0,-1.8369701987210294e-16,0,SEP,0,0.056102656,0,TRUE_NEGATIVE
Chhattisgarh,2017,9.0,2,177.7,856.4000000000004,1057.6,1142.5,218.1025641025641,-40.40256410256413,-18.52457089113568,40.40256410256413,0,-0.5386459819640724,0,2017-09-01,300.4,378.3,184.8,863.5000000000005,883.3999999999999,1260.4,115.59999999999997,-1.0,-1.8369701987210294e-16,0,SEP,0,0.056089565,0,TRUE_NEGATIVE
Chhattisgarh,2012,9.0,2,245.3,1118.1000000000004,1289.6999999999998,1350.5,218.1025641025641,27.19743589743589,12.470021161533031,0.0,0,0.3625955404387206,0,2012-09-01,442.2,430.6,147.3,1020.1000000000006,1045.5,1487.4,294.9,-1.0,-1.8369701987210294e-16,0,SEP,0,0.056024,0,TRUE_NEGATIVE
West Rajasthan,2014,4.0,1,8.4,15.3,17.10000000000023,367.9,3.5418803418803417,4.858119658119659,137.16216216216216,0.0,0,0.8272040778057951,0,2014-04-01,4.7,2.2,0.8,7.7,18.800000000000228,362.6,3.9,0.8660254037844387,-0.4999999999999998,0,APR,0,0.05599817,0,TRUE_NEGATIVE
Assam & Meghalaya,2009,12.0,3,4.0,148.89999999999978,1301.2999999999995,2068.2,8.955555555555556,-4.955555555555556,-55.33498759305211,4.955555555555556,0,-0.5127190495539987,0,2009-12-01,9.0,135.9,192.3,337.1999999999998,1618.3999999999994,2065.8,-183.3,-2.4492935982947064e-16,1.0,0,DEC,0,0.055980075,0,TRUE_NEGATIVE
Haryana Delhi & Chandigarh,2017,8.0,2,76.5,266.90000000000003,288.7,344.1999999999998,150.05299145299145,-73.55299145299145,-49.01801073125164,73.55299145299145,0,-0.9402696264657342,0,2017-08-01,69.2,121.2,10.3,200.7,212.5,400.6999999999999,58.900000000000006,-0.8660254037844385,-0.5000000000000004,0,AUG,0,0.055944443,0,TRUE_NEGATIVE
Naga Mani Mizo Tripura,2014,12.0,3,0.1,73.00000000000017,1041.9,1599.9,12.783760683760685,-12.683760683760685,-99.21775757170556,12.683760683760685,0,-0.6426494316609245,0,2014-12-01,3.3,69.6,300.9,373.8000000000001,1310.1,1601.0,-297.6,-2.4492935982947064e-16,1.0,0,DEC,0,0.055943914,0,TRUE_NEGATIVE
Chhattisgarh,2008,9.0,2,215.4,801.0000000000006,1058.1,1167.0,218.1025641025641,-2.7025641025641107,-1.2391253233012027,2.7025641025641107,0,-0.03603051754713,0,2008-09-01,305.1,280.5,236.4,822.0000000000005,864.8999999999999,1210.6999999999998,68.70000000000002,-1.0,-1.8369701987210294e-16,0,SEP,0,0.055897377,0,TRUE_NEGATIVE
Assam & Meghalaya,2012,10.0,3,199.4,900.1999999999999,2259.9999999999995,2605.4000000000005,152.4974358974359,46.9025641025641,30.75629686922016,0.0,0,0.6834520907342824,0,2012-10-01,411.6,289.2,444.3,1145.1,2339.7,2436.2000000000003,-32.69999999999999,-0.8660254037844386,0.5000000000000001,0,OCT,0,0.0558077,0,TRUE_NEGATIVE
Andaman & Nicobar Islands,2004,11.0,3,169.9,674.4999999999997,1785.999999999999,2507.6,233.01818181818183,-63.118181818181824,-27.08723470661673,63.118181818181824,0,-0.5409205453475182,0,2004-11-01,223.9,280.7,308.7,813.2999999999996,2121.199999999999,2411.8,-84.79999999999998,-0.5000000000000004,0.8660254037844384,0,NOV,0,0.055758394,0,TRUE_NEGATIVE
Haryana Delhi & Chandigarh,2000,9.0,2,17.5,252.20000000000005,335.2,387.9999999999998,87.71452991452992,-70.21452991452992,-80.04891547950812,70.21452991452992,0,-0.9547796164889916,0,2000-09-01,87.9,146.8,58.9,293.6,319.1,425.1999999999998,29.000000000000007,-1.0,-1.8369701987210294e-16,0,SEP,0,0.055704825,0,TRUE_NEGATIVE
Assam & Meghalaya,2009,10.0,3,135.9,861.9999999999998,1855.9,2059.0,152.4974358974359,-16.5974358974359,-10.883747519924675,16.5974358974359,0,-0.2418535634880281,0,2009-10-01,192.3,533.8,426.3,1152.3999999999996,1854.8999999999996,2056.5000000000005,-234.0,-0.8660254037844386,0.5000000000000001,0,OCT,0,0.055609874,0,TRUE_NEGATIVE
Assam & Meghalaya,2004,11.0,3,6.5,664.4999999999998,2196.999999999999,3006.2000000000003,26.892307692307693,-20.392307692307693,-75.82951945080092,20.392307692307693,0,-0.7764568219912125,0,2004-11-01,340.8,317.2,286.2,944.1999999999998,2532.7,3012.7000000000003,54.60000000000002,-0.5000000000000004,0.8660254037844384,0,NOV,0,0.055586793,0,TRUE_NEGATIVE
Gujarat Region,2017,9.0,2,67.2,860.0000000000003,997.8999999999996,1064.7999999999995,147.77179487179487,-80.57179487179486,-54.52447467508805,80.57179487179486,0,-0.7141122034727362,0,2017-09-01,179.7,613.1,137.7,930.5000000000002,930.6999999999998,1102.8999999999996,42.0,-1.0,-1.8369701987210294e-16,0,SEP,0,0.055524755,0,TRUE_NEGATIVE
West Rajasthan,2008,9.0,2,23.0,213.4,312.4000000000002,316.0000000000001,39.92820512820513,-16.92820512820513,-42.39660929874133,16.92820512820513,0,-0.434774616691499,0,2008-09-01,133.3,57.1,56.1,246.5,290.20000000000016,338.6,77.20000000000002,-1.0,-1.8369701987210294e-16,0,SEP,0,0.05543843,0,TRUE_NEGATIVE
Lakshadweep,2015,12.0,3,159.0,555.4000000000004,1119.7,1642.9,61.82142857142857,97.17857142857144,157.19237435008665,0.0,0,1.5790945009150643,0,2015-12-01,231.0,165.4,160.4,556.8000000000004,1257.3000000000002,1546.1999999999998,70.6,-2.4492935982947064e-16,1.0,0,DEC,0,0.05540826,0,TRUE_NEGATIVE
Telangana,2002,1.0,0,18.8,36.20000000000023,558.4999999999998,932.5,7.581196581196581,11.21880341880342,147.9819616685457,0.0,0,0.8134112911691895,0,2002-01-01,0.0,17.4,135.6,153.00000000000023,663.4999999999998,922.2,-135.6,0.4999999999999999,0.8660254037844387,0,JAN,0,0.055404656,0,TRUE_NEGATIVE
South Interior Karnataka,2013,1.0,0,0.5,89.30000000000005,489.19999999999993,873.9,2.952136752136752,-2.452136752136752,-83.06311522872032,2.452136752136752,0,-0.5139311499116007,0,2013-01-01,6.2,82.6,62.8,151.60000000000005,633.3999999999999,878.0,-56.6,0.4999999999999999,0.8660254037844387,0,JAN,0,0.055393957,0,TRUE_NEGATIVE
West Rajasthan,2002,8.0,2,17.2,46.49999999999997,60.10000000000022,73.10000000000005,94.94786324786324,-77.74786324786324,-81.88479507421977,77.74786324786324,0,-1.1677402639896133,0,2002-08-01,2.4,26.9,11.2,40.49999999999997,45.50000000000023,124.60000000000004,-8.799999999999999,-0.8660254037844385,-0.5000000000000004,0,AUG,0,0.055389185,0,TRUE_NEGATIVE
Andaman & Nicobar Islands,2006,12.0,3,74.4,525.1999999999996,1473.9999999999989,2404.7,157.46697247706425,-83.06697247706424,-52.75199692377607,83.06697247706424,0,-0.6330433519614916,0,2006-12-01,76.1,374.7,546.5,997.2999999999996,1765.5999999999988,2614.2,-470.4,-2.4492935982947064e-16,1.0,0,DEC,0,0.055352427,0,TRUE_NEGATIVE
Bihar,2003,9.0,2,183.9,851.3000000000004,1145.4999999999998,1244.5,217.83504273504275,-33.93504273504274,-15.578321242059587,33.93504273504274,0,-0.4252682935682004,0,2003-09-01,310.6,356.8,230.9,898.3000000000004,971.7999999999996,1253.4,79.70000000000002,-1.0,-1.8369701987210294e-16,0,SEP,0,0.055343077,0,TRUE_NEGATIVE
Rayalseema,2007,10.0,3,176.9,549.8000000000004,856.8999999999999,962.1,135.02478632478633,41.87521367521367,31.012982738212035,0.0,0,0.597498974731784,0,2007-10-01,186.0,186.9,83.8,456.7000000000004,685.9999999999999,873.5999999999999,102.2,-0.8660254037844386,0.5000000000000001,0,OCT,0,0.055307984,0,TRUE_NEGATIVE
Telangana,2010,2.0,0,5.3,16.800000000000086,265.5999999999996,681.8,9.524786324786325,-4.224786324786325,-44.355707106963386,4.224786324786325,0,-0.2789828010662952,0,2010-02-01,10.3,1.2,29.6,41.10000000000009,452.5999999999996,676.5,-19.3,0.8660254037844386,0.5000000000000001,0,FEB,0,0.055281572,0,TRUE_NEGATIVE
Saurashtra & Kutch,2004,4.0,1,0.0,0.0,0.2000000000002273,685.9999999999999,1.1632478632478631,-1.1632478632478631,-100.0,1.1632478632478631,0,-0.1904632649251258,0,2004-04-01,0.0,0.0,0.2,0.1999999999998863,3.200000000000228,685.9999999999999,-0.2,0.8660254037844387,-0.4999999999999998,0,APR,0,0.055206433,0,TRUE_NEGATIVE
Haryana Delhi & Chandigarh,2003,9.0,2,58.9,501.8,537.7,596.9999999999998,87.71452991452992,-28.81452991452992,-32.85034981388733,28.81452991452992,0,-0.3918209785723044,0,2003-09-01,165.3,277.6,26.6,469.50000000000006,482.80000000000007,661.0999999999998,138.70000000000002,-1.0,-1.8369701987210294e-16,0,SEP,0,0.05516635,0,TRUE_NEGATIVE
Naga Mani Mizo Tripura,2007,10.0,3,180.5,980.9000000000004,2133.9,2462.3,175.45299145299143,5.047008547008545,2.876558846453623,0.0,0,0.0623995005296835,0,2007-10-01,426.6,373.8,430.0,1230.4000000000003,2173.8,2372.2,-3.3999999999999773,-0.8660254037844386,0.5000000000000001,0,OCT,0,0.055147458,0,TRUE_NEGATIVE
Coastal Andhra Pradesh,2012,1.0,0,37.6,47.50000000000003,467.6000000000004,899.4,7.377777777777778,30.22222222222222,409.6385542168674,0.0,0,2.638722323601377,0,2012-01-01,5.0,4.9,74.6,84.50000000000003,626.0000000000003,861.8,-69.6,0.4999999999999999,0.8660254037844387,0,JAN,0,0.0551425,0,TRUE_NEGATIVE
West Rajasthan,2013,9.0,2,58.7,301.4,343.80000000000024,380.9,39.92820512820513,18.771794871794874,47.013871050603655,0.0,0,0.4821243515296068,0,2013-09-01,138.2,104.5,37.6,280.3,289.3000000000002,414.2000000000001,100.6,-1.0,-1.8369701987210294e-16,0,SEP,0,0.055140227,0,TRUE_NEGATIVE
Tamil Nadu,2017,2.0,0,1.1,104.89999999999986,253.50000000000009,570.3000000000001,13.209401709401709,-12.109401709401707,-91.67259786476868,12.109401709401707,0,-0.6241815268919607,0,2017-02-01,37.3,66.5,33.8,137.59999999999985,307.50000000000006,570.0,3.5,0.8660254037844386,0.5000000000000001,0,FEB,0,0.05510597,0,TRUE_NEGATIVE
Punjab,2013,9.0,2,24.4,359.39999999999986,486.7,571.3000000000002,85.99059829059829,-61.59059829059829,-71.62480493792802,61.59059829059829,0,-0.7096245147409251,0,2013-09-01,217.1,117.9,120.3,455.29999999999984,473.9,659.2,96.8,-1.0,-1.8369701987210294e-16,0,SEP,0,0.055069868,0,TRUE_NEGATIVE
Assam & Meghalaya,2007,11.0,3,47.7,707.0999999999998,2187.4999999999995,2759.4,26.892307692307693,20.80769230769231,77.37414187643022,0.0,0,0.7922729926390909,0,2007-11-01,164.7,494.7,308.0,967.3999999999996,2359.6,2736.8,-143.3,-0.5000000000000004,0.8660254037844384,0,NOV,0,0.054985683,0,TRUE_NEGATIVE
Vidarbha,2006,1.0,0,0.0,0.1999999999995452,583.4000000000003,1139.7,10.390598290598293,-10.390598290598293,-100.0,10.390598290598293,0,-0.6911968418583819,0,2006-01-01,0.2,0.0,87.2,87.39999999999955,976.6000000000004,1214.6,-87.0,0.4999999999999999,0.8660254037844387,0,JAN,0,0.05497985,0,TRUE_NEGATIVE
East Uttar Pradesh,2008,1.0,0,3.1,4.200000000000171,310.69999999999993,744.3000000000002,15.866666666666667,-12.766666666666667,-80.46218487394958,12.766666666666667,0,-0.8757726074776138,0,2008-01-01,1.1,0.0,14.6,15.70000000000017,572.8,741.3000000000002,-13.5,0.4999999999999999,0.8660254037844387,0,JAN,0,0.05496043,0,TRUE_NEGATIVE
Tamil Nadu,2012,11.0,3,44.5,364.5999999999999,539.2,663.1999999999999,175.3777777777778,-130.8777777777778,-74.62620375063355,130.8777777777778,0,-1.443620942733807,0,2012-11-01,235.2,84.9,98.0,418.0999999999999,536.6,849.1999999999999,137.2,-0.5000000000000004,0.8660254037844384,0,NOV,0,0.054886337,0,TRUE_NEGATIVE
Sub Himalayan West Bengal & Sikkim,2016,12.0,3,0.3,155.90000000000126,1592.200000000001,2624.8,5.967521367521368,-5.667521367521368,-94.97278716700086,5.667521367521368,0,-0.5959946396771716,0,2016-12-01,0.0,155.6,494.3,649.9000000000013,2162.7000000000007,2633.4999999999995,-494.3,-2.4492935982947064e-16,1.0,0,DEC,0,0.054856222,0,TRUE_NEGATIVE
West Rajasthan,2007,3.0,1,22.0,56.89999999999997,65.1000000000002,401.30000000000007,4.011111111111111,17.988888888888887,448.4764542936288,0.0,0,2.321029434028319,0,2007-03-01,34.9,0.0,2.5,37.39999999999997,74.4000000000002,396.2000000000001,32.4,1.0,6.123233995736766e-17,0,MAR,0,0.05470679,0,TRUE_NEGATIVE
East Uttar Pradesh,2011,2.0,0,2.7,3.800000000000228,208.3,683.6000000000001,15.614529914529916,-12.914529914529917,-82.70841315890306,12.914529914529917,0,-0.7496272397536561,0,2011-02-01,1.0,0.1,4.5,5.600000000000227,421.50000000000006,690.9000000000001,-3.5,0.8660254037844386,0.5000000000000001,0,FEB,0,0.05470352,0,TRUE_NEGATIVE
Vidarbha,2012,1.0,0,3.1,3.0999999999995453,501.6000000000005,896.2000000000002,10.390598290598293,-7.290598290598291,-70.16533684297114,7.290598290598291,0,-0.4849805923379122,0,2012-01-01,0.0,0.0,4.7,4.699999999999545,745.6000000000004,893.1000000000001,-4.7,0.4999999999999999,0.8660254037844387,0,JAN,0,0.05466778,0,TRUE_NEGATIVE
Sub Himalayan West Bengal & Sikkim,2004,10.0,3,198.4,949.5000000000014,2466.000000000001,2737.0,143.94358974358977,54.45641025641024,37.83177170544014,0.0,0,0.6147267806500675,0,2004-10-01,394.7,356.4,739.5,1490.6000000000013,2431.100000000001,2761.6,-344.8,-0.8660254037844386,0.5000000000000001,0,OCT,0,0.054655276,0,TRUE_NEGATIVE
Telangana,2015,10.0,3,15.6,334.40000000000003,728.9999999999997,866.7,74.53931623931624,-58.93931623931624,-79.0714474091571,58.93931623931624,0,-0.990847976509545,0,2015-10-01,158.3,160.5,104.4,423.2000000000001,779.0999999999997,880.7,53.900000000000006,-0.8660254037844386,0.5000000000000001,0,OCT,0,0.054505944,0,TRUE_NEGATIVE
Jharkhand,2005,1.0,0,22.1,23.799999999999944,690.4000000000002,1153.4,17.471794871794874,4.628205128205128,26.489580275902547,0.0,0,0.2274120332793539,0,2005-01-01,1.6,0.1,128.1,129.79999999999993,869.0000000000002,1136.8,-126.5,0.4999999999999999,0.8660254037844387,0,JAN,0,0.054495633,0,TRUE_NEGATIVE
Vidarbha,2000,1.0,0,0.1,0.0999999999996021,647.7000000000002,1164.9,10.390598290598293,-10.290598290598291,-99.03759151106358,10.290598290598291,0,-0.6845447047770765,0,2000-01-01,0.0,0.0,105.5,105.4999999999996,881.6000000000001,1165.0000000000002,-105.5,0.4999999999999999,0.8660254037844387,0,JAN,0,0.054483403,0,TRUE_NEGATIVE
Rayalseema,2007,2.0,0,0.5,20.5000000000004,332.19999999999993,638.4000000000001,5.582905982905984,-5.082905982905984,-91.04409063074095,5.082905982905984,0,-0.4391348224671705,0,2007-02-01,0.0,20.0,78.6,98.6000000000004,403.69999999999993,637.9000000000001,-78.6,0.8660254037844386,0.5000000000000001,0,FEB,0,0.054475788,0,TRUE_NEGATIVE
West Madhya Pradesh,2011,2.0,0,1.7,2.499999999999716,156.8000000000002,770.3000000000002,6.217241379310345,-4.517241379310345,-72.65668330560177,4.517241379310345,0,-0.5051504187124478,0,2011-02-01,0.0,0.8,4.6,5.399999999999715,446.6000000000002,774.0000000000002,-4.6,0.8660254037844386,0.5000000000000001,0,FEB,0,0.05446828,0,TRUE_NEGATIVE
Orissa,2006,11.0,3,21.0,302.0999999999994,1556.1999999999998,1723.9999999999998,27.82905982905983,-6.82905982905983,-24.53931203931204,6.82905982905983,0,-0.1857838072156158,0,2006-11-01,26.4,254.7,624.9,905.9999999999994,1640.7999999999995,1715.4,-598.5,-0.5000000000000004,0.8660254037844384,0,NOV,0,0.054465216,0,TRUE_NEGATIVE
Saurashtra & Kutch,2016,9.0,2,59.6,385.5999999999999,418.00000000000017,421.9,74.9957264957265,-15.3957264957265,-20.52880506011739,15.3957264957265,0,-0.2086286495981294,0,2016-09-01,216.0,110.0,31.3,357.2999999999999,358.70000000000016,442.2000000000001,184.7,-1.0,-1.8369701987210294e-16,0,SEP,0,0.054437816,0,TRUE_NEGATIVE
Konkan & Goa,2015,10.0,3,91.4,709.6000000000005,2011.4000000000008,2074.199999999999,113.6982905982906,-22.298290598290592,-19.61180812917678,22.298290598290592,0,-0.2528170389417687,0,2015-10-01,240.9,377.3,526.5,1144.7000000000005,1923.600000000001,2081.499999999999,-285.6,-0.8660254037844386,0.5000000000000001,0,OCT,0,0.05431804,0,TRUE_NEGATIVE
Madhya Maharashtra,2013,11.0,3,4.0,272.1,943.2999999999998,961.2000000000002,25.553846153846155,-21.553846153846155,-84.34677904876581,21.553846153846155,0,-0.6361741633335931,0,2013-11-01,57.8,210.3,147.0,415.1,945.2999999999998,959.4000000000002,-89.2,-0.5000000000000004,0.8660254037844384,0,NOV,0,0.054315493,0,TRUE_NEGATIVE
Coastal Andhra Pradesh,2000,1.0,0,0.1,28.39999999999989,456.4000000000003,825.2,7.377777777777778,-7.277777777777779,-98.64457831325302,7.277777777777779,0,-0.6354276183672434,0,2000-01-01,0.0,28.3,153.9,182.1999999999999,610.5000000000003,825.2,-153.9,0.4999999999999999,0.8660254037844387,0,JAN,0,0.054298554,0,TRUE_NEGATIVE
East Uttar Pradesh,2003,2.0,0,36.9,53.40000000000017,302.0999999999999,698.8000000000001,15.614529914529916,21.28547008547008,136.31835349499147,0.0,0,1.235520633939447,0,2003-02-01,13.8,2.7,1.4,17.90000000000017,477.3,688.0000000000001,12.4,0.8660254037844386,0.5000000000000001,0,FEB,0,0.054271594,0,TRUE_NEGATIVE
Kerala,2010,12.0,3,46.8,823.2999999999994,2083.9000000000005,3131.9,39.98034188034188,6.819658119658115,17.057528272441573,0.0,0,0.1852163557986981,0,2010-12-01,335.1,441.4,275.6,1052.0999999999997,2704.6000000000004,3129.3,59.5,-2.4492935982947064e-16,1.0,0,DEC,0,0.05425797,0,TRUE_NEGATIVE
Tamil Nadu,2013,1.0,0,3.9,62.399999999999885,480.5,637.0999999999999,23.75213675213676,-19.852136752136754,-83.58042461317021,19.852136752136754,0,-0.6192172152420448,0,2013-01-01,14.0,44.5,235.2,293.69999999999993,523.1,636.1999999999999,-221.2,0.4999999999999999,0.8660254037844387,0,JAN,0,0.054215528,0,TRUE_NEGATIVE
Assam & Meghalaya,2002,10.0,3,49.5,571.7,1926.2,2338.1000000000004,152.4974358974359,-102.9974358974359,-67.54043783838316,102.9974358974359,0,-1.5008521229338176,0,2002-10-01,209.7,312.5,565.1,1087.3000000000002,2156.5999999999995,2490.0000000000005,-355.40000000000003,-0.8660254037844386,0.5000000000000001,0,OCT,0,0.05420171,0,TRUE_NEGATIVE
East Rajasthan,2017,9.0,2,46.4,477.0,582.6999999999999,629.2000000000002,97.04358974358976,-50.64358974358975,-52.18643485613127,50.64358974358975,0,-0.7197741552746598,0,2017-09-01,137.3,293.3,89.9,520.5,541.8,623.0000000000002,47.400000000000006,-1.0,-1.8369701987210294e-16,0,SEP,0,0.054194633,0,TRUE_NEGATIVE
East Rajasthan,2013,3.0,1,0.4,23.5,24.1,715.2000000000003,4.51880341880342,-4.118803418803419,-91.14809911102704,4.118803418803419,0,-0.454245418775923,0,2013-03-01,21.7,1.4,0.1,23.2,155.0,714.8000000000003,21.6,1.0,6.123233995736766e-17,0,MAR,0,0.054173555,0,TRUE_NEGATIVE
Punjab,2008,2.0,0,4.1,26.69999999999992,101.89999999999998,540.9000000000001,26.405982905982903,-22.30598290598291,-84.47321573070077,22.30598290598291,0,-0.9511591864243568,0,2008-02-01,12.0,10.6,0.9,23.499999999999915,313.19999999999993,605.6,11.1,0.8660254037844386,0.5000000000000001,0,FEB,0,0.054163054,0,TRUE_NEGATIVE
North Interior Karnataka,2011,1.0,0,0.5,73.5999999999999,482.3999999999998,844.0,2.964102564102564,-2.464102564102564,-83.13148788927336,2.464102564102564,0,-0.4003205451963564,0,2011-01-01,1.2,71.9,82.1,155.1999999999999,675.3999999999997,853.1,-80.89999999999999,0.4999999999999999,0.8660254037844387,0,JAN,0,0.05414464,0,TRUE_NEGATIVE
South Interior Karnataka,2006,10.0,3,61.7,346.6000000000001,884.0999999999999,1006.1,138.47606837606838,-76.77606837606838,-55.4435645642124,76.77606837606838,0,-1.2528485038437926,0,2006-10-01,112.0,172.9,226.7,511.6000000000001,847.0999999999999,1186.2,-114.7,-0.8660254037844386,0.5000000000000001,0,OCT,0,0.05411173,0,TRUE_NEGATIVE
West Madhya Pradesh,2012,1.0,0,6.2,6.199999999999716,514.7000000000003,1070.1,9.167521367521369,-2.9675213675213667,-32.36994219653179,2.9675213675213667,0,-0.2655543727291719,0,2012-01-01,0.0,0.0,0.2,0.1999999999997158,815.2000000000002,1063.9000000000003,-0.2,0.4999999999999999,0.8660254037844387,0,JAN,0,0.05411134,0,TRUE_NEGATIVE
Naga Mani Mizo Tripura,2013,12.0,3,1.2,127.10000000000016,915.7,1557.1,12.783760683760685,-11.583760683760683,-90.61309086046668,11.583760683760683,0,-0.586915616394913,0,2013-12-01,0.3,125.6,241.4,367.3000000000002,1121.1,1556.3,-241.1,-2.4492935982947064e-16,1.0,0,DEC,0,0.054075167,0,TRUE_NEGATIVE
Rayalseema,2002,11.0,3,44.2,289.9000000000004,493.3999999999999,640.5,101.22991452991452,-57.02991452991452,-56.33701736759006,57.02991452991452,0,-0.7881546286358603,0,2002-11-01,167.5,78.2,69.8,315.50000000000034,504.19999999999993,638.0,97.7,-0.5000000000000004,0.8660254037844384,0,NOV,0,0.054063022,0,TRUE_NEGATIVE
Haryana Delhi & Chandigarh,2016,9.0,2,14.8,307.6,370.7,398.6999999999998,87.71452991452992,-72.91452991452992,-83.12708280552687,72.91452991452992,0,-0.991494310266167,0,2016-09-01,133.0,159.8,35.8,328.6,376.6,415.9999999999999,97.2,-1.0,-1.8369701987210294e-16,0,SEP,0,0.054055516,0,TRUE_NEGATIVE
Naga Mani Mizo Tripura,2016,11.0,3,90.3,501.00000000000017,1434.0,1964.7,46.87008547008547,43.42991452991453,92.66019913198876,0.0,0,0.8612382290727209,0,2016-11-01,114.7,296.0,319.0,729.7000000000003,1629.4,1878.3,-204.3,-0.5000000000000004,0.8660254037844384,0,NOV,0,0.054038737,0,TRUE_NEGATIVE
Vidarbha,2011,1.0,0,0.0,40.19999999999955,713.2000000000005,1324.1,10.390598290598293,-10.390598290598293,-100.0,10.390598290598293,0,-0.6911968418583819,0,2011-01-01,3.2,37.0,51.0,91.19999999999956,1167.7000000000005,1338.1,-47.8,0.4999999999999999,0.8660254037844387,0,JAN,0,0.054013807,0,TRUE_NEGATIVE
Andaman & Nicobar Islands,2009,12.0,3,48.0,386.99999999999966,1380.499999999999,2538.6000000000004,157.46697247706425,-109.46697247706425,-69.51741737017811,109.46697247706425,0,-0.834234559410371,0,2009-12-01,66.2,272.8,344.7,683.6999999999996,1965.999999999999,2562.6000000000004,-278.5,-2.4492935982947064e-16,1.0,0,DEC,0,0.054011397,0,TRUE_NEGATIVE
Orissa,2003,10.0,3,287.4,976.7999999999994,1545.8,1616.2,113.82649572649574,173.57350427350423,152.48954399032863,0.0,0,2.3003021014154683,0,2003-10-01,264.3,425.1,367.5,1056.8999999999994,1283.1,1375.9,-103.2,-0.8660254037844386,0.5000000000000001,0,OCT,0,0.053992298,0,TRUE_NEGATIVE
Coastal Karnataka,2006,1.0,0,1.0,27.89999999999932,1354.8000000000004,3471.4,1.918103448275862,-0.918103448275862,-47.86516853932584,0.918103448275862,0,-0.2194135425811642,0,2006-01-01,2.3,24.6,178.7,205.5999999999993,2531.1000000000004,3470.9,-176.39999999999998,0.4999999999999999,0.8660254037844387,0,JAN,0,0.053978384,0,TRUE_NEGATIVE
West Madhya Pradesh,2013,1.0,0,1.7,1.6999999999997155,539.3000000000002,1030.7000000000005,9.167521367521369,-7.467521367521367,-81.45627447324259,7.467521367521367,0,-0.668245551421306,0,2013-01-01,0.0,0.0,2.1,2.099999999999716,976.8000000000002,1035.2,-2.1,0.4999999999999999,0.8660254037844387,0,JAN,0,0.053976607,0,TRUE_NEGATIVE
Vidarbha,2015,1.0,0,26.3,34.79999999999954,468.7000000000005,944.1,10.390598290598293,15.90940170940171,153.1134325902772,0.0,0,1.0583152105249582,0,2015-01-01,2.3,6.2,17.3,25.799999999999542,780.0000000000005,919.0,-15.0,0.4999999999999999,0.8660254037844387,0,JAN,0,0.053972878,0,TRUE_NEGATIVE
Rayalseema,2005,11.0,3,144.8,577.2000000000004,868.1999999999999,984.7,101.22991452991452,43.57008547008549,43.0407213840036,0.0,0,0.6021395054922484,0,2005-11-01,304.8,127.6,106.6,539.0000000000005,771.8,905.5,198.2,-0.5000000000000004,0.8660254037844384,0,NOV,0,0.053970993,0,TRUE_NEGATIVE
Naga Mani Mizo Tripura,2010,12.0,3,33.5,262.90000000000015,1333.4,2295.2,12.783760683760685,20.71623931623932,162.05121347863874,0.0,0,1.049631868234332,0,2010-12-01,9.2,220.2,309.8,539.2000000000003,1711.5,2261.9,-300.6,-2.4492935982947064e-16,1.0,0,DEC,0,0.05396598,0,TRUE_NEGATIVE
East Rajasthan,2001,3.0,1,0.3,1.3000000000000569,1.8,440.1000000000002,4.51880341880342,-4.21880341880342,-93.3610743332703,4.21880341880342,0,-0.4652739960734502,0,2001-03-01,0.1,0.9,0.1,1.100000000000057,30.2,440.20000000000016,0.0,1.0,6.123233995736766e-17,0,MAR,0,0.053939667,0,TRUE_NEGATIVE
East Uttar Pradesh,2005,2.0,0,14.0,28.10000000000017,187.7,750.3000000000001,15.614529914529916,-1.614529914529916,-10.339920083201058,1.614529914529916,0,-0.093715807802426,0,2005-02-01,14.0,0.1,0.1,14.20000000000017,321.29999999999995,738.1,13.9,0.8660254037844386,0.5000000000000001,0,FEB,0,0.0539339,0,TRUE_NEGATIVE
North Interior Karnataka,2012,2.0,0,6.2,34.69999999999992,182.79999999999984,682.1,3.1213675213675214,3.078632478632479,98.63088718510406,0.0,0,0.5595953692705314,0,2012-02-01,28.5,0.0,5.7,34.19999999999992,328.59999999999985,683.1,22.8,0.8660254037844386,0.5000000000000001,0,FEB,0,0.053922575,0,TRUE_NEGATIVE
Punjab,2016,9.0,2,17.4,315.29999999999984,393.5,451.1000000000001,85.99059829059829,-68.59059829059828,-79.76522975081751,68.59059829059828,0,-0.7902759735845183,0,2016-09-01,144.8,153.1,52.6,350.49999999999983,410.7000000000001,502.90000000000015,92.20000000000002,-1.0,-1.8369701987210294e-16,0,SEP,0,0.053829983,0,TRUE_NEGATIVE
West Madhya Pradesh,2006,1.0,0,0.0,1.3999999999997157,288.3000000000002,738.6000000000001,9.167521367521369,-9.167521367521369,-100.0,9.167521367521369,0,-0.8203733300383345,0,2006-01-01,1.4,0.0,1.3,2.699999999999716,634.0000000000001,752.3000000000002,0.0999999999999998,0.4999999999999999,0.8660254037844387,0,JAN,0,0.05380975,0,TRUE_NEGATIVE
South Interior Karnataka,2012,11.0,3,82.6,246.00000000000009,708.9999999999999,876.8,53.6965811965812,28.903418803418795,53.82729805013926,0.0,0,0.6482280307883695,0,2012-11-01,62.8,100.6,236.5,399.9,671.9999999999999,850.9,-173.7,-0.5000000000000004,0.8660254037844384,0,NOV,0,0.05377539,0,TRUE_NEGATIVE
Madhya Maharashtra,2007,2.0,0,0.4,1.7000000000000002,304.2999999999998,1397.3000000000002,1.448717948717949,-1.0487179487179483,-72.38938053097344,1.0487179487179483,0,-0.3623682442081889,0,2007-02-01,1.3,0.0,25.5,26.8,725.5999999999998,1396.9,-24.2,0.8660254037844386,0.5000000000000001,0,FEB,0,0.05371385,0,TRUE_NEGATIVE
Lakshadweep,2004,10.0,3,193.4,562.9000000000002,1425.1,1656.9999999999998,165.50884955752213,27.89115044247788,16.851757786392195,0.0,0,0.3411787478145489,0,2004-10-01,200.0,169.5,280.8,650.3000000000002,1239.4,1655.1999999999996,-80.80000000000001,-0.8660254037844386,0.5000000000000001,0,OCT,0,0.053685613,0,TRUE_NEGATIVE
Jammu & Kashmir,2014,11.0,3,14.1,409.0999999999996,669.5,1111.5,23.8146551724138,-9.714655172413794,-40.79276018099548,9.714655172413794,0,-0.338078507225902,0,2014-11-01,32.2,362.8,134.6,529.5999999999996,708.1000000000001,1110.8,-102.4,-0.5000000000000004,0.8660254037844384,0,NOV,0,0.053639762,0,TRUE_NEGATIVE
Haryana Delhi & Chandigarh,2006,2.0,0,0.1,2.4,149.89999999999998,472.19999999999976,17.14786324786325,-17.047863247863248,-99.41683696356476,17.047863247863248,0,-0.9041000532277608,0,2006-02-01,2.3,0.0,0.8,3.1,202.4,507.7999999999997,1.4999999999999998,0.8660254037844386,0.5000000000000001,0,FEB,0,0.05363186,0,TRUE_NEGATIVE
Rayalseema,2000,12.0,3,36.7,209.1000000000004,648.2,871.3,34.202564102564104,2.497435897435899,7.301896693905095,0.0,0,0.0666380321496352,0,2000-12-01,37.7,134.7,102.9,275.30000000000035,704.1999999999999,846.6,-65.2,-2.4492935982947064e-16,1.0,0,DEC,0,0.053585798,0,TRUE_NEGATIVE
East Madhya Pradesh,2008,9.0,2,116.1,654.4999999999993,969.9000000000008,1011.7000000000004,193.3401709401709,-77.24017094017094,-39.95039963219692,77.24017094017094,0,-0.7762621979881429,0,2008-09-01,270.2,268.2,307.6,845.9999999999995,862.7000000000006,1025.7000000000005,-37.400000000000034,-1.0,-1.8369701987210294e-16,0,SEP,0,0.053484466,0,TRUE_NEGATIVE
Lakshadweep,2006,12.0,3,10.9,288.90000000000026,930.4,1598.6,61.82142857142857,-50.92142857142857,-82.36857307914501,50.92142857142857,0,-0.8274431971351337,0,2006-12-01,158.9,119.1,318.5,596.5000000000002,1206.4,1614.2999999999995,-159.6,-2.4492935982947064e-16,1.0,0,DEC,0,0.053456876,0,TRUE_NEGATIVE
Gangetic West Bengal,2015,1.0,0,12.9,13.600000000000284,592.5999999999999,1273.3,12.476923076923075,0.4230769230769233,3.3908754623921107,0.0,0,0.0288735334521612,0,2015-01-01,0.6,0.1,56.9,57.600000000000286,878.4,1261.3,-56.3,0.4999999999999999,0.8660254037844387,0,JAN,0,0.053394698,0,TRUE_NEGATIVE
Naga Mani Mizo Tripura,2012,11.0,3,32.0,441.60000000000014,1460.6,1922.8,46.87008547008547,-14.87008547008547,-31.726175279915385,14.87008547008547,0,-0.2948816781022021,0,2012-11-01,160.9,248.7,342.7,752.3000000000001,1592.1,1893.2,-181.8,-0.5000000000000004,0.8660254037844384,0,NOV,0,0.053370014,0,TRUE_NEGATIVE
Coastal Karnataka,2001,1.0,0,0.6,15.499999999999543,1211.1,3337.1,1.918103448275862,-1.318103448275862,-68.71910112359551,1.318103448275862,0,-0.3150077996306104,0,2001-01-01,2.4,12.5,174.7,189.59999999999957,2126.1,3351.4,-172.29999999999998,0.4999999999999999,0.8660254037844387,0,JAN,0,0.053367715,0,TRUE_NEGATIVE
Arunachal Pradesh,2011,10.0,3,51.9,616.200000000001,1655.5999999999992,2235.3,194.79381443298968,-142.89381443298967,-73.35644350357236,142.89381443298967,0,-0.986967159817148,0,2011-10-01,286.7,277.6,531.4,1095.700000000001,1844.499999999999,2281.1,-244.7,-0.8660254037844386,0.5000000000000001,0,OCT,0,0.053340703,0,TRUE_NEGATIVE
West Uttar Pradesh,2001,9.0,2,26.7,430.7999999999999,636.7999999999998,644.1999999999998,145.33931623931625,-118.63931623931624,-81.62919663387181,118.63931623931624,0,-1.3465258816790626,0,2001-09-01,122.1,282.0,164.4,568.4999999999999,612.6999999999998,696.5999999999999,-42.30000000000001,-1.0,-1.8369701987210294e-16,0,SEP,0,0.05327953,0,TRUE_NEGATIVE
Haryana Delhi & Chandigarh,2001,3.0,1,7.2,30.20000000000003,31.800000000000004,366.9999999999998,12.952991452991451,-5.752991452991453,-44.41438469152095,5.752991452991453,0,-0.3798277115585116,0,2001-03-01,5.2,17.8,1.2,24.20000000000003,42.1,361.1999999999998,4.0,1.0,6.123233995736766e-17,0,MAR,0,0.053278822,0,TRUE_NEGATIVE
North Interior Karnataka,2008,1.0,0,0.4,23.099999999999884,412.3999999999998,825.5,2.964102564102564,-2.5641025641025643,-86.50519031141869,2.5641025641025643,0,-0.4165666443250327,0,2008-01-01,9.2,13.5,40.5,63.19999999999989,529.1999999999998,836.8000000000001,-31.3,0.4999999999999999,0.8660254037844387,0,JAN,0,0.053226758,0,TRUE_NEGATIVE
Konkan & Goa,2008,10.0,3,57.3,1441.6000000000004,3017.8000000000006,3065.8,113.6982905982906,-56.3982905982906,-49.60346395844453,56.3982905982906,0,-0.6394413404734394,0,2008-10-01,551.2,833.1,766.6,2150.9,2960.800000000001,3054.0999999999995,-215.4,-0.8660254037844386,0.5000000000000001,0,OCT,0,0.05321493,0,TRUE_NEGATIVE
Andaman & Nicobar Islands,2003,12.0,3,48.0,432.49999999999966,1678.699999999999,2355.7,157.46697247706425,-109.46697247706425,-69.51741737017811,109.46697247706425,0,-0.834234559410371,0,2003-12-01,74.1,310.4,371.9,756.3999999999996,1790.5999999999988,2437.6,-297.79999999999995,-2.4492935982947064e-16,1.0,0,DEC,0,0.053212956,0,TRUE_NEGATIVE
East Uttar Pradesh,2005,1.0,0,14.0,14.20000000000017,321.29999999999995,738.1,15.866666666666667,-1.8666666666666671,-11.764705882352944,1.8666666666666671,0,-0.1280503029210088,0,2005-01-01,0.1,0.1,33.0,33.20000000000017,526.8,746.9000000000001,-32.9,0.4999999999999999,0.8660254037844387,0,JAN,0,0.053177223,0,TRUE_NEGATIVE
Punjab,2016,1.0,0,6.5,7.999999999999829,174.8,499.60000000000014,25.23247863247863,-18.73247863247863,-74.23955016597792,18.73247863247863,0,-0.8423250354029818,0,2016-01-01,0.7,0.8,9.0,10.49999999999983,298.49999999999994,510.8000000000001,-8.3,0.4999999999999999,0.8660254037844387,0,JAN,0,0.053170357,0,TRUE_NEGATIVE
West Uttar Pradesh,2001,2.0,0,2.3,4.799999999999915,83.89999999999982,744.3999999999999,17.614529914529914,-15.314529914529912,-86.94259789412392,15.314529914529912,0,-0.769035952344215,0,2001-02-01,2.5,0.0,0.0,2.4999999999999147,320.4999999999998,764.9999999999999,2.5,0.8660254037844386,0.5000000000000001,0,FEB,0,0.05306278,0,TRUE_NEGATIVE
Kerala,2009,12.0,3,44.2,523.7999999999994,2044.5,2810.7,39.98034188034188,4.219658119658121,10.554332257305942,0.0,0,0.1146024750693286,0,2009-12-01,274.4,205.2,326.5,806.0999999999993,2438.5,2783.5,-52.10000000000002,-2.4492935982947064e-16,1.0,0,DEC,0,0.05303198,0,TRUE_NEGATIVE
East Uttar Pradesh,2008,2.0,0,2.4,6.60000000000017,132.69999999999993,700.1000000000001,15.614529914529916,-13.214529914529916,-84.62970058569161,13.214529914529916,0,-0.7670408175930694,0,2008-02-01,3.1,1.1,0.0,4.200000000000171,310.69999999999993,744.3000000000002,3.1,0.8660254037844386,0.5000000000000001,0,FEB,0,0.0530314,0,TRUE_NEGATIVE
Saurashtra & Kutch,2006,4.0,1,0.0,1.8999999999999144,1.9000000000002275,633.1999999999999,1.1632478632478631,-1.1632478632478631,-100.0,1.1632478632478631,0,-0.1904632649251258,0,2006-04-01,1.9,0.0,0.0,1.8999999999999144,3.600000000000227,633.4,1.9,0.8660254037844387,-0.4999999999999998,0,APR,0,0.052978855,0,TRUE_NEGATIVE
Haryana Delhi & Chandigarh,2008,3.0,1,0.6,3.4000000000000283,5.199999999999999,333.3999999999997,12.952991452991451,-12.352991452991454,-95.36786539096008,12.352991452991454,0,-0.8155771676058786,0,2008-03-01,0.4,2.4,1.4,4.200000000000029,59.8,372.8999999999998,-1.0,1.0,6.123233995736766e-17,0,MAR,0,0.05285012,0,TRUE_NEGATIVE
Konkan & Goa,2001,2.0,0,0.0,11.800000000000455,217.10000000000025,3137.599999999999,0.5384615384615384,-0.5384615384615384,-100.0,0.5384615384615384,0,-0.2650766723091717,0,2001-02-01,5.6,6.2,1.6,13.400000000000457,1006.6000000000004,3137.599999999999,4.0,0.8660254037844386,0.5000000000000001,0,FEB,0,0.052754633,0,TRUE_NEGATIVE
Lakshadweep,2007,11.0,3,47.6,761.2000000000003,2056.7,2262.9,123.43909090909092,-75.83909090909091,-61.43847167907618,75.83909090909091,0,-0.9860654616586014,0,2007-11-01,256.1,457.5,294.7,1008.3000000000004,2175.3,2374.2,-38.599999999999966,-0.5000000000000004,0.8660254037844384,0,NOV,0,0.05273868,0,TRUE_NEGATIVE
Saurashtra & Kutch,2016,5.0,1,1.1,1.3999999999998864,1.4000000000001709,434.8,4.593162393162393,-3.4931623931623927,-76.05135839225902,3.4931623931623927,0,-0.2123212665543035,0,2016-05-01,0.0,0.3,0.0,0.2999999999998863,0.6000000000001705,434.5,0.0,0.4999999999999999,-0.8660254037844387,0,MAY,0,0.052677363,0,TRUE_NEGATIVE
West Madhya Pradesh,2008,1.0,0,0.4,11.499999999999716,370.4000000000002,805.2000000000003,9.167521367521369,-8.767521367521367,-95.63677046429235,8.767521367521367,0,-0.7845785585990337,0,2008-01-01,0.6,10.5,0.0,11.099999999999715,675.6000000000003,806.5000000000002,0.6,0.4999999999999999,0.8660254037844387,0,JAN,0,0.05266663,0,TRUE_NEGATIVE
Madhya Maharashtra,2010,2.0,0,0.1,7.3,387.39999999999975,943.2000000000002,1.448717948717949,-1.3487179487179486,-93.09734513274336,1.3487179487179486,0,-0.466028597685837,0,2010-02-01,2.9,4.3,121.3,128.5,535.4999999999998,944.8,-118.4,0.8660254037844386,0.5000000000000001,0,FEB,0,0.052612025,0,TRUE_NEGATIVE
Konkan & Goa,2016,12.0,3,0.1,108.40000000000022,2852.900000000001,3663.899999999999,4.653846153846154,-4.5538461538461545,-97.8512396694215,4.5538461538461545,0,-0.3208461620724349,0,2016-12-01,2.0,106.3,600.2,708.5000000000002,3659.300000000001,3663.799999999999,-598.2,-2.4492935982947064e-16,1.0,0,DEC,0,0.052530043,0,TRUE_NEGATIVE
Telangana,2016,1.0,0,1.2,3.2,337.5999999999996,840.9,7.581196581196581,-6.381196581196581,-84.17136414881622,6.381196581196581,0,-0.4626640789173524,0,2016-01-01,1.7,0.3,15.6,17.6,440.79999999999967,857.2,-13.9,0.4999999999999999,0.8660254037844387,0,JAN,0,0.05251984,0,TRUE_NEGATIVE
East Madhya Pradesh,2016,9.0,2,139.6,1154.0999999999997,1271.1000000000008,1351.3000000000004,193.3401709401709,-53.74017094017094,-27.79565709435564,53.74017094017094,0,-0.5400876604298112,0,2016-09-01,462.3,552.2,99.0,1113.4999999999995,1149.1000000000006,1283.3000000000002,363.3,-1.0,-1.8369701987210294e-16,0,SEP,0,0.052515566,0,TRUE_NEGATIVE
Telangana,2001,1.0,0,8.5,17.400000000000226,528.7999999999997,1085.8,7.581196581196581,0.9188034188034192,12.11950394588501,0.0,0,0.0666171825389973,0,2001-01-01,2.5,6.4,20.2,29.10000000000023,741.1999999999998,1077.9,-17.7,0.4999999999999999,0.8660254037844387,0,JAN,0,0.052454386,0,TRUE_NEGATIVE
Gujarat Region,2010,4.0,1,0.0,0.0,8.299999999999772,641.3999999999997,1.0974358974358975,-1.0974358974358975,-100.0,1.0974358974358975,0,-0.2779302288792669,0,2010-04-01,0.0,0.0,0.2,0.2000000000002273,35.69999999999977,641.3999999999997,-0.2,0.8660254037844387,-0.4999999999999998,0,APR,0,0.052422684,0,TRUE_NEGATIVE
Madhya Maharashtra,2013,1.0,0,0.1,2.3000000000000003,414.7999999999998,690.1000000000003,3.0025641025641026,-2.9025641025641025,-96.66951323654996,2.9025641025641025,0,-0.4383952053428112,0,2013-01-01,0.0,2.2,95.2,97.4,617.6999999999998,690.0000000000002,-95.2,0.4999999999999999,0.8660254037844387,0,JAN,0,0.052412912,0,TRUE_NEGATIVE
Sub Himalayan West Bengal & Sikkim,2001,10.0,3,282.8,1142.2000000000014,2360.600000000001,2593.9,143.94358974358977,138.85641025641024,96.46585200755278,0.0,0,1.5674693511311688,0,2001-10-01,434.9,424.5,399.0,1258.4000000000017,2212.6000000000004,2394.0,35.89999999999998,-0.8660254037844386,0.5000000000000001,0,OCT,0,0.052316755,0,TRUE_NEGATIVE
Sub Himalayan West Bengal & Sikkim,2014,11.0,3,5.3,408.0000000000013,1899.1000000000008,2322.8,15.846153846153848,-10.546153846153846,-66.55339805825243,10.546153846153846,0,-0.4645316601448507,0,2014-11-01,31.2,371.5,563.3,966.0000000000013,2202.400000000001,2333.6,-532.0999999999999,-0.5000000000000004,0.8660254037844384,0,NOV,0,0.052283935,0,TRUE_NEGATIVE
Chhattisgarh,2016,9.0,2,295.6,1013.7000000000004,1201.9,1255.9,218.1025641025641,77.4974358974359,35.532565248060195,0.0,0,1.0331938921674262,0,2016-09-01,357.1,361.0,164.2,882.3000000000004,930.7999999999998,1177.1999999999998,192.90000000000003,-1.0,-1.8369701987210294e-16,0,SEP,0,0.05225155,0,TRUE_NEGATIVE
Sub Himalayan West Bengal & Sikkim,2015,11.0,3,23.8,432.3000000000012,1960.400000000001,2511.9,15.846153846153848,7.953846153846154,50.19417475728155,0.0,0,0.3503469997007844,0,2015-11-01,53.6,354.9,626.6,1035.1000000000013,2241.2000000000007,2493.4,-573.0,-0.5000000000000004,0.8660254037844384,0,NOV,0,0.05224251,0,TRUE_NEGATIVE
West Rajasthan,2009,3.0,1,5.3,11.0,20.1000000000002,332.50000000000006,4.011111111111111,1.2888888888888888,32.13296398891966,0.0,0,0.1662998235622513,0,2009-03-01,2.8,2.9,8.3,14.0,37.8000000000002,328.00000000000006,-5.500000000000001,1.0,6.123233995736766e-17,0,MAR,0,0.052236915,0,TRUE_NEGATIVE
Vidarbha,2005,2.0,0,7.0,82.09999999999954,203.00000000000023,798.0,11.822222222222225,-4.822222222222223,-40.789473684210535,4.822222222222223,0,-0.2805892227497905,0,2005-02-01,74.9,0.2,6.9,81.99999999999955,419.10000000000025,796.5,68.0,0.8660254037844386,0.5000000000000001,0,FEB,0,0.05222472,0,TRUE_NEGATIVE
West Rajasthan,2017,9.0,2,21.2,284.0,395.3000000000002,423.9,39.92820512820513,-18.72820512820513,-46.90470074492679,18.72820512820513,0,-0.4810048167698741,0,2017-09-01,43.1,219.7,81.9,344.7,378.3000000000002,413.7000000000001,-38.8,-1.0,-1.8369701987210294e-16,0,SEP,0,0.052177195,0,TRUE_NEGATIVE
Bihar,2003,1.0,0,13.2,15.30000000000034,489.5999999999997,1105.6,13.242735042735044,-0.0427350427350443,-0.322705563443926,0.0427350427350443,0,-0.0029041219464742,0,2003-01-01,0.7,1.4,33.8,35.90000000000034,862.4999999999997,1105.8000000000002,-33.099999999999994,0.4999999999999999,0.8660254037844387,0,JAN,0,0.052013673,0,TRUE_NEGATIVE
West Madhya Pradesh,2015,9.0,2,55.6,760.3999999999996,929.8000000000002,1055.7000000000005,160.56923076923076,-104.96923076923076,-65.37319153013318,104.96923076923076,0,-1.0955596047489995,0,2015-09-01,276.6,428.2,154.1,858.8999999999996,927.7000000000004,1192.7000000000005,122.50000000000004,-1.0,-1.8369701987210294e-16,0,SEP,0,0.05199357,0,TRUE_NEGATIVE
North Interior Karnataka,2004,2.0,0,2.7,7.499999999999829,168.09999999999982,477.0,3.1213675213675214,-0.4213675213675212,-13.499452354874036,0.4213675213675212,0,-0.0765909264437456,0,2004-02-01,2.6,2.2,4.2,8.99999999999983,269.39999999999986,475.8,-1.6,0.8660254037844386,0.5000000000000001,0,FEB,0,0.051865116,0,TRUE_NEGATIVE
Coastal Andhra Pradesh,2012,11.0,3,289.7,676.2,1214.7000000000005,1323.3000000000002,77.08290598290598,212.617094017094,275.8291106257,0.0,0,2.807839398170986,0,2012-11-01,140.0,246.5,221.2,607.7,964.3000000000004,1038.5,-81.19999999999999,-0.5000000000000004,0.8660254037844384,0,NOV,0,0.051832538,0,TRUE_NEGATIVE
Rayalseema,2011,10.0,3,107.5,342.3000000000004,548.6999999999999,818.0,135.02478632478633,-27.524786324786334,-20.384987878135707,27.524786324786334,0,-0.392739049317516,0,2011-10-01,71.2,163.6,128.9,363.7000000000004,475.8,793.9,-57.7,-0.8660254037844386,0.5000000000000001,0,OCT,0,0.05183206,0,TRUE_NEGATIVE
East Madhya Pradesh,2008,1.0,0,1.4,25.69999999999943,321.5000000000006,648.1000000000003,19.28205128205128,-17.882051282051282,-92.73936170212768,17.882051282051282,0,-0.8066769300964179,0,2008-01-01,1.5,22.8,3.1,27.399999999999437,527.9000000000007,653.7000000000003,-1.6,0.4999999999999999,0.8660254037844387,0,JAN,0,0.05182346,0,TRUE_NEGATIVE
Coastal Andhra Pradesh,2005,1.0,0,13.6,23.199999999999857,397.8000000000004,863.4000000000001,7.377777777777778,6.222222222222221,84.33734939759034,0.0,0,0.5432663607414598,0,2005-01-01,0.2,9.4,147.9,157.4999999999999,576.3000000000004,873.8000000000001,-147.70000000000002,0.4999999999999999,0.8660254037844387,0,JAN,0,0.05175139,0,TRUE_NEGATIVE
East Madhya Pradesh,2013,10.0,3,124.2,682.9999999999994,1451.4000000000008,1526.9,39.41623931623931,84.78376068376069,215.09855367868687,0.0,0,2.0513780654776634,0,2013-10-01,78.0,480.8,456.2,1014.9999999999992,1336.7000000000007,1415.4,-378.2,-0.8660254037844386,0.5000000000000001,0,OCT,0,0.05175015,0,TRUE_NEGATIVE
Saurashtra & Kutch,2007,3.0,1,0.1,1.9999999999999432,4.300000000000227,701.9,1.276923076923077,-1.176923076923077,-92.16867469879516,1.176923076923077,0,-0.2085163037434423,0,2007-03-01,1.9,0.0,0.6,2.499999999999943,72.40000000000023,703.6999999999999,1.2999999999999998,1.0,6.123233995736766e-17,0,MAR,0,0.0516489,0,TRUE_NEGATIVE
Orissa,2010,1.0,0,8.8,36.19999999999955,591.4,1337.1999999999998,12.152136752136752,-3.352136752136751,-27.584751723167805,3.352136752136751,0,-0.2156482300786019,0,2010-01-01,0.1,27.3,105.8,133.19999999999953,1168.6,1330.3,-105.7,0.4999999999999999,0.8660254037844387,0,JAN,0,0.05146093,0,TRUE_NEGATIVE
Tamil Nadu,2013,11.0,3,112.3,353.69999999999993,561.7,702.8000000000001,175.3777777777778,-63.0777777777778,-35.96680182463255,63.0777777777778,0,-0.6957667112573074,0,2013-11-01,127.9,113.5,110.7,352.0999999999999,491.4,635.0,17.200000000000003,-0.5000000000000004,0.8660254037844384,0,NOV,0,0.051441982,0,TRUE_NEGATIVE
Haryana Delhi & Chandigarh,2016,3.0,1,20.7,21.80000000000003,28.0,366.49999999999983,12.952991452991451,7.747008547008546,59.80864401187726,0.0,0,0.5114779939929208,0,2016-03-01,1.1,0.0,0.2,1.3000000000000285,39.4,417.5999999999999,0.9000000000000001,1.0,6.123233995736766e-17,0,MAR,0,0.051433098,0,TRUE_NEGATIVE
Orissa,2008,1.0,0,27.5,41.49999999999943,930.2,1660.6,12.152136752136752,15.347863247863248,126.2976508651006,0.0,0,0.9873521844776788,0,2008-01-01,0.0,14.0,66.4,80.39999999999944,1187.8000000000002,1633.8000000000002,-66.4,0.4999999999999999,0.8660254037844387,0,JAN,0,0.051411778,0,TRUE_NEGATIVE
Vidarbha,2017,1.0,0,0.2,0.1999999999994884,464.8000000000004,1163.3,10.390598290598293,-10.190598290598292,-98.07518302212718,10.190598290598292,0,-0.6778925676957711,0,2017-01-01,0.0,0.0,75.0,74.99999999999949,954.8000000000004,1163.8,-75.0,0.4999999999999999,0.8660254037844387,0,JAN,0,0.05139132,0,TRUE_NEGATIVE
Madhya Maharashtra,2007,9.0,2,189.2,756.9,1031.3999999999996,1118.7,157.62820512820514,31.57179487179485,20.029280195201284,0.0,0,0.4957486014187315,0,2007-09-01,274.2,293.5,266.9,834.5999999999999,842.1999999999998,1146.5,7.300000000000011,-1.0,-1.8369701987210294e-16,0,SEP,0,0.051390134,0,TRUE_NEGATIVE
Rayalseema,2009,10.0,3,69.3,353.6000000000004,503.1,715.3000000000001,135.02478632478633,-65.72478632478634,-48.6760898600447,65.72478632478634,0,-0.9377980193273612,0,2009-10-01,155.8,128.5,33.2,317.50000000000045,442.19999999999993,772.0,122.6,-0.8660254037844386,0.5000000000000001,0,OCT,0,0.05137807,0,TRUE_NEGATIVE
Kerala,2004,11.0,3,120.7,634.0999999999995,2110.8,2893.0,162.55897435897438,-41.85897435897438,-25.75002366005237,41.85897435897438,0,-0.4999067889526693,0,2004-11-01,320.6,192.8,417.9,931.2999999999996,2601.0000000000005,2848.7,-97.29999999999995,-0.5000000000000004,0.8660254037844384,0,NOV,0,0.05130719,0,TRUE_NEGATIVE
West Rajasthan,2003,3.0,1,0.8,24.49999999999997,33.10000000000023,112.80000000000004,4.011111111111111,-3.2111111111111112,-80.05540166204986,3.2111111111111112,0,-0.4143159397369884,0,2003-03-01,21.2,2.5,6.0,29.69999999999997,52.90000000000023,113.00000000000006,15.2,1.0,6.123233995736766e-17,0,MAR,0,0.05130264,0,TRUE_NEGATIVE
Matathwada,2005,2.0,0,0.7,13.90000000000014,276.39999999999986,690.9000000000001,4.394017094017094,-3.694017094017094,-84.06924722816572,3.694017094017094,0,-0.4264761566188394,0,2005-02-01,13.2,0.0,27.2,40.40000000000014,350.6999999999999,690.6000000000001,-14.0,0.8660254037844386,0.5000000000000001,0,FEB,0,0.051225316,0,TRUE_NEGATIVE
Tamil Nadu,2014,1.0,0,7.4,172.8999999999999,525.0,745.5,23.75213675213676,-16.35213675213675,-68.84490824037422,16.35213675213675,0,-0.5100470901111122,0,2014-01-01,53.2,112.3,127.9,293.3999999999999,560.3,742.0,-74.7,0.4999999999999999,0.8660254037844387,0,JAN,0,0.051171567,0,TRUE_NEGATIVE
Andaman & Nicobar Islands,2009,11.0,3,66.2,683.6999999999996,1965.9999999999995,2562.6000000000004,233.01818181818183,-166.8181818181818,-71.5901997503121,166.8181818181818,0,-1.4296258111950106,0,2009-11-01,272.8,344.7,351.5,968.9999999999995,2212.8999999999987,2817.5,-78.69999999999999,-0.5000000000000004,0.8660254037844384,0,NOV,0,0.051154055,0,TRUE_NEGATIVE
West Rajasthan,2016,9.0,2,11.0,282.9,320.5000000000003,330.1000000000001,39.92820512820513,-28.92820512820513,-72.45055227331108,28.92820512820513,0,-0.7429759505473329,0,2016-09-01,191.9,80.0,33.2,305.1,316.2000000000003,354.80000000000007,158.7,-1.0,-1.8369701987210294e-16,0,SEP,0,0.05109012,0,TRUE_NEGATIVE
Coastal Karnataka,2014,2.0,0,0.3,10.299999999999772,711.4000000000005,4207.799999999999,1.4923076923076923,-1.1923076923076923,-79.89690721649484,1.1923076923076923,0,-0.2540892129588517,0,2014-02-01,0.0,10.0,56.9,66.89999999999978,1391.3000000000006,4227.1,-56.9,0.8660254037844386,0.5000000000000001,0,FEB,0,0.051086113,0,TRUE_NEGATIVE
West Madhya Pradesh,2015,2.0,0,6.4,62.399999999999714,265.0000000000002,851.4000000000002,6.217241379310345,0.1827586206896549,2.9395452024403737,0.0,0,0.0204373833524883,0,2015-02-01,40.2,15.8,3.0,58.99999999999972,469.60000000000025,879.4000000000002,37.2,0.8660254037844386,0.5000000000000001,0,FEB,0,0.051074464,0,TRUE_NEGATIVE
Naga Mani Mizo Tripura,2004,10.0,3,132.7,768.0000000000002,1986.8,2392.8,175.45299145299143,-42.752991452991466,-24.367205767731885,42.752991452991466,0,-0.5285834743429779,0,2004-10-01,351.0,284.3,558.6,1193.9,2195.6,2435.2,-207.6,-0.8660254037844386,0.5000000000000001,0,OCT,0,0.051058613,0,TRUE_NEGATIVE
Telangana,2004,1.0,0,34.4,47.00000000000023,518.3999999999996,997.7,7.581196581196581,26.81880341880342,353.7542277339346,0.0,0,1.9444780964731696,0,2004-01-01,5.3,7.3,101.7,114.30000000000022,796.1999999999997,963.3,-96.4,0.4999999999999999,0.8660254037844387,0,JAN,0,0.05090063,0,TRUE_NEGATIVE
Rayalseema,2016,12.0,3,54.4,73.90000000000046,337.2,555.4,34.202564102564104,20.19743589743589,59.05240272884024,0.0,0,0.538919691214247,0,2016-12-01,5.4,14.1,90.8,110.30000000000044,411.3999999999999,553.1999999999999,-85.39999999999999,-2.4492935982947064e-16,1.0,0,DEC,0,0.050845996,0,TRUE_NEGATIVE
Sub Himalayan West Bengal & Sikkim,2014,12.0,3,2.4,38.90000000000125,1358.3000000000009,2322.5000000000005,5.967521367521368,-3.567521367521368,-59.78229733600687,3.567521367521368,0,-0.3751593464051446,0,2014-12-01,5.3,31.2,371.5,408.0000000000013,1899.1000000000008,2322.8,-366.2,-2.4492935982947064e-16,1.0,0,DEC,0,0.05083565,0,TRUE_NEGATIVE
West Rajasthan,2009,8.0,2,27.1,132.29999999999998,146.8000000000002,184.60000000000005,94.94786324786324,-67.84786324786324,-71.45802014600906,67.84786324786324,0,-1.0190464204476832,0,2009-08-01,79.1,26.1,7.6,112.79999999999998,122.5000000000002,290.80000000000007,71.5,-0.8660254037844385,-0.5000000000000004,0,AUG,0,0.0508286,0,TRUE_NEGATIVE
Punjab,2013,2.0,0,50.1,70.39999999999989,185.3,487.10000000000014,26.405982905982903,23.69401709401709,89.72972972972974,0.0,0,1.01034696015235,0,2013-02-01,9.3,11.0,0.4,20.69999999999989,270.3,440.2000000000001,8.9,0.8660254037844386,0.5000000000000001,0,FEB,0,0.050742034,0,TRUE_NEGATIVE
West Rajasthan,2002,3.0,1,1.0,3.899999999999972,11.200000000000228,287.50000000000006,4.011111111111111,-3.011111111111111,-75.06925207756233,3.011111111111111,0,-0.3885107947014666,0,2002-03-01,2.6,0.3,0.0,2.8999999999999715,13.000000000000227,286.6,2.6,1.0,6.123233995736766e-17,0,MAR,0,0.050738964,0,TRUE_NEGATIVE
Madhya Maharashtra,2003,11.0,3,3.5,149.2,747.0999999999998,772.4000000000002,25.553846153846155,-22.053846153846155,-86.30343166767008,22.053846153846155,0,-0.6509319508484694,0,2003-11-01,29.5,116.2,178.4,324.1,758.6999999999997,774.8000000000002,-148.9,-0.5000000000000004,0.8660254037844384,0,NOV,0,0.050730053,0,TRUE_NEGATIVE
Telangana,2003,2.0,0,10.7,10.700000000000228,143.1999999999997,747.1,9.524786324786325,1.1752136752136746,12.338478104809756,0.0,0,0.0776049669160744,0,2003-02-01,0.0,0.0,3.9,3.9000000000002273,454.1999999999997,746.4999999999999,-3.9,0.8660254037844386,0.5000000000000001,0,FEB,0,0.050685033,0,TRUE_NEGATIVE
Chhattisgarh,2004,9.0,2,126.5,801.3000000000006,1042.4,1278.2999999999995,218.1025641025641,-91.60256410256412,-41.99976487185516,91.60256410256412,0,-1.2212431113579034,0,2004-09-01,351.7,323.1,213.1,887.9000000000005,918.9999999999998,1535.9,138.6,-1.0,-1.8369701987210294e-16,0,SEP,0,0.05063897,0,TRUE_NEGATIVE
Coastal Karnataka,2012,2.0,0,11.4,21.599999999999547,827.1000000000005,3911.4,1.4923076923076923,9.907692307692308,663.917525773196,0.0,0,2.111399395425813,0,2012-02-01,41.7,10.2,81.5,91.69999999999952,1677.000000000001,3903.8,0.4,0.8660254037844386,0.5000000000000001,0,FEB,0,0.05058837,0,TRUE_NEGATIVE
West Rajasthan,2007,9.0,2,45.6,205.5,252.8000000000002,317.90000000000003,39.92820512820513,5.671794871794873,14.20498330336502,0.0,0,0.1456712287369881,0,2007-09-01,69.4,90.5,41.2,201.1,229.20000000000024,303.6000000000001,28.200000000000003,-1.0,-1.8369701987210294e-16,0,SEP,0,0.05058129,0,TRUE_NEGATIVE
Naga Mani Mizo Tripura,2015,11.0,3,3.9,378.50000000000017,1410.2,1912.3,46.87008547008547,-42.97008547008547,-91.67912761223968,42.97008547008547,0,-0.852119575042431,0,2015-11-01,118.7,255.9,334.2,708.8000000000001,1604.6,1911.7,-215.5,-0.5000000000000004,0.8660254037844384,0,NOV,0,0.050548054,0,TRUE_NEGATIVE
East Rajasthan,2002,9.0,2,41.2,185.3,266.5,294.2000000000002,97.04358974358976,-55.84358974358975,-57.54485163949587,55.84358974358975,0,-0.7936793746001121,0,2002-09-01,130.6,13.5,71.4,215.5,225.4,260.70000000000016,59.19999999999999,-1.0,-1.8369701987210294e-16,0,SEP,0,0.050539,0,TRUE_NEGATIVE
Coastal Karnataka,2003,11.0,3,10.7,430.3999999999995,3012.3,3072.2000000000003,62.809401709401705,-52.10940170940171,-82.96433382775186,52.10940170940171,0,-0.946875955379262,0,2003-11-01,183.7,236.0,637.5,1057.1999999999996,3011.8000000000006,3082.2,-453.8,-0.5000000000000004,0.8660254037844384,0,NOV,0,0.050459467,0,TRUE_NEGATIVE
Madhya Maharashtra,2005,1.0,0,3.6,11.7,589.0999999999997,1033.0,3.0025641025641026,0.5974358974358975,19.89752348420154,0.0,0,0.090235055516674,0,2005-01-01,0.1,8.0,42.1,50.2,759.6999999999998,1029.5000000000002,-42.0,0.4999999999999999,0.8660254037844387,0,JAN,0,0.050439246,0,TRUE_NEGATIVE
Coastal Andhra Pradesh,2010,2.0,0,2.3,25.4,372.50000000000034,814.5999999999999,12.71025641025641,-10.410256410256409,-81.90437764777081,10.410256410256409,0,-0.5233809579062834,0,2010-02-01,21.8,1.3,102.6,125.7,533.7000000000004,812.3,-80.8,0.8660254037844386,0.5000000000000001,0,FEB,0,0.050419983,0,TRUE_NEGATIVE
Gujarat Region,2009,9.0,2,54.9,588.7000000000003,605.6999999999998,619.9999999999997,147.77179487179487,-92.87179487179486,-62.84811993545139,92.87179487179486,0,-0.823127772961923,0,2009-09-01,143.5,390.3,17.0,550.8000000000002,551.0999999999998,769.3999999999996,126.5,-1.0,-1.8369701987210294e-16,0,SEP,0,0.05041157,0,TRUE_NEGATIVE
Sub Himalayan West Bengal & Sikkim,2005,12.0,3,0.5,280.40000000000134,1779.1000000000008,2807.7,5.967521367521368,-5.467521367521368,-91.62131194500144,5.467521367521368,0,-0.5749627069845975,0,2005-12-01,8.8,271.1,229.9,509.8000000000014,2225.100000000001,2811.6,-221.1,-2.4492935982947064e-16,1.0,0,DEC,0,0.0504102,0,TRUE_NEGATIVE
Naga Mani Mizo Tripura,2006,12.0,3,3.7,107.10000000000028,914.8,1872.2,12.783760683760685,-9.083760683760683,-71.05703015310556,9.083760683760683,0,-0.4602478544267051,0,2006-12-01,13.0,90.4,231.1,334.5000000000002,1356.7000000000005,1879.0,-218.1,-2.4492935982947064e-16,1.0,0,DEC,0,0.050356418,0,TRUE_NEGATIVE
Gangetic West Bengal,2001,10.0,3,163.6,618.2000000000003,1447.5,1533.6,116.28888888888888,47.31111111111112,40.68412000764381,0.0,0,0.6146634091086508,0,2001-10-01,205.9,248.7,269.3,723.9000000000002,1333.3000000000002,1446.2,-63.400000000000006,-0.8660254037844386,0.5000000000000001,0,OCT,0,0.05035,0,TRUE_NEGATIVE
Madhya Maharashtra,2002,1.0,0,1.7,7.9,431.5999999999998,782.2,3.0025641025641026,-1.3025641025641026,-43.38172502134928,1.3025641025641026,0,-0.1967356575213322,0,2002-01-01,0.5,5.7,125.5,131.7,609.1999999999998,784.9000000000002,-125.0,0.4999999999999999,0.8660254037844387,0,JAN,0,0.050240275,0,TRUE_NEGATIVE
Telangana,2005,1.0,0,43.4,48.70000000000022,307.0999999999996,676.1,7.581196581196581,35.81880341880342,472.4689966178129,0.0,0,2.597016637994697,0,2005-01-01,0.0,5.3,30.6,35.900000000000226,480.3999999999997,667.1,-30.6,0.4999999999999999,0.8660254037844387,0,JAN,0,0.050188668,0,TRUE_NEGATIVE
South Interior Karnataka,2004,11.0,3,24.0,243.00000000000003,842.3999999999999,1126.7,53.6965811965812,-29.6965811965812,-55.304417031436536,29.6965811965812,0,-0.6660165872118139,0,2004-11-01,101.5,117.5,211.1,430.1,998.6,1114.2,-109.6,-0.5000000000000004,0.8660254037844384,0,NOV,0,0.050139904,0,TRUE_NEGATIVE
Madhya Maharashtra,2006,2.0,0,0.0,0.0,339.09999999999974,1217.4,1.448717948717949,-1.448717948717949,-100.0,1.448717948717949,0,-0.5005820488450531,0,2006-02-01,0.0,0.0,0.0,0.0,595.1999999999998,1217.8000000000002,0.0,0.8660254037844386,0.5000000000000001,0,FEB,0,0.050112974,0,TRUE_NEGATIVE
Coastal Andhra Pradesh,2015,10.0,3,59.7,453.5,887.4000000000004,957.9,183.9017094017094,-124.2017094017094,-67.53700648339647,124.2017094017094,0,-1.235124684564871,0,2015-10-01,201.8,192.0,116.0,509.8,860.0000000000003,1093.8000000000002,85.80000000000001,-0.8660254037844386,0.5000000000000001,0,OCT,0,0.05003716,0,TRUE_NEGATIVE
Gangetic West Bengal,2007,11.0,3,24.6,540.3000000000002,1704.7,1941.8,21.56153846153846,3.03846153846154,14.0920442383161,0.0,0,0.098379631190618,0,2007-11-01,55.8,459.9,328.0,843.7000000000002,1778.8000000000002,1923.1,-272.2,-0.5000000000000004,0.8660254037844384,0,NOV,0,0.050027084,0,TRUE_NEGATIVE
Saurashtra & Kutch,2003,5.0,1,0.0,0.0,1.0000000000002274,308.3999999999999,4.593162393162393,-4.593162393162393,-100.0,4.593162393162393,0,-0.2791814256087172,0,2003-05-01,0.0,0.0,0.4,0.3999999999998863,1.2000000000002276,308.3999999999999,-0.4,0.4999999999999999,-0.8660254037844387,0,MAY,0,0.0499663,0,TRUE_NEGATIVE
Punjab,2002,8.0,2,58.4,133.49999999999991,164.39999999999998,199.50000000000009,157.74615384615385,-99.34615384615384,-62.97849514799824,99.34615384615384,0,-1.3589112375753851,0,2002-08-01,50.4,24.7,20.8,95.89999999999992,112.59999999999997,210.60000000000005,29.6,-0.8660254037844385,-0.5000000000000004,0,AUG,0,0.049943194,0,TRUE_NEGATIVE
Saurashtra & Kutch,2002,8.0,2,117.5,291.89999999999986,291.9000000000002,320.0999999999999,119.8982905982906,-2.3982905982906004,-2.0002708848668047,2.3982905982906004,0,-0.0241073461188613,0,2002-08-01,8.0,166.4,0.0,174.3999999999999,174.40000000000023,319.4999999999999,8.0,-0.8660254037844385,-0.5000000000000004,0,AUG,0,0.049876884,0,TRUE_NEGATIVE
East Uttar Pradesh,2013,2.0,0,59.6,66.40000000000023,231.8,646.9000000000001,15.614529914529916,43.98547008547008,281.6957687886584,0.0,0,2.5531480237883786,0,2013-02-01,6.1,0.7,0.3,7.100000000000227,328.20000000000005,588.5000000000001,5.8,0.8660254037844386,0.5000000000000001,0,FEB,0,0.04987378,0,TRUE_NEGATIVE
Orissa,2016,9.0,2,266.2,867.2999999999995,1115.0,1195.6,241.1948717948718,25.005128205128187,10.367188994960976,0.0,0,0.3671057929956239,0,2016-09-01,320.8,280.3,164.2,765.2999999999996,864.0,1166.4,156.60000000000002,-1.0,-1.8369701987210294e-16,0,SEP,0,0.049846005,0,TRUE_NEGATIVE
East Rajasthan,2002,3.0,1,0.1,12.7,27.7,562.7000000000002,4.51880341880342,-4.41880341880342,-97.78702477775676,4.41880341880342,0,-0.4873311506685044,0,2002-03-01,11.0,1.6,5.8,18.4,35.3,562.9000000000001,5.2,1.0,6.123233995736766e-17,0,MAR,0,0.049845815,0,TRUE_NEGATIVE
Saurashtra & Kutch,2007,9.0,2,157.0,771.5999999999999,885.9000000000002,890.1999999999998,74.9957264957265,82.0042735042735,109.34526183828136,0.0,0,1.1112460881414823,0,2007-09-01,405.4,209.2,114.1,728.6999999999999,729.0000000000002,801.3999999999999,291.29999999999995,-1.0,-1.8369701987210294e-16,0,SEP,0,0.04982302,0,TRUE_NEGATIVE
West Madhya Pradesh,2017,2.0,0,1.9,6.499999999999659,147.90000000000018,1099.1,6.217241379310345,-4.317241379310346,-69.43982251802552,4.317241379310346,0,-0.4827849803267059,0,2017-02-01,4.6,0.0,0.0,4.599999999999659,540.8000000000002,1097.4,4.6,0.8660254037844386,0.5000000000000001,0,FEB,0,0.049821235,0,TRUE_NEGATIVE
Chhattisgarh,2007,9.0,2,259.1,907.8000000000004,1188.9999999999998,1240.0,218.1025641025641,40.99743589743591,18.79731953914884,0.0,0,0.546576797970652,0,2007-09-01,338.8,309.9,259.4,908.1000000000004,936.0999999999996,1165.4999999999998,79.40000000000003,-1.0,-1.8369701987210294e-16,0,SEP,0,0.049755186,0,TRUE_NEGATIVE
Matathwada,2000,2.0,0,3.8,4.200000000000114,339.49999999999994,765.7,4.394017094017094,-0.5940170940170946,-13.518770667185384,0.5940170940170946,0,-0.0685795763188555,0,2000-02-01,0.4,0.0,0.0,0.4000000000001137,469.0999999999999,767.9000000000001,0.4,0.8660254037844386,0.5000000000000001,0,FEB,0,0.0497517,0,TRUE_NEGATIVE
Saurashtra & Kutch,2000,7.0,2,224.7,232.9999999999999,233.00000000000023,367.19999999999993,195.7282051282052,28.971794871794856,14.802054130531603,0.0,0,0.2413374567686375,0,2000-07-01,5.4,2.9,0.0,8.299999999999887,8.300000000000228,184.79999999999995,5.4,-0.4999999999999997,-0.8660254037844388,0,JUL,0,0.049701396,0,TRUE_NEGATIVE
East Madhya Pradesh,2013,9.0,2,78.0,1014.9999999999992,1336.7000000000007,1415.4,193.3401709401709,-115.34017094017094,-59.65659923610128,115.34017094017094,0,-1.1591664482422892,0,2013-09-01,480.8,456.2,311.9,1248.8999999999994,1272.8000000000006,1510.0,168.90000000000003,-1.0,-1.8369701987210294e-16,0,SEP,0,0.04966838,0,TRUE_NEGATIVE
West Madhya Pradesh,2004,1.0,0,16.8,19.49999999999972,503.3000000000001,962.0000000000002,9.167521367521369,7.632478632478634,83.25564049972033,0.0,0,0.6830070704122996,0,2004-01-01,2.5,0.2,0.9,3.599999999999716,794.0000000000002,946.3000000000004,1.6,0.4999999999999999,0.8660254037844387,0,JAN,0,0.049656183,0,TRUE_NEGATIVE
Matathwada,2000,11.0,3,0.7,76.30000000000011,661.4,682.8000000000001,22.07350427350428,-21.37350427350428,-96.82877720127004,21.37350427350428,0,-0.6199870471936365,0,2000-11-01,30.8,44.8,239.5,315.1000000000001,676.9999999999999,682.1000000000001,-208.7,-0.5000000000000004,0.8660254037844384,0,NOV,0,0.04964519,0,TRUE_NEGATIVE
Rayalseema,2013,12.0,3,2.6,210.50000000000043,579.6999999999999,762.6,34.202564102564104,-31.602564102564106,-92.39823075193044,31.602564102564106,0,-0.8432379324889672,0,2013-12-01,38.6,169.3,163.2,371.1000000000004,650.9,821.9,-124.6,-2.4492935982947064e-16,1.0,0,DEC,0,0.049635395,0,TRUE_NEGATIVE
South Interior Karnataka,2012,10.0,3,62.8,399.9,671.9999999999999,850.9,138.47606837606838,-75.67606837606839,-54.6492034786473,75.67606837606839,0,-1.234898465721526,0,2012-10-01,100.6,236.5,144.7,481.80000000000007,708.1999999999999,932.9,-44.1,-0.8660254037844386,0.5000000000000001,0,OCT,0,0.049607344,0,TRUE_NEGATIVE
Madhya Maharashtra,2012,2.0,0,0.0,0.0,211.19999999999976,852.2,1.448717948717949,-1.448717948717949,-100.0,1.448717948717949,0,-0.5005820488450531,0,2012-02-01,0.0,0.0,0.0,0.0,449.2999999999998,852.5,0.0,0.8660254037844386,0.5000000000000001,0,FEB,0,0.049537446,0,TRUE_NEGATIVE
Orissa,2001,11.0,3,18.7,237.4999999999993,1538.6999999999998,1672.6,27.82905982905983,-9.12905982905983,-32.80405405405406,9.12905982905983,0,-0.2483550494205248,0,2001-11-01,86.8,132.0,380.9,599.6999999999992,1591.0,1655.5,-294.1,-0.5000000000000004,0.8660254037844384,0,NOV,0,0.049510896,0,TRUE_NEGATIVE
West Rajasthan,2006,9.0,2,31.3,287.5999999999999,336.2000000000002,353.2000000000001,39.92820512820513,-8.628205128205128,-21.6092987413306,8.628205128205128,0,-0.2216020274412138,0,2006-09-01,203.6,52.7,36.9,293.2,321.80000000000024,397.7000000000001,166.7,-1.0,-1.8369701987210294e-16,0,SEP,0,0.04951067,0,TRUE_NEGATIVE
East Rajasthan,2012,9.0,2,131.3,666.8,691.1,693.0000000000002,97.04358974358976,34.25641025641026,35.30002377995614,0.0,0,0.4868706756351298,0,2012-09-01,365.0,170.5,11.2,546.7,559.8,728.1000000000003,353.8,-1.0,-1.8369701987210294e-16,0,SEP,0,0.049496457,0,TRUE_NEGATIVE
Punjab,2009,2.0,0,14.4,24.699999999999942,95.0,724.9000000000001,26.405982905982903,-12.005982905982906,-45.46690402977829,12.005982905982906,0,-0.5119523753430508,0,2009-02-01,9.4,0.9,0.6,10.899999999999944,392.8,714.6000000000001,8.8,0.8660254037844386,0.5000000000000001,0,FEB,0,0.04948899,0,TRUE_NEGATIVE
Vidarbha,2013,10.0,3,133.5,591.2999999999995,1494.0000000000005,1527.5,52.3897435897436,81.1102564102564,154.82086922474545,0.0,0,1.7280754766869386,0,2013-10-01,131.7,326.1,535.5,993.2999999999996,1363.3000000000004,1428.9,-403.8,-0.8660254037844386,0.5000000000000001,0,OCT,0,0.049428504,0,TRUE_NEGATIVE
Telangana,2007,1.0,0,0.0,34.70000000000012,651.1999999999996,1052.9,7.581196581196581,-7.581196581196581,-100.0,7.581196581196581,0,-0.5496692177868894,0,2007-01-01,0.0,34.7,28.1,62.80000000000012,820.6999999999995,1052.9,-28.1,0.4999999999999999,0.8660254037844387,0,JAN,0,0.049412288,0,TRUE_NEGATIVE
Haryana Delhi & Chandigarh,2010,3.0,1,0.5,15.499999999999998,19.5,395.0999999999998,12.952991452991451,-12.452991452991451,-96.13988782580006,12.452991452991451,0,-0.8221794320914447,0,2010-03-01,10.2,4.8,0.4,15.4,179.8,400.2999999999998,9.8,1.0,6.123233995736766e-17,0,MAR,0,0.049372233,0,TRUE_NEGATIVE
Coastal Andhra Pradesh,2000,11.0,3,10.6,183.09999999999988,849.2000000000003,979.9,77.08290598290598,-66.48290598290599,-86.24857241065786,66.48290598290599,0,-0.8779789018689759,0,2000-11-01,69.6,102.9,311.5,483.9999999999999,907.0000000000005,997.6,-241.9,-0.5000000000000004,0.8660254037844384,0,NOV,0,0.049340855,0,TRUE_NEGATIVE
Rayalseema,2004,10.0,3,124.4,301.2000000000004,613.5999999999999,697.4,135.02478632478633,-10.624786324786328,-7.86876736781471,10.624786324786328,0,-0.1516003950461446,0,2004-10-01,153.7,23.1,122.9,299.7000000000004,524.3,748.5,30.799999999999983,-0.8660254037844386,0.5000000000000001,0,OCT,0,0.049254023,0,TRUE_NEGATIVE
Orissa,2003,9.0,2,264.3,1056.8999999999994,1283.1,1375.9,241.1948717948718,23.10512820512821,9.579444220015736,0.0,0,0.3392114746394145,0,2003-09-01,425.1,367.5,178.9,971.4999999999992,1040.4,1318.1,246.2,-1.0,-1.8369701987210294e-16,0,SEP,0,0.04922024,0,TRUE_NEGATIVE
West Rajasthan,2011,9.0,2,116.3,371.6,405.3000000000002,444.80000000000007,39.92820512820513,76.37179487179486,191.2727973285384,0.0,0,1.9614907540376088,0,2011-09-01,166.8,88.5,24.4,279.70000000000005,290.5000000000002,425.00000000000006,142.4,-1.0,-1.8369701987210294e-16,0,SEP,0,0.049148202,0,TRUE_NEGATIVE
Arunachal Pradesh,2002,10.0,3,94.0,642.6000000000006,1840.4999999999989,2360.6,194.79381443298968,-100.79381443298968,-51.74384757872452,100.79381443298968,0,-0.6961825825198047,0,2002-10-01,257.9,290.7,604.0,1152.6000000000006,1994.699999999999,2440.4,-346.1,-0.8660254037844386,0.5000000000000001,0,OCT,0,0.04912301,0,TRUE_NEGATIVE
Punjab,2016,2.0,0,6.0,13.199999999999829,92.2,474.3000000000001,26.405982905982903,-20.405982905982903,-77.27787667907428,20.405982905982903,0,-0.8701404542831452,0,2016-02-01,6.5,0.7,0.8,7.999999999999829,174.8,499.60000000000014,5.7,0.8660254037844386,0.5000000000000001,0,FEB,0,0.04905126,0,TRUE_NEGATIVE
Coastal Karnataka,2003,1.0,0,0.1,21.099999999999543,1275.9000000000003,2792.7,1.918103448275862,-1.818103448275862,-94.78651685393258,1.818103448275862,0,-0.4345006209424181,0,2003-01-01,0.3,20.7,360.0,380.9999999999996,1821.5,2793.2000000000003,-359.7,0.4999999999999999,0.8660254037844387,0,JAN,0,0.048965152,0,TRUE_NEGATIVE
Madhya Maharashtra,2016,11.0,3,1.1,235.4,888.3999999999997,905.4000000000002,25.553846153846155,-24.45384615384616,-95.6953642384106,24.45384615384616,0,-0.7217693309198759,0,2016-11-01,62.4,171.9,232.7,467.0,894.9999999999998,920.5,-170.29999999999998,-0.5000000000000004,0.8660254037844384,0,NOV,0,0.04895648,0,TRUE_NEGATIVE
Madhya Maharashtra,2014,2.0,0,6.2,10.599999999999945,282.6999999999998,966.4000000000002,1.448717948717949,4.751282051282051,327.9646017699115,0.0,0,1.641731923026342,0,2014-02-01,3.1,1.3,4.0,8.399999999999944,423.49999999999983,965.5,-0.8999999999999999,0.8660254037844386,0.5000000000000001,0,FEB,0,0.04895508,0,TRUE_NEGATIVE
Punjab,2011,2.0,0,35.6,63.49999999999994,182.1,473.0000000000001,26.405982905982903,9.194017094017097,34.81793170415926,0.0,0,0.3920461096009968,0,2011-02-01,3.5,24.4,1.1,28.999999999999943,243.2,451.20000000000016,2.4,0.8660254037844386,0.5000000000000001,0,FEB,0,0.048916545,0,TRUE_NEGATIVE
West Rajasthan,2014,9.0,2,84.9,248.8,294.0000000000002,312.80000000000007,39.92820512820513,44.97179487179488,112.63164654508093,0.0,0,1.1550305971148442,0,2014-09-01,69.6,94.3,13.8,177.7,213.8000000000002,286.6,55.8,-1.0,-1.8369701987210294e-16,0,SEP,0,0.048884157,0,TRUE_NEGATIVE
Madhya Maharashtra,2007,11.0,3,3.9,196.5,1031.1,1040.4,25.553846153846155,-21.65384615384616,-84.73810957254666,21.65384615384616,0,-0.6391257208365684,0,2007-11-01,3.4,189.2,274.2,466.8,1032.6999999999998,1062.0,-270.8,-0.5000000000000004,0.8660254037844384,0,NOV,0,0.048827123,0,TRUE_NEGATIVE
Naga Mani Mizo Tripura,2005,11.0,3,15.6,502.5000000000003,1351.1,1826.7,46.87008547008547,-31.27008547008547,-66.71651044895874,31.27008547008547,0,-0.6201023724018374,0,2005-11-01,194.3,292.6,334.8,821.7000000000003,1572.5,1817.5,-140.5,-0.5000000000000004,0.8660254037844384,0,NOV,0,0.04878006,0,TRUE_NEGATIVE
Jharkhand,2016,9.0,2,287.5,984.0999999999998,1180.8000000000002,1244.1,227.1367521367521,60.36324786324786,26.575729068673564,0.0,0,0.8238447074250141,0,2016-09-01,395.6,301.0,122.9,819.4999999999998,910.8000000000002,1041.7,272.70000000000005,-1.0,-1.8369701987210294e-16,0,SEP,0,0.04877663,0,TRUE_NEGATIVE
West Madhya Pradesh,2008,2.0,0,0.0,0.9999999999997158,149.80000000000024,793.7000000000003,6.217241379310345,-6.217241379310345,-100.0,6.217241379310345,0,-0.6952566449912545,0,2008-02-01,0.4,0.6,10.5,11.499999999999716,370.4000000000002,805.2000000000003,-10.1,0.8660254037844386,0.5000000000000001,0,FEB,0,0.048751004,0,TRUE_NEGATIVE
Tamil Nadu,2014,2.0,0,6.1,66.6999999999999,420.4,720.6999999999999,13.209401709401709,-7.109401709401709,-53.82076997735361,7.109401709401709,0,-0.3664555294104552,0,2014-02-01,7.4,53.2,112.3,172.8999999999999,525.0,745.5,-104.9,0.8660254037844386,0.5000000000000001,0,FEB,0,0.048711516,0,TRUE_NEGATIVE
West Madhya Pradesh,2014,2.0,0,34.4,62.399999999999714,230.30000000000024,1423.4,6.217241379310345,28.18275862068965,453.30005546311696,0.0,0,3.151598757356363,0,2014-02-01,25.6,2.4,0.3,28.29999999999972,628.5000000000002,1420.1000000000004,25.3,0.8660254037844386,0.5000000000000001,0,FEB,0,0.048683163,0,TRUE_NEGATIVE
Rayalseema,2002,12.0,3,12.9,224.6000000000004,415.5,615.3000000000001,34.202564102564104,-21.302564102564105,-62.28352949996252,21.302564102564105,0,-0.5684073625248146,0,2002-12-01,44.2,167.5,78.2,289.9000000000004,493.3999999999999,640.5,-34.0,-2.4492935982947064e-16,1.0,0,DEC,0,0.048652478,0,TRUE_NEGATIVE
Assam & Meghalaya,2011,12.0,3,3.5,45.599999999999774,965.5999999999996,1743.5000000000002,8.955555555555556,-5.455555555555556,-60.9181141439206,5.455555555555556,0,-0.5644507922220031,0,2011-12-01,11.9,30.2,221.6,263.69999999999976,1278.0999999999997,1747.6000000000004,-209.7,-2.4492935982947064e-16,1.0,0,DEC,0,0.048616745,0,TRUE_NEGATIVE
Orissa,2012,1.0,0,50.8,51.29999999999954,828.8,1393.4,12.152136752136752,38.64786324786324,318.0334786889857,0.0,0,2.4862778347002106,0,2012-01-01,0.4,0.1,20.2,20.699999999999545,977.6,1346.3000000000002,-19.8,0.4999999999999999,0.8660254037844387,0,JAN,0,0.04861144,0,TRUE_NEGATIVE
Sub Himalayan West Bengal & Sikkim,2008,11.0,3,16.9,411.50000000000136,2232.000000000001,2682.3,15.846153846153848,1.053846153846152,6.650485436893192,0.0,0,0.0464192833259258,0,2008-11-01,97.9,296.7,636.3,1030.9000000000012,2386.500000000001,2674.2,-538.4,-0.5000000000000004,0.8660254037844384,0,NOV,0,0.04857163,0,TRUE_NEGATIVE
Madhya Maharashtra,2011,1.0,0,0.0,73.60000000000001,549.4999999999998,1024.7,3.0025641025641026,-3.0025641025641026,-100.0,3.0025641025641026,0,-0.4534989270816537,0,2011-01-01,0.2,73.4,77.1,150.7,830.3999999999997,1027.6,-76.89999999999999,0.4999999999999999,0.8660254037844387,0,JAN,0,0.048551545,0,TRUE_NEGATIVE
Sub Himalayan West Bengal & Sikkim,2002,11.0,3,8.7,424.50000000000136,1981.6000000000008,2542.0,15.846153846153848,-7.146153846153847,-45.09708737864078,7.146153846153847,0,-0.314770176713761,0,2002-11-01,75.7,340.1,406.6,822.4000000000015,2154.600000000001,2569.9,-330.90000000000003,-0.5000000000000004,0.8660254037844384,0,NOV,0,0.048542034,0,TRUE_NEGATIVE
Lakshadweep,2006,11.0,3,158.9,596.5000000000002,1206.4,1614.2999999999995,123.43909090909092,35.4609090909091,28.72745483602513,0.0,0,0.4610653592284748,0,2006-11-01,119.1,318.5,150.7,588.3000000000003,1375.4,1673.6999999999996,-31.599999999999994,-0.5000000000000004,0.8660254037844384,0,NOV,0,0.048475336,0,TRUE_NEGATIVE
Jharkhand,2013,10.0,3,281.1,732.9999999999998,1210.6000000000004,1309.7,79.92136752136751,201.1786324786325,251.7207083885871,0.0,0,3.099880752008114,0,2013-10-01,173.8,278.1,211.1,662.9999999999998,951.8000000000002,1066.4,-37.29999999999998,-0.8660254037844386,0.5000000000000001,0,OCT,0,0.04847371,0,TRUE_NEGATIVE
Andaman & Nicobar Islands,2003,11.0,3,74.1,756.3999999999996,1790.599999999999,2437.6,233.01818181818183,-158.91818181818184,-68.19990636704121,158.91818181818184,0,-1.361923095667574,0,2003-11-01,310.4,371.9,379.4,1061.6999999999996,2012.7999999999988,2670.2,-69.0,-0.5000000000000004,0.8660254037844384,0,NOV,0,0.048426993,0,TRUE_NEGATIVE
Coastal Karnataka,2008,11.0,3,19.3,494.1999999999994,2919.0000000000005,3193.7,62.809401709401705,-43.5094017094017,-69.27211615659911,43.5094017094017,0,-0.7906060127367915,0,2008-11-01,91.6,383.3,886.3,1361.1999999999994,2964.0000000000005,3211.9,-794.6999999999999,-0.5000000000000004,0.8660254037844384,0,NOV,0,0.048398525,0,TRUE_NEGATIVE
West Uttar Pradesh,2008,9.0,2,90.9,566.8,789.3999999999999,793.6999999999999,145.33931623931625,-54.43931623931624,-37.456703146777066,54.43931623931624,0,-0.6178723092881262,0,2008-09-01,217.4,258.5,193.8,669.6999999999999,698.4999999999999,759.7999999999998,23.599999999999994,-1.0,-1.8369701987210294e-16,0,SEP,0,0.048374753,0,TRUE_NEGATIVE
West Rajasthan,2013,3.0,1,4.2,34.6,37.10000000000023,361.4000000000001,4.011111111111111,0.1888888888888891,4.709141274238233,0.0,0,0.0243715258668816,0,2013-03-01,21.8,8.6,0.6,31.0,124.90000000000023,357.20000000000005,21.2,1.0,6.123233995736766e-17,0,MAR,0,0.048350275,0,TRUE_NEGATIVE
West Madhya Pradesh,2011,1.0,0,0.0,5.399999999999715,446.6000000000002,774.0000000000002,9.167521367521369,-9.167521367521369,-100.0,9.167521367521369,0,-0.8203733300383345,0,2011-01-01,0.8,4.6,13.6,18.99999999999972,705.1000000000003,776.2000000000003,-12.8,0.4999999999999999,0.8660254037844387,0,JAN,0,0.04833074,0,TRUE_NEGATIVE
West Uttar Pradesh,2011,2.0,0,10.4,16.599999999999888,297.9999999999998,816.1999999999998,17.614529914529914,-7.214529914529914,-40.95783395603862,7.214529914529914,0,-0.3622855493770241,0,2011-02-01,2.1,4.1,12.8,18.999999999999886,501.39999999999975,819.4999999999999,-10.7,0.8660254037844386,0.5000000000000001,0,FEB,0,0.04829074,0,TRUE_NEGATIVE
Naga Mani Mizo Tripura,2008,11.0,3,4.7,378.6000000000002,1397.9,1757.8000000000002,46.87008547008547,-42.17008547008547,-89.97228199423756,42.17008547008547,0,-0.8362551509302536,0,2008-11-01,150.2,223.7,358.6,732.5000000000002,1594.0,1835.7,-208.40000000000003,-0.5000000000000004,0.8660254037844384,0,NOV,0,0.048290487,0,TRUE_NEGATIVE
South Interior Karnataka,2005,10.0,3,241.8,620.5,1167.4,1292.1,138.47606837606838,103.32393162393164,74.61500953603634,0.0,0,1.6860622832654877,0,2005-10-01,145.5,233.2,333.5,712.2,1001.6,1151.8,-188.0,-0.8660254037844386,0.5000000000000001,0,OCT,0,0.048289567,0,TRUE_NEGATIVE
West Uttar Pradesh,2016,9.0,2,44.7,580.0999999999999,668.8999999999997,695.2999999999998,145.33931623931625,-100.63931623931624,-69.24438537580787,100.63931623931624,0,-1.1422304875507627,0,2016-09-01,182.9,352.5,60.0,595.4,634.5999999999998,677.0999999999998,122.9,-1.0,-1.8369701987210294e-16,0,SEP,0,0.048206747,0,TRUE_NEGATIVE
Konkan & Goa,2007,12.0,3,0.1,61.70000000000023,2492.2000000000007,3468.299999999999,4.653846153846154,-4.5538461538461545,-97.8512396694215,4.5538461538461545,0,-0.3208461620724349,0,2007-12-01,16.0,45.6,609.0,670.6000000000003,3431.4000000000005,3468.199999999999,-593.0,-2.4492935982947064e-16,1.0,0,DEC,0,0.04818821,0,TRUE_NEGATIVE
Telangana,2008,1.0,0,0.2,13.200000000000111,522.8999999999995,843.5,7.581196581196581,-7.381196581196581,-97.36189402480272,7.381196581196581,0,-0.5351683613086332,0,2008-01-01,0.0,13.0,40.8,53.80000000000011,657.2999999999996,843.3,-40.8,0.4999999999999999,0.8660254037844387,0,JAN,0,0.048133668,0,TRUE_NEGATIVE
Lakshadweep,2009,10.0,3,87.4,417.50000000000034,1247.1999999999998,1469.2999999999995,165.50884955752213,-78.10884955752212,-47.19315599518781,78.10884955752212,0,-0.9554672024099858,0,2009-10-01,145.1,185.0,266.4,596.5000000000003,1177.9,1634.7999999999995,-121.29999999999998,-0.8660254037844386,0.5000000000000001,0,OCT,0,0.04812043,0,TRUE_NEGATIVE
East Madhya Pradesh,2008,2.0,0,4.1,6.999999999999432,163.00000000000065,625.9000000000002,18.449572649572648,-14.349572649572648,-77.77726304085981,14.349572649572648,0,-0.6931664777202979,0,2008-02-01,1.4,1.5,22.8,25.69999999999943,321.5000000000006,648.1000000000003,-21.4,0.8660254037844386,0.5000000000000001,0,FEB,0,0.048102558,0,TRUE_NEGATIVE
Gangetic West Bengal,2011,11.0,3,1.3,334.1000000000002,1431.7,1714.7,21.56153846153846,-20.26153846153846,-93.97074562968248,20.26153846153846,0,-0.6560302495090831,0,2011-11-01,36.9,295.9,443.2,776.0000000000002,1563.0,1719.7,-406.3,-0.5000000000000004,0.8660254037844384,0,NOV,0,0.0480977,0,TRUE_NEGATIVE
North Interior Karnataka,2004,10.0,3,61.6,288.99999999999983,600.5999999999998,643.8,95.56239316239316,-33.96239316239315,-35.539496279336,33.96239316239315,0,-0.6152659552051872,0,2004-10-01,134.6,92.8,111.7,339.0999999999998,568.8999999999999,674.3,22.89999999999999,-0.8660254037844386,0.5000000000000001,0,OCT,0,0.04809438,0,TRUE_NEGATIVE
West Rajasthan,2001,9.0,2,2.8,194.4,276.30000000000024,279.6000000000001,39.92820512820513,-37.12820512820513,-92.98741330593371,37.12820512820513,0,-0.9535801953488194,0,2001-09-01,68.7,122.9,48.6,240.2,273.60000000000025,282.50000000000006,20.1,-1.0,-1.8369701987210294e-16,0,SEP,0,0.048093136,0,TRUE_NEGATIVE
Saurashtra & Kutch,2010,4.0,1,0.0,0.0,1.6000000000001706,596.9,1.1632478632478631,-1.1632478632478631,-100.0,1.1632478632478631,0,-0.1904632649251258,0,2010-04-01,0.0,0.0,0.1,0.0999999999998863,4.90000000000017,596.9,-0.1,0.8660254037844387,-0.4999999999999998,0,APR,0,0.04808419,0,TRUE_NEGATIVE
West Rajasthan,2011,1.0,0,0.0,25.3,286.1000000000002,471.4,3.323076923076924,-3.323076923076924,-100.0,3.323076923076924,0,-0.7336938555019189,0,2011-01-01,5.2,20.1,0.9,26.2,416.0000000000002,473.30000000000007,4.3,0.4999999999999999,0.8660254037844387,0,JAN,0,0.047975782,0,TRUE_NEGATIVE
West Rajasthan,2010,8.0,2,163.4,342.8,347.0000000000002,358.6000000000001,94.94786324786324,68.45213675213677,72.09444679491222,0.0,0,1.0281223547811156,0,2010-08-01,129.9,49.5,3.0,182.4,185.3000000000002,222.30000000000007,126.9,-0.8660254037844385,-0.5000000000000004,0,AUG,0,0.047953892,0,TRUE_NEGATIVE
South Interior Karnataka,2015,10.0,3,106.1,407.2000000000001,863.1999999999999,1008.9,138.47606837606838,-32.37606837606839,-23.38026256503948,32.37606837606839,0,-0.528319692363215,0,2015-10-01,164.5,136.6,112.0,413.1,837.5999999999999,1055.7,52.5,-0.8660254037844386,0.5000000000000001,0,OCT,0,0.047868595,0,TRUE_NEGATIVE
West Madhya Pradesh,2015,1.0,0,40.2,58.99999999999972,469.60000000000025,879.4000000000002,9.167521367521369,31.03247863247864,338.5045683386165,0.0,0,2.777001199611397,0,2015-01-01,15.8,3.0,7.0,25.79999999999972,766.8000000000002,864.8000000000002,8.8,0.4999999999999999,0.8660254037844387,0,JAN,0,0.047846638,0,TRUE_NEGATIVE
Kerala,2008,11.0,3,55.4,745.7999999999994,2069.8,2519.6,162.55897435897438,-107.15897435897438,-65.92006056973406,107.15897435897438,0,-1.2797613797188332,0,2008-11-01,343.4,347.0,349.0,1039.3999999999994,2095.6000000000004,2551.6000000000004,-5.600000000000023,-0.5000000000000004,0.8660254037844384,0,NOV,0,0.047831267,0,TRUE_NEGATIVE
Gujarat Region,2010,9.0,2,216.6,975.8000000000004,1035.0999999999997,1070.7999999999995,147.77179487179487,68.82820512820513,46.57736287761795,0.0,0,0.6100281283715323,0,2010-09-01,431.0,328.2,59.3,818.5000000000002,818.4999999999998,909.0999999999996,371.7,-1.0,-1.8369701987210294e-16,0,SEP,0,0.047825307,0,TRUE_NEGATIVE
Andaman & Nicobar Islands,2014,11.0,3,201.2,1016.6999999999996,2222.499999999999,2614.4,233.01818181818183,-31.81818181818184,-13.654806491885152,31.81818181818184,0,-0.2726806724350158,0,2014-11-01,402.6,412.9,321.6,1137.0999999999997,2259.299999999999,2767.4,81.0,-0.5000000000000004,0.8660254037844384,0,NOV,0,0.047805924,0,TRUE_NEGATIVE
Madhya Maharashtra,2009,2.0,0,1.7,2.6,375.2999999999997,918.5,1.448717948717949,0.2512820512820513,17.345132743362832,0.0,0,0.0868266208616197,0,2009-02-01,0.0,0.9,3.7,4.6000000000000005,631.1999999999998,916.8000000000002,-3.7,0.8660254037844386,0.5000000000000001,0,FEB,0,0.047797166,0,TRUE_NEGATIVE
Sub Himalayan West Bengal & Sikkim,2009,11.0,3,9.1,418.8000000000014,1793.9000000000008,2328.6,15.846153846153848,-6.746153846153847,-42.57281553398059,6.746153846153847,0,-0.2971511786630446,0,2009-11-01,235.1,174.6,568.4,978.1000000000012,2093.500000000001,2336.4,-333.29999999999995,-0.5000000000000004,0.8660254037844384,0,NOV,0,0.047785327,0,TRUE_NEGATIVE
Haryana Delhi & Chandigarh,2016,2.0,0,1.1,1.3000000000000285,39.4,417.5999999999999,17.14786324786325,-16.047863247863248,-93.58520659921248,16.047863247863248,0,-0.8510670108996508,0,2016-02-01,0.0,0.2,2.3,2.5000000000000284,127.5,423.0999999999999,-2.3,0.8660254037844386,0.5000000000000001,0,FEB,0,0.047772203,0,TRUE_NEGATIVE
South Interior Karnataka,2013,11.0,3,24.9,320.40000000000015,955.7,1114.4,53.6965811965812,-28.7965811965812,-53.628332670115405,28.7965811965812,0,-0.6458319429080568,0,2013-11-01,103.7,191.8,151.7,447.2000000000001,1026.4,1172.1,-47.99999999999999,-0.5000000000000004,0.8660254037844384,0,NOV,0,0.04769658,0,TRUE_NEGATIVE
Haryana Delhi & Chandigarh,2014,3.0,1,26.8,57.10000000000003,71.8,439.79999999999984,12.952991452991451,13.847008547008548,106.90201253711646,0.0,0,0.9142161276124572,0,2014-03-01,17.3,13.0,2.1,32.400000000000034,87.8,418.29999999999984,15.2,1.0,6.123233995736766e-17,0,MAR,0,0.047679503,0,TRUE_NEGATIVE
West Uttar Pradesh,2008,1.0,0,0.9,2.299999999999886,213.2999999999998,572.9999999999999,17.57008547008547,-16.67008547008547,-94.87765724570708,16.67008547008547,0,-1.060017812234988,0,2008-01-01,1.4,0.0,1.8,3.1999999999998865,367.4999999999998,572.4999999999999,-0.4000000000000001,0.4999999999999999,0.8660254037844387,0,JAN,0,0.047679104,0,TRUE_NEGATIVE
Lakshadweep,2013,11.0,3,78.1,330.9000000000004,1207.9,1408.4,123.43909090909092,-45.33909090909091,-36.72992937260188,45.33909090909091,0,-0.5895022088548655,0,2013-11-01,72.8,180.0,154.4,407.2000000000004,1218.1,1342.6999999999998,-81.60000000000001,-0.5000000000000004,0.8660254037844384,0,NOV,0,0.04765564,0,TRUE_NEGATIVE
Madhya Maharashtra,2005,2.0,0,0.4,4.1000000000000005,235.3999999999997,1033.3000000000002,1.448717948717949,-1.0487179487179483,-72.38938053097344,1.0487179487179483,0,-0.3623682442081889,0,2005-02-01,3.6,0.1,8.0,11.7,589.0999999999997,1033.0,-4.4,0.8660254037844386,0.5000000000000001,0,FEB,0,0.047648758,0,TRUE_NEGATIVE
Saurashtra & Kutch,2004,9.0,2,36.1,353.7999999999999,462.4000000000002,465.6,74.9957264957265,-38.8957264957265,-51.863923870306,38.8957264957265,0,-0.5270789199973172,0,2004-09-01,227.7,90.0,95.0,412.6999999999999,426.3000000000002,451.19999999999993,132.7,-1.0,-1.8369701987210294e-16,0,SEP,0,0.0476304,0,TRUE_NEGATIVE
Lakshadweep,2011,11.0,3,184.3,556.9000000000003,1314.7,1600.2999999999995,123.43909090909092,60.860909090909104,49.30440482240046,0.0,0,0.7913180353338813,0,2011-11-01,117.4,255.2,254.0,626.6000000000004,1237.5999999999997,1617.4999999999998,-136.6,-0.5000000000000004,0.8660254037844384,0,NOV,0,0.047628053,0,TRUE_NEGATIVE
East Rajasthan,2005,12.0,3,0.0,0.0,491.5,567.8000000000002,3.617948717948718,-3.617948717948718,-100.0,3.617948717948718,0,-0.5399419387222018,0,2005-12-01,0.0,0.0,172.5,172.5,547.1,567.9000000000003,-172.5,-2.4492935982947064e-16,1.0,0,DEC,0,0.047610264,0,TRUE_NEGATIVE
Gujarat Region,2007,9.0,2,169.4,1082.8000000000002,1177.1,1189.6999999999996,147.77179487179487,21.62820512820514,14.636220089882189,0.0,0,0.1916919592748157,0,2007-09-01,345.6,567.8,94.0,1007.4000000000002,1007.6999999999998,1160.8999999999996,251.6,-1.0,-1.8369701987210294e-16,0,SEP,0,0.047608614,0,TRUE_NEGATIVE
Rayalseema,2005,1.0,0,1.3,66.90000000000036,368.1,732.8,9.8,-8.499999999999998,-86.73469387755102,8.499999999999998,0,-0.448193300967203,0,2005-01-01,0.0,65.6,124.4,190.0000000000004,489.69999999999993,741.7,-124.4,0.4999999999999999,0.8660254037844387,0,JAN,0,0.047608405,0,TRUE_NEGATIVE
Uttarakhand,2012,12.0,3,15.5,23.599999999999888,1050.799999999999,1223.9,21.845299145299148,-6.345299145299148,-29.04651981689425,6.345299145299148,0,-0.2603314907851677,0,2012-12-01,3.4,4.7,220.6,228.69999999999987,1081.299999999999,1210.6999999999998,-217.2,-2.4492935982947064e-16,1.0,0,DEC,0,0.04756754,0,TRUE_NEGATIVE
Coastal Karnataka,2000,11.0,3,12.5,466.3999999999995,3090.5,3349.5,62.809401709401705,-50.309401709401705,-80.0985208268129,50.309401709401705,0,-0.9141682929657216,0,2000-11-01,174.7,279.2,741.7,1195.5999999999997,3294.4000000000005,3349.8,-567.0,-0.5000000000000004,0.8660254037844384,0,NOV,0,0.047558263,0,TRUE_NEGATIVE
Rayalseema,2012,11.0,3,86.6,269.8000000000004,576.4999999999999,688.3,101.22991452991452,-14.62991452991453,-14.452165249622167,14.62991452991453,0,-0.2021857291623832,0,2012-11-01,113.7,69.5,120.0,303.2000000000004,528.6999999999999,708.6,-6.299999999999997,-0.5000000000000004,0.8660254037844384,0,NOV,0,0.04752227,0,TRUE_NEGATIVE
Assam & Meghalaya,2014,10.0,3,35.0,939.8,2091.7,2205.8,152.4974358974359,-117.4974358974359,-77.04879443118001,117.4974358974359,0,-1.7121423904334003,0,2014-10-01,420.2,484.6,374.4,1279.1999999999998,2108.2,2297.1,45.80000000000001,-0.8660254037844386,0.5000000000000001,0,OCT,0,0.047516648,0,TRUE_NEGATIVE
Rayalseema,2001,2.0,0,0.0,44.40000000000035,319.69999999999993,844.6999999999999,5.582905982905984,-5.582905982905984,-100.0,5.582905982905984,0,-0.4823320431067022,0,2001-02-01,7.7,36.7,37.7,82.10000000000035,561.1999999999999,879.0,-30.000000000000004,0.8660254037844386,0.5000000000000001,0,FEB,0,0.04748573,0,TRUE_NEGATIVE
Coastal Andhra Pradesh,2003,1.0,0,6.2,20.499999999999886,414.4000000000003,681.4,7.377777777777778,-1.177777777777778,-15.963855421686748,1.177777777777778,0,-0.1028325611403478,0,2003-01-01,0.0,14.3,148.7,162.9999999999999,482.9000000000003,703.1999999999999,-148.7,0.4999999999999999,0.8660254037844387,0,JAN,0,0.047477774,0,TRUE_NEGATIVE
Rayalseema,2001,12.0,3,38.1,432.3000000000004,793.6999999999999,924.6,34.202564102564104,3.897435897435898,11.395157058250245,0.0,0,0.1039936436010734,0,2001-12-01,41.7,352.5,195.5,589.7000000000004,779.5999999999999,923.2,-153.8,-2.4492935982947064e-16,1.0,0,DEC,0,0.04746285,0,TRUE_NEGATIVE
North Interior Karnataka,2003,10.0,3,92.1,260.3999999999998,425.1999999999998,470.5,95.56239316239316,-3.4623931623931554,-3.6231754436176233,3.4623931623931554,0,-0.0627250449098102,0,2003-10-01,64.3,104.0,94.4,262.6999999999998,357.9999999999999,504.8,-30.10000000000001,-0.8660254037844386,0.5000000000000001,0,OCT,0,0.04745395,0,TRUE_NEGATIVE
Gujarat Region,2000,9.0,2,13.5,447.60000000000025,546.5999999999998,616.1999999999998,147.77179487179487,-134.27179487179487,-90.86429178740607,134.27179487179487,0,-1.1900582263645516,0,2000-09-01,133.0,301.1,62.9,497.0000000000002,533.0999999999998,659.8999999999996,70.1,-1.0,-1.8369701987210294e-16,0,SEP,0,0.04741421,0,TRUE_NEGATIVE
Coastal Karnataka,2013,1.0,0,2.4,73.99999999999977,1598.7000000000005,3120.6,1.918103448275862,0.4818965517241378,25.123595505617967,0.0,0,0.1151663570918974,0,2013-01-01,3.6,68.0,115.1,186.69999999999976,2350.9,3118.2,-111.5,0.4999999999999999,0.8660254037844387,0,JAN,0,0.04741397,0,TRUE_NEGATIVE
West Rajasthan,2004,3.0,1,0.0,2.3999999999999715,2.700000000000227,346.0000000000001,4.011111111111111,-4.011111111111111,-100.0,4.011111111111111,0,-0.5175365198790755,0,2004-03-01,0.0,2.4,0.1,2.499999999999972,16.60000000000023,346.80000000000007,-0.1,1.0,6.123233995736766e-17,0,MAR,0,0.04733145,0,TRUE_NEGATIVE
Konkan & Goa,2011,10.0,3,120.3,1576.5000000000005,3818.7000000000007,3930.199999999999,113.6982905982906,6.6017094017094,5.806340066302328,0.0,0,0.074849891095336,0,2011-10-01,468.3,987.9,1384.1,2840.3,3701.800000000001,4000.099999999999,-915.8,-0.8660254037844386,0.5000000000000001,0,OCT,0,0.047305387,0,TRUE_NEGATIVE
North Interior Karnataka,2016,1.0,0,0.3,7.699999999999915,298.09999999999985,549.8000000000001,2.964102564102564,-2.6641025641025644,-89.87889273356402,2.6641025641025644,0,-0.432812743453709,0,2016-01-01,1.7,5.7,61.2,68.59999999999992,336.29999999999984,551.9000000000001,-59.5,0.4999999999999999,0.8660254037844387,0,JAN,0,0.04726673,0,TRUE_NEGATIVE
South Interior Karnataka,2001,11.0,3,40.0,352.6,800.0,936.4,53.6965811965812,-13.6965811965812,-25.50736171906089,13.6965811965812,0,-0.3071784662561323,0,2001-11-01,122.7,189.9,152.0,464.6,790.4,910.5,-29.3,-0.5000000000000004,0.8660254037844384,0,NOV,0,0.047264665,0,TRUE_NEGATIVE
Coastal Karnataka,2009,1.0,0,0.4,33.199999999999434,1394.4000000000003,3206.8,1.918103448275862,-1.5181034482758622,-79.14606741573034,1.5181034482758622,0,-0.3628049281553335,0,2009-01-01,13.5,19.3,91.6,124.39999999999942,2081.8,3206.4,-78.1,0.4999999999999999,0.8660254037844387,0,JAN,0,0.0472467,0,TRUE_NEGATIVE
Sub Himalayan West Bengal & Sikkim,2010,11.0,3,7.9,382.2000000000014,1995.000000000001,2615.9,15.846153846153848,-7.946153846153846,-50.14563106796116,7.946153846153846,0,-0.3500081728151938,0,2010-11-01,66.2,308.1,461.3,835.6000000000014,2323.000000000001,2617.1,-395.1,-0.5000000000000004,0.8660254037844384,0,NOV,0,0.047237996,0,TRUE_NEGATIVE
Orissa,2000,11.0,3,1.6,186.1999999999993,965.8,1097.1,27.82905982905983,-26.22905982905983,-94.25061425061423,26.22905982905983,0,-0.713558632770065,0,2000-11-01,26.6,158.0,273.6,458.19999999999936,1038.9,1109.4,-247.00000000000003,-0.5000000000000004,0.8660254037844384,0,NOV,0,0.047227167,0,TRUE_NEGATIVE
Gujarat Region,2009,3.0,1,0.3,0.3000000000002273,14.299999999999772,911.3999999999996,1.205128205128205,-0.905128205128205,-75.1063829787234,0.905128205128205,0,-0.1907798866101276,0,2009-03-01,0.0,0.0,2.3,2.300000000000227,218.29999999999976,911.0999999999996,-2.3,1.0,6.123233995736766e-17,0,MAR,0,0.04718378,0,TRUE_NEGATIVE
East Rajasthan,2012,1.0,0,1.9,1.9,452.4,803.9000000000002,6.38974358974359,-4.48974358974359,-70.26484751203851,4.48974358974359,0,-0.5493701282709907,0,2012-01-01,0.0,0.0,0.0,0.0,644.1,802.0000000000002,0.0,0.4999999999999999,0.8660254037844387,0,JAN,0,0.047173817,0,TRUE_NEGATIVE
Orissa,2005,10.0,3,206.9,750.6999999999995,1405.3000000000002,1485.7,113.82649572649574,93.07350427350428,81.76787283089422,0.0,0,1.2334669301201928,0,2005-10-01,342.8,201.0,410.3,954.0999999999996,1219.3,1428.4,-67.5,-0.8660254037844386,0.5000000000000001,0,OCT,0,0.047132026,0,TRUE_NEGATIVE
Lakshadweep,2003,12.0,3,7.5,405.2000000000003,982.1999999999998,1532.8999999999996,61.82142857142857,-54.32142857142857,-87.8682842287695,54.32142857142857,0,-0.8826911929040105,0,2003-12-01,206.1,191.6,84.3,482.0000000000002,1339.1999999999998,1542.7999999999995,121.8,-2.4492935982947064e-16,1.0,0,DEC,0,0.047131516,0,TRUE_NEGATIVE
Saurashtra & Kutch,2007,4.0,1,0.0,1.9999999999999432,2.900000000000228,701.9,1.1632478632478631,-1.1632478632478631,-100.0,1.1632478632478631,0,-0.1904632649251258,0,2007-04-01,0.1,1.9,0.0,1.9999999999999432,4.300000000000227,701.9,0.1,0.8660254037844387,-0.4999999999999998,0,APR,0,0.047092415,0,TRUE_NEGATIVE
Rayalseema,2006,11.0,3,78.6,311.7000000000004,512.6999999999999,699.8,101.22991452991452,-22.62991452991453,-22.354967536031207,22.62991452991453,0,-0.31274589887436,0,2006-11-01,88.4,144.7,72.0,305.1000000000004,496.8,766.0000000000001,16.400000000000006,-0.5000000000000004,0.8660254037844384,0,NOV,0,0.04703552,0,TRUE_NEGATIVE
West Madhya Pradesh,2001,9.0,2,27.5,495.5999999999997,721.6,726.2000000000003,160.56923076923076,-133.06923076923076,-82.87343106256587,133.06923076923076,0,-1.388838165217129,0,2001-09-01,198.9,269.2,203.6,671.6999999999997,695.2,730.3000000000002,-4.699999999999989,-1.0,-1.8369701987210294e-16,0,SEP,0,0.047010455,0,TRUE_NEGATIVE
East Uttar Pradesh,2012,2.0,0,1.2,21.500000000000227,168.5,799.0000000000001,15.614529914529916,-14.414529914529917,-92.3148502928458,14.414529914529917,0,-0.8366951289507222,0,2012-02-01,20.3,0.0,0.0,20.300000000000228,399.4,800.5000000000001,20.3,0.8660254037844386,0.5000000000000001,0,FEB,0,0.04700556,0,TRUE_NEGATIVE
Tamil Nadu,2006,12.0,3,26.1,481.6,704.9000000000001,927.8,81.14615384615385,-55.04615384615385,-67.83581382121528,55.04615384615385,0,-0.8410060913447448,0,2006-12-01,215.1,240.4,116.3,571.8,736.0,1050.2,98.8,-2.4492935982947064e-16,1.0,0,DEC,0,0.046988793,0,TRUE_NEGATIVE
Uttarakhand,2004,9.0,2,96.8,823.9999999999998,1072.1999999999991,1172.6,195.52051282051283,-98.72051282051284,-50.49112821790619,98.72051282051284,0,-0.9373954580312068,0,2004-09-01,326.3,400.9,130.7,857.8999999999999,975.3999999999992,1315.6999999999998,195.6,-1.0,-1.8369701987210294e-16,0,SEP,0,0.04694667,0,TRUE_NEGATIVE
Assam & Meghalaya,2007,10.0,3,164.7,967.3999999999996,2359.6,2736.8,152.4974358974359,12.202564102564082,8.001815919561475,0.0,0,0.1778126229939014,0,2007-10-01,494.7,308.0,682.7,1485.4,2437.5999999999995,2669.7000000000003,-188.00000000000009,-0.8660254037844386,0.5000000000000001,0,OCT,0,0.046936795,0,TRUE_NEGATIVE
Sub Himalayan West Bengal & Sikkim,2012,10.0,3,119.4,886.8000000000014,2377.900000000001,2643.4,143.94358974358977,-24.543589743589763,-17.050839003883297,24.543589743589763,0,-0.2770583267907737,0,2012-10-01,434.7,332.7,684.5,1451.9000000000017,2418.300000000001,2570.7,-249.8,-0.8660254037844386,0.5000000000000001,0,OCT,0,0.0469142,0,TRUE_NEGATIVE
North Interior Karnataka,2004,1.0,0,2.6,8.99999999999983,269.39999999999986,475.8,2.964102564102564,-0.3641025641025641,-12.283737024221454,0.3641025641025641,0,-0.0591524634941545,0,2004-01-01,2.2,4.2,92.1,98.49999999999984,361.1999999999998,473.5,-89.89999999999999,0.4999999999999999,0.8660254037844387,0,JAN,0,0.046887495,0,TRUE_NEGATIVE
North Interior Karnataka,2002,1.0,0,3.8,7.699999999999829,441.0999999999999,599.6,2.964102564102564,0.8358974358974356,28.20069204152248,0.0,0,0.1358007260499606,0,2002-01-01,1.4,2.5,137.5,141.39999999999984,499.3999999999998,597.9,-136.1,0.4999999999999999,0.8660254037844387,0,JAN,0,0.046879258,0,TRUE_NEGATIVE
Jharkhand,2014,1.0,0,9.9,9.899999999999771,742.9000000000003,1262.3000000000002,17.471794871794874,-7.571794871794873,-43.33724684473144,7.571794871794873,0,-0.3720486062459459,0,2014-01-01,0.0,0.0,281.1,281.0999999999998,944.1000000000004,1253.5,-281.1,0.4999999999999999,0.8660254037844387,0,JAN,0,0.046860404,0,TRUE_NEGATIVE
North Interior Karnataka,2015,10.0,3,61.2,290.3999999999999,463.79999999999984,583.6,95.56239316239316,-34.36239316239315,-35.95807097882082,34.36239316239315,0,-0.6225123933729955,0,2015-10-01,150.8,78.4,38.5,267.69999999999993,453.3999999999999,602.7,112.3,-0.8660254037844386,0.5000000000000001,0,OCT,0,0.046851184,0,TRUE_NEGATIVE
Matathwada,2007,1.0,0,0.0,4.600000000000113,562.9999999999999,872.9000000000001,4.915384615384616,-4.915384615384616,-100.0,4.915384615384616,0,-0.4649132222062268,0,2007-01-01,0.0,4.6,47.7,52.30000000000012,679.1999999999998,872.9000000000001,-47.7,0.4999999999999999,0.8660254037844387,0,JAN,0,0.046789654,0,TRUE_NEGATIVE
Saurashtra & Kutch,2002,9.0,2,15.1,140.59999999999988,307.0000000000002,314.5999999999999,74.9957264957265,-59.8957264957265,-79.86551940281498,59.8957264957265,0,-0.8116515020561658,0,2002-09-01,117.5,8.0,166.4,291.89999999999986,291.9000000000002,320.0999999999999,-48.900000000000006,-1.0,-1.8369701987210294e-16,0,SEP,0,0.046753492,0,TRUE_NEGATIVE
Andaman & Nicobar Islands,2000,12.0,3,115.2,594.6999999999996,1481.8999999999994,2763.1,157.46697247706425,-42.26697247706424,-26.841801688427463,42.26697247706424,0,-0.3221114859041327,0,2000-12-01,158.3,321.2,250.1,729.5999999999997,1723.6999999999991,2793.6,-91.79999999999998,-2.4492935982947064e-16,1.0,0,DEC,0,0.046730172,0,TRUE_NEGATIVE
Konkan & Goa,2009,2.0,0,0.0,2.400000000000228,611.8000000000008,3052.899999999999,0.5384615384615384,-0.5384615384615384,-100.0,0.5384615384615384,0,-0.2650766723091717,0,2009-02-01,0.0,2.4,0.9,3.300000000000227,1444.9000000000008,3052.9999999999995,-0.9,0.8660254037844386,0.5000000000000001,0,FEB,0,0.046715733,0,TRUE_NEGATIVE
South Interior Karnataka,2003,10.0,3,192.4,396.5,686.8,767.0,138.47606837606838,53.92393162393162,38.94097532974934,0.0,0,0.879942389410971,0,2003-10-01,51.9,152.2,162.5,366.6,530.8,743.0,-110.6,-0.8660254037844386,0.5000000000000001,0,OCT,0,0.04666338,0,TRUE_NEGATIVE
Assam & Meghalaya,2010,12.0,3,7.6,135.39999999999978,1255.7999999999993,2711.4000000000005,8.955555555555556,-1.355555555555556,-15.136476426799014,1.355555555555556,0,-0.1402505023443674,0,2010-12-01,11.6,116.2,318.3,446.0999999999998,1817.8999999999996,2707.8000000000006,-306.7,-2.4492935982947064e-16,1.0,0,DEC,0,0.046605952,0,TRUE_NEGATIVE
Saurashtra & Kutch,2004,3.0,1,0.0,0.1999999999998863,3.200000000000228,685.9999999999999,1.276923076923077,-1.276923076923077,-100.0,1.276923076923077,0,-0.2262333753033426,0,2004-03-01,0.0,0.2,0.0,0.1999999999998863,24.900000000000222,685.9999999999999,0.0,1.0,6.123233995736766e-17,0,MAR,0,0.046514675,0,TRUE_NEGATIVE
North Interior Karnataka,2015,1.0,0,2.4,41.49999999999992,417.19999999999976,759.0999999999999,2.964102564102564,-0.5641025641025643,-19.031141868512115,0.5641025641025643,0,-0.0916446617515071,0,2015-01-01,14.1,25.0,80.3,119.3999999999999,551.5999999999999,756.6999999999999,-66.2,0.4999999999999999,0.8660254037844387,0,JAN,0,0.0464883,0,TRUE_NEGATIVE
Coastal Andhra Pradesh,2015,1.0,0,2.0,32.09999999999997,550.0000000000005,876.7,7.377777777777778,-5.377777777777778,-72.89156626506025,5.377777777777778,0,-0.4695373546408333,0,2015-01-01,6.4,23.7,195.6,225.7,699.8000000000004,875.1,-189.2,0.4999999999999999,0.8660254037844387,0,JAN,0,0.04646178,0,TRUE_NEGATIVE
Coastal Karnataka,2012,10.0,3,115.1,1524.6999999999996,2953.1000000000004,3138.3,183.64615384615385,-68.54615384615383,-37.325123565384935,68.54615384615383,0,-0.8433783689625517,0,2012-10-01,382.0,1027.6,754.6,2164.2,2915.0000000000005,3202.0,-372.6,-0.8660254037844386,0.5000000000000001,0,OCT,0,0.04638892,0,TRUE_NEGATIVE
Vidarbha,2007,1.0,0,0.1,11.199999999999545,652.1000000000004,1215.6,10.390598290598293,-10.290598290598291,-99.03759151106358,10.290598290598291,0,-0.6845447047770765,0,2007-01-01,0.0,11.1,43.7,54.79999999999955,1012.8000000000004,1215.5,-43.7,0.4999999999999999,0.8660254037844387,0,JAN,0,0.04638846,0,TRUE_NEGATIVE
West Uttar Pradesh,2008,2.0,0,0.2,2.4999999999998863,61.29999999999983,506.2999999999999,17.614529914529914,-17.414529914529915,-98.86457372992382,17.414529914529915,0,-0.8744897605208941,0,2008-02-01,0.9,1.4,0.0,2.299999999999886,213.2999999999998,572.9999999999999,0.9,0.8660254037844386,0.5000000000000001,0,FEB,0,0.046371903,0,TRUE_NEGATIVE
East Uttar Pradesh,2012,1.0,0,20.3,20.300000000000228,399.4,800.5000000000001,15.866666666666667,4.433333333333334,27.94117647058824,0.0,0,0.3041194694373959,0,2012-01-01,0.0,0.0,0.6,0.6000000000002274,577.0,781.2000000000002,-0.6,0.4999999999999999,0.8660254037844387,0,JAN,0,0.04637132,0,TRUE_NEGATIVE
Coastal Karnataka,2013,10.0,3,265.1,1324.4,4093.1,4234.2,183.64615384615385,81.4538461538462,44.353690206919694,0.0,0,1.0021920714784491,0,2013-10-01,379.1,680.2,1515.3,2574.6,3856.500000000001,4084.2,-1136.1999999999998,-0.8660254037844386,0.5000000000000001,0,OCT,0,0.046319686,0,TRUE_NEGATIVE
Haryana Delhi & Chandigarh,2011,1.0,0,0.7,17.0,400.5,636.2999999999998,16.89316239316239,-16.193162393162392,-95.85631166202884,16.193162393162392,0,-1.04181593760779,0,2011-01-01,12.8,3.5,1.1,17.4,589.0999999999999,640.3999999999997,11.7,0.4999999999999999,0.8660254037844387,0,JAN,0,0.04625043,0,TRUE_NEGATIVE
Himachal Pradesh,2016,10.0,3,5.3,334.79999999999984,700.3000000000002,958.8,30.791452991452992,-25.49145299145299,-82.78743129961694,25.49145299145299,0,-0.5119108108176968,0,2016-10-01,56.8,272.7,194.0,523.4999999999998,742.5000000000001,971.2,-137.2,-0.8660254037844386,0.5000000000000001,0,OCT,0,0.046155065,0,TRUE_NEGATIVE
Rayalseema,2012,2.0,0,0.0,37.8000000000004,323.4,728.0,5.582905982905984,-5.582905982905984,-100.0,5.582905982905984,0,-0.4823320431067022,0,2012-02-01,2.7,35.1,106.9,144.7000000000004,487.0,740.1,-104.2,0.8660254037844386,0.5000000000000001,0,FEB,0,0.046154186,0,TRUE_NEGATIVE
North Interior Karnataka,2009,10.0,3,168.6,519.5999999999999,829.5999999999999,892.3,95.56239316239316,73.03760683760684,76.42923583285635,0.0,0,1.323156254683513,0,2009-10-01,215.6,135.4,134.9,485.8999999999999,678.3999999999999,777.8000000000001,80.69999999999999,-0.8660254037844386,0.5000000000000001,0,OCT,0,0.04609344,0,TRUE_NEGATIVE
Vidarbha,2001,1.0,0,8.9,9.399999999999602,360.6000000000002,1114.0,10.390598290598293,-1.4905982905982906,-14.345644484659044,1.4905982905982906,0,-0.0991566416221945,0,2001-01-01,0.5,0.0,11.0,11.499999999999602,823.8000000000002,1105.2000000000005,-10.5,0.4999999999999999,0.8660254037844387,0,JAN,0,0.04607927,0,TRUE_NEGATIVE
Konkan & Goa,2002,10.0,3,75.3,1126.9000000000003,2531.1,2537.099999999999,113.6982905982906,-38.3982905982906,-33.77209137994543,38.3982905982906,0,-0.4353581314537892,0,2002-10-01,217.1,834.5,452.8,1504.4000000000003,2458.6000000000004,2553.399999999999,-235.7,-0.8660254037844386,0.5000000000000001,0,OCT,0,0.046039138,0,TRUE_NEGATIVE
Coastal Karnataka,2015,12.0,3,14.3,346.99999999999955,2113.4000000000005,3105.9,12.508547008547009,1.7914529914529922,14.321831226511792,0.0,0,0.0758935492596501,0,2015-12-01,124.2,208.5,260.3,592.9999999999995,2834.4,3122.4,-136.10000000000002,-2.4492935982947064e-16,1.0,0,DEC,0,0.04603465,0,TRUE_NEGATIVE
Naga Mani Mizo Tripura,2007,12.0,3,10.1,273.2000000000002,1503.6,2538.3,12.783760683760685,-2.683760683760685,-20.99351474226116,2.683760683760685,0,-0.1359783837880932,0,2007-12-01,82.6,180.5,426.6,689.7000000000003,1939.8,2531.9,-344.0,-2.4492935982947064e-16,1.0,0,DEC,0,0.04603272,0,TRUE_NEGATIVE
Saurashtra & Kutch,2001,5.0,1,0.9,1.0999999999998864,1.2000000000002276,284.2,4.593162393162393,-3.693162393162393,-80.40565686639376,3.693162393162393,0,-0.2244776591096515,0,2001-05-01,0.2,0.0,0.0,0.1999999999998863,0.3000000000002274,286.19999999999993,0.2,0.4999999999999999,-0.8660254037844387,0,MAY,0,0.046030864,0,TRUE_NEGATIVE
Saurashtra & Kutch,2009,4.0,1,0.0,0.0,8.3000000000002,607.0999999999999,1.1632478632478631,-1.1632478632478631,-100.0,1.1632478632478631,0,-0.1904632649251258,0,2009-04-01,0.0,0.0,0.0,0.0,14.1000000000002,607.5999999999999,0.0,0.8660254037844387,-0.4999999999999998,0,APR,0,0.0460225,0,TRUE_NEGATIVE
Jharkhand,2011,1.0,0,3.3,27.99999999999983,398.7000000000003,700.1999999999999,17.471794871794874,-14.171794871794871,-81.11241561491047,14.171794871794871,0,-0.6963469850055343,0,2011-01-01,20.0,4.7,55.1,79.79999999999983,565.6000000000003,697.1,-35.1,0.4999999999999999,0.8660254037844387,0,JAN,0,0.045981195,0,TRUE_NEGATIVE
Orissa,2004,11.0,3,1.8,299.4999999999994,1190.3,1319.2,27.82905982905983,-26.02905982905983,-93.53194103194105,26.02905982905983,0,-0.7081176551870295,0,2004-11-01,149.6,148.1,346.4,644.0999999999993,1218.1999999999998,1328.4,-196.8,-0.5000000000000004,0.8660254037844384,0,NOV,0,0.04597637,0,TRUE_NEGATIVE
West Rajasthan,2014,3.0,1,4.7,7.7,18.800000000000228,362.6,4.011111111111111,0.6888888888888891,17.17451523545707,0.0,0,0.0888843884556861,0,2014-03-01,2.2,0.8,0.0,3.0,72.80000000000022,362.1000000000001,2.2,1.0,6.123233995736766e-17,0,MAR,0,0.04586571,0,TRUE_NEGATIVE
Naga Mani Mizo Tripura,2011,11.0,3,2.4,353.3000000000002,1408.4,1925.5,46.87008547008547,-44.47008547008547,-94.87946314599364,44.47008547008547,0,-0.8818653702527635,0,2011-11-01,92.6,258.3,367.6,718.5000000000002,1740.9,1932.3,-275.0,-0.5000000000000004,0.8660254037844384,0,NOV,0,0.045842607,0,TRUE_NEGATIVE
Sub Himalayan West Bengal & Sikkim,2006,10.0,3,118.4,870.2000000000013,2057.100000000001,2243.2,143.94358974358977,-25.543589743589763,-17.74555559514056,25.543589743589763,0,-0.2883467458723033,0,2006-10-01,456.8,295.0,470.2,1222.0000000000014,2058.000000000001,2395.9,-13.399999999999975,-0.8660254037844386,0.5000000000000001,0,OCT,0,0.045830574,0,TRUE_NEGATIVE
Madhya Maharashtra,2007,1.0,0,1.3,26.8,725.5999999999998,1396.9,3.0025641025641026,-1.7025641025641025,-56.70367207514945,1.7025641025641025,0,-0.257150544476702,0,2007-01-01,0.0,25.5,60.1,85.6,1140.6999999999996,1395.6,-60.1,0.4999999999999999,0.8660254037844387,0,JAN,0,0.045814715,0,TRUE_NEGATIVE
Lakshadweep,2004,11.0,3,107.6,501.0000000000002,1202.5,1558.4999999999998,123.43909090909092,-15.839090909090912,-12.831503207323452,15.839090909090912,0,-0.2059410299135469,0,2004-11-01,193.4,200.0,169.5,562.9000000000002,1425.1,1656.9999999999998,23.90000000000001,-0.5000000000000004,0.8660254037844384,0,NOV,0,0.045798898,0,TRUE_NEGATIVE
Gujarat Region,2016,4.0,1,0.0,0.6000000000002842,0.8999999999997725,610.1999999999997,1.0974358974358975,-1.0974358974358975,-100.0,1.0974358974358975,0,-0.2779302288792669,0,2016-04-01,0.6,0.0,0.0,0.6000000000002842,3.0999999999997727,615.6999999999997,0.6,0.8660254037844387,-0.4999999999999998,0,APR,0,0.045787904,0,TRUE_NEGATIVE
Coastal Karnataka,2007,1.0,0,0.0,97.39999999999932,1569.1000000000006,3836.3,1.918103448275862,-1.918103448275862,-100.0,1.918103448275862,0,-0.4583991852047797,0,2007-01-01,0.0,97.4,212.0,309.3999999999993,2669.9,3837.3,-212.0,0.4999999999999999,0.8660254037844387,0,JAN,0,0.045754887,0,TRUE_NEGATIVE
Konkan & Goa,2003,10.0,3,54.4,946.8000000000004,2837.2000000000003,2843.599999999999,113.6982905982906,-59.2982905982906,-52.1540739849805,59.2982905982906,0,-0.6723214130377163,0,2003-10-01,298.7,593.7,1013.9,1906.3000000000009,2784.0,2864.499999999999,-715.2,-0.8660254037844386,0.5000000000000001,0,OCT,0,0.045737423,0,TRUE_NEGATIVE
Matathwada,2009,2.0,0,0.0,0.1000000000001136,301.9999999999999,646.1000000000001,4.394017094017094,-4.394017094017094,-100.0,4.394017094017094,0,-0.5072915134607713,0,2009-02-01,0.0,0.1,0.3,0.4000000000001137,452.7999999999999,646.2000000000002,-0.3,0.8660254037844386,0.5000000000000001,0,FEB,0,0.04569305,0,TRUE_NEGATIVE
West Madhya Pradesh,2003,1.0,0,1.1,7.799999999999716,472.4000000000001,685.0000000000002,9.167521367521369,-8.067521367521367,-88.00111877680403,8.067521367521367,0,-0.7219377085802573,0,2003-01-01,0.8,5.9,5.9,12.599999999999715,518.2,684.3000000000002,-5.1000000000000005,0.4999999999999999,0.8660254037844387,0,JAN,0,0.045688663,0,TRUE_NEGATIVE
West Madhya Pradesh,2009,2.0,0,0.0,5.499999999999716,165.60000000000022,796.2000000000003,6.217241379310345,-6.217241379310345,-100.0,6.217241379310345,0,-0.6952566449912545,0,2009-02-01,5.5,0.0,7.5,12.999999999999716,371.40000000000026,796.2000000000003,-2.0,0.8660254037844386,0.5000000000000001,0,FEB,0,0.0456825,0,TRUE_NEGATIVE
Punjab,2003,1.0,0,10.6,14.299999999999915,170.29999999999998,282.9000000000001,25.23247863247863,-14.632478632478632,-57.99065103990244,14.632478632478632,0,-0.6579643475885864,0,2003-01-01,3.7,0.0,2.6,6.2999999999999154,210.1,274.70000000000005,1.1,0.4999999999999999,0.8660254037844387,0,JAN,0,0.045671143,0,TRUE_NEGATIVE
Naga Mani Mizo Tripura,2011,10.0,3,92.6,718.5000000000002,1740.9,1932.3,175.45299145299143,-82.85299145299146,-47.222330475448175,82.85299145299146,0,-1.0243662628867796,0,2011-10-01,258.3,367.6,313.3,939.2000000000004,1729.4,2059.9,-55.0,-0.8660254037844386,0.5000000000000001,0,OCT,0,0.045619026,0,TRUE_NEGATIVE
Andaman & Nicobar Islands,2016,11.0,3,181.7,1073.1999999999996,2031.499999999999,2448.1,233.01818181818183,-51.31818181818184,-22.02325218476905,51.31818181818184,0,-0.439794970255904,0,2016-11-01,287.2,604.3,227.7,1119.1999999999996,2040.8999999999987,2502.7,59.5,-0.5000000000000004,0.8660254037844384,0,NOV,0,0.045615215,0,TRUE_NEGATIVE
Coastal Andhra Pradesh,2010,11.0,3,210.9,645.4,1369.0000000000005,1575.6,77.08290598290598,133.817094017094,173.60151684832624,0.0,0,1.7671999067946011,0,2010-11-01,204.0,230.5,248.6,683.1,1320.1000000000004,1467.3,-44.6,-0.5000000000000004,0.8660254037844384,0,NOV,0,0.04560791,0,TRUE_NEGATIVE
Coastal Andhra Pradesh,2001,10.0,3,196.0,553.8999999999999,844.9000000000003,950.4,183.9017094017094,12.098290598290587,6.578672181813951,0.0,0,0.1203115273611696,0,2001-10-01,187.2,170.7,123.0,480.8999999999999,703.0000000000003,824.0,64.19999999999999,-0.8660254037844386,0.5000000000000001,0,OCT,0,0.04557326,0,TRUE_NEGATIVE
Gujarat Region,2013,3.0,1,0.1,1.0000000000002274,8.099999999999772,714.7999999999997,1.205128205128205,-1.105128205128205,-91.70212765957446,1.105128205128205,0,-0.2329352156627903,0,2013-03-01,0.9,0.0,0.0,0.9000000000002274,271.79999999999984,714.6999999999997,0.9,1.0,6.123233995736766e-17,0,MAR,0,0.0455164,0,TRUE_NEGATIVE
Assam & Meghalaya,2002,12.0,3,7.9,126.8,1214.0999999999997,2392.6,8.955555555555556,-1.0555555555555554,-11.786600496277911,1.0555555555555554,0,-0.1092114567435647,0,2002-12-01,69.4,49.5,209.7,328.6,1708.6999999999996,2387.0,-140.29999999999998,-2.4492935982947064e-16,1.0,0,DEC,0,0.045497056,0,TRUE_NEGATIVE
Gangetic West Bengal,2008,11.0,3,0.0,339.60000000000025,1344.7,1555.1999999999998,21.56153846153846,-21.56153846153846,-100.0,21.56153846153846,0,-0.6981217879172209,0,2008-11-01,72.3,267.3,252.2,591.8000000000002,1439.1,1579.8,-179.89999999999998,-0.5000000000000004,0.8660254037844384,0,NOV,0,0.045335975,0,TRUE_NEGATIVE
Rayalseema,2007,12.0,3,81.8,294.0000000000004,750.6999999999999,980.6,34.202564102564104,47.59743589743589,139.1633555738811,0.0,0,1.2700223724781092,0,2007-12-01,35.3,176.9,186.0,398.2000000000004,877.0999999999999,918.8,-150.7,-2.4492935982947064e-16,1.0,0,DEC,0,0.045247294,0,TRUE_NEGATIVE
East Uttar Pradesh,2016,2.0,0,1.3,11.500000000000227,45.7,575.8000000000002,15.614529914529916,-14.314529914529915,-91.67442115058296,14.314529914529915,0,-0.830890603004251,0,2016-02-01,5.3,4.9,0.5,10.700000000000228,220.2,578.6000000000001,4.8,0.8660254037844386,0.5000000000000001,0,FEB,0,0.045210395,0,TRUE_NEGATIVE
Coastal Karnataka,2000,1.0,0,14.9,28.199999999999548,1071.3000000000002,3794.7,1.918103448275862,12.981896551724136,676.8089887640449,0.0,0,3.102486889887091,0,2000-01-01,0.5,12.8,338.2,351.49999999999955,2582.3,3779.8,-337.7,0.4999999999999999,0.8660254037844387,0,JAN,0,0.045166202,0,TRUE_NEGATIVE
Konkan & Goa,2000,2.0,0,0.0,1.2000000000004547,478.7000000000002,2913.299999999999,0.5384615384615384,-0.5384615384615384,-100.0,0.5384615384615384,0,-0.2650766723091717,0,2000-02-01,1.2,0.0,0.7,1.9000000000004549,762.4000000000002,2913.299999999999,0.5,0.8660254037844386,0.5000000000000001,0,FEB,0,0.04516108,0,TRUE_NEGATIVE
Lakshadweep,2006,10.0,3,119.1,588.3000000000003,1375.4,1673.6999999999996,165.50884955752213,-46.40884955752213,-28.04010159069644,46.40884955752213,0,-0.5676966682390638,0,2006-10-01,318.5,150.7,172.3,641.5000000000002,1256.6,1718.7999999999995,146.2,-0.8660254037844386,0.5000000000000001,0,OCT,0,0.045119915,0,TRUE_NEGATIVE
Himachal Pradesh,2011,11.0,3,0.3,126.59999999999988,802.8000000000002,1159.4,16.46923076923077,-16.16923076923077,-98.17842129845866,16.16923076923077,0,-0.6991668313436007,0,2011-11-01,6.0,120.3,380.2,506.4999999999999,847.6000000000001,1169.9,-374.2,-0.5000000000000004,0.8660254037844384,0,NOV,0,0.04511981,0,TRUE_NEGATIVE
Lakshadweep,2005,10.0,3,164.2,544.6000000000003,1264.7999999999995,1440.2999999999995,165.50884955752213,-1.3088495575221373,-0.7908033685336265,1.3088495575221373,0,-0.0160105139454174,0,2005-10-01,278.0,102.4,378.9,759.3000000000002,1137.6,1469.4999999999998,-100.89999999999998,-0.8660254037844386,0.5000000000000001,0,OCT,0,0.045113806,0,TRUE_NEGATIVE
Tamil Nadu,2008,1.0,0,11.7,310.7999999999999,785.3,1071.6,23.75213675213676,-12.052136752136754,-50.74127383951063,12.052136752136754,0,-0.3759237935216805,0,2008-01-01,219.9,79.2,248.9,548.0,874.5999999999999,1067.1,-29.0,0.4999999999999999,0.8660254037844387,0,JAN,0,0.045044158,0,TRUE_NEGATIVE
Sub Himalayan West Bengal & Sikkim,2013,11.0,3,16.1,523.9000000000013,1933.500000000001,2410.8,15.846153846153848,0.2538461538461547,1.601941747572821,0.0,0,0.011181287224493,0,2013-11-01,199.8,308.0,416.3,924.1000000000014,2213.900000000001,2407.2,-216.5,-0.5000000000000004,0.8660254037844384,0,NOV,0,0.045005027,0,TRUE_NEGATIVE
Konkan & Goa,2005,2.0,0,0.1,1.4000000000004549,337.80000000000024,2987.499999999999,0.5384615384615384,-0.4384615384615384,-81.42857142857143,0.4384615384615384,0,-0.2158481474517541,0,2005-02-01,1.3,0.0,10.2,11.500000000000457,1349.2000000000005,2987.399999999999,-8.899999999999999,0.8660254037844386,0.5000000000000001,0,FEB,0,0.044991575,0,TRUE_NEGATIVE
West Rajasthan,2012,9.0,2,92.0,299.1,324.3000000000002,324.90000000000003,39.92820512820513,52.07179487179487,130.41356280503467,0.0,0,1.3373830529795458,0,2012-09-01,166.7,40.4,5.3,212.4,232.3000000000002,349.20000000000005,161.39999999999998,-1.0,-1.8369701987210294e-16,0,SEP,0,0.044988174,0,TRUE_NEGATIVE
Uttarakhand,2012,9.0,2,220.6,1027.1999999999998,1121.499999999999,1207.2,195.52051282051283,25.07948717948716,12.827036313325364,0.0,0,0.2381409567284804,0,2012-09-01,419.5,387.1,46.0,852.5999999999999,928.9999999999992,1135.0,373.5,-1.0,-1.8369701987210294e-16,0,SEP,0,0.044942018,0,TRUE_NEGATIVE
Tamil Nadu,2003,1.0,0,0.3,59.69999999999993,212.1,315.4,23.75213675213676,-23.452136752136752,-98.73695573947462,23.452136752136752,0,-0.7315064868052897,0,2003-01-01,12.2,47.2,93.7,153.0999999999999,223.59999999999997,318.0,-81.5,0.4999999999999999,0.8660254037844387,0,JAN,0,0.044924848,0,TRUE_NEGATIVE
Coastal Karnataka,2011,10.0,3,178.8,1585.2999999999995,3733.500000000001,4059.4,183.64615384615385,-4.846153846153811,-2.6388539834128992,4.846153846153811,0,-0.0596261219219399,0,2011-10-01,545.2,861.3,1080.5,2486.9999999999995,3620.8,4175.3,-535.3,-0.8660254037844386,0.5000000000000001,0,OCT,0,0.044906892,0,TRUE_NEGATIVE
Matathwada,2010,2.0,0,5.8,18.50000000000012,300.6999999999999,679.0000000000001,4.394017094017094,1.4059829059829054,31.99766582376968,0.0,0,0.1623214432295211,0,2010-02-01,4.3,8.4,63.3,76.00000000000011,462.4999999999999,673.2,-59.0,0.8660254037844386,0.5000000000000001,0,FEB,0,0.04489853,0,TRUE_NEGATIVE
Coastal Andhra Pradesh,2003,2.0,0,19.4,25.599999999999884,260.3000000000003,700.8,12.71025641025641,6.689743589743589,52.63264071010691,0.0,0,0.3363302756594811,0,2003-02-01,6.2,0.0,14.3,20.499999999999886,414.4000000000003,681.4,-8.100000000000001,0.8660254037844386,0.5000000000000001,0,FEB,0,0.044874813,0,TRUE_NEGATIVE
Rayalseema,2008,1.0,0,6.4,123.5000000000004,673.3,987.0,9.8,-3.3999999999999986,-34.6938775510204,3.3999999999999986,0,-0.1792773203868812,0,2008-01-01,81.8,35.3,176.9,294.0000000000004,750.6999999999999,980.6,-95.1,0.4999999999999999,0.8660254037844387,0,JAN,0,0.04485523,0,TRUE_NEGATIVE
Gujarat Region,2003,9.0,2,109.5,942.8000000000004,1152.1,1159.0999999999997,147.77179487179487,-38.27179487179487,-25.89925560896045,38.27179487179487,0,-0.3392050010830939,0,2003-09-01,314.6,518.7,209.3,1042.6000000000004,1042.6999999999998,1163.2999999999995,105.3,-1.0,-1.8369701987210294e-16,0,SEP,0,0.044773847,0,TRUE_NEGATIVE
Madhya Maharashtra,2002,11.0,3,5.9,138.0,706.9999999999998,740.7,25.553846153846155,-19.65384615384616,-76.91149909692956,19.65384615384616,0,-0.5800945707770628,0,2002-11-01,36.3,95.8,221.5,353.6,715.4999999999998,740.5000000000001,-185.2,-0.5000000000000004,0.8660254037844384,0,NOV,0,0.04474411,0,TRUE_NEGATIVE
Naga Mani Mizo Tripura,2005,10.0,3,194.3,821.7000000000003,1572.5,1817.5,175.45299145299143,18.84700854700856,10.741913484021827,0.0,0,0.2330180162878997,0,2005-10-01,292.6,334.8,301.5,928.9000000000002,1476.3000000000002,1755.9,-8.899999999999977,-0.8660254037844386,0.5000000000000001,0,OCT,0,0.044688012,0,TRUE_NEGATIVE
Coastal Karnataka,2004,10.0,3,104.7,1133.5999999999997,2986.7000000000003,3028.4,183.64615384615385,-78.94615384615382,-42.98818798693138,78.94615384615382,0,-0.9713379194997942,0,2004-10-01,154.4,874.5,718.1,1746.9999999999995,2906.7000000000003,3107.4,-563.7,-0.8660254037844386,0.5000000000000001,0,OCT,0,0.044682276,0,TRUE_NEGATIVE
Rayalseema,2013,2.0,0,30.6,93.8000000000004,363.6,744.3,5.582905982905984,25.017094017094017,448.10165339865273,0.0,0,2.161337860032635,0,2013-02-01,1.3,61.9,86.6,149.8000000000004,453.0,713.6999999999999,-85.3,0.8660254037844386,0.5000000000000001,0,FEB,0,0.04467286,0,TRUE_NEGATIVE
West Rajasthan,2000,8.0,2,39.6,219.39999999999995,227.10000000000025,242.20000000000005,94.94786324786324,-55.34786324786324,-58.29290028715713,55.34786324786324,0,-0.8313016685008013,0,2000-08-01,171.6,8.2,4.3,184.1,188.00000000000023,264.1,167.29999999999998,-0.8660254037844385,-0.5000000000000004,0,AUG,0,0.044630777,0,TRUE_NEGATIVE
Coastal Karnataka,2007,10.0,3,152.8,1763.6999999999991,3781.2,3919.4,183.64615384615385,-30.84615384615381,-16.79651503727903,30.84615384615381,0,-0.3795249982650466,0,2007-10-01,630.5,980.4,1004.4,2615.2999999999997,3668.6,3978.6,-373.9,-0.8660254037844386,0.5000000000000001,0,OCT,0,0.044604477,0,TRUE_NEGATIVE
Matathwada,2017,1.0,0,0.0,0.2000000000001705,492.4999999999999,949.1,4.915384615384616,-4.915384615384616,-100.0,4.915384615384616,0,-0.4649132222062268,0,2017-01-01,0.2,0.0,100.8,101.00000000000016,768.5999999999999,949.1,-100.6,0.4999999999999999,0.8660254037844387,0,JAN,0,0.04451368,0,TRUE_NEGATIVE
Haryana Delhi & Chandigarh,2005,1.0,0,13.9,15.1,344.20000000000005,475.6999999999998,16.89316239316239,-2.9931623931623914,-17.718188717429793,2.9931623931623914,0,-0.1925704324660867,0,2005-01-01,1.2,0.0,54.1,55.3,350.2,487.19999999999976,-52.9,0.4999999999999999,0.8660254037844387,0,JAN,0,0.044510942,0,TRUE_NEGATIVE
Punjab,2000,3.0,1,6.9,58.89999999999989,59.69999999999997,370.2000000000001,23.666666666666668,-16.766666666666666,-70.8450704225352,16.766666666666666,0,-0.7376265785136604,0,2000-03-01,26.6,25.4,0.2,52.19999999999989,83.49999999999997,367.6,26.4,1.0,6.123233995736766e-17,0,MAR,0,0.04449761,0,TRUE_NEGATIVE
Coastal Karnataka,2002,11.0,3,20.7,544.1999999999996,2585.7000000000003,2793.5,62.809401709401705,-42.10940170940171,-67.04315048920218,42.10940170940171,0,-0.7651667197484825,0,2002-11-01,360.0,163.5,731.3,1254.7999999999995,2729.0,2821.4,-371.3,-0.5000000000000004,0.8660254037844384,0,NOV,0,0.04448799,0,TRUE_NEGATIVE
West Madhya Pradesh,2001,1.0,0,2.1,2.299999999999716,171.29999999999998,615.5000000000002,9.167521367521369,-7.067521367521367,-77.09304493753496,7.067521367521367,0,-0.6324507799820053,0,2001-01-01,0.2,0.0,1.2,1.3999999999997157,489.7,613.5000000000002,-1.0,0.4999999999999999,0.8660254037844387,0,JAN,0,0.044442084,0,TRUE_NEGATIVE
Bihar,2011,2.0,0,7.7,14.000000000000398,158.29999999999956,639.9,14.152991452991454,-6.452991452991454,-45.594540733136064,6.452991452991454,0,-0.4285774238322608,0,2011-02-01,4.2,2.1,5.0,11.3000000000004,308.99999999999955,633.3000000000001,-0.7999999999999998,0.8660254037844386,0.5000000000000001,0,FEB,0,0.04441789,0,TRUE_NEGATIVE
Tamil Nadu,2016,2.0,0,0.8,156.0999999999999,766.9,1197.3000000000002,13.209401709401709,-12.409401709401708,-93.94370753801356,12.409401709401708,0,-0.639645086740851,0,2016-02-01,2.5,152.8,379.8,535.0999999999999,847.7,1198.8000000000002,-377.3,0.8660254037844386,0.5000000000000001,0,FEB,0,0.04439087,0,TRUE_NEGATIVE
West Madhya Pradesh,2007,1.0,0,1.7,13.299999999999716,727.0000000000002,1170.9,9.167521367521369,-7.467521367521367,-81.45627447324259,7.467521367521367,0,-0.668245551421306,0,2007-01-01,3.0,8.6,13.7,25.299999999999716,1024.3000000000002,1169.2,-10.7,0.4999999999999999,0.8660254037844387,0,JAN,0,0.044332176,0,TRUE_NEGATIVE
Sub Himalayan West Bengal & Sikkim,2000,11.0,3,22.6,571.3000000000015,2293.3000000000006,2911.4,15.846153846153848,6.753846153846155,42.62135922330098,0.0,0,0.2974900055486351,0,2000-11-01,82.9,465.8,498.1,1046.8000000000015,2597.2000000000007,2899.5,-415.2000000000001,-0.5000000000000004,0.8660254037844384,0,NOV,0,0.04432254,0,TRUE_NEGATIVE
South Interior Karnataka,2002,10.0,3,168.4,398.4,700.1,778.5,138.47606837606838,29.923931623931622,21.60946073560181,0.0,0,0.4883051940160642,0,2002-10-01,74.9,155.1,92.6,322.6,552.3,732.8,-17.69999999999999,-0.8660254037844386,0.5000000000000001,0,OCT,0,0.044313572,0,TRUE_NEGATIVE
West Madhya Pradesh,2013,2.0,0,31.1,32.79999999999972,229.20000000000024,1061.8000000000004,6.217241379310345,24.882758620689657,400.2218524681087,0.0,0,2.7825690239916208,0,2013-02-01,1.7,0.0,0.0,1.6999999999997155,539.3000000000002,1030.7000000000005,1.7,0.8660254037844386,0.5000000000000001,0,FEB,0,0.0443028,0,TRUE_NEGATIVE
West Rajasthan,2000,3.0,1,0.3,1.2999999999999716,8.900000000000228,195.9000000000001,4.011111111111111,-3.7111111111111112,-92.5207756232687,3.7111111111111112,0,-0.4788288023257928,0,2000-03-01,0.5,0.5,0.0,0.9999999999999716,15.100000000000229,195.80000000000004,0.5,1.0,6.123233995736766e-17,0,MAR,0,0.044228513,0,TRUE_NEGATIVE
West Uttar Pradesh,2003,2.0,0,40.4,69.49999999999989,294.6999999999998,629.8,17.614529914529914,22.785470085470084,129.35610655538844,0.0,0,1.1441974245755344,0,2003-02-01,18.6,10.5,0.4,29.49999999999989,506.5999999999999,626.9999999999999,18.200000000000003,0.8660254037844386,0.5000000000000001,0,FEB,0,0.04418412,0,TRUE_NEGATIVE
Naga Mani Mizo Tripura,2012,10.0,3,160.9,752.3000000000001,1592.1,1893.2,175.45299145299143,-14.55299145299145,-8.294524551831643,14.55299145299145,0,-0.1799282464892319,0,2012-10-01,248.7,342.7,280.1,871.5000000000001,1674.6999999999998,1824.9,-31.400000000000038,-0.8660254037844386,0.5000000000000001,0,OCT,0,0.044151727,0,TRUE_NEGATIVE
Andaman & Nicobar Islands,2014,12.0,3,100.4,704.1999999999997,1906.2999999999995,2622.5,157.46697247706425,-57.06697247706424,-36.240597999289214,57.06697247706424,0,-0.4349004961406256,0,2014-12-01,201.2,402.6,412.9,1016.6999999999996,2222.499999999999,2614.4,-211.7,-2.4492935982947064e-16,1.0,0,DEC,0,0.044137996,0,TRUE_NEGATIVE
Punjab,2006,1.0,0,15.0,14.999999999999917,217.4,531.2,25.23247863247863,-10.232478632478632,-40.55280807533365,10.232478632478632,0,-0.4601138533487474,0,2006-01-01,0.0,0.0,0.4,0.3999999999999147,379.1,552.0000000000001,-0.4,0.4999999999999999,0.8660254037844387,0,JAN,0,0.044116616,0,TRUE_NEGATIVE
Assam & Meghalaya,2015,12.0,3,15.2,91.79999999999988,1262.6999999999994,2471.0000000000005,8.955555555555556,6.244444444444444,69.72704714640197,0.0,0,0.6460719862092987,0,2015-12-01,14.0,62.6,279.9,356.4999999999999,1805.9999999999995,2456.2000000000003,-265.9,-2.4492935982947064e-16,1.0,0,DEC,0,0.04410398,0,TRUE_NEGATIVE
Assam & Meghalaya,2011,10.0,3,30.2,554.3999999999999,1504.4999999999995,1747.3000000000002,152.4974358974359,-122.2974358974359,-80.19638833776104,122.2974358974359,0,-1.7820867548470554,0,2011-10-01,221.6,302.6,395.8,919.9999999999998,1566.3999999999994,1833.3000000000004,-174.20000000000002,-0.8660254037844386,0.5000000000000001,0,OCT,0,0.044057474,0,TRUE_NEGATIVE
Arunachal Pradesh,2014,10.0,3,35.1,977.700000000001,2084.899999999999,2400.7000000000003,194.79381443298968,-159.69381443298968,-81.98094734056629,159.69381443298968,0,-1.1030047108526675,0,2014-10-01,343.0,599.6,392.4,1335.000000000001,2136.499999999999,2529.7,-49.39999999999998,-0.8660254037844386,0.5000000000000001,0,OCT,0,0.04405685,0,TRUE_NEGATIVE
West Madhya Pradesh,2007,2.0,0,11.5,16.199999999999715,236.60000000000025,1182.4,6.217241379310345,5.282758620689655,84.96949528563503,0.0,0,0.5907560621889083,0,2007-02-01,1.7,3.0,8.6,13.299999999999716,727.0000000000002,1170.9,-6.9,0.8660254037844386,0.5000000000000001,0,FEB,0,0.043976218,0,TRUE_NEGATIVE
Rayalseema,2004,12.0,3,0.0,190.0000000000004,489.69999999999993,741.7,34.202564102564104,-34.202564102564104,-100.0,34.202564102564104,0,-0.9126126394702097,0,2004-12-01,65.6,124.4,153.7,343.7000000000004,529.5,751.3,-88.1,-2.4492935982947064e-16,1.0,0,DEC,0,0.043954916,0,TRUE_NEGATIVE
Saurashtra & Kutch,2016,7.0,2,110.0,142.3999999999999,142.70000000000016,236.8,195.7282051282052,-85.72820512820513,-43.79961747058978,85.72820512820513,0,-0.7141230666078984,0,2016-07-01,31.3,1.1,0.0,32.399999999999885,32.70000000000017,353.49999999999994,31.3,-0.4999999999999997,-0.8660254037844388,0,JUL,0,0.043936044,0,TRUE_NEGATIVE
Coastal Karnataka,2002,12.0,3,0.3,380.9999999999996,1821.5,2793.2000000000003,12.508547008547009,-12.208547008547008,-97.60163990433892,12.208547008547008,0,-0.5172058481034552,0,2002-12-01,20.7,360.0,163.5,544.1999999999996,2585.7000000000003,2793.5,-142.8,-2.4492935982947064e-16,1.0,0,DEC,0,0.04392425,0,TRUE_NEGATIVE
West Rajasthan,2004,9.0,2,8.6,129.79999999999995,174.10000000000022,176.80000000000004,39.92820512820513,-31.328205128205127,-78.46134086822502,31.328205128205127,0,-0.8046162173184996,0,2004-09-01,94.3,26.9,33.5,154.69999999999996,165.50000000000023,182.10000000000005,60.8,-1.0,-1.8369701987210294e-16,0,SEP,0,0.043858815,0,TRUE_NEGATIVE
Konkan & Goa,2011,12.0,3,0.0,123.40000000000045,2963.700000000001,3825.199999999999,4.653846153846154,-4.653846153846154,-100.0,4.653846153846154,0,-0.3278917703611876,0,2011-12-01,3.1,120.3,468.3,591.7000000000005,3820.700000000001,3826.599999999999,-465.2,-2.4492935982947064e-16,1.0,0,DEC,0,0.043801706,0,TRUE_NEGATIVE
Uttarakhand,2007,10.0,3,25.1,853.4999999999999,1595.0999999999992,1933.7,38.53846153846154,-13.43846153846154,-34.87025948103793,13.43846153846154,0,-0.2342217590586413,0,2007-10-01,325.6,502.8,522.9,1351.3,1611.0999999999992,1927.4,-197.29999999999995,-0.8660254037844386,0.5000000000000001,0,OCT,0,0.043794926,0,TRUE_NEGATIVE
Chhattisgarh,2013,10.0,3,180.9,658.4000000000005,1346.5,1445.1,63.78034188034188,117.11965811965813,183.6297120190826,0.0,0,2.387006382486295,0,2013-10-01,140.9,336.6,418.8,896.3000000000005,1211.4,1284.0,-277.9,-0.8660254037844386,0.5000000000000001,0,OCT,0,0.043794032,0,TRUE_NEGATIVE
West Rajasthan,2005,3.0,1,8.7,24.29999999999997,44.60000000000022,218.70000000000005,4.011111111111111,4.688888888888888,116.89750692520776,0.0,0,0.6049872891661213,0,2005-03-01,14.2,1.4,1.6,17.19999999999997,44.50000000000023,210.00000000000009,12.6,1.0,6.123233995736766e-17,0,MAR,0,0.0437388,0,TRUE_NEGATIVE
Haryana Delhi & Chandigarh,2002,2.0,0,31.1,42.900000000000006,64.4,505.0999999999997,17.14786324786325,13.952136752136752,81.36370433135622,0.0,0,0.7399242589436461,0,2002-02-01,11.6,0.2,0.1,11.9,136.8,479.19999999999976,11.5,0.8660254037844386,0.5000000000000001,0,FEB,0,0.043683987,0,TRUE_NEGATIVE
Andaman & Nicobar Islands,2007,12.0,3,85.6,518.8999999999996,1933.799999999999,2748.2,157.46697247706425,-71.86697247706425,-45.63939431015097,71.86697247706425,0,-0.5476895063771187,0,2007-12-01,223.9,209.4,486.4,919.6999999999996,2226.499999999999,2737.0,-262.5,-2.4492935982947064e-16,1.0,0,DEC,0,0.04364523,0,TRUE_NEGATIVE
North Interior Karnataka,2010,11.0,3,71.9,273.1999999999999,784.2999999999998,865.8,28.77692307692308,43.12307692307693,149.85298048650094,0.0,0,1.246436507023208,0,2010-11-01,82.1,119.2,207.5,408.79999999999984,751.8999999999999,836.1999999999999,-125.4,-0.5000000000000004,0.8660254037844384,0,NOV,0,0.04361126,0,TRUE_NEGATIVE
South Interior Karnataka,2016,1.0,0,3.6,146.10000000000005,553.3,1114.4,2.952136752136752,0.6478632478632482,21.94557035321368,0.0,0,0.1357824369581713,0,2016-01-01,4.4,138.1,106.1,248.60000000000005,661.6999999999999,1112.4999999999998,-101.7,0.4999999999999999,0.8660254037844387,0,JAN,0,0.04353631,0,TRUE_NEGATIVE
East Rajasthan,2011,12.0,3,0.0,0.0,644.1,802.0000000000002,3.617948717948718,-3.617948717948718,-100.0,3.617948717948718,0,-0.5399419387222018,0,2011-12-01,0.0,0.0,166.4,166.4,785.0000000000001,807.0000000000002,-166.4,-2.4492935982947064e-16,1.0,0,DEC,0,0.043479435,0,TRUE_NEGATIVE
Madhya Maharashtra,2000,2.0,0,1.1,1.5,348.0999999999998,960.6,1.448717948717949,-0.3487179487179486,-24.070796460176982,0.3487179487179486,0,-0.1204940860936765,0,2000-02-01,0.4,0.0,0.0,0.4,432.39999999999975,966.2,0.4,0.8660254037844386,0.5000000000000001,0,FEB,0,0.04346772,0,TRUE_NEGATIVE
Coastal Karnataka,2008,10.0,3,91.6,1361.1999999999994,2964.0000000000005,3211.9,183.64615384615385,-92.04615384615384,-50.12147105637932,92.04615384615384,0,-1.1325177379649751,0,2008-10-01,383.3,886.3,687.8,1957.3999999999996,2905.8,3273.1000000000004,-304.49999999999994,-0.8660254037844386,0.5000000000000001,0,OCT,0,0.04345862,0,TRUE_NEGATIVE
Sub Himalayan West Bengal & Sikkim,2011,11.0,3,26.7,429.7000000000015,1932.1000000000008,2416.7000000000003,15.846153846153848,10.853846153846153,68.49514563106796,0.0,0,0.4780847355684784,0,2011-11-01,46.7,356.3,470.3,873.3000000000015,2153.200000000001,2397.9,-423.6,-0.5000000000000004,0.8660254037844384,0,NOV,0,0.043395847,0,TRUE_NEGATIVE
Coastal Andhra Pradesh,2002,1.0,0,28.0,110.09999999999988,664.0000000000003,1032.9,7.377777777777778,20.62222222222222,279.5180722891566,0.0,0,1.80053993845741,0,2002-01-01,4.1,78.0,196.0,278.0999999999999,759.0000000000003,1009.5,-191.9,0.4999999999999999,0.8660254037844387,0,JAN,0,0.04327393,0,TRUE_NEGATIVE
Telangana,2012,1.0,0,6.7,10.900000000000114,358.2999999999996,759.8,7.581196581196581,-0.8811965811965807,-11.623449830890635,0.8811965811965807,0,-0.063890525765308,0,2012-01-01,0.0,4.2,13.9,18.100000000000115,619.7999999999995,753.1,-13.9,0.4999999999999999,0.8660254037844387,0,JAN,0,0.04324447,0,TRUE_NEGATIVE
Lakshadweep,2010,10.0,3,155.4,652.0000000000003,1386.6,1740.6999999999998,165.50884955752213,-10.10884955752212,-6.107739607004409,10.10884955752212,0,-0.1236565928319824,0,2010-10-01,161.5,335.1,336.7,833.3000000000004,1266.7999999999995,1672.6999999999998,-175.2,-0.8660254037844386,0.5000000000000001,0,OCT,0,0.04323944,0,TRUE_NEGATIVE
Coastal Karnataka,2013,12.0,3,10.0,331.9999999999998,2906.6000000000004,4229.5,12.508547008547009,-2.5085470085470085,-20.054663477963786,2.5085470085470085,0,-0.1062726942161608,0,2013-12-01,56.9,265.1,379.1,701.0999999999998,4049.6,4223.1,-322.20000000000005,-2.4492935982947064e-16,1.0,0,DEC,0,0.043193415,0,TRUE_NEGATIVE
Assam & Meghalaya,2010,10.0,3,116.2,821.4999999999998,2199.7,2705.2000000000007,152.4974358974359,-36.2974358974359,-23.80199751151764,36.2974358974359,0,-0.5289168924357371,0,2010-10-01,318.3,387.0,415.1,1120.4,2472.8,2724.9,-96.8,-0.8660254037844386,0.5000000000000001,0,OCT,0,0.04318417,0,TRUE_NEGATIVE
Saurashtra & Kutch,2009,9.0,2,8.8,523.8999999999999,592.0000000000002,606.1,74.9957264957265,-66.1957264957265,-88.26599806256768,66.1957264957265,0,-0.8970232766738204,0,2009-09-01,106.0,409.1,68.1,583.1999999999999,583.2000000000003,828.8999999999999,37.900000000000006,-1.0,-1.8369701987210294e-16,0,SEP,0,0.043128043,0,TRUE_NEGATIVE
Matathwada,2005,11.0,3,0.0,314.0000000000001,911.3,940.5,22.07350427350428,-22.07350427350428,-100.0,22.07350427350428,0,-0.6402921374344326,0,2005-11-01,100.5,213.5,124.1,438.10000000000014,913.4,967.7000000000002,-23.599999999999994,-0.5000000000000004,0.8660254037844384,0,NOV,0,0.043092526,0,TRUE_NEGATIVE
Haryana Delhi & Chandigarh,2004,2.0,0,0.3,36.7,95.7,578.4999999999999,17.14786324786325,-16.84786324786325,-98.25051089069431,16.84786324786325,0,-0.8934934447621387,0,2004-02-01,25.4,11.0,0.1,36.5,260.7,608.0999999999998,25.3,0.8660254037844386,0.5000000000000001,0,FEB,0,0.04307914,0,TRUE_NEGATIVE
Rayalseema,2003,12.0,3,9.6,196.8000000000004,621.5,725.4,34.202564102564104,-24.602564102564106,-71.93192893020466,24.602564102564106,0,-0.6564598752317761,0,2003-12-01,11.7,175.5,124.9,312.1000000000004,669.3,728.6999999999999,-113.2,-2.4492935982947064e-16,1.0,0,DEC,0,0.043058693,0,TRUE_NEGATIVE
Lakshadweep,2000,10.0,3,141.4,625.8000000000002,1151.2999999999995,1404.9999999999998,165.50884955752213,-24.10884955752212,-14.56650180457158,24.10884955752212,0,-0.294911718333336,0,2000-10-01,164.5,319.9,95.5,579.9000000000001,1057.8,1568.5999999999997,69.0,-0.8660254037844386,0.5000000000000001,0,OCT,0,0.043045767,0,TRUE_NEGATIVE
Rayalseema,2011,11.0,3,106.9,285.6000000000004,622.5999999999999,749.8000000000001,101.22991452991452,5.670085470085482,5.601195552140776,0.0,0,0.0783607014817581,0,2011-11-01,107.5,71.2,163.6,342.3000000000004,548.6999999999999,818.0,-56.1,-0.5000000000000004,0.8660254037844384,0,NOV,0,0.04301898,0,TRUE_NEGATIVE
Konkan & Goa,2002,1.0,0,0.0,3.100000000000455,913.9000000000002,2389.8,1.2410256410256408,-1.2410256410256408,-100.0,1.2410256410256408,0,-0.3220005701600948,0,2002-01-01,0.0,3.1,91.6,94.70000000000044,1787.3000000000002,2395.399999999999,-91.6,0.4999999999999999,0.8660254037844387,0,JAN,0,0.043013595,0,TRUE_NEGATIVE
Tamil Nadu,2004,1.0,0,2.8,69.39999999999995,230.8,351.0,23.75213675213676,-20.952136752136752,-88.21158690176321,20.952136752136752,0,-0.6535278259974806,0,2004-01-01,7.1,59.5,86.0,152.59999999999994,266.7,348.50000000000006,-78.9,0.4999999999999999,0.8660254037844387,0,JAN,0,0.04300263,0,TRUE_NEGATIVE
Konkan & Goa,2014,10.0,3,98.7,1176.2000000000005,2728.900000000001,2741.599999999999,113.6982905982906,-14.998290598290597,-13.19130702789659,14.998290598290597,0,-0.170049959728244,0,2014-10-01,419.5,658.0,1293.2,2370.7000000000007,2630.900000000001,2792.199999999999,-873.7,-0.8660254037844386,0.5000000000000001,0,OCT,0,0.04299797,0,TRUE_NEGATIVE
West Rajasthan,2000,9.0,2,5.7,216.9,232.50000000000023,241.4000000000001,39.92820512820513,-34.228205128205126,-85.72437708707936,34.228205128205126,0,-0.8790982063336594,0,2000-09-01,39.6,171.6,8.2,219.39999999999995,227.10000000000025,242.20000000000005,31.4,-1.0,-1.8369701987210294e-16,0,SEP,0,0.042984948,0,TRUE_NEGATIVE
Telangana,2000,9.0,2,70.7,712.1000000000003,1030.4,1106.7,176.36324786324786,-105.66324786324786,-59.91228282730378,105.66324786324786,0,-1.3719975929756918,0,2000-09-01,420.5,220.9,253.2,894.6000000000003,960.6999999999998,1213.6,167.3,-1.0,-1.8369701987210294e-16,0,SEP,0,0.042983472,0,TRUE_NEGATIVE
Punjab,2004,9.0,2,8.9,185.1999999999999,276.7,322.0,85.99059829059829,-77.09059829059828,-89.6500313093262,77.09059829059828,0,-0.8882098878945959,0,2004-09-01,124.2,52.1,48.8,225.0999999999999,267.8,365.30000000000007,75.4,-1.0,-1.8369701987210294e-16,0,SEP,0,0.042960785,0,TRUE_NEGATIVE
West Madhya Pradesh,2013,9.0,2,98.9,1016.5999999999996,1283.5000000000002,1326.9000000000003,160.56923076923076,-61.66923076923075,-38.40663025773689,61.66923076923075,0,-0.6436392606824511,0,2013-09-01,432.6,485.1,263.7,1181.3999999999996,1193.1000000000004,1422.3000000000002,168.90000000000003,-1.0,-1.8369701987210294e-16,0,SEP,0,0.042911123,0,TRUE_NEGATIVE
Naga Mani Mizo Tripura,2006,10.0,3,90.4,563.1000000000003,1725.9,1881.6,175.45299145299143,-85.05299145299145,-48.47622759158223,85.05299145299145,0,-1.0515663161235964,0,2006-10-01,231.1,241.6,335.0,807.7000000000003,1746.6,1985.5,-103.9,-0.8660254037844386,0.5000000000000001,0,OCT,0,0.042823385,0,TRUE_NEGATIVE
Haryana Delhi & Chandigarh,2012,8.0,2,196.6,270.0,285.7,427.5999999999998,150.05299145299145,46.54700854700855,31.020380264521936,0.0,0,0.5950368227723937,0,2012-08-01,68.1,5.3,3.8,77.20000000000002,89.3,358.2999999999997,64.3,-0.8660254037844385,-0.5000000000000004,0,AUG,0,0.042766243,0,TRUE_NEGATIVE
Naga Mani Mizo Tripura,2008,10.0,3,150.2,732.5000000000002,1594.0,1835.7,175.45299145299143,-25.252991452991463,-14.39302416212004,25.252991452991463,0,-0.3122194145046605,0,2008-10-01,223.7,358.6,333.3,915.6000000000004,1498.7,1866.0,-109.60000000000002,-0.8660254037844386,0.5000000000000001,0,OCT,0,0.04273909,0,TRUE_NEGATIVE
Rayalseema,2014,10.0,3,104.6,301.1000000000004,482.7999999999999,542.5,135.02478632478633,-30.42478632478634,-22.53274169351624,30.42478632478634,0,-0.4341178716481065,0,2014-10-01,81.4,115.1,68.7,265.20000000000044,383.3,607.2,12.700000000000005,-0.8660254037844386,0.5000000000000001,0,OCT,0,0.042685512,0,TRUE_NEGATIVE
Assam & Meghalaya,2004,12.0,3,6.6,353.8999999999999,1805.7,2994.2000000000003,8.955555555555556,-2.355555555555556,-26.302729528535984,2.355555555555556,0,-0.2437139876803761,0,2004-12-01,6.5,340.8,317.2,664.4999999999998,2196.999999999999,3006.2000000000003,-310.7,-2.4492935982947064e-16,1.0,0,DEC,0,0.04266157,0,TRUE_NEGATIVE
West Uttar Pradesh,2012,1.0,0,14.5,16.499999999999886,351.1999999999998,789.6999999999998,17.57008547008547,-3.07008547008547,-17.473366736391498,3.07008547008547,0,-0.1952206717364682,0,2012-01-01,1.5,0.5,0.7,2.6999999999998865,552.5999999999998,777.2999999999998,0.8,0.4999999999999999,0.8660254037844387,0,JAN,0,0.042634636,0,TRUE_NEGATIVE
West Rajasthan,2005,9.0,2,75.8,186.2,236.20000000000024,280.80000000000007,39.92820512820513,35.87179487179487,89.84073978936551,0.0,0,0.92131125227417,0,2005-09-01,24.3,86.1,29.2,139.59999999999997,169.10000000000022,213.60000000000005,-4.899999999999999,-1.0,-1.8369701987210294e-16,0,SEP,0,0.042597156,0,TRUE_NEGATIVE
Sub Himalayan West Bengal & Sikkim,2007,11.0,3,8.8,546.9000000000013,2130.7000000000007,2644.6,15.846153846153848,-7.046153846153846,-44.46601941747573,7.046153846153846,0,-0.3103654272010818,0,2007-11-01,79.5,458.6,412.4,950.5000000000014,2337.000000000001,2656.1000000000004,-332.9,-0.5000000000000004,0.8660254037844384,0,NOV,0,0.042579666,0,TRUE_NEGATIVE
Haryana Delhi & Chandigarh,2016,1.0,0,0.0,2.5000000000000284,127.5,423.0999999999999,16.89316239316239,-16.89316239316239,-100.0,16.89316239316239,0,-1.0868516840925773,0,2016-01-01,0.2,2.3,3.7,6.200000000000029,257.8,435.49999999999983,-3.5,0.4999999999999999,0.8660254037844387,0,JAN,0,0.04253359,0,TRUE_NEGATIVE
West Rajasthan,2003,9.0,2,13.9,295.9,343.30000000000024,376.4,39.92820512820513,-26.02820512820513,-65.18751605445672,26.02820512820513,0,-0.6684939615321731,0,2003-09-01,93.6,188.4,45.2,327.19999999999993,330.2000000000003,383.1000000000001,48.39999999999999,-1.0,-1.8369701987210294e-16,0,SEP,0,0.042511236,0,TRUE_NEGATIVE
Coastal Karnataka,2016,10.0,3,77.4,774.5999999999996,2595.1000000000004,2738.1000000000004,183.64615384615385,-106.24615384615382,-57.85373209349082,106.24615384615382,0,-1.3072317396600563,0,2016-10-01,225.9,471.3,763.1,1460.2999999999995,2521.5000000000005,2869.2000000000003,-537.2,-0.8660254037844386,0.5000000000000001,0,OCT,0,0.042475313,0,TRUE_NEGATIVE
East Rajasthan,2009,1.0,0,0.5,3.0,286.6,644.9000000000002,6.38974358974359,-5.88974358974359,-92.1749598715891,5.88974358974359,0,-0.7206757193823334,0,2009-01-01,0.1,2.4,3.0,5.5,452.2,644.5000000000002,-2.9,0.4999999999999999,0.8660254037844387,0,JAN,0,0.042450894,0,TRUE_NEGATIVE
Matathwada,2012,2.0,0,0.0,0.0,114.79999999999993,659.9000000000002,4.394017094017094,-4.394017094017094,-100.0,4.394017094017094,0,-0.5072915134607713,0,2012-02-01,0.0,0.0,0.0,0.0,343.2999999999999,663.7000000000002,0.0,0.8660254037844386,0.5000000000000001,0,FEB,0,0.042439915,0,TRUE_NEGATIVE
Tamil Nadu,2009,1.0,0,7.9,356.4999999999999,796.4000000000001,1199.6,23.75213675213676,-15.852136752136753,-66.73983447283194,15.852136752136753,0,-0.4944513579495502,0,2009-01-01,50.1,298.5,242.7,591.2999999999998,861.6,1203.4,-192.6,0.4999999999999999,0.8660254037844387,0,JAN,0,0.04242675,0,TRUE_NEGATIVE
East Rajasthan,2001,9.0,2,7.7,405.5,534.9999999999999,536.8000000000001,97.04358974358976,-89.34358974358975,-92.06542130155626,89.34358974358975,0,-1.269799537562161,0,2001-09-01,126.4,271.4,100.2,498.0,527.6,557.8000000000002,26.200000000000003,-1.0,-1.8369701987210294e-16,0,SEP,0,0.042424403,0,TRUE_NEGATIVE
Rayalseema,2014,2.0,0,0.7,3.5000000000004263,374.6,731.6,5.582905982905984,-4.882905982905983,-87.46172688303734,4.882905982905983,0,-0.4218559342113579,0,2014-02-01,0.2,2.6,38.6,41.400000000000425,484.19999999999993,761.5,-38.4,0.8660254037844386,0.5000000000000001,0,FEB,0,0.04230549,0,TRUE_NEGATIVE
Saurashtra & Kutch,2011,2.0,0,1.4,1.3999999999998862,264.90000000000015,1121.1999999999998,1.588034188034188,-0.188034188034188,-11.840688912809473,0.188034188034188,0,-0.0443600076197659,0,2011-02-01,0.0,0.0,64.3,64.29999999999988,654.8000000000002,1119.8,-64.3,0.8660254037844386,0.5000000000000001,0,FEB,0,0.042299822,0,TRUE_NEGATIVE
Saurashtra & Kutch,2017,9.0,2,41.8,563.8999999999999,645.8000000000002,710.6,74.9957264957265,-33.195726495726504,-44.26349079719643,33.195726495726504,0,-0.449837790581344,0,2017-09-01,153.5,368.6,81.8,603.8999999999999,604.0000000000002,728.4000000000001,71.7,-1.0,-1.8369701987210294e-16,0,SEP,0,0.042253252,0,TRUE_NEGATIVE
Konkan & Goa,2006,1.0,0,0.0,0.1000000000004547,1527.6000000000004,3614.499999999999,1.2410256410256408,-1.2410256410256408,-100.0,1.2410256410256408,0,-0.3220005701600948,0,2006-01-01,0.1,0.0,76.5,76.60000000000045,2868.5000000000005,3615.7999999999993,-76.4,0.4999999999999999,0.8660254037844387,0,JAN,0,0.042238794,0,TRUE_NEGATIVE
Haryana Delhi & Chandigarh,2000,3.0,1,1.4,47.600000000000016,52.8,358.2999999999998,12.952991452991451,-11.552991452991453,-89.19168591224019,11.552991452991453,0,-0.7627590517213492,0,2000-03-01,29.1,17.1,0.4,46.600000000000016,106.1,358.2999999999998,28.700000000000003,1.0,6.123233995736766e-17,0,MAR,0,0.042217586,0,TRUE_NEGATIVE
Matathwada,2008,2.0,0,0.1,0.2000000000001137,249.29999999999987,714.8000000000001,4.394017094017094,-4.294017094017095,-97.72417817545224,4.294017094017095,0,-0.4957464624833524,0,2008-02-01,0.1,0.0,7.5,7.600000000000113,395.3999999999999,714.7000000000002,-7.4,0.8660254037844386,0.5000000000000001,0,FEB,0,0.042185437,0,TRUE_NEGATIVE
Matathwada,2014,1.0,0,1.4,21.90000000000017,407.1999999999999,887.8000000000002,4.915384615384616,-3.515384615384616,-71.51799687010954,3.515384615384616,0,-0.3324966237061747,0,2014-01-01,13.1,7.4,94.3,114.80000000000015,699.1999999999998,887.9000000000002,-81.2,0.4999999999999999,0.8660254037844387,0,JAN,0,0.042177875,0,TRUE_NEGATIVE
Telangana,2005,11.0,3,3.9,386.3000000000002,1028.5999999999997,1144.2,19.92478632478632,-16.024786324786323,-80.42638984214139,16.024786324786323,0,-0.6120389685263539,0,2005-11-01,136.1,246.3,126.9,509.3000000000002,1044.3999999999996,1145.6,9.199999999999989,-0.5000000000000004,0.8660254037844384,0,NOV,0,0.042161938,0,TRUE_NEGATIVE
Lakshadweep,2001,11.0,3,101.5,420.2000000000003,1047.2999999999995,1374.9999999999998,123.43909090909092,-21.939090909090908,-17.77321166861831,21.939090909090908,0,-0.2852536804742941,0,2001-11-01,105.2,213.5,144.3,463.0000000000003,1133.1,1329.7999999999995,-39.10000000000001,-0.5000000000000004,0.8660254037844384,0,NOV,0,0.042154476,0,TRUE_NEGATIVE
East Uttar Pradesh,2007,2.0,0,46.6,48.20000000000017,109.99999999999994,678.8000000000002,15.614529914529916,30.985470085470084,198.4399802944879,0.0,0,1.7985596507471406,0,2007-02-01,0.1,1.5,1.2,2.8000000000001704,210.09999999999997,632.2000000000002,-1.1,0.8660254037844386,0.5000000000000001,0,FEB,0,0.042146575,0,TRUE_NEGATIVE
Gujarat Region,2015,4.0,1,5.5,11.600000000000284,14.699999999999772,712.0999999999997,1.0974358974358975,4.402564102564103,401.1682242990654,0.0,0,1.1149677639852833,0,2015-04-01,6.1,0.0,1.8,7.900000000000284,12.499999999999773,707.5999999999997,4.3,0.8660254037844387,-0.4999999999999998,0,APR,0,0.042091016,0,TRUE_NEGATIVE
Coastal Karnataka,2011,2.0,0,3.8,19.599999999999547,1014.2000000000004,3680.5,1.4923076923076923,2.3076923076923075,154.63917525773195,0.0,0,0.4917855734687453,0,2011-02-01,4.8,11.0,231.5,247.2999999999996,1647.9000000000003,3677.1,-226.7,0.8660254037844386,0.5000000000000001,0,FEB,0,0.042088956,0,TRUE_NEGATIVE
Lakshadweep,2015,10.0,3,165.4,472.2000000000004,1159.4,1374.1999999999998,165.50884955752213,-0.1088495575221202,-0.0657666087421445,0.1088495575221202,0,-0.0013315031881583,0,2015-10-01,160.4,146.4,257.5,564.3000000000004,1081.1,1377.9999999999998,-97.1,-0.8660254037844386,0.5000000000000001,0,OCT,0,0.04207727,0,TRUE_NEGATIVE
North Interior Karnataka,2016,10.0,3,28.7,253.6999999999999,603.0999999999998,628.3000000000001,95.56239316239316,-66.86239316239315,-69.96726531196336,66.86239316239315,0,-1.211285494507414,0,2016-10-01,155.0,70.0,162.6,387.5999999999999,585.3999999999999,660.8,-7.599999999999994,-0.8660254037844386,0.5000000000000001,0,OCT,0,0.04205626,0,TRUE_NEGATIVE
Arunachal Pradesh,2007,10.0,3,102.6,996.5000000000008,2538.099999999999,3080.8,194.79381443298968,-92.19381443298968,-47.32892299550146,92.19381443298968,0,-0.6367824075849554,0,2007-10-01,529.3,364.6,761.0,1654.900000000001,2727.899999999999,3055.4,-231.70000000000005,-0.8660254037844386,0.5000000000000001,0,OCT,0,0.04202608,0,TRUE_NEGATIVE
North Interior Karnataka,2002,10.0,3,126.4,296.79999999999984,500.29999999999984,530.9000000000001,95.56239316239316,30.837606837606856,32.26960503720666,0.0,0,0.5586570279797454,0,2002-10-01,52.2,118.2,54.7,225.09999999999985,388.5999999999999,542.0,-2.5,-0.8660254037844386,0.5000000000000001,0,OCT,0,0.04201133,0,TRUE_NEGATIVE
Sub Himalayan West Bengal & Sikkim,2005,11.0,3,8.8,509.8000000000014,2225.100000000001,2811.6,15.846153846153848,-7.046153846153846,-44.46601941747573,7.046153846153846,0,-0.3103654272010818,0,2005-11-01,271.1,229.9,564.5,1065.5000000000014,2470.300000000001,2811.8,-293.4,-0.5000000000000004,0.8660254037844384,0,NOV,0,0.042002175,0,TRUE_NEGATIVE
Gujarat Region,2012,3.0,1,0.0,0.1000000000002273,0.4999999999997726,890.1999999999997,1.205128205128205,-1.205128205128205,-100.0,1.205128205128205,0,-0.2540128801891217,0,2012-03-01,0.0,0.1,0.0,0.1000000000002273,162.99999999999977,890.1999999999997,0.0,1.0,6.123233995736766e-17,0,MAR,0,0.041998226,0,TRUE_NEGATIVE
North Interior Karnataka,2009,11.0,3,42.3,426.4999999999999,808.7999999999998,904.8,28.77692307692308,13.52307692307692,46.99278267842823,0.0,0,0.3908732392698535,0,2009-11-01,168.6,215.6,135.4,519.5999999999999,829.5999999999999,892.3,33.19999999999999,-0.5000000000000004,0.8660254037844384,0,NOV,0,0.04199577,0,TRUE_NEGATIVE
Rayalseema,2014,11.0,3,37.8,223.8000000000004,473.8999999999999,541.7,101.22991452991452,-63.42991452991453,-62.6592591967173,63.42991452991453,0,-0.8766027644054418,0,2014-11-01,104.6,81.4,115.1,301.1000000000004,482.7999999999999,542.5,-10.5,-0.5000000000000004,0.8660254037844384,0,NOV,0,0.0419689,0,TRUE_NEGATIVE
East Uttar Pradesh,2010,2.0,0,10.0,15.200000000000228,240.6,621.1000000000001,15.614529914529916,-5.614529914529916,-35.95708577371504,5.614529914529916,0,-0.3258968456612686,0,2010-02-01,2.2,3.0,4.9,10.100000000000229,407.6,612.2000000000002,-2.7,0.8660254037844386,0.5000000000000001,0,FEB,0,0.04193854,0,TRUE_NEGATIVE
Matathwada,2004,2.0,0,0.4,2.4000000000001136,125.0999999999999,718.2,4.394017094017094,-3.994017094017096,-90.896712701809,3.994017094017096,0,-0.4611113095510959,0,2004-02-01,1.2,0.8,4.9,6.900000000000114,308.5999999999999,719.1000000000001,-3.7,0.8660254037844386,0.5000000000000001,0,FEB,0,0.041920383,0,TRUE_NEGATIVE
Assam & Meghalaya,2000,10.0,3,83.9,897.0,2125.6,2480.6000000000004,152.4974358974359,-68.5974358974359,-44.98268150788579,68.5974358974359,0,-0.9995841779692904,0,2000-10-01,299.9,513.2,313.3,1126.4,2280.2,2605.3,-13.400000000000034,-0.8660254037844386,0.5000000000000001,0,OCT,0,0.04189466,0,TRUE_NEGATIVE
Lakshadweep,2012,11.0,3,12.4,338.1000000000004,1277.8,1411.5999999999997,123.43909090909092,-111.0390909090909,-89.9545598491711,111.0390909090909,0,-1.4437384616157,0,2012-11-01,145.9,179.8,381.2,706.9000000000003,1286.5999999999997,1583.4999999999998,-235.3,-0.5000000000000004,0.8660254037844384,0,NOV,0,0.041893203,0,TRUE_NEGATIVE
Saurashtra & Kutch,2017,4.0,1,0.0,0.0,0.1000000000001705,482.8,1.1632478632478631,-1.1632478632478631,-100.0,1.1632478632478631,0,-0.1904632649251258,0,2017-04-01,0.0,0.0,0.1,0.0999999999998863,64.80000000000018,482.8,-0.1,0.8660254037844387,-0.4999999999999998,0,APR,0,0.041888267,0,TRUE_NEGATIVE
West Madhya Pradesh,2014,1.0,0,25.6,28.29999999999972,628.5000000000002,1420.1000000000004,9.167521367521369,16.432478632478634,179.2466902852881,0.0,0,1.4704920420769176,0,2014-01-01,2.4,0.3,68.7,71.39999999999972,1088.0000000000005,1396.2000000000005,-66.3,0.4999999999999999,0.8660254037844387,0,JAN,0,0.041839752,0,TRUE_NEGATIVE
Sub Himalayan West Bengal & Sikkim,2003,11.0,3,16.4,560.8000000000013,2134.400000000001,2714.6,15.846153846153848,0.5538461538461519,3.495145631067949,0.0,0,0.0243955357625302,0,2003-11-01,223.0,321.4,354.0,898.4000000000013,2329.7000000000007,2706.9,-131.0,-0.5000000000000004,0.8660254037844384,0,NOV,0,0.04183335,0,TRUE_NEGATIVE
North Interior Karnataka,2006,10.0,3,43.6,269.4999999999999,592.5999999999998,626.6,95.56239316239316,-51.96239316239315,-54.3753577561534,51.96239316239315,0,-0.9413556727565574,0,2006-10-01,136.8,89.1,113.9,339.79999999999984,561.0999999999998,685.3,22.90000000000001,-0.8660254037844386,0.5000000000000001,0,OCT,0,0.041810486,0,TRUE_NEGATIVE
Coastal Andhra Pradesh,2007,1.0,0,0.0,55.29999999999994,744.5000000000003,1159.6,7.377777777777778,-7.377777777777778,-100.0,7.377777777777778,0,-0.6441586848791597,0,2007-01-01,0.0,55.3,185.4,240.69999999999996,871.3000000000004,1159.6,-185.4,0.4999999999999999,0.8660254037844387,0,JAN,0,0.041795656,0,TRUE_NEGATIVE
Madhya Maharashtra,2002,2.0,0,3.1,5.3,273.79999999999984,785.3000000000001,1.448717948717949,1.6512820512820514,113.98230088495576,0.0,0,0.5705749370906444,0,2002-02-01,1.7,0.5,5.7,7.9,431.5999999999998,782.2,-4.0,0.8660254037844386,0.5000000000000001,0,FEB,0,0.041779473,0,TRUE_NEGATIVE
Naga Mani Mizo Tripura,2013,11.0,3,0.3,367.3000000000002,1121.1,1556.3,46.87008547008547,-46.57008547008547,-99.3599328932492,46.57008547008547,0,-0.9235094835472292,0,2013-11-01,125.6,241.4,291.3,658.3000000000002,1469.7,1588.0,-165.70000000000002,-0.5000000000000004,0.8660254037844384,0,NOV,0,0.041718744,0,TRUE_NEGATIVE
Konkan & Goa,2003,1.0,0,0.5,3.800000000000455,1130.7000000000005,2537.8,1.2410256410256408,-0.7410256410256408,-59.71074380165289,0.7410256410256408,0,-0.1922689354881558,0,2003-01-01,0.3,3.0,75.3,78.60000000000045,1583.0000000000002,2537.2999999999997,-75.0,0.4999999999999999,0.8660254037844387,0,JAN,0,0.041717164,0,TRUE_NEGATIVE
Assam & Meghalaya,2003,12.0,3,18.6,263.40000000000003,1285.2999999999995,2434.2000000000003,8.955555555555556,9.644444444444446,107.69230769230772,0.0,0,0.9978478363517286,0,2003-12-01,13.0,231.8,250.0,494.8,1818.1,2423.5,-237.0,-2.4492935982947064e-16,1.0,0,DEC,0,0.04170708,0,TRUE_NEGATIVE
Telangana,2014,1.0,0,0.2,19.3,617.1999999999997,1346.5,7.581196581196581,-7.381196581196581,-97.36189402480272,7.381196581196581,0,-0.5351683613086332,0,2014-01-01,2.7,16.4,205.9,225.0,1070.7999999999995,1348.7,-203.2,0.4999999999999999,0.8660254037844387,0,JAN,0,0.04168553,0,TRUE_NEGATIVE
Sub Himalayan West Bengal & Sikkim,2012,11.0,3,12.5,566.6000000000015,2188.0000000000014,2629.2,15.846153846153848,-3.3461538461538467,-21.116504854368934,3.3461538461538467,0,-0.1473896952319549,0,2012-11-01,119.4,434.7,332.7,886.8000000000014,2377.900000000001,2643.4,-213.3,-0.5000000000000004,0.8660254037844384,0,NOV,0,0.041681617,0,TRUE_NEGATIVE
West Madhya Pradesh,2014,10.0,3,7.0,410.5999999999997,780.0000000000002,848.7000000000003,28.069230769230767,-21.069230769230767,-75.06166072896684,21.069230769230767,0,-0.6240730886280413,0,2014-10-01,192.6,211.0,337.4,740.9999999999997,774.4000000000002,910.4000000000002,-144.79999999999998,-0.8660254037844386,0.5000000000000001,0,OCT,0,0.041677784,0,TRUE_NEGATIVE
Rayalseema,2014,12.0,3,12.8,155.20000000000044,420.3999999999999,551.9,34.202564102564104,-21.402564102564103,-62.57590524027288,21.402564102564103,0,-0.5710756204856315,0,2014-12-01,37.8,104.6,81.4,223.8000000000004,473.8999999999999,541.7,-43.60000000000001,-2.4492935982947064e-16,1.0,0,DEC,0,0.0416705,0,TRUE_NEGATIVE
East Uttar Pradesh,2015,10.0,3,11.8,209.50000000000023,492.4,606.3000000000002,42.43418803418803,-30.634188034188032,-72.19223332259104,30.634188034188032,0,-0.6126903701190352,0,2015-10-01,21.9,175.8,179.0,376.7000000000002,503.8,669.2,-157.1,-0.8660254037844386,0.5000000000000001,0,OCT,0,0.041617844,0,TRUE_NEGATIVE
Vidarbha,2000,11.0,3,0.0,64.9999999999996,1059.2000000000005,1104.7000000000005,15.311111111111112,-15.311111111111112,-100.0,15.311111111111112,0,-0.6229993173150216,0,2000-11-01,11.0,54.0,286.2,351.1999999999996,1088.0000000000002,1104.7000000000005,-275.2,-0.5000000000000004,0.8660254037844384,0,NOV,0,0.041604087,0,TRUE_NEGATIVE
Madhya Maharashtra,2013,2.0,0,5.3,5.4,232.29999999999976,695.4000000000002,1.448717948717949,3.851282051282051,265.8407079646018,0.0,0,1.3307508625933973,0,2013-02-01,0.1,0.0,2.2,2.3000000000000003,414.7999999999998,690.1000000000003,-2.1,0.8660254037844386,0.5000000000000001,0,FEB,0,0.04157445,0,TRUE_NEGATIVE
Punjab,2013,1.0,0,9.3,20.69999999999989,270.3,440.2000000000001,25.23247863247863,-15.932478632478633,-63.142741006706856,15.932478632478633,0,-0.7164201754321752,0,2013-01-01,11.0,0.4,2.2,13.599999999999886,381.2,493.5000000000001,8.8,0.4999999999999999,0.8660254037844387,0,JAN,0,0.041551024,0,TRUE_NEGATIVE
Haryana Delhi & Chandigarh,2015,3.0,1,71.8,90.80000000000004,111.1,339.1999999999998,12.952991452991451,58.84700854700854,454.31210821511047,0.0,0,3.885235146117232,0,2015-03-01,6.6,12.4,9.6,28.60000000000003,106.6,294.1999999999998,-3.0,1.0,6.123233995736766e-17,0,MAR,0,0.041548748,0,TRUE_NEGATIVE
Assam & Meghalaya,2015,10.0,3,62.6,933.4,2124.499999999999,2445.2000000000003,152.4974358974359,-89.89743589743591,-58.95012946833911,89.89743589743591,0,-1.3099622950548844,0,2015-10-01,279.9,590.9,300.1,1170.9,2312.7999999999997,2417.6000000000004,-20.200000000000045,-0.8660254037844386,0.5000000000000001,0,OCT,0,0.04152369,0,TRUE_NEGATIVE
Haryana Delhi & Chandigarh,2012,2.0,0,0.2,8.800000000000027,141.90000000000003,493.0999999999998,17.14786324786325,-16.94786324786325,-98.83367392712957,16.94786324786325,0,-0.8987967489949498,0,2012-02-01,8.2,0.4,0.0,8.600000000000028,269.0,519.5999999999998,8.2,0.8660254037844386,0.5000000000000001,0,FEB,0,0.041503597,0,TRUE_NEGATIVE
West Rajasthan,2010,9.0,2,96.5,389.8,442.9000000000002,447.6000000000001,39.92820512820513,56.57179487179487,141.68379142049835,0.0,0,1.4529585531754836,0,2010-09-01,163.4,129.9,49.5,342.8,347.0000000000002,358.6000000000001,113.9,-1.0,-1.8369701987210294e-16,0,SEP,0,0.041501045,0,TRUE_NEGATIVE
West Rajasthan,2008,3.0,1,0.8,2.599999999999972,3.600000000000199,256.40000000000003,4.011111111111111,-3.2111111111111112,-80.05540166204986,3.2111111111111112,0,-0.4143159397369884,0,2008-03-01,0.2,1.6,0.9,2.699999999999972,48.4000000000002,277.6000000000001,-0.7,1.0,6.123233995736766e-17,0,MAR,0,0.041458152,0,TRUE_NEGATIVE
Haryana Delhi & Chandigarh,2002,1.0,0,11.6,11.9,136.8,479.19999999999976,16.89316239316239,-5.293162393162392,-31.33316468504933,5.293162393162392,0,-0.3405450280589593,0,2002-01-01,0.2,0.1,11.1,11.4,270.4,485.39999999999975,-10.9,0.4999999999999999,0.8660254037844387,0,JAN,0,0.041292645,0,TRUE_NEGATIVE
Rayalseema,2011,1.0,0,0.8,222.6000000000004,583.9,959.6,9.8,-8.999999999999998,-91.83673469387756,8.999999999999998,0,-0.4745576127888032,0,2011-01-01,46.7,175.1,83.4,305.20000000000044,770.6999999999999,963.5,-36.7,0.4999999999999999,0.8660254037844387,0,JAN,0,0.041144714,0,TRUE_NEGATIVE
Madhya Maharashtra,2011,11.0,3,0.0,211.2,843.9999999999997,852.7,25.553846153846155,-25.553846153846155,-100.0,25.553846153846155,0,-0.754236463452604,0,2011-11-01,62.8,148.4,238.1,449.3,846.8999999999997,926.1,-175.3,-0.5000000000000004,0.8660254037844384,0,NOV,0,0.04111366,0,TRUE_NEGATIVE
Coastal Karnataka,2016,1.0,0,0.5,138.99999999999957,1183.0000000000002,3105.0,1.918103448275862,-1.418103448275862,-73.93258426966293,1.418103448275862,0,-0.3389063638929719,0,2016-01-01,14.3,124.2,208.5,346.99999999999955,2113.4000000000005,3105.9,-194.2,0.4999999999999999,0.8660254037844387,0,JAN,0,0.04105517,0,TRUE_NEGATIVE
Tamil Nadu,2011,2.0,0,11.2,139.9999999999999,727.8,1098.8,13.209401709401709,-2.0094017094017094,-15.211905532190231,2.0094017094017094,0,-0.1035750119793195,0,2011-02-01,4.3,124.5,328.6,457.3999999999999,819.5,1087.8,-324.3,0.8660254037844386,0.5000000000000001,0,FEB,0,0.04104841,0,TRUE_NEGATIVE
East Rajasthan,2006,1.0,0,0.0,0.0,252.5,567.4000000000003,6.38974358974359,-6.38974358974359,-100.0,6.38974358974359,0,-0.7818562876363844,0,2006-01-01,0.0,0.0,0.0,0.0,491.5,567.8000000000002,0.0,0.4999999999999999,0.8660254037844387,0,JAN,0,0.04101253,0,TRUE_NEGATIVE
Andaman & Nicobar Islands,2006,11.0,3,76.1,997.2999999999996,1765.5999999999992,2614.2,233.01818181818183,-156.91818181818184,-67.34160424469412,156.91818181818184,0,-1.3447831676859443,0,2006-11-01,374.7,546.5,219.6,1140.7999999999995,2010.8999999999987,2838.2,155.1,-0.5000000000000004,0.8660254037844384,0,NOV,0,0.041002635,0,TRUE_NEGATIVE
Punjab,2015,2.0,0,31.3,63.099999999999845,175.60000000000002,390.0000000000001,26.405982905982903,4.894017094017094,18.533743324162486,0.0,0,0.2086879263340437,0,2015-02-01,17.7,14.1,0.7,32.499999999999844,186.2,378.80000000000007,17.0,0.8660254037844386,0.5000000000000001,0,FEB,0,0.04098199,0,TRUE_NEGATIVE
Rayalseema,2012,10.0,3,113.7,303.2000000000004,528.6999999999999,708.6,135.02478632478633,-21.32478632478633,-15.793238341804926,21.32478632478633,0,-0.3042739808865987,0,2012-10-01,69.5,120.0,139.7,329.2000000000004,447.69999999999993,702.4000000000001,-70.19999999999999,-0.8660254037844386,0.5000000000000001,0,OCT,0,0.040952835,0,TRUE_NEGATIVE
West Uttar Pradesh,2002,2.0,0,37.6,54.499999999999886,98.59999999999982,711.3,17.614529914529914,19.985470085470087,113.4601387743219,0.0,0,1.003592347006629,0,2002-02-01,16.8,0.1,1.1,17.999999999999886,183.09999999999985,675.9999999999999,15.7,0.8660254037844386,0.5000000000000001,0,FEB,0,0.040949803,0,TRUE_NEGATIVE
Naga Mani Mizo Tripura,2015,12.0,3,10.0,132.60000000000016,1136.3000000000002,1922.2,12.783760683760685,-2.7837606837606845,-21.7757571705556,2.7837606837606845,0,-0.1410450942668215,0,2015-12-01,3.9,118.7,255.9,378.50000000000017,1410.2,1912.3,-252.0,-2.4492935982947064e-16,1.0,0,DEC,0,0.040948503,0,TRUE_NEGATIVE
Haryana Delhi & Chandigarh,2012,1.0,0,8.2,8.600000000000028,269.0,519.5999999999998,16.89316239316239,-8.693162393162392,-51.45965089805211,8.693162393162392,0,-0.5592900824136404,0,2012-01-01,0.4,0.0,0.0,0.4000000000000284,345.79999999999995,512.0999999999998,0.4,0.4999999999999999,0.8660254037844387,0,JAN,0,0.040908765,0,TRUE_NEGATIVE
West Uttar Pradesh,2011,1.0,0,2.1,18.999999999999886,501.39999999999975,819.4999999999999,17.57008547008547,-15.47008547008547,-88.0478669066498,15.47008547008547,0,-0.9837121821910008,0,2011-01-01,4.1,12.8,4.7,21.599999999999888,781.2999999999998,820.5999999999999,-0.6000000000000005,0.4999999999999999,0.8660254037844387,0,JAN,0,0.04090591,0,TRUE_NEGATIVE
Rayalseema,2015,10.0,3,106.7,366.6000000000004,522.4,661.7,135.02478632478633,-28.32478632478633,-20.97747168927516,28.32478632478633,0,-0.4041538968569892,0,2015-10-01,136.3,123.6,43.1,303.00000000000045,489.0999999999999,659.5999999999999,93.20000000000002,-0.8660254037844386,0.5000000000000001,0,OCT,0,0.040894203,0,TRUE_NEGATIVE
East Rajasthan,2016,2.0,0,0.4,1.8,27.399999999999945,639.5000000000002,5.328205128205128,-4.928205128205128,-92.49278152069296,4.928205128205128,0,-0.6626966966701169,0,2016-02-01,0.6,0.8,0.5,1.9,169.79999999999995,639.2000000000003,0.0999999999999999,0.8660254037844386,0.5000000000000001,0,FEB,0,0.04087745,0,TRUE_NEGATIVE
Saurashtra & Kutch,2005,4.0,1,0.2,0.1999999999998863,0.2000000000002273,482.3,1.1632478632478631,-0.9632478632478634,-82.80675973548861,0.9632478632478634,0,-0.1577164581709161,0,2005-04-01,0.0,0.0,0.0,0.0,19.700000000000227,482.1,0.0,0.8660254037844387,-0.4999999999999998,0,APR,0,0.04085598,0,TRUE_NEGATIVE
West Rajasthan,2009,9.0,2,7.5,113.7,149.0000000000002,169.10000000000005,39.92820512820513,-32.42820512820513,-81.21628564089391,32.42820512820513,0,-0.8328680062552845,0,2009-09-01,27.1,79.1,26.1,132.29999999999998,146.8000000000002,184.60000000000005,1.0,-1.0,-1.8369701987210294e-16,0,SEP,0,0.0408259,0,TRUE_NEGATIVE
Madhya Maharashtra,2016,2.0,0,0.7,0.7999999999999431,211.8999999999998,643.0,1.448717948717949,-0.7487179487179487,-51.681415929203546,0.7487179487179487,0,-0.2587078907305407,0,2016-02-01,0.0,0.1,16.2,16.299999999999944,278.39999999999986,643.1000000000001,-16.2,0.8660254037844386,0.5000000000000001,0,FEB,0,0.040823333,0,TRUE_NEGATIVE
Coastal Karnataka,2015,1.0,0,1.4,72.19999999999955,1798.9000000000003,3685.9,1.918103448275862,-0.5181034482758622,-27.011235955056183,0.5181034482758622,0,-0.123819285531718,0,2015-01-01,30.8,40.0,226.4,297.19999999999953,2952.9000000000005,3684.500000000001,-195.6,0.4999999999999999,0.8660254037844387,0,JAN,0,0.04078471,0,TRUE_NEGATIVE
East Rajasthan,2016,12.0,3,0.0,32.6,784.6,860.6000000000003,3.617948717948718,-3.617948717948718,-100.0,3.617948717948718,0,-0.5399419387222018,0,2016-12-01,0.0,32.6,40.2,72.80000000000001,846.3,861.4000000000002,-40.2,-2.4492935982947064e-16,1.0,0,DEC,0,0.040772837,0,TRUE_NEGATIVE
East Rajasthan,2008,2.0,0,0.0,0.6,86.69999999999996,558.2000000000003,5.328205128205128,-5.328205128205128,-100.0,5.328205128205128,0,-0.7164847740273168,0,2008-02-01,0.1,0.5,0.0,0.6,254.6,575.0000000000002,0.1,0.8660254037844386,0.5000000000000001,0,FEB,0,0.04075761,0,TRUE_NEGATIVE
West Uttar Pradesh,2016,2.0,0,2.0,7.099999999999914,42.49999999999977,548.0999999999999,17.614529914529914,-15.614529914529914,-88.64573729923819,15.614529914529914,0,-0.7841007820837406,0,2016-02-01,2.1,3.0,2.0,7.099999999999914,183.99999999999977,553.2999999999998,0.1,0.8660254037844386,0.5000000000000001,0,FEB,0,0.040723212,0,TRUE_NEGATIVE
Telangana,2002,11.0,3,3.9,132.50000000000023,689.0999999999996,765.3,19.92478632478632,-16.024786324786323,-80.42638984214139,16.024786324786323,0,-0.6120389685263539,0,2002-11-01,76.2,52.4,321.7,450.3000000000002,717.1999999999996,778.8,-245.5,-0.5000000000000004,0.8660254037844384,0,NOV,0,0.0406991,0,TRUE_NEGATIVE
Telangana,2013,10.0,3,205.9,597.9,1273.6,1368.3,74.53931623931624,131.36068376068377,176.2300627214457,0.0,0,2.208347093283038,0,2013-10-01,161.4,230.6,453.8,845.8000000000001,1092.0999999999997,1246.0,-292.4,-0.8660254037844386,0.5000000000000001,0,OCT,0,0.040645756,0,TRUE_NEGATIVE
Gangetic West Bengal,2004,10.0,3,220.7,874.9000000000002,1486.0,1595.2,116.28888888888888,104.41111111111113,89.78597362889357,0.0,0,1.3565035357900403,0,2004-10-01,264.3,389.9,250.7,904.9000000000004,1328.1,1716.0,13.600000000000025,-0.8660254037844386,0.5000000000000001,0,OCT,0,0.04063906,0,TRUE_NEGATIVE
Andaman & Nicobar Islands,2001,12.0,3,91.8,581.9999999999997,1726.6999999999994,3080.8,157.46697247706425,-65.66697247706425,-41.70206072046564,65.66697247706425,0,-0.5004400561429122,0,2001-12-01,222.6,267.6,334.4,824.5999999999997,2005.5999999999988,3104.2,-111.79999999999998,-2.4492935982947064e-16,1.0,0,DEC,0,0.04050401,0,TRUE_NEGATIVE
East Rajasthan,2012,2.0,0,0.0,1.9,168.3,792.7000000000003,5.328205128205128,-5.328205128205128,-100.0,5.328205128205128,0,-0.7164847740273168,0,2012-02-01,1.9,0.0,0.0,1.9,452.4,803.9000000000002,1.9,0.8660254037844386,0.5000000000000001,0,FEB,0,0.04048754,0,TRUE_NEGATIVE
South Interior Karnataka,2007,10.0,3,152.5,596.5,1157.1,1284.1999999999998,138.47606837606838,14.023931623931617,10.127332316979077,0.0,0,0.2288455520669383,0,2007-10-01,198.5,245.5,267.2,711.2,1044.4,1193.4,-68.69999999999999,-0.8660254037844386,0.5000000000000001,0,OCT,0,0.040470205,0,TRUE_NEGATIVE
Punjab,2001,1.0,0,8.0,10.899999999999888,122.89999999999998,387.9000000000001,25.23247863247863,-17.23247863247863,-68.29483097351128,17.23247863247863,0,-0.7748760032757639,0,2001-01-01,2.2,0.7,0.0,2.8999999999998867,279.69999999999993,405.30000000000007,2.2,0.4999999999999999,0.8660254037844387,0,JAN,0,0.04046963,0,TRUE_NEGATIVE
West Uttar Pradesh,2000,10.0,3,0.0,317.9999999999999,735.7999999999997,772.0999999999999,28.37264957264957,-28.37264957264957,-100.0,28.37264957264957,0,-0.6378635237728668,0,2000-10-01,79.1,238.9,251.2,569.1999999999999,737.8999999999997,805.4999999999999,-172.1,-0.8660254037844386,0.5000000000000001,0,OCT,0,0.040421203,0,TRUE_NEGATIVE
Punjab,2002,1.0,0,2.4,7.099999999999914,97.99999999999996,435.4,25.23247863247863,-22.83247863247864,-90.4884492920534,22.83247863247864,0,-1.0266857232173772,0,2002-01-01,3.8,0.9,1.5,6.199999999999914,269.5,441.00000000000006,2.3,0.4999999999999999,0.8660254037844387,0,JAN,0,0.040406637,0,TRUE_NEGATIVE
West Uttar Pradesh,2013,10.0,3,61.2,400.4999999999999,827.0999999999998,924.1999999999998,28.37264957264957,32.82735042735043,115.70068682973856,0.0,0,0.7380124780415794,0,2013-10-01,52.2,287.1,233.9,573.2,767.4999999999999,863.4999999999999,-181.7,-0.8660254037844386,0.5000000000000001,0,OCT,0,0.04037946,0,TRUE_NEGATIVE
West Uttar Pradesh,2005,1.0,0,10.1,10.999999999999886,405.99999999999983,631.8999999999999,17.57008547008547,-7.47008547008547,-42.51593131293477,7.47008547008547,0,-0.475007981897754,0,2005-01-01,0.2,0.7,60.5,61.399999999999885,520.0999999999998,642.3999999999999,-60.3,0.4999999999999999,0.8660254037844387,0,JAN,0,0.040262826,0,TRUE_NEGATIVE
Orissa,2008,11.0,3,2.7,379.7999999999995,1418.0,1538.9999999999998,27.82905982905983,-25.12905982905983,-90.29791154791155,25.12905982905983,0,-0.6836332560633694,0,2008-11-01,22.1,355.0,388.3,765.3999999999995,1452.7,1550.3,-366.2,-0.5000000000000004,0.8660254037844384,0,NOV,0,0.040258233,0,TRUE_NEGATIVE
West Madhya Pradesh,2011,9.0,2,165.0,814.9999999999997,1061.9000000000003,1082.7000000000005,160.56923076923076,4.4307692307692434,2.75941362460478,0.0,0,0.0462437587817254,0,2011-09-01,343.3,306.7,241.5,891.4999999999997,897.0000000000002,1053.8000000000002,101.8,-1.0,-1.8369701987210294e-16,0,SEP,0,0.04024008,0,TRUE_NEGATIVE
Coastal Karnataka,2011,12.0,3,10.2,270.49999999999955,2757.5000000000005,3908.6,12.508547008547009,-2.308547008547009,-18.45575674752307,2.308547008547009,0,-0.0977998456824021,0,2011-12-01,81.5,178.8,545.2,805.4999999999995,3765.7,3909.4,-463.7000000000001,-2.4492935982947064e-16,1.0,0,DEC,0,0.04023064,0,TRUE_NEGATIVE
Lakshadweep,2013,10.0,3,72.8,407.2000000000004,1218.1,1342.6999999999998,165.50884955752213,-92.70884955752211,-56.01443657265072,92.70884955752211,0,-1.134061833289969,0,2013-10-01,180.0,154.4,296.4,630.8000000000004,1150.6,1415.7999999999995,-116.39999999999998,-0.8660254037844386,0.5000000000000001,0,OCT,0,0.04019344,0,TRUE_NEGATIVE
Madhya Maharashtra,2015,1.0,0,1.4,47.29999999999994,446.49999999999983,836.3000000000001,3.0025641025641026,-1.6025641025641026,-53.3731853116994,1.6025641025641026,0,-0.2420468227378596,0,2015-01-01,13.1,32.8,38.5,84.39999999999993,722.9999999999998,838.0000000000001,-25.4,0.4999999999999999,0.8660254037844387,0,JAN,0,0.040173568,0,TRUE_NEGATIVE
Coastal Karnataka,2010,2.0,0,0.4,50.19999999999954,1000.7000000000004,3876.4,1.4923076923076923,-1.0923076923076924,-73.1958762886598,1.0923076923076924,0,-0.2327785047752061,0,2010-02-01,14.4,35.4,132.4,182.1999999999996,1486.4000000000003,3876.0,-118.0,0.8660254037844386,0.5000000000000001,0,FEB,0,0.04014662,0,TRUE_NEGATIVE
Konkan & Goa,2007,1.0,0,0.0,22.500000000000227,1511.2000000000007,3482.2,1.2410256410256408,-1.2410256410256408,-100.0,1.2410256410256408,0,-0.3220005701600948,0,2007-01-01,0.0,22.5,202.4,224.90000000000023,2577.4000000000005,3482.2,-202.4,0.4999999999999999,0.8660254037844387,0,JAN,0,0.04011728,0,TRUE_NEGATIVE
Telangana,2000,11.0,3,6.4,97.30000000000022,991.8999999999996,1075.4,19.92478632478632,-13.52478632478632,-67.87920384351406,13.52478632478632,0,-0.5165557970004279,0,2000-11-01,20.2,70.7,420.5,511.4000000000002,1034.2999999999995,1071.2,-400.3,-0.5000000000000004,0.8660254037844384,0,NOV,0,0.040084094,0,TRUE_NEGATIVE
Matathwada,2005,10.0,3,100.5,438.10000000000014,913.4,967.7000000000002,59.29829059829059,41.20170940170941,69.48211994984075,0.0,0,0.8313323256596482,0,2005-10-01,213.5,124.1,413.5,751.1000000000001,814.4999999999999,925.3000000000002,-200.0,-0.8660254037844386,0.5000000000000001,0,OCT,0,0.040043335,0,TRUE_NEGATIVE
Matathwada,2002,2.0,0,4.1,9.600000000000112,264.39999999999986,736.7000000000002,4.394017094017094,-0.2940170940170947,-6.691305193542128,0.2940170940170947,0,-0.033944423386599,0,2002-02-01,5.5,0.0,0.8,6.3000000000001135,516.0999999999999,733.1000000000001,4.7,0.8660254037844386,0.5000000000000001,0,FEB,0,0.040036537,0,TRUE_NEGATIVE
Sub Himalayan West Bengal & Sikkim,2008,10.0,3,97.9,1030.9000000000012,2386.500000000001,2674.2,143.94358974358977,-46.04358974358976,-31.98724571591437,46.04358974358976,0,-0.519759337043661,0,2008-10-01,296.7,636.3,657.7,1590.7000000000014,2430.4000000000005,2655.8,-361.00000000000006,-0.8660254037844386,0.5000000000000001,0,OCT,0,0.039993905,0,TRUE_NEGATIVE
Konkan & Goa,2016,1.0,0,0.0,27.30000000000045,736.9000000000011,2079.099999999999,1.2410256410256408,-1.2410256410256408,-100.0,1.2410256410256408,0,-0.3220005701600948,0,2016-01-01,0.0,27.3,91.4,118.70000000000046,1263.400000000001,2081.7999999999997,-91.4,0.4999999999999999,0.8660254037844387,0,JAN,0,0.03992814,0,TRUE_NEGATIVE
Lakshadweep,2005,12.0,3,26.6,409.1000000000003,1168.4,1575.3999999999996,61.82142857142857,-35.22142857142857,-56.97284806470248,35.22142857142857,0,-0.5723274519670842,0,2005-12-01,218.3,164.2,278.0,660.5000000000002,1390.2999999999995,1550.9999999999998,-59.69999999999999,-2.4492935982947064e-16,1.0,0,DEC,0,0.039925195,0,TRUE_NEGATIVE
Konkan & Goa,2008,2.0,0,0.1,0.2000000000002273,670.8000000000006,3468.399999999999,0.5384615384615384,-0.4384615384615384,-81.42857142857143,0.4384615384615384,0,-0.2158481474517541,0,2008-02-01,0.0,0.1,16.0,16.10000000000023,1650.9000000000008,3468.299999999999,-16.0,0.8660254037844386,0.5000000000000001,0,FEB,0,0.03990954,0,TRUE_NEGATIVE
Rayalseema,2015,2.0,0,0.0,14.700000000000427,238.5,552.9,5.582905982905984,-5.582905982905984,-100.0,5.582905982905984,0,-0.4823320431067022,0,2015-02-01,1.9,12.8,37.8,52.500000000000426,353.5999999999999,553.6,-35.9,0.8660254037844386,0.5000000000000001,0,FEB,0,0.039844267,0,TRUE_NEGATIVE
Rayalseema,2017,1.0,0,3.9,63.70000000000045,210.1,551.4,9.8,-5.899999999999999,-60.20408163265305,5.899999999999999,0,-0.3110988794948821,0,2017-01-01,54.4,5.4,14.1,73.90000000000046,337.2,555.4,40.3,0.4999999999999999,0.8660254037844387,0,JAN,0,0.03976497,0,TRUE_NEGATIVE
Saurashtra & Kutch,2002,3.0,1,0.0,0.0,7.600000000000227,510.19999999999993,1.276923076923077,-1.276923076923077,-100.0,1.276923076923077,0,-0.2262333753033426,0,2002-03-01,0.0,0.0,0.0,0.0,28.20000000000023,510.19999999999993,0.0,1.0,6.123233995736766e-17,0,MAR,0,0.03972967,0,TRUE_NEGATIVE
North Interior Karnataka,2011,11.0,3,5.7,148.0999999999999,552.1999999999998,656.3000000000001,28.77692307692308,-23.07692307692308,-80.1924619085806,23.07692307692308,0,-0.6670191796413886,0,2011-11-01,73.4,69.0,152.0,294.3999999999999,593.2999999999998,722.5,-78.6,-0.5000000000000004,0.8660254037844384,0,NOV,0,0.039719522,0,TRUE_NEGATIVE
Chhattisgarh,2003,10.0,3,157.6,1061.4000000000003,1637.4,1702.6999999999998,63.78034188034188,93.81965811965811,147.09807968052743,0.0,0,1.912130946501774,0,2003-10-01,384.1,519.7,446.6,1350.4000000000003,1482.4,1602.9,-62.5,-0.8660254037844386,0.5000000000000001,0,OCT,0,0.039678402,0,TRUE_NEGATIVE
South Interior Karnataka,2011,10.0,3,144.8,455.50000000000006,918.5,1211.6,138.47606837606838,6.323931623931628,4.56680471802342,0.0,0,0.1031952852110725,0,2011-10-01,111.2,199.5,202.4,513.1,853.9,1196.4,-91.2,-0.8660254037844386,0.5000000000000001,0,OCT,0,0.039673116,0,TRUE_NEGATIVE
Himachal Pradesh,2010,11.0,3,10.8,217.9999999999999,892.4000000000002,1209.1,16.46923076923077,-5.669230769230769,-34.42316674451191,5.669230769230769,0,-0.2451407967175231,0,2010-11-01,30.5,176.7,274.1,481.2999999999999,963.0000000000002,1291.4,-243.6,-0.5000000000000004,0.8660254037844384,0,NOV,0,0.039670635,0,TRUE_NEGATIVE
Telangana,2011,1.0,0,0.0,49.80000000000011,706.3999999999996,1266.2,7.581196581196581,-7.581196581196581,-100.0,7.581196581196581,0,-0.5496692177868894,0,2011-01-01,9.3,40.5,98.7,148.5000000000001,1101.8999999999996,1276.5000000000002,-89.4,0.4999999999999999,0.8660254037844387,0,JAN,0,0.039619394,0,TRUE_NEGATIVE
Madhya Maharashtra,2000,11.0,3,2.7,146.2,677.4999999999998,699.4000000000001,25.553846153846155,-22.85384615384616,-89.43407585791692,22.85384615384616,0,-0.6745444108722717,0,2000-11-01,56.5,87.0,159.6,303.1,693.2999999999998,696.7,-103.1,-0.5000000000000004,0.8660254037844384,0,NOV,0,0.039614405,0,TRUE_NEGATIVE
West Madhya Pradesh,2016,9.0,2,100.8,928.4999999999995,1049.6,1069.7000000000005,160.56923076923076,-59.76923076923076,-37.223340040241446,59.76923076923076,0,-0.6238090377326488,0,2016-09-01,394.8,432.9,111.1,938.7999999999996,951.2,1024.5000000000002,283.70000000000005,-1.0,-1.8369701987210294e-16,0,SEP,0,0.039589874,0,TRUE_NEGATIVE
West Rajasthan,2012,3.0,1,0.0,0.5,0.6000000000002274,405.9,4.011111111111111,-4.011111111111111,-100.0,4.011111111111111,0,-0.5175365198790755,0,2012-03-01,0.0,0.5,0.0,0.5,116.90000000000022,407.4,0.0,1.0,6.123233995736766e-17,0,MAR,0,0.039583333,0,TRUE_NEGATIVE
Lakshadweep,2012,10.0,3,145.9,706.9000000000003,1286.5999999999997,1583.4999999999998,165.50884955752213,-19.60884955752212,-11.84761395535356,19.60884955752212,0,-0.2398654279936152,0,2012-10-01,179.8,381.2,231.5,792.5000000000002,1217.5,1554.9999999999998,-51.69999999999999,-0.8660254037844386,0.5000000000000001,0,OCT,0,0.03957108,0,TRUE_NEGATIVE
East Rajasthan,2016,1.0,0,0.6,1.9,169.79999999999995,639.2000000000003,6.38974358974359,-5.789743589743591,-90.6099518459069,5.789743589743591,0,-0.7084396057315233,0,2016-01-01,0.8,0.5,5.0,6.3,466.8,650.7000000000003,-4.2,0.4999999999999999,0.8660254037844387,0,JAN,0,0.039539278,0,TRUE_NEGATIVE
Telangana,2001,10.0,3,135.6,522.3000000000002,837.4999999999998,913.7,74.53931623931624,61.06068376068376,81.9174186742498,0.0,0,1.026510974489456,0,2001-10-01,119.9,266.8,123.8,510.5000000000002,739.1999999999997,798.3,-3.899999999999992,-0.8660254037844386,0.5000000000000001,0,OCT,0,0.03952809,0,TRUE_NEGATIVE
Coastal Andhra Pradesh,2008,1.0,0,3.2,15.6,634.8000000000003,1102.6,7.377777777777778,-4.177777777777778,-56.62650602409639,4.177777777777778,0,-0.3647645564978374,0,2008-01-01,0.5,11.9,167.7,180.1,772.6000000000005,1099.4,-167.2,0.4999999999999999,0.8660254037844387,0,JAN,0,0.03951569,0,TRUE_NEGATIVE
Vidarbha,2013,11.0,3,0.0,265.19999999999953,1493.5000000000005,1520.2,15.311111111111112,-15.311111111111112,-100.0,15.311111111111112,0,-0.6229993173150216,0,2013-11-01,133.5,131.7,326.1,591.2999999999995,1494.0000000000005,1527.5,-192.6,-0.5000000000000004,0.8660254037844384,0,NOV,0,0.03944354,0,TRUE_NEGATIVE
East Rajasthan,2016,9.0,2,40.2,752.0,823.1999999999999,834.3000000000002,97.04358974358976,-56.84358974358975,-58.57531640552752,56.84358974358975,0,-0.8078919167780837,0,2016-09-01,385.6,326.2,61.7,773.5,786.8,814.2000000000003,323.90000000000003,-1.0,-1.8369701987210294e-16,0,SEP,0,0.03943609,0,TRUE_NEGATIVE
East Uttar Pradesh,2010,1.0,0,2.2,10.100000000000229,407.6,612.2000000000002,15.866666666666667,-13.666666666666668,-86.1344537815126,13.666666666666668,0,-0.9375111463859572,0,2010-01-01,3.0,4.9,80.9,88.80000000000024,554.8000000000001,610.0000000000001,-77.9,0.4999999999999999,0.8660254037844387,0,JAN,0,0.039393626,0,TRUE_NEGATIVE
Gujarat Region,2000,4.0,1,0.0,0.1000000000002273,0.0999999999997726,566.6999999999997,1.0974358974358975,-1.0974358974358975,-100.0,1.0974358974358975,0,-0.2779302288792669,0,2000-04-01,0.0,0.1,0.0,0.1000000000002273,69.59999999999977,566.6999999999997,0.0,0.8660254037844387,-0.4999999999999998,0,APR,0,0.039392896,0,TRUE_NEGATIVE
Tamil Nadu,2004,11.0,3,204.5,683.9,888.8000000000001,1019.7,175.3777777777778,29.12222222222221,16.605423213380625,0.0,0,0.3212268011635372,0,2004-11-01,271.1,208.3,85.1,564.5,785.4,874.7,186.00000000000003,-0.5000000000000004,0.8660254037844384,0,NOV,0,0.039351154,0,TRUE_NEGATIVE
Orissa,2009,11.0,3,27.3,295.5999999999996,1255.8,1330.2,27.82905982905983,-0.529059829059829,-1.9011056511056508,0.529059829059829,0,-0.0143930133499957,0,2009-11-01,105.8,162.5,286.9,555.1999999999995,1296.7,1305.6,-181.1,-0.5000000000000004,0.8660254037844384,0,NOV,0,0.039281454,0,TRUE_NEGATIVE
Naga Mani Mizo Tripura,2009,10.0,3,158.2,810.4000000000003,1587.6,1717.3,175.45299145299143,-17.252991452991466,-9.833398285268908,17.252991452991466,0,-0.2133101300071439,0,2009-10-01,271.3,380.9,295.8,948.0000000000002,1522.5,1709.3,-24.5,-0.8660254037844386,0.5000000000000001,0,OCT,0,0.039255273,0,TRUE_NEGATIVE
West Madhya Pradesh,2002,2.0,0,19.7,20.09999999999972,109.80000000000004,805.0000000000002,6.217241379310345,13.482758620689657,216.86078757626177,0.0,0,1.5077390360043288,0,2002-02-01,0.4,0.0,0.0,0.3999999999997158,289.00000000000006,785.3000000000003,0.4,0.8660254037844386,0.5000000000000001,0,FEB,0,0.039240573,0,TRUE_NEGATIVE
Matathwada,2008,1.0,0,0.1,7.600000000000113,395.3999999999999,714.7000000000002,4.915384615384616,-4.815384615384616,-97.96557120500783,4.815384615384616,0,-0.4554548937419374,0,2008-01-01,0.0,7.5,0.9,8.400000000000114,518.3999999999999,714.6000000000001,-0.9,0.4999999999999999,0.8660254037844387,0,JAN,0,0.039152328,0,TRUE_NEGATIVE
Saurashtra & Kutch,2000,8.0,2,46.2,276.2999999999999,279.2000000000002,396.0,119.8982905982906,-73.6982905982906,-61.46734055217742,73.6982905982906,0,-0.7408068901607475,0,2000-08-01,224.7,5.4,2.9,232.9999999999999,233.00000000000023,367.19999999999993,221.8,-0.8660254037844385,-0.5000000000000004,0,AUG,0,0.039150555,0,TRUE_NEGATIVE
Matathwada,2001,1.0,0,4.8,7.200000000000113,322.2999999999999,688.9000000000001,4.915384615384616,-0.1153846153846158,-2.3474178403755963,0.1153846153846158,0,-0.010913455920334,0,2001-01-01,1.7,0.7,30.8,33.20000000000012,474.7999999999999,684.5000000000001,-29.1,0.4999999999999999,0.8660254037844387,0,JAN,0,0.039130654,0,TRUE_NEGATIVE
Tamil Nadu,2006,1.0,0,15.3,517.1999999999999,1008.9,1376.6,23.75213675213676,-8.452136752136752,-35.58474271320619,8.452136752136752,0,-0.2636345219584355,0,2006-01-01,148.5,353.4,280.5,782.3999999999999,1081.5,1365.4,-132.0,0.4999999999999999,0.8660254037844387,0,JAN,0,0.039088644,0,TRUE_NEGATIVE
South Interior Karnataka,2001,12.0,3,2.1,164.8,674.9,926.4,11.651282051282053,-9.551282051282053,-81.9762323943662,9.551282051282053,0,-0.6032525914059337,0,2001-12-01,40.0,122.7,189.9,352.6,800.0,936.4,-149.9,-2.4492935982947064e-16,1.0,0,DEC,0,0.039065793,0,TRUE_NEGATIVE
Madhya Maharashtra,2011,10.0,3,62.8,449.3,846.8999999999997,926.1,70.49230769230769,-7.692307692307693,-10.912265386294196,7.692307692307693,0,-0.1626984353580119,0,2011-10-01,148.4,238.1,261.4,647.9,789.0999999999998,940.4,-112.99999999999996,-0.8660254037844386,0.5000000000000001,0,OCT,0,0.039065033,0,TRUE_NEGATIVE
Saurashtra & Kutch,2001,9.0,2,20.6,328.5999999999999,502.60000000000025,504.9,74.9957264957265,-54.3957264957265,-72.53176819191977,54.3957264957265,0,-0.7371205877074197,0,2001-09-01,116.9,191.1,172.9,480.8999999999999,482.0000000000002,488.8,-56.0,-1.0,-1.8369701987210294e-16,0,SEP,0,0.03904688,0,TRUE_NEGATIVE
Sub Himalayan West Bengal & Sikkim,2010,10.0,3,66.2,835.6000000000014,2323.000000000001,2617.1,143.94358974358977,-77.74358974358977,-54.00976165876946,77.74358974358977,0,-0.8776022219281504,0,2010-10-01,308.1,461.3,593.4,1362.800000000001,2433.400000000001,2786.0,-285.29999999999995,-0.8660254037844386,0.5000000000000001,0,OCT,0,0.039023884,0,TRUE_NEGATIVE
Konkan & Goa,2008,1.0,0,0.0,16.10000000000023,1650.9000000000008,3468.299999999999,1.2410256410256408,-1.2410256410256408,-100.0,1.2410256410256408,0,-0.3220005701600948,0,2008-01-01,0.1,16.0,45.6,61.70000000000023,2492.2000000000007,3468.299999999999,-45.5,0.4999999999999999,0.8660254037844387,0,JAN,0,0.039020523,0,TRUE_NEGATIVE
Haryana Delhi & Chandigarh,2006,1.0,0,2.3,3.1,202.4,507.7999999999997,16.89316239316239,-14.593162393162393,-86.38502403238047,14.593162393162393,0,-0.9388770884997047,0,2006-01-01,0.0,0.8,0.0,0.8,375.69999999999993,519.3999999999997,0.0,0.4999999999999999,0.8660254037844387,0,JAN,0,0.039001092,0,TRUE_NEGATIVE
North Interior Karnataka,2008,10.0,3,54.1,354.2999999999999,535.6999999999998,700.0,95.56239316239316,-41.46239316239315,-43.38777189467658,41.46239316239315,0,-0.7511366708515915,0,2008-10-01,152.5,147.7,80.6,380.79999999999984,504.39999999999975,686.4,71.9,-0.8660254037844386,0.5000000000000001,0,OCT,0,0.038999334,0,TRUE_NEGATIVE
Madhya Maharashtra,2006,1.0,0,0.0,0.0,595.1999999999998,1217.8000000000002,3.0025641025641026,-3.0025641025641026,-100.0,3.0025641025641026,0,-0.4534989270816537,0,2006-01-01,0.0,0.0,62.7,62.7,956.3999999999996,1221.4,-62.7,0.4999999999999999,0.8660254037844387,0,JAN,0,0.03894787,0,TRUE_NEGATIVE
North Interior Karnataka,2016,11.0,3,3.1,186.79999999999995,556.1999999999998,625.7,28.77692307692308,-25.676923076923075,-89.227479283614,25.676923076923075,0,-0.7421700072143183,0,2016-11-01,28.7,155.0,70.0,253.6999999999999,603.0999999999998,628.3000000000001,-41.3,-0.5000000000000004,0.8660254037844384,0,NOV,0,0.038885467,0,TRUE_NEGATIVE
Punjab,2004,2.0,0,5.7,43.09999999999992,97.5,395.9,26.405982905982903,-20.705982905982907,-78.41398284512057,20.705982905982907,0,-0.8829328856738629,0,2004-02-01,32.4,5.0,2.2,39.59999999999992,186.5,446.6,30.2,0.8660254037844386,0.5000000000000001,0,FEB,0,0.038832642,0,TRUE_NEGATIVE
Coastal Karnataka,2009,12.0,3,35.4,455.19999999999953,3250.900000000001,3862.0,12.508547008547009,22.89145299145299,183.0064912880082,0.0,0,0.9697790695711872,0,2009-12-01,132.4,287.4,530.7,950.4999999999995,3665.8000000000006,3840.1,-398.30000000000007,-2.4492935982947064e-16,1.0,0,DEC,0,0.03882042,0,TRUE_NEGATIVE
South Interior Karnataka,2015,11.0,3,138.1,408.7000000000001,876.0,1126.8,53.6965811965812,84.40341880341879,157.1858336649423,0.0,0,1.8929477628533893,0,2015-11-01,106.1,164.5,136.6,407.2000000000001,863.1999999999999,1008.9,-30.5,-0.5000000000000004,0.8660254037844384,0,NOV,0,0.038805872,0,TRUE_NEGATIVE
Uttarakhand,2010,12.0,3,19.5,31.99999999999983,1213.1999999999991,1424.0,21.845299145299148,-2.345299145299148,-10.735944285770188,2.345299145299148,0,-0.0962216609259834,0,2010-12-01,4.5,8.0,389.7,402.1999999999998,1266.3999999999992,1405.4,-385.2,-2.4492935982947064e-16,1.0,0,DEC,0,0.03879355,0,TRUE_NEGATIVE
East Rajasthan,2004,1.0,0,2.5,4.8,277.0,625.0000000000002,6.38974358974359,-3.88974358974359,-60.87479935794543,3.88974358974359,0,-0.4759534463661297,0,2004-01-01,2.3,0.0,0.1,2.4,520.3,626.6000000000003,2.2,0.4999999999999999,0.8660254037844387,0,JAN,0,0.0387758,0,TRUE_NEGATIVE
Konkan & Goa,2007,2.0,0,0.0,0.0,624.8000000000006,3482.2,0.5384615384615384,-0.5384615384615384,-100.0,0.5384615384615384,0,-0.2650766723091717,0,2007-02-01,0.0,0.0,22.5,22.500000000000227,1511.2000000000007,3482.2,-22.5,0.8660254037844386,0.5000000000000001,0,FEB,0,0.03876319,0,TRUE_NEGATIVE
Matathwada,2016,2.0,0,3.1,3.1000000000001706,181.6999999999999,523.5000000000001,4.394017094017094,-1.2940170940170943,-29.449523439019647,1.2940170940170943,0,-0.1493949331607873,0,2016-02-01,0.0,0.0,4.8,4.80000000000017,290.7999999999999,522.0000000000002,-4.8,0.8660254037844386,0.5000000000000001,0,FEB,0,0.038758807,0,TRUE_NEGATIVE
Punjab,2002,2.0,0,6.6,12.799999999999914,35.099999999999966,439.9,26.405982905982903,-19.80598290598291,-75.00566434698172,19.80598290598291,0,-0.8445555915017098,0,2002-02-01,2.4,3.8,0.9,7.099999999999914,97.99999999999996,435.4,1.5,0.8660254037844386,0.5000000000000001,0,FEB,0,0.038755056,0,TRUE_NEGATIVE
Orissa,2003,11.0,3,11.0,562.6999999999994,1534.2,1619.4,27.82905982905983,-16.82905982905983,-60.47297297297297,16.82905982905983,0,-0.4578326863673937,0,2003-11-01,287.4,264.3,425.1,976.7999999999994,1545.8,1616.2,-137.70000000000005,-0.5000000000000004,0.8660254037844384,0,NOV,0,0.03873774,0,TRUE_NEGATIVE
South Interior Karnataka,2014,11.0,3,20.2,334.70000000000005,967.7,1167.8,53.6965811965812,-33.496581196581204,-62.38121766812576,33.496581196581204,0,-0.7512406409387883,0,2014-11-01,152.9,161.6,254.6,569.1,1078.0,1172.5,-101.7,-0.5000000000000004,0.8660254037844384,0,NOV,0,0.03869711,0,TRUE_NEGATIVE
Matathwada,2011,11.0,3,0.0,114.80000000000014,652.5999999999999,663.7000000000002,22.07350427350428,-22.07350427350428,-100.0,22.07350427350428,0,-0.6402921374344326,0,2011-11-01,24.8,90.0,228.5,343.3000000000001,655.6999999999998,700.5000000000001,-203.7,-0.5000000000000004,0.8660254037844384,0,NOV,0,0.038683508,0,TRUE_NEGATIVE
Matathwada,2000,10.0,3,30.8,315.1000000000001,676.9999999999999,682.1000000000001,59.29829059829059,-28.49829059829059,-48.059211000446815,28.49829059829059,0,-0.5750137687107338,0,2000-10-01,44.8,239.5,157.3,441.60000000000014,646.5999999999999,771.2,-112.5,-0.8660254037844386,0.5000000000000001,0,OCT,0,0.038671006,0,TRUE_NEGATIVE
Rayalseema,2007,1.0,0,0.0,98.6000000000004,403.69999999999993,637.9000000000001,9.8,-9.8,-100.0,9.8,0,-0.5167405117033635,0,2007-01-01,20.0,78.6,88.4,187.0000000000004,446.9,638.0999999999999,-68.4,0.4999999999999999,0.8660254037844387,0,JAN,0,0.03864274,0,TRUE_NEGATIVE
West Rajasthan,2016,8.0,2,191.9,305.1,316.2000000000003,354.80000000000007,94.94786324786324,96.95213675213677,102.11092007309458,0.0,0,1.456180389220006,0,2016-08-01,80.0,33.2,4.0,117.19999999999996,125.90000000000026,223.4000000000001,76.0,-0.8660254037844385,-0.5000000000000004,0,AUG,0,0.038619116,0,TRUE_NEGATIVE
Saurashtra & Kutch,2000,9.0,2,4.5,275.3999999999999,283.7000000000002,376.5999999999999,74.9957264957265,-70.4957264957265,-93.99965810017665,70.4957264957265,0,-0.9552929006192036,0,2000-09-01,46.2,224.7,5.4,276.2999999999999,279.2000000000002,396.0,40.8,-1.0,-1.8369701987210294e-16,0,SEP,0,0.038607456,0,TRUE_NEGATIVE
Telangana,2011,11.0,3,4.2,125.7000000000001,703.6999999999996,762.4,19.92478632478632,-15.724786324786322,-78.92072752230611,15.724786324786322,0,-0.6005809879432427,0,2011-11-01,13.9,107.6,225.9,347.4000000000001,708.7999999999996,798.6999999999999,-212.0,-0.5000000000000004,0.8660254037844384,0,NOV,0,0.038586255,0,TRUE_NEGATIVE
West Uttar Pradesh,2015,2.0,0,7.2,55.09999999999989,154.39999999999978,447.8999999999998,17.614529914529914,-10.414529914529917,-59.12465427725751,10.414529914529917,0,-0.5229770665986304,0,2015-02-01,31.6,16.3,0.0,47.899999999999885,228.19999999999976,470.0999999999998,31.6,0.8660254037844386,0.5000000000000001,0,FEB,0,0.038582515,0,TRUE_NEGATIVE
Punjab,2005,1.0,0,35.8,41.59999999999992,205.9,355.20000000000005,25.23247863247863,10.567521367521366,41.880631393537016,0.0,0,0.4751793921486729,0,2005-01-01,5.0,0.8,31.2,36.99999999999993,222.2,351.8,-26.2,0.4999999999999999,0.8660254037844387,0,JAN,0,0.038576163,0,TRUE_NEGATIVE
West Madhya Pradesh,2001,2.0,0,0.0,2.299999999999716,35.1,615.5000000000002,6.217241379310345,-6.217241379310345,-100.0,6.217241379310345,0,-0.6952566449912545,0,2001-02-01,2.1,0.2,0.0,2.299999999999716,171.29999999999998,615.5000000000002,2.1,0.8660254037844386,0.5000000000000001,0,FEB,0,0.03857116,0,TRUE_NEGATIVE
Jammu & Kashmir,2014,10.0,3,32.2,529.5999999999996,708.1000000000001,1110.8,33.61367521367521,-1.413675213675205,-4.205655004068324,1.413675213675205,0,-0.0408381847319118,0,2014-10-01,362.8,134.6,100.5,597.8999999999996,752.0,1113.0,262.3,-0.8660254037844386,0.5000000000000001,0,OCT,0,0.038558733,0,TRUE_NEGATIVE
South Interior Karnataka,2004,1.0,0,9.1,24.200000000000028,420.7,771.6999999999999,2.952136752136752,6.147863247863247,208.2513028372901,0.0,0,1.2885000910819604,0,2004-01-01,3.6,11.5,192.4,207.50000000000003,574.1,762.6999999999999,-188.8,0.4999999999999999,0.8660254037844387,0,JAN,0,0.038503952,0,TRUE_NEGATIVE
Lakshadweep,2003,10.0,3,191.6,368.0000000000002,1242.7,1389.6,165.50884955752213,26.09115044247787,15.76420264670498,0.0,0,0.3191602316786604,0,2003-10-01,84.3,92.1,400.6,577.0000000000002,1069.1999999999998,1376.1999999999998,-316.3,-0.8660254037844386,0.5000000000000001,0,OCT,0,0.038492847,0,TRUE_NEGATIVE
Assam & Meghalaya,2013,10.0,3,126.3,645.2999999999998,1645.999999999999,1832.9000000000003,152.4974358974359,-26.19743589743591,-17.178935333086734,26.19743589743591,0,-0.3817422923153382,0,2013-10-01,229.3,289.7,367.8,886.7999999999998,1632.499999999999,1906.0000000000005,-138.5,-0.8660254037844386,0.5000000000000001,0,OCT,0,0.038425554,0,TRUE_NEGATIVE
Haryana Delhi & Chandigarh,2005,2.0,0,35.7,50.8,127.0,511.0999999999998,17.14786324786325,18.55213675213676,108.18920400737676,0.0,0,0.9838762536529516,0,2005-02-01,13.9,1.2,0.0,15.1,344.20000000000005,475.6999999999998,13.9,0.8660254037844386,0.5000000000000001,0,FEB,0,0.03841625,0,TRUE_NEGATIVE
Konkan & Goa,2004,10.0,3,32.9,1337.7000000000005,2965.5,2977.8,113.6982905982906,-80.7982905982906,-71.06376900929887,80.7982905982906,0,-0.9160874682556316,0,2004-10-01,293.3,1011.5,902.3,2207.1000000000004,2943.0,2999.299999999999,-609.0,-0.8660254037844386,0.5000000000000001,0,OCT,0,0.038324635,0,TRUE_NEGATIVE
Gujarat Region,2001,9.0,2,17.8,594.6000000000003,813.7999999999998,823.6999999999997,147.77179487179487,-129.97179487179486,-87.9543995419132,129.97179487179486,0,-1.1519470923154862,0,2001-09-01,256.8,320.0,216.9,793.7000000000003,795.9999999999998,819.3999999999996,39.900000000000006,-1.0,-1.8369701987210294e-16,0,SEP,0,0.03829548,0,TRUE_NEGATIVE
Sub Himalayan West Bengal & Sikkim,2016,11.0,3,0.0,649.9000000000013,2162.7000000000007,2633.4999999999995,15.846153846153848,-15.846153846153848,-100.0,15.846153846153848,0,-0.6979833843168435,0,2016-11-01,155.6,494.3,209.9,859.8000000000013,2396.4000000000005,2657.3,-54.30000000000001,-0.5000000000000004,0.8660254037844384,0,NOV,0,0.038241334,0,TRUE_NEGATIVE
East Rajasthan,2007,1.0,0,0.7,1.2999999999999998,434.1,749.2000000000003,6.38974358974359,-5.68974358974359,-89.04494382022472,5.68974358974359,0,-0.6962034920807131,0,2007-01-01,0.5,0.1,2.4,3.0,649.3,748.5000000000002,-1.9,0.4999999999999999,0.8660254037844387,0,JAN,0,0.038226612,0,TRUE_NEGATIVE
Punjab,2008,1.0,0,12.0,23.499999999999915,313.19999999999993,605.6,25.23247863247863,-13.232478632478632,-52.44224646026692,13.232478632478632,0,-0.5950119176031831,0,2008-01-01,10.6,0.9,0.6,12.099999999999914,396.3,594.8000000000001,10.0,0.4999999999999999,0.8660254037844387,0,JAN,0,0.0382167,0,TRUE_NEGATIVE
West Rajasthan,2002,9.0,2,20.6,40.19999999999997,79.70000000000023,90.90000000000006,39.92820512820513,-19.328205128205127,-48.40739789365527,19.328205128205127,0,-0.4964148834626657,0,2002-09-01,17.2,2.4,26.9,46.49999999999997,60.10000000000022,73.10000000000005,-9.7,-1.0,-1.8369701987210294e-16,0,SEP,0,0.03820475,0,TRUE_NEGATIVE
Vidarbha,2004,1.0,0,10.3,12.399999999999546,473.9000000000002,1028.8000000000002,10.390598290598293,-0.0905982905982902,-0.8719256395492277,0.0905982905982902,0,-0.0060267224839178,0,2004-01-01,1.3,0.8,42.6,44.69999999999955,864.6000000000003,1018.5,-41.3,0.4999999999999999,0.8660254037844387,0,JAN,0,0.038196165,0,TRUE_NEGATIVE
West Madhya Pradesh,2006,9.0,2,198.1,998.9999999999995,1099.6,1146.6,160.56923076923076,37.53076923076924,23.373574782025493,0.0,0,0.3917071164861769,0,2006-09-01,501.9,299.0,74.5,875.3999999999996,945.8000000000002,1103.6,427.4,-1.0,-1.8369701987210294e-16,0,SEP,0,0.03811773,0,TRUE_NEGATIVE
Sub Himalayan West Bengal & Sikkim,2004,11.0,3,9.0,602.1000000000014,2187.500000000001,2729.6,15.846153846153848,-6.846153846153847,-43.20388349514563,6.846153846153847,0,-0.3015559281757237,0,2004-11-01,198.4,394.7,356.4,949.5000000000014,2466.000000000001,2737.0,-157.99999999999997,-0.5000000000000004,0.8660254037844384,0,NOV,0,0.038109794,0,TRUE_NEGATIVE
Madhya Maharashtra,2010,11.0,3,73.4,316.1,1015.7999999999996,1031.7,25.553846153846155,47.846153846153854,187.2366044551476,0.0,0,1.412206743731245,0,2010-11-01,77.1,165.6,233.2,475.9,947.7999999999996,1079.6,-156.1,-0.5000000000000004,0.8660254037844384,0,NOV,0,0.03808814,0,TRUE_NEGATIVE
Punjab,2011,1.0,0,3.5,28.999999999999943,243.2,451.20000000000016,25.23247863247863,-21.73247863247863,-86.12898855091119,21.73247863247863,0,-0.9772230996574174,0,2011-01-01,24.4,1.1,4.7,30.199999999999942,383.5,451.5000000000001,19.7,0.4999999999999999,0.8660254037844387,0,JAN,0,0.03808235,0,TRUE_NEGATIVE
Tamil Nadu,2013,2.0,0,30.9,48.79999999999988,413.4,667.9,13.209401709401709,17.690598290598288,133.92429634422516,0.0,0,0.911865418097812,0,2013-02-01,3.9,14.0,44.5,62.399999999999885,480.5,637.0999999999999,-40.6,0.8660254037844386,0.5000000000000001,0,FEB,0,0.038070418,0,TRUE_NEGATIVE
Punjab,2004,3.0,1,0.0,38.09999999999992,45.3,376.5,23.666666666666668,-23.666666666666668,-100.0,23.666666666666668,0,-1.0411826456157036,0,2004-03-01,5.7,32.4,5.0,43.09999999999992,97.5,395.9,0.7000000000000002,1.0,6.123233995736766e-17,0,MAR,0,0.038067907,0,TRUE_NEGATIVE
Assam & Meghalaya,2006,12.0,3,10.7,133.3999999999999,945.6999999999996,1898.7000000000005,8.955555555555556,1.7444444444444436,19.4789081885856,0.0,0,0.1804863021972595,0,2006-12-01,25.1,97.6,252.3,374.9999999999999,1330.8999999999996,1889.3,-227.2,-2.4492935982947064e-16,1.0,0,DEC,0,0.0380434,0,TRUE_NEGATIVE
Punjab,2000,2.0,0,26.6,52.19999999999989,83.49999999999997,367.6,26.405982905982903,0.1940170940170951,0.734746722770679,0.0,0,0.0082731678794671,0,2000-02-01,25.4,0.2,0.1,25.69999999999989,138.89999999999998,346.6,25.3,0.8660254037844386,0.5000000000000001,0,FEB,0,0.037950568,0,TRUE_NEGATIVE
West Rajasthan,2010,3.0,1,0.6,4.199999999999985,4.700000000000199,153.70000000000007,4.011111111111111,-3.411111111111111,-85.0415512465374,3.411111111111111,0,-0.4401210847725101,0,2010-03-01,1.7,1.9,0.1,3.6999999999999855,11.6000000000002,158.40000000000003,1.6,1.0,6.123233995736766e-17,0,MAR,0,0.037939392,0,TRUE_NEGATIVE
West Madhya Pradesh,2009,1.0,0,5.5,12.999999999999716,371.40000000000026,796.2000000000003,9.167521367521369,-3.667521367521367,-40.005593884020136,3.667521367521367,0,-0.3281952227479483,0,2009-01-01,0.0,7.5,12.9,20.399999999999714,587.7000000000002,791.1000000000003,-12.9,0.4999999999999999,0.8660254037844387,0,JAN,0,0.037861478,0,TRUE_NEGATIVE
Gangetic West Bengal,2006,11.0,3,5.9,436.5000000000003,1464.4,1665.0,21.56153846153846,-15.66153846153846,-72.63646093471282,15.66153846153846,0,-0.5070909597572107,0,2006-11-01,49.7,380.9,320.3,750.9000000000002,1579.3000000000002,1659.1,-270.6,-0.5000000000000004,0.8660254037844384,0,NOV,0,0.03773727,0,TRUE_NEGATIVE
Uttarakhand,2000,10.0,3,1.1,732.4999999999999,1549.7999999999993,1709.9,38.53846153846154,-37.43846153846154,-97.14570858283432,37.43846153846154,0,-0.6525227826779664,0,2000-10-01,195.3,536.1,420.1,1151.5,1566.7999999999993,1740.8,-224.8,-0.8660254037844386,0.5000000000000001,0,OCT,0,0.0377146,0,TRUE_NEGATIVE
Madhya Maharashtra,2004,2.0,0,0.1,0.3,149.49999999999977,769.7000000000002,1.448717948717949,-1.3487179487179486,-93.09734513274336,1.3487179487179486,0,-0.466028597685837,0,2004-02-01,0.1,0.1,3.5,3.7,327.7999999999998,771.8000000000001,-3.4,0.8660254037844386,0.5000000000000001,0,FEB,0,0.037636787,0,TRUE_NEGATIVE
Saurashtra & Kutch,2003,9.0,2,21.7,614.5999999999998,682.8000000000003,684.1999999999999,74.9957264957265,-53.2957264957265,-71.06501794974072,53.2957264957265,0,-0.7222144048376704,0,2003-09-01,190.7,402.2,68.2,661.0999999999999,661.1000000000003,677.5999999999999,122.5,-1.0,-1.8369701987210294e-16,0,SEP,0,0.037634037,0,TRUE_NEGATIVE
Orissa,2007,11.0,3,14.0,482.09999999999945,1508.8000000000002,1633.8000000000002,27.82905982905983,-13.82905982905983,-49.692874692874696,13.82905982905983,0,-0.3762180226218604,0,2007-11-01,66.4,401.7,420.6,888.6999999999994,1557.6,1640.8000000000002,-354.20000000000005,-0.5000000000000004,0.8660254037844384,0,NOV,0,0.037598282,0,TRUE_NEGATIVE
Gujarat Region,2004,9.0,2,51.8,843.7000000000003,983.5999999999998,985.4999999999995,147.77179487179487,-95.97179487179488,-64.94594922871372,95.97179487179488,0,-0.85060324169497,0,2004-09-01,553.7,238.2,135.5,927.4000000000004,931.7999999999998,1043.1999999999998,418.2000000000001,-1.0,-1.8369701987210294e-16,0,SEP,0,0.037589535,0,TRUE_NEGATIVE
Chhattisgarh,2001,10.0,3,86.9,575.6000000000006,1562.1999999999998,1595.8,63.78034188034188,23.119658119658126,36.24887769186445,0.0,0,0.4711999025487433,0,2001-10-01,108.4,380.3,630.6,1119.3000000000006,1492.8999999999996,1513.1999999999998,-522.2,-0.8660254037844386,0.5000000000000001,0,OCT,0,0.03753388,0,TRUE_NEGATIVE
West Uttar Pradesh,2000,12.0,3,0.0,0.0,569.1999999999998,771.2999999999998,7.006837606837607,-7.006837606837607,-100.0,7.006837606837607,0,-0.7184759217287318,0,2000-12-01,0.0,0.0,79.1,79.09999999999991,712.1999999999998,771.9999999999999,-79.1,-2.4492935982947064e-16,1.0,0,DEC,0,0.03751982,0,TRUE_NEGATIVE
Madhya Maharashtra,2015,2.0,0,0.8,15.299999999999942,206.99999999999983,830.9000000000001,1.448717948717949,-0.6487179487179486,-44.778761061946895,0.6487179487179486,0,-0.2241544395713246,0,2015-02-01,1.4,13.1,32.8,47.29999999999994,446.49999999999983,836.3000000000001,-31.4,0.8660254037844386,0.5000000000000001,0,FEB,0,0.037518907,0,TRUE_NEGATIVE
West Uttar Pradesh,2012,2.0,0,0.1,16.099999999999888,118.99999999999976,779.3999999999999,17.614529914529914,-17.514529914529913,-99.43228686496192,17.514529914529913,0,-0.8795113704340691,1,2012-02-01,14.5,1.5,0.5,16.499999999999886,351.1999999999998,789.6999999999998,14.0,0.8660254037844386,0.5000000000000001,0,FEB,0,0.037507012,0,TRUE_NEGATIVE
Sub Himalayan West Bengal & Sikkim,2000,10.0,3,82.9,1046.8000000000015,2597.2000000000007,2899.5,143.94358974358977,-61.04358974358976,-42.40799458477325,61.04358974358976,0,-0.6890856232666055,0,2000-10-01,465.8,498.1,574.3,1538.2000000000016,2699.4000000000005,3062.6,-108.49999999999994,-0.8660254037844386,0.5000000000000001,0,OCT,0,0.037500057,0,TRUE_NEGATIVE
Sub Himalayan West Bengal & Sikkim,2014,10.0,3,31.2,966.0000000000013,2202.400000000001,2333.6,143.94358974358977,-112.74358974358977,-78.32484235277353,112.74358974358977,0,-1.2726968897816875,0,2014-10-01,371.5,563.3,384.6,1319.4000000000012,2219.100000000001,2502.2000000000003,-13.100000000000025,-0.8660254037844386,0.5000000000000001,0,OCT,0,0.03742801,0,TRUE_NEGATIVE
North Interior Karnataka,2005,11.0,3,5.0,266.99999999999983,708.3999999999997,807.7,28.77692307692308,-23.77692307692308,-82.6249665864742,23.77692307692308,0,-0.6872520947571773,0,2005-11-01,102.3,159.7,123.3,385.29999999999984,737.8999999999997,807.0,-21.0,-0.5000000000000004,0.8660254037844384,0,NOV,0,0.037427556,0,TRUE_NEGATIVE
South Interior Karnataka,2012,1.0,0,4.6,66.30000000000005,521.8,1089.8,2.952136752136752,1.6478632478632478,55.81933989577303,0.0,0,0.3453674649806784,0,2012-01-01,5.0,56.7,144.8,206.50000000000009,719.5999999999999,1087.3,-139.8,0.4999999999999999,0.8660254037844387,0,JAN,0,0.03741924,0,TRUE_NEGATIVE
Telangana,2001,11.0,3,17.4,272.9000000000002,847.3999999999997,924.7,19.92478632478632,-2.524786324786323,-12.671585449553872,2.524786324786323,0,-0.0964298422863538,0,2001-11-01,135.6,119.9,266.8,522.3000000000002,837.4999999999998,913.7,-131.20000000000002,-0.5000000000000004,0.8660254037844384,0,NOV,0,0.037398368,0,TRUE_NEGATIVE
West Madhya Pradesh,2005,2.0,0,3.1,17.599999999999717,119.20000000000012,848.0000000000002,6.217241379310345,-3.1172413793103453,-50.13865779256794,3.1172413793103453,0,-0.3485923500122541,0,2005-02-01,13.7,0.8,2.2,16.699999999999715,538.0000000000001,844.9000000000002,11.5,0.8660254037844386,0.5000000000000001,0,FEB,0,0.03737153,0,TRUE_NEGATIVE
West Uttar Pradesh,2014,10.0,3,14.6,180.2999999999999,364.89999999999975,481.0999999999998,28.37264957264957,-13.772649572649572,-48.541993011206166,13.772649572649572,0,-0.3096316671308584,0,2014-10-01,84.7,81.0,151.6,317.2999999999999,355.59999999999974,527.6999999999998,-66.89999999999999,-0.8660254037844386,0.5000000000000001,0,OCT,0,0.037352,0,TRUE_NEGATIVE
Naga Mani Mizo Tripura,2009,11.0,3,26.1,455.60000000000025,1404.2,1738.6999999999998,46.87008547008547,-20.77008547008547,-44.314161712680985,20.77008547008547,0,-0.4118818059295099,0,2009-11-01,158.2,271.3,380.9,810.4000000000003,1587.6,1717.3,-222.7,-0.5000000000000004,0.8660254037844384,0,NOV,0,0.037307676,0,TRUE_NEGATIVE
Haryana Delhi & Chandigarh,2011,2.0,0,26.7,40.2,228.7,652.7999999999998,17.14786324786325,9.55213675213675,55.70453072820614,0.0,0,0.5065788726999624,0,2011-02-01,0.7,12.8,3.5,17.0,400.5,636.2999999999998,-2.8,0.8660254037844386,0.5000000000000001,0,FEB,0,0.03729955,0,TRUE_NEGATIVE
Konkan & Goa,2010,12.0,3,1.4,298.30000000000024,3084.900000000001,3778.099999999999,4.653846153846154,-3.2538461538461543,-69.91735537190084,3.2538461538461543,0,-0.2292532543186485,0,2010-12-01,106.7,190.2,531.3,828.2000000000002,3764.300000000001,3776.699999999999,-424.6,-2.4492935982947064e-16,1.0,0,DEC,0,0.03726784,0,TRUE_NEGATIVE
Konkan & Goa,2017,1.0,0,0.0,2.1000000000002275,1525.6000000000013,3663.899999999999,1.2410256410256408,-1.2410256410256408,-100.0,1.2410256410256408,0,-0.3220005701600948,0,2017-01-01,0.1,2.0,106.3,108.40000000000022,2852.900000000001,3663.899999999999,-106.2,0.4999999999999999,0.8660254037844387,0,JAN,0,0.037249696,0,TRUE_NEGATIVE
Gujarat Region,2006,2.0,0,0.0,0.0,340.5999999999997,1316.2999999999995,1.170940170940171,-1.170940170940171,-100.0,1.170940170940171,0,-0.4108450384999035,0,2006-02-01,0.0,0.0,0.0,0.0,569.9999999999998,1316.2999999999995,0.0,0.8660254037844386,0.5000000000000001,0,FEB,0,0.037231576,0,TRUE_NEGATIVE
Konkan & Goa,2017,2.0,0,0.0,0.1000000000002273,708.6000000000012,3663.799999999999,0.5384615384615384,-0.5384615384615384,-100.0,0.5384615384615384,0,-0.2650766723091717,0,2017-02-01,0.0,0.1,2.0,2.1000000000002275,1525.6000000000013,3663.899999999999,-2.0,0.8660254037844386,0.5000000000000001,0,FEB,0,0.037226506,0,TRUE_NEGATIVE
Rayalseema,2003,2.0,0,1.3,14.20000000000037,304.0999999999999,587.8,5.582905982905984,-4.282905982905984,-76.71463563992653,4.282905982905984,0,-0.3700192694439199,0,2003-02-01,0.0,12.9,44.2,57.10000000000037,372.6,589.7,-44.2,0.8660254037844386,0.5000000000000001,0,FEB,0,0.03710925,0,TRUE_NEGATIVE
Telangana,2006,1.0,0,0.0,22.70000000000017,531.9999999999997,1119.6,7.581196581196581,-7.581196581196581,-100.0,7.581196581196581,0,-0.5496692177868894,0,2006-01-01,18.8,3.9,136.1,158.80000000000015,932.2999999999996,1163.0,-117.3,0.4999999999999999,0.8660254037844387,0,JAN,0,0.03710813,0,TRUE_NEGATIVE
Coastal Andhra Pradesh,2005,10.0,3,298.0,801.9999999999999,1090.0000000000005,1170.8,183.9017094017094,114.0982905982906,62.04308321520693,0.0,0,1.1346511723828585,0,2005-10-01,398.1,105.9,151.5,655.4999999999999,824.2000000000004,1020.7,246.6,-0.8660254037844386,0.5000000000000001,0,OCT,0,0.037044015,0,TRUE_NEGATIVE
Assam & Meghalaya,2007,12.0,3,4.0,216.3999999999997,1701.7999999999995,2752.7000000000003,8.955555555555556,-4.955555555555556,-55.33498759305211,4.955555555555556,0,-0.5127190495539987,0,2007-12-01,47.7,164.7,494.7,707.0999999999998,2187.4999999999995,2759.4,-447.0,-2.4492935982947064e-16,1.0,0,DEC,0,0.036973853,0,TRUE_NEGATIVE
West Uttar Pradesh,2000,1.0,0,8.8,9.599999999999945,485.0999999999999,775.9,17.57008547008547,-8.77008547008547,-49.91487084691346,8.77008547008547,0,-0.5576724144454065,0,2000-01-01,0.7,0.1,33.4,34.19999999999994,691.3999999999999,786.4,-32.7,0.4999999999999999,0.8660254037844387,0,JAN,0,0.036925428,0,TRUE_NEGATIVE
Uttarakhand,2003,10.0,3,1.8,657.8999999999999,1385.499999999999,1713.2,38.53846153846154,-36.73846153846154,-95.32934131736528,36.73846153846154,0,-0.6403223361557361,0,2003-10-01,239.9,416.2,515.3,1171.4,1437.799999999999,1731.3,-275.4,-0.8660254037844386,0.5000000000000001,0,OCT,0,0.03688372,0,TRUE_NEGATIVE
Saurashtra & Kutch,2005,3.0,1,0.0,0.0,19.700000000000227,482.1,1.276923076923077,-1.276923076923077,-100.0,1.276923076923077,0,-0.2262333753033426,0,2005-03-01,0.0,0.0,0.0,0.0,55.80000000000023,482.1,0.0,1.0,6.123233995736766e-17,0,MAR,0,0.03677396,0,TRUE_NEGATIVE
Rayalseema,2005,2.0,0,13.6,14.90000000000037,358.5999999999999,742.1,5.582905982905984,8.017094017094017,143.60073484384566,0.0,0,0.6926323582885586,0,2005-02-01,1.3,0.0,65.6,66.90000000000036,368.1,732.8,-64.3,0.8660254037844386,0.5000000000000001,0,FEB,0,0.036761798,0,TRUE_NEGATIVE
East Madhya Pradesh,2001,10.0,3,110.0,404.2999999999995,1140.6000000000008,1169.1,39.41623931623931,70.58376068376069,179.0727931131687,0.0,0,1.7078032075702074,0,2001-10-01,50.4,243.9,468.4,762.6999999999995,1053.6000000000008,1060.9,-418.0,-0.8660254037844386,0.5000000000000001,0,OCT,0,0.036736187,0,TRUE_NEGATIVE
Kerala,2014,11.0,3,99.5,753.7999999999995,2619.9000000000005,3016.4,162.55897435897438,-63.05897435897438,-38.79144452506389,63.05897435897438,0,-0.7530908214831851,0,2014-11-01,355.5,298.8,733.9,1388.1999999999994,2771.4000000000005,3071.8,-378.4,-0.5000000000000004,0.8660254037844384,0,NOV,0,0.036731824,0,TRUE_NEGATIVE
Naga Mani Mizo Tripura,2015,10.0,3,118.7,708.8000000000001,1604.6,1911.7,175.45299145299143,-56.75299145299145,-32.34655105222136,56.75299145299145,0,-0.7016747222136317,0,2015-10-01,255.9,334.2,413.6,1003.7000000000002,1739.4,1862.6,-157.70000000000002,-0.8660254037844386,0.5000000000000001,0,OCT,0,0.036689304,0,TRUE_NEGATIVE
North Interior Karnataka,2003,11.0,3,4.2,160.59999999999982,425.8999999999998,471.3,28.77692307692308,-24.57692307692308,-85.40497193263833,24.57692307692308,0,-0.7103754263180788,0,2003-11-01,92.1,64.3,104.0,260.3999999999998,425.1999999999998,470.5,-11.900000000000006,-0.5000000000000004,0.8660254037844384,0,NOV,0,0.03666416,0,TRUE_NEGATIVE
East Uttar Pradesh,2013,1.0,0,6.1,7.100000000000227,328.20000000000005,588.5000000000001,15.866666666666667,-9.766666666666667,-61.5546218487395,9.766666666666667,0,-0.6699774777831353,0,2013-01-01,0.7,0.3,0.7,1.700000000000227,556.3,602.7,0.0,0.4999999999999999,0.8660254037844387,0,JAN,0,0.03665165,0,TRUE_NEGATIVE
West Rajasthan,2015,3.0,1,30.3,32.600000000000016,33.300000000000225,327.30000000000007,4.011111111111111,26.28888888888889,655.4016620498616,0.0,0,3.3919429530024727,0,2015-03-01,0.9,1.4,0.0,2.300000000000014,87.90000000000023,301.70000000000005,0.9,1.0,6.123233995736766e-17,0,MAR,0,0.036618832,0,TRUE_NEGATIVE
North Interior Karnataka,2002,2.0,0,7.9,13.09999999999983,340.1999999999998,607.5,3.1213675213675214,4.778632478632479,153.09419496166487,0.0,0,0.868600141474609,0,2002-02-01,3.8,1.4,2.5,7.699999999999829,441.0999999999999,599.6,1.2999999999999998,0.8660254037844386,0.5000000000000001,0,FEB,0,0.03661553,0,TRUE_NEGATIVE
Telangana,2015,11.0,3,0.3,174.20000000000002,705.9999999999997,856.2,19.92478632478632,-19.62478632478632,-98.49433768016472,19.62478632478632,0,-0.7495347355236871,0,2015-11-01,15.6,158.3,160.5,334.40000000000003,728.9999999999997,866.7,-144.9,-0.5000000000000004,0.8660254037844384,0,NOV,0,0.036606688,0,TRUE_NEGATIVE
Jharkhand,2003,10.0,3,255.5,724.5999999999999,1146.0000000000002,1233.4,79.92136752136751,175.57863247863247,219.68922445138384,0.0,0,2.705420633288317,0,2003-10-01,224.0,245.1,247.5,716.5999999999999,908.4000000000002,1032.9,-23.5,-0.8660254037844386,0.5000000000000001,0,OCT,0,0.03658002,0,TRUE_NEGATIVE
Saurashtra & Kutch,2006,2.0,0,0.0,0.0,234.80000000000024,631.5,1.588034188034188,-1.588034188034188,-100.0,1.588034188034188,0,-0.3746404279887505,0,2006-02-01,0.0,0.0,0.0,0.0,303.2000000000002,631.5,0.0,0.8660254037844386,0.5000000000000001,0,FEB,0,0.03657907,0,TRUE_NEGATIVE
Orissa,2014,11.0,3,2.2,395.0999999999996,1369.8,1536.1,27.82905982905983,-25.62905982905983,-92.0945945945946,25.62905982905983,0,-0.6972357000209584,0,2014-11-01,111.8,281.1,386.3,779.1999999999996,1479.5,1535.1,-274.5,-0.5000000000000004,0.8660254037844384,0,NOV,0,0.036569048,0,TRUE_NEGATIVE
Punjab,2010,8.0,2,96.7,282.29999999999995,290.9,370.3000000000001,157.74615384615385,-61.04615384615384,-38.69898083581216,61.04615384615384,0,-0.8350228092449288,0,2010-08-01,143.8,41.8,6.0,191.6,208.0,350.4000000000001,137.8,-0.8660254037844385,-0.5000000000000004,0,AUG,0,0.036565024,0,TRUE_NEGATIVE
Rayalseema,2008,2.0,0,18.7,106.9000000000004,505.1,1005.2,5.582905982905984,13.117094017094017,234.9510104102877,0.0,0,1.1332440088117814,0,2008-02-01,6.4,81.8,35.3,123.5000000000004,673.3,987.0,-28.9,0.8660254037844386,0.5000000000000001,0,FEB,0,0.036552772,0,TRUE_NEGATIVE
West Rajasthan,2008,4.0,1,18.2,19.19999999999997,21.8000000000002,272.30000000000007,3.5418803418803417,14.658119658119658,413.8513513513513,0.0,0,2.495874372689898,0,2008-04-01,0.8,0.2,1.6,2.599999999999972,3.600000000000199,256.40000000000003,-0.8,0.8660254037844387,-0.4999999999999998,0,APR,0,0.036534775,0,TRUE_NEGATIVE
North Interior Karnataka,2010,10.0,3,82.1,408.79999999999984,751.8999999999999,836.1999999999999,95.56239316239316,-13.462393162393155,-14.087542930738405,13.462393162393155,0,-0.2438859991050158,0,2010-10-01,119.2,207.5,193.5,520.1999999999998,685.2999999999998,922.7,-74.3,-0.8660254037844386,0.5000000000000001,0,OCT,0,0.0364799,0,TRUE_NEGATIVE
Rayalseema,2011,2.0,0,12.1,59.6000000000004,441.0,970.9,5.582905982905984,6.517094017094016,116.73300673606856,0.0,0,0.5630406963699637,0,2011-02-01,0.8,46.7,175.1,222.6000000000004,583.9,959.6,-174.29999999999998,0.8660254037844386,0.5000000000000001,0,FEB,0,0.036478773,0,TRUE_NEGATIVE
West Rajasthan,2007,1.0,0,0.0,2.8999999999999715,243.10000000000025,361.30000000000007,3.323076923076924,-3.323076923076924,-100.0,3.323076923076924,0,-0.7336938555019189,0,2007-01-01,2.5,0.4,5.3,8.19999999999997,295.80000000000024,361.30000000000007,-2.8,0.4999999999999999,0.8660254037844387,0,JAN,0,0.036453422,0,TRUE_NEGATIVE
Saurashtra & Kutch,2008,2.0,0,0.1,0.1999999999999431,160.10000000000022,889.0999999999999,1.588034188034188,-1.488034188034188,-93.70290635091496,1.488034188034188,0,-0.3510489693909658,0,2008-02-01,0.1,0.0,1.2,1.2999999999999432,565.4000000000002,890.8999999999999,-1.1,0.8660254037844386,0.5000000000000001,0,FEB,0,0.036452994,0,TRUE_NEGATIVE
West Madhya Pradesh,2006,3.0,1,44.3,44.29999999999971,47.00000000000017,767.5000000000002,5.1179487179487175,39.18205128205128,765.5811623246493,0.0,0,4.412860686236926,0,2006-03-01,0.0,0.0,1.4,1.3999999999997157,157.80000000000015,735.5000000000001,-1.4,1.0,6.123233995736766e-17,0,MAR,0,0.036452066,0,TRUE_NEGATIVE
Punjab,2017,2.0,0,3.0,46.49999999999983,66.3,477.0000000000001,26.405982905982903,-23.405982905982903,-88.63893833953715,23.405982905982903,0,-0.9980647681903216,0,2017-02-01,42.4,1.1,0.5,43.99999999999983,208.1,480.0000000000001,41.9,0.8660254037844386,0.5000000000000001,0,FEB,0,0.03637899,0,TRUE_NEGATIVE
Punjab,2015,1.0,0,17.7,32.499999999999844,186.2,378.80000000000007,25.23247863247863,-7.532478632478632,-29.85231352889371,7.532478632478632,0,-0.3387055955197554,0,2015-01-01,14.1,0.7,6.0,20.79999999999984,244.8,382.9000000000001,8.1,0.4999999999999999,0.8660254037844387,0,JAN,0,0.036182407,0,TRUE_NEGATIVE
Arunachal Pradesh,2010,10.0,3,97.7,863.400000000001,2063.999999999999,2832.3,194.79381443298968,-97.09381443298967,-49.84440328129134,97.09381443298967,0,-0.6706266933036485,0,2010-10-01,444.2,321.5,378.0,1143.700000000001,2433.199999999999,2817.5,66.19999999999999,-0.8660254037844386,0.5000000000000001,0,OCT,0,0.036153093,0,TRUE_NEGATIVE
Konkan & Goa,2014,2.0,0,5.3,8.100000000000454,500.2000000000011,3523.3,0.5384615384615384,4.7615384615384615,884.2857142857143,0.0,0,2.3440351451339616,0,2014-02-01,1.3,1.5,2.1,4.900000000000455,992.5000000000013,3523.399999999999,-0.8,0.8660254037844386,0.5000000000000001,0,FEB,0,0.036152378,0,TRUE_NEGATIVE
Orissa,2001,10.0,3,86.8,599.6999999999992,1591.0,1655.5,113.82649572649574,-27.02649572649574,-23.743589358522875,27.02649572649574,0,-0.3581716297874177,0,2001-10-01,132.0,380.9,584.2,1097.0999999999997,1532.9,1595.3,-452.2000000000001,-0.8660254037844386,0.5000000000000001,0,OCT,0,0.036110688,0,TRUE_NEGATIVE
Lakshadweep,2001,10.0,3,105.2,463.0000000000003,1133.1,1329.7999999999995,165.50884955752213,-60.30884955752212,-36.43844405828098,60.30884955752212,0,-0.7377285428439792,0,2001-10-01,213.5,144.3,198.9,556.7000000000003,1132.5,1365.9999999999998,14.599999999999994,-0.8660254037844386,0.5000000000000001,0,OCT,0,0.03608183,0,TRUE_NEGATIVE
East Rajasthan,2013,1.0,0,1.4,1.5,498.3,693.1000000000004,6.38974358974359,-4.98974358974359,-78.08988764044943,4.98974358974359,0,-0.6105506965250417,0,2013-01-01,0.1,0.0,0.5,0.6,667.4000000000001,693.6000000000003,-0.4,0.4999999999999999,0.8660254037844387,0,JAN,0,0.036073487,0,TRUE_NEGATIVE
Sub Himalayan West Bengal & Sikkim,2015,10.0,3,53.6,1035.1000000000013,2241.2000000000007,2493.4,143.94358974358977,-90.34358974358976,-62.763190708610935,90.34358974358976,0,-1.019836302355424,0,2015-10-01,354.9,626.6,393.3,1374.800000000001,2336.600000000001,2471.0,-38.400000000000034,-0.8660254037844386,0.5000000000000001,0,OCT,0,0.0359681,0,TRUE_NEGATIVE
East Rajasthan,2015,2.0,0,0.1,13.3,153.39999999999995,657.1000000000003,5.328205128205128,-5.228205128205128,-98.12319538017324,5.228205128205128,0,-0.7030377546880169,0,2015-02-01,12.1,1.1,0.0,13.2,414.3,667.0000000000002,12.1,0.8660254037844386,0.5000000000000001,0,FEB,0,0.03592307,0,TRUE_NEGATIVE
Orissa,2005,1.0,0,29.4,31.19999999999937,675.3,1313.0,12.152136752136752,17.247863247863247,141.93276128850752,0.0,0,1.109582173122435,0,2005-01-01,0.0,1.8,149.6,151.39999999999938,973.9,1290.4,-149.6,0.4999999999999999,0.8660254037844387,0,JAN,0,0.03590052,0,TRUE_NEGATIVE
Assam & Meghalaya,2006,10.0,3,97.6,559.5999999999999,1631.4999999999995,1873.1,152.4974358974359,-54.89743589743591,-35.99892389951913,54.89743589743591,0,-0.7999513045386503,0,2006-10-01,252.3,209.7,350.3,812.3,1702.8999999999994,1994.1,-98.0,-0.8660254037844386,0.5000000000000001,0,OCT,0,0.035895403,0,TRUE_NEGATIVE
Orissa,2012,11.0,3,72.1,380.4999999999996,1291.4,1403.2,27.82905982905983,44.270940170940165,159.08169533169533,0.0,0,1.204385965249969,0,2012-11-01,66.0,242.4,417.0,725.3999999999995,1240.6,1331.1999999999998,-351.0,-0.5000000000000004,0.8660254037844384,0,NOV,0,0.03585277,0,TRUE_NEGATIVE
Coastal Karnataka,2011,1.0,0,4.8,247.2999999999996,1647.9000000000003,3677.1,1.918103448275862,2.8818965517241377,150.24719101123594,0.0,0,0.6887318993885746,0,2011-01-01,11.0,231.5,294.7,537.1999999999996,2843.3000000000006,3686.7,-283.7,0.4999999999999999,0.8660254037844387,0,JAN,0,0.035849813,0,TRUE_NEGATIVE
Haryana Delhi & Chandigarh,2007,1.0,0,0.5,6.900000000000029,92.7,329.19999999999976,16.89316239316239,-16.39316239316239,-97.04022261573488,16.39316239316239,0,-1.0546832937463009,0,2007-01-01,5.2,1.2,3.8,10.200000000000028,227.4,330.9999999999998,1.4000000000000004,0.4999999999999999,0.8660254037844387,0,JAN,0,0.03583378,0,TRUE_NEGATIVE
Konkan & Goa,2009,1.0,0,0.0,3.300000000000227,1444.9000000000008,3052.9999999999995,1.2410256410256408,-1.2410256410256408,-100.0,1.2410256410256408,0,-0.3220005701600948,0,2009-01-01,2.4,0.9,57.3,60.60000000000022,2211.500000000001,3052.9999999999995,-54.9,0.4999999999999999,0.8660254037844387,0,JAN,0,0.035824504,0,TRUE_NEGATIVE
Rayalseema,2004,11.0,3,65.6,343.7000000000004,529.5,751.3,101.22991452991452,-35.62991452991453,-35.19702125144589,35.62991452991453,0,-0.4924061746563224,0,2004-11-01,124.4,153.7,23.1,301.2000000000004,613.5999999999999,697.4,101.3,-0.5000000000000004,0.8660254037844384,0,NOV,0,0.03582223,0,TRUE_NEGATIVE
Haryana Delhi & Chandigarh,2001,12.0,3,0.2,11.4,270.4,485.39999999999975,7.107692307692308,-6.907692307692308,-97.18614718614718,6.907692307692308,0,-0.6429153611619778,0,2001-12-01,0.1,11.1,10.3,21.5,387.4,486.39999999999975,-10.2,-2.4492935982947064e-16,1.0,0,DEC,0,0.03576546,0,TRUE_NEGATIVE
Matathwada,2014,11.0,3,19.9,118.60000000000016,432.8999999999999,558.7000000000002,22.07350427350428,-2.1735042735042747,-9.846666150391084,2.1735042735042747,0,-0.0630474291603719,0,2014-11-01,14.2,84.5,178.9,277.6000000000002,419.9999999999999,546.2000000000003,-164.70000000000002,-0.5000000000000004,0.8660254037844384,0,NOV,0,0.035741054,0,TRUE_NEGATIVE
West Uttar Pradesh,2015,1.0,0,31.6,47.899999999999885,228.19999999999976,470.0999999999998,17.57008547008547,14.029914529914532,79.8511455951744,0.0,0,0.892134556390347,0,2015-01-01,16.3,0.0,14.6,30.899999999999885,348.19999999999976,486.79999999999984,1.700000000000001,0.4999999999999999,0.8660254037844387,0,JAN,0,0.03572614,0,TRUE_NEGATIVE
Gangetic West Bengal,2000,11.0,3,1.6,506.2000000000002,1231.7,1571.9,21.56153846153846,-19.96153846153846,-92.57937923653228,19.96153846153846,0,-0.6463168175687436,0,2000-11-01,76.2,428.4,178.4,683.0000000000002,1445.1,1584.0,-102.2,-0.5000000000000004,0.8660254037844384,0,NOV,0,0.035715178,0,TRUE_NEGATIVE
Rayalseema,2015,1.0,0,1.9,52.500000000000426,353.5999999999999,553.6,9.8,-7.899999999999999,-80.61224489795917,7.899999999999999,0,-0.4165561267812829,0,2015-01-01,12.8,37.8,104.6,155.20000000000044,420.3999999999999,551.9,-91.8,0.4999999999999999,0.8660254037844387,0,JAN,0,0.035683677,0,TRUE_NEGATIVE
Konkan & Goa,2011,2.0,0,0.0,1.4000000000002273,829.600000000001,3775.399999999999,0.5384615384615384,-0.5384615384615384,-100.0,0.5384615384615384,0,-0.2650766723091717,0,2011-02-01,0.0,1.4,106.7,108.10000000000024,1679.600000000001,3775.399999999999,-106.7,0.8660254037844386,0.5000000000000001,0,FEB,0,0.035643157,0,TRUE_NEGATIVE
South Interior Karnataka,2003,11.0,3,11.5,255.80000000000004,688.6999999999999,759.7,53.6965811965812,-42.1965811965812,-78.58336649423,42.1965811965812,0,-0.94635886920844,0,2003-11-01,192.4,51.9,152.2,396.5,686.8,767.0,40.20000000000002,-0.5000000000000004,0.8660254037844384,0,NOV,0,0.035640024,0,TRUE_NEGATIVE
East Uttar Pradesh,2015,1.0,0,30.0,38.40000000000023,357.9,683.8000000000001,15.866666666666667,14.133333333333333,89.07563025210084,0.0,0,0.9695237221162094,0,2015-01-01,8.4,0.0,74.7,83.10000000000024,552.4,701.2,-66.3,0.4999999999999999,0.8660254037844387,0,JAN,0,0.035604194,0,TRUE_NEGATIVE
Konkan & Goa,2012,1.0,0,0.0,3.100000000000455,1579.600000000001,3825.199999999999,1.2410256410256408,-1.2410256410256408,-100.0,1.2410256410256408,0,-0.3220005701600948,0,2012-01-01,0.0,3.1,120.3,123.40000000000045,2963.700000000001,3825.199999999999,-120.3,0.4999999999999999,0.8660254037844387,0,JAN,0,0.03558711,0,TRUE_NEGATIVE
East Uttar Pradesh,2013,10.0,3,97.4,421.7000000000002,962.5,1040.6,42.43418803418803,54.96581196581197,129.53190460844343,0.0,0,1.0993280983861158,0,2013-10-01,78.2,246.1,230.0,554.3000000000002,873.8,943.9,-151.8,-0.8660254037844386,0.5000000000000001,0,OCT,0,0.035560813,0,TRUE_NEGATIVE
Punjab,2010,2.0,0,13.8,17.999999999999943,79.4,354.9000000000001,26.405982905982903,-12.605982905982906,-47.739116361870856,12.605982905982906,0,-0.5375372381244862,0,2010-02-01,3.8,0.4,2.7,6.899999999999944,142.4,355.50000000000006,1.0999999999999996,0.8660254037844386,0.5000000000000001,0,FEB,0,0.0355546,0,TRUE_NEGATIVE
Haryana Delhi & Chandigarh,2011,12.0,3,0.4,0.4000000000000284,345.79999999999995,512.0999999999998,7.107692307692308,-6.707692307692308,-94.37229437229436,6.707692307692308,0,-0.6243008852263303,0,2011-12-01,0.0,0.0,133.1,133.1,439.8,524.4999999999998,-133.1,-2.4492935982947064e-16,1.0,0,DEC,0,0.035546634,0,TRUE_NEGATIVE
Konkan & Goa,2012,2.0,0,0.0,0.0,591.7000000000012,3825.199999999999,0.5384615384615384,-0.5384615384615384,-100.0,0.5384615384615384,0,-0.2650766723091717,0,2012-02-01,0.0,0.0,3.1,3.100000000000455,1579.600000000001,3825.199999999999,-3.1,0.8660254037844386,0.5000000000000001,0,FEB,0,0.035533097,0,TRUE_NEGATIVE
Tamil Nadu,2013,12.0,3,53.2,293.3999999999999,560.3,742.0,81.14615384615385,-27.946153846153848,-34.439283344392834,27.946153846153848,0,-0.4269668990854469,0,2013-12-01,112.3,127.9,113.5,353.69999999999993,561.7,702.8000000000001,-1.2000000000000028,-2.4492935982947064e-16,1.0,0,DEC,0,0.03544123,0,TRUE_NEGATIVE
Sub Himalayan West Bengal & Sikkim,2009,12.0,3,5.6,249.8000000000013,1448.900000000001,2324.7,5.967521367521368,-0.367521367521368,-6.158693784016049,0.367521367521368,0,-0.0386484233239608,0,2009-12-01,9.1,235.1,174.6,418.8000000000014,1793.9000000000008,2328.6,-165.5,-2.4492935982947064e-16,1.0,0,DEC,0,0.03541697,0,TRUE_NEGATIVE
Konkan & Goa,2004,2.0,0,0.0,0.0,355.0000000000002,2841.099999999999,0.5384615384615384,-0.5384615384615384,-100.0,0.5384615384615384,0,-0.2650766723091717,0,2004-02-01,0.0,0.0,1.9,1.9000000000004549,948.7000000000004,2841.7,-1.9,0.8660254037844386,0.5000000000000001,0,FEB,0,0.035402864,0,TRUE_NEGATIVE
Naga Mani Mizo Tripura,2013,10.0,3,125.6,658.3000000000002,1469.7,1588.0,175.45299145299143,-49.85299145299146,-28.41387373343726,49.85299145299146,0,-0.6163654643345238,0,2013-10-01,241.4,291.3,255.9,788.6000000000001,1404.4,1623.3,-14.5,-0.8660254037844386,0.5000000000000001,0,OCT,0,0.035366837,0,TRUE_NEGATIVE
Jharkhand,2005,10.0,3,83.1,439.0999999999999,886.2000000000003,954.8,79.92136752136751,3.17863247863248,3.977199811780812,0.0,0,0.0489782712846863,0,2005-10-01,141.5,214.5,266.4,622.3999999999999,812.7000000000002,999.8,-124.89999999999998,-0.8660254037844386,0.5000000000000001,0,OCT,0,0.03536346,0,TRUE_NEGATIVE
North Interior Karnataka,2015,11.0,3,5.7,217.7,424.1999999999999,564.3,28.77692307692308,-23.07692307692308,-80.1924619085806,23.07692307692308,0,-0.6670191796413886,0,2015-11-01,61.2,150.8,78.4,290.3999999999999,463.79999999999984,583.6,-17.200000000000003,-0.5000000000000004,0.8660254037844384,0,NOV,0,0.03535599,0,TRUE_NEGATIVE
Rayalseema,2009,11.0,3,135.6,360.7000000000005,591.3,658.8,101.22991452991452,34.37008547008547,33.95249875463319,0.0,0,0.4749953103234747,0,2009-11-01,69.3,155.8,128.5,353.6000000000004,503.1,715.3000000000001,-59.2,-0.5000000000000004,0.8660254037844384,0,NOV,0,0.035344534,0,TRUE_NEGATIVE
Rayalseema,2003,10.0,3,175.5,416.8000000000004,661.7,761.2,135.02478632478633,40.47521367521367,29.976136068717985,0.0,0,0.5775229915377059,0,2003-10-01,124.9,116.4,183.4,424.7000000000004,501.2,753.2,-58.5,-0.8660254037844386,0.5000000000000001,0,OCT,0,0.03534095,0,TRUE_NEGATIVE
Naga Mani Mizo Tripura,2014,11.0,3,3.3,373.8000000000001,1310.1,1601.0,46.87008547008547,-43.57008547008547,-92.95926182574128,43.57008547008547,0,-0.8640178931265641,0,2014-11-01,69.6,300.9,372.3,742.8000000000001,1499.3,1598.0,-302.70000000000005,-0.5000000000000004,0.8660254037844384,0,NOV,0,0.03533036,0,TRUE_NEGATIVE
Gujarat Region,2008,3.0,1,0.0,0.0,1.3999999999997723,1178.4999999999998,1.205128205128205,-1.205128205128205,-100.0,1.205128205128205,0,-0.2540128801891217,0,2008-03-01,0.0,0.0,0.0,0.0,170.79999999999978,1178.4999999999998,0.0,1.0,6.123233995736766e-17,0,MAR,0,0.03531062,0,TRUE_NEGATIVE
East Rajasthan,2000,3.0,1,0.4,1.3000000000000569,16.89999999999997,403.20000000000016,4.51880341880342,-4.118803418803419,-91.14809911102704,4.118803418803419,0,-0.454245418775923,0,2000-03-01,0.6,0.3,0.1,1.0000000000000568,81.59999999999997,402.90000000000015,0.5,1.0,6.123233995736766e-17,0,MAR,0,0.035251956,0,TRUE_NEGATIVE
Konkan & Goa,2001,12.0,3,0.0,94.70000000000044,1787.3000000000002,2395.399999999999,4.653846153846154,-4.653846153846154,-100.0,4.653846153846154,0,-0.3278917703611876,0,2001-12-01,3.1,91.6,207.9,302.6000000000005,2327.4,2401.599999999999,-204.8,-2.4492935982947064e-16,1.0,0,DEC,0,0.035245333,0,TRUE_NEGATIVE
Uttarakhand,2013,10.0,3,29.1,499.79999999999984,1420.299999999999,1747.1999999999998,38.53846153846154,-9.43846153846154,-24.49101796407185,9.43846153846154,0,-0.1645049217887538,0,2013-10-01,111.3,359.4,413.4,884.0999999999999,1415.899999999999,1722.8,-302.1,-0.8660254037844386,0.5000000000000001,0,OCT,0,0.03521919,0,TRUE_NEGATIVE
North Interior Karnataka,2008,11.0,3,29.8,236.3999999999999,536.2999999999997,716.3,28.77692307692308,1.0230769230769248,3.555199144613746,0.0,0,0.0295711836307681,0,2008-11-01,54.1,152.5,147.7,354.2999999999999,535.6999999999998,700.0,-93.6,-0.5000000000000004,0.8660254037844384,0,NOV,0,0.035188675,0,TRUE_NEGATIVE
Telangana,2013,1.0,0,2.4,41.10000000000012,556.9999999999998,1004.3,7.581196581196581,-5.1811965811965806,-68.34272829763246,5.1811965811965806,0,-0.3756589400478154,0,2013-01-01,0.0,38.7,83.6,122.30000000000013,854.8999999999996,1008.6,-83.6,0.4999999999999999,0.8660254037844387,0,JAN,0,0.035161376,0,TRUE_NEGATIVE
Rayalseema,2000,2.0,0,34.3,46.30000000000034,279.6,565.6,5.582905982905984,28.717094017094013,514.3753827311695,0.0,0,2.4809972927651684,0,2000-02-01,0.0,12.0,69.8,81.80000000000034,342.69999999999993,536.4,-69.8,0.8660254037844386,0.5000000000000001,0,FEB,0,0.035147913,0,TRUE_NEGATIVE
Saurashtra & Kutch,2010,9.0,2,187.6,972.7,1043.9,1048.8,74.9957264957265,112.6042735042735,150.14758675708015,0.0,0,1.5259089934272332,0,2010-09-01,391.3,393.8,71.1,856.1999999999998,856.3000000000002,870.0,320.20000000000005,-1.0,-1.8369701987210294e-16,0,SEP,0,0.03512986,0,TRUE_NEGATIVE
Haryana Delhi & Chandigarh,2014,2.0,0,17.3,32.400000000000034,87.8,418.29999999999984,17.14786324786325,0.1521367521367516,0.8872053032946187,0.0,0,0.0080682748157295,0,2014-02-01,13.0,2.1,1.7,16.800000000000026,232.4,453.1999999999998,11.3,0.8660254037844386,0.5000000000000001,0,FEB,0,0.035125498,0,TRUE_NEGATIVE
Punjab,2000,1.0,0,25.4,25.69999999999989,138.89999999999998,346.6,25.23247863247863,0.1675213675213669,0.6639116591016845,0.0,0,0.0075327693999627,0,2000-01-01,0.2,0.1,0.5,0.7999999999998864,253.1,364.6,-0.3,0.4999999999999999,0.8660254037844387,0,JAN,0,0.03508712,0,TRUE_NEGATIVE
Gujarat Region,2017,3.0,1,0.0,0.0,66.89999999999978,764.0999999999997,1.205128205128205,-1.205128205128205,-100.0,1.205128205128205,0,-0.2540128801891217,0,2017-03-01,0.0,0.0,0.0,0.0,172.19999999999976,764.6999999999996,0.0,1.0,6.123233995736766e-17,0,MAR,0,0.035046153,0,TRUE_NEGATIVE
Konkan & Goa,2000,12.0,3,6.2,99.60000000000043,2201.4000000000005,3133.2,4.653846153846154,1.546153846153846,33.22314049586777,0.0,0,0.1089359435414854,0,2000-12-01,1.6,91.8,111.9,205.30000000000047,2934.6000000000004,3126.9999999999995,-110.3,-2.4492935982947064e-16,1.0,0,DEC,0,0.035045136,0,TRUE_NEGATIVE
Orissa,2013,11.0,3,1.2,600.2999999999996,1507.8,1635.4,27.82905982905983,-26.62905982905983,-95.6879606879607,26.62905982905983,0,-0.7244405879361362,0,2013-11-01,391.0,208.1,254.9,853.9999999999995,1564.3000000000002,1706.3000000000002,136.1,-0.5000000000000004,0.8660254037844384,0,NOV,0,0.035013925,0,TRUE_NEGATIVE
Sub Himalayan West Bengal & Sikkim,2011,10.0,3,46.7,873.3000000000015,2153.200000000001,2397.9,143.94358974358977,-97.24358974358977,-67.55673518828601,97.24358974358977,0,-1.0977263940179782,0,2011-10-01,356.3,470.3,612.3,1438.9000000000017,2241.500000000001,2417.4,-255.99999999999997,-0.8660254037844386,0.5000000000000001,0,OCT,0,0.03496337,0,TRUE_NEGATIVE
Gujarat Region,2013,4.0,1,4.6,5.600000000000227,5.599999999999772,719.3999999999997,1.0974358974358975,3.502564102564102,319.1588785046728,0.0,0,0.8870390015165386,0,2013-04-01,0.1,0.9,0.0,1.0000000000002274,8.099999999999772,714.7999999999997,0.1,0.8660254037844387,-0.4999999999999998,0,APR,0,0.034962196,0,TRUE_NEGATIVE
Sub Himalayan West Bengal & Sikkim,2010,12.0,3,2.2,76.30000000000136,1439.100000000001,2612.5,5.967521367521368,-3.767521367521368,-63.1337725580063,3.767521367521368,0,-0.3961912790977186,0,2010-12-01,7.9,66.2,308.1,382.2000000000014,1995.000000000001,2615.9,-300.20000000000005,-2.4492935982947064e-16,1.0,0,DEC,0,0.03495881,0,TRUE_NEGATIVE
Telangana,2011,10.0,3,13.9,347.4000000000001,708.7999999999996,798.6999999999999,74.53931623931624,-60.63931623931624,-81.35212301200536,60.63931623931624,0,-1.0194272283153645,0,2011-10-01,107.6,225.9,268.2,601.7000000000002,720.4999999999995,883.5,-160.6,-0.8660254037844386,0.5000000000000001,0,OCT,0,0.03493319,0,TRUE_NEGATIVE
West Uttar Pradesh,2017,1.0,0,22.0,21.999999999999943,259.19999999999976,712.8999999999999,17.57008547008547,4.42991452991453,25.21282288271636,0.0,0,0.2816895160384506,0,2017-01-01,0.0,0.0,9.6,9.599999999999945,589.6999999999997,692.9999999999999,-9.6,0.4999999999999999,0.8660254037844387,0,JAN,0,0.034929544,0,TRUE_NEGATIVE
Telangana,2010,1.0,0,10.3,41.10000000000009,452.5999999999996,676.5,7.581196581196581,2.71880341880342,35.862457722660665,0.0,0,0.1971248908433028,0,2010-01-01,1.2,29.6,69.5,100.30000000000008,560.6999999999996,666.2,-68.3,0.4999999999999999,0.8660254037844387,0,JAN,0,0.034907784,0,TRUE_NEGATIVE
North Interior Karnataka,2004,11.0,3,4.3,200.49999999999983,511.0999999999998,643.9,28.77692307692308,-24.476923076923075,-85.0574712643678,24.476923076923075,0,-0.7074850098729661,0,2004-11-01,61.6,134.6,92.8,288.99999999999983,600.5999999999998,643.8,-31.2,-0.5000000000000004,0.8660254037844384,0,NOV,0,0.034871094,0,TRUE_NEGATIVE
East Uttar Pradesh,2003,1.0,0,13.8,17.90000000000017,477.3,688.0000000000001,15.866666666666667,-2.0666666666666664,-13.025210084033612,2.0666666666666664,0,-0.141769978233974,0,2003-01-01,2.7,1.4,20.6,24.700000000000173,565.1999999999999,689.2000000000002,-17.900000000000002,0.4999999999999999,0.8660254037844387,0,JAN,0,0.034866538,0,TRUE_NEGATIVE
Lakshadweep,2014,10.0,3,169.2,767.5000000000005,1185.1,1378.4999999999998,165.50884955752213,3.691150442477863,2.230183130597505,0.0,0,0.0451520308764945,0,2014-10-01,132.2,466.1,116.1,714.4000000000004,1030.8,1282.0999999999997,16.099999999999994,-0.8660254037844386,0.5000000000000001,0,OCT,0,0.034807585,0,TRUE_NEGATIVE
Matathwada,2015,10.0,3,19.5,286.0000000000002,443.9999999999999,550.5000000000001,59.29829059829059,-39.79829059829059,-67.11540956197119,39.79829059829059,0,-0.8030153593331918,0,2015-10-01,154.3,112.2,27.4,293.9000000000002,464.0999999999999,545.2000000000002,126.9,-0.8660254037844386,0.5000000000000001,0,OCT,0,0.034778226,0,TRUE_NEGATIVE
Saurashtra & Kutch,2010,3.0,1,0.0,0.0999999999998863,4.90000000000017,596.9,1.276923076923077,-1.276923076923077,-100.0,1.276923076923077,0,-0.2262333753033426,0,2010-03-01,0.0,0.1,0.0,0.0999999999998863,13.700000000000172,596.9,0.0,1.0,6.123233995736766e-17,0,MAR,0,0.034757182,0,TRUE_NEGATIVE
East Rajasthan,2017,1.0,0,8.4,8.4,466.8,868.4000000000002,6.38974358974359,2.01025641025641,31.46067415730337,0.0,0,0.2459772590316714,0,2017-01-01,0.0,0.0,32.6,32.6,784.6,860.6000000000003,-32.6,0.4999999999999999,0.8660254037844387,0,JAN,0,0.034612782,0,TRUE_NEGATIVE
Tamil Nadu,2004,2.0,0,0.7,10.599999999999945,182.2,347.6,13.209401709401709,-12.50940170940171,-94.70074409576188,12.50940170940171,0,-0.6447996066904812,0,2004-02-01,2.8,7.1,59.5,69.39999999999995,230.8,351.0,-56.7,0.8660254037844386,0.5000000000000001,0,FEB,0,0.03457617,0,TRUE_NEGATIVE
Saurashtra & Kutch,2012,9.0,2,228.5,297.6999999999999,320.4000000000002,321.69999999999993,74.9957264957265,153.5042735042735,204.68402757991905,0.0,0,2.080147974675181,0,2012-09-01,34.5,34.7,22.4,91.59999999999988,91.90000000000018,303.29999999999995,12.1,-1.0,-1.8369701987210294e-16,0,SEP,0,0.034554362,0,TRUE_NEGATIVE
Punjab,2010,3.0,1,1.9,19.499999999999943,26.6,346.3000000000001,23.666666666666668,-21.76666666666667,-91.9718309859155,21.76666666666667,0,-0.9575947430803584,0,2010-03-01,13.8,3.8,0.4,17.999999999999943,79.4,354.9000000000001,13.4,1.0,6.123233995736766e-17,0,MAR,0,0.034539655,0,TRUE_NEGATIVE
West Uttar Pradesh,2007,1.0,0,0.4,2.0999999999998864,162.59999999999982,529.0999999999999,17.57008547008547,-17.17008547008547,-97.72340322031424,17.17008547008547,0,-1.0918118247533155,0,2007-01-01,1.0,0.7,16.7,18.399999999999885,403.79999999999984,529.1999999999998,-15.7,0.4999999999999999,0.8660254037844387,0,JAN,0,0.034526575,0,TRUE_NEGATIVE
Orissa,2004,10.0,3,149.6,644.0999999999993,1218.1999999999998,1328.4,113.82649572649574,35.77350427350426,31.428099446601127,0.0,0,0.4740923299311329,0,2004-10-01,148.1,346.4,328.0,822.4999999999993,1117.8,1466.1999999999998,-179.9,-0.8660254037844386,0.5000000000000001,0,OCT,0,0.034515586,0,TRUE_NEGATIVE
Saurashtra & Kutch,2017,3.0,1,0.0,0.0999999999998863,64.80000000000018,482.8,1.276923076923077,-1.276923076923077,-100.0,1.276923076923077,0,-0.2262333753033426,0,2017-03-01,0.0,0.1,0.0,0.0999999999998863,124.40000000000018,483.1,0.0,1.0,6.123233995736766e-17,0,MAR,0,0.034442954,0,TRUE_NEGATIVE
Matathwada,2013,10.0,3,94.3,385.3000000000002,845.9999999999999,867.7000000000002,59.29829059829059,35.001709401709405,59.02650657980082,0.0,0,0.7062341077959986,0,2013-10-01,154.1,136.9,293.4,584.4000000000001,759.5999999999999,842.2000000000003,-139.29999999999998,-0.8660254037844386,0.5000000000000001,0,OCT,0,0.03438197,0,TRUE_NEGATIVE
Konkan & Goa,2006,12.0,3,0.0,224.90000000000023,2577.4000000000005,3482.2,4.653846153846154,-4.653846153846154,-100.0,4.653846153846154,0,-0.3278917703611876,0,2006-12-01,22.5,202.4,399.9,624.8000000000002,3260.500000000001,3482.2999999999997,-377.4,-2.4492935982947064e-16,1.0,0,DEC,0,0.0343543,0,TRUE_NEGATIVE
Lakshadweep,2011,10.0,3,117.4,626.6000000000004,1237.5999999999997,1617.4999999999998,165.50884955752213,-48.10884955752212,-29.06723700040101,48.10884955752212,0,-0.5884919334785138,0,2011-10-01,255.2,254.0,350.2,859.4000000000003,1206.1,1655.4999999999998,-95.0,-0.8660254037844386,0.5000000000000001,0,OCT,0,0.034340832,0,TRUE_NEGATIVE
Coastal Andhra Pradesh,2008,10.0,3,51.6,494.6,857.8000000000003,1047.3,183.9017094017094,-132.30170940170942,-71.94153324193061,132.30170940170942,0,-1.3156751857871816,0,2008-10-01,166.8,276.2,208.5,651.5,824.7000000000003,1163.4,-41.69999999999999,-0.8660254037844386,0.5000000000000001,0,OCT,0,0.034324966,0,TRUE_NEGATIVE
Matathwada,2016,11.0,3,0.0,403.1000000000002,925.6999999999998,948.9,22.07350427350428,-22.07350427350428,-100.0,22.07350427350428,0,-0.6402921374344326,0,2016-11-01,100.8,302.3,89.2,492.3000000000002,932.0,953.7000000000002,11.599999999999994,-0.5000000000000004,0.8660254037844384,0,NOV,0,0.034222342,0,TRUE_NEGATIVE
South Interior Karnataka,2000,10.0,3,206.2,690.3,1117.6,1213.4,138.47606837606838,67.7239316239316,48.90659622138416,0.0,0,1.1051337767630425,0,2000-10-01,183.5,300.6,200.5,684.6,957.7,1279.1,-17.0,-0.8660254037844386,0.5000000000000001,0,OCT,0,0.034183472,0,TRUE_NEGATIVE
Arunachal Pradesh,2009,10.0,3,82.9,605.700000000001,1384.5999999999992,1704.5,194.79381443298968,-111.89381443298969,-57.44218047102407,111.89381443298969,0,-0.7728502501682728,0,2009-10-01,152.5,370.3,329.9,852.7000000000007,1434.3999999999992,1736.6999999999998,-177.39999999999998,-0.8660254037844386,0.5000000000000001,0,OCT,0,0.034126673,0,TRUE_NEGATIVE
Orissa,2014,10.0,3,111.8,779.1999999999996,1479.5,1535.1,113.82649572649574,-2.026495726495739,-1.7803374456550412,2.026495726495739,0,-0.0268563591988226,0,2014-10-01,281.1,386.3,496.2,1163.5999999999997,1379.4,1814.3,-215.1,-0.8660254037844386,0.5000000000000001,0,OCT,0,0.03412088,0,TRUE_NEGATIVE
Konkan & Goa,2015,2.0,0,0.0,14.400000000000452,540.6000000000012,2753.799999999999,0.5384615384615384,-0.5384615384615384,-100.0,0.5384615384615384,0,-0.2650766723091717,0,2015-02-01,2.7,11.7,8.0,22.400000000000453,1198.600000000001,2759.099999999999,-5.3,0.8660254037844386,0.5000000000000001,0,FEB,0,0.03411769,0,TRUE_NEGATIVE
East Rajasthan,2015,3.0,1,55.9,68.1,72.39999999999995,706.6000000000003,4.51880341880342,51.381196581196576,1137.05314923397,0.0,0,5.666614981351605,0,2015-03-01,0.1,12.1,1.1,13.3,153.39999999999995,657.1000000000003,-1.0,1.0,6.123233995736766e-17,0,MAR,0,0.034113195,0,TRUE_NEGATIVE
Sub Himalayan West Bengal & Sikkim,2002,12.0,3,10.8,95.20000000000137,1585.2000000000007,2546.9,5.967521367521368,4.832478632478633,80.97966198796908,0.0,0,0.5081818266829631,0,2002-12-01,8.7,75.7,340.1,424.50000000000136,1981.6000000000008,2542.0,-331.40000000000003,-2.4492935982947064e-16,1.0,0,DEC,0,0.034112576,0,TRUE_NEGATIVE
South Interior Karnataka,2004,10.0,3,101.5,430.1,998.6,1114.2,138.47606837606838,-36.97606837606838,-26.70213619558442,36.97606837606838,0,-0.6033834881472387,0,2004-10-01,117.5,211.1,191.7,520.3,959.3,1205.1,-74.19999999999999,-0.8660254037844386,0.5000000000000001,0,OCT,0,0.034069445,0,TRUE_NEGATIVE
Matathwada,2003,11.0,3,4.9,122.70000000000012,680.0999999999998,719.2000000000002,22.07350427350428,-17.17350427350427,-77.80144040889026,17.17350427350427,0,-0.4981565057488599,0,2003-11-01,22.1,95.7,183.9,301.7000000000001,703.6999999999998,719.1000000000001,-161.8,-0.5000000000000004,0.8660254037844384,0,NOV,0,0.034053553,0,TRUE_NEGATIVE
Punjab,2010,1.0,0,3.8,6.899999999999944,142.4,355.50000000000006,25.23247863247863,-21.43247863247863,-84.94004471241784,21.43247863247863,0,-0.9637332932319738,0,2010-01-01,0.4,2.7,4.0,7.099999999999944,296.6,361.10000000000014,-3.6,0.4999999999999999,0.8660254037844387,0,JAN,0,0.034048487,0,TRUE_NEGATIVE
Sub Himalayan West Bengal & Sikkim,2001,11.0,3,36.6,754.3000000000014,2050.0000000000005,2607.9,15.846153846153848,20.753846153846155,130.97087378640776,0.0,0,0.9141549373237104,0,2001-11-01,282.8,434.9,424.5,1142.2000000000014,2360.600000000001,2593.9,-141.7,-0.5000000000000004,0.8660254037844384,0,NOV,0,0.034045216,0,TRUE_NEGATIVE
Madhya Maharashtra,2004,11.0,3,8.0,231.3,975.4999999999998,1029.5,25.553846153846155,-17.553846153846155,-68.69355809753161,17.553846153846155,0,-0.5181118632145822,0,2004-11-01,42.1,181.2,354.1,577.4,1016.4999999999998,1025.0,-312.0,-0.5000000000000004,0.8660254037844384,0,NOV,0,0.03401962,0,TRUE_NEGATIVE
East Rajasthan,2004,2.0,0,0.0,4.8,98.5,603.6000000000003,5.328205128205128,-5.328205128205128,-100.0,5.328205128205128,0,-0.7164847740273168,0,2004-02-01,2.5,2.3,0.0,4.8,277.0,625.0000000000002,2.5,0.8660254037844386,0.5000000000000001,0,FEB,0,0.03398001,0,TRUE_NEGATIVE
Gangetic West Bengal,2011,10.0,3,36.9,776.0000000000002,1563.0,1719.7,116.28888888888888,-79.38888888888889,-68.26867953372827,79.38888888888889,0,-1.0314161714610872,0,2011-10-01,295.9,443.2,219.9,959.0000000000002,1601.1,1779.0,75.99999999999997,-0.8660254037844386,0.5000000000000001,0,OCT,0,0.03397921,0,TRUE_NEGATIVE
North Interior Karnataka,2006,11.0,3,29.0,209.39999999999984,542.5999999999998,650.6,28.77692307692308,0.223076923076924,0.7751937984496159,0.0,0,0.0064478520698666,0,2006-11-01,43.6,136.8,89.1,269.4999999999999,592.5999999999998,626.6,-45.49999999999999,-0.5000000000000004,0.8660254037844384,0,NOV,0,0.03385557,0,TRUE_NEGATIVE
Rayalseema,2012,1.0,0,2.7,144.7000000000004,487.0,740.1,9.8,-7.099999999999999,-72.44897959183673,7.099999999999999,0,-0.3743732278667226,0,2012-01-01,35.1,106.9,107.5,249.50000000000043,613.1999999999999,738.1999999999999,-72.4,0.4999999999999999,0.8660254037844387,0,JAN,0,0.03379672,0,TRUE_NEGATIVE
East Rajasthan,2010,3.0,1,0.5,4.8,23.2,415.9000000000002,4.51880341880342,-4.01880341880342,-88.9351238887838,4.01880341880342,0,-0.443216841478396,0,2010-03-01,2.4,1.9,0.5,4.8,68.2,417.8000000000002,1.9,1.0,6.123233995736766e-17,0,MAR,0,0.03379349,0,TRUE_NEGATIVE
West Rajasthan,2002,7.0,2,2.4,40.49999999999997,45.50000000000023,124.60000000000004,96.1059829059829,-93.70598290598288,-97.502756927893,93.70598290598288,0,-1.7532935924584492,0,2002-07-01,26.9,11.2,1.4,39.49999999999997,43.40000000000023,245.10000000000005,25.5,-0.4999999999999997,-0.8660254037844388,0,JUL,0,0.03378548,0,TRUE_NEGATIVE
Saurashtra & Kutch,2012,2.0,0,0.0,0.0,211.4000000000001,740.9999999999999,1.588034188034188,-1.588034188034188,-100.0,1.588034188034188,0,-0.3746404279887505,0,2012-02-01,0.0,0.0,0.1,0.0999999999998863,502.3000000000001,742.3999999999999,-0.1,0.8660254037844386,0.5000000000000001,0,FEB,0,0.033784587,0,TRUE_NEGATIVE
Gujarat Region,2015,3.0,1,6.1,7.900000000000284,12.499999999999773,707.5999999999997,1.205128205128205,4.894871794871794,406.1702127659574,0.0,0,1.0317246559170925,0,2015-03-01,0.0,1.8,0.0,1.8000000000002845,241.49999999999977,701.6999999999996,0.0,1.0,6.123233995736766e-17,0,MAR,0,0.033749264,0,TRUE_NEGATIVE
Haryana Delhi & Chandigarh,2008,1.0,0,2.4,4.100000000000028,147.3,448.4999999999998,16.89316239316239,-14.493162393162391,-85.79306855552744,14.493162393162391,0,-0.9324434104304494,0,2008-01-01,1.4,0.3,0.1,1.8000000000000282,226.9,446.5999999999998,1.2999999999999998,0.4999999999999999,0.8660254037844387,0,JAN,0,0.03374384,0,TRUE_NEGATIVE
Gangetic West Bengal,2001,11.0,3,8.8,378.3000000000002,1280.5000000000002,1540.8,21.56153846153846,-12.76153846153846,-59.18658580092757,12.76153846153846,0,-0.4131944510005956,0,2001-11-01,163.6,205.9,248.7,618.2000000000003,1447.5,1533.6,-85.1,-0.5000000000000004,0.8660254037844384,0,NOV,0,0.033689454,0,TRUE_NEGATIVE
West Uttar Pradesh,2003,1.0,0,18.6,29.49999999999989,506.5999999999999,626.9999999999999,17.57008547008547,1.0299145299145316,5.861750255387469,0.0,0,0.0654902309138208,0,2003-01-01,10.5,0.4,6.7,17.599999999999888,517.5999999999999,625.1999999999999,3.8,0.4999999999999999,0.8660254037844387,0,JAN,0,0.033663735,0,TRUE_NEGATIVE
West Uttar Pradesh,2010,1.0,0,3.2,19.89999999999992,389.0999999999999,551.0999999999999,17.57008547008547,-14.37008547008547,-81.787225762514,14.37008547008547,0,-0.9137653546506794,0,2010-01-01,2.8,13.9,59.3,75.99999999999991,504.1999999999998,549.1999999999998,-56.5,0.4999999999999999,0.8660254037844387,0,JAN,0,0.03364809,0,TRUE_NEGATIVE
Coastal Andhra Pradesh,2015,11.0,3,81.2,342.70000000000005,934.5000000000005,1015.4,77.08290598290598,4.1170940170940185,5.341124552319072,0.0,0,0.0543706931966684,0,2015-11-01,59.7,201.8,192.0,453.5,887.4000000000004,957.9,-132.3,-0.5000000000000004,0.8660254037844384,0,NOV,0,0.033639684,0,TRUE_NEGATIVE
South Interior Karnataka,2005,11.0,3,56.3,443.6000000000001,1148.9999999999998,1324.4,53.6965811965812,2.6034188034187977,4.848388380421795,0.0,0,0.0583878694674681,0,2005-11-01,241.8,145.5,233.2,620.5,1167.4,1292.1,8.600000000000023,-0.5000000000000004,0.8660254037844384,0,NOV,0,0.03362356,0,TRUE_NEGATIVE
West Uttar Pradesh,2002,1.0,0,16.8,17.999999999999886,183.09999999999985,675.9999999999999,17.57008547008547,-0.7700854700854691,-4.3829352531984185,0.7700854700854691,0,-0.0489682141521597,0,2002-01-01,0.1,1.1,16.3,17.499999999999886,448.29999999999984,661.6999999999998,-16.2,0.4999999999999999,0.8660254037844387,0,JAN,0,0.03360313,0,TRUE_NEGATIVE
Konkan & Goa,2008,12.0,3,2.4,60.60000000000022,2211.500000000001,3052.9999999999995,4.653846153846154,-2.2538461538461543,-48.4297520661157,2.2538461538461543,0,-0.1587971714311206,0,2008-12-01,0.9,57.3,551.2,609.4000000000003,3007.600000000001,3050.7,-550.3000000000001,-2.4492935982947064e-16,1.0,0,DEC,0,0.033538517,0,TRUE_NEGATIVE
Himachal Pradesh,2012,10.0,3,3.1,416.7999999999999,698.8000000000003,933.9,30.791452991452992,-27.69145299145299,-89.93227113751179,27.69145299145299,0,-0.5560904730823993,0,2012-10-01,133.1,280.6,241.5,655.1999999999999,751.6000000000003,936.8,-108.4,-0.8660254037844386,0.5000000000000001,0,OCT,0,0.033530574,0,TRUE_NEGATIVE
Gangetic West Bengal,2008,10.0,3,72.3,591.8000000000002,1439.1,1579.8,116.28888888888888,-43.98888888888888,-37.82725014332123,43.98888888888888,0,-0.5715012768109788,0,2008-10-01,267.3,252.2,338.4,857.9000000000002,1409.6,1563.3,-71.09999999999997,-0.8660254037844386,0.5000000000000001,0,OCT,0,0.03350514,0,TRUE_NEGATIVE
Bihar,2003,10.0,3,142.0,636.5000000000005,1265.5999999999997,1352.7,62.94444444444444,79.05555555555556,125.59576345984114,0.0,0,1.3914843905932055,0,2003-10-01,183.9,310.6,356.8,851.3000000000004,1145.4999999999998,1244.5,-172.9,-0.8660254037844386,0.5000000000000001,0,OCT,0,0.03350031,0,TRUE_NEGATIVE
West Rajasthan,2006,3.0,1,16.9,16.89999999999997,17.000000000000227,253.20000000000005,4.011111111111111,12.888888888888888,321.32963988919664,0.0,0,1.6629982356225137,0,2006-03-01,0.0,0.0,0.0,0.0,75.90000000000022,245.00000000000003,0.0,1.0,6.123233995736766e-17,0,MAR,0,0.033487696,0,TRUE_NEGATIVE
Madhya Maharashtra,2008,11.0,3,3.7,372.7,896.0999999999998,915.9,25.553846153846155,-21.85384615384616,-85.52077062010838,21.85384615384616,0,-0.6450288358425189,0,2008-11-01,56.6,312.4,257.6,626.5999999999999,893.4999999999998,916.1,-201.00000000000003,-0.5000000000000004,0.8660254037844384,0,NOV,0,0.033480044,0,TRUE_NEGATIVE
East Uttar Pradesh,2006,10.0,3,9.1,207.30000000000013,610.9,632.3000000000002,42.43418803418803,-33.33418803418803,-78.55502739284563,33.33418803418803,0,-0.6666909526536603,0,2006-10-01,51.5,146.7,269.1,467.3000000000002,609.5999999999999,648.4000000000001,-217.6,-0.8660254037844386,0.5000000000000001,0,OCT,0,0.033423644,0,TRUE_NEGATIVE
Matathwada,2003,1.0,0,2.1,6.900000000000114,399.29999999999984,718.7000000000002,4.915384615384616,-2.815384615384616,-57.27699530516433,2.815384615384616,0,-0.2662883244561487,0,2003-01-01,0.0,4.8,46.4,51.20000000000011,455.3999999999999,722.1000000000001,-46.4,0.4999999999999999,0.8660254037844387,0,JAN,0,0.03341388,0,TRUE_NEGATIVE
Punjab,2017,1.0,0,42.4,43.99999999999983,208.1,480.0000000000001,25.23247863247863,17.167521367521367,68.03739584039022,0.0,0,0.7719551335084315,0,2017-01-01,1.1,0.5,1.9,3.499999999999829,318.8,444.1000000000001,-0.7999999999999998,0.4999999999999999,0.8660254037844387,0,JAN,0,0.033355076,0,TRUE_NEGATIVE
Coastal Andhra Pradesh,2009,11.0,3,102.6,347.1,724.1000000000004,790.4,77.08290598290598,25.51709401709401,33.103440628915465,0.0,0,0.3369809103978693,0,2009-11-01,92.6,151.9,163.5,408.0,674.5000000000003,759.2,-70.9,-0.5000000000000004,0.8660254037844384,0,NOV,0,0.033350103,0,TRUE_NEGATIVE
Gangetic West Bengal,2014,11.0,3,0.1,286.5000000000003,1071.4,1260.7,21.56153846153846,-21.46153846153846,-99.53621120228328,21.46153846153846,0,-0.694883977270441,0,2014-11-01,56.9,229.5,292.6,579.0000000000003,1195.6999999999998,1260.6,-235.7,-0.5000000000000004,0.8660254037844384,0,NOV,0,0.033341072,0,TRUE_NEGATIVE
Matathwada,2003,2.0,0,1.3,3.400000000000114,176.9999999999999,715.9000000000001,4.394017094017094,-3.0940170940170946,-70.4143162808792,3.0940170940170946,0,-0.3572058507543264,0,2003-02-01,2.1,0.0,4.8,6.900000000000114,399.29999999999984,718.7000000000002,-2.7,0.8660254037844386,0.5000000000000001,0,FEB,0,0.03330999,0,TRUE_NEGATIVE
West Uttar Pradesh,2011,10.0,3,0.7,334.69999999999993,756.0999999999998,792.1999999999998,28.37264957264957,-27.67264957264957,-97.5328352813592,27.67264957264957,0,-0.6221263799612636,0,2011-10-01,101.7,232.3,215.9,549.8999999999999,758.1999999999998,796.1999999999998,-114.2,-0.8660254037844386,0.5000000000000001,0,OCT,0,0.033299595,0,TRUE_NEGATIVE
Haryana Delhi & Chandigarh,2007,11.0,3,0.3,55.60000000000003,314.2,450.3999999999998,3.223931623931624,-2.923931623931624,-90.694591728526,2.923931623931624,0,-0.3989946456410215,0,2007-11-01,0.1,55.2,87.9,143.20000000000002,326.3,451.2999999999998,-87.80000000000001,-0.5000000000000004,0.8660254037844384,0,NOV,0,0.033285417,0,TRUE_NEGATIVE
Punjab,2005,12.0,3,0.0,0.3999999999999147,379.1,552.0000000000001,12.638461538461538,-12.638461538461538,-100.0,12.638461538461538,0,-0.8218617501502844,0,2005-12-01,0.0,0.4,106.7,107.09999999999992,413.7,557.0000000000001,-106.7,-2.4492935982947064e-16,1.0,0,DEC,0,0.033265546,0,TRUE_NEGATIVE
Coastal Andhra Pradesh,2006,1.0,0,0.0,60.39999999999989,862.4000000000004,1208.0,7.377777777777778,-7.377777777777778,-100.0,7.377777777777778,0,-0.6441586848791597,0,2006-01-01,4.2,56.2,298.0,358.39999999999986,1013.9000000000004,1221.6,-293.8,0.4999999999999999,0.8660254037844387,0,JAN,0,0.033248726,0,TRUE_NEGATIVE
Madhya Maharashtra,2014,11.0,3,32.8,191.7,753.8999999999997,826.2,25.553846153846155,7.246153846153842,28.35641180012039,0.0,0,0.2138743975232849,0,2014-11-01,38.5,120.4,240.3,399.19999999999993,750.8999999999999,797.4000000000001,-201.8,-0.5000000000000004,0.8660254037844384,0,NOV,0,0.033241976,0,TRUE_NEGATIVE
Rayalseema,2000,11.0,3,37.7,275.30000000000035,704.1999999999999,846.6,101.22991452991452,-63.52991452991452,-62.75804422529741,63.52991452991452,0,-0.8779847665268414,0,2000-11-01,134.7,102.9,241.5,479.1000000000004,740.3,878.6999999999999,-106.8,-0.5000000000000004,0.8660254037844384,0,NOV,0,0.03323885,0,TRUE_NEGATIVE
Rayalseema,2003,11.0,3,11.7,312.1000000000004,669.3,728.6999999999999,101.22991452991452,-89.52991452991452,-88.44215165612678,89.52991452991452,0,-1.237305318090766,0,2003-11-01,175.5,124.9,116.4,416.8000000000004,661.7,761.2,59.1,-0.5000000000000004,0.8660254037844384,0,NOV,0,0.033227872,0,TRUE_NEGATIVE
Konkan & Goa,2010,2.0,0,0.0,2.700000000000228,818.6000000000009,2719.3,0.5384615384615384,-0.5384615384615384,-100.0,0.5384615384615384,0,-0.2650766723091717,0,2010-02-01,2.7,0.0,121.0,123.70000000000024,1111.500000000001,2719.2999999999997,-118.3,0.8660254037844386,0.5000000000000001,0,FEB,0,0.03322272,0,TRUE_NEGATIVE
Rayalseema,2014,1.0,0,0.2,41.400000000000425,484.19999999999993,761.5,9.8,-9.6,-97.9591836734694,9.6,0,-0.5061947869747235,0,2014-01-01,2.6,38.6,169.3,210.50000000000043,579.6999999999999,762.6,-166.70000000000002,0.4999999999999999,0.8660254037844387,0,JAN,0,0.033181515,0,TRUE_NEGATIVE
Gujarat Region,2003,1.0,0,0.0,0.2000000000002273,352.9999999999998,633.0999999999997,1.7555555555555555,-1.7555555555555555,-100.0,1.7555555555555555,0,-0.3713829638787719,0,2003-01-01,0.1,0.1,0.6,0.8000000000002274,398.7999999999998,637.1999999999997,-0.5,0.4999999999999999,0.8660254037844387,0,JAN,0,0.03315073,0,TRUE_NEGATIVE
South Interior Karnataka,2002,11.0,3,18.8,262.1,641.6999999999999,757.3000000000001,53.6965811965812,-34.896581196581195,-64.98846000795861,34.896581196581195,0,-0.7826389765224102,0,2002-11-01,168.4,74.9,155.1,398.4,700.1,778.5,13.300000000000011,-0.5000000000000004,0.8660254037844384,0,NOV,0,0.03315063,0,TRUE_NEGATIVE
North Interior Karnataka,2002,11.0,3,3.4,181.99999999999983,463.0999999999999,531.8000000000001,28.77692307692308,-25.37692307692308,-88.18497727880246,25.37692307692308,0,-0.7334987578789803,0,2002-11-01,126.4,52.2,118.2,296.79999999999984,500.29999999999984,530.9000000000001,8.200000000000003,-0.5000000000000004,0.8660254037844384,0,NOV,0,0.033149816,0,TRUE_NEGATIVE
Matathwada,2000,1.0,0,0.4,0.4000000000001137,469.0999999999999,767.9000000000001,4.915384615384616,-4.515384615384615,-91.86228482003128,4.515384615384615,0,-0.427079908349069,0,2000-01-01,0.0,0.0,119.9,119.90000000000012,601.9999999999999,767.5000000000001,-119.9,0.4999999999999999,0.8660254037844387,0,JAN,0,0.033118654,0,TRUE_NEGATIVE
West Madhya Pradesh,2017,1.0,0,4.6,4.599999999999659,540.8000000000002,1097.4,9.167521367521369,-4.567521367521367,-49.82286033936229,4.567521367521367,0,-0.4087334584863752,0,2017-01-01,0.0,0.0,40.6,40.59999999999966,969.1000000000004,1098.0000000000002,-40.6,0.4999999999999999,0.8660254037844387,0,JAN,0,0.03311832,0,TRUE_NEGATIVE
Arunachal Pradesh,2000,10.0,3,81.3,876.1000000000007,1998.4999999999989,2566.0,194.79381443298968,-113.49381443298968,-58.263561788833016,113.49381443298968,0,-0.7839014455049891,0,2000-10-01,407.4,387.4,395.4,1190.2000000000007,2210.999999999999,2692.6,12.0,-0.8660254037844386,0.5000000000000001,0,OCT,0,0.033106465,0,TRUE_NEGATIVE
Orissa,2006,10.0,3,26.4,905.9999999999994,1640.7999999999995,1715.4,113.82649572649574,-87.42649572649574,-76.80680598001157,87.42649572649574,0,-1.1586293235294634,0,2006-10-01,254.7,624.9,454.0,1333.5999999999992,1639.4,1895.9,-199.3,-0.8660254037844386,0.5000000000000001,0,OCT,0,0.033103764,0,TRUE_NEGATIVE
Tamil Nadu,2015,12.0,3,152.8,665.1999999999999,888.7,1204.6,81.14615384615385,71.65384615384616,88.30220874016494,0.0,0,1.0947417189597957,0,2015-12-01,379.8,132.6,98.4,610.7999999999998,798.3,1117.8,281.4,-2.4492935982947064e-16,1.0,0,DEC,0,0.033057485,0,TRUE_NEGATIVE
Arunachal Pradesh,2015,10.0,3,65.2,1034.900000000001,2240.999999999999,2734.2,194.79381443298968,-129.5938144329897,-66.52871129928553,129.5938144329897,0,-0.8951040985806953,0,2015-10-01,374.2,595.5,329.3,1299.000000000001,2462.899999999999,2704.1,44.89999999999998,-0.8660254037844386,0.5000000000000001,0,OCT,0,0.03289926,0,TRUE_NEGATIVE
North Interior Karnataka,2012,10.0,3,85.2,269.8999999999999,463.8999999999999,540.1,95.56239316239316,-10.362393162393149,-10.843589009730954,10.362393162393149,0,-0.1877261033045019,0,2012-10-01,79.2,105.5,114.5,299.19999999999993,414.0999999999998,528.3,-35.3,-0.8660254037844386,0.5000000000000001,0,OCT,0,0.032889113,0,TRUE_NEGATIVE
West Rajasthan,2015,1.0,0,1.4,1.600000000000014,156.60000000000022,303.00000000000006,3.323076923076924,-1.923076923076924,-57.87037037037037,1.923076923076924,0,-0.4245913515636105,0,2015-01-01,0.0,0.2,0.5,0.7000000000000142,249.50000000000023,302.40000000000003,-0.5,0.4999999999999999,0.8660254037844387,0,JAN,0,0.03285584,0,TRUE_NEGATIVE
East Uttar Pradesh,2016,1.0,0,5.3,10.700000000000228,220.2,578.6000000000001,15.866666666666667,-10.566666666666666,-66.59663865546219,10.566666666666666,0,-0.7248561790349962,0,2016-01-01,4.9,0.5,11.8,17.20000000000023,393.9,603.3000000000002,-6.9,0.4999999999999999,0.8660254037844387,0,JAN,0,0.03281769,0,TRUE_NEGATIVE
East Rajasthan,2011,2.0,0,11.2,16.2,195.4,696.4000000000003,5.328205128205128,5.871794871794871,110.20211742059674,0.0,0,0.7895813919742808,0,2011-02-01,0.0,5.0,49.5,54.5,460.1,687.6000000000003,-49.5,0.8660254037844386,0.5000000000000001,0,FEB,0,0.032762684,0,TRUE_NEGATIVE
West Rajasthan,2017,1.0,0,6.0,5.999999999999972,227.00000000000023,352.9000000000001,3.323076923076924,2.6769230769230767,80.55555555555554,0.0,0,0.5910311613765455,0,2017-01-01,0.0,0.0,18.1,18.099999999999973,301.0000000000003,347.0000000000001,-18.1,0.4999999999999999,0.8660254037844387,0,JAN,0,0.03274058,0,TRUE_NEGATIVE
Gujarat Region,2002,1.0,0,4.1,4.300000000000227,307.7999999999998,846.9999999999997,1.7555555555555555,2.344444444444444,133.54430379746833,0.0,0,0.4959607935343093,0,2002-01-01,0.0,0.2,28.9,29.100000000000225,623.6999999999998,848.9999999999998,-28.9,0.4999999999999999,0.8660254037844387,0,JAN,0,0.03273415,0,TRUE_NEGATIVE
West Rajasthan,2013,1.0,0,8.6,9.2,269.8000000000002,335.4000000000001,3.323076923076924,5.276923076923076,158.79629629629625,0.0,0,1.1650786686905468,0,2013-01-01,0.6,0.0,1.9,2.5,301.6000000000002,327.30000000000007,-1.2999999999999998,0.4999999999999999,0.8660254037844387,0,JAN,0,0.03270977,0,TRUE_NEGATIVE
Gujarat Region,2016,1.0,0,0.0,0.3000000000002842,133.29999999999978,621.1999999999997,1.7555555555555555,-1.7555555555555555,-100.0,1.7555555555555555,0,-0.3713829638787719,0,2016-01-01,0.0,0.3,2.2,2.500000000000284,487.9999999999998,622.9999999999997,-2.2,0.4999999999999999,0.8660254037844387,0,JAN,0,0.032699164,0,TRUE_NEGATIVE
Coastal Andhra Pradesh,2013,2.0,0,29.6,31.6,707.8000000000003,1312.3,12.71025641025641,16.889743589743592,132.88279201129717,0.0,0,0.8491404851548496,0,2013-02-01,2.0,0.0,289.7,291.7,899.4000000000003,1282.6999999999998,-287.7,0.8660254037844386,0.5000000000000001,0,FEB,0,0.032688983,0,TRUE_NEGATIVE
West Madhya Pradesh,2009,10.0,3,89.9,402.1999999999997,785.8000000000002,800.2000000000003,28.069230769230767,61.83076923076924,220.27952863798305,0.0,0,1.8314346427134711,0,2009-10-01,139.6,172.7,320.3,632.5999999999997,697.2000000000002,723.2000000000002,-180.7,-0.8660254037844386,0.5000000000000001,0,OCT,0,0.032676402,0,TRUE_NEGATIVE
Madhya Maharashtra,2001,11.0,3,5.7,268.50000000000006,766.5999999999998,786.5000000000001,25.553846153846155,-19.85384615384616,-77.69416014449128,19.85384615384616,0,-0.5859976857830135,0,2001-11-01,125.5,137.3,160.9,423.7000000000001,769.2999999999998,783.5000000000001,-35.400000000000006,-0.5000000000000004,0.8660254037844384,0,NOV,0,0.032652274,0,TRUE_NEGATIVE
Sub Himalayan West Bengal & Sikkim,2013,12.0,3,2.7,218.6000000000014,1531.300000000001,2406.1,5.967521367521368,-3.2675213675213675,-54.75508450300774,3.2675213675213675,0,-0.3436114473662836,0,2013-12-01,16.1,199.8,308.0,523.9000000000013,1933.500000000001,2410.8,-291.9,-2.4492935982947064e-16,1.0,0,DEC,0,0.032595947,0,TRUE_NEGATIVE
Tamil Nadu,2016,1.0,0,2.5,535.0999999999999,847.7,1198.8000000000002,23.75213675213676,-21.25213675213676,-89.4746311622886,21.25213675213676,0,-0.6628852652944177,0,2016-01-01,152.8,379.8,132.6,665.1999999999999,888.7,1204.6,20.200000000000017,0.4999999999999999,0.8660254037844387,0,JAN,0,0.03259145,0,TRUE_NEGATIVE
Madhya Maharashtra,2005,11.0,3,0.0,339.1,1196.9,1221.5000000000002,25.553846153846155,-25.553846153846155,-100.0,25.553846153846155,0,-0.754236463452604,0,2005-11-01,62.7,276.4,256.1,595.2,1204.6999999999998,1229.5000000000002,-193.40000000000003,-0.5000000000000004,0.8660254037844384,0,NOV,0,0.032589857,0,TRUE_NEGATIVE
Uttarakhand,2011,10.0,3,3.4,675.4999999999999,1416.0999999999992,1585.1,38.53846153846154,-35.13846153846154,-91.17764471057885,35.13846153846154,0,-0.6124356012477811,0,2011-10-01,148.4,523.7,433.3,1105.4,1443.5999999999992,1589.7000000000005,-284.9,-0.8660254037844386,0.5000000000000001,0,OCT,0,0.032527696,0,TRUE_NEGATIVE
Himachal Pradesh,2008,10.0,3,33.9,401.1999999999999,826.3000000000002,1106.7,30.791452991452992,3.1085470085470064,10.095486593016147,0.0,0,0.0624247986234354,0,2008-10-01,142.6,224.7,194.9,562.1999999999998,836.8000000000002,1091.5,-52.30000000000001,-0.8660254037844386,0.5000000000000001,0,OCT,0,0.032461077,0,TRUE_NEGATIVE
Rayalseema,2004,2.0,0,4.3,24.100000000000367,336.2,738.6,5.582905982905984,-1.2829059829059837,-22.979179424372333,1.2829059829059837,0,-0.11083594560673,0,2004-02-01,10.2,9.6,11.7,31.50000000000037,448.3,735.6,-1.5,0.8660254037844386,0.5000000000000001,0,FEB,0,0.03242663,0,TRUE_NEGATIVE
Sub Himalayan West Bengal & Sikkim,2007,12.0,3,2.0,90.30000000000136,1647.6000000000008,2638.7,5.967521367521368,-3.967521367521368,-66.48524778000574,3.967521367521368,0,-0.4172232117902926,0,2007-12-01,8.8,79.5,458.6,546.9000000000013,2130.7000000000007,2644.6,-449.8,-2.4492935982947064e-16,1.0,0,DEC,0,0.03242395,0,TRUE_NEGATIVE
East Madhya Pradesh,2015,10.0,3,38.2,381.89999999999947,789.6000000000006,951.9000000000002,39.41623931623931,-1.21623931623931,-3.085630027972316,1.21623931623931,0,-0.0294274119900269,0,2015-10-01,71.6,272.1,262.2,605.8999999999995,777.2000000000006,970.1000000000004,-190.6,-0.8660254037844386,0.5000000000000001,0,OCT,0,0.03241405,0,TRUE_NEGATIVE
Matathwada,2016,10.0,3,100.8,492.3000000000002,932.0,953.7000000000002,59.29829059829059,41.501709401709405,69.98803672581042,0.0,0,0.8373854652336956,0,2016-10-01,302.3,89.2,276.1,667.6000000000001,834.1999999999999,872.4000000000002,26.19999999999999,-0.8660254037844386,0.5000000000000001,0,OCT,0,0.03240249,0,TRUE_NEGATIVE
Matathwada,2012,1.0,0,0.0,0.0,343.2999999999999,663.7000000000002,4.915384615384616,-4.915384615384616,-100.0,4.915384615384616,0,-0.4649132222062268,0,2012-01-01,0.0,0.0,24.8,24.800000000000143,573.3999999999999,663.7000000000002,-24.8,0.4999999999999999,0.8660254037844387,0,JAN,0,0.032376412,0,TRUE_NEGATIVE
Coastal Andhra Pradesh,2003,11.0,3,11.5,393.9999999999999,898.0000000000005,995.9,77.08290598290598,-65.58290598290598,-85.08099837005332,65.58290598290598,0,-0.8660934254446262,0,2003-11-01,252.3,130.2,158.3,540.8,898.7000000000003,998.7,94.0,-0.5000000000000004,0.8660254037844384,0,NOV,0,0.03235685,0,TRUE_NEGATIVE
West Rajasthan,2017,3.0,1,4.2,10.499999999999972,28.600000000000257,349.1000000000001,4.011111111111111,0.1888888888888891,4.709141274238233,0.0,0,0.0243715258668816,0,2017-03-01,0.3,6.0,0.0,6.299999999999971,35.400000000000254,351.6,0.3,1.0,6.123233995736766e-17,0,MAR,0,0.032296624,0,TRUE_NEGATIVE
Konkan & Goa,2005,1.0,0,1.3,11.500000000000457,1349.2000000000005,2987.399999999999,1.2410256410256408,0.0589743589743592,4.752066115702499,0.0,0,0.0153016799869467,0,2005-01-01,0.0,10.2,32.9,43.10000000000045,2250.2000000000003,2986.099999999999,-32.9,0.4999999999999999,0.8660254037844387,0,JAN,0,0.032260608,0,TRUE_NEGATIVE
West Uttar Pradesh,2005,10.0,3,2.5,300.9999999999999,673.1999999999998,725.8999999999999,28.37264957264957,-25.87264957264957,-91.18869743342572,25.87264957264957,0,-0.581659438731427,0,2005-10-01,202.5,96.0,298.2,596.6999999999998,671.8999999999999,783.8999999999999,-95.7,-0.8660254037844386,0.5000000000000001,0,OCT,0,0.03224493,0,TRUE_NEGATIVE
East Madhya Pradesh,2015,11.0,3,1.2,110.99999999999945,784.5000000000006,951.2000000000004,12.494017094017094,-11.294017094017097,-90.39540292789712,11.294017094017097,0,-0.4866848749482592,0,2015-11-01,38.2,71.6,272.1,381.89999999999947,789.6000000000006,951.9000000000002,-233.90000000000003,-0.5000000000000004,0.8660254037844384,0,NOV,0,0.032222603,0,TRUE_NEGATIVE
Coastal Andhra Pradesh,2014,11.0,3,23.7,363.8,739.1000000000004,871.5,77.08290598290598,-53.38290598290598,-69.25388359741426,53.38290598290598,0,-0.7049791894701097,0,2014-11-01,195.6,144.5,177.8,517.9,828.3000000000004,900.9,17.799999999999983,-0.5000000000000004,0.8660254037844384,0,NOV,0,0.032222,0,TRUE_NEGATIVE
West Madhya Pradesh,2013,10.0,3,68.7,600.1999999999998,1349.4000000000003,1393.5000000000005,28.069230769230767,40.63076923076923,144.75198684571117,0.0,0,1.2034881541195015,0,2013-10-01,98.9,432.6,485.1,1016.5999999999996,1283.5000000000002,1326.9000000000003,-386.2000000000001,-0.8660254037844386,0.5000000000000001,0,OCT,0,0.032212336,0,TRUE_NEGATIVE
Saurashtra & Kutch,2014,2.0,0,0.0,0.2999999999998863,289.10000000000014,680.0,1.588034188034188,-1.588034188034188,-100.0,1.588034188034188,0,-0.3746404279887505,0,2014-02-01,0.3,0.0,0.0,0.2999999999998863,372.40000000000015,680.1999999999999,0.3,0.8660254037844386,0.5000000000000001,0,FEB,0,0.03217489,0,TRUE_NEGATIVE
Rayalseema,2002,2.0,0,3.2,66.90000000000035,656.5999999999999,945.7,5.582905982905984,-2.382905982905984,-42.6821800367422,2.382905982905984,0,-0.2058698310136996,0,2002-02-01,25.6,38.1,41.7,105.40000000000036,749.1999999999999,942.5,-16.1,0.8660254037844386,0.5000000000000001,0,FEB,0,0.032131396,0,TRUE_NEGATIVE
North Interior Karnataka,2011,10.0,3,73.4,294.3999999999999,593.2999999999998,722.5,95.56239316239316,-22.162393162393144,-23.19154264453347,22.162393162393144,0,-0.4014960292548445,0,2011-10-01,69.0,152.0,150.8,371.8,561.0999999999999,731.2,-81.80000000000001,-0.8660254037844386,0.5000000000000001,0,OCT,0,0.03212596,0,TRUE_NEGATIVE
Bihar,2013,10.0,3,197.1,554.0000000000005,1008.7999999999996,1075.8,62.94444444444444,134.15555555555557,213.1332744924978,0.0,0,2.3613186974030027,0,2013-10-01,143.3,213.6,182.0,538.9000000000004,843.9999999999995,913.0,-38.69999999999999,-0.8660254037844386,0.5000000000000001,0,OCT,0,0.03211534,0,TRUE_NEGATIVE
Rayalseema,2011,12.0,3,35.1,249.50000000000043,613.1999999999999,738.1999999999999,34.202564102564104,0.8974358974358978,2.623884848939202,0.0,0,0.0239459047765629,0,2011-12-01,106.9,107.5,71.2,285.6000000000004,622.5999999999999,749.8000000000001,35.7,-2.4492935982947064e-16,1.0,0,DEC,0,0.032103017,0,TRUE_NEGATIVE
West Rajasthan,2006,2.0,0,0.0,0.0,75.90000000000022,245.00000000000003,4.862393162393162,-4.862393162393162,-100.0,4.862393162393162,0,-0.6227102321497555,0,2006-02-01,0.0,0.0,0.1,0.0999999999999715,100.20000000000022,259.20000000000005,-0.1,0.8660254037844386,0.5000000000000001,0,FEB,0,0.032084785,0,TRUE_NEGATIVE
Rayalseema,2000,1.0,0,0.0,81.80000000000034,342.69999999999993,536.4,9.8,-9.8,-100.0,9.8,0,-0.5167405117033635,0,2000-01-01,12.0,69.8,100.2,182.00000000000037,393.3,537.1999999999999,-88.2,0.4999999999999999,0.8660254037844387,0,JAN,0,0.03205811,0,TRUE_NEGATIVE
Rayalseema,2009,1.0,0,0.5,198.5000000000004,551.0999999999999,792.0,9.8,-9.3,-94.89795918367346,9.3,0,-0.4903761998817634,0,2009-01-01,5.9,192.1,126.0,324.00000000000034,632.0,797.9,-120.1,0.4999999999999999,0.8660254037844387,0,JAN,0,0.032044552,0,TRUE_NEGATIVE
Gangetic West Bengal,2004,11.0,3,0.0,485.0000000000003,1413.1,1586.3,21.56153846153846,-21.56153846153846,-100.0,21.56153846153846,0,-0.6981217879172209,0,2004-11-01,220.7,264.3,389.9,874.9000000000002,1486.0,1595.2,-169.2,-0.5000000000000004,0.8660254037844384,0,NOV,0,0.031999126,0,TRUE_NEGATIVE
North Interior Karnataka,2007,11.0,3,13.5,259.39999999999986,735.4999999999998,827.6,28.77692307692308,-15.276923076923076,-53.087409783480354,15.276923076923076,0,-0.4415666969225992,0,2007-11-01,40.5,205.4,143.4,389.29999999999984,760.8999999999997,843.1,-102.9,-0.5000000000000004,0.8660254037844384,0,NOV,0,0.03198291,0,TRUE_NEGATIVE
Rayalseema,2002,1.0,0,25.6,105.40000000000036,749.1999999999999,942.5,9.8,15.800000000000002,161.2244897959184,0.0,0,0.8331122535625658,0,2002-01-01,38.1,41.7,352.5,432.3000000000004,793.6999999999999,924.6,-314.4,0.4999999999999999,0.8660254037844387,0,JAN,0,0.031946108,0,TRUE_NEGATIVE
Rayalseema,2013,11.0,3,38.6,371.1000000000004,650.9,821.9,101.22991452991452,-62.62991452991452,-61.86897896807639,62.62991452991452,0,-0.8655467474342441,0,2013-11-01,169.3,163.2,110.3,442.8000000000004,651.1999999999999,869.9,59.000000000000014,-0.5000000000000004,0.8660254037844384,0,NOV,0,0.03193156,0,TRUE_NEGATIVE
Orissa,2007,10.0,3,66.4,888.6999999999994,1557.6,1640.8000000000002,113.82649572649574,-47.42649572649573,-41.66560291942302,47.42649572649573,0,-0.6285248905877111,0,2007-10-01,401.7,420.6,285.1,1107.3999999999996,1512.2,1600.8,116.59999999999997,-0.8660254037844386,0.5000000000000001,0,OCT,0,0.031926822,0,TRUE_NEGATIVE
Rayalseema,2010,1.0,0,4.7,175.70000000000044,529.2999999999998,692.5,9.8,-5.099999999999999,-52.0408163265306,5.099999999999999,0,-0.2689159805803218,0,2010-01-01,35.4,135.6,69.3,240.30000000000044,557.8,688.3000000000001,-33.9,0.4999999999999999,0.8660254037844387,0,JAN,0,0.031921096,0,TRUE_NEGATIVE
Haryana Delhi & Chandigarh,2003,2.0,0,29.9,53.4,178.29999999999998,359.1999999999998,17.14786324786325,12.75213675213675,74.36574789413346,0.0,0,0.6762846081499141,0,2003-02-01,14.7,8.8,0.0,23.5,226.6,360.39999999999975,14.7,0.8660254037844386,0.5000000000000001,0,FEB,0,0.031864166,0,TRUE_NEGATIVE
Saurashtra & Kutch,2009,2.0,0,0.0,7.699999999999943,245.7000000000002,607.6999999999999,1.588034188034188,-1.588034188034188,-100.0,1.588034188034188,0,-0.3746404279887505,0,2009-02-01,0.0,7.7,0.6,8.299999999999944,360.8000000000002,607.8,-0.6,0.8660254037844386,0.5000000000000001,0,FEB,0,0.031851806,0,TRUE_NEGATIVE
Vidarbha,2016,11.0,3,0.0,302.7999999999995,1120.3000000000004,1164.0,15.311111111111112,-15.311111111111112,-100.0,15.311111111111112,0,-0.6229993173150216,0,2016-11-01,75.0,227.8,161.8,464.5999999999995,1132.7000000000005,1164.0,-86.80000000000001,-0.5000000000000004,0.8660254037844384,0,NOV,0,0.031828523,0,TRUE_NEGATIVE
North Interior Karnataka,2010,1.0,0,9.6,65.79999999999988,585.3999999999997,922.7,2.964102564102564,6.635897435897435,223.8754325259516,0.0,0,1.0780744755131846,0,2010-01-01,13.9,42.3,168.6,224.79999999999987,710.6999999999998,913.4,-154.7,0.4999999999999999,0.8660254037844387,0,JAN,0,0.031806774,0,TRUE_NEGATIVE
Madhya Maharashtra,2012,11.0,3,2.2,226.9,685.5999999999998,690.0000000000002,25.553846153846155,-23.35384615384616,-91.3907284768212,23.35384615384616,0,-0.689302198387148,0,2012-11-01,95.2,129.5,187.8,412.5,684.7999999999998,687.8000000000002,-92.6,-0.5000000000000004,0.8660254037844384,0,NOV,0,0.031797163,0,TRUE_NEGATIVE
Konkan & Goa,2004,12.0,3,0.0,43.10000000000045,2250.2000000000003,2986.099999999999,4.653846153846154,-4.653846153846154,-100.0,4.653846153846154,0,-0.3278917703611876,0,2004-12-01,10.2,32.9,293.3,336.4000000000005,2928.8,2986.099999999999,-283.1,-2.4492935982947064e-16,1.0,0,DEC,0,0.03174566,0,TRUE_NEGATIVE
Vidarbha,2013,1.0,0,6.6,13.899999999999544,614.4000000000004,1111.3000000000002,10.390598290598293,-3.7905982905982913,-36.4810397301966,3.7905982905982913,0,-0.2521557944922206,0,2013-01-01,0.0,7.3,34.9,42.19999999999954,978.3000000000004,1107.8,-34.9,0.4999999999999999,0.8660254037844387,0,JAN,0,0.031715542,0,TRUE_NEGATIVE
Naga Mani Mizo Tripura,2016,10.0,3,114.7,729.7000000000003,1629.4,1878.3,175.45299145299143,-60.75299145299145,-34.62636399064692,60.75299145299145,0,-0.75112936446239,0,2016-10-01,296.0,319.0,326.2,941.2000000000002,1650.1,1882.3,-30.19999999999999,-0.8660254037844386,0.5000000000000001,0,OCT,0,0.031698693,0,TRUE_NEGATIVE
North Interior Karnataka,2013,11.0,3,4.2,306.1999999999999,640.1999999999998,726.2,28.77692307692308,-24.57692307692308,-85.40497193263833,24.57692307692308,0,-0.7103754263180788,0,2013-11-01,101.0,201.0,73.9,375.8999999999999,683.3999999999999,768.5,27.099999999999994,-0.5000000000000004,0.8660254037844384,0,NOV,0,0.031677116,0,TRUE_NEGATIVE
East Uttar Pradesh,2014,10.0,3,74.7,319.5000000000002,602.5,694.4000000000001,42.43418803418803,32.26581196581197,76.03730261037707,0.0,0,0.6453232007801937,0,2014-10-01,106.7,138.1,224.5,469.3000000000002,529.5,717.1000000000001,-117.8,-0.8660254037844386,0.5000000000000001,0,OCT,0,0.031611323,0,TRUE_NEGATIVE
Sub Himalayan West Bengal & Sikkim,2000,12.0,3,1.2,106.70000000000148,1644.9000000000008,2908.1,5.967521367521368,-4.767521367521368,-79.89114866800342,4.767521367521368,0,-0.5013509425605885,0,2000-12-01,22.6,82.9,465.8,571.3000000000015,2293.3000000000006,2911.4,-443.2,-2.4492935982947064e-16,1.0,0,DEC,0,0.03159848,0,TRUE_NEGATIVE
Konkan & Goa,2003,12.0,3,0.0,56.30000000000045,1962.6,2842.2,4.653846153846154,-4.653846153846154,-100.0,4.653846153846154,0,-0.3278917703611876,0,2003-12-01,1.9,54.4,298.7,355.00000000000045,2827.9,2842.499999999999,-296.8,-2.4492935982947064e-16,1.0,0,DEC,0,0.03159378,0,TRUE_NEGATIVE
Uttarakhand,2013,11.0,3,3.2,143.59999999999988,1405.299999999999,1747.0,8.04957264957265,-4.849572649572649,-60.24633680186876,4.849572649572649,0,-0.3834162166390397,0,2013-11-01,29.1,111.3,359.4,499.79999999999984,1420.299999999999,1747.1999999999998,-330.29999999999995,-0.5000000000000004,0.8660254037844384,0,NOV,0,0.031593416,0,TRUE_NEGATIVE
North Interior Karnataka,2014,11.0,3,25.0,195.49999999999991,587.8999999999999,742.7,28.77692307692308,-3.776923076923076,-13.12483293237102,3.776923076923076,0,-0.1091688057346406,0,2014-11-01,80.3,90.2,205.2,375.6999999999999,655.8999999999999,721.9000000000001,-124.9,-0.5000000000000004,0.8660254037844384,0,NOV,0,0.031540778,0,TRUE_NEGATIVE
Uttarakhand,2008,10.0,3,23.1,459.69999999999993,1172.6999999999991,1375.6,38.53846153846154,-15.43846153846154,-40.05988023952096,15.43846153846154,0,-0.269080177693585,0,2008-10-01,190.8,245.8,313.3,749.8999999999999,1242.599999999999,1377.6,-122.5,-0.8660254037844386,0.5000000000000001,0,OCT,0,0.031471018,0,TRUE_NEGATIVE
West Uttar Pradesh,2007,2.0,0,66.9,68.2999999999999,151.39999999999984,595.9999999999999,17.614529914529914,49.285470085470095,279.8000873404824,0.0,0,2.474924051566962,0,2007-02-01,0.4,1.0,0.7,2.0999999999998864,162.59999999999982,529.0999999999999,-0.2999999999999999,0.8660254037844386,0.5000000000000001,0,FEB,0,0.031455602,0,TRUE_NEGATIVE
Sub Himalayan West Bengal & Sikkim,2007,10.0,3,79.5,950.5000000000014,2337.000000000001,2656.1000000000004,143.94358974358977,-64.44358974358977,-44.770030995047925,64.44358974358977,0,-0.7274662481438062,0,2007-10-01,458.6,412.4,686.3,1557.300000000001,2417.600000000001,2695.0,-227.69999999999996,-0.8660254037844386,0.5000000000000001,0,OCT,0,0.031421546,0,TRUE_NEGATIVE
South Interior Karnataka,2001,1.0,0,0.5,26.7,717.0,1206.4,2.952136752136752,-2.452136752136752,-83.06311522872032,2.452136752136752,0,-0.5139311499116007,0,2001-01-01,12.1,14.1,206.2,232.4,917.0,1207.3,-194.1,0.4999999999999999,0.8660254037844387,0,JAN,0,0.031412877,0,TRUE_NEGATIVE
Madhya Maharashtra,2015,11.0,3,16.2,211.1,566.9999999999998,657.5000000000001,25.553846153846155,-9.353846153846156,-36.60445514750151,9.353846153846156,0,-0.27608414797061,0,2015-11-01,48.3,146.6,67.2,262.1,575.1999999999998,674.1,-18.90000000000001,-0.5000000000000004,0.8660254037844384,0,NOV,0,0.03139376,0,TRUE_NEGATIVE
Bihar,2001,10.0,3,181.3,682.0000000000003,1229.4999999999998,1246.7,62.94444444444444,118.35555555555555,188.03177405119155,0.0,0,2.0832173898241497,0,2001-10-01,274.8,225.9,224.7,725.4000000000003,1060.7999999999995,1075.0,50.10000000000002,-0.8660254037844386,0.5000000000000001,0,OCT,0,0.031375714,0,TRUE_NEGATIVE
Lakshadweep,2000,11.0,3,56.3,362.20000000000016,1003.0,1410.0999999999997,123.43909090909092,-67.13909090909091,-54.390461250672026,67.13909090909091,0,-0.8729474190555686,0,2000-11-01,141.4,164.5,319.9,625.8000000000002,1151.2999999999995,1404.9999999999998,-178.49999999999997,-0.5000000000000004,0.8660254037844384,0,NOV,0,0.031343244,0,TRUE_NEGATIVE
Haryana Delhi & Chandigarh,2004,12.0,3,1.2,55.3,350.2,487.19999999999976,7.107692307692308,-5.907692307692308,-83.11688311688312,5.907692307692308,0,-0.5498429814837404,0,2004-12-01,0.0,54.1,22.1,76.2,401.5,496.9999999999998,-22.1,-2.4492935982947064e-16,1.0,0,DEC,0,0.031301614,0,TRUE_NEGATIVE
Madhya Maharashtra,2003,2.0,0,2.2,3.0,140.99999999999977,738.4000000000001,1.448717948717949,0.7512820512820515,51.85840707964603,0.0,0,0.2595938766577,0,2003-02-01,0.8,0.0,5.9,6.7,360.2999999999998,739.3000000000002,-5.1000000000000005,0.8660254037844386,0.5000000000000001,0,FEB,0,0.03127177,0,TRUE_NEGATIVE
Punjab,2015,12.0,3,0.7,10.49999999999983,298.49999999999994,510.8000000000001,12.638461538461538,-11.93846153846154,-94.46135118685332,11.93846153846154,0,-0.7763417140798792,0,2015-12-01,0.8,9.0,69.2,78.99999999999983,346.1,524.2,-68.4,-2.4492935982947064e-16,1.0,0,DEC,0,0.03126608,0,TRUE_NEGATIVE
Matathwada,2001,2.0,0,0.5,7.000000000000113,83.29999999999988,685.6000000000001,4.394017094017094,-3.8940170940170944,-88.62089087726123,3.8940170940170944,0,-0.4495662585736771,0,2001-02-01,4.8,1.7,0.7,7.200000000000113,322.2999999999999,688.9000000000001,4.1,0.8660254037844386,0.5000000000000001,0,FEB,0,0.031250298,0,TRUE_NEGATIVE
Gangetic West Bengal,2012,11.0,3,47.0,358.10000000000025,1081.1,1244.8,21.56153846153846,25.43846153846154,117.98073492686407,0.0,0,0.8236492160693006,0,2012-11-01,64.2,246.9,261.4,572.5000000000002,1078.3,1199.1,-197.2,-0.5000000000000004,0.8660254037844384,0,NOV,0,0.03122489,0,TRUE_NEGATIVE
Rayalseema,2006,2.0,0,0.0,81.9000000000004,659.0999999999999,1051.7,5.582905982905984,-5.582905982905984,-100.0,5.582905982905984,0,-0.4823320431067022,0,2006-02-01,0.2,81.7,144.8,226.7000000000004,765.6999999999999,1065.3000000000002,-144.60000000000002,0.8660254037844386,0.5000000000000001,0,FEB,0,0.031199856,0,TRUE_NEGATIVE
Coastal Andhra Pradesh,2008,11.0,3,71.4,289.8,894.3000000000004,1106.8000000000002,77.08290598290598,-5.682905982905979,-7.372459445374605,5.682905982905979,0,-0.0750489389795823,0,2008-11-01,51.6,166.8,276.2,494.6,857.8000000000003,1047.3,-224.6,-0.5000000000000004,0.8660254037844384,0,NOV,0,0.03115251,0,TRUE_NEGATIVE
East Madhya Pradesh,2014,11.0,3,1.9,197.89999999999944,804.9000000000007,913.1,12.494017094017094,-10.594017094017094,-84.79272130250376,10.594017094017094,0,-0.4565202834102975,0,2014-11-01,56.4,139.6,231.8,427.7999999999994,805.5000000000007,911.7000000000002,-175.4,-0.5000000000000004,0.8660254037844384,0,NOV,0,0.031150999,0,TRUE_NEGATIVE
Gangetic West Bengal,2013,11.0,3,0.0,607.2000000000003,1505.1999999999998,1788.6,21.56153846153846,-21.56153846153846,-100.0,21.56153846153846,0,-0.6981217879172209,0,2013-11-01,353.2,254.0,401.4,1008.6,1701.1,1835.6,-48.19999999999999,-0.5000000000000004,0.8660254037844384,0,NOV,0,0.031149147,0,TRUE_NEGATIVE
Orissa,2012,10.0,3,66.0,725.3999999999995,1240.6,1331.1999999999998,113.82649572649574,-47.826495726495736,-42.01701495002892,47.826495726495736,0,-0.6338259349171287,0,2012-10-01,242.4,417.0,324.3,983.6999999999996,1209.4,1285.4,-81.9,-0.8660254037844386,0.5000000000000001,0,OCT,0,0.031139098,0,TRUE_NEGATIVE
Coastal Andhra Pradesh,2016,11.0,3,13.1,297.2,742.2000000000004,874.1,77.08290598290598,-63.98290598290598,-83.0053111867564,63.98290598290598,0,-0.8449636895791158,0,2016-11-01,59.7,224.4,124.4,408.50000000000006,849.9000000000003,942.2,-64.7,-0.5000000000000004,0.8660254037844384,0,NOV,0,0.031121664,0,TRUE_NEGATIVE
Telangana,2014,10.0,3,29.6,381.6,663.1999999999997,754.0,74.53931623931624,-44.93931623931624,-60.28941303275962,44.93931623931624,0,-0.7554894322263281,0,2014-10-01,146.8,205.2,146.0,498.0,643.8999999999996,930.3,0.8000000000000114,-0.8660254037844386,0.5000000000000001,0,OCT,0,0.031099252,0,TRUE_NEGATIVE
Matathwada,2001,10.0,3,170.5,509.8000000000001,715.8999999999999,734.0000000000002,59.29829059829059,111.2017094017094,187.529367676098,0.0,0,2.2437315596040777,0,2001-10-01,83.5,255.8,56.7,396.0000000000001,555.3,594.3000000000002,26.8,-0.8660254037844386,0.5000000000000001,0,OCT,0,0.031052401,0,TRUE_NEGATIVE
Punjab,2004,1.0,0,32.4,39.59999999999992,186.5,446.6,25.23247863247863,7.167521367521367,28.40593455727932,0.0,0,0.3222949193269793,0,2004-01-01,5.0,2.2,0.0,7.199999999999915,290.8,424.80000000000007,5.0,0.4999999999999999,0.8660254037844387,0,JAN,0,0.03104284,0,TRUE_NEGATIVE
Sub Himalayan West Bengal & Sikkim,2002,10.0,3,75.7,822.4000000000015,2154.600000000001,2569.9,143.94358974358977,-68.24358974358977,-47.40995404182551,68.24358974358977,0,-0.7703622406536189,0,2002-10-01,340.1,406.6,743.3,1490.0000000000014,2316.000000000001,2777.0,-403.19999999999993,-0.8660254037844386,0.5000000000000001,0,OCT,0,0.03096364,0,TRUE_NEGATIVE
West Madhya Pradesh,2009,11.0,3,65.1,294.5999999999997,844.4000000000002,857.8000000000002,12.133333333333333,52.96666666666666,436.5384615384615,0.0,0,2.26644490037557,0,2009-11-01,89.9,139.6,172.7,402.1999999999997,785.8000000000002,800.2000000000003,-82.79999999999998,-0.5000000000000004,0.8660254037844384,0,NOV,0,0.030955626,0,TRUE_NEGATIVE
Sub Himalayan West Bengal & Sikkim,2011,12.0,3,4.3,77.70000000000148,1516.6000000000008,2418.8,5.967521367521368,-1.6675213675213678,-27.94328272701232,1.6675213675213678,0,-0.1753559858256917,0,2011-12-01,26.7,46.7,356.3,429.7000000000015,1932.1000000000008,2416.7000000000003,-329.6,-2.4492935982947064e-16,1.0,0,DEC,0,0.030948631,0,TRUE_NEGATIVE
East Rajasthan,2003,3.0,1,0.5,26.0,32.099999999999994,298.6000000000002,4.51880341880342,-4.01880341880342,-88.9351238887838,4.01880341880342,0,-0.443216841478396,0,2003-03-01,21.4,4.1,4.5,30.0,72.8,298.20000000000016,16.9,1.0,6.123233995736766e-17,0,MAR,0,0.030931376,0,TRUE_NEGATIVE
Vidarbha,2003,11.0,3,0.8,181.39999999999955,1003.5,1017.3,15.311111111111112,-14.511111111111113,-94.77503628447025,14.511111111111113,0,-0.5904478290373135,0,2003-11-01,42.6,138.0,280.9,461.4999999999996,1005.7000000000002,1018.4,-238.3,-0.5000000000000004,0.8660254037844384,0,NOV,0,0.030894613,0,TRUE_NEGATIVE
Matathwada,2014,10.0,3,14.2,277.6000000000002,419.9999999999999,546.2000000000003,59.29829059829059,-45.09829059829059,-76.05327260410209,45.09829059829059,0,-0.9099541584746984,0,2014-10-01,84.5,178.9,105.0,368.4000000000002,417.6999999999999,626.3000000000002,-20.5,-0.8660254037844386,0.5000000000000001,0,OCT,0,0.03089218,0,TRUE_NEGATIVE
Gangetic West Bengal,2016,11.0,3,19.2,322.7000000000004,1246.8,1433.3,21.56153846153846,-2.361538461538462,-10.952550838387443,2.361538461538462,0,-0.076462143735493,0,2016-11-01,69.8,233.7,416.7,720.2000000000003,1339.5,1416.4,-346.9,-0.5000000000000004,0.8660254037844384,0,NOV,0,0.030889137,0,TRUE_NEGATIVE
Vidarbha,2014,10.0,3,17.3,433.8999999999995,838.8000000000004,910.5,52.3897435897436,-35.08974358974359,-66.97826938136257,35.08974358974359,0,-0.7475962728309288,0,2014-10-01,224.9,191.7,337.6,754.1999999999996,824.1000000000005,1026.7,-112.70000000000002,-0.8660254037844386,0.5000000000000001,0,OCT,0,0.030858379,0,TRUE_NEGATIVE
West Uttar Pradesh,2006,10.0,3,16.7,160.4999999999999,502.79999999999984,528.0999999999999,28.37264957264957,-11.672649572649572,-41.14049885528377,11.672649572649572,0,-0.262420235696049,0,2006-10-01,65.7,78.1,241.6,385.3999999999999,490.0999999999999,513.8999999999999,-175.89999999999998,-0.8660254037844386,0.5000000000000001,0,OCT,0,0.030844571,0,TRUE_NEGATIVE
East Madhya Pradesh,2014,10.0,3,56.4,427.7999999999994,805.5000000000007,911.7000000000002,39.41623931623931,16.983760683760686,43.0882321052974,0.0,0,0.4109290960322051,0,2014-10-01,139.6,231.8,283.4,654.7999999999995,754.2000000000006,979.5000000000002,-143.79999999999998,-0.8660254037844386,0.5000000000000001,0,OCT,0,0.030841371,0,TRUE_NEGATIVE
Saurashtra & Kutch,2015,4.0,1,2.1,6.499999999999886,10.10000000000017,390.4,1.1632478632478631,0.9367521367521368,80.52902277736958,0.0,0,0.1533782059940764,0,2015-04-01,4.4,0.0,0.9,5.299999999999887,13.200000000000172,388.8,3.5000000000000004,0.8660254037844387,-0.4999999999999998,0,APR,0,0.030840376,0,TRUE_NEGATIVE
Orissa,2010,10.0,3,133.0,651.6999999999996,1196.0,1246.8,113.82649572649574,19.173504273504264,16.844500176456886,0.0,0,0.2540989902603059,0,2010-10-01,236.0,282.7,304.9,823.5999999999995,1070.8,1219.6,-68.89999999999998,-0.8660254037844386,0.5000000000000001,0,OCT,0,0.03080444,0,TRUE_NEGATIVE
Konkan & Goa,2000,1.0,0,1.2,1.9000000000004549,762.4000000000002,2913.299999999999,1.2410256410256408,-0.0410256410256408,-3.305785123966931,0.0410256410256408,0,-0.0106446469474411,0,2000-01-01,0.0,0.7,179.7,180.40000000000043,1866.3,2912.0999999999985,-179.7,0.4999999999999999,0.8660254037844387,0,JAN,0,0.030801712,0,TRUE_NEGATIVE
South Interior Karnataka,2009,11.0,3,55.7,401.80000000000007,981.3,1140.7,53.6965811965812,2.0034188034188034,3.73099880620772,0.0,0,0.0449314399316302,0,2009-11-01,98.2,247.9,153.2,499.30000000000007,1026.9,1117.3,-54.99999999999999,-0.5000000000000004,0.8660254037844384,0,NOV,0,0.030793563,0,TRUE_NEGATIVE
East Madhya Pradesh,2009,11.0,3,79.2,356.79999999999944,901.0000000000006,925.4000000000002,12.494017094017094,66.7059829059829,533.9034067587905,0.0,0,2.8745124678531733,0,2009-11-01,68.9,208.7,191.3,468.8999999999994,825.5000000000007,849.2000000000003,-122.4,-0.5000000000000004,0.8660254037844384,0,NOV,0,0.030789549,0,TRUE_NEGATIVE
Haryana Delhi & Chandigarh,2001,2.0,0,5.2,24.20000000000003,42.1,361.1999999999998,17.14786324786325,-11.94786324786325,-69.67552210536809,11.94786324786325,0,-0.6336315373544003,0,2001-02-01,17.8,1.2,0.4,19.40000000000003,124.8,385.0999999999998,17.400000000000002,0.8660254037844386,0.5000000000000001,0,FEB,0,0.030786937,0,TRUE_NEGATIVE
North Interior Karnataka,2000,11.0,3,2.8,252.2999999999998,651.4999999999999,711.9999999999999,28.77692307692308,-25.976923076923075,-90.26998128842556,25.976923076923075,0,-0.7508412565496564,0,2000-11-01,115.1,134.4,164.6,414.0999999999998,697.6999999999998,709.5,-49.5,-0.5000000000000004,0.8660254037844384,0,NOV,0,0.030743564,0,TRUE_NEGATIVE
Vidarbha,2005,11.0,3,0.0,333.99999999999955,1120.8000000000002,1214.6,15.311111111111112,-15.311111111111112,-100.0,15.311111111111112,0,-0.6229993173150216,0,2005-11-01,87.2,246.8,249.2,583.1999999999996,1123.4000000000003,1221.5,-162.0,-0.5000000000000004,0.8660254037844384,0,NOV,0,0.030649915,0,TRUE_NEGATIVE
Himachal Pradesh,2010,10.0,3,30.5,481.2999999999999,963.0000000000002,1291.4,30.791452991452992,-0.2914529914529922,-0.9465386110031668,0.2914529914529922,0,-0.0058528612401956,0,2010-10-01,176.7,274.1,291.8,742.5999999999999,992.8000000000004,1277.3,-115.10000000000002,-0.8660254037844386,0.5000000000000001,0,OCT,0,0.03063025,0,TRUE_NEGATIVE
West Uttar Pradesh,2004,10.0,3,60.5,394.9999999999999,600.1999999999998,655.8999999999999,28.37264957264957,32.12735042735043,113.23352211109774,0.0,0,0.7222753342299763,0,2004-10-01,84.0,250.5,124.2,458.6999999999999,559.6999999999998,596.0999999999999,-40.2,-0.8660254037844386,0.5000000000000001,0,OCT,0,0.030578481,0,TRUE_NEGATIVE
Orissa,2005,11.0,3,12.4,562.0999999999995,1372.8,1496.3000000000002,27.82905982905983,-15.42905982905983,-55.44226044226044,15.42905982905983,0,-0.4197458432861449,0,2005-11-01,206.9,342.8,201.0,750.6999999999995,1405.3000000000002,1485.7,5.900000000000006,-0.5000000000000004,0.8660254037844384,0,NOV,0,0.030568026,0,TRUE_NEGATIVE
South Interior Karnataka,2012,12.0,3,6.2,151.60000000000005,633.3999999999999,878.0,11.651282051282053,-5.451282051282052,-46.78697183098592,5.451282051282052,0,-0.3442993313634939,0,2012-12-01,82.6,62.8,100.6,246.00000000000009,708.9999999999999,876.8,-18.0,-2.4492935982947064e-16,1.0,0,DEC,0,0.030537162,0,TRUE_NEGATIVE
South Interior Karnataka,2011,11.0,3,56.7,312.70000000000005,891.6999999999999,1084.8,53.6965811965812,3.0034188034188034,5.593314763231198,0.0,0,0.0673588224913603,0,2011-11-01,144.8,111.2,199.5,455.50000000000006,918.5,1211.6,-54.69999999999999,-0.5000000000000004,0.8660254037844384,0,NOV,0,0.030484214,0,TRUE_NEGATIVE
Uttarakhand,2015,10.0,3,16.8,374.6999999999999,936.299999999999,1282.3000000000002,38.53846153846154,-21.73846153846154,-56.40718562874252,21.73846153846154,0,-0.3788841963936579,0,2015-10-01,52.6,305.3,337.0,694.9,976.7999999999992,1306.3,-284.4,-0.8660254037844386,0.5000000000000001,0,OCT,0,0.030477077,0,TRUE_NEGATIVE
West Uttar Pradesh,2015,10.0,3,6.9,176.89999999999992,451.19999999999976,594.0999999999999,28.37264957264957,-21.472649572649573,-75.68080491625497,21.472649572649573,0,-0.482740249058493,0,2015-10-01,26.5,143.5,194.2,364.19999999999993,465.2999999999997,601.7999999999997,-167.7,-0.8660254037844386,0.5000000000000001,0,OCT,0,0.030468604,0,TRUE_NEGATIVE
Rayalseema,2009,2.0,0,0.0,6.400000000000398,446.19999999999993,773.3,5.582905982905984,-5.582905982905984,-100.0,5.582905982905984,0,-0.4823320431067022,0,2009-02-01,0.5,5.9,192.1,198.5000000000004,551.0999999999999,792.0,-191.6,0.8660254037844386,0.5000000000000001,0,FEB,0,0.030454617,0,TRUE_NEGATIVE
Vidarbha,2008,10.0,3,22.4,437.19999999999953,839.5000000000003,866.1000000000003,52.3897435897436,-29.9897435897436,-57.24353954581049,29.9897435897436,0,-0.6389394232393528,0,2008-10-01,160.8,254.0,261.5,676.2999999999995,819.9000000000004,871.0000000000002,-100.7,-0.8660254037844386,0.5000000000000001,0,OCT,0,0.0304508,0,TRUE_NEGATIVE
Haryana Delhi & Chandigarh,2010,2.0,0,10.2,15.4,179.8,400.2999999999998,17.14786324786325,-6.94786324786325,-40.517370283606645,6.94786324786325,0,-0.3684663257138508,0,2010-02-01,4.8,0.4,1.1,6.3,233.40000000000003,395.99999999999983,3.7,0.8660254037844386,0.5000000000000001,0,FEB,0,0.030441575,0,TRUE_NEGATIVE
Sub Himalayan West Bengal & Sikkim,2006,12.0,3,7.9,146.6000000000013,1368.6000000000008,2262.1,5.967521367521368,1.9324786324786327,32.383271268977374,0.0,0,0.2032188026406401,0,2006-12-01,20.3,118.4,456.8,595.5000000000014,1806.9000000000008,2254.7,-436.5,-2.4492935982947064e-16,1.0,0,DEC,0,0.030428391,0,TRUE_NEGATIVE
South Interior Karnataka,2006,12.0,3,1.1,147.70000000000007,659.3,1030.5,11.651282051282053,-10.551282051282053,-90.55897887323944,10.551282051282053,0,-0.6664119231236019,0,2006-12-01,84.9,61.7,112.0,258.6000000000001,841.9,1034.7,-27.099999999999994,-2.4492935982947064e-16,1.0,0,DEC,0,0.030411465,0,TRUE_NEGATIVE
Konkan & Goa,2002,12.0,3,0.3,78.60000000000045,1583.0000000000002,2537.3,4.653846153846154,-4.353846153846154,-93.55371900826448,4.353846153846154,0,-0.3067549454949293,0,2002-12-01,3.0,75.3,217.1,295.40000000000043,2524.7,2536.999999999999,-214.1,-2.4492935982947064e-16,1.0,0,DEC,0,0.03039126,0,TRUE_NEGATIVE
Haryana Delhi & Chandigarh,2000,1.0,0,17.1,17.500000000000014,155.70000000000002,329.8999999999998,16.89316239316239,0.2068376068376096,1.2243865418669533,0.0,0,0.0133072657500838,0,2000-01-01,0.4,0.0,4.8,5.200000000000014,248.4,344.4999999999998,-4.4,0.4999999999999999,0.8660254037844387,0,JAN,0,0.03038661,0,TRUE_NEGATIVE
Madhya Maharashtra,2015,10.0,3,48.3,262.1,575.1999999999998,674.1,70.49230769230769,-22.192307692307693,-31.48188563945876,22.192307692307693,0,-0.4693849860078645,0,2015-10-01,146.6,67.2,111.7,325.49999999999994,536.4999999999998,664.3000000000001,34.89999999999999,-0.8660254037844386,0.5000000000000001,0,OCT,0,0.030354965,0,TRUE_NEGATIVE
Punjab,2005,2.0,0,60.3,101.09999999999992,142.0,409.80000000000007,26.405982905982903,33.89401709401709,128.3573393753034,0.0,0,1.4452896274367502,0,2005-02-01,35.8,5.0,0.8,41.59999999999992,205.9,355.20000000000005,35.0,0.8660254037844386,0.5000000000000001,0,FEB,0,0.030284021,0,TRUE_NEGATIVE
North Interior Karnataka,2001,11.0,3,2.5,327.0999999999998,558.8999999999997,597.0,28.77692307692308,-26.27692307692308,-91.31248329323712,26.27692307692308,0,-0.7595125058849944,0,2001-11-01,137.5,187.1,108.8,433.3999999999998,569.6999999999998,597.3,28.700000000000003,-0.5000000000000004,0.8660254037844384,0,NOV,0,0.03026732,0,TRUE_NEGATIVE
Konkan & Goa,2012,12.0,3,0.0,177.40000000000046,2383.7000000000007,3018.399999999999,4.653846153846154,-4.653846153846154,-100.0,4.653846153846154,0,-0.3278917703611876,0,2012-12-01,2.3,175.1,515.3,692.7000000000004,3016.700000000001,3018.399999999999,-513.0,-2.4492935982947064e-16,1.0,0,DEC,0,0.030264907,0,TRUE_NEGATIVE
Naga Mani Mizo Tripura,2005,12.0,3,10.5,220.40000000000023,1149.3,1836.7,12.783760683760685,-2.2837606837606845,-17.864545029083377,2.2837606837606845,0,-0.1157115418731799,0,2005-12-01,15.6,194.3,292.6,502.5000000000003,1351.1,1826.7,-277.0,-2.4492935982947064e-16,1.0,0,DEC,0,0.030261183,0,TRUE_NEGATIVE
Haryana Delhi & Chandigarh,2013,1.0,0,21.1,25.20000000000003,314.9,404.19999999999976,16.89316239316239,4.20683760683761,24.90260561598788,0.0,0,0.2706543885202969,0,2013-01-01,3.5,0.6,2.4,6.500000000000028,361.9,391.2999999999998,1.1,0.4999999999999999,0.8660254037844387,0,JAN,0,0.03025195,0,TRUE_NEGATIVE
Rayalseema,2003,1.0,0,0.0,57.10000000000037,372.6,589.7,9.8,-9.8,-100.0,9.8,0,-0.5167405117033635,0,2003-01-01,12.9,44.2,167.5,224.6000000000004,415.5,615.3000000000001,-154.6,0.4999999999999999,0.8660254037844387,0,JAN,0,0.030245097,0,TRUE_NEGATIVE
Madhya Maharashtra,2006,10.0,3,60.1,698.8,1362.7999999999995,1370.1,70.49230769230769,-10.39230769230769,-14.742470536883454,10.39230769230769,0,-0.219805586168674,0,2006-10-01,217.0,421.7,416.4,1055.1,1302.9,1372.7000000000005,-199.4,-0.8660254037844386,0.5000000000000001,0,OCT,0,0.030237008,0,TRUE_NEGATIVE
Haryana Delhi & Chandigarh,2004,1.0,0,25.4,36.5,260.7,608.0999999999998,16.89316239316239,8.506837606837607,50.356691120667854,0.0,0,0.5473025454982758,0,2004-01-01,11.0,0.1,0.0,11.1,512.9,597.3999999999999,11.0,0.4999999999999999,0.8660254037844387,0,JAN,0,0.030149477,0,TRUE_NEGATIVE
Madhya Maharashtra,2006,11.0,3,25.5,302.6,1345.9999999999998,1395.6,25.553846153846155,-0.0538461538461554,-0.210716435882005,0.0538461538461554,0,-0.0015893001939098,0,2006-11-01,60.1,217.0,421.7,698.8,1362.7999999999995,1370.1,-361.6,-0.5000000000000004,0.8660254037844384,0,NOV,0,0.030102378,0,TRUE_NEGATIVE
Telangana,2002,10.0,3,76.2,450.3000000000002,717.1999999999996,778.8,74.53931623931624,1.6606837606837672,2.2279299629633966,0.0,0,0.0279182937449506,0,2002-10-01,52.4,321.7,91.7,465.8000000000002,648.6999999999997,838.2,-39.3,-0.8660254037844386,0.5000000000000001,0,OCT,0,0.030079031,0,TRUE_NEGATIVE
Orissa,2011,11.0,3,0.1,418.9999999999996,1187.3,1383.1,27.82905982905983,-27.72905982905983,-99.6406633906634,27.72905982905983,0,-0.7543659646428317,0,2011-11-01,20.2,398.7,358.6,777.4999999999995,1262.8,1418.6,-338.40000000000003,-0.5000000000000004,0.8660254037844384,0,NOV,0,0.030052291,0,TRUE_NEGATIVE
West Madhya Pradesh,2005,10.0,3,1.3,286.8999999999997,715.7000000000002,753.9000000000002,28.069230769230767,-26.769230769230766,-95.36859413537957,26.769230769230766,0,-0.792907757731137,0,2005-10-01,155.1,130.5,345.7,631.2999999999997,720.5000000000001,796.3000000000002,-190.6,-0.8660254037844386,0.5000000000000001,0,OCT,0,0.030032005,0,TRUE_NEGATIVE
Coastal Andhra Pradesh,2000,10.0,3,69.6,483.9999999999999,907.0000000000005,997.6,183.9017094017094,-114.30170940170942,-62.15369600074362,114.30170940170942,0,-1.1366740719598247,0,2000-10-01,102.9,311.5,154.1,568.4999999999999,856.5000000000002,1081.9,-51.19999999999999,-0.8660254037844386,0.5000000000000001,0,OCT,0,0.03001884,0,TRUE_NEGATIVE
Matathwada,2001,11.0,3,0.8,254.80000000000013,715.9999999999999,734.1000000000001,22.07350427350428,-21.27350427350428,-96.37574537288005,21.27350427350428,0,-0.6170863200163799,0,2001-11-01,170.5,83.5,255.8,509.8000000000001,715.8999999999999,734.0000000000002,-85.30000000000001,-0.5000000000000004,0.8660254037844384,0,NOV,0,0.030005485,0,TRUE_NEGATIVE
Coastal Andhra Pradesh,2010,1.0,0,21.8,125.7,533.7000000000004,812.3,7.377777777777778,14.422222222222222,195.48192771084337,0.0,0,1.2592138147185985,0,2010-01-01,1.3,102.6,92.6,196.5,652.8000000000003,790.5,-91.3,0.4999999999999999,0.8660254037844387,0,JAN,0,0.029956035,0,TRUE_NEGATIVE
Punjab,2003,2.0,0,56.4,70.69999999999992,168.29999999999995,332.70000000000005,26.405982905982903,29.99401709401709,113.58795921670172,0.0,0,1.2789880193574208,0,2003-02-01,10.6,3.7,0.0,14.299999999999915,170.29999999999998,282.9000000000001,10.6,0.8660254037844386,0.5000000000000001,0,FEB,0,0.029937971,0,TRUE_NEGATIVE
Telangana,2004,11.0,3,5.3,146.00000000000023,544.9999999999997,672.4,19.92478632478632,-14.62478632478632,-73.39996568291008,14.62478632478632,0,-0.5585683924718352,0,2004-11-01,30.6,110.1,117.7,258.4000000000002,574.2999999999996,674.4,-87.1,-0.5000000000000004,0.8660254037844384,0,NOV,0,0.02991994,0,TRUE_NEGATIVE
Rayalseema,2006,12.0,3,20.0,187.0000000000004,446.9,638.0999999999999,34.202564102564104,-14.202564102564104,-41.52485193792639,14.202564102564104,0,-0.3789610473068064,0,2006-12-01,78.6,88.4,144.7,311.7000000000004,512.6999999999999,699.8,-66.1,-2.4492935982947064e-16,1.0,0,DEC,0,0.029896116,0,TRUE_NEGATIVE
South Interior Karnataka,2008,1.0,0,0.8,33.60000000000006,630.1,1231.7,2.952136752136752,-2.152136752136752,-72.90098436595251,2.152136752136752,0,-0.4510556415048485,0,2008-01-01,14.6,18.2,152.5,185.30000000000007,896.4999999999999,1230.9999999999998,-137.9,0.4999999999999999,0.8660254037844387,0,JAN,0,0.029893788,0,TRUE_NEGATIVE
East Rajasthan,2014,2.0,0,10.0,38.7,158.59999999999994,851.3000000000002,5.328205128205128,4.671794871794872,87.68046198267567,0.0,0,0.6282171599026811,0,2014-02-01,28.4,0.3,1.3,30.0,427.1,863.0000000000001,27.1,0.8660254037844386,0.5000000000000001,0,FEB,0,0.029878158,0,TRUE_NEGATIVE
West Uttar Pradesh,2000,11.0,3,0.0,79.09999999999991,712.1999999999998,771.9999999999999,3.898290598290598,-3.898290598290598,-100.0,3.898290598290598,0,-0.544388542234027,0,2000-11-01,0.0,79.1,238.9,317.9999999999999,735.7999999999997,772.0999999999999,-238.9,-0.5000000000000004,0.8660254037844384,0,NOV,0,0.029779315,0,TRUE_NEGATIVE
Telangana,2013,11.0,3,16.4,383.7,1281.4999999999998,1346.0,19.92478632478632,-3.524786324786323,-17.690459849004796,3.524786324786323,0,-0.1346231108967242,0,2013-11-01,205.9,161.4,230.6,597.9,1273.6,1368.3,-24.69999999999999,-0.5000000000000004,0.8660254037844384,0,NOV,0,0.029768,0,TRUE_NEGATIVE
South Interior Karnataka,2013,10.0,3,103.7,447.2000000000001,1026.4,1172.1,138.47606837606838,-34.77606837606838,-25.11341402445423,34.77606837606838,0,-0.5674834119027056,0,2013-10-01,191.8,151.7,307.4,650.9000000000001,957.2999999999998,1131.2,-115.59999999999997,-0.8660254037844386,0.5000000000000001,0,OCT,0,0.02975827,0,TRUE_NEGATIVE
Tamil Nadu,2011,1.0,0,4.3,457.3999999999999,819.5,1087.8,23.75213675213676,-19.452136752136752,-81.89636559913637,19.452136752136752,0,-0.6067406295127953,0,2011-01-01,124.5,328.6,148.1,601.1999999999998,896.6,1095.3,-23.599999999999994,0.4999999999999999,0.8660254037844387,0,JAN,0,0.029742008,0,TRUE_NEGATIVE
Konkan & Goa,2013,1.0,0,1.8,4.100000000000454,1457.0000000000011,3020.199999999999,1.2410256410256408,0.5589743589743592,45.041322314049616,0.0,0,0.1450333146588858,0,2013-01-01,0.0,2.3,175.1,177.40000000000046,2383.7000000000007,3018.399999999999,-175.1,0.4999999999999999,0.8660254037844387,0,JAN,0,0.029737564,0,TRUE_NEGATIVE
East Uttar Pradesh,2008,10.0,3,10.3,362.60000000000025,944.0,953.8000000000002,42.43418803418803,-32.13418803418803,-75.72711891717691,32.13418803418803,0,-0.6426906937493824,0,2008-10-01,112.7,239.6,341.6,693.9000000000002,936.7,958.1,-228.90000000000003,-0.8660254037844386,0.5000000000000001,0,OCT,0,0.029715316,0,TRUE_NEGATIVE
Gujarat Region,2003,3.0,1,0.1,6.200000000000227,6.999999999999772,639.1999999999996,1.205128205128205,-1.105128205128205,-91.70212765957446,1.105128205128205,0,-0.2329352156627903,0,2003-03-01,6.1,0.0,0.1,6.200000000000227,120.59999999999978,639.1999999999996,6.0,1.0,6.123233995736766e-17,0,MAR,0,0.029706588,0,TRUE_NEGATIVE
Jammu & Kashmir,2006,10.0,3,46.2,580.6999999999997,907.8,1353.9,33.61367521367521,12.586324786324797,37.44406021155415,0.0,0,0.3635931731330945,0,2006-10-01,203.0,331.5,209.0,743.4999999999998,896.0,1322.3,-6.0,-0.8660254037844386,0.5000000000000001,0,OCT,0,0.029698571,0,TRUE_NEGATIVE
Naga Mani Mizo Tripura,2014,10.0,3,69.6,742.8000000000001,1499.3,1598.0,175.45299145299143,-105.85299145299146,-60.33125487139517,105.85299145299146,0,-1.3087304558171395,0,2014-10-01,300.9,372.3,295.7,968.9,1479.3000000000002,1654.0,5.199999999999989,-0.8660254037844386,0.5000000000000001,0,OCT,0,0.029692436,0,TRUE_NEGATIVE
Orissa,2002,11.0,3,7.8,261.3999999999993,985.2,1102.8,27.82905982905983,-20.02905982905983,-71.97174447174447,20.02905982905983,0,-0.5448883276959627,0,2002-11-01,47.1,206.5,371.2,624.7999999999993,1044.9,1113.7,-324.1,-0.5000000000000004,0.8660254037844384,0,NOV,0,0.029689433,0,TRUE_NEGATIVE
South Interior Karnataka,2008,11.0,3,32.3,290.80000000000007,913.8,1150.0,53.6965811965812,-21.3965811965812,-39.84719458814167,21.3965811965812,0,-0.4798693119660541,0,2008-11-01,117.1,141.4,269.8,528.3000000000001,947.8,1135.9,-152.70000000000002,-0.5000000000000004,0.8660254037844384,0,NOV,0,0.0296771,0,TRUE_NEGATIVE
Saurashtra & Kutch,2013,3.0,1,0.1,1.9999999999998863,5.40000000000017,325.79999999999995,1.276923076923077,-1.176923076923077,-92.16867469879516,1.176923076923077,0,-0.2085163037434423,0,2013-03-01,0.2,1.7,1.0,2.8999999999998862,233.80000000000015,325.69999999999993,-0.8,1.0,6.123233995736766e-17,0,MAR,0,0.029659351,0,TRUE_NEGATIVE
South Interior Karnataka,2014,10.0,3,152.9,569.1,1078.0,1172.5,138.47606837606838,14.423931623931622,10.416190893548206,0.0,0,0.2353728386568535,0,2014-10-01,161.6,254.6,271.6,687.8000000000002,971.8,1123.3000000000002,-110.00000000000004,-0.8660254037844386,0.5000000000000001,0,OCT,0,0.02965607,0,TRUE_NEGATIVE
Haryana Delhi & Chandigarh,2008,12.0,3,0.2,14.1,427.1,710.2999999999997,7.107692307692308,-6.907692307692308,-97.18614718614718,6.907692307692308,0,-0.6429153611619778,0,2008-12-01,5.5,8.4,114.5,128.4,620.4,711.4999999999998,-109.0,-2.4492935982947064e-16,1.0,0,DEC,0,0.029646145,0,TRUE_NEGATIVE
Haryana Delhi & Chandigarh,2014,1.0,0,13.0,16.800000000000026,232.4,453.1999999999998,16.89316239316239,-3.893162393162392,-23.045788009107003,3.893162393162392,0,-0.2504735350893847,0,2014-01-01,2.1,1.7,10.9,14.700000000000028,315.9,461.29999999999984,-8.8,0.4999999999999999,0.8660254037844387,0,JAN,0,0.029606191,0,TRUE_NEGATIVE
Gangetic West Bengal,2002,11.0,3,50.9,448.8000000000002,1367.4,1613.3000000000002,21.56153846153846,29.338461538461537,136.06849803781662,0.0,0,0.949923831293714,0,2002-11-01,71.5,326.4,289.3,687.2000000000003,1430.6,1571.2,-217.8,-0.5000000000000004,0.8660254037844384,0,NOV,0,0.029603794,0,TRUE_NEGATIVE
Telangana,2003,11.0,3,7.3,212.20000000000024,903.4999999999995,958.0,19.92478632478632,-12.62478632478632,-63.36221688400823,12.62478632478632,0,-0.4821818552510945,0,2003-11-01,101.7,103.2,266.5,471.4000000000002,904.0999999999996,954.6,-164.8,-0.5000000000000004,0.8660254037844384,0,NOV,0,0.029602481,0,TRUE_NEGATIVE
Rayalseema,2012,12.0,3,61.9,262.2000000000004,591.4,715.1,34.202564102564104,27.69743589743589,80.98058325211784,0.0,0,0.7390390382755232,0,2012-12-01,86.6,113.7,69.5,269.8000000000004,576.4999999999999,688.3,17.099999999999994,-2.4492935982947064e-16,1.0,0,DEC,0,0.029583734,0,TRUE_NEGATIVE
West Uttar Pradesh,2010,2.0,0,13.7,19.69999999999992,218.29999999999984,560.8999999999999,17.614529914529914,-3.914529914529915,-22.22330049978165,3.914529914529915,0,-0.1965724222422427,0,2010-02-01,3.2,2.8,13.9,19.899999999999917,389.0999999999999,551.0999999999999,-10.7,0.8660254037844386,0.5000000000000001,0,FEB,0,0.029547097,0,TRUE_NEGATIVE
East Uttar Pradesh,2016,12.0,3,0.0,25.900000000000222,739.1,871.6,5.677777777777777,-5.677777777777777,-100.0,5.677777777777777,0,-0.6724692464062567,0,2016-12-01,0.0,25.9,150.7,176.60000000000022,816.2,876.5,-150.7,-2.4492935982947064e-16,1.0,0,DEC,0,0.029544873,0,TRUE_NEGATIVE
Haryana Delhi & Chandigarh,2017,2.0,0,0.3,35.50000000000003,55.49999999999997,432.0999999999999,17.14786324786325,-16.84786324786325,-98.25051089069431,16.84786324786325,0,-0.8934934447621387,0,2017-02-01,34.2,1.0,0.0,35.20000000000003,188.2,432.8999999999999,34.2,0.8660254037844386,0.5000000000000001,0,FEB,0,0.029502256,0,TRUE_NEGATIVE
Haryana Delhi & Chandigarh,2010,1.0,0,4.8,6.3,233.40000000000003,395.99999999999983,16.89316239316239,-12.093162393162393,-71.5861371110549,12.093162393162393,0,-0.7780351367683215,0,2010-01-01,0.4,1.1,2.5,4.0,335.0,395.2999999999998,-2.1,0.4999999999999999,0.8660254037844387,0,JAN,0,0.029474674,0,TRUE_NEGATIVE
Rayalseema,2010,2.0,0,0.8,40.900000000000425,401.5999999999999,693.3000000000001,5.582905982905984,-4.782905982905984,-85.67054500918555,4.782905982905984,0,-0.4132164900834516,0,2010-02-01,4.7,35.4,135.6,175.70000000000044,529.2999999999998,692.5,-130.9,0.8660254037844386,0.5000000000000001,0,FEB,0,0.029406855,0,TRUE_NEGATIVE
Madhya Maharashtra,2002,10.0,3,36.3,353.6,715.4999999999998,740.5000000000001,70.49230769230769,-34.19230769230769,-48.5050196420777,34.19230769230769,0,-0.7231945451663632,0,2002-10-01,95.8,221.5,95.6,412.9,692.1999999999997,829.7000000000002,0.2000000000000028,-0.8660254037844386,0.5000000000000001,0,OCT,0,0.029401759,0,TRUE_NEGATIVE
Madhya Maharashtra,2016,10.0,3,62.4,467.0,894.9999999999998,920.5,70.49230769230769,-8.092307692307692,-11.479703186381492,8.092307692307692,0,-0.1711587539966285,0,2016-10-01,171.9,232.7,319.6,724.1999999999999,833.9999999999998,906.4000000000002,-147.70000000000002,-0.8660254037844386,0.5000000000000001,0,OCT,0,0.029367737,0,TRUE_NEGATIVE
West Rajasthan,2016,2.0,0,1.6,1.6999999999999718,38.60000000000026,457.9000000000001,4.862393162393162,-3.262393162393162,-67.09439268764281,3.262393162393162,0,-0.4178036484646892,0,2016-02-01,0.1,0.0,0.1,0.1999999999999716,97.50000000000026,457.2000000000001,0.0,0.8660254037844386,0.5000000000000001,0,FEB,0,0.029367039,0,TRUE_NEGATIVE
Uttarakhand,2014,11.0,3,0.0,148.69999999999987,938.4999999999992,1247.0,8.04957264957265,-8.04957264957265,-100.0,8.04957264957265,0,-0.6364141572623329,0,2014-11-01,40.8,107.9,264.2,412.8999999999999,991.3999999999992,1250.1999999999998,-223.4,-0.5000000000000004,0.8660254037844384,0,NOV,0,0.029279001,0,TRUE_NEGATIVE
South Interior Karnataka,2007,11.0,3,18.2,369.2000000000001,1098.6,1217.5,53.6965811965812,-35.496581196581204,-66.10584958217271,35.496581196581204,0,-0.7960954060582485,0,2007-11-01,152.5,198.5,245.5,596.5,1157.1,1284.1999999999998,-93.0,-0.5000000000000004,0.8660254037844384,0,NOV,0,0.029275037,0,TRUE_NEGATIVE
North Interior Karnataka,2001,10.0,3,137.5,433.3999999999998,569.6999999999998,597.3,95.56239316239316,41.93760683760685,43.88505294791072,0.0,0,0.7597456871364234,0,2001-10-01,187.1,108.8,62.1,357.99999999999983,454.29999999999984,574.9,125.0,-0.8660254037844386,0.5000000000000001,0,OCT,0,0.02925423,0,TRUE_NEGATIVE
Jharkhand,2001,10.0,3,115.5,467.7000000000001,1204.4000000000003,1254.9,79.92136752136751,35.578632478632485,44.51704666980367,0.0,0,0.5482168590394292,0,2001-10-01,132.8,219.4,354.6,706.8,1102.9000000000003,1158.5,-221.8,-0.8660254037844386,0.5000000000000001,0,OCT,0,0.029205961,0,TRUE_NEGATIVE
Gangetic West Bengal,2007,10.0,3,55.8,843.7000000000002,1778.8000000000002,1923.1,116.28888888888888,-60.48888888888888,-52.01605197783298,60.48888888888888,0,-0.785868388724165,0,2007-10-01,459.9,328.0,610.1,1398.0000000000002,1761.7000000000005,1917.0,-150.20000000000005,-0.8660254037844386,0.5000000000000001,0,OCT,0,0.029204894,0,TRUE_NEGATIVE
South Interior Karnataka,2015,1.0,0,1.7,40.60000000000006,609.6999999999999,1185.4,2.952136752136752,-1.252136752136752,-42.41459177764909,1.252136752136752,0,-0.2624291162845922,0,2015-01-01,18.7,20.2,152.9,191.80000000000007,879.5999999999999,1184.1,-134.20000000000002,0.4999999999999999,0.8660254037844387,0,JAN,0,0.029196085,0,TRUE_NEGATIVE
Madhya Maharashtra,2014,10.0,3,38.5,399.19999999999993,750.8999999999999,797.4000000000001,70.49230769230769,-31.99230769230769,-45.38411174159756,31.99230769230769,0,-0.6766627926539717,0,2014-10-01,120.4,240.3,277.9,638.5999999999999,719.8999999999999,816.7000000000002,-157.49999999999997,-0.8660254037844386,0.5000000000000001,0,OCT,0,0.02918826,0,TRUE_NEGATIVE
West Madhya Pradesh,2010,10.0,3,13.6,441.1999999999997,762.3000000000003,855.0000000000003,28.069230769230767,-14.469230769230768,-51.548369416278426,14.469230769230768,0,-0.4285803138770886,0,2010-10-01,136.1,291.5,258.5,686.0999999999997,748.8000000000002,931.3000000000004,-122.4,-0.8660254037844386,0.5000000000000001,0,OCT,0,0.029177206,0,TRUE_NEGATIVE
West Rajasthan,2009,1.0,0,2.9,11.6,168.3000000000002,325.4000000000001,3.323076923076924,-0.4230769230769233,-12.731481481481488,0.4230769230769233,0,-0.0934100973439944,0,2009-01-01,8.3,0.4,0.4,9.1,222.5000000000002,324.1000000000001,7.9,0.4999999999999999,0.8660254037844387,0,JAN,0,0.02915749,0,TRUE_NEGATIVE
Gujarat Region,2004,3.0,1,0.0,0.0,1.8999999999997723,1153.9999999999998,1.205128205128205,-1.205128205128205,-100.0,1.205128205128205,0,-0.2540128801891217,0,2004-03-01,0.0,0.0,0.0,0.0,111.39999999999978,1154.1,0.0,1.0,6.123233995736766e-17,0,MAR,0,0.029131794,0,TRUE_NEGATIVE
Vidarbha,2010,1.0,0,14.0,78.99999999999955,386.6000000000004,784.7000000000002,10.390598290598293,3.609401709401709,34.73718845109813,0.0,0,0.2401023495243847,0,2010-01-01,1.2,63.8,41.9,106.89999999999954,683.4000000000004,770.8000000000001,-40.7,0.4999999999999999,0.8660254037844387,0,JAN,0,0.029129421,0,TRUE_NEGATIVE
Matathwada,2006,1.0,0,0.0,0.0,438.0999999999999,927.3000000000002,4.915384615384616,-4.915384615384616,-100.0,4.915384615384616,0,-0.4649132222062268,0,2006-01-01,0.0,0.0,100.5,100.50000000000011,851.5999999999999,940.5,-100.5,0.4999999999999999,0.8660254037844387,0,JAN,0,0.029081082,0,TRUE_NEGATIVE
North Interior Karnataka,2013,10.0,3,101.0,375.8999999999999,683.3999999999999,768.5,95.56239316239316,5.43760683760685,5.690111619919876,0.0,0,0.0985082043239229,0,2013-10-01,201.0,73.9,160.7,435.5999999999999,607.7999999999998,752.6999999999999,40.30000000000001,-0.8660254037844386,0.5000000000000001,0,OCT,0,0.02904424,0,TRUE_NEGATIVE
Chhattisgarh,2005,10.0,3,83.5,591.7000000000005,1198.8999999999996,1285.5,63.78034188034188,19.71965811965812,30.91808155662463,0.0,0,0.401904774551002,0,2005-10-01,240.5,267.7,393.8,902.0000000000006,1121.8999999999996,1245.9,-153.3,-0.8660254037844386,0.5000000000000001,0,OCT,0,0.029032283,0,TRUE_NEGATIVE
Telangana,2015,1.0,0,17.5,28.99999999999997,410.5999999999997,763.7,7.581196581196581,9.91880341880342,130.83427282976325,0.0,0,0.7191557240605245,0,2015-01-01,0.7,10.8,29.6,41.09999999999997,539.0999999999997,746.4,-28.9,0.4999999999999999,0.8660254037844387,0,JAN,0,0.028939117,0,TRUE_NEGATIVE
Saurashtra & Kutch,2016,3.0,1,0.3,0.2999999999998863,3.9000000000001696,436.6,1.276923076923077,-0.976923076923077,-76.50602409638554,0.976923076923077,0,-0.1730821606236416,0,2016-03-01,0.0,0.0,0.0,0.0,83.50000000000017,440.7,0.0,1.0,6.123233995736766e-17,0,MAR,0,0.028926615,0,TRUE_NEGATIVE
Gangetic West Bengal,2015,10.0,3,32.7,457.3000000000004,1395.2,1522.3,116.28888888888888,-83.58888888888887,-71.88037454614943,83.58888888888887,0,-1.0859823454026254,0,2015-10-01,164.0,260.6,633.1,1057.7000000000005,1451.2,1546.5,-469.1,-0.8660254037844386,0.5000000000000001,0,OCT,0,0.028912695,0,TRUE_NEGATIVE
Gangetic West Bengal,2010,10.0,3,96.2,481.40000000000026,994.5,1038.6,116.28888888888888,-20.088888888888874,-17.274985667876923,20.088888888888874,0,-0.2609937631912729,0,2010-10-01,192.6,192.6,196.3,581.5000000000002,914.2,1019.7,-3.700000000000017,-0.8660254037844386,0.5000000000000001,0,OCT,0,0.028873783,0,TRUE_NEGATIVE
East Rajasthan,2011,1.0,0,0.0,54.5,460.1,687.6000000000003,6.38974358974359,-6.38974358974359,-100.0,6.38974358974359,0,-0.7818562876363844,0,2011-01-01,5.0,49.5,0.8,55.3,656.3000000000001,689.5000000000002,4.2,0.4999999999999999,0.8660254037844387,0,JAN,0,0.0288655,0,TRUE_NEGATIVE
Madhya Maharashtra,2000,10.0,3,56.5,303.1,693.2999999999998,696.7,70.49230769230769,-13.99230769230769,-19.84941073766914,13.99230769230769,0,-0.2959484539162237,0,2000-10-01,87.0,159.6,198.7,445.3,638.4999999999998,817.8000000000002,-111.7,-0.8660254037844386,0.5000000000000001,0,OCT,0,0.028843578,0,TRUE_NEGATIVE
East Madhya Pradesh,2014,12.0,3,12.9,71.19999999999943,726.0000000000006,925.0,8.260683760683762,4.639316239316239,56.16140713916191,0.0,0,0.2865512666721389,0,2014-12-01,1.9,56.4,139.6,197.89999999999944,804.9000000000007,913.1,-137.7,-2.4492935982947064e-16,1.0,0,DEC,0,0.028799573,0,TRUE_NEGATIVE
Rayalseema,2007,11.0,3,35.3,398.2000000000004,877.0999999999999,918.8,101.22991452991452,-65.92991452991453,-65.12888491122013,65.92991452991453,0,-0.9111528174404344,0,2007-11-01,176.9,186.0,186.9,549.8000000000004,856.8999999999999,962.1,-10.0,-0.5000000000000004,0.8660254037844384,0,NOV,0,0.028792772,0,TRUE_NEGATIVE
West Madhya Pradesh,2000,10.0,3,1.2,168.99999999999972,613.0,613.6000000000003,28.069230769230767,-26.869230769230768,-95.72485612496575,26.869230769230768,0,-0.7958697694697877,0,2000-10-01,31.6,136.2,320.5,488.2999999999997,611.9,698.6000000000003,-288.9,-0.8660254037844386,0.5000000000000001,0,OCT,0,0.028792057,0,TRUE_NEGATIVE
Rayalseema,2013,1.0,0,1.3,149.8000000000004,453.0,713.6999999999999,9.8,-8.499999999999998,-86.73469387755102,8.499999999999998,0,-0.448193300967203,0,2013-01-01,61.9,86.6,113.7,262.2000000000004,591.4,715.1,-51.8,0.4999999999999999,0.8660254037844387,0,JAN,0,0.02876824,0,TRUE_NEGATIVE
Madhya Maharashtra,2001,10.0,3,125.5,423.7000000000001,769.2999999999998,783.5000000000001,70.49230769230769,55.00769230769231,78.03360977738978,0.0,0,1.1634565112451436,0,2001-10-01,137.3,160.9,179.3,477.5,648.4999999999998,714.5000000000001,-42.0,-0.8660254037844386,0.5000000000000001,0,OCT,0,0.028721679,0,TRUE_NEGATIVE
Konkan & Goa,2011,1.0,0,0.0,108.10000000000024,1679.600000000001,3775.399999999999,1.2410256410256408,-1.2410256410256408,-100.0,1.2410256410256408,0,-0.3220005701600948,0,2011-01-01,1.4,106.7,190.2,298.30000000000024,3084.900000000001,3778.099999999999,-188.8,0.4999999999999999,0.8660254037844387,0,JAN,0,0.028715834,0,TRUE_NEGATIVE
Gujarat Region,2016,3.0,1,0.6,0.6000000000002842,3.0999999999997727,615.6999999999997,1.205128205128205,-0.6051282051282051,-50.212765957446805,0.6051282051282051,0,-0.1275468930311334,0,2016-03-01,0.0,0.0,0.0,0.0,95.89999999999978,621.1999999999997,0.0,1.0,6.123233995736766e-17,0,MAR,0,0.028707331,0,TRUE_NEGATIVE
Coastal Andhra Pradesh,2001,11.0,3,78.0,461.1999999999999,872.1000000000004,1017.8,77.08290598290598,0.9170940170940156,1.1897501857252135,0.0,0,0.0121112214656477,0,2001-11-01,196.0,187.2,170.7,553.8999999999999,844.9000000000003,950.4,25.30000000000001,-0.5000000000000004,0.8660254037844384,0,NOV,0,0.028689586,0,TRUE_NEGATIVE
Tamil Nadu,2010,12.0,3,124.5,601.1999999999998,896.6,1095.3,81.14615384615385,43.35384615384615,53.42686510569722,0.0,0,0.6623686879288682,0,2010-12-01,328.6,148.1,111.1,587.8,842.1,1077.0,217.50000000000003,-2.4492935982947064e-16,1.0,0,DEC,0,0.02868309,0,TRUE_NEGATIVE
Gangetic West Bengal,2002,10.0,3,71.5,687.2000000000003,1430.6,1571.2,116.28888888888888,-44.78888888888888,-38.515192050449066,44.78888888888888,0,-0.5818948337522242,0,2002-10-01,326.4,289.3,281.6,897.3000000000003,1436.5,1663.3,44.79999999999996,-0.8660254037844386,0.5000000000000001,0,OCT,0,0.028652139,0,TRUE_NEGATIVE
North Interior Karnataka,2007,10.0,3,40.5,389.29999999999984,760.8999999999997,843.1,95.56239316239316,-55.06239316239315,-57.619311677160844,55.06239316239315,0,-0.9975155685570712,0,2007-10-01,205.4,143.4,117.2,465.9999999999999,747.3999999999997,846.1999999999999,88.2,-0.8660254037844386,0.5000000000000001,0,OCT,0,0.028599108,0,TRUE_NEGATIVE
Rayalseema,2001,11.0,3,41.7,589.7000000000004,779.5999999999999,923.2,101.22991452991452,-59.52991452991452,-58.80664308209289,59.52991452991452,0,-0.822704681670853,0,2001-11-01,352.5,195.5,95.8,643.8000000000003,762.3999999999999,919.2,256.7,-0.5000000000000004,0.8660254037844384,0,NOV,0,0.02859299,0,TRUE_NEGATIVE
Coastal Andhra Pradesh,2014,1.0,0,0.4,56.29999999999995,722.9000000000003,1118.8000000000002,7.377777777777778,-6.977777777777778,-94.57831325301204,6.977777777777778,0,-0.6092344188314944,0,2014-01-01,2.8,53.1,411.5,467.3999999999999,884.9000000000004,1120.4,-408.7,0.4999999999999999,0.8660254037844387,0,JAN,0,0.028581263,0,TRUE_NEGATIVE
Madhya Maharashtra,2003,10.0,3,29.5,324.1,758.6999999999997,774.8000000000002,70.49230769230769,-40.99230769230769,-58.15146224356176,40.99230769230769,0,-0.8670199620228457,0,2003-10-01,116.2,178.4,208.7,503.3,734.8999999999997,781.6000000000001,-92.5,-0.8660254037844386,0.5000000000000001,0,OCT,0,0.028579477,0,TRUE_NEGATIVE
Madhya Maharashtra,2001,2.0,0,0.0,6.500000000000001,152.69999999999976,704.4000000000001,1.448717948717949,-1.448717948717949,-100.0,1.448717948717949,0,-0.5005820488450531,0,2001-02-01,4.4,2.1,2.7,9.2,312.2999999999998,705.5000000000001,1.7000000000000002,0.8660254037844386,0.5000000000000001,0,FEB,0,0.02857667,0,TRUE_NEGATIVE
Matathwada,2008,11.0,3,0.3,301.90000000000015,625.8999999999999,646.2000000000002,22.07350427350428,-21.77350427350428,-98.64090451483,21.77350427350428,0,-0.6315899559026629,0,2008-11-01,33.8,267.8,150.8,452.40000000000015,627.4,653.4000000000002,-117.0,-0.5000000000000004,0.8660254037844384,0,NOV,0,0.028556734,0,TRUE_NEGATIVE
West Rajasthan,2004,1.0,0,2.4,2.499999999999972,110.20000000000022,368.0000000000001,3.323076923076924,-0.9230769230769234,-27.777777777777786,0.9230769230769234,0,-0.2038038487505331,0,2004-01-01,0.1,0.0,0.2,0.2999999999999716,296.2000000000003,368.1000000000001,-0.1,0.4999999999999999,0.8660254037844387,0,JAN,0,0.028532824,0,TRUE_NEGATIVE
Telangana,2003,10.0,3,101.7,471.4000000000002,904.0999999999996,954.6,74.53931623931624,27.160683760683767,36.438064005687366,0.0,0,0.4566070708322384,0,2003-10-01,103.2,266.5,312.2,681.9000000000002,816.3999999999997,929.1,-209.0,-0.8660254037844386,0.5000000000000001,0,OCT,0,0.028514443,0,TRUE_NEGATIVE
Orissa,2010,11.0,3,35.6,404.5999999999996,1138.6,1255.1,27.82905982905983,7.770940170940172,27.92383292383293,0.0,0,0.2114075563459799,0,2010-11-01,133.0,236.0,282.7,651.6999999999996,1196.0,1246.8,-149.7,-0.5000000000000004,0.8660254037844384,0,NOV,0,0.028460262,0,TRUE_NEGATIVE
East Madhya Pradesh,2006,10.0,3,13.0,415.3999999999994,863.5000000000007,932.4000000000002,39.41623931623931,-26.41623931623932,-67.01866990480734,26.41623931623932,0,-0.6391518077131176,0,2006-10-01,74.1,328.3,373.8,776.1999999999995,864.7000000000007,947.0000000000002,-299.70000000000005,-0.8660254037844386,0.5000000000000001,0,OCT,0,0.028422067,0,TRUE_NEGATIVE
Konkan & Goa,2014,1.0,0,1.3,4.900000000000455,992.5000000000013,3523.399999999999,1.2410256410256408,0.0589743589743592,4.752066115702499,0.0,0,0.0153016799869467,0,2014-01-01,1.5,2.1,149.3,152.90000000000046,2469.700000000001,3523.8999999999987,-147.8,0.4999999999999999,0.8660254037844387,0,JAN,0,0.028399091,0,TRUE_NEGATIVE
Rayalseema,2006,1.0,0,0.2,226.7000000000004,765.6999999999999,1065.3000000000002,9.8,-9.6,-97.9591836734694,9.6,0,-0.5061947869747235,0,2006-01-01,81.7,144.8,304.8,531.3000000000004,898.6999999999999,1066.4,-223.1,0.4999999999999999,0.8660254037844387,0,JAN,0,0.028365783,0,TRUE_NEGATIVE
Telangana,2004,10.0,3,30.6,258.4000000000002,574.2999999999996,674.4,74.53931623931624,-43.93931623931624,-58.94783914873123,43.93931623931624,0,-0.7386781076346698,0,2004-10-01,110.1,117.7,216.7,444.5000000000002,569.5999999999997,745.4999999999999,-106.6,-0.8660254037844386,0.5000000000000001,0,OCT,0,0.028349157,0,TRUE_NEGATIVE
Gujarat Region,2015,10.0,3,2.2,133.00000000000028,609.2999999999997,623.9999999999998,20.91794871794872,-18.71794871794872,-89.48271635204708,18.71794871794872,0,-0.5417362525194108,0,2015-10-01,93.4,37.4,354.7,485.5000000000003,612.5999999999997,625.0999999999997,-261.29999999999995,-0.8660254037844386,0.5000000000000001,0,OCT,0,0.028319145,0,TRUE_NEGATIVE
Telangana,2016,11.0,3,0.5,407.2000000000001,970.6999999999996,1044.7,19.92478632478632,-19.42478632478632,-97.49056280027452,19.42478632478632,0,-0.741896081801613,0,2016-11-01,70.4,336.3,133.7,540.4,1025.2999999999995,1044.5,-63.29999999999998,-0.5000000000000004,0.8660254037844384,0,NOV,0,0.028301267,0,TRUE_NEGATIVE
Saurashtra & Kutch,2007,2.0,0,1.9,2.499999999999943,72.40000000000023,703.6999999999999,1.588034188034188,0.3119658119658119,19.64477933261572,0.0,0,0.0735972853691571,0,2007-02-01,0.0,0.6,0.3,0.8999999999999431,260.30000000000024,701.8,-0.3,0.8660254037844386,0.5000000000000001,0,FEB,0,0.028165026,0,TRUE_NEGATIVE
Tamil Nadu,2005,12.0,3,148.5,782.3999999999999,1081.5,1365.4,81.14615384615385,67.35384615384615,83.0031282586027,0.0,0,1.0290454633614567,0,2005-12-01,353.4,280.5,117.9,751.8,968.7,1241.9,235.5,-2.4492935982947064e-16,1.0,0,DEC,0,0.028116945,0,TRUE_NEGATIVE
East Rajasthan,2007,2.0,0,16.8,18.0,109.4,766.0000000000002,5.328205128205128,11.471794871794874,215.3031761308952,0.0,0,1.54261447497508,0,2007-02-01,0.7,0.5,0.1,1.2999999999999998,434.1,749.2000000000003,0.6,0.8660254037844386,0.5000000000000001,0,FEB,0,0.028108716,0,TRUE_NEGATIVE
Saurashtra & Kutch,2004,2.0,0,0.0,0.1999999999998863,24.900000000000222,685.9999999999999,1.588034188034188,-1.588034188034188,-100.0,1.588034188034188,0,-0.3746404279887505,0,2004-02-01,0.2,0.0,0.0,0.1999999999998863,215.60000000000025,686.3999999999999,0.2,0.8660254037844386,0.5000000000000001,0,FEB,0,0.028103407,0,TRUE_NEGATIVE
West Uttar Pradesh,2013,1.0,0,20.4,22.499999999999886,239.8999999999997,395.49999999999983,17.57008547008547,2.8299145299145287,16.106435763973337,0.0,0,0.1799486759798012,0,2013-01-01,2.0,0.1,0.5,2.5999999999998864,364.5999999999998,389.5999999999998,1.5,0.4999999999999999,0.8660254037844387,0,JAN,0,0.028067594,0,TRUE_NEGATIVE
Lakshadweep,2014,11.0,3,59.0,360.4000000000004,1186.6999999999998,1359.4,123.43909090909092,-64.43909090909091,-52.20314766944315,64.43909090909091,0,-0.8378418196270412,0,2014-11-01,169.2,132.2,466.1,767.5000000000005,1185.1,1378.4999999999998,-296.90000000000003,-0.5000000000000004,0.8660254037844384,0,NOV,0,0.028053125,0,TRUE_NEGATIVE
Gangetic West Bengal,2010,11.0,3,6.3,295.10000000000025,873.3,1035.5,21.56153846153846,-15.26153846153846,-70.78130574384588,15.26153846153846,0,-0.4941397171700914,0,2010-11-01,96.2,192.6,192.6,481.40000000000026,994.5,1038.6,-96.4,-0.5000000000000004,0.8660254037844384,0,NOV,0,0.028005287,0,TRUE_NEGATIVE
Rayalseema,2009,12.0,3,35.4,240.30000000000044,557.8,688.3000000000001,34.202564102564104,1.197435897435895,3.501012069870298,0.0,0,0.0319506786590139,0,2009-12-01,135.6,69.3,155.8,360.7000000000005,591.3,658.8,-20.200000000000017,-2.4492935982947064e-16,1.0,0,DEC,0,0.027991708,0,TRUE_NEGATIVE
Vidarbha,2001,10.0,3,129.2,526.3999999999996,1074.9000000000003,1117.9,52.3897435897436,76.81025641025639,146.61315583398584,0.0,0,1.636462838796002,0,2001-10-01,37.4,359.8,202.0,599.1999999999996,964.0000000000002,999.7000000000002,-164.6,-0.8660254037844386,0.5000000000000001,0,OCT,0,0.027965758,0,TRUE_NEGATIVE
Coastal Andhra Pradesh,2011,12.0,3,5.0,84.50000000000003,626.0000000000003,861.8,11.550427350427348,-6.5504273504273485,-56.71155838389817,6.5504273504273485,0,-0.2761087958979282,0,2011-12-01,4.9,74.6,129.7,209.2,707.8000000000003,995.0,-124.79999999999998,-2.4492935982947064e-16,1.0,0,DEC,0,0.02795847,0,TRUE_NEGATIVE
Sub Himalayan West Bengal & Sikkim,2015,12.0,3,9.0,86.40000000000126,1461.200000000001,2518.5,5.967521367521368,3.0324786324786324,50.81638498997422,0.0,0,0.3188944324497971,0,2015-12-01,23.8,53.6,354.9,432.3000000000012,1960.400000000001,2511.9,-331.1,-2.4492935982947064e-16,1.0,0,DEC,0,0.027951308,0,TRUE_NEGATIVE
Gujarat Region,2007,1.0,0,0.1,3.000000000000228,777.5999999999997,1478.0999999999997,1.7555555555555555,-1.6555555555555554,-94.30379746835442,1.6555555555555554,0,-0.3502282380882089,0,2007-01-01,0.0,2.9,9.2,12.100000000000229,1353.4999999999998,1477.9999999999995,-9.2,0.4999999999999999,0.8660254037844387,0,JAN,0,0.027904408,0,TRUE_NEGATIVE
South Interior Karnataka,2009,10.0,3,98.2,499.30000000000007,1026.9,1117.3,138.47606837606838,-40.27606837606838,-29.0852194522797,40.27606837606838,0,-0.6572336025140384,0,2009-10-01,247.9,153.2,324.7,725.8000000000001,954.1,1136.2,-76.79999999999998,-0.8660254037844386,0.5000000000000001,0,OCT,0,0.027858237,0,TRUE_NEGATIVE
West Uttar Pradesh,2009,10.0,3,59.3,369.19999999999993,517.3999999999999,536.4999999999998,28.37264957264957,30.927350427350422,109.00409687914208,0.0,0,0.6952973734100851,0,2009-10-01,125.4,184.5,118.3,428.19999999999993,466.79999999999984,482.29999999999984,7.1000000000000085,-0.8660254037844386,0.5000000000000001,0,OCT,0,0.02780532,0,TRUE_NEGATIVE
East Madhya Pradesh,2015,12.0,3,0.9,40.29999999999944,646.2000000000007,939.2000000000004,8.260683760683762,-7.360683760683761,-89.1050181065701,7.360683760683761,0,-0.454638818824698,0,2015-12-01,1.2,38.2,71.6,110.99999999999945,784.5000000000006,951.2000000000004,-70.39999999999999,-2.4492935982947064e-16,1.0,0,DEC,0,0.02775007,0,TRUE_NEGATIVE
Uttarakhand,2016,11.0,3,0.0,124.0999999999999,1115.3999999999992,1312.3,8.04957264957265,-8.04957264957265,-100.0,8.04957264957265,0,-0.6364141572623329,0,2016-11-01,12.7,111.4,308.5,432.5999999999999,1214.6999999999991,1314.6999999999998,-295.8,-0.5000000000000004,0.8660254037844384,0,NOV,0,0.027743433,0,TRUE_NEGATIVE
East Rajasthan,2005,1.0,0,0.4,0.9,434.0,604.1000000000003,6.38974358974359,-5.98974358974359,-93.73996789727126,5.98974358974359,0,-0.7329118330331436,0,2005-01-01,0.1,0.4,27.5,28.0,539.4000000000001,606.2000000000003,-27.4,0.4999999999999999,0.8660254037844387,0,JAN,0,0.027740179,0,TRUE_NEGATIVE
South Interior Karnataka,2000,11.0,3,14.1,403.8,1072.4,1198.7,53.6965811965812,-39.5965811965812,-73.74134500596897,39.5965811965812,0,-0.8880476745531417,0,2000-11-01,206.2,183.5,300.6,690.3,1117.6,1213.4,-94.40000000000003,-0.5000000000000004,0.8660254037844384,0,NOV,0,0.027718611,0,TRUE_NEGATIVE
Punjab,2011,12.0,3,2.6,3.599999999999915,458.2,705.1000000000001,12.638461538461538,-10.038461538461538,-79.42787583688376,10.038461538461538,0,-0.6527873304602076,0,2011-12-01,1.0,0.0,140.2,141.1999999999999,618.5,726.9000000000001,-139.2,-2.4492935982947064e-16,1.0,0,DEC,0,0.0277029,0,TRUE_NEGATIVE
Gangetic West Bengal,2005,11.0,3,0.0,573.0000000000002,1354.3,1600.7,21.56153846153846,-21.56153846153846,-100.0,21.56153846153846,0,-0.6981217879172209,0,2005-11-01,351.7,221.3,226.7,799.7000000000003,1436.7,1600.7,125.0,-0.5000000000000004,0.8660254037844384,0,NOV,0,0.027687037,0,TRUE_NEGATIVE
Haryana Delhi & Chandigarh,2001,1.0,0,17.8,19.40000000000003,124.8,385.0999999999998,16.89316239316239,0.906837606837609,5.368074879838111,0.0,0,0.0583430122348711,0,2001-01-01,1.2,0.4,0.0,1.6000000000000285,253.8,384.3999999999998,1.2,0.4999999999999999,0.8660254037844387,0,JAN,0,0.027663786,0,TRUE_NEGATIVE
Gujarat Region,2007,2.0,0,0.4,0.5000000000002274,153.19999999999976,1478.4999999999995,1.170940170940171,-0.770940170940171,-65.83941605839416,0.770940170940171,0,-0.2704979742532211,0,2007-02-01,0.1,0.0,2.9,3.000000000000228,777.5999999999997,1478.0999999999997,-2.8,0.8660254037844386,0.5000000000000001,0,FEB,0,0.027646707,0,TRUE_NEGATIVE
Matathwada,2016,1.0,0,0.0,4.80000000000017,290.7999999999999,522.0000000000002,4.915384615384616,-4.915384615384616,-100.0,4.915384615384616,0,-0.4649132222062268,0,2016-01-01,0.0,4.8,19.5,24.30000000000017,318.1999999999999,532.1000000000003,-19.5,0.4999999999999999,0.8660254037844387,0,JAN,0,0.027633866,0,TRUE_NEGATIVE
Haryana Delhi & Chandigarh,2003,1.0,0,14.7,23.5,226.6,360.39999999999975,16.89316239316239,-2.1931623931623925,-12.982544902605614,2.1931623931623925,0,-0.1411010079120441,0,2003-01-01,8.8,0.0,1.9,10.7,231.3,357.2999999999998,6.9,0.4999999999999999,0.8660254037844387,0,JAN,0,0.027554372,0,TRUE_NEGATIVE
Haryana Delhi & Chandigarh,2007,12.0,3,1.4,1.8000000000000282,226.9,446.5999999999998,7.107692307692308,-5.707692307692309,-80.30303030303031,5.707692307692309,0,-0.5312285055480931,0,2007-12-01,0.3,0.1,55.2,55.60000000000003,314.2,450.3999999999998,-54.900000000000006,-2.4492935982947064e-16,1.0,0,DEC,0,0.027541846,0,TRUE_NEGATIVE
Gujarat Region,2002,10.0,3,0.6,352.80000000000024,632.7999999999997,637.1999999999996,20.91794871794872,-20.31794871794872,-97.13164991419464,20.31794871794872,0,-0.5880435705429878,0,2002-10-01,113.7,238.5,45.8,398.0000000000002,632.1999999999997,665.4999999999997,67.9,-0.8660254037844386,0.5000000000000001,0,OCT,0,0.027509272,0,TRUE_NEGATIVE
Vidarbha,2015,11.0,3,0.0,174.49999999999957,855.2000000000005,995.7,15.311111111111112,-15.311111111111112,-100.0,15.311111111111112,0,-0.6229993173150216,0,2015-11-01,7.0,167.5,288.9,463.3999999999995,868.0000000000005,1001.9,-281.9,-0.5000000000000004,0.8660254037844384,0,NOV,0,0.027470972,0,TRUE_NEGATIVE
Gangetic West Bengal,2000,10.0,3,76.2,683.0000000000002,1445.1,1584.0,116.28888888888888,-40.08888888888888,-34.47353334607299,40.08888888888888,0,-0.5208326867224076,0,2000-10-01,428.4,178.4,341.5,948.3000000000002,1422.9,1703.1,86.89999999999998,-0.8660254037844386,0.5000000000000001,0,OCT,0,0.027435813,0,TRUE_NEGATIVE
Haryana Delhi & Chandigarh,2007,2.0,0,76.0,81.70000000000003,136.6,405.0999999999997,17.14786324786325,58.85213675213675,343.20390769077403,0.0,0,3.12110785947578,0,2007-02-01,0.5,5.2,1.2,6.900000000000029,92.7,329.19999999999976,-0.7,0.8660254037844386,0.5000000000000001,0,FEB,0,0.027434822,0,TRUE_NEGATIVE
Haryana Delhi & Chandigarh,2016,12.0,3,1.0,6.200000000000029,313.8,398.6999999999999,7.107692307692308,-6.107692307692308,-85.93073593073593,6.107692307692308,0,-0.568457457419388,0,2016-12-01,0.0,5.2,14.8,20.00000000000003,348.6,397.8999999999999,-14.8,-2.4492935982947064e-16,1.0,0,DEC,0,0.027428074,0,TRUE_NEGATIVE
Gujarat Region,2014,2.0,0,0.1,5.800000000000284,346.3999999999997,1123.2999999999995,1.170940170940171,-1.070940170940171,-91.45985401459852,1.070940170940171,0,-0.3757582724382329,0,2014-02-01,5.7,0.0,0.1,5.800000000000284,557.3999999999997,1124.0999999999997,5.6000000000000005,0.8660254037844386,0.5000000000000001,0,FEB,0,0.027399871,0,TRUE_NEGATIVE
Telangana,2005,10.0,3,136.1,509.3000000000002,1044.3999999999996,1145.6,74.53931623931624,61.56068376068376,82.588205616264,0.0,0,1.0349166367852851,0,2005-10-01,246.3,126.9,400.3,773.5000000000002,932.0999999999996,1040.1,-154.0,-0.8660254037844386,0.5000000000000001,0,OCT,0,0.027338786,0,TRUE_NEGATIVE
Gujarat Region,2008,2.0,0,0.0,0.0,170.79999999999978,1178.4999999999998,1.170940170940171,-1.170940170940171,-100.0,1.170940170940171,0,-0.4108450384999035,0,2008-02-01,0.0,0.0,1.4,1.4000000000002273,516.3999999999997,1178.8999999999996,-1.4,0.8660254037844386,0.5000000000000001,0,FEB,0,0.027324658,0,TRUE_NEGATIVE
Coastal Karnataka,2010,1.0,0,14.4,182.1999999999996,1486.4000000000003,3876.0,1.918103448275862,12.481896551724136,650.7415730337078,0.0,0,2.982994068575283,0,2010-01-01,35.4,132.4,287.4,455.19999999999953,3250.900000000001,3862.0,-252.0,0.4999999999999999,0.8660254037844387,0,JAN,0,0.027316814,0,TRUE_NEGATIVE
West Uttar Pradesh,2012,10.0,3,0.5,217.39999999999984,366.7999999999997,389.49999999999983,28.37264957264957,-27.87264957264957,-98.23773948668514,27.87264957264957,0,-0.6266227067645789,0,2012-10-01,67.8,149.1,145.1,361.9999999999999,370.9999999999998,389.6999999999998,-77.3,-0.8660254037844386,0.5000000000000001,0,OCT,0,0.027266338,0,TRUE_NEGATIVE
North Interior Karnataka,2005,10.0,3,102.3,385.29999999999984,737.8999999999997,807.0,95.56239316239316,6.737606837606847,7.050479393245575,0.0,0,0.1220591283692995,0,2005-10-01,159.7,123.3,219.4,502.3999999999999,688.0999999999998,766.3,-59.70000000000002,-0.8660254037844386,0.5000000000000001,0,OCT,0,0.027232407,0,TRUE_NEGATIVE
South Interior Karnataka,2010,10.0,3,129.6,508.4,967.5,1132.4,138.47606837606838,-8.876068376068389,-6.40982119160336,8.876068376068389,0,-0.144841605205702,0,2010-10-01,150.7,228.1,235.1,613.9000000000001,909.0,1101.0,-84.4,-0.8660254037844386,0.5000000000000001,0,OCT,0,0.0272176,0,TRUE_NEGATIVE
Matathwada,2005,1.0,0,13.2,40.40000000000014,350.6999999999999,690.6000000000001,4.915384615384616,8.284615384615384,168.5446009389671,0.0,0,0.7835861350799784,0,2005-01-01,0.0,27.2,58.1,85.30000000000014,539.1999999999998,678.6000000000001,-58.1,0.4999999999999999,0.8660254037844387,0,JAN,0,0.027197722,0,TRUE_NEGATIVE
Vidarbha,2010,10.0,3,51.0,672.9999999999995,1274.2000000000005,1362.9,52.3897435897436,-1.3897435897435957,-2.652701644479259,1.3897435897435957,0,-0.0296088549414955,0,2010-10-01,238.0,384.0,454.5,1076.4999999999995,1223.5000000000005,1353.8000000000002,-216.5,-0.8660254037844386,0.5000000000000001,0,OCT,0,0.027149294,0,TRUE_NEGATIVE
Coastal Andhra Pradesh,2002,11.0,3,14.3,234.69999999999987,598.1000000000003,707.3,77.08290598290598,-62.78290598290599,-81.4485457992837,62.78290598290599,0,-0.8291163876799831,0,2002-11-01,148.7,71.7,173.5,393.8999999999999,618.8000000000003,771.0,-24.80000000000001,-0.5000000000000004,0.8660254037844384,0,NOV,0,0.027143199,0,TRUE_NEGATIVE
West Uttar Pradesh,2002,10.0,3,6.7,477.0999999999999,557.1999999999998,615.5,28.37264957264957,-21.67264957264957,-76.38570912158092,21.67264957264957,0,-0.4872365758618081,0,2002-10-01,218.1,252.3,29.6,499.9999999999999,551.1999999999998,625.0999999999999,188.5,-0.8660254037844386,0.5000000000000001,0,OCT,0,0.02712147,0,TRUE_NEGATIVE
West Madhya Pradesh,2001,10.0,3,62.2,288.59999999999974,777.8,787.2000000000002,28.069230769230767,34.13076923076923,121.59495752260894,0.0,0,1.0109573911071996,0,2001-10-01,27.5,198.9,269.2,495.5999999999997,721.6,726.2000000000003,-241.7,-0.8660254037844386,0.5000000000000001,0,OCT,0,0.027116638,0,TRUE_NEGATIVE
East Rajasthan,2002,1.0,0,1.6,7.4,150.70000000000002,552.0000000000001,6.38974358974359,-4.789743589743591,-74.95987158908508,4.789743589743591,0,-0.5860784692234214,0,2002-01-01,5.8,0.0,9.2,15.0,420.5,551.3000000000001,-3.3999999999999995,0.4999999999999999,0.8660254037844387,0,JAN,0,0.027097002,0,TRUE_NEGATIVE
Jharkhand,2007,10.0,3,39.6,717.9,1331.8000000000004,1437.1,79.92136752136751,-40.32136752136751,-50.451298284638746,40.32136752136751,0,-0.6212957585712182,0,2007-10-01,324.7,353.6,430.4,1108.6999999999998,1314.5000000000005,1422.1,-105.7,-0.8660254037844386,0.5000000000000001,0,OCT,0,0.027068915,0,TRUE_NEGATIVE
Chhattisgarh,2013,11.0,3,0.3,322.1000000000005,1341.1,1425.0,11.572649572649572,-11.272649572649572,-97.40768094534712,11.272649572649572,0,-0.5760788002470554,0,2013-11-01,180.9,140.9,336.6,658.4000000000005,1346.5,1445.1,-155.70000000000002,-0.5000000000000004,0.8660254037844384,0,NOV,0,0.02706405,0,TRUE_NEGATIVE
Bihar,2007,10.0,3,39.6,689.2000000000005,1503.3999999999994,1588.0,62.94444444444444,-23.34444444444444,-37.0873786407767,23.34444444444444,0,-0.4108937040950561,0,2007-10-01,309.0,340.6,549.4,1199.0000000000005,1484.0999999999997,1566.0,-240.4,-0.8660254037844386,0.5000000000000001,0,OCT,0,0.027051024,0,TRUE_NEGATIVE
Gujarat Region,2005,3.0,1,0.0,0.0,22.19999999999977,1005.7999999999996,1.205128205128205,-1.205128205128205,-100.0,1.205128205128205,0,-0.2540128801891217,0,2005-03-01,0.0,0.0,0.0,0.0,73.99999999999977,1005.7999999999996,0.0,1.0,6.123233995736766e-17,0,MAR,0,0.026998287,0,TRUE_NEGATIVE
West Uttar Pradesh,2005,2.0,0,17.9,28.19999999999989,173.39999999999984,649.0999999999998,17.614529914529914,0.2854700854700844,1.620651171818132,0.0,0,0.0143351941111154,0,2005-02-01,10.1,0.2,0.7,10.999999999999886,405.99999999999983,631.8999999999999,9.4,0.8660254037844386,0.5000000000000001,0,FEB,0,0.02693076,0,TRUE_NEGATIVE
Coastal Karnataka,2012,1.0,0,41.8,91.69999999999952,1677.000000000001,3903.8,1.918103448275862,-4.195726495726496,-19.872588582524354,4.195726495726496,1,-0.2738959148355693,0,2012-01-01,10.2,81.5,178.8,270.49999999999955,2757.5000000000005,3908.6,-168.60000000000002,0.4999999999999999,0.8660254037844387,0,JAN,0,0.026924338,0,TRUE_NEGATIVE
Matathwada,2004,1.0,0,1.2,6.900000000000114,308.5999999999999,719.1000000000001,4.915384615384616,-3.715384615384616,-75.5868544600939,3.715384615384616,0,-0.3514132806347536,0,2004-01-01,0.8,4.9,22.1,27.800000000000114,563.3,720.0000000000001,-21.3,0.4999999999999999,0.8660254037844387,0,JAN,0,0.02689663,0,TRUE_NEGATIVE
Coastal Andhra Pradesh,2004,12.0,3,0.2,157.4999999999999,576.3000000000004,873.8000000000001,11.550427350427348,-11.35042735042735,-98.26846233535592,11.35042735042735,0,-0.478434865543383,0,2004-12-01,9.4,147.9,101.7,258.9999999999999,728.9000000000003,974.7,-92.3,-2.4492935982947064e-16,1.0,0,DEC,0,0.026896106,0,TRUE_NEGATIVE
Gujarat Region,2010,1.0,0,0.2,8.300000000000226,234.09999999999977,641.6999999999997,1.7555555555555555,-1.5555555555555556,-88.60759493670886,1.5555555555555556,0,-0.329073512297646,0,2010-01-01,0.0,8.1,27.4,35.50000000000023,624.1999999999998,641.4999999999997,-27.4,0.4999999999999999,0.8660254037844387,0,JAN,0,0.02686346,0,TRUE_NEGATIVE
Vidarbha,2007,11.0,3,2.5,271.5999999999996,1159.8000000000002,1167.0000000000002,15.311111111111112,-12.811111111111112,-83.67198838896952,12.811111111111112,0,-0.5212759164471842,0,2007-11-01,27.3,241.8,282.4,551.4999999999995,1158.5000000000002,1175.6,-255.1,-0.5000000000000004,0.8660254037844384,0,NOV,0,0.026856685,0,TRUE_NEGATIVE
Gangetic West Bengal,2016,10.0,3,69.8,720.2000000000003,1339.5,1416.4,116.28888888888888,-46.48888888888888,-39.97706860309573,46.48888888888888,0,-0.6039811422523707,0,2016-10-01,233.7,416.7,334.7,985.1000000000004,1275.5,1379.3,-101.0,-0.8660254037844386,0.5000000000000001,0,OCT,0,0.026843254,0,TRUE_NEGATIVE
Vidarbha,2000,10.0,3,11.0,351.1999999999996,1088.0000000000002,1104.7000000000005,52.3897435897436,-41.3897435897436,-79.00352388410337,41.3897435897436,0,-0.8818194399734637,0,2000-10-01,54.0,286.2,472.1,812.2999999999995,1077.1,1199.2000000000005,-418.1,-0.8660254037844386,0.5000000000000001,0,OCT,0,0.026835188,0,TRUE_NEGATIVE
Chhattisgarh,2016,10.0,3,79.8,732.5000000000005,1277.2999999999995,1318.0,63.78034188034188,16.019658119658118,25.116921056510726,0.0,0,0.32649537055346,0,2016-10-01,295.6,357.1,361.0,1013.7000000000004,1201.9,1255.9,-65.39999999999998,-0.8660254037844386,0.5000000000000001,0,OCT,0,0.026828142,0,TRUE_NEGATIVE
Orissa,2009,10.0,3,105.8,555.1999999999995,1296.7,1305.6,113.82649572649574,-8.026495726495739,-7.0515179047433225,8.026495726495739,0,-0.1063720241400855,0,2009-10-01,162.5,286.9,586.0,1035.3999999999996,1192.0,1221.9,-423.5,-0.8660254037844386,0.5000000000000001,0,OCT,0,0.026819,0,TRUE_NEGATIVE
Telangana,2008,11.0,3,7.5,178.40000000000003,886.4999999999995,1034.5,19.92478632478632,-12.424786324786322,-62.35844200411804,12.424786324786322,0,-0.4745432015290204,0,2008-11-01,24.2,146.7,391.8,562.7000000000002,883.8999999999996,1040.0,-367.6,-0.5000000000000004,0.8660254037844384,0,NOV,0,0.026764909,0,TRUE_NEGATIVE
West Uttar Pradesh,2001,10.0,3,16.3,165.09999999999988,641.0999999999998,660.4999999999999,28.37264957264957,-12.07264957264957,-42.55030726593565,12.07264957264957,0,-0.2714128893026793,0,2001-10-01,26.7,122.1,282.0,430.7999999999999,636.7999999999998,644.1999999999998,-255.3,-0.8660254037844386,0.5000000000000001,0,OCT,0,0.026760438,0,TRUE_NEGATIVE
Coastal Andhra Pradesh,2014,12.0,3,6.4,225.7,699.8000000000004,875.1,11.550427350427348,-5.150427350427348,-44.59079473138966,5.150427350427348,0,-0.2170970255846705,0,2014-12-01,23.7,195.6,144.5,363.8,739.1000000000004,871.5,-120.8,-2.4492935982947064e-16,1.0,0,DEC,0,0.0267381,0,TRUE_NEGATIVE
Gujarat Region,2013,1.0,0,0.0,0.0,501.1999999999998,713.7999999999997,1.7555555555555555,-1.7555555555555555,-100.0,1.7555555555555555,0,-0.3713829638787719,0,2013-01-01,0.0,0.0,7.1,7.100000000000227,679.3999999999999,713.8999999999997,-7.1,0.4999999999999999,0.8660254037844387,0,JAN,0,0.026727537,0,TRUE_NEGATIVE
Gujarat Region,2010,3.0,1,0.0,0.2000000000002273,35.69999999999977,641.3999999999997,1.205128205128205,-1.205128205128205,-100.0,1.205128205128205,0,-0.2540128801891217,0,2010-03-01,0.0,0.2,0.0,0.2000000000002273,90.59999999999977,641.6999999999997,0.0,1.0,6.123233995736766e-17,0,MAR,0,0.026721595,0,TRUE_NEGATIVE
Coastal Andhra Pradesh,2013,1.0,0,2.0,291.7,899.4000000000003,1282.6999999999998,7.377777777777778,-5.377777777777778,-72.89156626506025,5.377777777777778,0,-0.4695373546408333,0,2013-01-01,0.0,289.7,140.0,429.7,1119.3000000000002,1318.3000000000002,-140.0,0.4999999999999999,0.8660254037844387,0,JAN,0,0.026705582,0,TRUE_NEGATIVE
Matathwada,2013,2.0,0,9.4,10.900000000000142,199.99999999999991,537.6000000000001,4.394017094017094,5.005982905982906,113.92725150748882,0.0,0,0.5779432784165993,0,2013-02-01,1.5,0.0,0.3,1.8000000000001422,291.99999999999994,528.2000000000002,1.2,0.8660254037844386,0.5000000000000001,0,FEB,0,0.026677037,0,TRUE_NEGATIVE
West Madhya Pradesh,2002,10.0,3,5.9,464.5999999999997,654.3000000000001,677.6000000000003,28.069230769230767,-22.169230769230765,-78.9805426144149,22.169230769230765,0,-0.6566552177532001,0,2002-10-01,141.0,317.7,46.9,505.5999999999997,650.1000000000001,733.9000000000003,94.1,-0.8660254037844386,0.5000000000000001,0,OCT,0,0.026601871,0,TRUE_NEGATIVE
Rayalseema,2004,1.0,0,10.2,31.50000000000037,448.3,735.6,9.8,0.4000000000000003,4.081632653061228,0.0,0,0.02109144945728,0,2004-01-01,9.6,11.7,175.5,196.8000000000004,621.5,725.4,-165.9,0.4999999999999999,0.8660254037844387,0,JAN,0,0.02658493,0,TRUE_NEGATIVE
West Rajasthan,2001,2.0,0,1.1,1.5999999999999717,8.900000000000228,236.00000000000009,4.862393162393162,-3.762393162393162,-77.37739497275443,3.762393162393162,0,-0.4818369558662724,0,2001-02-01,0.5,0.0,0.5,0.9999999999999716,47.40000000000023,235.4000000000001,0.0,0.8660254037844386,0.5000000000000001,0,FEB,0,0.026566267,0,TRUE_NEGATIVE
Coastal Andhra Pradesh,2006,10.0,3,185.4,689.1999999999999,1015.6000000000004,1164.7,183.9017094017094,1.4982905982905947,0.8147235842260572,0.0,0,0.014899760329504,0,2006-10-01,224.1,279.7,126.8,630.5999999999999,888.2000000000004,1277.3,97.3,-0.8660254037844386,0.5000000000000001,0,OCT,0,0.026529873,0,TRUE_NEGATIVE
Vidarbha,2005,1.0,0,74.9,81.99999999999955,419.10000000000025,796.5,10.390598290598293,64.50940170940171,620.843958213375,0.0,0,4.29125383203942,0,2005-01-01,0.2,6.9,27.7,34.79999999999954,561.9000000000003,731.9000000000001,-27.5,0.4999999999999999,0.8660254037844387,0,JAN,0,0.026519332,0,TRUE_NEGATIVE
West Uttar Pradesh,2013,2.0,0,69.5,91.89999999999988,160.29999999999978,464.8999999999998,17.614529914529914,51.88547008547009,294.5606288514727,0.0,0,2.6054859093095164,0,2013-02-01,20.4,2.0,0.1,22.499999999999886,239.89999999999972,395.49999999999983,20.3,0.8660254037844386,0.5000000000000001,0,FEB,0,0.026471186,0,TRUE_NEGATIVE
Madhya Maharashtra,2010,1.0,0,2.9,128.5,535.4999999999998,944.8,3.0025641025641026,-0.1025641025641026,-3.415883859948764,0.1025641025641026,0,-0.015490996655223,0,2010-01-01,4.3,121.3,96.2,221.8,862.3999999999997,941.9,-91.9,0.4999999999999999,0.8660254037844387,0,JAN,0,0.026464626,0,TRUE_NEGATIVE
Rayalseema,2016,2.0,0,0.0,60.100000000000456,686.9,1053.1,5.582905982905984,-5.582905982905984,-100.0,5.582905982905984,0,-0.4823320431067022,0,2016-02-01,7.9,52.2,383.8,443.9000000000005,810.5,1053.1,-375.9,0.8660254037844386,0.5000000000000001,0,FEB,0,0.026457371,0,TRUE_NEGATIVE
East Rajasthan,2001,2.0,0,0.1,1.100000000000057,30.2,440.20000000000016,5.328205128205128,-5.228205128205128,-98.12319538017324,5.228205128205128,0,-0.7030377546880169,0,2001-02-01,0.9,0.1,0.0,1.0000000000000568,125.6,440.7000000000002,0.9,0.8660254037844386,0.5000000000000001,0,FEB,0,0.026423607,0,TRUE_NEGATIVE
West Madhya Pradesh,2007,10.0,3,0.0,358.8999999999997,779.0000000000002,807.0000000000002,28.069230769230767,-28.069230769230767,-100.0,28.069230769230767,0,-0.8314139103335974,0,2007-10-01,138.3,220.6,305.6,664.4999999999998,779.6000000000003,820.7000000000003,-167.3,-0.8660254037844386,0.5000000000000001,0,OCT,0,0.026418392,0,TRUE_NEGATIVE
East Rajasthan,2001,1.0,0,0.9,1.0000000000000568,125.6,440.7000000000002,6.38974358974359,-5.48974358974359,-85.91492776886035,5.48974358974359,0,-0.6717312647790926,0,2001-01-01,0.1,0.0,0.4,0.5000000000000568,395.3,440.10000000000014,-0.3,0.4999999999999999,0.8660254037844387,0,JAN,0,0.02639819,0,TRUE_NEGATIVE
East Madhya Pradesh,2012,10.0,3,12.7,536.9999999999994,1004.9000000000004,1046.7000000000005,39.41623931623931,-26.71623931623932,-67.77977752238871,26.71623931623932,0,-0.6464104314717258,0,2012-10-01,172.6,351.7,398.9,923.1999999999996,993.3000000000006,1035.1,-226.3,-0.8660254037844386,0.5000000000000001,0,OCT,0,0.026373431,0,TRUE_NEGATIVE
East Uttar Pradesh,2001,10.0,3,75.3,413.3000000000002,963.0,989.3000000000002,42.43418803418803,32.865811965811965,77.4512568482114,0.0,0,0.6573233302323325,0,2001-10-01,152.1,185.9,294.0,632.0000000000002,891.9,915.3000000000002,-141.9,-0.8660254037844386,0.5000000000000001,0,OCT,0,0.026357524,0,TRUE_NEGATIVE
East Rajasthan,2014,1.0,0,28.4,30.0,427.1,863.0000000000001,6.38974358974359,22.01025641025641,344.46227929374,0.0,0,2.693199989193709,0,2014-01-01,0.3,1.3,30.6,32.2,717.6999999999999,836.0000000000002,-30.3,0.4999999999999999,0.8660254037844387,0,JAN,0,0.02629696,0,TRUE_NEGATIVE
Chhattisgarh,2007,10.0,3,67.8,665.7000000000005,1245.3999999999996,1294.5,63.78034188034188,4.019658119658118,6.302346461546706,0.0,0,0.0819243305614321,0,2007-10-01,259.1,338.8,309.9,907.8000000000004,1188.9999999999998,1240.0,-50.79999999999996,-0.8660254037844386,0.5000000000000001,0,OCT,0,0.026264202,0,TRUE_NEGATIVE
East Madhya Pradesh,2009,10.0,3,68.9,468.8999999999994,825.5000000000007,849.2000000000003,39.41623931623931,29.483760683760693,74.80104950452113,0.0,0,0.7133717526408812,0,2009-10-01,208.7,191.3,317.6,717.5999999999995,759.3000000000006,795.8000000000002,-108.90000000000003,-0.8660254037844386,0.5000000000000001,0,OCT,0,0.026185526,0,TRUE_NEGATIVE
Gujarat Region,2013,2.0,0,0.9,0.9000000000002274,271.79999999999984,714.6999999999997,1.170940170940171,-0.270940170940171,-23.138686131386866,0.270940170940171,0,-0.0950641439448681,0,2013-02-01,0.0,0.0,0.0,0.0,501.1999999999998,713.7999999999997,0.0,0.8660254037844386,0.5000000000000001,0,FEB,0,0.026176201,0,TRUE_NEGATIVE
Orissa,2008,10.0,3,22.1,765.3999999999995,1452.7,1550.3,113.82649572649574,-91.72649572649571,-80.58448530902483,91.72649572649571,0,-1.2156155500707015,0,2008-10-01,355.0,388.3,306.4,1049.6999999999994,1458.8,1594.6,48.60000000000002,-0.8660254037844386,0.5000000000000001,0,OCT,0,0.026160775,0,TRUE_NEGATIVE
East Rajasthan,2005,2.0,0,3.6,4.1,56.7,607.7000000000003,5.328205128205128,-1.7282051282051278,-32.43503368623676,1.7282051282051278,0,-0.2323920778125175,0,2005-02-01,0.4,0.1,0.4,0.9,434.0,604.1000000000003,0.0,0.8660254037844386,0.5000000000000001,0,FEB,0,0.026158378,0,TRUE_NEGATIVE
Orissa,2016,11.0,3,10.4,370.0999999999996,1135.4,1268.6,27.82905982905983,-17.42905982905983,-62.62899262899263,17.42905982905983,0,-0.4741556191165005,0,2016-11-01,93.5,266.2,320.8,680.4999999999995,1199.9,1264.4,-227.3,-0.5000000000000004,0.8660254037844384,0,NOV,0,0.026146973,0,TRUE_NEGATIVE
Haryana Delhi & Chandigarh,2000,2.0,0,29.1,46.600000000000016,106.1,358.2999999999998,17.14786324786325,11.952136752136752,69.70044360265165,0.0,0,0.6338581742874263,0,2000-02-01,17.1,0.4,0.0,17.500000000000014,155.70000000000002,329.8999999999998,17.1,0.8660254037844386,0.5000000000000001,0,FEB,0,0.026145678,0,TRUE_NEGATIVE
Matathwada,2011,10.0,3,24.8,343.3000000000001,655.6999999999998,700.5000000000001,59.29829059829059,-34.498290598290595,-58.1775465198403,34.498290598290595,0,-0.6960765601916851,0,2011-10-01,90.0,228.5,230.1,548.6000000000001,634.4,733.4000000000001,-140.1,-0.8660254037844386,0.5000000000000001,0,OCT,0,0.026140222,0,TRUE_NEGATIVE
West Uttar Pradesh,2011,12.0,3,1.5,2.6999999999998865,552.5999999999998,777.2999999999998,7.006837606837607,-5.506837606837607,-78.59233959502318,5.506837606837607,0,-0.5646670363135178,0,2011-12-01,0.5,0.7,101.7,102.89999999999988,726.9999999999998,779.8999999999999,-101.2,-2.4492935982947064e-16,1.0,0,DEC,0,0.026135555,0,TRUE_NEGATIVE
Coastal Andhra Pradesh,2007,10.0,3,167.7,619.2,1073.3000000000004,1142.3,183.9017094017094,-16.201709401709422,-8.809983036274497,16.201709401709422,0,-0.1611180016007302,0,2007-10-01,287.1,164.4,141.0,592.5,914.1000000000004,1160.0,146.10000000000002,-0.8660254037844386,0.5000000000000001,0,OCT,0,0.02612606,0,TRUE_NEGATIVE
Rayalseema,2005,12.0,3,81.7,531.3000000000004,898.6999999999999,1066.4,34.202564102564104,47.4974358974359,138.87097983357074,0.0,0,1.2673541145172924,0,2005-12-01,144.8,304.8,127.6,577.2000000000004,868.1999999999999,984.7,17.200000000000017,-2.4492935982947064e-16,1.0,0,DEC,0,0.02608828,0,TRUE_NEGATIVE
Konkan & Goa,2015,12.0,3,0.0,118.70000000000046,1263.400000000001,2081.8,4.653846153846154,-4.653846153846154,-100.0,4.653846153846154,0,-0.3278917703611876,0,2015-12-01,27.3,91.4,240.9,359.6000000000005,2027.400000000001,2093.499999999999,-213.6,-2.4492935982947064e-16,1.0,0,DEC,0,0.026052916,0,TRUE_NEGATIVE
Gujarat Region,2006,10.0,3,9.2,774.6000000000001,1474.2999999999995,1475.0999999999997,20.91794871794872,-11.71794871794872,-56.01863201765139,11.71794871794872,0,-0.3391417361662613,0,2006-10-01,140.6,624.8,576.0,1341.4,1465.0999999999997,1467.2999999999995,-435.4,-0.8660254037844386,0.5000000000000001,0,OCT,0,0.02603533,0,TRUE_NEGATIVE
Madhya Maharashtra,2013,10.0,3,57.8,415.1,945.2999999999998,959.4000000000002,70.49230769230769,-12.692307692307692,-18.005237887385423,12.692307692307692,0,-0.2684524183407197,0,2013-10-01,210.3,147.0,311.8,669.1,893.1999999999998,996.8000000000002,-101.5,-0.8660254037844386,0.5000000000000001,0,OCT,0,0.02599134,0,TRUE_NEGATIVE
Sub Himalayan West Bengal & Sikkim,2008,12.0,3,9.5,124.30000000000138,1715.000000000001,2689.8,5.967521367521368,3.5324786324786324,59.19507304497278,0.0,0,0.3714742641812321,0,2008-12-01,16.9,97.9,296.7,411.50000000000136,2232.000000000001,2682.3,-279.8,-2.4492935982947064e-16,1.0,0,DEC,0,0.025985558,0,TRUE_NEGATIVE
West Uttar Pradesh,2003,10.0,3,0.7,571.4999999999999,967.1,1043.9,28.37264957264957,-27.67264957264957,-97.5328352813592,27.67264957264957,0,-0.6221263799612636,0,2003-10-01,356.6,214.2,315.6,886.3999999999999,970.8,1049.9,41.0,-0.8660254037844386,0.5000000000000001,0,OCT,0,0.025908178,0,TRUE_NEGATIVE
Madhya Maharashtra,2009,10.0,3,96.2,407.0,813.3999999999997,820.9000000000001,70.49230769230769,25.707692307692312,36.4687909209952,0.0,0,0.543738170966476,0,2009-10-01,162.6,148.2,329.8,640.6,717.5999999999998,781.3000000000001,-167.20000000000002,-0.8660254037844386,0.5000000000000001,0,OCT,0,0.025902601,0,TRUE_NEGATIVE
West Uttar Pradesh,2010,10.0,3,4.7,482.3999999999999,786.1999999999998,820.3999999999999,28.37264957264957,-23.67264957264957,-83.43475117484034,23.67264957264957,0,-0.53219984389496,0,2010-10-01,263.9,213.8,282.0,759.6999999999998,781.8999999999997,874.9999999999999,-18.100000000000023,-0.8660254037844386,0.5000000000000001,0,OCT,0,0.025882473,0,TRUE_NEGATIVE
Matathwada,2006,11.0,3,4.6,261.7000000000001,813.8999999999999,872.9000000000001,22.07350427350428,-17.473504273504275,-79.16053589406026,17.473504273504275,0,-0.5068586872806295,0,2006-11-01,47.7,209.4,301.3,558.4000000000001,835.9999999999999,868.3000000000001,-253.6,-0.5000000000000004,0.8660254037844384,0,NOV,0,0.025876505,0,TRUE_NEGATIVE
Gangetic West Bengal,2009,10.0,3,77.3,704.6000000000003,1280.9,1305.4,116.28888888888888,-38.98888888888888,-33.527613223772214,38.98888888888888,0,-0.5065415459281952,0,2009-10-01,294.6,332.7,277.6,904.9000000000004,1206.2,1300.4,17.0,-0.8660254037844386,0.5000000000000001,0,OCT,0,0.025835736,0,TRUE_NEGATIVE
West Uttar Pradesh,2016,10.0,3,9.6,237.2,677.9999999999998,697.9999999999999,28.37264957264957,-18.77264957264957,-66.16459814435474,18.77264957264957,0,-0.4220398372137379,0,2016-10-01,44.7,182.9,352.5,580.0999999999999,668.8999999999997,695.2999999999998,-307.8,-0.8660254037844386,0.5000000000000001,0,OCT,0,0.02579295,0,TRUE_NEGATIVE
Madhya Maharashtra,2012,10.0,3,95.2,412.5,684.7999999999998,687.8000000000002,70.49230769230769,24.707692307692312,35.05019642077696,0.0,0,0.5225873743699345,0,2012-10-01,129.5,187.8,203.0,520.3,592.5999999999998,655.4000000000001,-73.5,-0.8660254037844386,0.5000000000000001,0,OCT,0,0.025773779,0,TRUE_NEGATIVE
Chhattisgarh,2012,10.0,3,19.8,707.3000000000004,1294.6,1354.8,63.78034188034188,-43.98034188034188,-68.95595191830938,43.98034188034188,0,-0.8963598294066795,0,2012-10-01,245.3,442.2,430.6,1118.1000000000004,1289.6999999999998,1350.5,-185.3,-0.8660254037844386,0.5000000000000001,0,OCT,0,0.025747854,0,TRUE_NEGATIVE
Haryana Delhi & Chandigarh,2000,11.0,3,0.4,17.900000000000027,311.5,383.5999999999998,3.223931623931624,-2.823931623931624,-87.59278897136798,2.823931623931624,0,-0.3853488188243013,0,2000-11-01,0.0,17.5,87.9,105.40000000000003,333.90000000000003,383.1999999999998,-87.9,-0.5000000000000004,0.8660254037844384,0,NOV,0,0.025745923,0,TRUE_NEGATIVE
Orissa,2015,10.0,3,24.7,525.6999999999996,1091.7,1191.3,113.82649572649574,-89.12649572649573,-78.30030711008658,89.12649572649573,0,-1.1811587619294877,0,2015-10-01,237.0,264.0,294.8,795.7999999999996,1134.6,1278.4,-57.80000000000001,-0.8660254037844386,0.5000000000000001,0,OCT,0,0.02572237,0,TRUE_NEGATIVE
Gujarat Region,2000,10.0,3,0.2,146.70000000000022,546.7999999999998,546.8999999999997,20.91794871794872,-20.71794871794872,-99.04388330473157,20.71794871794872,0,-0.5996204000488822,0,2000-10-01,13.5,133.0,301.1,447.60000000000025,546.5999999999998,616.1999999999998,-287.6,-0.8660254037844386,0.5000000000000001,0,OCT,0,0.025716813,0,TRUE_NEGATIVE
East Rajasthan,2000,1.0,0,0.3,0.4000000000000568,151.89999999999998,407.20000000000016,6.38974358974359,-6.08974358974359,-95.30497592295345,6.08974358974359,0,-0.7451479466839538,0,2000-01-01,0.1,0.0,15.5,15.600000000000056,342.1,408.50000000000017,-15.4,0.4999999999999999,0.8660254037844387,0,JAN,0,0.02570334,0,TRUE_NEGATIVE
Uttarakhand,2002,10.0,3,19.9,786.5999999999998,1214.1999999999991,1584.0,38.53846153846154,-18.63846153846154,-48.36327345309382,18.63846153846154,0,-0.3248536475094951,0,2002-10-01,301.3,465.4,205.7,972.4,1270.5999999999992,1570.4,95.60000000000002,-0.8660254037844386,0.5000000000000001,0,OCT,0,0.025702886,0,TRUE_NEGATIVE
Gujarat Region,2017,1.0,0,0.0,0.0,476.0999999999997,764.6999999999996,1.7555555555555555,-1.7555555555555555,-100.0,1.7555555555555555,0,-0.3713829638787719,0,2017-01-01,0.0,0.0,66.9,66.90000000000029,731.8999999999999,764.6999999999996,-66.9,0.4999999999999999,0.8660254037844387,0,JAN,0,0.02566899,0,TRUE_NEGATIVE
Matathwada,2006,10.0,3,47.7,558.4000000000001,835.9999999999999,868.3000000000001,59.29829059829059,-11.598290598290587,-19.55923262082185,11.598290598290587,0,-0.2340202393727215,0,2006-10-01,209.4,301.3,116.2,626.9000000000001,789.8999999999999,921.1,93.2,-0.8660254037844386,0.5000000000000001,0,OCT,0,0.025642611,0,TRUE_NEGATIVE
Vidarbha,2011,11.0,3,0.0,195.6999999999996,883.5000000000005,896.3000000000002,15.311111111111112,-15.311111111111112,-100.0,15.311111111111112,0,-0.6229993173150216,0,2011-11-01,4.7,191.0,302.8,498.4999999999996,884.1000000000004,933.3000000000002,-298.1,-0.5000000000000004,0.8660254037844384,0,NOV,0,0.025635239,0,TRUE_NEGATIVE
Telangana,2010,10.0,3,98.7,656.6000000000001,1203.9999999999998,1257.5,74.53931623931624,24.160683760683767,32.41334235360219,0.0,0,0.4061730970572634,0,2010-10-01,249.8,308.1,395.5,953.4,1110.8999999999996,1228.3000000000002,-145.7,-0.8660254037844386,0.5000000000000001,0,OCT,0,0.025635166,0,TRUE_NEGATIVE
Telangana,2014,11.0,3,10.8,187.2,600.6999999999996,748.4,19.92478632478632,-9.12478632478632,-45.79615648592998,9.12478632478632,0,-0.3485054151147982,0,2014-11-01,29.6,146.8,205.2,381.6,663.1999999999997,754.0,-175.6,-0.5000000000000004,0.8660254037844384,0,NOV,0,0.02561047,0,TRUE_NEGATIVE
West Uttar Pradesh,2016,1.0,0,2.1,7.099999999999914,183.99999999999977,553.2999999999998,17.57008547008547,-15.47008547008547,-88.0478669066498,15.47008547008547,0,-0.9837121821910008,0,2016-01-01,3.0,2.0,6.9,11.899999999999917,376.0999999999998,582.7999999999998,-3.9,0.4999999999999999,0.8660254037844387,0,JAN,0,0.025605358,0,TRUE_NEGATIVE
Haryana Delhi & Chandigarh,2008,2.0,0,0.4,4.200000000000029,59.8,372.8999999999998,17.14786324786325,-16.74786324786325,-97.66734785425908,16.74786324786325,0,-0.8881901405293278,0,2008-02-01,2.4,1.4,0.3,4.100000000000028,147.3,448.4999999999998,2.1,0.8660254037844386,0.5000000000000001,0,FEB,0,0.025594274,0,TRUE_NEGATIVE
East Uttar Pradesh,2008,12.0,3,0.0,10.900000000000228,704.8000000000001,953.3000000000002,5.677777777777777,-5.677777777777777,-100.0,5.677777777777777,0,-0.6724692464062567,0,2008-12-01,0.6,10.3,112.7,123.60000000000024,928.5,954.4000000000002,-112.1,-2.4492935982947064e-16,1.0,0,DEC,0,0.025583865,0,TRUE_NEGATIVE
Matathwada,2003,10.0,3,22.1,301.7000000000001,703.6999999999998,719.1000000000001,59.29829059829059,-37.19829059829059,-62.73079750356736,37.19829059829059,0,-0.7505548163581129,0,2003-10-01,95.7,183.9,255.9,535.5000000000001,686.4999999999999,743.4000000000001,-160.2,-0.8660254037844386,0.5000000000000001,0,OCT,0,0.025568623,0,TRUE_NEGATIVE
Haryana Delhi & Chandigarh,2015,12.0,3,0.2,6.200000000000029,257.8,435.49999999999983,7.107692307692308,-6.907692307692308,-97.18614718614718,6.907692307692308,0,-0.6429153611619778,0,2015-12-01,2.3,3.7,32.1,38.10000000000003,301.3,444.8999999999999,-29.8,-2.4492935982947064e-16,1.0,0,DEC,0,0.025546232,0,TRUE_NEGATIVE
Matathwada,2004,10.0,3,58.1,310.3000000000001,642.3999999999999,657.1,59.29829059829059,-1.1982905982905905,-2.020784387206491,1.1982905982905905,0,-0.0241780674724063,0,2004-10-01,177.2,75.0,201.7,453.9000000000001,586.1999999999998,621.1000000000001,-24.5,-0.8660254037844386,0.5000000000000001,0,OCT,0,0.02550174,0,TRUE_NEGATIVE
West Uttar Pradesh,2007,10.0,3,1.8,210.9999999999999,465.49999999999983,572.7999999999998,28.37264957264957,-26.57264957264957,-93.65586215206652,26.57264957264957,0,-0.5973965825430301,0,2007-10-01,57.0,152.2,155.1,364.29999999999984,464.5999999999998,587.6999999999998,-98.1,-0.8660254037844386,0.5000000000000001,0,OCT,0,0.02548513,0,TRUE_NEGATIVE
Madhya Maharashtra,2007,10.0,3,3.4,466.8,1032.6999999999998,1062.0,70.49230769230769,-67.09230769230768,-95.17677869925797,67.09230769230768,0,-1.41905575319258,0,2007-10-01,189.2,274.2,293.5,756.9,1031.3999999999996,1118.7,-104.3,-0.8660254037844386,0.5000000000000001,0,OCT,0,0.02546868,0,TRUE_NEGATIVE
Uttarakhand,2001,10.0,3,6.3,446.29999999999984,1345.6999999999991,1535.6,38.53846153846154,-32.23846153846154,-83.65269461077845,32.23846153846154,0,-0.5618908942271127,0,2001-10-01,68.3,371.7,493.0,933.0,1387.5999999999992,1530.4,-424.7,-0.8660254037844386,0.5000000000000001,0,OCT,0,0.02543535,0,TRUE_NEGATIVE
Telangana,2009,10.0,3,69.5,411.5000000000001,628.7999999999996,643.6999999999999,74.53931623931624,-5.039316239316236,-6.760615060026827,5.039316239316236,0,-0.0847175810191602,0,2009-10-01,149.7,192.3,118.4,460.4000000000001,563.7999999999996,598.4,31.299999999999983,-0.8660254037844386,0.5000000000000001,0,OCT,0,0.025430026,0,TRUE_NEGATIVE
Jharkhand,2004,10.0,3,128.1,666.6,1082.8000000000002,1148.7,79.92136752136751,48.17863247863248,60.28254267014588,0.0,0,0.742365198721829,0,2004-10-01,211.5,327.0,200.7,739.1999999999999,995.7000000000004,1276.1,10.800000000000011,-0.8660254037844386,0.5000000000000001,0,OCT,0,0.025401821,0,TRUE_NEGATIVE
Haryana Delhi & Chandigarh,2015,2.0,0,6.6,28.60000000000003,106.6,294.1999999999998,17.14786324786325,-10.54786324786325,-61.511239595274894,10.54786324786325,0,-0.5593852780950463,0,2015-02-01,12.4,9.6,0.2,22.200000000000028,134.79999999999998,304.8999999999998,12.2,0.8660254037844386,0.5000000000000001,0,FEB,0,0.025400981,0,TRUE_NEGATIVE
Bihar,2012,10.0,3,34.3,508.5000000000004,977.4999999999995,1028.9,62.94444444444444,-28.64444444444445,-45.507502206531335,28.64444444444445,0,-0.5041808515740385,0,2012-10-01,233.8,240.4,354.0,828.2000000000004,963.5999999999996,1004.6,-120.2,-0.8660254037844386,0.5000000000000001,0,OCT,0,0.02539061,0,TRUE_NEGATIVE
Coastal Karnataka,2014,1.0,0,0.0,66.89999999999978,1391.3000000000006,4227.1,1.918103448275862,-1.918103448275862,-100.0,1.918103448275862,0,-0.4583991852047797,0,2014-01-01,10.0,56.9,265.1,331.9999999999998,2906.6000000000004,4229.5,-255.1,0.4999999999999999,0.8660254037844387,0,JAN,0,0.025336992,0,TRUE_NEGATIVE
East Rajasthan,2008,1.0,0,0.1,0.6,254.6,575.0000000000002,6.38974358974359,-6.289743589743591,-98.43499197431782,6.289743589743591,0,-0.7696201739855743,0,2008-01-01,0.5,0.0,0.0,0.5,477.5,575.6000000000003,0.5,0.4999999999999999,0.8660254037844387,0,JAN,0,0.025263628,0,TRUE_NEGATIVE
East Rajasthan,2013,2.0,0,21.7,23.2,155.0,714.8000000000003,5.328205128205128,16.371794871794872,307.26660250240616,0.0,0,2.201518422600779,0,2013-02-01,1.4,0.1,0.0,1.5,498.3,693.1000000000004,1.4,0.8660254037844386,0.5000000000000001,0,FEB,0,0.025226954,0,TRUE_NEGATIVE
East Madhya Pradesh,2005,11.0,3,0.0,225.99999999999943,1243.7000000000007,1362.0000000000005,12.494017094017094,-12.494017094017094,-100.0,12.494017094017094,0,-0.5383956032990505,0,2005-11-01,27.6,198.4,256.6,482.59999999999945,1285.4000000000008,1366.1000000000004,-229.00000000000003,-0.5000000000000004,0.8660254037844384,0,NOV,0,0.025210327,0,TRUE_NEGATIVE
East Madhya Pradesh,2016,10.0,3,29.0,630.8999999999994,1300.000000000001,1342.1000000000004,39.41623931623931,-10.416239316239311,-26.42626363380098,10.416239316239311,0,-0.2520252072540124,0,2016-10-01,139.6,462.3,552.2,1154.0999999999997,1271.1000000000008,1351.3000000000004,-412.6,-0.8660254037844386,0.5000000000000001,0,OCT,0,0.0251935,0,TRUE_NEGATIVE
Matathwada,2013,1.0,0,1.5,1.8000000000001422,291.99999999999994,528.2000000000002,4.915384615384616,-3.415384615384616,-69.48356807511738,3.415384615384616,0,-0.3230382952418853,0,2013-01-01,0.0,0.3,68.8,69.10000000000014,451.5999999999999,526.7000000000002,-68.8,0.4999999999999999,0.8660254037844387,0,JAN,0,0.025187006,0,TRUE_NEGATIVE
North Interior Karnataka,2012,11.0,3,46.5,210.89999999999992,490.8999999999999,580.9,28.77692307692308,17.723076923076924,61.58781074578991,0.0,0,0.5122707299645862,0,2012-11-01,85.2,79.2,105.5,269.8999999999999,463.8999999999999,540.1,-20.3,-0.5000000000000004,0.8660254037844384,0,NOV,0,0.025141148,0,TRUE_NEGATIVE
Matathwada,2002,1.0,0,5.5,6.3000000000001135,516.0999999999999,733.1000000000001,4.915384615384616,0.5846153846153843,11.893583724569632,0.0,0,0.055294843329692,0,2002-01-01,0.0,0.8,170.5,171.30000000000013,567.3,732.4000000000002,-170.5,0.4999999999999999,0.8660254037844387,0,JAN,0,0.025124691,0,TRUE_NEGATIVE
Chhattisgarh,2014,10.0,3,77.9,658.3000000000004,1204.9,1275.1999999999998,63.78034188034188,14.119658119658126,22.13794674564144,0.0,0,0.2877716225547224,0,2014-10-01,252.7,327.7,416.7,997.1000000000004,1144.3,1378.1999999999998,-164.0,-0.8660254037844386,0.5000000000000001,0,OCT,0,0.025107032,0,TRUE_NEGATIVE
Konkan & Goa,2001,1.0,0,5.6,13.400000000000457,1006.6000000000004,3137.599999999999,1.2410256410256408,4.358974358974359,351.23966942148763,0.0,0,1.1309937381656223,0,2001-01-01,6.2,1.6,91.8,99.60000000000043,2201.4000000000005,3133.2,-85.6,0.4999999999999999,0.8660254037844387,0,JAN,0,0.025087252,0,TRUE_NEGATIVE
Rayalseema,2017,2.0,0,0.0,58.30000000000045,168.59999999999994,551.4,5.582905982905984,-5.582905982905984,-100.0,5.582905982905984,0,-0.4823320431067022,0,2017-02-01,3.9,54.4,5.4,63.70000000000045,210.09999999999997,551.4,-1.5000000000000004,0.8660254037844386,0.5000000000000001,0,FEB,0,0.025058037,0,TRUE_NEGATIVE
Jharkhand,2008,10.0,3,34.0,497.3999999999999,1284.5000000000002,1332.0,79.92136752136751,-45.92136752136752,-57.45818539590195,45.92136752136752,0,-0.7075839095411738,0,2008-10-01,152.9,310.5,377.9,841.2999999999998,1261.2000000000005,1337.6,-225.0,-0.8660254037844386,0.5000000000000001,0,OCT,0,0.025050307,0,TRUE_NEGATIVE
Rayalseema,2016,1.0,0,7.9,443.9000000000005,810.5,1053.1,9.8,-1.8999999999999984,-19.387755102040806,1.8999999999999984,0,-0.1001843849220807,0,2016-01-01,52.2,383.8,106.7,542.7000000000005,845.7,1047.1,-54.5,0.4999999999999999,0.8660254037844387,0,JAN,0,0.025037443,0,TRUE_NEGATIVE
Haryana Delhi & Chandigarh,2013,12.0,3,2.1,14.700000000000028,315.9,461.29999999999984,7.107692307692308,-5.007692307692308,-70.45454545454545,5.007692307692308,0,-0.4660778397733269,0,2013-12-01,1.7,10.9,42.8,55.40000000000003,375.9,462.6999999999998,-41.1,-2.4492935982947064e-16,1.0,0,DEC,0,0.025013702,0,TRUE_NEGATIVE
Chhattisgarh,2010,10.0,3,54.3,697.1000000000005,1239.0999999999997,1303.2,63.78034188034188,-9.480341880341882,-14.864049957787817,9.480341880341882,0,-0.1932180894295992,0,2010-10-01,302.5,340.3,426.8,1069.6000000000006,1190.6999999999998,1292.5,-124.3,-0.8660254037844386,0.5000000000000001,0,OCT,0,0.025012191,0,TRUE_NEGATIVE
Gangetic West Bengal,2009,11.0,3,9.4,381.3000000000002,1061.3000000000002,1314.8000000000002,21.56153846153846,-12.16153846153846,-56.40385301462718,12.16153846153846,0,-0.3937675871199166,0,2009-11-01,77.3,294.6,332.7,704.6000000000003,1280.9,1305.4,-255.4,-0.5000000000000004,0.8660254037844384,0,NOV,0,0.024996208,0,TRUE_NEGATIVE
West Madhya Pradesh,2005,1.0,0,13.7,16.699999999999715,538.0000000000001,844.9000000000002,9.167521367521369,4.532478632478632,49.440611597986205,0.0,0,0.4055975917577182,0,2005-01-01,0.8,2.2,43.7,46.69999999999972,742.3000000000001,848.0000000000001,-42.900000000000006,0.4999999999999999,0.8660254037844387,0,JAN,0,0.024988404,0,TRUE_NEGATIVE
East Rajasthan,2010,2.0,0,2.4,4.8,68.2,417.8000000000002,5.328205128205128,-2.928205128205128,-54.95668912415784,2.928205128205128,0,-0.3937563098841173,0,2010-02-01,1.9,0.5,7.0,9.4,179.1,415.60000000000025,-5.1,0.8660254037844386,0.5000000000000001,0,FEB,0,0.024979675,0,TRUE_NEGATIVE
Telangana,2012,10.0,3,83.6,515.9000000000001,948.9999999999995,974.1,74.53931623931624,9.06068376068376,12.15557670477348,0.0,0,0.1523220957232222,0,2012-10-01,202.4,229.9,300.3,732.6000000000001,879.3999999999996,904.4,-97.9,-0.8660254037844386,0.5000000000000001,0,OCT,0,0.02496323,0,TRUE_NEGATIVE
Vidarbha,2005,10.0,3,87.2,583.1999999999996,1123.4000000000003,1221.5,52.3897435897436,34.81025641025641,66.44479248238056,0.0,0,0.7416417245124356,0,2005-10-01,246.8,249.2,393.2,889.1999999999996,1038.1000000000004,1162.0,-146.39999999999998,-0.8660254037844386,0.5000000000000001,0,OCT,0,0.024890568,0,TRUE_NEGATIVE
Saurashtra & Kutch,2000,3.0,1,0.0,0.0,92.90000000000023,369.0,1.276923076923077,-1.276923076923077,-100.0,1.276923076923077,0,-0.2262333753033426,0,2000-03-01,0.0,0.0,0.0,0.0,116.80000000000022,369.0,0.0,1.0,6.123233995736766e-17,0,MAR,0,0.02489014,0,TRUE_NEGATIVE
Gujarat Region,2017,2.0,0,0.0,0.0,172.19999999999976,764.6999999999996,1.170940170940171,-1.170940170940171,-100.0,1.170940170940171,0,-0.4108450384999035,0,2017-02-01,0.0,0.0,0.0,0.0,476.0999999999997,764.6999999999996,0.0,0.8660254037844386,0.5000000000000001,0,FEB,0,0.024826279,0,TRUE_NEGATIVE
Saurashtra & Kutch,2003,3.0,1,0.0,0.3999999999998863,1.4000000000002273,308.3999999999999,1.276923076923077,-1.276923076923077,-100.0,1.276923076923077,0,-0.2262333753033426,0,2003-03-01,0.4,0.0,0.6,0.9999999999998864,16.500000000000227,308.3999999999999,-0.1999999999999999,1.0,6.123233995736766e-17,0,MAR,0,0.024777569,0,TRUE_NEGATIVE
Uttarakhand,2004,10.0,3,70.7,493.7999999999999,1091.3999999999992,1241.5,38.53846153846154,32.16153846153846,83.45309381237524,0.0,0,0.5605501858180764,0,2004-10-01,96.8,326.3,400.9,823.9999999999998,1072.1999999999991,1172.6,-304.1,-0.8660254037844386,0.5000000000000001,0,OCT,0,0.024773056,0,TRUE_NEGATIVE
Gujarat Region,2016,10.0,3,66.9,476.10000000000025,764.0999999999998,764.9999999999997,20.91794871794872,45.98205128205129,219.82103456729592,0.0,0,1.3308159200589855,0,2016-10-01,105.3,303.9,255.8,665.0000000000002,697.1999999999997,700.2999999999996,-150.5,-0.8660254037844386,0.5000000000000001,0,OCT,0,0.02473786,0,TRUE_NEGATIVE
Konkan & Goa,2004,1.0,0,0.0,1.9000000000004549,948.7000000000004,2841.7,1.2410256410256408,-1.2410256410256408,-100.0,1.2410256410256408,0,-0.3220005701600948,0,2004-01-01,0.0,1.9,54.4,56.30000000000045,1962.6,2842.2,-54.4,0.4999999999999999,0.8660254037844387,0,JAN,0,0.024717914,0,TRUE_NEGATIVE
Haryana Delhi & Chandigarh,2017,1.0,0,34.2,35.20000000000003,188.2,432.8999999999999,16.89316239316239,17.30683760683761,102.4487730837339,0.0,0,1.113466215592745,0,2017-01-01,1.0,0.0,5.2,6.200000000000029,313.8,398.6999999999999,-4.2,0.4999999999999999,0.8660254037844387,0,JAN,0,0.024674585,0,TRUE_NEGATIVE
Bihar,2002,10.0,3,33.8,474.3000000000004,1051.7999999999995,1104.2,62.94444444444444,-29.14444444444445,-46.30185348631951,29.14444444444445,0,-0.5129815258645085,0,2002-10-01,192.8,247.7,386.1,826.6000000000004,1042.9999999999995,1251.7,-193.3,-0.8660254037844386,0.5000000000000001,0,OCT,0,0.02465736,0,TRUE_NEGATIVE
Rayalseema,2015,12.0,3,52.2,542.7000000000005,845.7,1047.1,34.202564102564104,17.9974358974359,52.62013644201215,0.0,0,0.4802180160762727,0,2015-12-01,383.8,106.7,136.3,626.8000000000004,866.5,1007.7,247.5,-2.4492935982947064e-16,1.0,0,DEC,0,0.02465615,0,TRUE_NEGATIVE
Telangana,2010,11.0,3,40.5,389.0000000000001,1219.5999999999997,1268.4,19.92478632478632,20.57521367521368,103.26441317776256,0.0,0,0.7858346626132018,0,2010-11-01,98.7,249.8,308.1,656.6000000000001,1203.9999999999998,1257.5,-209.40000000000003,-0.5000000000000004,0.8660254037844384,0,NOV,0,0.024651129,0,TRUE_NEGATIVE
West Uttar Pradesh,2014,11.0,3,0.0,99.29999999999988,353.8999999999997,479.3999999999998,3.898290598290598,-3.898290598290598,-100.0,3.898290598290598,0,-0.544388542234027,0,2014-11-01,14.6,84.7,81.0,180.2999999999999,364.89999999999975,481.0999999999998,-66.4,-0.5000000000000004,0.8660254037844384,0,NOV,0,0.02462727,0,TRUE_NEGATIVE
Matathwada,2012,11.0,3,0.3,189.1000000000001,523.8,526.7000000000002,22.07350427350428,-21.77350427350428,-98.64090451483,21.77350427350428,0,-0.6315899559026629,0,2012-11-01,68.8,120.0,101.4,290.20000000000016,525.7999999999998,526.4000000000002,-32.60000000000001,-0.5000000000000004,0.8660254037844384,0,NOV,0,0.024617765,0,TRUE_NEGATIVE
Matathwada,2007,11.0,3,7.5,249.1000000000001,703.8,714.6000000000001,22.07350427350428,-14.573504273504271,-66.02261287075041,14.573504273504271,0,-0.4227375991401886,0,2007-11-01,0.9,240.7,146.2,387.80000000000007,706.3,711.7000000000002,-145.29999999999998,-0.5000000000000004,0.8660254037844384,0,NOV,0,0.024594247,0,TRUE_NEGATIVE
Gujarat Region,2000,1.0,0,0.0,0.0,181.79999999999976,568.5999999999997,1.7555555555555555,-1.7555555555555555,-100.0,1.7555555555555555,0,-0.3713829638787719,0,2000-01-01,0.0,0.0,69.5,69.50000000000023,401.1999999999998,568.5999999999997,-69.5,0.4999999999999999,0.8660254037844387,0,JAN,0,0.024589043,0,TRUE_NEGATIVE
Matathwada,2002,10.0,3,46.4,392.40000000000015,700.8999999999999,718.1,59.29829059829059,-12.898290598290592,-21.75153865002378,12.898290598290592,0,-0.260250510860261,0,2002-10-01,122.4,223.6,58.2,404.20000000000016,660.5999999999999,842.2000000000002,64.2,-0.8660254037844386,0.5000000000000001,0,OCT,0,0.024577145,0,TRUE_NEGATIVE
Vidarbha,2009,11.0,3,63.8,195.9999999999996,760.3000000000004,769.7000000000002,15.311111111111112,48.48888888888889,316.6908563134978,0.0,0,1.972981872832187,0,2009-11-01,41.9,90.3,175.4,307.5999999999996,702.4000000000004,708.8000000000001,-133.5,-0.5000000000000004,0.8660254037844384,0,NOV,0,0.024574118,0,TRUE_NEGATIVE
South Interior Karnataka,2008,10.0,3,117.1,528.3000000000001,947.8,1135.9,138.47606837606838,-21.37606837606839,-15.43665170938853,21.37606837606839,0,-0.3488193111405493,0,2008-10-01,141.4,269.8,203.4,614.6000000000001,855.5999999999999,1171.3000000000002,-62.0,-0.8660254037844386,0.5000000000000001,0,OCT,0,0.024570892,0,TRUE_NEGATIVE
Matathwada,2010,11.0,3,36.8,251.80000000000013,992.4,1020.1,22.07350427350428,14.726495726495724,66.71571284751799,0.0,0,0.4271754637959911,0,2010-11-01,57.7,157.3,291.4,506.4000000000001,960.1999999999998,1046.6,-233.7,-0.5000000000000004,0.8660254037844384,0,NOV,0,0.024532152,0,TRUE_NEGATIVE
Punjab,2008,12.0,3,0.9,11.399999999999944,485.3,717.2000000000002,12.638461538461538,-11.738461538461538,-92.87888009738283,11.738461538461538,0,-0.7633359894883348,0,2008-12-01,0.6,9.9,59.8,70.29999999999994,639.9,726.9,-59.2,-2.4492935982947064e-16,1.0,0,DEC,0,0.02453194,0,TRUE_NEGATIVE
West Madhya Pradesh,2015,10.0,3,11.0,343.19999999999976,927.5,1059.7000000000005,28.069230769230767,-17.069230769230767,-60.81118114551932,17.069230769230767,0,-0.5055926190820095,0,2015-10-01,55.6,276.6,428.2,760.3999999999996,929.8000000000002,1055.7000000000005,-372.6,-0.8660254037844386,0.5000000000000001,0,OCT,0,0.024494268,0,TRUE_NEGATIVE
East Uttar Pradesh,2011,12.0,3,0.0,0.6000000000002274,577.0,781.2000000000002,5.677777777777777,-5.677777777777777,-100.0,5.677777777777777,0,-0.6724692464062567,0,2011-12-01,0.0,0.6,146.4,147.00000000000023,740.8,781.3000000000002,-146.4,-2.4492935982947064e-16,1.0,0,DEC,0,0.024472782,0,TRUE_NEGATIVE
West Uttar Pradesh,2008,10.0,3,5.1,313.3999999999999,790.4999999999999,796.9999999999999,28.37264957264957,-23.27264957264957,-82.02494276418845,23.27264957264957,0,-0.5232071902883296,0,2008-10-01,90.9,217.4,258.5,566.8,789.3999999999999,793.6999999999999,-167.6,-0.8660254037844386,0.5000000000000001,0,OCT,0,0.02446352,0,TRUE_NEGATIVE
Vidarbha,2006,10.0,3,43.7,640.8999999999995,1137.6000000000004,1204.6,52.3897435897436,-8.689743589743593,-16.58672670321065,8.689743589743593,0,-0.1851372867098296,0,2006-10-01,175.8,421.4,360.8,957.9999999999995,1110.1000000000004,1248.1,-185.0,-0.8660254037844386,0.5000000000000001,0,OCT,0,0.024425197,0,TRUE_NEGATIVE
West Madhya Pradesh,2012,10.0,3,2.1,537.5999999999997,1028.1,1035.2,28.069230769230767,-25.96923076923077,-92.51849821869004,25.96923076923077,0,-0.7692116638219305,0,2012-10-01,194.3,341.2,439.2,974.6999999999998,1026.9,1033.3000000000002,-244.9,-0.8660254037844386,0.5000000000000001,0,OCT,0,0.024422856,0,TRUE_NEGATIVE
Madhya Maharashtra,2008,10.0,3,56.6,626.5999999999999,893.4999999999998,916.1,70.49230769230769,-13.89230769230769,-19.70755128764732,13.89230769230769,0,-0.2938333742565695,0,2008-10-01,312.4,257.6,157.9,727.9000000000001,837.4999999999998,862.9000000000002,154.49999999999997,-0.8660254037844386,0.5000000000000001,0,OCT,0,0.024361905,0,TRUE_NEGATIVE
Vidarbha,2014,11.0,3,6.2,248.39999999999955,841.0000000000005,916.7,15.311111111111112,-9.11111111111111,-59.50653120464441,9.11111111111111,0,-0.3707252831627849,0,2014-11-01,17.3,224.9,191.7,433.8999999999995,838.8000000000004,910.5,-174.39999999999998,-0.5000000000000004,0.8660254037844384,0,NOV,0,0.024359275,0,TRUE_NEGATIVE
West Madhya Pradesh,2008,10.0,3,12.9,358.3999999999997,778.2000000000002,794.7000000000003,28.069230769230767,-15.169230769230769,-54.04220334338174,15.169230769230769,0,-0.4493143960476442,0,2008-10-01,139.7,205.8,221.8,567.2999999999997,767.8000000000002,781.8000000000003,-82.10000000000002,-0.8660254037844386,0.5000000000000001,0,OCT,0,0.024307381,0,TRUE_NEGATIVE
West Madhya Pradesh,2004,10.0,3,43.7,521.2999999999997,827.8000000000001,847.7000000000002,28.069230769230767,15.630769230769236,55.68648944916418,0.0,0,0.462985219456802,0,2004-10-01,55.7,421.9,218.0,695.5999999999997,784.5000000000001,804.9000000000002,-162.3,-0.8660254037844386,0.5000000000000001,0,OCT,0,0.024286926,0,TRUE_NEGATIVE
South Interior Karnataka,2010,12.0,3,2.5,315.6,929.5,1239.8,11.651282051282053,-9.151282051282053,-78.5431338028169,9.151282051282053,0,-0.5779888587188663,0,2010-12-01,183.5,129.6,150.7,463.80000000000007,1056.1,1260.2,32.80000000000001,-2.4492935982947064e-16,1.0,0,DEC,0,0.024272732,0,TRUE_NEGATIVE
West Rajasthan,2012,2.0,0,0.0,0.5,116.90000000000022,407.4,4.862393162393162,-4.862393162393162,-100.0,4.862393162393162,0,-0.6227102321497555,0,2012-02-01,0.5,0.0,0.0,0.5,283.7000000000002,419.2000000000001,0.5,0.8660254037844386,0.5000000000000001,0,FEB,0,0.024271524,0,TRUE_NEGATIVE
West Uttar Pradesh,2016,12.0,3,0.0,9.599999999999945,589.6999999999997,692.9999999999999,7.006837606837607,-7.006837606837607,-100.0,7.006837606837607,0,-0.7184759217287318,0,2016-12-01,0.0,9.6,44.7,54.29999999999995,649.6999999999997,695.9999999999999,-44.7,-2.4492935982947064e-16,1.0,0,DEC,0,0.02426572,0,TRUE_NEGATIVE
Haryana Delhi & Chandigarh,2005,11.0,3,0.8,147.5,429.6,520.5999999999997,3.223931623931624,-2.423931623931624,-75.18557794273596,2.423931623931624,0,-0.3307655115574209,0,2005-11-01,0.0,146.7,52.6,199.3,436.4,519.7999999999997,-52.6,-0.5000000000000004,0.8660254037844384,0,NOV,0,0.024262125,0,TRUE_NEGATIVE
East Uttar Pradesh,2004,10.0,3,33.0,307.10000000000014,713.4,756.0000000000001,42.43418803418803,-9.434188034188033,-22.23251691911053,9.434188034188033,0,-0.1886857961434604,0,2004-10-01,126.5,147.6,219.5,493.60000000000014,689.0999999999999,730.6000000000001,-93.0,-0.8660254037844386,0.5000000000000001,0,OCT,0,0.024260301,0,TRUE_NEGATIVE
North Interior Karnataka,2014,10.0,3,80.3,375.6999999999999,655.8999999999999,721.9000000000001,95.56239316239316,-15.262393162393153,-15.97112907842014,15.262393162393153,0,-0.2764949708601528,0,2014-10-01,90.2,205.2,136.8,432.19999999999993,601.9999999999998,742.6,-46.60000000000001,-0.8660254037844386,0.5000000000000001,0,OCT,0,0.024250086,0,TRUE_NEGATIVE
North Interior Karnataka,2000,10.0,3,115.1,414.0999999999998,697.6999999999998,709.5,95.56239316239316,19.537606837606845,20.444869776760168,0.0,0,0.3539451497391627,0,2000-10-01,134.4,164.6,127.1,426.0999999999998,590.9999999999998,747.3,7.300000000000011,-0.8660254037844386,0.5000000000000001,0,OCT,0,0.02424147,0,TRUE_NEGATIVE
Jharkhand,2012,10.0,3,37.8,537.7999999999998,952.7000000000002,1008.8,79.92136752136751,-42.12136752136752,-52.70351199897336,42.12136752136752,0,-0.649031235668704,0,2012-10-01,217.6,282.4,287.2,787.1999999999997,924.5000000000002,994.3,-69.6,-0.8660254037844386,0.5000000000000001,0,OCT,0,0.024223108,0,TRUE_NEGATIVE
East Madhya Pradesh,2008,10.0,3,15.5,401.7999999999994,982.9000000000008,1024.1000000000004,39.41623931623931,-23.91623931623932,-60.6761064249626,23.91623931623932,0,-0.5786632763913824,0,2008-10-01,116.1,270.2,268.2,654.4999999999993,969.9000000000008,1011.7000000000004,-152.1,-0.8660254037844386,0.5000000000000001,0,OCT,0,0.024200179,0,TRUE_NEGATIVE
Haryana Delhi & Chandigarh,2000,12.0,3,1.2,1.6000000000000285,253.8,384.3999999999998,7.107692307692308,-5.907692307692308,-83.11688311688312,5.907692307692308,0,-0.5498429814837404,0,2000-12-01,0.4,0.0,17.5,17.900000000000027,311.5,383.5999999999998,-17.1,-2.4492935982947064e-16,1.0,0,DEC,0,0.024189748,0,TRUE_NEGATIVE
Bihar,2005,10.0,3,34.3,448.50000000000034,859.5999999999997,910.7,62.94444444444444,-28.64444444444445,-45.507502206531335,28.64444444444445,0,-0.5041808515740385,0,2005-10-01,105.1,309.1,300.0,714.2000000000004,832.9999999999997,932.8,-194.9,-0.8660254037844386,0.5000000000000001,0,OCT,0,0.02415236,0,TRUE_NEGATIVE
Jharkhand,2010,10.0,3,55.1,370.6999999999998,662.7000000000003,676.9,79.92136752136751,-24.82136752136752,-31.057235744535216,24.82136752136752,0,-0.3824624835650912,0,2010-10-01,160.5,155.1,170.2,485.79999999999984,613.9000000000003,704.0,-9.699999999999989,-0.8660254037844386,0.5000000000000001,0,OCT,0,0.024083924,0,TRUE_NEGATIVE
Matathwada,2007,10.0,3,0.9,387.80000000000007,706.3,711.7000000000002,59.29829059829059,-58.39829059829059,-98.482249672091,58.39829059829059,0,-1.1783100129241402,0,2007-10-01,240.7,146.2,123.1,510.00000000000006,706.0999999999999,758.5,117.6,-0.8660254037844386,0.5000000000000001,0,OCT,0,0.02408203,0,TRUE_NEGATIVE
West Madhya Pradesh,2003,10.0,3,0.9,483.7999999999997,920.3,950.3000000000002,28.069230769230767,-27.16923076923077,-96.7936420937243,27.16923076923077,0,-0.8047558046857402,0,2003-10-01,254.9,228.0,307.5,790.3999999999997,920.4,955.3000000000002,-52.6,-0.8660254037844386,0.5000000000000001,0,OCT,0,0.024041377,0,TRUE_NEGATIVE
Matathwada,2013,11.0,3,7.4,255.80000000000013,847.0,874.8000000000002,22.07350427350428,-14.673504273504273,-66.4756446991404,14.673504273504273,0,-0.4256383263174452,0,2013-11-01,94.3,154.1,136.9,385.3000000000002,845.9999999999999,867.7000000000002,-42.60000000000001,-0.5000000000000004,0.8660254037844384,0,NOV,0,0.024029369,0,TRUE_NEGATIVE
Madhya Maharashtra,2005,10.0,3,62.7,595.2,1204.6999999999998,1229.5000000000002,70.49230769230769,-7.792307692307688,-11.054124836316014,7.792307692307688,0,-0.164813515017666,0,2005-10-01,276.4,256.1,361.2,893.6999999999999,1153.0999999999997,1208.9,-84.80000000000001,-0.8660254037844386,0.5000000000000001,0,OCT,0,0.024001036,0,TRUE_NEGATIVE
Coastal Andhra Pradesh,2003,12.0,3,101.1,364.8999999999999,895.1000000000004,1097.0,11.550427350427348,89.54957264957264,775.2922894775788,0.0,0,3.7746277234621135,0,2003-12-01,11.5,252.3,130.2,393.9999999999999,898.0000000000005,995.9,-118.7,-2.4492935982947064e-16,1.0,0,DEC,0,0.023994694,0,TRUE_NEGATIVE
Saurashtra & Kutch,2016,4.0,1,0.0,0.2999999999998863,0.6000000000001705,434.5,1.1632478632478631,-1.1632478632478631,-100.0,1.1632478632478631,0,-0.1904632649251258,0,2016-04-01,0.3,0.0,0.0,0.2999999999998863,3.9000000000001696,436.6,0.3,0.8660254037844387,-0.4999999999999998,0,APR,0,0.023981608,0,TRUE_NEGATIVE
West Rajasthan,2017,2.0,0,0.3,6.299999999999971,35.400000000000254,351.6,4.862393162393162,-4.562393162393162,-93.83019862893303,4.562393162393162,0,-0.5842902477088057,0,2017-02-01,6.0,0.0,0.0,5.999999999999972,227.00000000000023,352.9000000000001,6.0,0.8660254037844386,0.5000000000000001,0,FEB,0,0.02397747,0,TRUE_NEGATIVE
Matathwada,2006,12.0,3,0.0,52.30000000000012,679.1999999999998,872.9000000000001,7.202564102564103,-7.202564102564103,-100.0,7.202564102564103,0,-0.4429369375650455,0,2006-12-01,4.6,47.7,209.4,261.7000000000001,813.8999999999999,872.9000000000001,-204.8,-2.4492935982947064e-16,1.0,0,DEC,0,0.02396581,0,TRUE_NEGATIVE
Coastal Andhra Pradesh,2012,10.0,3,140.0,607.7,964.3000000000004,1038.5,183.9017094017094,-43.90170940170941,-23.87237701299004,43.90170940170941,0,-0.4365808267683848,0,2012-10-01,246.5,221.2,221.9,689.6,848.3000000000003,973.1,24.599999999999994,-0.8660254037844386,0.5000000000000001,0,OCT,0,0.023927972,0,TRUE_NEGATIVE
Uttarakhand,2009,10.0,3,81.3,490.4999999999999,767.4999999999992,846.6,38.53846153846154,42.76153846153846,110.95808383233532,0.0,0,0.7452998045832782,0,2009-10-01,206.6,202.6,157.5,566.6999999999998,704.5999999999992,788.3999999999999,49.1,-0.8660254037844386,0.5000000000000001,0,OCT,0,0.023921682,0,TRUE_NEGATIVE
Punjab,2002,12.0,3,3.7,6.2999999999999154,210.1,274.70000000000005,12.638461538461538,-8.938461538461539,-70.7242848447961,8.938461538461539,0,-0.5812558452067137,0,2002-12-01,0.0,2.6,95.0,97.59999999999992,231.1,274.80000000000007,-95.0,-2.4492935982947064e-16,1.0,0,DEC,0,0.023881648,0,TRUE_NEGATIVE
Matathwada,2011,1.0,0,0.0,36.80000000000011,543.1999999999998,1007.4,4.915384615384616,-4.915384615384616,-100.0,4.915384615384616,0,-0.4649132222062268,0,2011-01-01,0.0,36.8,57.7,94.50000000000011,872.6999999999998,1011.7,-57.7,0.4999999999999999,0.8660254037844387,0,JAN,0,0.023839012,0,TRUE_NEGATIVE
Gangetic West Bengal,2006,10.0,3,49.7,750.9000000000002,1579.3000000000002,1659.1,116.28888888888888,-66.58888888888887,-57.26160901968278,66.58888888888887,0,-0.8651192604011609,0,2006-10-01,380.9,320.3,486.6,1187.8000000000004,1590.1,1961.1,-105.70000000000005,-0.8660254037844386,0.5000000000000001,0,OCT,0,0.02383814,0,TRUE_NEGATIVE
Haryana Delhi & Chandigarh,2013,2.0,0,52.2,76.80000000000004,170.5,456.1999999999998,17.14786324786325,35.052136752136754,204.4111050191896,0.0,0,1.858921452066765,0,2013-02-01,21.1,3.5,0.6,25.20000000000003,314.9,404.19999999999976,20.5,0.8660254037844386,0.5000000000000001,0,FEB,0,0.023782546,0,TRUE_NEGATIVE
Bihar,2004,10.0,3,56.4,347.6000000000004,1085.4999999999998,1147.7,62.94444444444444,-6.544444444444444,-10.397175639894089,6.544444444444444,0,-0.1151910479352632,0,2004-10-01,115.3,175.9,418.4,709.6000000000004,1061.0999999999997,1233.3,-303.1,-0.8660254037844386,0.5000000000000001,0,OCT,0,0.023780722,0,TRUE_NEGATIVE
Orissa,2016,10.0,3,93.5,680.4999999999995,1199.9,1264.4,113.82649572649574,-20.326495726495736,-17.857437845874294,20.326495726495736,0,-0.2693791372696742,0,2016-10-01,266.2,320.8,280.3,867.2999999999995,1115.0,1195.6,-14.100000000000025,-0.8660254037844386,0.5000000000000001,0,OCT,0,0.023767391,0,TRUE_NEGATIVE
Coastal Andhra Pradesh,2016,12.0,3,36.9,109.70000000000005,590.0000000000003,909.0,11.550427350427348,25.34957264957265,219.4686991268315,0.0,0,1.0685165419541565,0,2016-12-01,13.1,59.7,224.4,297.2,742.2000000000004,874.1,-211.3,-2.4492935982947064e-16,1.0,0,DEC,0,0.023761395,0,TRUE_NEGATIVE
East Uttar Pradesh,2007,10.0,3,14.6,306.50000000000017,664.5,742.9000000000001,42.43418803418803,-27.83418803418803,-65.59378021269738,27.83418803418803,0,-0.5566897660090536,0,2007-10-01,111.5,180.4,265.2,557.1000000000001,653.1,737.4000000000001,-153.7,-0.8660254037844386,0.5000000000000001,0,OCT,0,0.023742039,0,TRUE_NEGATIVE
Chhattisgarh,2006,10.0,3,13.3,645.1000000000005,1255.9,1304.6,63.78034188034188,-50.48034188034188,-79.14717982391488,50.48034188034188,0,-1.0288358094023613,0,2006-10-01,184.6,447.2,495.1,1126.9000000000003,1259.7999999999995,1374.8,-310.5,-0.8660254037844386,0.5000000000000001,0,OCT,0,0.023718996,0,TRUE_NEGATIVE
Vidarbha,2015,10.0,3,7.0,463.3999999999995,868.0000000000005,1001.9,52.3897435897436,-45.3897435897436,-86.63860610806579,45.3897435897436,0,-0.9670404984766604,0,2015-10-01,167.5,288.9,137.2,593.5999999999995,889.1000000000004,1012.2,30.30000000000001,-0.8660254037844386,0.5000000000000001,0,OCT,0,0.023713492,0,TRUE_NEGATIVE
East Madhya Pradesh,2007,10.0,3,3.1,295.79999999999944,584.6000000000007,644.7000000000002,39.41623931623931,-36.31623931623931,-92.13522128499253,36.31623931623931,0,-0.8786863917471889,0,2007-10-01,130.1,162.6,207.8,500.4999999999994,584.4000000000007,654.6000000000001,-77.70000000000002,-0.8660254037844386,0.5000000000000001,0,OCT,0,0.023708101,0,TRUE_NEGATIVE
West Madhya Pradesh,2003,2.0,0,21.1,22.99999999999972,175.80000000000013,686.4000000000002,6.217241379310345,14.882758620689655,239.3788130892956,0.0,0,1.6642971047045227,0,2003-02-01,1.1,0.8,5.9,7.799999999999716,472.4000000000001,685.0000000000002,-4.800000000000001,0.8660254037844386,0.5000000000000001,0,FEB,0,0.023633704,0,TRUE_NEGATIVE
Telangana,2016,10.0,3,70.4,540.4,1025.2999999999995,1044.5,74.53931623931624,-4.13931623931623,-5.553198564401267,4.13931623931623,0,-0.0695873888866676,0,2016-10-01,336.3,133.7,235.8,705.8000000000001,959.1999999999996,989.7,100.5,-0.8660254037844386,0.5000000000000001,0,OCT,0,0.023631915,0,TRUE_NEGATIVE
South Interior Karnataka,2005,12.0,3,5.3,303.4000000000001,1015.6,1319.3000000000002,11.651282051282053,-6.351282051282053,-54.51144366197184,6.351282051282053,0,-0.4011427299093953,0,2005-12-01,56.3,241.8,145.5,443.6000000000001,1148.9999999999998,1324.4,-89.2,-2.4492935982947064e-16,1.0,0,DEC,0,0.02360758,0,TRUE_NEGATIVE
South Interior Karnataka,2013,12.0,3,2.4,131.0000000000001,781.9,1110.6,11.651282051282053,-9.251282051282052,-79.40140845070422,9.251282051282052,0,-0.5843047918906331,0,2013-12-01,24.9,103.7,191.8,320.40000000000015,955.7,1114.4,-166.9,-2.4492935982947064e-16,1.0,0,DEC,0,0.023553438,0,TRUE_NEGATIVE
Telangana,2007,11.0,3,13.0,316.10000000000014,833.8999999999996,843.3,19.92478632478632,-6.9247863247863215,-34.754632807137945,6.9247863247863215,0,-0.2644802241719834,0,2007-11-01,40.8,262.3,206.6,509.7000000000001,830.0999999999996,865.0,-165.8,-0.5000000000000004,0.8660254037844384,0,NOV,0,0.023552835,0,TRUE_NEGATIVE
Sub Himalayan West Bengal & Sikkim,2012,12.0,3,7.4,139.3000000000015,1591.200000000001,2632.3,5.967521367521368,1.4324786324786327,24.004583213978805,0.0,0,0.1506389709092052,0,2012-12-01,12.5,119.4,434.7,566.6000000000015,2188.0000000000014,2629.2,-422.2,-2.4492935982947064e-16,1.0,0,DEC,0,0.023520686,0,TRUE_NEGATIVE
Matathwada,2002,11.0,3,4.8,173.6000000000001,697.1999999999999,722.1000000000001,22.07350427350428,-17.273504273504273,-78.25447223728025,17.273504273504273,0,-0.5010572329261165,0,2002-11-01,46.4,122.4,223.6,392.40000000000015,700.8999999999999,718.1,-177.2,-0.5000000000000004,0.8660254037844384,0,NOV,0,0.023496304,0,TRUE_NEGATIVE
Gujarat Region,2002,3.0,1,0.1,4.200000000000227,33.29999999999978,847.0999999999997,1.205128205128205,-1.105128205128205,-91.70212765957446,1.105128205128205,0,-0.2329352156627903,0,2002-03-01,0.0,4.1,0.0,4.100000000000227,50.99999999999977,846.9999999999997,0.0,1.0,6.123233995736766e-17,0,MAR,0,0.023483118,0,TRUE_NEGATIVE
Saurashtra & Kutch,2017,2.0,0,0.0,0.0999999999998863,124.40000000000018,483.1,1.588034188034188,-1.588034188034188,-100.0,1.588034188034188,0,-0.3746404279887505,0,2017-02-01,0.1,0.0,0.0,0.0999999999998863,340.4000000000002,483.1,0.1,0.8660254037844386,0.5000000000000001,0,FEB,0,0.02345896,0,TRUE_NEGATIVE
Vidarbha,2002,10.0,3,35.2,516.2999999999995,913.7000000000004,928.8,52.3897435897436,-17.189743589743593,-32.81127642913078,17.189743589743593,0,-0.3662320360291229,0,2002-10-01,128.6,352.5,88.1,569.1999999999996,881.4000000000003,1022.8000000000002,40.5,-0.8660254037844386,0.5000000000000001,0,OCT,0,0.023432419,0,TRUE_NEGATIVE
Bihar,2010,10.0,3,33.6,297.7000000000004,614.1999999999996,628.0,62.94444444444444,-29.34444444444444,-46.61959399823477,29.34444444444444,0,-0.5165017955806964,0,2010-10-01,105.7,158.4,191.2,455.3000000000004,587.0999999999996,667.0,-85.49999999999999,-0.8660254037844386,0.5000000000000001,0,OCT,0,0.023423947,0,TRUE_NEGATIVE
Matathwada,2015,11.0,3,4.8,178.6000000000002,436.4999999999999,535.4000000000002,22.07350427350428,-17.273504273504273,-78.25447223728025,17.273504273504273,0,-0.5010572329261165,0,2015-11-01,19.5,154.3,112.2,286.0000000000002,443.9999999999999,550.5000000000001,-92.7,-0.5000000000000004,0.8660254037844384,0,NOV,0,0.023420423,0,TRUE_NEGATIVE
Sub Himalayan West Bengal & Sikkim,2003,12.0,3,19.2,258.6000000000014,1637.000000000001,2723.0,5.967521367521368,13.232478632478632,221.74162131194493,0.0,0,1.3915229997710703,0,2003-12-01,16.4,223.0,321.4,560.8000000000013,2134.400000000001,2714.6,-305.0,-2.4492935982947064e-16,1.0,0,DEC,0,0.023414306,0,TRUE_NEGATIVE
East Uttar Pradesh,2016,10.0,3,25.9,401.0000000000002,855.5,877.0,42.43418803418803,-16.534188034188034,-38.964308733483726,16.534188034188034,0,-0.3306873279937709,0,2016-10-01,150.7,224.4,338.1,713.2000000000002,829.6,862.9000000000001,-187.40000000000003,-0.8660254037844386,0.5000000000000001,0,OCT,0,0.02340105,0,TRUE_NEGATIVE
Bihar,2015,12.0,3,0.0,10.400000000000398,630.5999999999995,872.7,3.631623931623932,-3.631623931623932,-100.0,3.631623931623932,0,-0.5000768318591443,0,2015-12-01,0.0,10.4,101.7,112.1000000000004,752.6999999999995,873.9,-101.7,-2.4492935982947064e-16,1.0,0,DEC,0,0.023387259,0,TRUE_NEGATIVE
Matathwada,2010,10.0,3,57.7,506.4000000000001,960.1999999999998,1046.6,59.29829059829059,-1.598290598290589,-2.6953400884993863,1.598290598290589,0,-0.032248920237803,0,2010-10-01,157.3,291.4,329.5,778.2000000000002,903.1999999999998,1047.9,-172.2,-0.8660254037844386,0.5000000000000001,0,OCT,0,0.023378037,0,TRUE_NEGATIVE
Punjab,2000,12.0,3,2.2,2.8999999999998867,279.69999999999993,405.30000000000007,12.638461538461538,-10.43846153846154,-82.59281801582472,10.43846153846154,0,-0.6787987796432965,0,2000-12-01,0.7,0.0,42.0,42.69999999999989,327.6,403.30000000000007,-41.3,-2.4492935982947064e-16,1.0,0,DEC,0,0.023370974,0,TRUE_NEGATIVE
Gujarat Region,2004,2.0,0,0.0,0.0,111.39999999999978,1154.1,1.170940170940171,-1.170940170940171,-100.0,1.170940170940171,0,-0.4108450384999035,0,2004-02-01,0.0,0.0,0.0,0.0,425.9999999999998,1160.1999999999998,0.0,0.8660254037844386,0.5000000000000001,0,FEB,0,0.023354419,0,TRUE_NEGATIVE
Bihar,2006,10.0,3,17.6,463.20000000000033,1027.0999999999997,1048.5,62.94444444444444,-45.34444444444444,-72.03883495145631,45.34444444444444,0,-0.7981233728757373,0,2006-10-01,285.2,160.4,290.7,736.3000000000003,1028.6999999999996,1065.2,-5.5,-0.8660254037844386,0.5000000000000001,0,OCT,0,0.02328,0,TRUE_NEGATIVE
West Rajasthan,2005,1.0,0,1.4,2.999999999999972,124.60000000000024,195.80000000000007,3.323076923076924,-1.923076923076924,-57.87037037037037,1.923076923076924,0,-0.4245913515636105,0,2005-01-01,1.6,0.0,18.7,20.29999999999997,150.10000000000022,196.80000000000007,-17.099999999999998,0.4999999999999999,0.8660254037844387,0,JAN,0,0.02327147,0,TRUE_NEGATIVE
West Rajasthan,2008,1.0,0,1.6,2.599999999999972,117.6000000000002,312.30000000000007,3.323076923076924,-1.7230769230769232,-51.85185185185185,1.7230769230769232,0,-0.380433851000995,0,2008-01-01,0.9,0.1,0.0,0.9999999999999716,206.5000000000002,310.70000000000005,0.9,0.4999999999999999,0.8660254037844387,0,JAN,0,0.023270613,0,TRUE_NEGATIVE
Jharkhand,2009,10.0,3,82.2,578.9999999999999,986.4000000000004,992.8,79.92136752136751,2.2786324786324883,2.851092954613521,0.0,0,0.0351105327359436,0,2009-10-01,248.8,248.0,266.6,763.3999999999999,905.0000000000002,944.6,-17.80000000000001,-0.8660254037844386,0.5000000000000001,0,OCT,0,0.023267036,0,TRUE_NEGATIVE
Coastal Andhra Pradesh,2009,10.0,3,92.6,408.0,674.5000000000003,759.2,183.9017094017094,-91.30170940170942,-49.647015081449126,91.30170940170942,0,-0.9079504265137578,0,2009-10-01,151.9,163.5,140.9,456.3,588.3000000000004,718.2,11.0,-0.8660254037844386,0.5000000000000001,0,OCT,0,0.02323279,0,TRUE_NEGATIVE
Gujarat Region,2004,10.0,3,22.2,627.7000000000003,1005.7999999999998,1005.7999999999996,20.91794871794872,1.282051282051281,6.12895317479774,0.0,0,0.037105222775302,0,2004-10-01,51.8,553.7,238.2,843.7000000000003,983.5999999999998,985.4999999999995,-186.4,-0.8660254037844386,0.5000000000000001,0,OCT,0,0.023202192,0,TRUE_NEGATIVE
Matathwada,2012,10.0,3,68.8,290.20000000000016,525.7999999999998,526.4000000000002,59.29829059829059,9.501709401709403,16.023580622378535,0.0,0,0.1917172440019564,0,2012-10-01,120.0,101.4,161.1,382.50000000000017,457.5999999999999,482.4000000000002,-41.1,-0.8660254037844386,0.5000000000000001,0,OCT,0,0.023179615,0,TRUE_NEGATIVE
Sub Himalayan West Bengal & Sikkim,2004,12.0,3,4.4,211.8000000000013,1702.4000000000008,2714.8,5.967521367521368,-1.5675213675213673,-26.2675451160126,1.5675213675213673,0,-0.1648400194794047,0,2004-12-01,9.0,198.4,394.7,602.1000000000014,2187.500000000001,2729.6,-385.7,-2.4492935982947064e-16,1.0,0,DEC,0,0.0231468,0,TRUE_NEGATIVE
East Uttar Pradesh,2002,10.0,3,20.6,459.40000000000015,640.9,687.9000000000001,42.43418803418803,-21.83418803418803,-51.45423783435385,21.83418803418803,0,-0.4366884714876645,0,2002-10-01,226.7,212.1,101.7,540.5000000000001,622.8,742.6,125.0,-0.8660254037844386,0.5000000000000001,0,OCT,0,0.02314451,0,TRUE_NEGATIVE
Chhattisgarh,2000,10.0,3,4.3,389.0000000000006,901.4,908.0,63.78034188034188,-59.48034188034188,-93.25811077013788,59.48034188034188,0,-1.212264089396382,0,2000-10-01,169.1,215.6,322.4,707.1000000000006,898.5999999999999,994.9,-153.29999999999998,-0.8660254037844386,0.5000000000000001,0,OCT,0,0.023132795,0,TRUE_NEGATIVE
West Uttar Pradesh,2005,12.0,3,0.6,3.0999999999998864,599.7999999999998,725.5999999999999,7.006837606837607,-6.406837606837607,-91.43693583800928,6.406837606837607,0,-0.6569523675626462,0,2005-12-01,0.0,2.5,202.5,204.9999999999999,666.2999999999997,725.1999999999998,-202.5,-2.4492935982947064e-16,1.0,0,DEC,0,0.023111323,0,TRUE_NEGATIVE
South Interior Karnataka,2011,1.0,0,2.1,188.10000000000005,696.4999999999999,1234.0,2.952136752136752,-0.8521367521367518,-28.86508396062536,0.8521367521367518,0,-0.1785951050755893,0,2011-01-01,2.5,183.5,129.6,315.6,929.5,1239.8,-127.1,0.4999999999999999,0.8660254037844387,0,JAN,0,0.023017503,0,TRUE_NEGATIVE
Konkan & Goa,2010,1.0,0,2.7,123.70000000000024,1111.500000000001,2719.3,1.2410256410256408,1.4589743589743591,117.56198347107444,0.0,0,0.3785502570683762,0,2010-01-01,0.0,121.0,307.4,428.4000000000002,2380.000000000001,2716.5999999999995,-307.4,0.4999999999999999,0.8660254037844387,0,JAN,0,0.023016056,0,TRUE_NEGATIVE
Gangetic West Bengal,2003,11.0,3,8.9,505.4000000000002,1278.6,1479.1,21.56153846153846,-12.66153846153846,-58.72279700321085,12.66153846153846,0,-0.4099566403538158,0,2003-11-01,341.5,155.0,239.3,735.8000000000003,1351.6,1521.1,102.2,-0.5000000000000004,0.8660254037844384,0,NOV,0,0.02301425,0,TRUE_NEGATIVE
East Rajasthan,2000,2.0,0,0.6,1.0000000000000568,81.59999999999997,402.90000000000015,5.328205128205128,-4.728205128205128,-88.73917228103947,4.728205128205128,0,-0.635802657991517,0,2000-02-01,0.3,0.1,0.0,0.4000000000000568,151.89999999999998,407.20000000000016,0.3,0.8660254037844386,0.5000000000000001,0,FEB,0,0.022993166,0,TRUE_NEGATIVE
Matathwada,2004,11.0,3,27.2,262.5000000000001,639.1999999999999,679.4000000000001,22.07350427350428,5.126495726495726,23.224657322078524,0.0,0,0.1487056547793589,0,2004-11-01,58.1,177.2,75.0,310.3000000000001,642.3999999999999,657.1,-16.9,-0.5000000000000004,0.8660254037844384,0,NOV,0,0.022921328,0,TRUE_NEGATIVE
Vidarbha,2004,10.0,3,27.7,337.0999999999995,704.9000000000002,726.9000000000001,52.3897435897436,-24.6897435897436,-47.12705559906031,24.6897435897436,0,-0.526021520722617,0,2004-10-01,86.3,223.1,217.7,527.0999999999996,680.7000000000002,741.8000000000001,-131.39999999999998,-0.8660254037844386,0.5000000000000001,0,OCT,0,0.022910325,0,TRUE_NEGATIVE
Madhya Maharashtra,2004,10.0,3,42.1,577.4,1016.4999999999998,1025.0,70.49230769230769,-28.39230769230769,-40.27717154081187,28.39230769230769,0,-0.600519924906422,0,2004-10-01,181.2,354.1,174.2,709.5,979.0999999999998,1012.4,7.0,-0.8660254037844386,0.5000000000000001,0,OCT,0,0.022899402,0,TRUE_NEGATIVE
East Madhya Pradesh,2000,10.0,3,1.8,321.39999999999947,874.0000000000007,874.3000000000002,39.41623931623931,-37.61623931623932,-95.4333542945118,37.61623931623932,0,-0.9101404280344912,0,2000-10-01,111.4,208.2,377.7,697.2999999999995,872.3000000000006,951.5000000000002,-266.29999999999995,-0.8660254037844386,0.5000000000000001,0,OCT,0,0.022899227,0,TRUE_NEGATIVE
South Interior Karnataka,2000,1.0,0,1.4,33.7,552.4,1151.0,2.952136752136752,-1.552136752136752,-52.5767226404169,1.552136752136752,0,-0.3253046246913443,0,2000-01-01,3.5,28.8,271.9,304.2,840.6,1149.6999999999998,-268.4,0.4999999999999999,0.8660254037844387,0,JAN,0,0.022880904,0,TRUE_NEGATIVE
Matathwada,2008,10.0,3,33.8,452.40000000000015,627.4,653.4000000000002,59.29829059829059,-25.498290598290595,-43.00004324075008,25.498290598290595,0,-0.5144823729702583,0,2008-10-01,267.8,150.8,106.5,525.1000000000001,597.3,620.5000000000002,161.3,-0.8660254037844386,0.5000000000000001,0,OCT,0,0.022858283,0,TRUE_NEGATIVE
Coastal Andhra Pradesh,2006,11.0,3,55.3,464.8,1003.3000000000004,1163.8,77.08290598290598,-21.782905982905987,-28.25906172729995,21.782905982905987,0,-0.2876669061262804,0,2006-11-01,185.4,224.1,279.7,689.1999999999999,1015.6000000000004,1164.7,-94.29999999999998,-0.5000000000000004,0.8660254037844384,0,NOV,0,0.022856025,0,TRUE_NEGATIVE
Orissa,2000,10.0,3,26.6,458.19999999999936,1038.9,1109.4,113.82649572649574,-87.22649572649573,-76.63109996470861,87.22649572649573,0,-1.1559788013647545,0,2000-10-01,158.0,273.6,272.3,703.8999999999994,1033.6,1298.2,-114.3,-0.8660254037844386,0.5000000000000001,0,OCT,0,0.022839567,0,TRUE_NEGATIVE
West Madhya Pradesh,2006,10.0,3,13.7,713.6999999999997,1110.0000000000002,1159.0000000000002,28.069230769230767,-14.369230769230768,-51.192107426692246,14.369230769230768,0,-0.4256183021384379,0,2006-10-01,198.1,501.9,299.0,998.9999999999995,1099.6,1146.6,-100.9,-0.8660254037844386,0.5000000000000001,0,OCT,0,0.022815008,0,TRUE_NEGATIVE
Vidarbha,2002,11.0,3,1.9,165.69999999999953,907.4000000000004,926.0000000000002,15.311111111111112,-13.411111111111111,-87.59071117561683,13.411111111111111,0,-0.5456895326554652,0,2002-11-01,35.2,128.6,352.5,516.2999999999995,913.7000000000004,928.8,-317.3,-0.5000000000000004,0.8660254037844384,0,NOV,0,0.022792194,0,TRUE_NEGATIVE
East Madhya Pradesh,2005,10.0,3,27.6,482.59999999999945,1285.4000000000008,1366.1000000000004,39.41623931623931,-11.816239316239312,-29.97809918251403,11.816239316239312,0,-0.2858987847941841,0,2005-10-01,198.4,256.6,597.2,1052.1999999999996,1261.2000000000007,1363.7000000000005,-398.80000000000007,-0.8660254037844386,0.5000000000000001,0,OCT,0,0.022783604,0,TRUE_NEGATIVE
Haryana Delhi & Chandigarh,2007,10.0,3,0.1,143.20000000000002,326.3,451.2999999999998,12.64871794871795,-12.54871794871795,-99.2094060409487,12.54871794871795,0,-0.5274468859104886,0,2007-10-01,55.2,87.9,82.0,225.10000000000005,328.20000000000005,454.9999999999998,-26.8,-0.8660254037844386,0.5000000000000001,0,OCT,0,0.022760509,0,TRUE_NEGATIVE
East Uttar Pradesh,2010,10.0,3,15.5,415.90000000000026,675.3,695.4000000000001,42.43418803418803,-26.93418803418804,-63.47284885594586,26.93418803418804,0,-0.5386895718308453,0,2010-10-01,184.5,215.9,220.8,621.2000000000003,659.8,760.8000000000001,-36.30000000000001,-0.8660254037844386,0.5000000000000001,0,OCT,0,0.022741297,0,TRUE_NEGATIVE
Punjab,2015,10.0,3,9.0,166.79999999999984,362.0,524.1000000000001,13.616239316239316,-4.616239316239316,-33.90245433431674,4.616239316239316,0,-0.116906453010267,0,2015-10-01,69.2,88.6,130.2,287.99999999999983,382.8,521.1000000000001,-60.99999999999999,-0.8660254037844386,0.5000000000000001,0,OCT,0,0.022730682,0,TRUE_NEGATIVE
West Madhya Pradesh,2011,10.0,3,0.2,508.4999999999997,1060.3000000000004,1069.3000000000004,28.069230769230767,-27.869230769230768,-99.28747602082764,27.869230769230768,0,-0.8254898868562958,0,2011-10-01,165.0,343.3,306.7,814.9999999999997,1061.9000000000003,1082.7000000000005,-141.7,-0.8660254037844386,0.5000000000000001,0,OCT,0,0.022714153,0,TRUE_NEGATIVE
Uttarakhand,2016,10.0,3,12.7,432.5999999999999,1214.6999999999991,1314.6999999999998,38.53846153846154,-25.83846153846154,-67.04590818363275,25.83846153846154,0,-0.4503439545952926,0,2016-10-01,111.4,308.5,508.4,928.2999999999998,1211.8999999999992,1318.8000000000002,-397.0,-0.8660254037844386,0.5000000000000001,0,OCT,0,0.022676669,0,TRUE_NEGATIVE
East Rajasthan,2001,12.0,3,5.8,15.0,420.5,551.3000000000001,3.617948717948718,2.182051282051282,60.31183557760453,0.0,0,0.3256488942966645,0,2001-12-01,0.0,9.2,7.7,16.9,514.9,545.6000000000001,-7.7,-2.4492935982947064e-16,1.0,0,DEC,0,0.022650328,0,TRUE_NEGATIVE
Haryana Delhi & Chandigarh,2005,12.0,3,0.0,0.8,375.69999999999993,519.3999999999997,7.107692307692308,-7.107692307692308,-100.0,7.107692307692308,0,-0.6615298370976253,0,2005-12-01,0.8,0.0,146.7,147.5,429.6,520.5999999999997,-145.89999999999998,-2.4492935982947064e-16,1.0,0,DEC,0,0.022643562,0,TRUE_NEGATIVE
East Rajasthan,2010,1.0,0,1.9,9.4,179.1,415.60000000000025,6.38974358974359,-4.48974358974359,-70.26484751203851,4.48974358974359,0,-0.5493701282709907,0,2010-01-01,0.5,7.0,10.9,18.4,366.3,414.2000000000002,-10.4,0.4999999999999999,0.8660254037844387,0,JAN,0,0.022618571,0,TRUE_NEGATIVE
Chhattisgarh,2002,10.0,3,57.8,532.5000000000006,899.2999999999998,965.7999999999998,63.78034188034188,-5.980341880341882,-9.376465700923312,5.980341880341882,0,-0.1218848694319244,0,2002-10-01,122.3,352.4,138.4,613.1000000000005,844.7999999999997,994.9,-16.10000000000001,-0.8660254037844386,0.5000000000000001,0,OCT,0,0.022599459,0,TRUE_NEGATIVE
West Uttar Pradesh,2008,12.0,3,0.0,9.099999999999886,575.8999999999999,799.5999999999999,7.006837606837607,-7.006837606837607,-100.0,7.006837606837607,0,-0.7184759217287318,0,2008-12-01,4.0,5.1,90.9,99.99999999999989,769.6999999999999,800.9999999999999,-86.9,-2.4492935982947064e-16,1.0,0,DEC,0,0.022588754,0,TRUE_NEGATIVE
Haryana Delhi & Chandigarh,2004,10.0,3,54.1,329.1,442.2,497.0999999999998,12.64871794871795,41.45128205128205,327.7113318467464,0.0,0,1.742277555706775,0,2004-10-01,22.1,252.9,19.9,294.90000000000003,406.2000000000001,442.99999999999983,2.200000000000003,-0.8660254037844386,0.5000000000000001,0,OCT,0,0.022546906,0,TRUE_NEGATIVE
Matathwada,2009,10.0,3,59.0,386.5000000000001,595.8,597.6000000000001,59.29829059829059,-0.2982905982905919,-0.5030340592974712,0.2982905982905919,0,-0.0060186487502636,0,2009-10-01,159.9,167.6,139.2,466.7000000000001,537.5999999999999,572.4000000000001,20.700000000000017,-0.8660254037844386,0.5000000000000001,0,OCT,0,0.022504982,0,TRUE_NEGATIVE
Vidarbha,2007,10.0,3,27.3,551.4999999999995,1158.5000000000002,1175.6,52.3897435897436,-25.089743589743595,-47.89056382145655,25.089743589743595,0,-0.5345436265729366,0,2007-10-01,241.8,282.4,349.1,873.2999999999995,1134.4000000000003,1192.0,-107.3,-0.8660254037844386,0.5000000000000001,0,OCT,0,0.022465868,0,TRUE_NEGATIVE
Gujarat Region,2001,3.0,1,0.0,6.100000000000227,9.899999999999771,556.4999999999998,1.205128205128205,-1.205128205128205,-100.0,1.205128205128205,0,-0.2540128801891217,0,2001-03-01,0.0,6.1,3.6,9.700000000000228,23.39999999999977,556.4999999999998,-3.6,1.0,6.123233995736766e-17,0,MAR,0,0.02242068,0,TRUE_NEGATIVE
Gujarat Region,2005,2.0,0,0.0,0.0,73.99999999999977,1005.7999999999996,1.170940170940171,-1.170940170940171,-100.0,1.170940170940171,0,-0.4108450384999035,0,2005-02-01,0.0,0.0,0.0,0.0,627.6999999999998,1005.7999999999996,0.0,0.8660254037844386,0.5000000000000001,0,FEB,0,0.022379858,0,TRUE_NEGATIVE
Jharkhand,2012,11.0,3,48.6,303.99999999999983,994.7000000000002,1057.4,11.739316239316238,36.86068376068376,313.9934473971606,0.0,0,1.7751435504170516,0,2012-11-01,37.8,217.6,282.4,537.7999999999998,952.7000000000002,1008.8,-244.6,-0.5000000000000004,0.8660254037844384,0,NOV,0,0.022329116,0,TRUE_NEGATIVE
Matathwada,2009,1.0,0,0.0,0.4000000000001137,452.7999999999999,646.2000000000002,4.915384615384616,-4.915384615384616,-100.0,4.915384615384616,0,-0.4649132222062268,0,2009-01-01,0.1,0.3,33.8,34.20000000000011,559.2999999999998,646.3000000000002,-33.7,0.4999999999999999,0.8660254037844387,0,JAN,0,0.022323726,0,TRUE_NEGATIVE
Gujarat Region,2015,2.0,0,0.0,1.8000000000002845,241.49999999999977,701.6999999999996,1.170940170940171,-1.170940170940171,-100.0,1.170940170940171,0,-0.4108450384999035,0,2015-02-01,1.8,0.0,1.3,3.1000000000002843,380.0999999999997,701.7999999999996,0.5,0.8660254037844386,0.5000000000000001,0,FEB,0,0.022312835,0,TRUE_NEGATIVE
Punjab,2003,12.0,3,5.0,7.199999999999915,290.8,424.80000000000007,12.638461538461538,-7.638461538461538,-60.43822276323798,7.638461538461538,0,-0.4967186353616752,0,2003-12-01,2.2,0.0,52.2,54.39999999999992,326.5,423.50000000000006,-50.0,-2.4492935982947064e-16,1.0,0,DEC,0,0.022309357,0,TRUE_NEGATIVE
Matathwada,2009,11.0,3,63.3,282.2000000000001,652.0999999999999,660.6000000000001,22.07350427350428,41.22649572649573,186.7691473708666,0.0,0,1.1958681657689867,0,2009-11-01,59.0,159.9,167.6,386.5000000000001,595.8,597.6000000000001,-108.6,-0.5000000000000004,0.8660254037844384,0,NOV,0,0.02224106,0,TRUE_NEGATIVE
Bihar,2009,10.0,3,72.6,499.1000000000004,878.8999999999995,883.7,62.94444444444444,9.655555555555551,15.339805825242712,0.0,0,0.1699507990759655,0,2009-10-01,127.6,298.9,213.6,640.1000000000004,809.1999999999995,832.5,-86.0,-0.8660254037844386,0.5000000000000001,0,OCT,0,0.022132872,0,TRUE_NEGATIVE
Chhattisgarh,2009,10.0,3,43.6,395.4000000000005,906.8999999999996,913.5,63.78034188034188,-20.18034188034188,-31.640378971630728,20.18034188034188,0,-0.4112939334224907,0,2009-10-01,104.7,247.1,455.0,806.8000000000005,865.1999999999998,880.5999999999999,-350.3,-0.8660254037844386,0.5000000000000001,0,OCT,0,0.022101615,0,TRUE_NEGATIVE
Gujarat Region,2011,2.0,0,0.2,0.4000000000002274,270.19999999999976,1088.6999999999996,1.170940170940171,-0.970940170940171,-82.91970802919708,0.970940170940171,0,-0.3406715063765623,0,2011-02-01,0.0,0.2,41.0,41.20000000000023,700.9999999999998,1088.4999999999995,-41.0,0.8660254037844386,0.5000000000000001,0,FEB,0,0.02205098,0,TRUE_NEGATIVE
East Uttar Pradesh,2009,10.0,3,80.9,397.5000000000002,599.5999999999999,602.7000000000002,42.43418803418803,38.46581196581197,90.64816306799874,0.0,0,0.7693245384522958,0,2009-10-01,139.6,177.0,149.4,466.0000000000002,519.3,532.1000000000001,-9.800000000000011,-0.8660254037844386,0.5000000000000001,0,OCT,0,0.022042608,0,TRUE_NEGATIVE
Gujarat Region,2002,2.0,0,0.0,4.100000000000227,50.99999999999977,846.9999999999997,1.170940170940171,-1.170940170940171,-100.0,1.170940170940171,0,-0.4108450384999035,0,2002-02-01,4.1,0.0,0.2,4.300000000000227,307.7999999999998,846.9999999999997,3.9,0.8660254037844386,0.5000000000000001,0,FEB,0,0.022040227,0,TRUE_NEGATIVE
Haryana Delhi & Chandigarh,2015,11.0,3,2.3,38.10000000000003,301.3,444.8999999999999,3.223931623931624,-0.9239316239316242,-28.658536585365862,0.9239316239316242,0,-0.1260781093066192,0,2015-11-01,3.7,32.1,89.2,125.00000000000004,307.40000000000003,442.79999999999984,-85.5,-0.5000000000000004,0.8660254037844384,0,NOV,0,0.02201541,0,TRUE_NEGATIVE
Tamil Nadu,2008,12.0,3,50.1,591.2999999999998,861.6,1203.4,81.14615384615385,-31.04615384615385,-38.25955066830979,31.04615384615385,0,-0.4743293159121562,0,2008-12-01,298.5,242.7,70.7,611.8999999999999,862.5999999999999,1373.1999999999998,227.8,-2.4492935982947064e-16,1.0,0,DEC,0,0.022011766,0,TRUE_NEGATIVE
Himachal Pradesh,2011,10.0,3,6.0,506.4999999999999,847.6000000000001,1169.9,30.791452991452992,-24.791452991452992,-80.51407316937768,24.791452991452992,0,-0.4978536455516552,0,2011-10-01,120.3,380.2,177.7,678.1999999999998,904.0,1194.4,-57.39999999999999,-0.8660254037844386,0.5000000000000001,0,OCT,0,0.022003246,0,TRUE_NEGATIVE
Saurashtra & Kutch,2005,2.0,0,0.0,0.0,55.80000000000023,482.1,1.588034188034188,-1.588034188034188,-100.0,1.588034188034188,0,-0.3746404279887505,0,2005-02-01,0.0,0.0,0.0,0.0,283.5000000000002,482.1,0.0,0.8660254037844386,0.5000000000000001,0,FEB,0,0.02196579,0,TRUE_NEGATIVE
Chhattisgarh,2001,11.0,3,4.6,199.90000000000057,1550.1999999999998,1600.1999999999998,11.572649572649572,-6.972649572649573,-60.25110782865583,6.972649572649573,0,-0.3563310980677442,0,2001-11-01,86.9,108.4,380.3,575.6000000000006,1562.1999999999998,1595.8,-293.4,-0.5000000000000004,0.8660254037844384,0,NOV,0,0.021918707,0,TRUE_NEGATIVE
East Rajasthan,2000,12.0,3,0.1,0.5000000000000568,395.3,440.10000000000014,3.617948717948718,-3.517948717948718,-97.23600283486888,3.517948717948718,0,-0.5250179588425661,0,2000-12-01,0.0,0.4,28.7,29.10000000000005,415.4,440.1000000000002,-28.7,-2.4492935982947064e-16,1.0,0,DEC,0,0.021915838,0,TRUE_NEGATIVE
West Rajasthan,2011,2.0,0,11.8,17.0,134.5000000000002,481.50000000000006,4.862393162393162,6.937606837606839,142.67885392863425,0.0,0,0.8884758225276089,0,2011-02-01,0.0,5.2,20.1,25.3,286.1000000000002,471.4,-20.1,0.8660254037844386,0.5000000000000001,0,FEB,0,0.021909054,0,TRUE_NEGATIVE
Gangetic West Bengal,2014,10.0,3,56.9,579.0000000000003,1195.6999999999998,1260.6,116.28888888888888,-59.38888888888888,-51.0701318555322,59.38888888888888,0,-0.7715772479299525,0,2014-10-01,229.5,292.6,298.7,820.8000000000004,1140.6999999999998,1556.9,-69.19999999999999,-0.8660254037844386,0.5000000000000001,0,OCT,0,0.021904837,0,TRUE_NEGATIVE
Madhya Maharashtra,2010,10.0,3,77.1,475.9,947.7999999999996,1079.6,70.49230769230769,6.607692307692304,9.373635966826708,0.0,0,0.1397579559725321,0,2010-10-01,165.6,233.2,280.9,679.6999999999999,872.9999999999997,1098.7,-115.29999999999998,-0.8660254037844386,0.5000000000000001,0,OCT,0,0.021897366,0,TRUE_NEGATIVE
Gujarat Region,2009,2.0,0,0.0,2.300000000000227,218.29999999999976,911.0999999999996,1.170940170940171,-1.170940170940171,-100.0,1.170940170940171,0,-0.4108450384999035,0,2009-02-01,0.0,2.3,0.1,2.4000000000002277,587.7999999999997,911.0999999999996,-0.1,0.8660254037844386,0.5000000000000001,0,FEB,0,0.021893976,0,TRUE_NEGATIVE
Coastal Andhra Pradesh,2004,1.0,0,24.0,136.59999999999988,677.4000000000003,1114.8,7.377777777777778,16.62222222222222,225.30120481927707,0.0,0,1.4512972779807571,0,2004-01-01,101.1,11.5,252.3,364.8999999999999,895.1000000000004,1097.0,-151.20000000000002,0.4999999999999999,0.8660254037844387,0,JAN,0,0.021841384,0,TRUE_NEGATIVE
Vidarbha,2010,12.0,3,3.2,91.19999999999956,1167.7000000000005,1338.1,7.792307692307693,-4.592307692307693,-58.93385982230998,4.592307692307693,0,-0.2574146300993319,0,2010-12-01,37.0,51.0,238.0,325.99999999999955,1309.3000000000004,1336.1,-201.0,-2.4492935982947064e-16,1.0,0,DEC,0,0.021840503,0,TRUE_NEGATIVE
Gujarat Region,2015,1.0,0,1.8,3.1000000000002843,380.0999999999997,701.7999999999996,1.7555555555555555,0.0444444444444445,2.531645569620257,0.0,0,0.0094021003513613,0,2015-01-01,0.0,1.3,3.3,4.600000000000284,685.7999999999997,705.6999999999997,-3.3,0.4999999999999999,0.8660254037844387,0,JAN,0,0.021834051,0,TRUE_NEGATIVE
Konkan & Goa,2014,12.0,3,11.7,118.40000000000046,2489.1000000000013,2757.7,4.653846153846154,7.046153846153845,151.4049586776859,0.0,0,0.496444399422889,0,2014-12-01,8.0,98.7,419.5,526.2000000000005,2715.600000000001,2747.499999999999,-411.5,-2.4492935982947064e-16,1.0,0,DEC,0,0.0218293,0,TRUE_NEGATIVE
South Interior Karnataka,2002,12.0,3,0.6,187.80000000000004,510.4,755.8000000000001,11.651282051282053,-11.051282051282053,-94.85035211267606,11.051282051282053,0,-0.697991588982436,0,2002-12-01,18.8,168.4,74.9,262.1,641.6999999999999,757.3000000000001,-56.10000000000001,-2.4492935982947064e-16,1.0,0,DEC,0,0.021828797,0,TRUE_NEGATIVE
Saurashtra & Kutch,2008,1.0,0,0.1,1.2999999999999432,565.4000000000002,890.8999999999999,1.1205128205128203,-1.0205128205128204,-91.07551487414187,1.0205128205128204,0,-0.4327097249363078,0,2008-01-01,0.0,1.2,1.7,2.899999999999943,774.5000000000002,890.8,-1.7,0.4999999999999999,0.8660254037844387,0,JAN,0,0.021806937,0,TRUE_NEGATIVE
East Uttar Pradesh,2005,10.0,3,25.2,372.20000000000016,727.9999999999999,767.4000000000001,42.43418803418803,-17.234188034188033,-40.61392201095714,17.234188034188033,0,-0.3446874790212663,0,2005-10-01,119.7,227.3,290.3,637.3000000000002,703.7,775.2000000000002,-170.60000000000002,-0.8660254037844386,0.5000000000000001,0,OCT,0,0.021793077,0,TRUE_NEGATIVE
Saurashtra & Kutch,2001,3.0,1,0.0,0.0,2.300000000000228,285.99999999999994,1.276923076923077,-1.276923076923077,-100.0,1.276923076923077,0,-0.2262333753033426,0,2001-03-01,0.0,0.0,0.1,0.0999999999998863,6.800000000000227,285.99999999999994,-0.1,1.0,6.123233995736766e-17,0,MAR,0,0.02179173,0,TRUE_NEGATIVE
Gujarat Region,2012,2.0,0,0.0,0.1000000000002273,162.99999999999977,890.1999999999997,1.170940170940171,-1.170940170940171,-100.0,1.170940170940171,0,-0.4108450384999035,0,2012-02-01,0.1,0.0,0.0,0.1000000000002273,614.6999999999998,890.3999999999997,0.1,0.8660254037844386,0.5000000000000001,0,FEB,0,0.021788467,0,TRUE_NEGATIVE
Uttarakhand,2007,11.0,3,7.8,358.4999999999999,1524.0999999999992,1934.7,8.04957264957265,-0.2495726495726495,-3.1004459545551075,0.2495726495726495,0,-0.0197316769930559,0,2007-11-01,25.1,325.6,502.8,853.4999999999999,1595.0999999999992,1933.7,-477.7,-0.5000000000000004,0.8660254037844384,0,NOV,0,0.02178735,0,TRUE_NEGATIVE
East Madhya Pradesh,2016,12.0,3,0.0,28.99999999999943,1183.1000000000008,1340.0000000000002,8.260683760683762,-8.260683760683762,-100.0,8.260683760683762,0,-0.5102280752369608,0,2016-12-01,0.0,29.0,139.6,168.59999999999943,1282.1000000000008,1340.9000000000003,-139.6,-2.4492935982947064e-16,1.0,0,DEC,0,0.02166092,0,TRUE_NEGATIVE
Gujarat Region,2006,1.0,0,0.0,0.0,569.9999999999998,1316.2999999999995,1.7555555555555555,-1.7555555555555555,-100.0,1.7555555555555555,0,-0.3713829638787719,0,2006-01-01,0.0,0.0,1.4,1.4000000000002273,948.6999999999996,1316.2999999999995,-1.4,0.4999999999999999,0.8660254037844387,0,JAN,0,0.021625409,0,TRUE_NEGATIVE
Telangana,2012,11.0,3,38.7,324.70000000000016,979.2999999999996,1008.6,19.92478632478632,18.77521367521368,94.2304392587509,0.0,0,0.7170867791145352,0,2012-11-01,83.6,202.4,229.9,515.9000000000001,948.9999999999995,974.1,-146.3,-0.5000000000000004,0.8660254037844384,0,NOV,0,0.021601316,0,TRUE_NEGATIVE
East Madhya Pradesh,2013,12.0,3,1.0,125.69999999999943,1140.7000000000007,1521.9,8.260683760683762,-7.2606837606837615,-87.89446456285567,7.2606837606837615,0,-0.4484622347788911,0,2013-12-01,0.5,124.2,78.0,202.69999999999945,1451.6000000000006,1523.6,-77.5,-2.4492935982947064e-16,1.0,0,DEC,0,0.021581355,0,TRUE_NEGATIVE
Vidarbha,2009,10.0,3,41.9,307.5999999999996,702.4000000000004,708.8000000000001,52.3897435897436,-10.489743589743597,-20.022513703993745,10.489743589743597,0,-0.2234867630362683,0,2009-10-01,90.3,175.4,310.8,576.4999999999995,662.9000000000004,689.3000000000002,-220.5,-0.8660254037844386,0.5000000000000001,0,OCT,0,0.021533685,0,TRUE_NEGATIVE
Jharkhand,2015,10.0,3,22.7,348.4999999999998,987.0,1080.1,79.92136752136751,-57.22136752136751,-71.59708260255806,57.22136752136751,0,-0.881701071319834,0,2015-10-01,85.1,240.7,429.7,755.4999999999998,1019.8000000000002,1102.3,-344.6,-0.8660254037844386,0.5000000000000001,0,OCT,0,0.021502081,0,TRUE_NEGATIVE
Vidarbha,2001,11.0,3,4.7,171.2999999999996,1071.7,1122.6,15.311111111111112,-10.61111111111111,-69.3033381712627,10.61111111111111,0,-0.4317593236834873,0,2001-11-01,129.2,37.4,359.8,526.3999999999996,1074.9000000000003,1117.9,-230.6,-0.5000000000000004,0.8660254037844384,0,NOV,0,0.021423442,0,TRUE_NEGATIVE
Gujarat Region,2011,10.0,3,0.4,614.6000000000003,890.0999999999998,931.4999999999995,20.91794871794872,-20.51794871794872,-98.08776660946312,20.51794871794872,0,-0.5938319852959351,0,2011-10-01,162.5,451.7,259.2,873.4000000000003,889.6999999999998,943.2999999999996,-96.7,-0.8660254037844386,0.5000000000000001,0,OCT,0,0.021418693,0,TRUE_NEGATIVE
Coastal Andhra Pradesh,2005,11.0,3,56.2,752.3,1097.8000000000004,1217.6,77.08290598290598,-20.88290598290598,-27.09148768669542,20.88290598290598,0,-0.2757814297019307,0,2005-11-01,298.0,398.1,105.9,801.9999999999999,1090.0000000000005,1170.8,192.1,-0.5000000000000004,0.8660254037844384,0,NOV,0,0.021372179,0,TRUE_NEGATIVE
Uttarakhand,2005,10.0,3,14.1,601.1999999999998,1127.3999999999992,1348.2,38.53846153846154,-24.43846153846154,-63.41317365269461,24.43846153846154,0,-0.4259430615508319,0,2005-10-01,337.9,249.2,400.1,987.1999999999998,1126.0999999999992,1404.8,-62.200000000000045,-0.8660254037844386,0.5000000000000001,0,OCT,0,0.021336373,0,TRUE_NEGATIVE
Telangana,2007,10.0,3,40.8,509.7000000000001,830.0999999999996,865.0,74.53931623931624,-33.73931623931624,-45.26378553164165,33.73931623931624,0,-0.5672025967997548,0,2007-10-01,262.3,206.6,134.6,603.5000000000001,789.3999999999996,852.3,127.70000000000002,-0.8660254037844386,0.5000000000000001,0,OCT,0,0.021329882,0,TRUE_NEGATIVE
Punjab,2001,2.0,0,2.1,12.299999999999889,54.99999999999997,363.4000000000001,26.405982905982903,-24.305982905982905,-92.047256837676,24.305982905982905,0,-1.0364420623624746,0,2001-02-01,8.0,2.2,0.7,10.899999999999888,122.89999999999998,387.9000000000001,7.3,0.8660254037844386,0.5000000000000001,0,FEB,0,0.021315569,0,TRUE_NEGATIVE
Gujarat Region,2005,1.0,0,0.0,0.0,627.6999999999998,1005.7999999999996,1.7555555555555555,-1.7555555555555555,-100.0,1.7555555555555555,0,-0.3713829638787719,0,2005-01-01,0.0,0.0,22.2,22.200000000000227,865.8999999999999,1005.7999999999996,-22.2,0.4999999999999999,0.8660254037844387,0,JAN,0,0.021309407,0,TRUE_NEGATIVE
Vidarbha,2013,12.0,3,0.0,133.49999999999957,1126.8000000000004,1520.2,7.792307692307693,-7.792307692307693,-100.0,7.792307692307693,0,-0.4367856286275096,0,2013-12-01,0.0,133.5,131.7,265.19999999999953,1493.5000000000005,1520.2,-131.7,-2.4492935982947064e-16,1.0,0,DEC,0,0.021279583,0,TRUE_NEGATIVE
Bihar,2016,10.0,3,60.8,569.5000000000003,1138.5999999999997,1158.0,62.94444444444444,-2.1444444444444457,-3.406884377758166,2.1444444444444457,0,-0.037745114179127,0,2016-10-01,357.9,150.8,356.4,865.1000000000004,1081.6999999999996,1107.6,1.5,-0.8660254037844386,0.5000000000000001,0,OCT,0,0.021237127,0,TRUE_NEGATIVE
Jharkhand,2002,10.0,3,55.0,585.8,996.2000000000002,1033.0,79.92136752136751,-24.921367521367515,-31.182358728664923,24.921367521367515,0,-0.3840033434038405,0,2002-10-01,253.4,277.4,186.8,717.5999999999999,952.7000000000002,1093.5,66.6,-0.8660254037844386,0.5000000000000001,0,OCT,0,0.021235356,0,TRUE_NEGATIVE
Uttarakhand,2003,11.0,3,4.8,246.4999999999999,1323.1999999999991,1715.0,8.04957264957265,-3.2495726495726496,-40.36950520280315,3.2495726495726496,0,-0.2569172463273932,0,2003-11-01,1.8,239.9,416.2,657.8999999999999,1385.499999999999,1713.2,-414.4,-0.5000000000000004,0.8660254037844384,0,NOV,0,0.021233642,0,TRUE_NEGATIVE
West Rajasthan,2003,1.0,0,2.5,10.999999999999972,48.90000000000023,94.40000000000003,3.323076923076924,-0.8230769230769233,-24.768518518518523,0.8230769230769233,0,-0.1817250984692253,0,2003-01-01,6.0,2.5,0.1,8.599999999999971,48.80000000000023,92.20000000000006,5.9,0.4999999999999999,0.8660254037844387,0,JAN,0,0.021172766,0,TRUE_NEGATIVE
East Uttar Pradesh,2012,10.0,3,0.7,321.10000000000025,574.0,601.7,42.43418803418803,-41.73418803418803,-98.35038672252658,41.73418803418803,0,-0.8346927649836049,0,2012-10-01,164.4,156.0,234.2,554.6000000000003,576.0999999999999,601.6000000000001,-69.79999999999998,-0.8660254037844386,0.5000000000000001,0,OCT,0,0.021100327,0,TRUE_NEGATIVE
Gangetic West Bengal,2012,10.0,3,64.2,572.5000000000002,1078.3,1199.1,116.28888888888888,-52.08888888888888,-44.79266195299063,52.08888888888888,0,-0.6767360408410883,0,2012-10-01,246.9,261.4,315.0,823.3000000000002,1071.8,1171.8,-68.1,-0.8660254037844386,0.5000000000000001,0,OCT,0,0.021054283,0,TRUE_NEGATIVE
East Madhya Pradesh,2002,10.0,3,43.1,726.9999999999994,910.4000000000008,944.2000000000002,39.41623931623931,3.683760683760688,9.345794392523375,0.0,0,0.089130109400574,0,2002-10-01,192.1,491.8,84.7,768.5999999999995,867.5000000000006,1011.1000000000004,107.4,-0.8660254037844386,0.5000000000000001,0,OCT,0,0.021050638,0,TRUE_NEGATIVE
Haryana Delhi & Chandigarh,2009,12.0,3,0.4,4.0,335.0,395.2999999999998,7.107692307692308,-6.707692307692308,-94.37229437229436,6.707692307692308,0,-0.6243008852263303,0,2009-12-01,1.1,2.5,160.8,164.4,349.80000000000007,395.0999999999999,-159.70000000000002,-2.4492935982947064e-16,1.0,0,DEC,0,0.020998228,0,TRUE_NEGATIVE
Bihar,2008,10.0,3,21.4,416.6000000000005,1153.8999999999996,1214.1,62.94444444444444,-41.54444444444445,-66.0017652250662,41.54444444444445,0,-0.7312382482681652,0,2008-10-01,117.1,278.1,397.2,792.4000000000004,1142.8999999999994,1232.3,-280.1,-0.8660254037844386,0.5000000000000001,0,OCT,0,0.020969825,0,TRUE_NEGATIVE
Chhattisgarh,2009,11.0,3,42.5,190.80000000000047,938.1999999999998,954.8,11.572649572649572,30.927350427350422,267.24519940915803,0.0,0,1.5805149281173478,0,2009-11-01,43.6,104.7,247.1,395.4000000000005,906.8999999999996,913.5,-203.5,-0.5000000000000004,0.8660254037844384,0,NOV,0,0.02095748,0,TRUE_NEGATIVE
Sub Himalayan West Bengal & Sikkim,2001,12.0,3,5.9,325.3000000000015,1583.7000000000007,2612.6000000000004,5.967521367521368,-0.0675213675213672,-1.1314809510168966,0.0675213675213672,0,-0.0071005242850997,0,2001-12-01,36.6,282.8,434.9,754.3000000000014,2050.0000000000005,2607.9,-398.3,-2.4492935982947064e-16,1.0,0,DEC,0,0.020910328,0,TRUE_NEGATIVE
East Madhya Pradesh,2010,10.0,3,23.6,508.8999999999994,932.3000000000006,1044.6,39.41623931623931,-15.816239316239312,-40.126200750265625,15.816239316239312,0,-0.3826804349089604,0,2010-10-01,213.4,271.9,363.3,848.5999999999995,909.4000000000008,1089.9,-149.9,-0.8660254037844386,0.5000000000000001,0,OCT,0,0.02089371,0,TRUE_NEGATIVE
West Rajasthan,2009,2.0,0,2.8,14.0,37.8000000000002,328.00000000000006,4.862393162393162,-2.062393162393162,-42.41518720337493,2.062393162393162,0,-0.2641237107008894,0,2009-02-01,2.9,8.3,0.4,11.6,168.3000000000002,325.4000000000001,2.5,0.8660254037844386,0.5000000000000001,0,FEB,0,0.020871213,0,TRUE_NEGATIVE
Vidarbha,2011,10.0,3,4.7,498.4999999999996,884.1000000000004,933.3000000000002,52.3897435897436,-47.68974358974359,-91.02877838684417,47.68974358974359,0,-1.0160426071159985,0,2011-10-01,191.0,302.8,247.1,740.8999999999996,887.1000000000004,979.6,-56.1,-0.8660254037844386,0.5000000000000001,0,OCT,0,0.020838633,0,TRUE_NEGATIVE
Vidarbha,2010,11.0,3,37.0,325.99999999999955,1309.3000000000004,1336.1,15.311111111111112,21.68888888888889,141.6545718432511,0.0,0,0.882507015528971,0,2010-11-01,51.0,238.0,384.0,672.9999999999995,1274.2000000000005,1362.9,-333.0,-0.5000000000000004,0.8660254037844384,0,NOV,0,0.02083643,0,TRUE_NEGATIVE
East Uttar Pradesh,2007,12.0,3,1.1,15.70000000000017,572.8,741.3000000000002,5.677777777777777,-4.5777777777777775,-80.62622309197653,4.5777777777777775,0,-0.5421865548324418,0,2007-12-01,0.0,14.6,111.5,126.10000000000016,636.2,741.7000000000002,-111.5,-2.4492935982947064e-16,1.0,0,DEC,0,0.0208335,0,TRUE_NEGATIVE
Haryana Delhi & Chandigarh,2015,1.0,0,12.4,22.200000000000028,134.79999999999998,304.8999999999998,16.89316239316239,-4.493162393162391,-26.59752087022514,4.493162393162391,0,-0.2890756035049166,0,2015-01-01,9.6,0.2,10.5,20.300000000000026,194.7,305.49999999999983,-0.9000000000000004,0.4999999999999999,0.8660254037844387,0,JAN,0,0.020832067,0,TRUE_NEGATIVE
Uttarakhand,2014,10.0,3,40.8,412.8999999999999,991.3999999999992,1250.1999999999998,38.53846153846154,2.261538461538457,5.86826347305388,0.0,0,0.039416827225667,0,2014-10-01,107.9,264.2,462.7,834.8,988.199999999999,1238.5,-354.79999999999995,-0.8660254037844386,0.5000000000000001,0,OCT,0,0.02082961,0,TRUE_NEGATIVE
Bihar,2015,10.0,3,10.4,399.1000000000004,792.1999999999995,873.9,62.94444444444444,-52.54444444444445,-83.477493380406,52.54444444444445,0,-0.9248530826585056,0,2015-10-01,101.7,287.0,231.5,620.2000000000004,820.4999999999994,911.3,-129.8,-0.8660254037844386,0.5000000000000001,0,OCT,0,0.020812208,0,TRUE_NEGATIVE
Uttarakhand,2012,10.0,3,4.7,644.7999999999998,1086.999999999999,1208.5,38.53846153846154,-33.83846153846154,-87.80439121756486,33.83846153846154,0,-0.5897776291350676,0,2012-10-01,220.6,419.5,387.1,1027.1999999999998,1121.499999999999,1207.2,-166.50000000000003,-0.8660254037844386,0.5000000000000001,0,OCT,0,0.020796351,0,TRUE_NEGATIVE
Haryana Delhi & Chandigarh,2015,10.0,3,3.7,125.00000000000004,307.40000000000003,442.79999999999984,12.64871794871795,-8.948717948717949,-70.74802351510236,8.948717948717949,0,-0.3761319231360042,0,2015-10-01,32.1,89.2,130.3,251.60000000000005,338.5,449.5999999999999,-98.20000000000002,-0.8660254037844386,0.5000000000000001,0,OCT,0,0.020796128,0,TRUE_NEGATIVE
Gangetic West Bengal,2007,12.0,3,0.0,80.40000000000023,1478.4,1941.5,5.712820512820513,-5.712820512820513,-100.0,5.712820512820513,0,-0.4711378253542245,0,2007-12-01,24.6,55.8,459.9,540.3000000000002,1704.7,1941.8,-435.3,-2.4492935982947064e-16,1.0,0,DEC,0,0.02076086,0,TRUE_NEGATIVE
Jharkhand,2006,10.0,3,24.6,660.4999999999999,1413.3000000000004,1459.3000000000002,79.92136752136751,-55.32136752136751,-69.21974590409377,55.32136752136751,0,-0.8524247343835991,0,2006-10-01,298.7,337.2,447.1,1083.0,1404.4000000000003,1517.8,-148.40000000000003,-0.8660254037844386,0.5000000000000001,0,OCT,0,0.020748436,0,TRUE_NEGATIVE
East Madhya Pradesh,2016,11.0,3,0.0,168.59999999999943,1282.1000000000008,1340.9000000000003,12.494017094017094,-12.494017094017094,-100.0,12.494017094017094,0,-0.5383956032990505,0,2016-11-01,29.0,139.6,462.3,630.8999999999994,1300.000000000001,1342.1000000000004,-433.3,-0.5000000000000004,0.8660254037844384,0,NOV,0,0.020744493,0,TRUE_NEGATIVE
East Madhya Pradesh,2000,12.0,3,0.0,1.7999999999994885,699.1000000000007,874.3000000000002,8.260683760683762,-8.260683760683762,-100.0,8.260683760683762,0,-0.5102280752369608,0,2000-12-01,0.0,1.8,111.4,113.19999999999948,866.6000000000007,874.3000000000002,-111.4,-2.4492935982947064e-16,1.0,0,DEC,0,0.020731581,0,TRUE_NEGATIVE
East Madhya Pradesh,2011,10.0,3,1.1,604.4999999999993,1265.3000000000006,1289.4,39.41623931623931,-38.31623931623931,-97.20927206886832,38.31623931623931,0,-0.927077216804577,0,2011-10-01,276.5,326.9,323.6,926.9999999999995,1271.3000000000006,1311.9000000000003,-47.10000000000002,-0.8660254037844386,0.5000000000000001,0,OCT,0,0.020673575,0,TRUE_NEGATIVE
East Uttar Pradesh,2011,10.0,3,0.6,379.10000000000025,773.0,785.8000000000002,42.43418803418803,-41.83418803418803,-98.58604576216564,41.83418803418803,0,-0.8366927865589614,0,2011-10-01,146.4,232.1,197.9,576.4000000000002,775.3,800.7000000000002,-51.5,-0.8660254037844386,0.5000000000000001,0,OCT,0,0.02066374,0,TRUE_NEGATIVE
East Rajasthan,2003,2.0,0,21.4,30.0,72.8,298.20000000000016,5.328205128205128,16.07179487179487,301.6361886429259,0.0,0,2.1611773645828785,0,2003-02-01,4.1,4.5,0.8,9.4,182.0,287.8000000000002,3.3,0.8660254037844386,0.5000000000000001,0,FEB,0,0.020648733,0,TRUE_NEGATIVE
Punjab,2001,12.0,3,3.8,6.199999999999914,269.5,441.00000000000006,12.638461538461538,-8.838461538461537,-69.93304930006086,8.838461538461537,0,-0.5747529829109415,0,2001-12-01,0.9,1.5,19.9,22.299999999999912,359.5,439.4,-19.0,-2.4492935982947064e-16,1.0,0,DEC,0,0.020643573,0,TRUE_NEGATIVE
Chhattisgarh,2011,10.0,3,15.5,777.5000000000005,1250.4,1347.6,63.78034188034188,-48.28034188034188,-75.69784114817148,48.28034188034188,0,-0.9839977854038228,0,2011-10-01,382.2,379.8,272.6,1034.6000000000006,1269.9,1386.4,109.59999999999997,-0.8660254037844386,0.5000000000000001,0,OCT,0,0.020640157,0,TRUE_NEGATIVE
Gujarat Region,2009,1.0,0,0.0,2.400000000000228,587.7999999999997,911.0999999999996,1.7555555555555555,-1.7555555555555555,-100.0,1.7555555555555555,0,-0.3713829638787719,0,2009-01-01,2.3,0.1,11.6,14.000000000000227,849.6999999999997,911.0999999999996,-9.3,0.4999999999999999,0.8660254037844387,0,JAN,0,0.020612163,0,TRUE_NEGATIVE
East Uttar Pradesh,2000,10.0,3,1.3,428.7000000000002,907.3,931.6,42.43418803418803,-41.13418803418804,-96.93643248469223,41.13418803418804,0,-0.8226926355314661,0,2000-10-01,222.7,204.7,240.9,668.3000000000002,916.5,1001.3,-18.200000000000017,-0.8660254037844386,0.5000000000000001,0,OCT,0,0.02058919,0,TRUE_NEGATIVE
Haryana Delhi & Chandigarh,2011,11.0,3,0.0,133.1,439.8,524.4999999999998,3.223931623931624,-3.223931623931624,-100.0,3.223931623931624,0,-0.4399321260911818,0,2011-11-01,0.0,133.1,127.3,260.4,468.5,527.9999999999998,-127.3,-0.5000000000000004,0.8660254037844384,0,NOV,0,0.020581739,0,TRUE_NEGATIVE
Punjab,2016,12.0,3,1.1,3.499999999999829,318.8,444.1000000000001,12.638461538461538,-11.538461538461538,-91.29640900791236,11.538461538461538,0,-0.7503302648967904,0,2016-12-01,0.5,1.9,17.4,19.799999999999827,370.3,443.7000000000001,-16.9,-2.4492935982947064e-16,1.0,0,DEC,0,0.020565592,0,TRUE_NEGATIVE
Jharkhand,2014,10.0,3,44.9,513.9999999999998,1073.2,1155.4,79.92136752136751,-35.02136752136752,-43.81978012576464,35.02136752136752,0,-0.5396301871175103,0,2014-10-01,178.2,290.9,321.3,790.3999999999999,1030.2000000000005,1391.6,-143.10000000000002,-0.8660254037844386,0.5000000000000001,0,OCT,0,0.020484908,0,TRUE_NEGATIVE
Matathwada,2015,2.0,0,1.6,15.000000000000169,133.59999999999988,545.8000000000002,4.394017094017094,-2.7940170940170943,-63.58685080723595,2.7940170940170943,0,-0.3225706978220699,0,2015-02-01,10.1,3.3,19.9,33.30000000000017,310.89999999999986,557.6000000000001,-9.8,0.8660254037844386,0.5000000000000001,0,FEB,0,0.020475352,0,TRUE_NEGATIVE
Gujarat Region,2010,10.0,3,12.2,659.8000000000002,1047.2999999999995,1055.5999999999997,20.91794871794872,-8.717948717948719,-41.67688158862467,8.717948717948719,0,-0.2523155148720544,0,2010-10-01,216.6,431.0,328.2,975.8000000000004,1035.0999999999997,1070.7999999999995,-111.6,-0.8660254037844386,0.5000000000000001,0,OCT,0,0.020469151,0,TRUE_NEGATIVE
Chhattisgarh,2005,11.0,3,1.6,325.60000000000053,1184.1,1286.4,11.572649572649572,-9.972649572649573,-86.17429837518465,9.972649572649573,0,-0.5096434484254032,0,2005-11-01,83.5,240.5,267.7,591.7000000000005,1198.8999999999996,1285.5,-184.2,-0.5000000000000004,0.8660254037844384,0,NOV,0,0.0204691,0,TRUE_NEGATIVE
Uttarakhand,2011,11.0,3,1.2,152.9999999999999,1333.0999999999992,1581.8,8.04957264957265,-6.849572649572649,-85.09237630070078,6.849572649572649,0,-0.541539929528598,0,2011-11-01,3.4,148.4,523.7,675.4999999999999,1416.0999999999992,1585.1,-520.3000000000001,-0.5000000000000004,0.8660254037844384,0,NOV,0,0.020441169,0,TRUE_NEGATIVE
Gujarat Region,2010,2.0,0,0.0,0.2000000000002273,90.59999999999977,641.6999999999997,1.170940170940171,-1.170940170940171,-100.0,1.170940170940171,0,-0.4108450384999035,0,2010-02-01,0.2,0.0,8.1,8.300000000000226,234.09999999999977,641.6999999999997,-7.899999999999999,0.8660254037844386,0.5000000000000001,0,FEB,0,0.020409694,0,TRUE_NEGATIVE
West Rajasthan,2007,2.0,0,34.9,37.39999999999997,74.4000000000002,396.2000000000001,4.862393162393162,30.03760683760684,617.753559500791,0.0,0,3.8468146244807535,0,2007-02-01,0.0,2.5,0.4,2.8999999999999715,243.10000000000025,361.30000000000007,-0.4,0.8660254037844386,0.5000000000000001,0,FEB,0,0.02038195,0,TRUE_NEGATIVE
Bihar,2014,10.0,3,47.8,515.7000000000004,1000.1999999999996,1060.2,62.94444444444444,-15.144444444444446,-24.060017652250664,15.144444444444446,0,-0.2665626457313477,0,2014-10-01,160.3,307.6,265.4,733.3000000000004,953.0999999999996,1209.5,-105.09999999999997,-0.8660254037844386,0.5000000000000001,0,OCT,0,0.020346975,0,TRUE_NEGATIVE
Gujarat Region,2000,3.0,1,0.0,0.1000000000002273,69.59999999999977,566.6999999999997,1.205128205128205,-1.205128205128205,-100.0,1.205128205128205,0,-0.2540128801891217,0,2000-03-01,0.1,0.0,0.0,0.1000000000002273,126.79999999999978,566.6999999999997,0.1,1.0,6.123233995736766e-17,0,MAR,0,0.020343037,0,TRUE_NEGATIVE
West Rajasthan,2004,2.0,0,0.0,2.499999999999972,16.60000000000023,346.80000000000007,4.862393162393162,-4.862393162393162,-100.0,4.862393162393162,0,-0.6227102321497555,0,2004-02-01,2.4,0.1,0.0,2.499999999999972,110.20000000000022,368.0000000000001,2.4,0.8660254037844386,0.5000000000000001,0,FEB,0,0.02028605,0,TRUE_NEGATIVE
East Uttar Pradesh,2000,12.0,3,0.2,19.60000000000023,687.9,946.9,5.677777777777777,-5.477777777777777,-96.4774951076321,5.477777777777777,0,-0.6487814843019267,0,2000-12-01,18.1,1.3,222.7,242.10000000000025,886.8,948.7,-204.6,-2.4492935982947064e-16,1.0,0,DEC,0,0.020248355,0,TRUE_NEGATIVE
Saurashtra & Kutch,2016,10.0,3,64.7,340.2999999999999,482.70000000000016,483.30000000000007,14.856410256410255,49.84358974358975,335.5022437003797,0.0,0,1.645838718378709,0,2016-10-01,59.6,216.0,110.0,385.5999999999999,418.00000000000017,421.9,-50.4,-0.8660254037844386,0.5000000000000001,0,OCT,0,0.020218268,0,TRUE_NEGATIVE
Haryana Delhi & Chandigarh,2006,11.0,3,1.2,54.90000000000003,267.6,325.7999999999998,3.223931623931624,-2.023931623931624,-62.77836691410392,2.023931623931624,0,-0.2761822042905404,0,2006-11-01,3.8,49.9,32.1,85.80000000000003,291.2,325.3999999999998,-28.3,-0.5000000000000004,0.8660254037844384,0,NOV,0,0.020216748,0,TRUE_NEGATIVE
West Madhya Pradesh,2016,10.0,3,40.6,536.1999999999997,1090.2,1099.3000000000002,28.069230769230767,12.530769230769234,44.64236777199234,0.0,0,0.3711628555586271,0,2016-10-01,100.8,394.8,432.9,928.4999999999995,1049.6,1069.7000000000005,-332.1,-0.8660254037844386,0.5000000000000001,0,OCT,0,0.020130603,0,TRUE_NEGATIVE
East Madhya Pradesh,2004,10.0,3,25.2,514.1999999999995,929.3000000000006,954.6000000000004,39.41623931623931,-14.216239316239314,-36.06696012316499,14.216239316239314,0,-0.3439677748630499,0,2004-10-01,119.9,369.1,203.1,692.0999999999996,905.8000000000006,949.9000000000004,-83.19999999999999,-0.8660254037844386,0.5000000000000001,0,OCT,0,0.020100223,0,TRUE_NEGATIVE
Gujarat Region,2005,10.0,3,1.4,570.0000000000001,1316.2999999999995,1316.2999999999995,20.91794871794872,-19.51794871794872,-93.30718313312089,19.51794871794872,0,-0.5648899115311994,0,2005-10-01,339.2,229.4,378.7,947.3000000000002,1314.8999999999996,1337.0999999999997,-39.5,-0.8660254037844386,0.5000000000000001,0,OCT,0,0.020096306,0,TRUE_NEGATIVE
Tamil Nadu,2004,12.0,3,25.0,500.6,892.6,1037.6,81.14615384615385,-56.14615384615385,-69.19139254905679,56.14615384615385,0,-0.8578121102187385,0,2004-12-01,204.5,271.1,208.3,683.9,888.8000000000001,1019.7,-3.8000000000000114,-2.4492935982947064e-16,1.0,0,DEC,0,0.020074269,0,TRUE_NEGATIVE
East Madhya Pradesh,2000,11.0,3,0.0,113.19999999999948,866.6000000000007,874.3000000000002,12.494017094017094,-12.494017094017094,-100.0,12.494017094017094,0,-0.5383956032990505,0,2000-11-01,1.8,111.4,208.2,321.39999999999947,874.0000000000007,874.3000000000002,-206.4,-0.5000000000000004,0.8660254037844384,0,NOV,0,0.020064807,0,TRUE_NEGATIVE
Matathwada,2010,12.0,3,0.0,94.50000000000011,872.6999999999998,1011.7,7.202564102564103,-7.202564102564103,-100.0,7.202564102564103,0,-0.4429369375650455,0,2010-12-01,36.8,57.7,157.3,251.80000000000013,992.4,1020.1,-120.5,-2.4492935982947064e-16,1.0,0,DEC,0,0.020050032,0,TRUE_NEGATIVE
West Rajasthan,2000,2.0,0,0.5,0.9999999999999716,15.100000000000229,195.80000000000004,4.862393162393162,-4.362393162393162,-89.71699771488838,4.362393162393162,0,-0.5586769247481723,0,2000-02-01,0.5,0.0,0.0,0.4999999999999716,76.10000000000022,198.40000000000003,0.5,0.8660254037844386,0.5000000000000001,0,FEB,0,0.020021014,0,TRUE_NEGATIVE
East Madhya Pradesh,2013,11.0,3,0.5,202.69999999999945,1451.6000000000006,1523.6,12.494017094017094,-11.994017094017094,-95.99808455329048,11.994017094017094,0,-0.5168494664862208,0,2013-11-01,124.2,78.0,480.8,682.9999999999994,1451.4000000000008,1526.9,-356.6,-0.5000000000000004,0.8660254037844384,0,NOV,0,0.020009149,0,TRUE_NEGATIVE
East Rajasthan,2007,12.0,3,0.5,0.5,477.5,575.6000000000003,3.617948717948718,-3.117948717948718,-86.18001417434444,3.117948717948718,0,-0.4653220393240236,0,2007-12-01,0.0,0.0,86.1,86.1,540.0,575.6000000000003,-86.1,-2.4492935982947064e-16,1.0,0,DEC,0,0.019997349,0,TRUE_NEGATIVE
Coastal Andhra Pradesh,2000,12.0,3,12.4,92.59999999999988,661.1000000000003,992.3,11.550427350427348,0.8495726495726519,7.355335207932535,0.0,0,0.0358105614721478,0,2000-12-01,10.6,69.6,102.9,183.09999999999988,849.2000000000003,979.9,-92.3,-2.4492935982947064e-16,1.0,0,DEC,0,0.019996988,0,TRUE_NEGATIVE
Vidarbha,2012,11.0,3,7.3,291.5999999999996,1103.8000000000004,1107.8,15.311111111111112,-8.011111111111113,-52.32220609579101,8.011111111111113,0,-0.3259669867809365,0,2012-11-01,34.9,249.4,316.2,600.4999999999995,1096.7000000000005,1100.5,-281.3,-0.5000000000000004,0.8660254037844384,0,NOV,0,0.019968065,0,TRUE_NEGATIVE
East Madhya Pradesh,2005,12.0,3,4.4,31.99999999999943,1084.2000000000007,1366.4000000000003,8.260683760683762,-3.860683760683761,-46.73564407656493,3.860683760683761,0,-0.2384583772214539,0,2005-12-01,0.0,27.6,198.4,225.99999999999943,1243.7000000000007,1362.0000000000005,-198.4,-2.4492935982947064e-16,1.0,0,DEC,0,0.019940695,0,TRUE_NEGATIVE
East Rajasthan,2003,1.0,0,4.1,9.4,182.0,287.8000000000002,6.38974358974359,-2.2897435897435905,-35.8346709470305,2.2897435897435905,0,-0.2801756279531667,0,2003-01-01,4.5,0.8,0.8,6.1,191.4,285.3000000000002,3.7,0.4999999999999999,0.8660254037844387,0,JAN,0,0.019918624,0,TRUE_NEGATIVE
Vidarbha,2016,10.0,3,75.0,464.5999999999995,1132.7000000000005,1164.0,52.3897435897436,22.610256410256405,43.1577916992952,0.0,0,0.4817174960776852,0,2016-10-01,227.8,161.8,490.2,879.7999999999995,1062.8000000000004,1096.0,-262.4,-0.8660254037844386,0.5000000000000001,0,OCT,0,0.019917393,0,TRUE_NEGATIVE
West Uttar Pradesh,2006,12.0,3,1.0,18.399999999999885,403.79999999999984,529.1999999999998,7.006837606837607,-6.006837606837607,-85.72822639668212,6.006837606837607,0,-0.6159366647852558,0,2006-12-01,0.7,16.7,65.7,83.0999999999999,469.3999999999998,528.7999999999998,-65.0,-2.4492935982947064e-16,1.0,0,DEC,0,0.019886833,0,TRUE_NEGATIVE
Saurashtra & Kutch,2013,2.0,0,0.2,2.8999999999998862,233.80000000000013,325.69999999999993,1.588034188034188,-1.388034188034188,-87.40581270182992,1.388034188034188,0,-0.3274575107931813,0,2013-02-01,1.7,1.0,0.0,2.6999999999998865,268.1000000000002,325.49999999999994,1.7,0.8660254037844386,0.5000000000000001,0,FEB,0,0.019883009,0,TRUE_NEGATIVE
West Rajasthan,2014,2.0,0,2.2,3.0,72.80000000000022,362.1000000000001,4.862393162393162,-2.662393162393162,-54.75478994550888,2.662393162393162,0,-0.3409636795827893,0,2014-02-01,0.8,0.0,1.0,1.8,208.8000000000002,381.7000000000001,-0.1999999999999999,0.8660254037844386,0.5000000000000001,0,FEB,0,0.019878428,0,TRUE_NEGATIVE
East Rajasthan,2015,12.0,3,0.8,6.3,466.8,650.7000000000003,3.617948717948718,-2.8179487179487177,-77.8880226789511,2.8179487179487177,0,-0.4205500996851167,0,2015-12-01,0.5,5.0,20.1,25.6,562.4,651.0000000000003,-19.6,-2.4492935982947064e-16,1.0,0,DEC,0,0.019798685,0,TRUE_NEGATIVE
Chhattisgarh,2004,10.0,3,43.9,522.1000000000006,1065.0999999999997,1164.6,63.78034188034188,-19.88034188034188,-31.17001460675663,19.88034188034188,0,-0.4051796574226901,0,2004-10-01,126.5,351.7,323.1,801.3000000000006,1042.4,1278.2999999999995,-196.6,-0.8660254037844386,0.5000000000000001,0,OCT,0,0.019798309,0,TRUE_NEGATIVE
Saurashtra & Kutch,2015,2.0,0,0.0,0.8999999999998863,108.00000000000016,384.5,1.588034188034188,-1.588034188034188,-100.0,1.588034188034188,0,-0.3746404279887505,0,2015-02-01,0.9,0.0,2.7,3.5999999999998864,226.80000000000015,384.5,-1.8000000000000005,0.8660254037844386,0.5000000000000001,0,FEB,0,0.019785339,0,TRUE_NEGATIVE
Punjab,2014,10.0,3,6.0,153.69999999999982,271.4,380.80000000000007,13.616239316239316,-7.616239316239316,-55.93496955621116,7.616239316239316,0,-0.19288157799935,0,2014-10-01,105.8,41.9,76.3,223.99999999999983,289.9,391.0000000000001,29.5,-0.8660254037844386,0.5000000000000001,0,OCT,0,0.01977456,0,TRUE_NEGATIVE
East Rajasthan,2002,2.0,0,11.0,18.4,35.3,562.9000000000001,5.328205128205128,5.671794871794872,106.44850818094322,0.0,0,0.7626873532956809,0,2002-02-01,1.6,5.8,0.0,7.4,150.70000000000002,552.0000000000001,1.6,0.8660254037844386,0.5000000000000001,0,FEB,0,0.019763278,0,TRUE_NEGATIVE
East Rajasthan,2015,1.0,0,12.1,13.2,414.3,667.0000000000002,6.38974358974359,5.7102564102564095,89.36597110754413,0.0,0,0.6987134641116484,0,2015-01-01,1.1,0.0,3.2,4.300000000000001,599.3,683.3000000000002,-2.1,0.4999999999999999,0.8660254037844387,0,JAN,0,0.019665554,0,TRUE_NEGATIVE
Haryana Delhi & Chandigarh,2013,10.0,3,10.9,215.6,375.6,461.5999999999998,12.64871794871795,-1.7487179487179496,-13.825258463409696,1.7487179487179496,0,-0.0735019975870358,0,2013-10-01,42.8,161.9,96.5,301.2,368.0,453.0999999999999,-53.7,-0.8660254037844386,0.5000000000000001,0,OCT,0,0.019603895,0,TRUE_NEGATIVE
Haryana Delhi & Chandigarh,2004,11.0,3,0.0,76.2,401.5,496.9999999999998,3.223931623931624,-3.223931623931624,-100.0,3.223931623931624,0,-0.4399321260911818,0,2004-11-01,54.1,22.1,252.9,329.1,442.2,497.0999999999998,-198.8,-0.5000000000000004,0.8660254037844384,0,NOV,0,0.01956081,0,TRUE_NEGATIVE
West Uttar Pradesh,2007,12.0,3,1.4,3.1999999999998865,367.4999999999998,572.4999999999999,7.006837606837607,-5.606837606837607,-80.01951695535496,5.606837606837607,0,-0.5749209620078654,0,2007-12-01,0.0,1.8,57.0,58.79999999999988,454.49999999999983,572.0999999999998,-57.0,-2.4492935982947064e-16,1.0,0,DEC,0,0.01951716,0,TRUE_NEGATIVE
West Rajasthan,2010,2.0,0,1.7,3.6999999999999855,11.6000000000002,158.40000000000003,4.862393162393162,-3.162393162393162,-65.03779223062048,3.162393162393162,0,-0.4049969869843725,0,2010-02-01,1.9,0.1,0.1,2.099999999999986,37.0000000000002,159.50000000000006,1.7999999999999998,0.8660254037844386,0.5000000000000001,0,FEB,0,0.01949128,0,TRUE_NEGATIVE
Saurashtra & Kutch,2006,1.0,0,0.0,0.0,303.2000000000002,631.5,1.1205128205128203,-1.1205128205128203,-100.0,1.1205128205128203,0,-0.4751109291386094,0,2006-01-01,0.0,0.0,1.7,1.6999999999999147,429.9000000000002,631.5,-1.7,0.4999999999999999,0.8660254037844387,0,JAN,0,0.019438425,0,TRUE_NEGATIVE
West Rajasthan,2010,1.0,0,1.9,2.099999999999986,37.0000000000002,159.50000000000006,3.323076923076924,-1.4230769230769234,-42.82407407407408,1.4230769230769234,0,-0.3141976001570718,0,2010-01-01,0.1,0.1,0.3,0.4999999999999858,114.2000000000002,160.50000000000006,-0.1999999999999999,0.4999999999999999,0.8660254037844387,0,JAN,0,0.019416299,0,TRUE_NEGATIVE
Punjab,2006,12.0,3,6.7,44.69999999999992,476.5,647.7,12.638461538461538,-5.938461538461538,-46.98721850273888,5.938461538461538,0,-0.3861699763335481,0,2006-12-01,13.4,24.6,120.7,158.6999999999999,542.8,641.0000000000001,-107.3,-2.4492935982947064e-16,1.0,0,DEC,0,0.019406972,0,TRUE_NEGATIVE
Chhattisgarh,2008,10.0,3,10.7,531.2000000000005,1057.6,1109.9,63.78034188034188,-53.08034188034188,-83.22367098615709,53.08034188034188,0,-1.081826201400634,0,2008-10-01,215.4,305.1,280.5,801.0000000000006,1058.1,1167.0,-65.1,-0.8660254037844386,0.5000000000000001,0,OCT,0,0.019395083,0,TRUE_NEGATIVE
West Rajasthan,2013,2.0,0,21.8,31.0,124.90000000000023,357.20000000000005,4.862393162393162,16.93760683760684,348.33889963086665,0.0,0,2.1691419705592736,0,2013-02-01,8.6,0.6,0.0,9.2,269.8000000000002,335.4000000000001,8.6,0.8660254037844386,0.5000000000000001,0,FEB,0,0.019371105,0,TRUE_NEGATIVE
Vidarbha,2012,10.0,3,34.9,600.4999999999995,1096.7000000000005,1100.5,52.3897435897436,-17.489743589743597,-33.383907595927965,17.489743589743597,0,-0.3726236154168628,0,2012-10-01,249.4,316.2,370.5,936.0999999999996,1062.4000000000003,1070.3,-121.1,-0.8660254037844386,0.5000000000000001,0,OCT,0,0.019369286,0,TRUE_NEGATIVE
Coastal Andhra Pradesh,2013,11.0,3,53.1,596.5999999999999,1009.6000000000004,1117.6,77.08290598290598,-23.982905982905983,-31.113131604333216,23.982905982905983,0,-0.316720292941357,0,2013-11-01,411.5,132.0,123.1,666.5999999999999,984.7000000000004,1354.1999999999998,288.4,-0.5000000000000004,0.8660254037844384,0,NOV,0,0.019362105,0,TRUE_NEGATIVE
West Rajasthan,2011,12.0,3,0.0,0.1,371.7000000000002,418.7000000000001,1.8854700854700848,-1.8854700854700848,-100.0,1.8854700854700848,0,-0.4961488961238145,0,2011-12-01,0.0,0.1,116.3,116.4,396.1000000000002,423.9,-116.3,-2.4492935982947064e-16,1.0,0,DEC,0,0.019357795,0,TRUE_NEGATIVE
Vidarbha,2008,11.0,3,2.9,186.0999999999996,839.5000000000003,866.5000000000002,15.311111111111112,-12.411111111111111,-81.05950653120463,12.411111111111111,0,-0.5050001723083302,0,2008-11-01,22.4,160.8,254.0,437.19999999999953,839.5000000000003,866.1000000000003,-231.6,-0.5000000000000004,0.8660254037844384,0,NOV,0,0.019321386,0,TRUE_NEGATIVE
Vidarbha,2003,10.0,3,42.6,461.4999999999996,1005.7000000000002,1018.4,52.3897435897436,-9.789743589743594,-18.68637431480032,9.789743589743594,0,-0.2085730777982088,0,2003-10-01,138.0,280.9,401.0,819.8999999999994,965.8000000000002,1011.0,-263.0,-0.8660254037844386,0.5000000000000001,0,OCT,0,0.019318711,0,TRUE_NEGATIVE
East Madhya Pradesh,2004,12.0,3,0.0,29.29999999999949,721.4000000000007,955.3000000000002,8.260683760683762,-8.260683760683762,-100.0,8.260683760683762,0,-0.5102280752369608,0,2004-12-01,4.1,25.2,119.9,149.1999999999995,929.5000000000008,958.2000000000002,-115.8,-2.4492935982947064e-16,1.0,0,DEC,0,0.01929576,0,TRUE_NEGATIVE
Chhattisgarh,2015,10.0,3,17.7,521.2000000000005,1040.4,1119.2999999999995,63.78034188034188,-46.08034188034188,-72.24850247242807,46.08034188034188,0,-0.9391597614052842,0,2015-10-01,216.9,286.6,248.6,752.1000000000005,1059.7,1179.5,-31.69999999999999,-0.8660254037844386,0.5000000000000001,0,OCT,0,0.019225096,0,TRUE_NEGATIVE
Jharkhand,2008,12.0,3,0.0,34.999999999999886,876.3000000000003,1325.4,4.856410256410257,-4.856410256410257,-100.0,4.856410256410257,0,-0.5363958890242204,0,2008-12-01,1.0,34.0,152.9,187.8999999999999,1242.6000000000004,1325.4,-151.9,-2.4492935982947064e-16,1.0,0,DEC,0,0.01920384,0,TRUE_NEGATIVE
Orissa,2011,10.0,3,20.2,777.4999999999995,1262.8,1418.6,113.82649572649574,-93.62649572649572,-82.25369245440278,93.62649572649572,0,-1.2407955106354347,0,2011-10-01,398.7,358.6,199.6,956.8999999999996,1300.8,1531.4,199.1,-0.8660254037844386,0.5000000000000001,0,OCT,0,0.019191002,0,TRUE_NEGATIVE
Uttarakhand,2006,10.0,3,18.8,392.5999999999999,962.8999999999992,1151.6,38.53846153846154,-19.73846153846154,-51.21756487025948,19.73846153846154,0,-0.3440257777587142,0,2006-10-01,79.1,294.7,345.6,719.3999999999999,996.2999999999992,1146.9,-266.5,-0.8660254037844386,0.5000000000000001,0,OCT,0,0.019190837,0,TRUE_NEGATIVE
East Uttar Pradesh,2004,12.0,3,0.1,33.20000000000017,526.8,746.9000000000001,5.677777777777777,-5.5777777777777775,-98.23874755381604,5.5777777777777775,0,-0.6606253653540918,0,2004-12-01,0.1,33.0,126.5,159.60000000000016,687.6999999999999,756.1000000000001,-126.4,-2.4492935982947064e-16,1.0,0,DEC,0,0.019144567,0,TRUE_NEGATIVE
Orissa,2006,12.0,3,0.0,47.39999999999943,1380.9999999999998,1716.9,5.517948717948718,-5.517948717948718,-100.0,5.517948717948718,0,-0.4892849828808836,0,2006-12-01,21.0,26.4,254.7,302.0999999999994,1556.1999999999998,1723.9999999999998,-233.7,-2.4492935982947064e-16,1.0,0,DEC,0,0.019140933,0,TRUE_NEGATIVE
Bihar,2009,12.0,3,0.8,78.5000000000004,718.5999999999995,889.5,3.631623931623932,-2.831623931623932,-77.97128736173217,2.831623931623932,0,-0.3899163435983396,0,2009-12-01,5.1,72.6,127.6,205.3000000000004,785.4999999999995,888.6999999999999,-122.5,-2.4492935982947064e-16,1.0,0,DEC,0,0.019127535,0,TRUE_NEGATIVE
Haryana Delhi & Chandigarh,2014,10.0,3,10.5,112.60000000000002,231.1,299.49999999999983,12.64871794871795,-2.14871794871795,-16.987634299614847,2.14871794871795,0,-0.0903147712286452,0,2014-10-01,67.3,34.8,72.3,174.40000000000003,228.1,299.8999999999998,-5.0,-0.8660254037844386,0.5000000000000001,0,OCT,0,0.01911512,0,TRUE_NEGATIVE
Saurashtra & Kutch,2010,2.0,0,0.0,0.0999999999998863,13.700000000000172,596.9,1.588034188034188,-1.588034188034188,-100.0,1.588034188034188,0,-0.3746404279887505,0,2010-02-01,0.1,0.0,1.5,1.5999999999998864,119.70000000000016,596.9,-1.4,0.8660254037844386,0.5000000000000001,0,FEB,0,0.019060683,0,TRUE_NEGATIVE
Saurashtra & Kutch,2014,1.0,0,0.3,0.2999999999998863,372.40000000000015,680.1999999999999,1.1205128205128203,-0.8205128205128205,-73.22654462242562,0.8205128205128205,0,-0.3479073165317047,0,2014-01-01,0.0,0.0,28.6,28.599999999999888,543.3000000000002,681.6,-28.6,0.4999999999999999,0.8660254037844387,0,JAN,0,0.0190529,0,TRUE_NEGATIVE
Punjab,2014,12.0,3,14.1,20.79999999999984,244.8,382.9000000000001,12.638461538461538,1.4615384615384617,11.5642118076689,0.0,0,0.0950418335535934,0,2014-12-01,0.7,6.0,105.8,112.49999999999986,251.3,375.40000000000015,-105.1,-2.4492935982947064e-16,1.0,0,DEC,0,0.01903182,0,TRUE_NEGATIVE
South Interior Karnataka,2010,1.0,0,7.9,86.50000000000006,585.8,1166.2,2.952136752136752,4.947863247863248,167.6027793862189,0.0,0,1.036998057454952,0,2010-01-01,22.9,55.7,98.2,176.80000000000007,902.6,1158.4,-75.30000000000001,0.4999999999999999,0.8660254037844387,0,JAN,0,0.018997828,0,TRUE_NEGATIVE
Gujarat Region,2007,10.0,3,0.0,515.0000000000002,1177.1,1180.4999999999995,20.91794871794872,-20.91794871794872,-100.0,20.91794871794872,0,-0.6054088148018293,0,2007-10-01,169.4,345.6,567.8,1082.8000000000002,1177.1,1189.6999999999996,-398.4,-0.8660254037844386,0.5000000000000001,0,OCT,0,0.018967843,0,TRUE_NEGATIVE
Gujarat Region,2001,10.0,3,28.9,303.5000000000002,842.4999999999998,852.3999999999996,20.91794871794872,7.98205128205128,38.15886246629075,0.0,0,0.2310171169990308,0,2001-10-01,17.8,256.8,320.0,594.6000000000003,813.7999999999998,823.6999999999997,-302.2,-0.8660254037844386,0.5000000000000001,0,OCT,0,0.018965602,0,TRUE_NEGATIVE
Saurashtra & Kutch,2004,10.0,3,19.7,283.4999999999999,482.1000000000002,482.3,14.856410256410255,4.843589743589742,32.602692440455634,0.0,0,0.1599356622777602,0,2004-10-01,36.1,227.7,90.0,353.7999999999999,462.4000000000002,465.6,-53.9,-0.8660254037844386,0.5000000000000001,0,OCT,0,0.018946622,0,TRUE_NEGATIVE
Gujarat Region,2008,10.0,3,11.6,585.4000000000002,905.5999999999996,910.0999999999996,20.91794871794872,-9.31794871794872,-44.545231674430006,9.31794871794872,0,-0.2696807591308958,0,2008-10-01,204.3,369.5,261.9,835.7000000000003,897.0999999999997,898.4999999999997,-57.599999999999966,-0.8660254037844386,0.5000000000000001,0,OCT,0,0.018927574,0,TRUE_NEGATIVE
Uttarakhand,2004,11.0,3,0.8,168.2999999999999,1026.1999999999991,1237.5,8.04957264957265,-7.24957264957265,-90.0615842004672,7.24957264957265,0,-0.5731646721065096,0,2004-11-01,70.7,96.8,326.3,493.7999999999999,1091.3999999999992,1241.5,-255.6,-0.5000000000000004,0.8660254037844384,0,NOV,0,0.018907212,0,TRUE_NEGATIVE
Chhattisgarh,2000,11.0,3,0.2,173.60000000000062,892.2999999999998,906.9,11.572649572649572,-11.372649572649571,-98.27178729689808,11.372649572649571,0,-0.5811892119256441,0,2000-11-01,4.3,169.1,215.6,389.0000000000006,901.4,908.0,-211.3,-0.5000000000000004,0.8660254037844384,0,NOV,0,0.018897273,0,TRUE_NEGATIVE
Orissa,2010,12.0,3,37.2,205.7999999999996,1029.4,1292.1999999999998,5.517948717948718,31.682051282051283,574.1635687732343,0.0,0,2.80929611918039,0,2010-12-01,35.6,133.0,236.0,404.5999999999996,1138.6,1255.1,-200.4,-2.4492935982947064e-16,1.0,0,DEC,0,0.018861974,0,TRUE_NEGATIVE
Gujarat Region,2004,1.0,0,0.0,0.0,425.9999999999998,1160.1999999999998,1.7555555555555555,-1.7555555555555555,-100.0,1.7555555555555555,0,-0.3713829638787719,0,2004-01-01,0.0,0.0,1.9,1.9000000000002275,944.6999999999998,1160.1999999999998,-1.9,0.4999999999999999,0.8660254037844387,0,JAN,0,0.0188411,0,TRUE_NEGATIVE
East Rajasthan,2008,12.0,3,0.1,5.5,452.2,644.5000000000002,3.617948717948718,-3.517948717948718,-97.23600283486888,3.517948717948718,0,-0.5250179588425661,0,2008-12-01,2.4,3.0,112.7,118.1,612.6999999999999,644.9000000000002,-110.3,-2.4492935982947064e-16,1.0,0,DEC,0,0.018764012,0,TRUE_NEGATIVE
East Madhya Pradesh,2008,12.0,3,0.4,18.89999999999943,673.4000000000007,1003.2000000000002,8.260683760683762,-7.860683760683761,-95.15778582514226,7.860683760683761,0,-0.4855217390537329,0,2008-12-01,3.0,15.5,116.1,134.59999999999943,980.6000000000006,1004.3000000000002,-113.1,-2.4492935982947064e-16,1.0,0,DEC,0,0.018731503,0,TRUE_NEGATIVE
Jharkhand,2011,10.0,3,23.3,751.0999999999999,1336.9,1399.1999999999998,79.92136752136751,-56.62136752136752,-70.84634469777987,56.62136752136752,0,-0.8724559122873389,0,2011-10-01,324.6,403.2,181.8,909.6,1339.0000000000002,1431.0,142.8,-0.8660254037844386,0.5000000000000001,0,OCT,0,0.018718578,0,TRUE_NEGATIVE
Jharkhand,2014,11.0,3,0.0,223.09999999999977,975.0000000000002,1155.4,11.739316239316238,-11.739316239316238,-100.0,11.739316239316238,0,-0.5653441385901686,0,2014-11-01,44.9,178.2,290.9,513.9999999999998,1073.2,1155.4,-246.0,-0.5000000000000004,0.8660254037844384,0,NOV,0,0.018677883,0,TRUE_NEGATIVE
East Madhya Pradesh,2001,11.0,3,1.0,161.3999999999995,1129.2000000000007,1170.1,12.494017094017094,-11.494017094017094,-91.99616910658092,11.494017094017094,0,-0.495303329673391,0,2001-11-01,110.0,50.4,243.9,404.2999999999995,1140.6000000000008,1169.1,-133.9,-0.5000000000000004,0.8660254037844384,0,NOV,0,0.018669074,0,TRUE_NEGATIVE
Jharkhand,2001,11.0,3,0.2,248.5,1147.2000000000005,1254.6999999999998,11.739316239316238,-11.53931623931624,-98.29632326174008,11.53931623931624,0,-0.5557125020098921,0,2001-11-01,115.5,132.8,219.4,467.7000000000001,1204.4000000000003,1254.9,-103.9,-0.5000000000000004,0.8660254037844384,0,NOV,0,0.018643446,0,TRUE_NEGATIVE
Telangana,2009,11.0,3,29.6,248.80000000000007,645.2999999999996,665.8,19.92478632478632,9.67521367521368,48.558682223747454,0.0,0,0.3695280347601647,0,2009-11-01,69.5,149.7,192.3,411.5000000000001,628.7999999999996,643.6999999999999,-122.8,-0.5000000000000004,0.8660254037844384,0,NOV,0,0.018636547,0,TRUE_NEGATIVE
Konkan & Goa,2015,1.0,0,2.7,22.400000000000453,1198.600000000001,2759.099999999999,1.2410256410256408,1.4589743589743591,117.56198347107444,0.0,0,0.3785502570683762,0,2015-01-01,11.7,8.0,98.7,118.40000000000046,2489.1000000000013,2757.7,-87.0,0.4999999999999999,0.8660254037844387,0,JAN,0,0.0186321,0,TRUE_NEGATIVE
Vidarbha,2006,11.0,3,11.1,230.5999999999996,1127.8000000000004,1215.7,15.311111111111112,-4.211111111111112,-27.50362844702468,4.211111111111112,0,-0.1713474174618238,0,2006-11-01,43.7,175.8,421.4,640.8999999999995,1137.6000000000004,1204.6,-377.7,-0.5000000000000004,0.8660254037844384,0,NOV,0,0.01861305,0,TRUE_NEGATIVE
Saurashtra & Kutch,2001,10.0,3,7.6,145.09999999999988,510.0000000000002,510.3,14.856410256410255,-7.256410256410257,-48.84363134276838,7.256410256410257,0,-0.2396071594738282,0,2001-10-01,20.6,116.9,191.1,328.5999999999999,502.60000000000025,504.9,-170.5,-0.8660254037844386,0.5000000000000001,0,OCT,0,0.018571395,0,TRUE_NEGATIVE
Punjab,2012,12.0,3,11.0,13.599999999999886,381.2,493.5000000000001,12.638461538461538,-1.638461538461538,-12.96409007912355,1.638461538461538,0,-0.1065468976153442,0,2012-12-01,0.4,2.2,112.3,114.89999999999988,382.1,485.10000000000014,-111.9,-2.4492935982947064e-16,1.0,0,DEC,0,0.018564427,0,TRUE_NEGATIVE
Haryana Delhi & Chandigarh,2016,11.0,3,0.0,20.00000000000003,348.6,397.8999999999999,3.223931623931624,-3.223931623931624,-100.0,3.223931623931624,0,-0.4399321260911818,0,2016-11-01,5.2,14.8,133.0,153.00000000000003,375.3,400.1999999999999,-127.8,-0.5000000000000004,0.8660254037844384,0,NOV,0,0.018496623,0,TRUE_NEGATIVE
Haryana Delhi & Chandigarh,2002,11.0,3,0.0,124.9,243.7,348.69999999999976,3.223931623931624,-3.223931623931624,-100.0,3.223931623931624,0,-0.4399321260911818,0,2002-11-01,1.9,123.0,78.2,203.1,295.7,348.7999999999998,-76.3,-0.5000000000000004,0.8660254037844384,0,NOV,0,0.018484991,0,TRUE_NEGATIVE
Orissa,2001,12.0,3,0.0,105.49999999999932,1202.6,1672.5,5.517948717948718,-5.517948717948718,-100.0,5.517948717948718,0,-0.4892849828808836,0,2001-12-01,18.7,86.8,132.0,237.4999999999993,1538.6999999999998,1672.6,-113.3,-2.4492935982947064e-16,1.0,0,DEC,0,0.018481951,0,TRUE_NEGATIVE
Telangana,2006,10.0,3,28.1,616.5000000000001,936.8999999999996,1040.9,74.53931623931624,-46.43931623931624,-62.30177385880221,46.43931623931624,0,-0.7807064191138157,0,2006-10-01,280.2,308.2,169.5,757.9000000000001,947.3999999999996,1148.9,110.7,-0.8660254037844386,0.5000000000000001,0,OCT,0,0.018480139,0,TRUE_NEGATIVE
Saurashtra & Kutch,2015,3.0,1,4.4,5.299999999999887,13.200000000000172,388.8,1.276923076923077,3.1230769230769235,244.57831325301208,0.0,0,0.5533177733322718,0,2015-03-01,0.0,0.9,0.0,0.8999999999998863,108.00000000000016,384.5,0.0,1.0,6.123233995736766e-17,0,MAR,0,0.018474769,0,TRUE_NEGATIVE
Gujarat Region,2013,10.0,3,53.2,551.6000000000003,1112.6999999999998,1118.2999999999995,20.91794871794872,32.282051282051285,154.3270409414072,0.0,0,0.9343095094821072,0,2013-10-01,287.3,211.1,405.4,903.8000000000004,1064.0999999999997,1072.1999999999996,-118.09999999999997,-0.8660254037844386,0.5000000000000001,0,OCT,0,0.018454157,0,TRUE_NEGATIVE
Gujarat Region,2014,10.0,3,3.3,377.0000000000003,697.3999999999997,704.4999999999995,20.91794871794872,-17.617948717948718,-84.2240745280706,17.617948717948718,0,-0.5098999713782016,0,2014-10-01,235.1,138.6,307.5,681.2000000000003,695.0999999999997,754.3999999999996,-72.4,-0.8660254037844386,0.5000000000000001,0,OCT,0,0.018440278,0,TRUE_NEGATIVE
East Rajasthan,2000,10.0,3,0.4,124.60000000000004,436.4,440.1000000000002,14.394017094017093,-13.994017094017092,-97.2210676325634,13.994017094017092,0,-0.5619012029383939,0,2000-10-01,28.7,95.5,270.6,394.80000000000007,438.3,455.20000000000016,-241.90000000000003,-0.8660254037844386,0.5000000000000001,0,OCT,0,0.018428659,0,TRUE_NEGATIVE
East Madhya Pradesh,2006,12.0,3,3.0,28.299999999999432,804.5000000000007,943.3000000000004,8.260683760683762,-5.2606837606837615,-63.683393688567,5.2606837606837615,0,-0.3249305538627516,0,2006-12-01,12.3,13.0,74.1,99.39999999999942,857.8000000000006,944.7000000000004,-61.8,-2.4492935982947064e-16,1.0,0,DEC,0,0.01839869,0,TRUE_NEGATIVE
Haryana Delhi & Chandigarh,2001,11.0,3,0.1,21.5,387.4,486.39999999999975,3.223931623931624,-3.123931623931624,-96.898197242842,3.123931623931624,0,-0.4262862992744616,0,2001-11-01,11.1,10.3,103.5,124.9,435.1,486.69999999999976,-92.4,-0.5000000000000004,0.8660254037844384,0,NOV,0,0.018396325,0,TRUE_NEGATIVE
South Interior Karnataka,2004,12.0,3,10.4,135.90000000000003,656.2,1133.4999999999998,11.651282051282053,-1.2512820512820522,-10.739436619718315,1.2512820512820522,0,-0.0790301381492874,0,2004-12-01,24.0,101.5,117.5,243.00000000000003,842.3999999999999,1126.7,-93.5,-2.4492935982947064e-16,1.0,0,DEC,0,0.018375421,0,TRUE_NEGATIVE
East Madhya Pradesh,2003,10.0,3,20.5,883.9999999999995,1371.1000000000006,1441.4,39.41623931623931,-18.91623931623932,-47.99097946527311,18.91623931623932,0,-0.4576862137479121,0,2003-10-01,493.3,370.2,366.8,1230.2999999999995,1351.6000000000006,1464.0000000000002,126.5,-0.8660254037844386,0.5000000000000001,0,OCT,0,0.018337434,0,TRUE_NEGATIVE
Matathwada,2015,1.0,0,10.1,33.30000000000017,310.89999999999986,557.6000000000001,4.915384615384616,5.184615384615384,105.47730829420968,0.0,0,0.4903779526870059,0,2015-01-01,3.3,19.9,14.2,37.40000000000017,405.79999999999984,548.9000000000002,-10.9,0.4999999999999999,0.8660254037844387,0,JAN,0,0.01832803,0,TRUE_NEGATIVE
West Rajasthan,2008,2.0,0,0.2,2.699999999999972,48.4000000000002,277.6000000000001,4.862393162393162,-4.662393162393162,-95.88679908595536,4.662393162393162,0,-0.5970969091891223,0,2008-02-01,1.6,0.9,0.1,2.599999999999972,117.6000000000002,312.30000000000007,1.5,0.8660254037844386,0.5000000000000001,0,FEB,0,0.01828849,0,TRUE_NEGATIVE
East Rajasthan,2015,10.0,3,5.0,167.9,565.4,650.5000000000003,14.394017094017093,-9.394017094017093,-65.26334540704234,9.394017094017093,0,-0.3771975888044883,0,2015-10-01,20.1,142.8,297.6,460.50000000000006,576.3,648.7000000000003,-277.5,-0.8660254037844386,0.5000000000000001,0,OCT,0,0.018282691,0,TRUE_NEGATIVE
East Rajasthan,2005,10.0,3,0.0,252.5,551.9,568.3000000000002,14.394017094017093,-14.394017094017093,-100.0,14.394017094017093,0,-0.5779623867761248,0,2005-10-01,172.5,80.0,239.0,491.5,558.1,595.8000000000002,-66.5,-0.8660254037844386,0.5000000000000001,0,OCT,0,0.018260859,0,TRUE_NEGATIVE
Jharkhand,2008,11.0,3,1.0,187.8999999999999,1242.6000000000004,1325.4,11.739316239316238,-10.739316239316238,-91.4816163087004,10.739316239316238,0,-0.5171859556887854,0,2008-11-01,34.0,152.9,310.5,497.3999999999999,1284.5000000000002,1332.0,-276.5,-0.5000000000000004,0.8660254037844384,0,NOV,0,0.018254628,0,TRUE_NEGATIVE
Jharkhand,2000,10.0,3,19.1,528.8,1140.2000000000005,1194.4,79.92136752136751,-60.82136752136751,-76.10151003122726,60.82136752136751,0,-0.9371720255148056,0,2000-10-01,356.9,152.8,358.4,868.0999999999999,1140.7000000000005,1315.9,-1.5,-0.8660254037844386,0.5000000000000001,0,OCT,0,0.018216452,0,TRUE_NEGATIVE
Jharkhand,2016,10.0,3,45.6,728.6999999999998,1225.4,1267.0,79.92136752136751,-34.32136752136751,-42.94391923685673,34.32136752136751,0,-0.5288441682462658,0,2016-10-01,287.5,395.6,301.0,984.0999999999998,1180.8000000000002,1244.1,-13.5,-0.8660254037844386,0.5000000000000001,0,OCT,0,0.018216038,0,TRUE_NEGATIVE
West Rajasthan,2015,2.0,0,0.9,2.300000000000014,87.90000000000023,301.70000000000005,4.862393162393162,-3.962393162393162,-81.49059588679908,3.962393162393162,0,-0.5074502788269057,0,2015-02-01,1.4,0.0,0.2,1.600000000000014,156.60000000000022,303.00000000000006,1.2,0.8660254037844386,0.5000000000000001,0,FEB,0,0.01819695,0,TRUE_NEGATIVE
Jharkhand,2011,11.0,3,0.0,347.89999999999986,1281.9,1394.5,11.739316239316238,-11.739316239316238,-100.0,11.739316239316238,0,-0.5653441385901686,0,2011-11-01,23.3,324.6,403.2,751.0999999999999,1336.9,1399.1999999999998,-379.9,-0.5000000000000004,0.8660254037844384,0,NOV,0,0.018178212,0,TRUE_NEGATIVE
Uttarakhand,2000,11.0,3,7.0,203.3999999999999,1473.499999999999,1716.8,8.04957264957265,-1.0495726495726494,-13.038861754087916,1.0495726495726494,0,-0.0829811621488792,0,2000-11-01,1.1,195.3,536.1,732.4999999999999,1549.7999999999993,1709.9,-535.0,-0.5000000000000004,0.8660254037844384,0,NOV,0,0.018164631,0,TRUE_NEGATIVE
Uttarakhand,2008,11.0,3,11.9,225.7999999999999,1117.2999999999993,1379.7,8.04957264957265,3.850427350427351,47.83393501805055,0.0,0,0.3044219344305383,0,2008-11-01,23.1,190.8,245.8,459.69999999999993,1172.6999999999991,1375.6,-222.7,-0.5000000000000004,0.8660254037844384,0,NOV,0,0.018117335,0,TRUE_NEGATIVE
Bihar,2010,12.0,3,2.1,40.7000000000004,495.9999999999996,629.1999999999999,3.631623931623932,-1.5316239316239315,-42.17462932454695,1.5316239316239315,0,-0.210905550174532,0,2010-12-01,5.0,33.6,105.7,144.3000000000004,574.7999999999996,627.9,-100.7,-2.4492935982947064e-16,1.0,0,DEC,0,0.018115139,0,TRUE_NEGATIVE
Punjab,2004,12.0,3,5.0,36.99999999999993,222.2,351.8,12.638461538461538,-7.638461538461538,-60.43822276323798,7.638461538461538,0,-0.4967186353616752,0,2004-12-01,0.8,31.2,8.9,40.89999999999993,266.0,351.8,-8.1,-2.4492935982947064e-16,1.0,0,DEC,0,0.018109236,0,TRUE_NEGATIVE
Matathwada,2014,12.0,3,3.3,37.40000000000017,405.79999999999984,548.9000000000002,7.202564102564103,-3.902564102564103,-54.18298326806693,3.902564102564103,0,-0.2399964467689567,0,2014-12-01,19.9,14.2,84.5,118.60000000000016,432.8999999999999,558.7000000000002,-64.6,-2.4492935982947064e-16,1.0,0,DEC,0,0.018104965,0,TRUE_NEGATIVE
Punjab,2000,10.0,3,0.0,111.99999999999989,342.2,402.7000000000001,13.616239316239316,-13.616239316239316,-100.0,13.616239316239316,0,-0.344831827977516,0,2000-10-01,42.0,70.0,164.8,276.7999999999999,343.5,403.2000000000001,-122.8,-0.8660254037844386,0.5000000000000001,0,OCT,0,0.018087318,0,TRUE_NEGATIVE
Uttarakhand,2015,11.0,3,2.4,71.79999999999988,900.699999999999,1284.7,8.04957264957265,-5.649572649572649,-70.18475260140157,5.649572649572649,0,-0.446665701794863,0,2015-11-01,16.8,52.6,305.3,374.6999999999999,936.299999999999,1282.3000000000002,-288.5,-0.5000000000000004,0.8660254037844384,0,NOV,0,0.018068481,0,TRUE_NEGATIVE
West Uttar Pradesh,2014,12.0,3,16.3,30.899999999999885,348.19999999999976,486.79999999999984,7.006837606837607,9.293162393162394,132.62990973408148,0.0,0,0.952913966449927,0,2014-12-01,0.0,14.6,84.7,99.29999999999988,353.8999999999997,479.3999999999998,-84.7,-2.4492935982947064e-16,1.0,0,DEC,0,0.018058572,0,TRUE_NEGATIVE
Chhattisgarh,2003,11.0,3,5.8,547.5000000000006,1642.5,1695.2,11.572649572649572,-5.772649572649573,-49.88183161004432,5.772649572649573,0,-0.2950061579246806,0,2003-11-01,157.6,384.1,519.7,1061.4000000000003,1637.4,1702.6999999999998,-362.1,-0.5000000000000004,0.8660254037844384,0,NOV,0,0.018040305,0,TRUE_NEGATIVE
Telangana,2008,10.0,3,24.2,562.7000000000002,883.8999999999996,1040.0,74.53931623931624,-50.33931623931623,-67.53391200651294,50.33931623931623,0,-0.8462705850212832,0,2008-10-01,146.7,391.8,183.4,721.9000000000001,875.3999999999996,1056.6,-36.70000000000002,-0.8660254037844386,0.5000000000000001,0,OCT,0,0.018037971,0,TRUE_NEGATIVE
East Madhya Pradesh,2004,11.0,3,4.1,149.1999999999995,929.5000000000008,958.2000000000002,12.494017094017094,-8.394017094017094,-67.18429333698181,8.394017094017094,0,-0.3617172814338469,0,2004-11-01,25.2,119.9,369.1,514.1999999999995,929.3000000000006,954.6000000000004,-343.90000000000003,-0.5000000000000004,0.8660254037844384,0,NOV,0,0.018034272,0,TRUE_NEGATIVE
Haryana Delhi & Chandigarh,2014,12.0,3,9.6,20.300000000000026,194.7,305.49999999999983,7.107692307692308,2.4923076923076914,35.06493506493505,0.0,0,0.2319650078134529,0,2014-12-01,0.2,10.5,67.3,78.00000000000003,211.0,297.99999999999983,-67.1,-2.4492935982947064e-16,1.0,0,DEC,0,0.018028403,0,TRUE_NEGATIVE
East Madhya Pradesh,2011,12.0,3,0.0,1.0999999999994317,928.1000000000006,1275.2,8.260683760683762,-8.260683760683762,-100.0,8.260683760683762,0,-0.5102280752369608,0,2011-12-01,0.0,1.1,276.5,277.59999999999945,1260.6000000000008,1278.5000000000002,-276.5,-2.4492935982947064e-16,1.0,0,DEC,0,0.01802317,0,TRUE_NEGATIVE
Chhattisgarh,2001,12.0,3,0.0,91.50000000000055,1210.7999999999995,1600.1,5.158974358974359,-5.158974358974359,-100.0,5.158974358974359,0,-0.4905879750962075,0,2001-12-01,4.6,86.9,108.4,199.90000000000057,1550.1999999999998,1600.1999999999998,-103.8,-2.4492935982947064e-16,1.0,0,DEC,0,0.018013118,0,TRUE_NEGATIVE
Haryana Delhi & Chandigarh,2012,12.0,3,3.5,6.500000000000028,361.9,391.2999999999998,7.107692307692308,-3.607692307692308,-50.75757575757576,3.607692307692308,0,-0.3357765082237947,0,2012-12-01,0.6,2.4,90.7,93.70000000000005,363.7,388.1999999999998,-90.1,-2.4492935982947064e-16,1.0,0,DEC,0,0.018008096,0,TRUE_NEGATIVE
Vidarbha,2004,11.0,3,6.9,120.89999999999954,699.6000000000003,733.0000000000001,15.311111111111112,-8.411111111111111,-54.93468795355588,8.411111111111111,0,-0.3422427309197905,0,2004-11-01,27.7,86.3,223.1,337.0999999999995,704.9000000000002,726.9000000000001,-195.4,-0.5000000000000004,0.8660254037844384,0,NOV,0,0.017971527,0,TRUE_NEGATIVE
Saurashtra & Kutch,2002,2.0,0,0.0,0.0,28.20000000000023,510.19999999999993,1.588034188034188,-1.588034188034188,-100.0,1.588034188034188,0,-0.3746404279887505,0,2002-02-01,0.0,0.0,0.0,0.0,145.10000000000022,510.19999999999993,0.0,0.8660254037844386,0.5000000000000001,0,FEB,0,0.017949997,0,TRUE_NEGATIVE
Konkan & Goa,2009,12.0,3,0.0,428.4000000000002,2380.000000000001,2716.5999999999995,4.653846153846154,-4.653846153846154,-100.0,4.653846153846154,0,-0.3278917703611876,0,2009-12-01,121.0,307.4,387.5,815.9000000000002,2710.6000000000013,2718.999999999999,-266.5,-2.4492935982947064e-16,1.0,0,DEC,0,0.017940316,0,TRUE_NEGATIVE
Uttarakhand,2001,11.0,3,1.4,75.99999999999983,1237.999999999999,1530.0,8.04957264957265,-6.649572649572649,-82.60777235081758,6.649572649572649,0,-0.5257275582396421,0,2001-11-01,6.3,68.3,371.7,446.29999999999984,1345.6999999999991,1535.6,-365.4,-0.5000000000000004,0.8660254037844384,0,NOV,0,0.017896976,0,TRUE_NEGATIVE
Punjab,2012,10.0,3,2.2,249.5999999999999,383.3,485.7000000000001,13.616239316239316,-11.416239316239317,-83.84282217061076,11.416239316239317,0,-0.2891167363188552,0,2012-10-01,112.3,135.1,120.2,367.5999999999999,412.2,483.50000000000017,-7.900000000000006,-0.8660254037844386,0.5000000000000001,0,OCT,0,0.017851237,0,TRUE_NEGATIVE
East Madhya Pradesh,2008,11.0,3,3.0,134.59999999999943,980.6000000000006,1004.3000000000002,12.494017094017094,-9.494017094017094,-75.98850731974278,9.494017094017094,0,-0.4091187824220722,0,2008-11-01,15.5,116.1,270.2,401.7999999999994,982.9000000000008,1024.1000000000004,-254.7,-0.5000000000000004,0.8660254037844384,0,NOV,0,0.01784842,0,TRUE_NEGATIVE
Saurashtra & Kutch,2005,10.0,3,1.7,303.19999999999993,631.3000000000002,631.5,14.856410256410255,-13.156410256410258,-88.55712806351399,13.156410256410258,0,-0.4344255601626193,0,2005-10-01,233.1,68.4,126.7,428.19999999999993,629.8000000000002,649.4999999999999,106.4,-0.8660254037844386,0.5000000000000001,0,OCT,0,0.017815309,0,TRUE_NEGATIVE
Saurashtra & Kutch,2004,1.0,0,0.2,0.1999999999998863,215.60000000000025,686.3999999999999,1.1205128205128203,-0.9205128205128206,-82.15102974828376,0.9205128205128206,0,-0.3903085207340063,0,2004-01-01,0.0,0.0,3.0,2.9999999999998863,617.6000000000003,686.1999999999999,-3.0,0.4999999999999999,0.8660254037844387,0,JAN,0,0.017806198,0,TRUE_NEGATIVE
Uttarakhand,2010,10.0,3,8.0,733.3999999999999,1308.8999999999992,1413.5,38.53846153846154,-30.53846153846154,-79.24151696606786,30.53846153846154,0,-0.5322612383874105,0,2010-10-01,389.7,335.7,455.8,1181.1999999999998,1314.6999999999991,1486.8000000000002,-66.10000000000002,-0.8660254037844386,0.5000000000000001,0,OCT,0,0.01775999,0,TRUE_NEGATIVE
Telangana,2006,11.0,3,34.7,343.0000000000001,925.4999999999995,1071.6999999999998,19.92478632478632,14.77521367521368,74.15494166094719,0.0,0,0.5643137046730538,0,2006-11-01,28.1,280.2,308.2,616.5000000000001,936.8999999999996,1040.9,-280.1,-0.5000000000000004,0.8660254037844384,0,NOV,0,0.017693302,0,TRUE_NEGATIVE
Bihar,2005,12.0,3,0.2,34.50000000000034,748.6999999999997,907.8,3.631623931623932,-3.4316239316239314,-94.49282184043304,3.4316239316239314,0,-0.4725367097939431,0,2005-12-01,0.0,34.3,105.1,139.40000000000032,830.9999999999997,907.6,-105.1,-2.4492935982947064e-16,1.0,0,DEC,0,0.017658925,0,TRUE_NEGATIVE
East Rajasthan,2012,12.0,3,0.1,0.6,667.4000000000001,693.6000000000003,3.617948717948718,-3.517948717948718,-97.23600283486888,3.517948717948718,0,-0.5250179588425661,0,2012-12-01,0.0,0.5,131.3,131.8,678.5,693.5000000000002,-131.3,-2.4492935982947064e-16,1.0,0,DEC,0,0.017652448,0,TRUE_NEGATIVE
Telangana,2000,10.0,3,20.2,511.4000000000002,1034.2999999999995,1071.2,74.53931623931624,-54.33931623931623,-72.90020754262649,54.33931623931623,0,-0.9135158833879166,0,2000-10-01,70.7,420.5,220.9,712.1000000000003,1030.4,1106.7,-150.2,-0.8660254037844386,0.5000000000000001,0,OCT,0,0.017637853,0,TRUE_NEGATIVE
West Uttar Pradesh,2007,11.0,3,0.0,58.79999999999988,454.49999999999983,572.0999999999998,3.898290598290598,-3.898290598290598,-100.0,3.898290598290598,0,-0.544388542234027,0,2007-11-01,1.8,57.0,152.2,210.9999999999999,465.49999999999983,572.7999999999998,-150.39999999999998,-0.5000000000000004,0.8660254037844384,0,NOV,0,0.017606402,0,TRUE_NEGATIVE
Matathwada,2015,12.0,3,0.0,24.30000000000017,318.1999999999999,532.1000000000003,7.202564102564103,-7.202564102564103,-100.0,7.202564102564103,0,-0.4429369375650455,0,2015-12-01,4.8,19.5,154.3,178.6000000000002,436.4999999999999,535.4000000000002,-149.5,-2.4492935982947064e-16,1.0,0,DEC,0,0.017585415,0,TRUE_NEGATIVE
Matathwada,2011,12.0,3,0.0,24.800000000000143,573.3999999999999,663.7000000000002,7.202564102564103,-7.202564102564103,-100.0,7.202564102564103,0,-0.4429369375650455,0,2011-12-01,0.0,24.8,90.0,114.80000000000014,652.5999999999999,663.7000000000002,-90.0,-2.4492935982947064e-16,1.0,0,DEC,0,0.017584262,0,TRUE_NEGATIVE
Gujarat Region,2001,1.0,0,6.1,9.700000000000228,156.39999999999978,556.5999999999998,1.7555555555555555,4.344444444444444,247.4683544303797,0.0,0,0.9190553093455684,0,2001-01-01,3.6,0.0,0.2,3.800000000000228,451.3999999999998,550.4999999999997,3.4,0.4999999999999999,0.8660254037844387,0,JAN,0,0.017572388,0,TRUE_NEGATIVE
Punjab,2007,12.0,3,10.6,12.099999999999914,396.3,594.8000000000001,12.638461538461538,-2.0384615384615383,-16.129032258064516,2.0384615384615383,0,-0.1325583467984329,0,2007-12-01,0.9,0.6,73.7,75.19999999999992,450.1,590.9000000000001,-72.8,-2.4492935982947064e-16,1.0,0,DEC,0,0.017547768,0,TRUE_NEGATIVE
East Rajasthan,2003,10.0,3,0.1,272.20000000000005,598.1,629.6000000000003,14.394017094017093,-14.294017094017091,-99.30526690814084,14.294017094017091,0,-0.5739470908166922,0,2003-10-01,93.6,178.5,245.8,517.9,598.2,630.3000000000002,-152.20000000000002,-0.8660254037844386,0.5000000000000001,0,OCT,0,0.017545465,0,TRUE_NEGATIVE
Gujarat Region,2012,1.0,0,0.1,0.1000000000002273,614.6999999999998,890.3999999999997,1.7555555555555555,-1.6555555555555554,-94.30379746835442,1.6555555555555554,0,-0.3502282380882089,0,2012-01-01,0.0,0.0,0.4,0.4000000000002274,873.7999999999997,890.2999999999997,-0.4,0.4999999999999999,0.8660254037844387,0,JAN,0,0.017533593,0,TRUE_NEGATIVE
Jharkhand,2002,11.0,3,1.3,309.69999999999993,958.8000000000004,1034.1,11.739316239316238,-10.439316239316238,-88.92610120131052,10.439316239316238,0,-0.5027385008183705,0,2002-11-01,55.0,253.4,277.4,585.8,996.2000000000002,1033.0,-222.4,-0.5000000000000004,0.8660254037844384,0,NOV,0,0.017504135,0,TRUE_NEGATIVE
Punjab,2009,12.0,3,0.4,7.099999999999944,296.6,361.10000000000014,12.638461538461538,-12.238461538461538,-96.83505782105904,12.238461538461538,0,-0.7958503009671957,0,2009-12-01,2.7,4.0,54.7,61.39999999999995,306.8,361.6000000000001,-52.0,-2.4492935982947064e-16,1.0,0,DEC,0,0.017462207,0,TRUE_NEGATIVE
West Uttar Pradesh,2006,11.0,3,0.7,83.0999999999999,469.3999999999998,528.7999999999998,3.898290598290598,-3.1982905982905985,-82.04341153255865,3.1982905982905985,0,-0.4466349320411596,0,2006-11-01,16.7,65.7,78.1,160.4999999999999,502.79999999999984,528.0999999999999,-61.39999999999999,-0.5000000000000004,0.8660254037844384,0,NOV,0,0.017328588,0,TRUE_NEGATIVE
Matathwada,2000,12.0,3,1.7,33.20000000000012,474.7999999999999,684.5000000000001,7.202564102564103,-5.502564102564103,-76.39729441082235,5.502564102564103,0,-0.3383918362458482,0,2000-12-01,0.7,30.8,44.8,76.30000000000011,661.4,682.8000000000001,-44.1,-2.4492935982947064e-16,1.0,0,DEC,0,0.017294964,0,TRUE_NEGATIVE
East Rajasthan,2002,10.0,3,0.8,172.6,266.1,285.80000000000024,14.394017094017093,-13.594017094017092,-94.44213526512677,13.594017094017092,0,-0.5458400191006629,0,2002-10-01,41.2,130.6,13.5,185.3,266.5,294.2000000000002,27.700000000000003,-0.8660254037844386,0.5000000000000001,0,OCT,0,0.017288102,0,TRUE_NEGATIVE
Matathwada,2003,12.0,3,0.8,27.800000000000114,563.3,720.0000000000001,7.202564102564103,-6.402564102564103,-88.89284442862228,6.402564102564103,0,-0.3937392428265998,0,2003-12-01,4.9,22.1,95.7,122.70000000000012,680.0999999999998,719.2000000000002,-90.8,-2.4492935982947064e-16,1.0,0,DEC,0,0.017247254,0,TRUE_NEGATIVE
Vidarbha,2011,12.0,3,0.0,4.699999999999545,745.6000000000004,893.1000000000001,7.792307692307693,-7.792307692307693,-100.0,7.792307692307693,0,-0.4367856286275096,0,2011-12-01,0.0,4.7,191.0,195.69999999999956,883.5000000000005,896.3000000000002,-191.0,-2.4492935982947064e-16,1.0,0,DEC,0,0.017226381,0,TRUE_NEGATIVE
Haryana Delhi & Chandigarh,2006,12.0,3,5.2,10.200000000000028,227.4,330.9999999999998,7.107692307692308,-1.907692307692308,-26.83982683982684,1.907692307692308,0,-0.1775534627707912,0,2006-12-01,1.2,3.8,49.9,54.90000000000003,267.6,325.7999999999998,-48.7,-2.4492935982947064e-16,1.0,0,DEC,0,0.017225405,0,TRUE_NEGATIVE
Gujarat Region,2009,10.0,3,27.4,225.80000000000024,633.0999999999998,635.7999999999996,20.91794871794872,6.48205128205128,30.987987251777387,0.0,0,0.1876040063519274,0,2009-10-01,54.9,143.5,390.3,588.7000000000003,605.6999999999998,619.9999999999997,-335.40000000000003,-0.8660254037844386,0.5000000000000001,0,OCT,0,0.017196128,0,TRUE_NEGATIVE
Haryana Delhi & Chandigarh,2013,11.0,3,1.7,55.40000000000003,375.9,462.6999999999998,3.223931623931624,-1.523931623931624,-47.269353128313895,1.523931623931624,0,-0.2079530702069398,0,2013-11-01,10.9,42.8,161.9,215.6,375.6,461.5999999999998,-151.0,-0.5000000000000004,0.8660254037844384,0,NOV,0,0.017193848,0,TRUE_NEGATIVE
Saurashtra & Kutch,2012,10.0,3,2.4,265.39999999999986,322.6000000000002,322.9,14.856410256410255,-12.456410256410257,-83.84535726613737,12.456410256410257,0,-0.4113115126232711,0,2012-10-01,228.5,34.5,34.7,297.6999999999999,320.4000000000002,321.69999999999993,193.8,-0.8660254037844386,0.5000000000000001,0,OCT,0,0.017157674,0,TRUE_NEGATIVE
West Uttar Pradesh,2015,11.0,3,2.0,35.39999999999991,445.0999999999997,596.0999999999999,3.898290598290598,-1.8982905982905984,-48.69546152159614,1.8982905982905984,0,-0.2650925131115487,0,2015-11-01,6.9,26.5,143.5,176.89999999999992,451.19999999999976,594.0999999999999,-136.6,-0.5000000000000004,0.8660254037844384,0,NOV,0,0.017152568,0,TRUE_NEGATIVE
Matathwada,2002,12.0,3,0.0,51.20000000000011,455.3999999999999,722.1000000000001,7.202564102564103,-7.202564102564103,-100.0,7.202564102564103,0,-0.4429369375650455,0,2002-12-01,4.8,46.4,122.4,173.6000000000001,697.1999999999999,722.1000000000001,-117.6,-2.4492935982947064e-16,1.0,0,DEC,0,0.017140241,0,TRUE_NEGATIVE
Matathwada,2010,1.0,0,4.3,76.00000000000011,462.4999999999999,673.2,4.915384615384616,-0.6153846153846159,-12.519561815336472,0.6153846153846159,0,-0.0582050982417811,0,2010-01-01,8.4,63.3,59.0,130.7000000000001,597.3999999999999,668.9000000000001,-50.6,0.4999999999999999,0.8660254037844387,0,JAN,0,0.017118597,0,TRUE_NEGATIVE
Punjab,2002,10.0,3,2.6,155.99999999999991,251.9,275.70000000000005,13.616239316239316,-11.016239316239316,-80.90515347435817,11.016239316239316,0,-0.2789867196536441,0,2002-10-01,95.0,58.4,50.4,203.79999999999995,252.6,274.6,44.6,-0.8660254037844386,0.5000000000000001,0,OCT,0,0.017112164,0,TRUE_NEGATIVE
Jharkhand,2006,11.0,3,7.4,330.69999999999993,1313.3000000000002,1465.4,11.739316239316238,-4.339316239316238,-36.96396068438296,4.339316239316238,0,-0.2089735851199334,0,2006-11-01,24.6,298.7,337.2,660.4999999999999,1413.3000000000004,1459.3000000000002,-312.6,-0.5000000000000004,0.8660254037844384,0,NOV,0,0.017103609,0,TRUE_NEGATIVE
East Madhya Pradesh,2006,11.0,3,12.3,99.39999999999942,857.8000000000006,944.7000000000004,12.494017094017094,-0.1940170940170933,-1.5528800109454042,0.1940170940170933,0,-0.0083606377034398,0,2006-11-01,13.0,74.1,328.3,415.3999999999994,863.5000000000007,932.4000000000002,-315.3,-0.5000000000000004,0.8660254037844384,0,NOV,0,0.017094264,0,TRUE_NEGATIVE
Vidarbha,2002,12.0,3,0.1,37.19999999999955,606.4000000000002,926.1,7.792307692307693,-7.692307692307693,-98.7166831194472,7.692307692307693,0,-0.431180284923504,0,2002-12-01,1.9,35.2,128.6,165.69999999999953,907.4000000000004,926.0000000000002,-126.7,-2.4492935982947064e-16,1.0,0,DEC,0,0.017073743,0,TRUE_NEGATIVE
Saurashtra & Kutch,2015,10.0,3,3.3,93.79999999999988,433.90000000000015,444.0,14.856410256410255,-11.556410256410256,-77.7873662409389,11.556410256410256,0,-0.3815934515012522,0,2015-10-01,79.9,10.6,226.7,317.1999999999999,432.70000000000016,445.9,-146.79999999999998,-0.8660254037844386,0.5000000000000001,0,OCT,0,0.01702984,0,TRUE_NEGATIVE
Orissa,2002,10.0,3,47.1,624.7999999999993,1044.9,1113.7,113.82649572649574,-66.72649572649573,-58.62123339615699,66.72649572649573,0,-0.8843002794821064,0,2002-10-01,206.5,371.2,170.2,747.8999999999994,1022.9,1153.4,36.30000000000001,-0.8660254037844386,0.5000000000000001,0,OCT,0,0.017016612,0,TRUE_NEGATIVE
East Madhya Pradesh,2010,11.0,3,10.9,247.89999999999944,941.5000000000008,976.3000000000004,12.494017094017094,-1.5940170940170937,-12.758243261732108,1.5940170940170937,0,-0.068689820779363,0,2010-11-01,23.6,213.4,271.9,508.8999999999994,932.3000000000006,1044.6,-248.3,-0.5000000000000004,0.8660254037844384,0,NOV,0,0.016988892,0,TRUE_NEGATIVE
Jharkhand,2006,12.0,3,0.0,31.999999999999943,1115.0000000000002,1459.3,4.856410256410257,-4.856410256410257,-100.0,4.856410256410257,0,-0.5363958890242204,0,2006-12-01,7.4,24.6,298.7,330.69999999999993,1313.3000000000002,1465.4,-291.3,-2.4492935982947064e-16,1.0,0,DEC,0,0.016947232,0,TRUE_NEGATIVE
Coastal Andhra Pradesh,2015,12.0,3,2.0,142.9,652.7000000000003,1011.0,11.550427350427348,-9.550427350427348,-82.68462335355927,9.550427350427348,0,-0.4025625894263374,0,2015-12-01,81.2,59.7,201.8,342.70000000000005,934.5000000000005,1015.4,-120.6,-2.4492935982947064e-16,1.0,0,DEC,0,0.016945483,0,TRUE_NEGATIVE
South Interior Karnataka,2007,12.0,3,14.6,185.30000000000007,896.4999999999999,1230.9999999999998,11.651282051282053,2.948717948717947,25.30809859154928,0.0,0,0.1862390550649189,0,2007-12-01,18.2,152.5,198.5,369.2000000000001,1098.6,1217.5,-180.3,-2.4492935982947064e-16,1.0,0,DEC,0,0.01690831,0,TRUE_NEGATIVE
Punjab,2013,12.0,3,6.6,28.899999999999856,388.3,586.6000000000001,12.638461538461538,-6.038461538461538,-47.778454047474135,6.038461538461538,0,-0.3926728386293203,0,2013-12-01,6.1,16.2,24.4,46.699999999999854,502.0,591.0000000000001,-18.3,-2.4492935982947064e-16,1.0,0,DEC,0,0.0168888,0,TRUE_NEGATIVE
East Madhya Pradesh,2003,11.0,3,0.5,514.2999999999995,1371.2000000000007,1436.3000000000002,12.494017094017094,-11.994017094017094,-95.99808455329048,11.994017094017094,0,-0.5168494664862208,0,2003-11-01,20.5,493.3,370.2,883.9999999999995,1371.1000000000006,1441.4,-349.7,-0.5000000000000004,0.8660254037844384,0,NOV,0,0.016880091,0,TRUE_NEGATIVE
Punjab,2003,10.0,3,0.0,146.89999999999992,328.19999999999993,421.30000000000007,13.616239316239316,-13.616239316239316,-100.0,13.616239316239316,0,-0.344831827977516,0,2003-10-01,52.2,94.7,136.7,283.5999999999999,331.19999999999993,423.9000000000001,-84.49999999999999,-0.8660254037844386,0.5000000000000001,0,OCT,0,0.016868828,0,TRUE_NEGATIVE
Vidarbha,2014,12.0,3,2.3,25.799999999999542,780.0000000000005,919.0,7.792307692307693,-5.492307692307693,-70.4837117472853,5.492307692307693,0,-0.3078627234353819,0,2014-12-01,6.2,17.3,224.9,248.39999999999955,841.0000000000005,916.7,-218.7,-2.4492935982947064e-16,1.0,0,DEC,0,0.016865727,0,TRUE_NEGATIVE
Jharkhand,2015,11.0,3,0.2,107.99999999999976,961.7000000000002,1080.3,11.739316239316238,-11.53931623931624,-98.29632326174008,11.53931623931624,0,-0.5557125020098921,0,2015-11-01,22.7,85.1,240.7,348.4999999999998,987.0,1080.1,-218.0,-0.5000000000000004,0.8660254037844384,0,NOV,0,0.016830176,0,TRUE_NEGATIVE
Saurashtra & Kutch,2000,10.0,3,2.2,52.89999999999989,285.9000000000002,285.8999999999999,14.856410256410255,-12.656410256410258,-85.19157749395927,12.656410256410258,0,-0.417915526205942,0,2000-10-01,4.5,46.2,224.7,275.3999999999999,283.7000000000002,376.5999999999999,-220.2,-0.8660254037844386,0.5000000000000001,0,OCT,0,0.01677141,0,TRUE_NEGATIVE
West Uttar Pradesh,2001,12.0,3,0.1,17.499999999999886,448.29999999999984,661.6999999999998,7.006837606837607,-6.906837606837607,-98.57282263966822,6.906837606837607,0,-0.7082219960343842,0,2001-12-01,1.1,16.3,26.7,44.09999999999989,612.5999999999998,661.5999999999999,-25.6,-2.4492935982947064e-16,1.0,0,DEC,0,0.016737428,0,TRUE_NEGATIVE
Gujarat Region,2008,1.0,0,0.0,1.4000000000002273,516.3999999999997,1178.8999999999996,1.7555555555555555,-1.7555555555555555,-100.0,1.7555555555555555,0,-0.3713829638787719,0,2008-01-01,0.0,1.4,0.0,1.4000000000002273,1084.1999999999998,1178.9999999999998,0.0,0.4999999999999999,0.8660254037844387,0,JAN,0,0.016718024,0,TRUE_NEGATIVE
Jharkhand,2007,11.0,3,7.6,371.8999999999999,1281.3000000000002,1437.3000000000002,11.739316239316238,-4.139316239316239,-35.260283946123046,4.139316239316239,0,-0.1993419485396568,0,2007-11-01,39.6,324.7,353.6,717.9,1331.8000000000004,1437.1,-314.0,-0.5000000000000004,0.8660254037844384,0,NOV,0,0.01660504,0,TRUE_NEGATIVE
Punjab,2011,10.0,3,0.0,333.69999999999993,636.4000000000001,727.0000000000001,13.616239316239316,-13.616239316239316,-100.0,13.616239316239316,0,-0.344831827977516,0,2011-10-01,140.2,193.5,120.9,454.5999999999999,654.2,731.7000000000002,19.299999999999983,-0.8660254037844386,0.5000000000000001,0,OCT,0,0.016579192,0,TRUE_NEGATIVE
Jharkhand,2013,11.0,3,0.0,454.8999999999998,1125.6000000000004,1261.1,11.739316239316238,-11.739316239316238,-100.0,11.739316239316238,0,-0.5653441385901686,0,2013-11-01,281.1,173.8,278.1,732.9999999999998,1210.6000000000004,1309.7,3.0,-0.5000000000000004,0.8660254037844384,0,NOV,0,0.01657708,0,TRUE_NEGATIVE
South Interior Karnataka,2008,12.0,3,5.2,154.60000000000005,769.1999999999999,1140.6,11.651282051282053,-6.451282051282052,-55.36971830985916,6.451282051282052,0,-0.4074586630811621,0,2008-12-01,32.3,117.1,141.4,290.80000000000007,913.8,1150.0,-109.1,-2.4492935982947064e-16,1.0,0,DEC,0,0.0165453,0,TRUE_NEGATIVE
Haryana Delhi & Chandigarh,2006,10.0,3,3.8,85.80000000000003,291.2,325.3999999999998,12.64871794871795,-8.848717948717951,-69.9574295560511,8.848717948717951,0,-0.371928729725602,0,2006-10-01,49.9,32.1,135.2,217.2,288.0,321.5999999999998,-85.29999999999998,-0.8660254037844386,0.5000000000000001,0,OCT,0,0.016523505,0,TRUE_NEGATIVE
Punjab,2013,10.0,3,16.2,257.6999999999999,499.50000000000006,585.3000000000001,13.616239316239316,2.5837606837606835,18.975582198229866,0.0,0,0.0654338469635321,0,2013-10-01,24.4,217.1,117.9,359.39999999999986,486.7,571.3000000000002,-93.5,-0.8660254037844386,0.5000000000000001,0,OCT,0,0.016523255,0,TRUE_NEGATIVE
East Uttar Pradesh,2003,10.0,3,7.6,642.8000000000002,1024.9,1091.1,42.43418803418803,-34.83418803418803,-82.08991298743152,34.83418803418803,0,-0.6966912762840075,0,2003-10-01,333.8,301.4,255.2,890.4000000000002,1026.1,1104.1,78.60000000000002,-0.8660254037844386,0.5000000000000001,0,OCT,0,0.01650443,0,TRUE_NEGATIVE
Vidarbha,2000,12.0,3,0.5,11.499999999999602,823.8000000000002,1105.2000000000005,7.792307692307693,-7.292307692307693,-93.58341559723593,7.292307692307693,0,-0.4087589101074818,0,2000-12-01,0.0,11.0,54.0,64.9999999999996,1059.2000000000005,1104.7000000000005,-54.0,-2.4492935982947064e-16,1.0,0,DEC,0,0.01649328,0,TRUE_NEGATIVE
East Madhya Pradesh,2001,12.0,3,0.0,110.99999999999947,873.7000000000007,1170.1,8.260683760683762,-8.260683760683762,-100.0,8.260683760683762,0,-0.5102280752369608,0,2001-12-01,1.0,110.0,50.4,161.3999999999995,1129.2000000000007,1170.1,-49.4,-2.4492935982947064e-16,1.0,0,DEC,0,0.016492274,0,TRUE_NEGATIVE
Saurashtra & Kutch,2002,11.0,3,0.2,15.499999999999886,307.4000000000002,307.3999999999999,5.992307692307692,-5.792307692307692,-96.66238767650836,5.792307692307692,0,-0.339112950279984,0,2002-11-01,0.2,15.1,117.5,132.7999999999999,307.2000000000002,307.19999999999993,-117.3,-0.5000000000000004,0.8660254037844384,0,NOV,0,0.016484665,0,TRUE_NEGATIVE
Saurashtra & Kutch,2010,10.0,3,11.6,590.4999999999999,1055.5000000000002,1057.1,14.856410256410255,-3.2564102564102573,-21.919226786330693,3.2564102564102573,0,-0.1075268878204105,0,2010-10-01,187.6,391.3,393.8,972.7,1043.9,1048.8,-206.2,-0.8660254037844386,0.5000000000000001,0,OCT,0,0.01646162,0,TRUE_NEGATIVE
Bihar,2008,12.0,3,0.0,21.50000000000045,813.8999999999995,1197.6,3.631623931623932,-3.631623931623932,-100.0,3.631623931623932,0,-0.5000768318591443,0,2008-12-01,0.1,21.4,117.1,138.60000000000045,1105.0999999999997,1205.1,-117.0,-2.4492935982947064e-16,1.0,0,DEC,0,0.01646152,0,TRUE_NEGATIVE
Vidarbha,2006,12.0,3,0.0,54.79999999999955,1012.8000000000004,1215.5,7.792307692307693,-7.792307692307693,-100.0,7.792307692307693,0,-0.4367856286275096,0,2006-12-01,11.1,43.7,175.8,230.5999999999996,1127.8000000000004,1215.7,-164.70000000000002,-2.4492935982947064e-16,1.0,0,DEC,0,0.016450992,0,TRUE_NEGATIVE
East Rajasthan,2007,10.0,3,0.0,254.0,545.5,575.7000000000003,14.394017094017093,-14.394017094017093,-100.0,14.394017094017093,0,-0.5779623867761248,0,2007-10-01,86.1,167.9,223.0,477.0,547.0,578.1000000000003,-136.9,-0.8660254037844386,0.5000000000000001,0,OCT,0,0.016427994,0,TRUE_NEGATIVE
South Interior Karnataka,2003,12.0,3,3.6,207.50000000000003,574.1,762.6999999999999,11.651282051282053,-8.051282051282053,-69.10211267605635,8.051282051282053,0,-0.5085135938294313,0,2003-12-01,11.5,192.4,51.9,255.80000000000004,688.6999999999999,759.7,-40.4,-2.4492935982947064e-16,1.0,0,DEC,0,0.016403787,0,TRUE_NEGATIVE
Punjab,2009,10.0,3,4.0,135.49999999999994,309.7,359.5000000000001,13.616239316239316,-9.616239316239316,-70.6233130374741,9.616239316239316,0,-0.2435316613254053,0,2009-10-01,54.7,76.8,158.0,289.49999999999994,319.7,365.4000000000001,-103.3,-0.8660254037844386,0.5000000000000001,0,OCT,0,0.016392972,0,TRUE_NEGATIVE
Jharkhand,2004,11.0,3,0.1,339.69999999999993,1051.8000000000004,1142.6,11.739316239316238,-11.63931623931624,-99.14816163087004,11.63931623931624,0,-0.5605283203000303,0,2004-11-01,128.1,211.5,327.0,666.6,1082.8000000000002,1148.7,-198.9,-0.5000000000000004,0.8660254037844384,0,NOV,0,0.016350463,0,TRUE_NEGATIVE
Haryana Delhi & Chandigarh,2009,11.0,3,1.1,164.4,349.80000000000007,395.0999999999999,3.223931623931624,-2.123931623931624,-65.88016967126192,2.123931623931624,0,-0.2898280311072605,0,2009-11-01,2.5,160.8,63.8,227.1,366.4,399.49999999999983,-61.3,-0.5000000000000004,0.8660254037844384,0,NOV,0,0.016342856,0,TRUE_NEGATIVE
East Madhya Pradesh,2012,11.0,3,3.8,189.09999999999943,1007.5000000000008,1050.5000000000002,12.494017094017094,-8.694017094017095,-69.58544260500753,8.694017094017095,0,-0.3746449635215447,0,2012-11-01,12.7,172.6,351.7,536.9999999999994,1004.9000000000004,1046.7000000000005,-339.0,-0.5000000000000004,0.8660254037844384,0,NOV,0,0.016319524,0,TRUE_NEGATIVE
East Rajasthan,2003,12.0,3,2.3,2.4,520.3,626.6000000000003,3.617948717948718,-1.3179487179487182,-36.42806520198441,1.3179487179487182,0,-0.1966904014905824,0,2003-12-01,0.0,0.1,93.6,93.7,594.6,628.8000000000003,-93.6,-2.4492935982947064e-16,1.0,0,DEC,0,0.016288856,0,TRUE_NEGATIVE
Saurashtra & Kutch,2014,10.0,3,5.2,223.19999999999987,380.3000000000001,381.2,14.856410256410255,-9.656410256410258,-64.998274076631,9.656410256410258,0,-0.3188553224658788,0,2014-10-01,99.2,118.8,137.7,355.6999999999999,375.60000000000014,404.6,-38.49999999999999,-0.8660254037844386,0.5000000000000001,0,OCT,0,0.016262105,0,TRUE_NEGATIVE
East Rajasthan,2008,10.0,3,3.0,283.6,632.4,642.5000000000002,14.394017094017093,-11.394017094017093,-79.1580072442254,11.394017094017093,0,-0.4575035079931429,0,2008-10-01,112.7,167.9,166.1,446.7,638.4,639.5000000000002,-53.39999999999999,-0.8660254037844386,0.5000000000000001,0,OCT,0,0.01626187,0,TRUE_NEGATIVE
East Madhya Pradesh,2003,12.0,3,2.9,23.899999999999487,1254.2000000000007,1438.0000000000002,8.260683760683762,-5.360683760683761,-64.89394723228142,5.360683760683761,0,-0.3311071379085585,0,2003-12-01,0.5,20.5,493.3,514.2999999999995,1371.2000000000007,1436.3000000000002,-492.8,-2.4492935982947064e-16,1.0,0,DEC,0,0.016261617,0,TRUE_NEGATIVE
Punjab,2001,10.0,3,1.5,90.89999999999992,395.5,439.2000000000001,13.616239316239316,-12.116239316239316,-88.9837423890528,12.116239316239316,0,-0.3068442654829745,0,2001-10-01,19.9,69.5,173.9,263.2999999999999,418.5,437.7000000000001,-154.0,-0.8660254037844386,0.5000000000000001,0,OCT,0,0.01619187,0,TRUE_NEGATIVE
West Rajasthan,2002,2.0,0,2.6,2.8999999999999715,13.000000000000227,286.6,4.862393162393162,-2.262393162393162,-46.52838811741958,2.262393162393162,0,-0.2897370336615227,0,2002-02-01,0.3,0.0,0.0,0.2999999999999715,79.10000000000024,285.1000000000001,0.3,0.8660254037844386,0.5000000000000001,0,FEB,0,0.016188344,0,TRUE_NEGATIVE
Orissa,2003,12.0,3,28.8,327.19999999999936,1384.1,1648.1999999999998,5.517948717948718,23.282051282051285,421.9330855018588,0.0,0,2.064455225166554,0,2003-12-01,11.0,287.4,264.3,562.6999999999994,1534.2,1619.4,-253.3,-2.4492935982947064e-16,1.0,0,DEC,0,0.016150478,0,TRUE_NEGATIVE
South Interior Karnataka,2011,12.0,3,5.0,206.50000000000009,719.5999999999999,1087.3,11.651282051282053,-6.6512820512820525,-57.086267605633815,6.6512820512820525,0,-0.4200905294246958,0,2011-12-01,56.7,144.8,111.2,312.70000000000005,891.6999999999999,1084.8,-54.5,-2.4492935982947064e-16,1.0,0,DEC,0,0.016135968,0,TRUE_NEGATIVE
West Uttar Pradesh,2004,12.0,3,0.2,61.399999999999885,520.0999999999998,642.3999999999999,7.006837606837607,-6.806837606837607,-97.14564527933642,6.806837606837607,0,-0.6979680703400366,0,2004-12-01,0.7,60.5,84.0,145.19999999999987,579.1999999999998,655.8,-83.3,-2.4492935982947064e-16,1.0,0,DEC,0,0.016096976,0,TRUE_NEGATIVE
Gujarat Region,2012,10.0,3,7.1,501.2000000000003,713.7999999999998,713.8999999999997,20.91794871794872,-13.81794871794872,-66.05785731797009,13.81794871794872,0,-0.3999200910722061,0,2012-10-01,263.8,230.3,178.2,672.3000000000003,706.6999999999998,707.1999999999997,85.60000000000002,-0.8660254037844386,0.5000000000000001,0,OCT,0,0.01608049,0,TRUE_NEGATIVE
Gujarat Region,2002,12.0,3,0.1,0.8000000000002274,398.7999999999998,637.1999999999997,1.4102564102564104,-1.3102564102564105,-92.9090909090909,1.3102564102564105,0,-0.3633241364972966,0,2002-12-01,0.1,0.6,113.7,114.40000000000023,632.8999999999997,637.0999999999997,-113.6,-2.4492935982947064e-16,1.0,0,DEC,0,0.016067782,0,TRUE_NEGATIVE
Matathwada,2004,12.0,3,0.0,85.30000000000014,539.1999999999998,678.6000000000001,7.202564102564103,-7.202564102564103,-100.0,7.202564102564103,0,-0.4429369375650455,0,2004-12-01,27.2,58.1,177.2,262.5000000000001,639.1999999999999,679.4000000000001,-150.0,-2.4492935982947064e-16,1.0,0,DEC,0,0.016060246,0,TRUE_NEGATIVE
Punjab,2015,11.0,3,0.8,78.99999999999983,346.1,524.2,4.117948717948718,-3.3179487179487186,-80.57285180572853,3.3179487179487186,0,-0.407017777806695,0,2015-11-01,9.0,69.2,88.6,166.79999999999984,362.0,524.1000000000001,-79.6,-0.5000000000000004,0.8660254037844384,0,NOV,0,0.016059883,0,TRUE_NEGATIVE
Saurashtra & Kutch,2016,2.0,0,0.0,0.0,83.50000000000017,440.7,1.588034188034188,-1.588034188034188,-100.0,1.588034188034188,0,-0.3746404279887505,0,2016-02-01,0.0,0.0,0.3,0.2999999999998863,94.10000000000016,440.7,-0.3,0.8660254037844386,0.5000000000000001,0,FEB,0,0.01604254,0,TRUE_NEGATIVE
Saurashtra & Kutch,2003,10.0,3,3.0,215.39999999999984,685.8000000000003,687.0,14.856410256410255,-11.856410256410255,-79.80669658267173,11.856410256410255,0,-0.3914994718752585,0,2003-10-01,21.7,190.7,402.2,614.5999999999998,682.8000000000003,684.1999999999999,-380.5,-0.8660254037844386,0.5000000000000001,0,OCT,0,0.01603078,0,TRUE_NEGATIVE
Punjab,2006,10.0,3,24.6,236.0999999999999,561.5,627.6000000000001,13.616239316239316,10.983760683760686,80.66662481953426,0.0,0,0.2781641969329647,0,2006-10-01,120.7,90.8,220.3,431.7999999999999,538.1999999999999,603.4000000000001,-99.6,-0.8660254037844386,0.5000000000000001,0,OCT,0,0.01600311,0,TRUE_NEGATIVE
West Rajasthan,2005,2.0,0,14.2,17.19999999999997,44.50000000000023,210.00000000000009,4.862393162393162,9.337606837606838,192.03726489717,0.0,0,1.1958356980552085,0,2005-02-01,1.4,1.6,0.0,2.999999999999972,124.60000000000024,195.80000000000007,1.4,0.8660254037844386,0.5000000000000001,0,FEB,0,0.01599356,0,TRUE_NEGATIVE
West Rajasthan,2010,11.0,3,20.1,117.5,460.3000000000002,468.2000000000001,1.6435897435897435,18.45641025641026,1122.9329173166925,0.0,0,4.0990801173229565,0,2010-11-01,0.9,96.5,163.4,260.79999999999995,443.2000000000002,448.2000000000001,-162.5,-0.5000000000000004,0.8660254037844384,0,NOV,0,0.015984984,0,TRUE_NEGATIVE
Punjab,2016,10.0,3,1.9,164.09999999999985,394.6,444.0000000000001,13.616239316239316,-11.716239316239315,-86.04607369280019,11.716239316239315,0,-0.2967142488177635,0,2016-10-01,17.4,144.8,153.1,315.29999999999984,393.5,451.1000000000001,-135.7,-0.8660254037844386,0.5000000000000001,0,OCT,0,0.015981086,0,TRUE_NEGATIVE
Saurashtra & Kutch,2002,10.0,3,0.2,132.7999999999999,307.2000000000002,307.19999999999993,14.856410256410255,-14.656410256410258,-98.65377977217813,14.656410256410258,0,-0.4839556620326509,0,2002-10-01,15.1,117.5,8.0,140.59999999999988,307.0000000000002,314.5999999999999,7.1,-0.8660254037844386,0.5000000000000001,0,OCT,0,0.015979309,0,TRUE_NEGATIVE
Jharkhand,2009,11.0,3,4.0,334.99999999999983,912.3000000000004,995.8,11.739316239316238,-7.7393162393162385,-65.9264652348016,7.7393162393162385,0,-0.372711406984636,0,2009-11-01,82.2,248.8,248.0,578.9999999999999,986.4000000000004,992.8,-165.8,-0.5000000000000004,0.8660254037844384,0,NOV,0,0.015975958,0,TRUE_NEGATIVE
Punjab,2007,10.0,3,0.6,289.69999999999993,455.1,603.4,13.616239316239316,-13.016239316239316,-95.59349695562112,13.016239316239316,0,-0.3296368029796995,0,2007-10-01,73.7,215.4,95.1,384.1999999999999,464.5,627.4000000000001,-21.39999999999999,-0.8660254037844386,0.5000000000000001,0,OCT,0,0.015961353,0,TRUE_NEGATIVE
East Uttar Pradesh,2012,12.0,3,0.7,1.700000000000227,556.3,602.7,5.677777777777777,-4.977777777777777,-87.67123287671232,4.977777777777777,0,-0.5895620790411017,0,2012-12-01,0.3,0.7,164.4,165.40000000000023,574.0999999999999,602.0000000000001,-164.1,-2.4492935982947064e-16,1.0,0,DEC,0,0.015942095,0,TRUE_NEGATIVE
Gujarat Region,2011,1.0,0,0.0,41.20000000000023,700.9999999999998,1088.4999999999995,1.7555555555555555,-1.7555555555555555,-100.0,1.7555555555555555,0,-0.3713829638787719,0,2011-01-01,0.2,41.0,12.2,53.40000000000023,1029.1999999999998,1088.6999999999996,-12.0,0.4999999999999999,0.8660254037844387,0,JAN,0,0.015928052,0,TRUE_NEGATIVE
East Rajasthan,2001,10.0,3,9.2,143.3,537.8,545.6000000000001,14.394017094017093,-5.194017094017093,-36.08455554895789,5.194017094017093,0,-0.2085551585083136,0,2001-10-01,7.7,126.4,271.4,405.5,534.9999999999999,536.8000000000001,-263.7,-0.8660254037844386,0.5000000000000001,0,OCT,0,0.015922477,0,TRUE_NEGATIVE
Vidarbha,2003,12.0,3,1.3,44.69999999999955,864.6000000000003,1018.5,7.792307692307693,-6.492307692307693,-83.31688055281343,6.492307692307693,0,-0.3639161604754374,0,2003-12-01,0.8,42.6,138.0,181.39999999999955,1003.5,1017.3,-137.2,-2.4492935982947064e-16,1.0,0,DEC,0,0.015902674,0,TRUE_NEGATIVE
Punjab,2008,10.0,3,9.9,381.8999999999999,679.9000000000001,727.2000000000002,13.616239316239316,-3.716239316239316,-27.292699767748413,3.716239316239316,0,-0.0941139155135421,0,2008-10-01,59.8,312.2,101.9,473.8999999999999,689.6999999999999,717.9,-42.10000000000001,-0.8660254037844386,0.5000000000000001,0,OCT,0,0.015902093,0,TRUE_NEGATIVE
Gangetic West Bengal,2015,12.0,3,6.3,41.300000000000345,1099.0,1530.2,5.712820512820513,0.5871794871794869,10.278276481149009,0.0,0,0.0484248482971801,0,2015-12-01,2.3,32.7,164.0,199.00000000000037,1339.9,1524.5000000000002,-161.7,-2.4492935982947064e-16,1.0,0,DEC,0,0.015869627,0,TRUE_NEGATIVE
Uttarakhand,2002,11.0,3,3.0,324.1999999999998,1134.8999999999992,1585.6,8.04957264957265,-5.049572649572649,-62.73094075175196,5.049572649572649,0,-0.3992285879279956,0,2002-11-01,19.9,301.3,465.4,786.5999999999998,1214.1999999999991,1584.0,-445.5,-0.5000000000000004,0.8660254037844384,0,NOV,0,0.015860314,0,TRUE_NEGATIVE
South Interior Karnataka,2016,12.0,3,31.0,62.00000000000006,407.19999999999993,687.4,11.651282051282053,19.348717948717947,166.0651408450704,0.0,0,1.2220520952346776,0,2016-12-01,9.1,21.9,62.8,93.80000000000004,548.3999999999999,660.8,-53.7,-2.4492935982947064e-16,1.0,0,DEC,0,0.015855255,0,TRUE_NEGATIVE
Gujarat Region,2003,10.0,3,1.9,426.0000000000002,1154.0,1160.4,20.91794871794872,-19.01794871794872,-90.91689139494974,19.01794871794872,0,-0.5504188746488315,0,2003-10-01,109.5,314.6,518.7,942.8000000000004,1152.1,1159.0999999999997,-409.2000000000001,-0.8660254037844386,0.5000000000000001,0,OCT,0,0.0158541,0,TRUE_NEGATIVE
Saurashtra & Kutch,2005,1.0,0,0.0,0.0,283.5000000000002,482.1,1.1205128205128203,-1.1205128205128203,-100.0,1.1205128205128203,0,-0.4751109291386094,0,2005-01-01,0.0,0.0,19.7,19.69999999999989,373.5000000000002,482.3,-19.7,0.4999999999999999,0.8660254037844387,0,JAN,0,0.01583806,0,TRUE_NEGATIVE
Saurashtra & Kutch,2007,1.0,0,0.0,0.8999999999999431,260.30000000000024,701.8,1.1205128205128203,-1.1205128205128203,-100.0,1.1205128205128203,0,-0.4751109291386094,0,2007-01-01,0.6,0.3,1.4,2.299999999999943,633.7000000000003,701.8,-0.7999999999999999,0.4999999999999999,0.8660254037844387,0,JAN,0,0.015831528,0,TRUE_NEGATIVE
East Madhya Pradesh,2007,12.0,3,1.5,27.39999999999944,527.9000000000007,653.7000000000003,8.260683760683762,-6.7606837606837615,-81.84169684428349,6.7606837606837615,0,-0.4175793145498562,0,2007-12-01,22.8,3.1,130.1,155.99999999999943,601.2000000000006,655.2000000000003,-107.3,-2.4492935982947064e-16,1.0,0,DEC,0,0.015823359,0,TRUE_NEGATIVE
Saurashtra & Kutch,2017,1.0,0,0.1,0.0999999999998863,340.4000000000002,483.1,1.1205128205128203,-1.0205128205128204,-91.07551487414187,1.0205128205128204,0,-0.4327097249363078,0,2017-01-01,0.0,0.0,64.7,64.6999999999999,450.3000000000002,483.0,-64.7,0.4999999999999999,0.8660254037844387,0,JAN,0,0.015818948,0,TRUE_NEGATIVE
Punjab,2005,10.0,3,0.4,202.39999999999992,418.9,557.8000000000001,13.616239316239316,-13.216239316239315,-97.0623313037474,13.216239316239315,0,-0.334701811312305,0,2005-10-01,106.7,95.3,176.7,378.69999999999993,426.9,588.6000000000001,-69.99999999999999,-0.8660254037844386,0.5000000000000001,0,OCT,0,0.015809292,0,TRUE_NEGATIVE
Orissa,2008,12.0,3,0.0,24.79999999999949,1074.5,1538.9999999999998,5.517948717948718,-5.517948717948718,-100.0,5.517948717948718,0,-0.4892849828808836,0,2008-12-01,2.7,22.1,355.0,379.7999999999995,1418.0,1538.9999999999998,-352.3,-2.4492935982947064e-16,1.0,0,DEC,0,0.015804114,0,TRUE_NEGATIVE
East Madhya Pradesh,2012,12.0,3,2.7,19.19999999999943,942.4000000000004,1053.2000000000005,8.260683760683762,-5.560683760683761,-67.3150543197103,5.560683760683761,0,-0.3434603060001725,0,2012-12-01,3.8,12.7,172.6,189.09999999999943,1007.5000000000008,1050.5000000000002,-168.79999999999998,-2.4492935982947064e-16,1.0,0,DEC,0,0.015781531,0,TRUE_NEGATIVE
East Uttar Pradesh,2001,12.0,3,0.0,78.10000000000016,710.0999999999999,973.8,5.677777777777777,-5.677777777777777,-100.0,5.677777777777777,0,-0.6724692464062567,0,2001-12-01,2.8,75.3,152.1,230.20000000000016,939.1,974.0,-149.29999999999998,-2.4492935982947064e-16,1.0,0,DEC,0,0.015744261,0,TRUE_NEGATIVE
Jharkhand,2010,11.0,3,4.7,220.29999999999984,638.2000000000003,677.6,11.739316239316238,-7.039316239316238,-59.96359665089188,7.039316239316238,0,-0.3390006789536678,0,2010-11-01,55.1,160.5,155.1,370.6999999999998,662.7000000000003,676.9,-100.0,-0.5000000000000004,0.8660254037844384,0,NOV,0,0.015728353,0,TRUE_NEGATIVE
East Rajasthan,2014,10.0,3,3.2,401.1,630.0999999999999,683.8000000000002,14.394017094017093,-11.194017094017092,-77.76854106050709,11.194017094017092,0,-0.4494729160742774,0,2014-10-01,136.9,261.0,197.1,595.0,634.1999999999999,711.2000000000003,-60.19999999999999,-0.8660254037844386,0.5000000000000001,0,OCT,0,0.015720086,0,TRUE_NEGATIVE
Haryana Delhi & Chandigarh,2014,11.0,3,0.2,78.00000000000003,211.0,297.99999999999983,3.223931623931624,-3.023931623931624,-93.796394485684,3.023931623931624,0,-0.4126404724577415,0,2014-11-01,10.5,67.3,34.8,112.60000000000002,231.1,299.49999999999983,-24.3,-0.5000000000000004,0.8660254037844384,0,NOV,0,0.015695699,0,TRUE_NEGATIVE
Gangetic West Bengal,2011,12.0,3,1.4,39.60000000000023,998.6,1686.4,5.712820512820513,-4.3128205128205135,-75.49371633752246,4.3128205128205135,0,-0.3556794534316901,0,2011-12-01,1.3,36.9,295.9,334.1000000000002,1431.7,1714.7,-294.6,-2.4492935982947064e-16,1.0,0,DEC,0,0.015680721,0,TRUE_NEGATIVE
West Madhya Pradesh,2015,11.0,3,0.3,66.89999999999972,925.8000000000002,1057.0000000000002,12.133333333333333,-11.833333333333332,-97.52747252747253,11.833333333333332,0,-0.5063486089574117,0,2015-11-01,11.0,55.6,276.6,343.19999999999976,927.5,1059.7000000000005,-265.6,-0.5000000000000004,0.8660254037844384,0,NOV,0,0.015632903,0,TRUE_NEGATIVE
Matathwada,2012,12.0,3,0.0,69.10000000000014,451.5999999999999,526.7000000000002,7.202564102564103,-7.202564102564103,-100.0,7.202564102564103,0,-0.4429369375650455,0,2012-12-01,0.3,68.8,120.0,189.1000000000001,523.8,526.7000000000002,-119.7,-2.4492935982947064e-16,1.0,0,DEC,0,0.015631171,0,TRUE_NEGATIVE
Coastal Andhra Pradesh,2001,12.0,3,4.1,278.0999999999999,759.0000000000003,1009.5,11.550427350427348,-7.450427350427349,-64.5034778747965,7.450427350427349,0,-0.314044933956451,0,2001-12-01,78.0,196.0,187.2,461.1999999999999,872.1000000000004,1017.8,-109.2,-2.4492935982947064e-16,1.0,0,DEC,0,0.015531072,0,TRUE_NEGATIVE
Coastal Andhra Pradesh,2002,12.0,3,0.0,162.9999999999999,482.9000000000003,703.1999999999999,11.550427350427348,-11.550427350427348,-100.0,11.550427350427348,0,-0.4868651184452769,0,2002-12-01,14.3,148.7,71.7,234.69999999999987,598.1000000000003,707.3,-57.400000000000006,-2.4492935982947064e-16,1.0,0,DEC,0,0.015521722,0,TRUE_NEGATIVE
Jharkhand,2005,11.0,3,1.3,225.89999999999995,864.0000000000002,956.0,11.739316239316238,-10.439316239316238,-88.92610120131052,10.439316239316238,0,-0.5027385008183705,0,2005-11-01,83.1,141.5,214.5,439.0999999999999,886.2000000000003,954.8,-131.4,-0.5000000000000004,0.8660254037844384,0,NOV,0,0.01551036,0,TRUE_NEGATIVE
East Rajasthan,2009,10.0,3,10.9,169.7,403.4,409.2000000000002,14.394017094017093,-3.4940170940170923,-24.274092987352287,3.4940170940170923,0,-0.1402951271979572,0,2009-10-01,45.5,113.3,189.1,347.9,392.7,401.3000000000002,-143.6,-0.8660254037844386,0.5000000000000001,0,OCT,0,0.015501276,0,TRUE_NEGATIVE
Chhattisgarh,2014,11.0,3,2.6,333.20000000000044,1182.5,1277.5,11.572649572649572,-8.972649572649573,-77.53323485967503,8.972649572649573,0,-0.4585393316395169,0,2014-11-01,77.9,252.7,327.7,658.3000000000004,1204.9,1275.1999999999998,-249.8,-0.5000000000000004,0.8660254037844384,0,NOV,0,0.0154989185,0,TRUE_NEGATIVE
Punjab,2004,10.0,3,31.2,164.29999999999993,292.40000000000003,353.20000000000005,13.616239316239316,17.583760683760683,129.13815830770196,0.0,0,0.4453094719089472,0,2004-10-01,8.9,124.2,52.1,185.1999999999999,276.7,322.0,-43.2,-0.8660254037844386,0.5000000000000001,0,OCT,0,0.015442738,0,TRUE_NEGATIVE
Haryana Delhi & Chandigarh,2009,10.0,3,2.5,227.1,366.4,399.49999999999983,12.64871794871795,-10.14871794871795,-80.23515102371782,10.14871794871795,0,-0.4265702440608324,0,2009-10-01,160.8,63.8,106.4,331.0,375.6,405.3999999999998,54.400000000000006,-0.8660254037844386,0.5000000000000001,0,OCT,0,0.015387707,0,TRUE_NEGATIVE
Haryana Delhi & Chandigarh,2002,10.0,3,1.9,203.1,295.7,348.7999999999998,12.64871794871795,-10.74871794871795,-84.97871477802555,10.74871794871795,0,-0.4517894045232464,0,2002-10-01,123.0,78.2,19.4,220.6,294.9,357.9999999999998,103.6,-0.8660254037844386,0.5000000000000001,0,OCT,0,0.015378534,0,TRUE_NEGATIVE
West Madhya Pradesh,2005,11.0,3,0.0,156.39999999999972,713.8000000000002,751.7000000000002,12.133333333333333,-12.133333333333333,-100.0,12.133333333333333,0,-0.5191856159450645,0,2005-11-01,1.3,155.1,130.5,286.8999999999997,715.7000000000002,753.9000000000002,-129.2,-0.5000000000000004,0.8660254037844384,0,NOV,0,0.015377394,0,TRUE_NEGATIVE
Vidarbha,2001,12.0,3,0.0,133.89999999999958,733.1000000000003,1122.1,7.792307692307693,-7.792307692307693,-100.0,7.792307692307693,0,-0.4367856286275096,0,2001-12-01,4.7,129.2,37.4,171.2999999999996,1071.7,1122.6,-32.7,-2.4492935982947064e-16,1.0,0,DEC,0,0.015377379,0,TRUE_NEGATIVE
West Madhya Pradesh,2013,11.0,3,0.3,167.89999999999972,1349.3000000000002,1393.8000000000004,12.133333333333333,-11.833333333333332,-97.52747252747253,11.833333333333332,0,-0.5063486089574117,0,2013-11-01,68.7,98.9,432.6,600.1999999999998,1349.4000000000003,1393.5000000000005,-363.9,-0.5000000000000004,0.8660254037844384,0,NOV,0,0.015367997,0,TRUE_NEGATIVE
West Rajasthan,2003,2.0,0,21.2,29.69999999999997,52.90000000000023,113.00000000000006,4.862393162393162,16.337606837606838,335.9992968887327,0.0,0,2.092302001677374,0,2003-02-01,2.5,6.0,2.5,10.999999999999972,48.90000000000023,94.40000000000003,0.0,0.8660254037844386,0.5000000000000001,0,FEB,0,0.01536255,0,TRUE_NEGATIVE
Vidarbha,2009,12.0,3,1.2,106.89999999999954,683.4000000000004,770.8000000000001,7.792307692307693,-6.592307692307693,-84.60019743336625,6.592307692307693,0,-0.3695215041794429,0,2009-12-01,63.8,41.9,90.3,195.99999999999957,760.3000000000004,769.7000000000002,-26.5,-2.4492935982947064e-16,1.0,0,DEC,0,0.015318901,0,TRUE_NEGATIVE
Coastal Andhra Pradesh,2007,11.0,3,11.9,466.7,1072.2000000000005,1098.9,77.08290598290598,-65.18290598290598,-84.5620765742291,65.18290598290598,0,-0.8608109914782485,0,2007-11-01,167.7,287.1,164.4,619.2,1073.3000000000004,1142.3,3.299999999999983,-0.5000000000000004,0.8660254037844384,0,NOV,0,0.015293056,0,TRUE_NEGATIVE
Chhattisgarh,2016,11.0,3,0.0,375.4000000000005,1257.6999999999998,1317.4,11.572649572649572,-11.572649572649572,-100.0,11.572649572649572,0,-0.5914100352828213,0,2016-11-01,79.8,295.6,357.1,732.5000000000005,1277.2999999999995,1318.0,-277.3,-0.5000000000000004,0.8660254037844384,0,NOV,0,0.015261551,0,TRUE_NEGATIVE
Gujarat Region,2003,2.0,0,6.1,6.200000000000227,120.59999999999978,639.1999999999996,1.170940170940171,4.929059829059828,420.948905109489,0.0,0,1.7294476912620025,0,2003-02-01,0.0,0.1,0.1,0.2000000000002273,352.9999999999998,633.0999999999997,-0.1,0.8660254037844386,0.5000000000000001,0,FEB,0,0.015255089,0,TRUE_NEGATIVE
Jharkhand,2007,12.0,3,0.0,47.199999999999946,1155.9000000000003,1437.3000000000002,4.856410256410257,-4.856410256410257,-100.0,4.856410256410257,0,-0.5363958890242204,0,2007-12-01,7.6,39.6,324.7,371.8999999999999,1281.3000000000002,1437.3000000000002,-317.1,-2.4492935982947064e-16,1.0,0,DEC,0,0.015202322,0,TRUE_NEGATIVE
South Interior Karnataka,2000,12.0,3,12.1,232.4,917.0,1207.3,11.651282051282053,0.4487179487179471,3.851232394366183,0.0,0,0.0283407257707484,0,2000-12-01,14.1,206.2,183.5,403.8,1072.4,1198.7,-169.4,-2.4492935982947064e-16,1.0,0,DEC,0,0.015173008,0,TRUE_NEGATIVE
East Madhya Pradesh,2010,12.0,3,3.3,37.79999999999944,886.4000000000007,960.6000000000004,8.260683760683762,-4.960683760683762,-60.0517330574237,4.960683760683762,0,-0.3064008017253307,0,2010-12-01,10.9,23.6,213.4,247.89999999999944,941.5000000000008,976.3000000000004,-202.5,-2.4492935982947064e-16,1.0,0,DEC,0,0.0151703935,0,TRUE_NEGATIVE
Vidarbha,2015,12.0,3,0.2,7.199999999999545,600.8000000000004,993.6,7.792307692307693,-7.592307692307693,-97.43336623889437,7.592307692307693,0,-0.4255749412194984,0,2015-12-01,0.0,7.0,167.5,174.49999999999957,855.2000000000005,995.7,-167.5,-2.4492935982947064e-16,1.0,0,DEC,0,0.015163185,0,TRUE_NEGATIVE
Bihar,2000,10.0,3,9.6,525.8000000000003,1153.4999999999995,1214.4,62.94444444444444,-53.34444444444444,-84.74845542806707,53.34444444444444,0,-0.9389341615232576,0,2000-10-01,314.8,201.4,264.3,780.5000000000003,1181.0999999999997,1318.9,50.5,-0.8660254037844386,0.5000000000000001,0,OCT,0,0.015127616,0,TRUE_NEGATIVE
West Madhya Pradesh,2013,12.0,3,2.4,71.39999999999972,1088.0000000000005,1396.2000000000005,6.205982905982906,-3.805982905982906,-61.32764082082358,3.805982905982906,0,-0.2837999956673688,0,2013-12-01,0.3,68.7,98.9,167.89999999999972,1349.3000000000002,1393.8000000000004,-98.6,-2.4492935982947064e-16,1.0,0,DEC,0,0.015116495,0,TRUE_NEGATIVE
North Interior Karnataka,2004,12.0,3,0.2,66.09999999999982,405.1999999999999,641.9,6.235897435897436,-6.035897435897436,-96.79276315789474,6.035897435897436,0,-0.4667794675004647,0,2004-12-01,4.3,61.6,134.6,200.49999999999983,511.0999999999998,643.9,-130.29999999999998,-2.4492935982947064e-16,1.0,0,DEC,0,0.015116083,0,TRUE_NEGATIVE
Saurashtra & Kutch,2013,10.0,3,28.6,372.0999999999999,671.1000000000001,682.6,14.856410256410255,13.743589743589745,92.50949257852952,0.0,0,0.4538142667066147,0,2013-10-01,260.2,83.3,171.2,514.6999999999998,651.0000000000002,656.4,89.0,-0.8660254037844386,0.5000000000000001,0,OCT,0,0.015115855,0,TRUE_NEGATIVE
Haryana Delhi & Chandigarh,2016,10.0,3,5.2,153.00000000000003,375.3,400.1999999999999,12.64871794871795,-7.44871794871795,-58.889114129333066,7.44871794871795,0,-0.3130840219799692,0,2016-10-01,14.8,133.0,159.8,307.6,370.7,398.6999999999998,-145.0,-0.8660254037844386,0.5000000000000001,0,OCT,0,0.015101303,0,TRUE_NEGATIVE
West Madhya Pradesh,2007,11.0,3,10.5,148.79999999999973,774.9000000000003,808.9000000000002,12.133333333333333,-1.6333333333333329,-13.461538461538458,1.6333333333333329,0,-0.0698903713772202,0,2007-11-01,0.0,138.3,220.6,358.8999999999997,779.0000000000002,807.0000000000002,-220.6,-0.5000000000000004,0.8660254037844384,0,NOV,0,0.015094369,0,TRUE_NEGATIVE
Chhattisgarh,2011,11.0,3,0.0,397.7000000000005,1233.6,1327.4,11.572649572649572,-11.572649572649572,-100.0,11.572649572649572,0,-0.5914100352828213,0,2011-11-01,15.5,382.2,379.8,777.5000000000005,1250.4,1347.6,-364.3,-0.5000000000000004,0.8660254037844384,0,NOV,0,0.015076897,0,TRUE_NEGATIVE
West Madhya Pradesh,2008,11.0,3,7.5,160.0999999999997,781.9000000000002,791.7000000000003,12.133333333333333,-4.633333333333333,-38.18681318681318,4.633333333333333,0,-0.1982604412537471,0,2008-11-01,12.9,139.7,205.8,358.3999999999997,778.2000000000002,794.7000000000003,-192.9,-0.5000000000000004,0.8660254037844384,0,NOV,0,0.015057055,0,TRUE_NEGATIVE
Chhattisgarh,2004,11.0,3,0.7,171.10000000000056,1058.9999999999998,1159.5,11.572649572649572,-10.872649572649571,-93.95125553914328,10.872649572649571,0,-0.5556371535327009,0,2004-11-01,43.9,126.5,351.7,522.1000000000006,1065.0999999999997,1164.6,-307.8,-0.5000000000000004,0.8660254037844384,0,NOV,0,0.015049639,0,TRUE_NEGATIVE
Orissa,2007,12.0,3,0.0,80.39999999999944,1187.8000000000002,1633.8000000000002,5.517948717948718,-5.517948717948718,-100.0,5.517948717948718,0,-0.4892849828808836,0,2007-12-01,14.0,66.4,401.7,482.09999999999945,1508.8000000000002,1633.8000000000002,-387.7,-2.4492935982947064e-16,1.0,0,DEC,0,0.015034563,0,TRUE_NEGATIVE
East Uttar Pradesh,2010,12.0,3,0.1,20.10000000000023,641.3,692.1000000000001,5.677777777777777,-5.5777777777777775,-98.23874755381604,5.5777777777777775,0,-0.6606253653540918,0,2010-12-01,4.5,15.5,184.5,204.50000000000023,665.0999999999999,695.0000000000001,-180.0,-2.4492935982947064e-16,1.0,0,DEC,0,0.015013943,0,TRUE_NEGATIVE
Punjab,2003,11.0,3,2.2,54.39999999999992,326.5,423.50000000000006,4.117948717948718,-1.9179487179487185,-46.57534246575343,1.9179487179487185,0,-0.2352776644508561,0,2003-11-01,0.0,52.2,94.7,146.89999999999992,328.19999999999993,421.30000000000007,-94.7,-0.5000000000000004,0.8660254037844384,0,NOV,0,0.015010863,0,TRUE_NEGATIVE
East Rajasthan,2014,12.0,3,1.1,4.300000000000001,599.3,683.3000000000002,3.617948717948718,-2.517948717948718,-69.59603118355776,2.517948717948718,0,-0.3757781600462098,0,2014-12-01,0.0,3.2,136.9,140.1,621.6999999999999,682.5000000000002,-136.9,-2.4492935982947064e-16,1.0,0,DEC,0,0.015004061,0,TRUE_NEGATIVE
Gangetic West Bengal,2001,12.0,3,0.0,172.40000000000023,896.3000000000001,1540.6999999999998,5.712820512820513,-5.712820512820513,-100.0,5.712820512820513,0,-0.4711378253542245,0,2001-12-01,8.8,163.6,205.9,378.3000000000002,1280.5000000000002,1540.8,-197.1,-2.4492935982947064e-16,1.0,0,DEC,0,0.01499036,0,TRUE_NEGATIVE
West Uttar Pradesh,2013,12.0,3,8.9,71.79999999999988,644.9999999999999,932.6999999999998,7.006837606837607,1.893162393162393,27.01878506952916,0.0,0,0.1941234650682045,0,2013-12-01,1.7,61.2,52.2,115.0999999999999,826.6999999999998,925.7999999999998,-50.5,-2.4492935982947064e-16,1.0,0,DEC,0,0.014980787,0,TRUE_NEGATIVE
Haryana Delhi & Chandigarh,2008,10.0,3,8.4,297.1,687.8,706.2999999999998,12.64871794871795,-4.24871794871795,-33.59010743969188,4.24871794871795,0,-0.1785818328470943,0,2008-10-01,114.5,174.2,124.3,413.0,692.8,697.9999999999998,-9.799999999999995,-0.8660254037844386,0.5000000000000001,0,OCT,0,0.014945324,0,TRUE_NEGATIVE
Haryana Delhi & Chandigarh,2001,10.0,3,11.1,124.9,435.1,486.69999999999976,12.64871794871795,-1.5487179487179503,-12.244070545307126,1.5487179487179503,0,-0.0650956107662311,0,2001-10-01,10.3,103.5,145.2,259.0,443.8,475.5999999999997,-134.89999999999998,-0.8660254037844386,0.5000000000000001,0,OCT,0,0.014931725,0,TRUE_NEGATIVE
Gangetic West Bengal,2008,12.0,3,0.2,72.50000000000023,930.4,1555.4,5.712820512820513,-5.512820512820513,-96.49910233393176,5.512820512820513,0,-0.4546437722224338,0,2008-12-01,0.0,72.3,267.3,339.60000000000025,1344.7,1555.1999999999998,-267.3,-2.4492935982947064e-16,1.0,0,DEC,0,0.014927321,0,TRUE_NEGATIVE
West Uttar Pradesh,2012,12.0,3,2.0,2.5999999999998864,364.5999999999998,389.5999999999998,7.006837606837607,-5.006837606837607,-71.45645279336424,5.006837606837607,0,-0.5133974078417798,0,2012-12-01,0.1,0.5,67.8,68.39999999999988,366.5999999999997,389.0999999999998,-67.7,-2.4492935982947064e-16,1.0,0,DEC,0,0.014922799,0,TRUE_NEGATIVE
Haryana Delhi & Chandigarh,2003,12.0,3,11.0,11.1,512.9,597.3999999999999,7.107692307692308,3.892307692307692,54.76190476190476,0.0,0,0.3622663393629852,0,2003-12-01,0.1,0.0,58.9,59.0,528.5,595.1999999999998,-58.8,-2.4492935982947064e-16,1.0,0,DEC,0,0.014916057,0,TRUE_NEGATIVE
Gujarat Region,2016,2.0,0,0.0,0.0,95.89999999999978,621.1999999999997,1.170940170940171,-1.170940170940171,-100.0,1.170940170940171,0,-0.4108450384999035,0,2016-02-01,0.0,0.0,0.3,0.3000000000002842,133.29999999999978,621.1999999999997,-0.3,0.8660254037844386,0.5000000000000001,0,FEB,0,0.014914361,0,TRUE_NEGATIVE
East Rajasthan,2002,12.0,3,4.5,6.1,191.4,285.3000000000002,3.617948717948718,0.882051282051282,24.379872430900072,0.0,0,0.1316371558614014,0,2002-12-01,0.8,0.8,41.2,42.8,258.3,286.6000000000002,-40.400000000000006,-2.4492935982947064e-16,1.0,0,DEC,0,0.014912422,0,TRUE_NEGATIVE
West Rajasthan,2013,12.0,3,0.0,11.1,312.5000000000002,389.50000000000006,1.8854700854700848,-1.8854700854700848,-100.0,1.8854700854700848,0,-0.4961488961238145,0,2013-12-01,1.0,10.1,58.7,69.8,350.1000000000002,390.1000000000001,-57.7,-2.4492935982947064e-16,1.0,0,DEC,0,0.01486552,0,TRUE_NEGATIVE
Bihar,2011,10.0,3,10.0,522.8000000000004,1049.3999999999994,1101.5,62.94444444444444,-52.94444444444444,-84.11297440423654,52.94444444444444,0,-0.9318936220908818,0,2011-10-01,234.1,278.7,241.1,753.9000000000004,1063.2999999999995,1125.1,-7.0,-0.8660254037844386,0.5000000000000001,0,OCT,0,0.01485865,0,TRUE_NEGATIVE
Jharkhand,2016,11.0,3,0.0,333.0999999999998,1152.6,1266.8000000000002,11.739316239316238,-11.739316239316238,-100.0,11.739316239316238,0,-0.5653441385901686,0,2016-11-01,45.6,287.5,395.6,728.6999999999998,1225.4,1267.0,-350.0,-0.5000000000000004,0.8660254037844384,0,NOV,0,0.014853069,0,TRUE_NEGATIVE
Chhattisgarh,2007,11.0,3,2.0,328.9000000000005,1236.9999999999998,1281.4,11.572649572649572,-9.572649572649572,-82.7178729689808,9.572649572649572,0,-0.4892018017110487,0,2007-11-01,67.8,259.1,338.8,665.7000000000005,1245.3999999999996,1294.5,-271.0,-0.5000000000000004,0.8660254037844384,0,NOV,0,0.014796818,0,TRUE_NEGATIVE
Vidarbha,2004,12.0,3,0.2,34.79999999999954,561.9000000000003,731.9000000000001,7.792307692307693,-7.592307692307693,-97.43336623889437,7.592307692307693,0,-0.4255749412194984,0,2004-12-01,6.9,27.7,86.3,120.89999999999954,699.6000000000003,733.0000000000001,-79.39999999999999,-2.4492935982947064e-16,1.0,0,DEC,0,0.014791591,0,TRUE_NEGATIVE
East Rajasthan,2009,12.0,3,0.5,18.4,366.3,414.2000000000002,3.617948717948718,-3.117948717948718,-86.18001417434444,3.117948717948718,0,-0.4653220393240236,0,2009-12-01,7.0,10.9,45.5,63.4,404.7,413.8000000000002,-38.5,-2.4492935982947064e-16,1.0,0,DEC,0,0.014756262,0,TRUE_NEGATIVE
Matathwada,2001,12.0,3,0.0,171.30000000000013,567.3,732.4000000000002,7.202564102564103,-7.202564102564103,-100.0,7.202564102564103,0,-0.4429369375650455,0,2001-12-01,0.8,170.5,83.5,254.80000000000013,715.9999999999999,734.1000000000001,-82.7,-2.4492935982947064e-16,1.0,0,DEC,0,0.014745563,0,TRUE_NEGATIVE
Jharkhand,2001,12.0,3,0.0,115.7,822.5000000000002,1254.5,4.856410256410257,-4.856410256410257,-100.0,4.856410256410257,0,-0.5363958890242204,0,2001-12-01,0.2,115.5,132.8,248.5,1147.2000000000005,1254.6999999999998,-132.60000000000002,-2.4492935982947064e-16,1.0,0,DEC,0,0.014744809,0,TRUE_NEGATIVE
East Rajasthan,2011,10.0,3,0.0,450.5,790.1,856.5000000000002,14.394017094017093,-14.394017094017093,-100.0,14.394017094017093,0,-0.5779623867761248,0,2011-10-01,166.4,284.1,193.6,644.1,790.6,857.3000000000003,-27.19999999999999,-0.8660254037844386,0.5000000000000001,0,OCT,0,0.014730331,0,TRUE_NEGATIVE
South Interior Karnataka,2014,12.0,3,18.7,191.80000000000007,879.5999999999999,1184.1,11.651282051282053,7.048717948717947,60.49735915492956,0.0,0,0.4451923151073586,0,2014-12-01,20.2,152.9,161.6,334.70000000000005,967.7,1167.8,-141.4,-2.4492935982947064e-16,1.0,0,DEC,0,0.01472337,0,TRUE_NEGATIVE
Gangetic West Bengal,2006,12.0,3,0.3,55.90000000000029,1243.7,1660.4,5.712820512820513,-5.412820512820513,-94.74865350089767,5.412820512820513,0,-0.4463967456565386,0,2006-12-01,5.9,49.7,380.9,436.5000000000003,1464.4,1665.0,-375.0,-2.4492935982947064e-16,1.0,0,DEC,0,0.014707433,0,TRUE_NEGATIVE
East Madhya Pradesh,2002,12.0,3,1.2,49.89999999999949,818.5000000000006,950.0,8.260683760683762,-7.060683760683761,-85.4733574754268,7.060683760683761,0,-0.4361090666872771,0,2002-12-01,5.6,43.1,192.1,240.79999999999947,910.8000000000006,948.8000000000004,-186.5,-2.4492935982947064e-16,1.0,0,DEC,0,0.014701272,0,TRUE_NEGATIVE
East Uttar Pradesh,2005,12.0,3,2.9,28.10000000000017,665.3999999999999,770.1000000000001,5.677777777777777,-2.777777777777777,-48.92367906066536,2.777777777777777,0,-0.3289966958934719,0,2005-12-01,0.0,25.2,119.7,144.90000000000018,719.9999999999999,767.3000000000001,-119.7,-2.4492935982947064e-16,1.0,0,DEC,0,0.014683849,0,TRUE_NEGATIVE
West Madhya Pradesh,2001,11.0,3,0.0,89.69999999999972,761.4,787.2000000000002,12.133333333333333,-12.133333333333333,-100.0,12.133333333333333,0,-0.5191856159450645,0,2001-11-01,62.2,27.5,198.9,288.59999999999974,777.8,787.2000000000002,-136.7,-0.5000000000000004,0.8660254037844384,0,NOV,0,0.014676744,0,TRUE_NEGATIVE
Saurashtra & Kutch,2009,1.0,0,0.0,8.299999999999944,360.8000000000002,607.8,1.1205128205128203,-1.1205128205128203,-100.0,1.1205128205128203,0,-0.4751109291386094,0,2009-01-01,7.7,0.6,5.8,14.099999999999945,511.1000000000002,607.9,1.9000000000000004,0.4999999999999999,0.8660254037844387,0,JAN,0,0.014671538,0,TRUE_NEGATIVE
Gujarat Region,2014,1.0,0,5.7,5.800000000000284,557.3999999999997,1124.0999999999997,1.7555555555555555,3.9444444444444446,224.68354430379748,0.0,0,0.8344364061833167,0,2014-01-01,0.0,0.1,53.2,53.30000000000029,957.0999999999996,1118.3999999999996,-53.2,0.4999999999999999,0.8660254037844387,0,JAN,0,0.014645897,0,TRUE_NEGATIVE
Chhattisgarh,2006,12.0,3,0.7,29.100000000000456,1156.0,1317.8,5.158974358974359,-4.458974358974359,-86.43141153081511,4.458974358974359,0,-0.4240221116760959,0,2006-12-01,15.1,13.3,184.6,213.00000000000043,1247.4999999999998,1318.1,-169.5,-2.4492935982947064e-16,1.0,0,DEC,0,0.014631261,0,TRUE_NEGATIVE
Telangana,2004,12.0,3,0.0,35.900000000000226,480.3999999999997,667.1,5.057264957264958,-5.057264957264958,-100.0,5.057264957264958,0,-0.4905382924754191,0,2004-12-01,5.3,30.6,110.1,146.00000000000023,544.9999999999997,672.4,-104.8,-2.4492935982947064e-16,1.0,0,DEC,0,0.014610945,0,TRUE_NEGATIVE
West Rajasthan,2005,12.0,3,0.0,0.0999999999999715,186.3000000000002,260.6,1.8854700854700848,-1.8854700854700848,-100.0,1.8854700854700848,0,-0.4961488961238145,0,2005-12-01,0.1,0.0,75.8,75.89999999999996,215.5000000000002,262.20000000000005,-75.7,-2.4492935982947064e-16,1.0,0,DEC,0,0.014600968,0,TRUE_NEGATIVE
Matathwada,2005,12.0,3,0.0,100.50000000000011,851.5999999999999,940.5,7.202564102564103,-7.202564102564103,-100.0,7.202564102564103,0,-0.4429369375650455,0,2005-12-01,0.0,100.5,213.5,314.0000000000001,911.3,940.5,-213.5,-2.4492935982947064e-16,1.0,0,DEC,0,0.014588856,0,TRUE_NEGATIVE
Coastal Andhra Pradesh,2006,12.0,3,0.0,240.7,871.3000000000004,1159.6,11.550427350427348,-11.550427350427348,-100.0,11.550427350427348,0,-0.4868651184452769,0,2006-12-01,55.3,185.4,224.1,464.8,1003.3000000000004,1163.8,-168.8,-2.4492935982947064e-16,1.0,0,DEC,0,0.014578508,0,TRUE_NEGATIVE
Coastal Andhra Pradesh,2012,12.0,3,0.0,429.7,1119.3000000000002,1318.3000000000002,11.550427350427348,-11.550427350427348,-100.0,11.550427350427348,0,-0.4868651184452769,0,2012-12-01,289.7,140.0,246.5,676.2,1214.7000000000005,1323.3000000000002,43.19999999999999,-2.4492935982947064e-16,1.0,0,DEC,0,0.014578311,0,TRUE_NEGATIVE
Gangetic West Bengal,2016,12.0,3,0.0,89.00000000000034,1074.1,1427.0,5.712820512820513,-5.712820512820513,-100.0,5.712820512820513,0,-0.4711378253542245,0,2016-12-01,19.2,69.8,233.7,322.7000000000004,1246.8,1433.3,-214.5,-2.4492935982947064e-16,1.0,0,DEC,0,0.014561085,0,TRUE_NEGATIVE
Gujarat Region,2000,12.0,3,3.6,3.800000000000228,451.3999999999998,550.4999999999997,1.4102564102564104,2.18974358974359,155.27272727272728,0.0,0,0.6071992418173998,0,2000-12-01,0.0,0.2,13.5,13.700000000000228,510.6999999999998,546.8999999999996,-13.5,-2.4492935982947064e-16,1.0,0,DEC,0,0.014540607,0,TRUE_NEGATIVE
Punjab,2000,11.0,3,0.7,42.69999999999989,327.6,403.30000000000007,4.117948717948718,-3.4179487179487182,-83.00124533001245,3.4179487179487182,0,-0.4192849287606835,0,2000-11-01,0.0,42.0,70.0,111.99999999999989,342.2,402.7000000000001,-70.0,-0.5000000000000004,0.8660254037844384,0,NOV,0,0.014538789,0,TRUE_NEGATIVE
Haryana Delhi & Chandigarh,2005,10.0,3,0.0,199.3,436.4,519.7999999999997,12.64871794871795,-12.64871794871795,-100.0,12.64871794871795,0,-0.5316500793208909,0,2005-10-01,146.7,52.6,175.6,374.9,439.0999999999999,573.8999999999997,-28.90000000000001,-0.8660254037844386,0.5000000000000001,0,OCT,0,0.014528593,0,TRUE_NEGATIVE
West Rajasthan,2015,12.0,3,0.0,1.1999999999999718,332.0000000000002,458.50000000000006,1.8854700854700848,-1.8854700854700848,-100.0,1.8854700854700848,0,-0.4961488961238145,0,2015-12-01,0.1,1.1,35.7,36.89999999999998,385.2000000000003,458.50000000000006,-35.6,-2.4492935982947064e-16,1.0,0,DEC,0,0.014503266,0,TRUE_NEGATIVE
Haryana Delhi & Chandigarh,2000,10.0,3,0.0,105.40000000000003,333.90000000000003,383.1999999999998,12.64871794871795,-12.64871794871795,-100.0,12.64871794871795,0,-0.5316500793208909,0,2000-10-01,17.5,87.9,146.8,252.20000000000005,335.2,387.9999999999998,-129.3,-0.8660254037844386,0.5000000000000001,0,OCT,0,0.01446309,0,TRUE_NEGATIVE
Vidarbha,2005,12.0,3,0.2,87.39999999999955,976.6000000000004,1214.6,7.792307692307693,-7.592307692307693,-97.43336623889437,7.592307692307693,0,-0.4255749412194984,0,2005-12-01,0.0,87.2,246.8,333.99999999999955,1120.8000000000002,1214.6,-246.8,-2.4492935982947064e-16,1.0,0,DEC,0,0.014436708,0,TRUE_NEGATIVE
Matathwada,2013,12.0,3,13.1,114.80000000000015,699.1999999999998,887.9000000000002,7.202564102564103,5.897435897435897,81.87967248131007,0.0,0,0.3626753137770042,0,2013-12-01,7.4,94.3,154.1,255.80000000000013,847.0,874.8000000000002,-146.7,-2.4492935982947064e-16,1.0,0,DEC,0,0.0144255245,0,TRUE_NEGATIVE
Saurashtra & Kutch,2008,10.0,3,5.8,352.49999999999994,598.8000000000002,600.7999999999998,14.856410256410255,-9.056410256410256,-60.95961339316533,9.056410256410256,0,-0.2990432817178662,0,2008-10-01,231.6,115.1,150.3,497.0,593.5000000000002,596.6999999999999,81.29999999999998,-0.8660254037844386,0.5000000000000001,0,OCT,0,0.01441809,0,TRUE_NEGATIVE
Madhya Maharashtra,2006,12.0,3,0.0,85.6,1140.6999999999996,1395.6,5.8,-5.8,-100.0,5.8,0,-0.4958773500475676,0,2006-12-01,25.5,60.1,217.0,302.6,1345.9999999999998,1395.6,-191.5,-2.4492935982947064e-16,1.0,0,DEC,0,0.014388333,0,TRUE_NEGATIVE
East Rajasthan,2013,12.0,3,0.3,32.2,717.6999999999999,836.0000000000002,3.617948717948718,-3.317948717948718,-91.70800850460668,3.317948717948718,0,-0.4951699990832949,0,2013-12-01,1.3,30.6,88.0,119.9,808.0,835.8000000000003,-86.7,-2.4492935982947064e-16,1.0,0,DEC,0,0.014344749,0,TRUE_NEGATIVE
North Interior Karnataka,2009,12.0,3,13.9,224.79999999999987,710.6999999999998,913.4,6.235897435897436,7.664102564102564,122.9029605263158,0.0,0,0.5926949143410744,0,2009-12-01,42.3,168.6,215.6,426.4999999999999,808.7999999999998,904.8,-173.3,-2.4492935982947064e-16,1.0,0,DEC,0,0.01434251,0,TRUE_NEGATIVE
West Madhya Pradesh,2000,12.0,3,0.2,1.3999999999997157,489.7,613.5000000000002,6.205982905982906,-6.005982905982906,-96.7773034017353,6.005982905982906,0,-0.4478469727272852,0,2000-12-01,0.0,1.2,31.6,32.79999999999972,582.9000000000001,613.3000000000002,-31.6,-2.4492935982947064e-16,1.0,0,DEC,0,0.014330179,0,TRUE_NEGATIVE
East Madhya Pradesh,2002,11.0,3,5.6,240.79999999999947,910.8000000000006,948.8000000000004,12.494017094017094,-6.894017094017094,-55.17854699685319,6.894017094017094,0,-0.2970788709953578,0,2002-11-01,43.1,192.1,491.8,726.9999999999994,910.4000000000008,944.2000000000002,-448.7,-0.5000000000000004,0.8660254037844384,0,NOV,0,0.014319547,0,TRUE_NEGATIVE
Punjab,2001,11.0,3,0.9,22.299999999999912,359.5,439.4,4.117948717948718,-3.2179487179487185,-78.14445828144459,3.2179487179487185,0,-0.3947506268527065,0,2001-11-01,1.5,19.9,69.5,90.89999999999992,395.5,439.2000000000001,-68.0,-0.5000000000000004,0.8660254037844384,0,NOV,0,0.01431547,0,TRUE_NEGATIVE
West Rajasthan,2015,11.0,3,0.1,36.89999999999998,385.2000000000003,458.50000000000006,1.6435897435897435,-1.5435897435897437,-93.9157566302652,1.5435897435897437,0,-0.3428238719961682,0,2015-11-01,1.1,35.7,60.5,97.29999999999995,400.6000000000002,458.6000000000001,-59.4,-0.5000000000000004,0.8660254037844384,0,NOV,0,0.0143059455,0,TRUE_NEGATIVE
Gangetic West Bengal,2002,12.0,3,0.1,122.50000000000024,1019.8000000000002,1613.4,5.712820512820513,-5.612820512820513,-98.2495511669659,5.612820512820513,0,-0.4628907987883292,0,2002-12-01,50.9,71.5,326.4,448.8000000000002,1367.4,1613.3000000000002,-275.5,-2.4492935982947064e-16,1.0,0,DEC,0,0.01430134,0,TRUE_NEGATIVE
Coastal Andhra Pradesh,2008,12.0,3,1.2,124.2,775.7000000000003,1107.5,11.550427350427348,-10.35042735042735,-89.61077401213556,10.35042735042735,0,-0.4362836010339133,0,2008-12-01,71.4,51.6,166.8,289.8,894.3000000000004,1106.8000000000002,-95.4,-2.4492935982947064e-16,1.0,0,DEC,0,0.014278357,0,TRUE_NEGATIVE
Haryana Delhi & Chandigarh,2012,10.0,3,2.4,289.70000000000005,366.9,387.5999999999998,12.64871794871795,-10.24871794871795,-81.02574498276911,10.24871794871795,0,-0.4307734374712347,0,2012-10-01,90.7,196.6,68.1,355.40000000000003,376.3,385.19999999999976,22.60000000000001,-0.8660254037844386,0.5000000000000001,0,OCT,0,0.014276336,0,TRUE_NEGATIVE
West Uttar Pradesh,2015,12.0,3,3.0,11.899999999999917,376.0999999999998,582.7999999999998,7.006837606837607,-4.006837606837607,-57.18467919004635,4.006837606837607,0,-0.4108581508983038,0,2015-12-01,2.0,6.9,26.5,35.39999999999991,445.0999999999997,596.0999999999999,-24.5,-2.4492935982947064e-16,1.0,0,DEC,0,0.014234182,0,TRUE_NEGATIVE
West Rajasthan,2016,12.0,3,0.0,18.099999999999973,301.0000000000003,347.0000000000001,1.8854700854700848,-1.8854700854700848,-100.0,1.8854700854700848,0,-0.4961488961238145,0,2016-12-01,0.0,18.1,11.0,29.099999999999973,334.2000000000003,347.0000000000001,-11.0,-2.4492935982947064e-16,1.0,0,DEC,0,0.0142225,0,TRUE_NEGATIVE
West Madhya Pradesh,2015,12.0,3,1.0,12.299999999999716,772.7000000000003,1042.2000000000005,6.205982905982906,-5.205982905982906,-83.88651700867649,5.205982905982906,0,-0.3881935265236792,0,2015-12-01,0.3,11.0,55.6,66.89999999999972,925.8000000000002,1057.0000000000002,-55.3,-2.4492935982947064e-16,1.0,0,DEC,0,0.014155674,0,TRUE_NEGATIVE
Bihar,2007,12.0,3,7.5,56.20000000000046,1255.1999999999996,1600.1,3.631623931623932,3.868376068376069,106.51918098376088,0.0,0,0.5326777455858994,0,2007-12-01,9.1,39.6,309.0,357.70000000000044,1418.0999999999997,1594.1999999999998,-299.9,-2.4492935982947064e-16,1.0,0,DEC,0,0.014154463,0,TRUE_NEGATIVE
Chhattisgarh,2015,11.0,3,0.6,235.20000000000047,1028.0,1117.3,11.572649572649572,-10.972649572649573,-94.81536189069423,10.972649572649573,0,-0.5607475652112895,0,2015-11-01,17.7,216.9,286.6,521.2000000000005,1040.4,1119.2999999999995,-268.90000000000003,-0.5000000000000004,0.8660254037844384,0,NOV,0,0.014136117,0,TRUE_NEGATIVE
East Uttar Pradesh,2015,12.0,3,4.9,17.20000000000023,393.9,603.3000000000002,5.677777777777777,-0.7777777777777768,-13.698630136986289,0.7777777777777768,0,-0.092119074850172,0,2015-12-01,0.5,11.8,21.9,34.20000000000023,484.3,606.8000000000002,-21.4,-2.4492935982947064e-16,1.0,0,DEC,0,0.0140419835,0,TRUE_NEGATIVE
East Rajasthan,2006,12.0,3,0.5,3.0,649.3,748.5000000000002,3.617948717948718,-3.117948717948718,-86.18001417434444,3.117948717948718,0,-0.4653220393240236,0,2006-12-01,0.1,2.4,88.9,91.4,722.6,748.0000000000002,-88.80000000000001,-2.4492935982947064e-16,1.0,0,DEC,0,0.014023769,0,TRUE_NEGATIVE
Punjab,2004,11.0,3,0.8,40.89999999999993,266.0,351.8,4.117948717948718,-3.3179487179487186,-80.57285180572853,3.3179487179487186,0,-0.407017777806695,0,2004-11-01,31.2,8.9,124.2,164.29999999999993,292.40000000000003,353.20000000000005,-93.0,-0.5000000000000004,0.8660254037844384,0,NOV,0,0.014018652,0,TRUE_NEGATIVE
North Interior Karnataka,2003,12.0,3,2.2,98.49999999999984,361.1999999999998,473.5,6.235897435897436,-4.035897435897436,-64.7203947368421,4.035897435897436,0,-0.3121116745308969,0,2003-12-01,4.2,92.1,64.3,160.59999999999982,425.8999999999998,471.3,-60.1,-2.4492935982947064e-16,1.0,0,DEC,0,0.013985775,0,TRUE_NEGATIVE
West Madhya Pradesh,2011,11.0,3,0.0,165.1999999999997,1056.7000000000005,1064.7000000000005,12.133333333333333,-12.133333333333333,-100.0,12.133333333333333,0,-0.5191856159450645,0,2011-11-01,0.2,165.0,343.3,508.4999999999997,1060.3000000000004,1069.3000000000004,-343.1,-0.5000000000000004,0.8660254037844384,0,NOV,0,0.013978228,0,TRUE_NEGATIVE
Haryana Delhi & Chandigarh,2012,11.0,3,0.6,93.70000000000005,363.7,388.1999999999998,3.223931623931624,-2.623931623931624,-81.38918345705196,2.623931623931624,0,-0.3580571651908611,0,2012-11-01,2.4,90.7,196.6,289.70000000000005,366.9,387.5999999999998,-194.2,-0.5000000000000004,0.8660254037844384,0,NOV,0,0.013968426,0,TRUE_NEGATIVE
West Uttar Pradesh,2012,11.0,3,0.1,68.39999999999988,366.5999999999997,389.0999999999998,3.898290598290598,-3.798290598290598,-97.4347730760798,3.798290598290598,0,-0.530423740777903,0,2012-11-01,0.5,67.8,149.1,217.39999999999984,366.7999999999997,389.49999999999983,-148.6,-0.5000000000000004,0.8660254037844384,0,NOV,0,0.013963646,0,TRUE_NEGATIVE
Vidarbha,2007,12.0,3,0.0,29.799999999999542,903.1000000000004,1167.0000000000002,7.792307692307693,-7.792307692307693,-100.0,7.792307692307693,0,-0.4367856286275096,0,2007-12-01,2.5,27.3,241.8,271.5999999999996,1159.8000000000002,1167.0000000000002,-239.3,-2.4492935982947064e-16,1.0,0,DEC,0,0.013959089,0,TRUE_NEGATIVE
West Madhya Pradesh,2014,11.0,3,3.0,202.5999999999997,781.6000000000003,851.4000000000002,12.133333333333333,-9.133333333333333,-75.27472527472527,9.133333333333333,0,-0.3908155460685376,0,2014-11-01,7.0,192.6,211.0,410.5999999999997,780.0000000000002,848.7000000000003,-204.0,-0.5000000000000004,0.8660254037844384,0,NOV,0,0.013948265,0,TRUE_NEGATIVE
Vidarbha,2008,12.0,3,0.1,25.399999999999544,701.7000000000004,866.6000000000003,7.792307692307693,-7.692307692307693,-98.7166831194472,7.692307692307693,0,-0.431180284923504,0,2008-12-01,2.9,22.4,160.8,186.0999999999996,839.5000000000003,866.5000000000002,-157.9,-2.4492935982947064e-16,1.0,0,DEC,0,0.013937283,0,TRUE_NEGATIVE
Saurashtra & Kutch,2001,2.0,0,0.0,0.0999999999998863,6.800000000000227,285.99999999999994,1.588034188034188,-1.588034188034188,-100.0,1.588034188034188,0,-0.3746404279887505,0,2001-02-01,0.0,0.1,0.0,0.0999999999998863,53.00000000000023,285.99999999999994,0.0,0.8660254037844386,0.5000000000000001,0,FEB,0,0.01393161,0,TRUE_NEGATIVE
Jharkhand,2011,12.0,3,0.1,23.39999999999983,933.0000000000005,1374.6,4.856410256410257,-4.756410256410257,-97.94086589229146,4.756410256410257,0,-0.5253507783209762,0,2011-12-01,0.0,23.3,324.6,347.89999999999986,1281.9,1394.5,-324.6,-2.4492935982947064e-16,1.0,0,DEC,0,0.013923843,0,TRUE_NEGATIVE
Gujarat Region,2006,11.0,3,2.9,152.70000000000022,1476.9999999999998,1477.9999999999995,6.81025641025641,-3.91025641025641,-57.41716867469879,3.91025641025641,0,-0.2436266757024963,0,2006-11-01,9.2,140.6,624.8,774.6000000000001,1474.2999999999995,1475.0999999999997,-615.5999999999999,-0.5000000000000004,0.8660254037844384,0,NOV,0,0.013919922,0,TRUE_NEGATIVE
Telangana,2011,12.0,3,0.0,18.100000000000115,619.7999999999995,753.1,5.057264957264958,-5.057264957264958,-100.0,5.057264957264958,0,-0.4905382924754191,0,2011-12-01,4.2,13.9,107.6,125.7000000000001,703.6999999999996,762.4,-103.4,-2.4492935982947064e-16,1.0,0,DEC,0,0.013894863,0,TRUE_NEGATIVE
West Rajasthan,2003,11.0,3,0.0,14.099999999999971,341.30000000000024,374.0000000000001,1.6435897435897435,-1.6435897435897435,-100.0,1.6435897435897435,0,-0.3650333919427639,0,2003-11-01,0.2,13.9,93.6,107.69999999999996,343.10000000000025,376.5000000000001,-93.4,-0.5000000000000004,0.8660254037844384,0,NOV,0,0.013881456,0,TRUE_NEGATIVE
Vidarbha,2016,12.0,3,0.0,74.99999999999949,954.8000000000004,1163.8,7.792307692307693,-7.792307692307693,-100.0,7.792307692307693,0,-0.4367856286275096,0,2016-12-01,0.0,75.0,227.8,302.7999999999995,1120.3000000000004,1164.0,-227.8,-2.4492935982947064e-16,1.0,0,DEC,0,0.013860754,0,TRUE_NEGATIVE
Bihar,2003,12.0,3,3.0,145.2000000000004,996.4999999999995,1353.8,3.631623931623932,-0.6316239316239316,-17.392327606495645,0.6316239316239316,0,-0.0869750008811268,0,2003-12-01,0.2,142.0,183.9,326.1000000000004,1224.4,1351.5,-183.7,-2.4492935982947064e-16,1.0,0,DEC,0,0.013846918,0,TRUE_NEGATIVE
Bihar,2015,11.0,3,0.0,112.1000000000004,752.6999999999995,873.9,7.055555555555555,-7.055555555555555,-100.0,7.055555555555555,0,-0.5002887134681807,0,2015-11-01,10.4,101.7,287.0,399.1000000000004,792.1999999999995,873.9,-276.6,-0.5000000000000004,0.8660254037844384,0,NOV,0,0.0138384225,0,TRUE_NEGATIVE
East Rajasthan,2016,10.0,3,32.6,458.4,855.8,861.9000000000002,14.394017094017093,18.205982905982907,126.482987946084,0.0,0,0.7310240959989452,0,2016-10-01,40.2,385.6,326.2,752.0,823.1999999999999,834.3000000000002,-286.0,-0.8660254037844386,0.5000000000000001,0,OCT,0,0.01379205,0,TRUE_NEGATIVE
Saurashtra & Kutch,2012,1.0,0,0.0,0.0999999999998863,502.3000000000001,742.3999999999999,1.1205128205128203,-1.1205128205128203,-100.0,1.1205128205128203,0,-0.4751109291386094,0,2012-01-01,0.0,0.1,1.2,1.2999999999998864,715.0000000000001,742.3999999999999,-1.2,0.4999999999999999,0.8660254037844387,0,JAN,0,0.013767457,0,TRUE_NEGATIVE
West Uttar Pradesh,2009,11.0,3,13.9,198.5999999999999,518.4999999999999,546.3999999999999,3.898290598290598,10.001709401709402,256.56654242490686,0.0,0,1.3967188601671967,0,2009-11-01,59.3,125.4,184.5,369.19999999999993,517.3999999999999,536.4999999999998,-125.2,-0.5000000000000004,0.8660254037844384,0,NOV,0,0.013756856,0,TRUE_NEGATIVE
East Madhya Pradesh,2011,11.0,3,0.0,277.59999999999945,1260.6000000000008,1278.5000000000002,12.494017094017094,-12.494017094017094,-100.0,12.494017094017094,0,-0.5383956032990505,0,2011-11-01,1.1,276.5,326.9,604.4999999999993,1265.3000000000006,1289.4,-325.79999999999995,-0.5000000000000004,0.8660254037844384,0,NOV,0,0.013755123,0,TRUE_NEGATIVE
West Madhya Pradesh,2016,11.0,3,0.0,141.39999999999966,1080.2,1099.0000000000002,12.133333333333333,-12.133333333333333,-100.0,12.133333333333333,0,-0.5191856159450645,0,2016-11-01,40.6,100.8,394.8,536.1999999999997,1090.2,1099.3000000000002,-354.2,-0.5000000000000004,0.8660254037844384,0,NOV,0,0.013748209,0,TRUE_NEGATIVE
Matathwada,2007,12.0,3,0.0,8.400000000000114,518.3999999999999,714.6000000000001,7.202564102564103,-7.202564102564103,-100.0,7.202564102564103,0,-0.4429369375650455,0,2007-12-01,7.5,0.9,240.7,249.1000000000001,703.8,714.6000000000001,-233.2,-2.4492935982947064e-16,1.0,0,DEC,0,0.013718764,0,TRUE_NEGATIVE
West Uttar Pradesh,2009,12.0,3,2.8,75.99999999999991,504.1999999999998,549.1999999999998,7.006837606837607,-4.206837606837607,-60.039033910709925,4.206837606837607,0,-0.431366002286999,0,2009-12-01,13.9,59.3,125.4,198.5999999999999,518.4999999999999,546.3999999999999,-111.5,-2.4492935982947064e-16,1.0,0,DEC,0,0.013698507,0,TRUE_NEGATIVE
Gujarat Region,2015,12.0,3,0.0,2.500000000000284,487.9999999999998,622.9999999999997,1.4102564102564104,-1.4102564102564104,-100.0,1.4102564102564104,0,-0.3910533758777165,0,2015-12-01,0.3,2.2,93.4,95.90000000000028,608.6999999999998,622.9999999999997,-93.1,-2.4492935982947064e-16,1.0,0,DEC,0,0.013697915,0,TRUE_NEGATIVE
Coastal Andhra Pradesh,2009,12.0,3,1.3,196.5,652.8000000000003,790.5,11.550427350427348,-10.250427350427348,-88.74500517981352,10.250427350427348,0,-0.4320684745829662,0,2009-12-01,102.6,92.6,151.9,347.1,724.1000000000004,790.4,-49.30000000000001,-2.4492935982947064e-16,1.0,0,DEC,0,0.013653098,0,TRUE_NEGATIVE
Orissa,2009,12.0,3,0.1,133.19999999999953,1168.6,1330.3,5.517948717948718,-5.417948717948718,-98.18773234200744,5.417948717948718,0,-0.4804178293807189,0,2009-12-01,27.3,105.8,162.5,295.5999999999996,1255.8,1330.2,-135.2,-2.4492935982947064e-16,1.0,0,DEC,0,0.013643558,0,TRUE_NEGATIVE
Haryana Delhi & Chandigarh,2011,10.0,3,0.0,260.4,468.5,527.9999999999998,12.64871794871795,-12.64871794871795,-100.0,12.64871794871795,0,-0.5316500793208909,0,2011-10-01,133.1,127.3,85.0,345.4,477.4,529.0999999999998,48.1,-0.8660254037844386,0.5000000000000001,0,OCT,0,0.013625628,0,TRUE_NEGATIVE
Saurashtra & Kutch,2006,10.0,3,1.4,259.4,699.0000000000002,700.8999999999999,14.856410256410255,-13.456410256410257,-90.5764584052468,13.456410256410257,0,-0.4443315805366256,0,2006-10-01,68.2,189.8,373.4,631.3999999999999,697.6000000000003,701.1999999999999,-305.2,-0.8660254037844386,0.5000000000000001,0,OCT,0,0.013618312,0,TRUE_NEGATIVE
Jharkhand,2000,11.0,3,0.4,376.4,1072.9000000000003,1191.5,11.739316239316238,-11.339316239316238,-96.59264652348016,11.339316239316238,0,-0.5460808654296153,0,2000-11-01,19.1,356.9,152.8,528.8,1140.2000000000005,1194.4,-133.70000000000002,-0.5000000000000004,0.8660254037844384,0,NOV,0,0.013577666,0,TRUE_NEGATIVE
Chhattisgarh,2012,12.0,3,5.0,45.20000000000046,1163.3,1377.4,5.158974358974359,-0.1589743589743593,-3.081510934393644,0.1589743589743593,0,-0.01511752209541,0,2012-12-01,20.4,19.8,245.3,285.50000000000045,1305.6,1375.1999999999998,-224.9,-2.4492935982947064e-16,1.0,0,DEC,0,0.013565262,0,TRUE_NEGATIVE
East Uttar Pradesh,2013,12.0,3,1.1,99.00000000000024,653.3,1041.2,5.677777777777777,-4.5777777777777775,-80.62622309197653,4.5777777777777775,0,-0.5421865548324418,0,2013-12-01,0.5,97.4,78.2,176.10000000000025,961.9,1040.8000000000002,-77.7,-2.4492935982947064e-16,1.0,0,DEC,0,0.0135590555,0,TRUE_NEGATIVE
Chhattisgarh,2006,11.0,3,15.1,213.00000000000043,1247.4999999999998,1318.1,11.572649572649572,3.527350427350428,30.480059084194977,0.0,0,0.1802621281840623,0,2006-11-01,13.3,184.6,447.2,645.1000000000005,1255.9,1304.6,-433.9,-0.5000000000000004,0.8660254037844384,0,NOV,0,0.013554312,0,TRUE_NEGATIVE
Saurashtra & Kutch,2002,1.0,0,0.0,0.0,145.10000000000022,510.19999999999993,1.1205128205128203,-1.1205128205128203,-100.0,1.1205128205128203,0,-0.4751109291386094,0,2002-01-01,0.0,0.0,7.6,7.599999999999886,336.2000000000002,510.19999999999993,-7.6,0.4999999999999999,0.8660254037844387,0,JAN,0,0.013546714,0,TRUE_NEGATIVE
Saurashtra & Kutch,2009,10.0,3,3.3,118.09999999999988,595.3000000000002,603.5999999999999,14.856410256410255,-11.556410256410256,-77.7873662409389,11.556410256410256,0,-0.3815934515012522,0,2009-10-01,8.8,106.0,409.1,523.8999999999999,592.0000000000002,606.1,-400.3,-0.8660254037844386,0.5000000000000001,0,OCT,0,0.013546574,0,TRUE_NEGATIVE
Haryana Delhi & Chandigarh,2003,10.0,3,0.0,224.2,535.9,595.0999999999998,12.64871794871795,-12.64871794871795,-100.0,12.64871794871795,0,-0.5316500793208909,0,2003-10-01,58.9,165.3,277.6,501.8,537.7,596.9999999999998,-218.7,-0.8660254037844386,0.5000000000000001,0,OCT,0,0.01353977,0,TRUE_NEGATIVE
North Interior Karnataka,2002,12.0,3,0.0,129.79999999999984,354.89999999999986,530.4000000000001,6.235897435897436,-6.235897435897436,-100.0,6.235897435897436,0,-0.4822462467974214,0,2002-12-01,3.4,126.4,52.2,181.99999999999983,463.0999999999999,531.8000000000001,-48.8,-2.4492935982947064e-16,1.0,0,DEC,0,0.013534059,0,TRUE_NEGATIVE
West Rajasthan,2001,12.0,3,0.0,7.299999999999971,201.70000000000024,285.30000000000007,1.8854700854700848,-1.8854700854700848,-100.0,1.8854700854700848,0,-0.4961488961238145,0,2001-12-01,0.0,7.3,2.8,10.099999999999971,250.30000000000024,285.30000000000007,-2.8,-2.4492935982947064e-16,1.0,0,DEC,0,0.013533568,0,TRUE_NEGATIVE
South Interior Karnataka,2015,12.0,3,4.4,248.60000000000005,661.6999999999999,1112.4999999999998,11.651282051282053,-7.251282051282052,-62.23591549295775,7.251282051282052,0,-0.4579861284552967,0,2015-12-01,138.1,106.1,164.5,408.7000000000001,876.0,1126.8,-26.40000000000001,-2.4492935982947064e-16,1.0,0,DEC,0,0.01352672,0,TRUE_NEGATIVE
West Madhya Pradesh,2011,12.0,3,0.0,0.1999999999997158,815.2000000000002,1063.9000000000003,6.205982905982906,-6.205982905982906,-100.0,6.205982905982906,0,-0.4627603342781867,0,2011-12-01,0.0,0.2,165.0,165.1999999999997,1056.7000000000005,1064.7000000000005,-165.0,-2.4492935982947064e-16,1.0,0,DEC,0,0.013496231,0,TRUE_NEGATIVE
West Madhya Pradesh,2008,12.0,3,0.0,20.399999999999714,587.7000000000002,791.1000000000003,6.205982905982906,-6.205982905982906,-100.0,6.205982905982906,0,-0.4627603342781867,0,2008-12-01,7.5,12.9,139.7,160.0999999999997,781.9000000000002,791.7000000000003,-132.2,-2.4492935982947064e-16,1.0,0,DEC,0,0.013493972,0,TRUE_NEGATIVE
West Rajasthan,2007,11.0,3,0.1,45.69999999999997,246.8000000000002,312.30000000000007,1.6435897435897435,-1.5435897435897437,-93.9157566302652,1.5435897435897437,0,-0.3428238719961682,0,2007-11-01,0.0,45.6,69.4,114.99999999999996,250.50000000000023,312.6,-69.4,-0.5000000000000004,0.8660254037844384,0,NOV,0,0.013472831,0,TRUE_NEGATIVE
West Rajasthan,2011,11.0,3,0.0,116.4,396.1000000000002,423.9,1.6435897435897435,-1.6435897435897435,-100.0,1.6435897435897435,0,-0.3650333919427639,0,2011-11-01,0.1,116.3,166.8,283.2,403.9000000000002,444.00000000000006,-166.70000000000002,-0.5000000000000004,0.8660254037844384,0,NOV,0,0.013445347,0,TRUE_NEGATIVE
Uttarakhand,2005,11.0,3,2.2,354.1999999999999,1077.499999999999,1349.6,8.04957264957265,-5.849572649572649,-72.66935655128476,5.849572649572649,0,-0.4624780730838189,0,2005-11-01,14.1,337.9,249.2,601.1999999999998,1127.3999999999992,1348.2,-235.1,-0.5000000000000004,0.8660254037844384,0,NOV,0,0.013441192,0,TRUE_NEGATIVE
Orissa,2012,12.0,3,3.1,141.19999999999953,1124.9,1405.9,5.517948717948718,-2.417948717948718,-43.81970260223048,2.417948717948718,0,-0.2144032243757775,0,2012-12-01,72.1,66.0,242.4,380.4999999999996,1291.4,1403.2,-170.3,-2.4492935982947064e-16,1.0,0,DEC,0,0.01341018,0,TRUE_NEGATIVE
East Rajasthan,2004,10.0,3,27.5,433.1,601.0,608.0000000000002,14.394017094017093,13.105982905982907,91.05160026126715,0.0,0,0.526244002067876,0,2004-10-01,24.7,380.9,105.8,511.4,575.7,580.6000000000003,-81.1,-0.8660254037844386,0.5000000000000001,0,OCT,0,0.013390404,0,TRUE_NEGATIVE
North Interior Karnataka,2016,12.0,3,1.0,32.79999999999991,420.3999999999998,625.0,6.235897435897436,-5.235897435897436,-83.96381578947368,5.235897435897436,0,-0.4049123503126376,0,2016-12-01,3.1,28.7,155.0,186.79999999999995,556.1999999999998,625.7,-151.9,-2.4492935982947064e-16,1.0,0,DEC,0,0.013379561,0,TRUE_NEGATIVE
East Rajasthan,2006,10.0,3,2.4,432.8,735.6,747.9000000000002,14.394017094017093,-11.994017094017092,-83.32640579538032,11.994017094017092,0,-0.4815952837497392,0,2006-10-01,88.9,341.5,215.9,646.3,733.6,745.5000000000002,-127.0,-0.8660254037844386,0.5000000000000001,0,OCT,0,0.013377112,0,TRUE_NEGATIVE
West Rajasthan,2010,12.0,3,5.2,26.2,416.0000000000002,473.30000000000007,1.8854700854700848,3.3145299145299147,175.79329102447872,0.0,0,0.8721964728776761,0,2010-12-01,20.1,0.9,96.5,117.5,460.3000000000002,468.2000000000001,-76.4,-2.4492935982947064e-16,1.0,0,DEC,0,0.013355795,0,TRUE_NEGATIVE
Coastal Andhra Pradesh,2005,12.0,3,4.2,358.39999999999986,1013.9000000000004,1221.6,11.550427350427348,-7.350427350427348,-63.63770904247447,7.350427350427348,0,-0.309829807505504,0,2005-12-01,56.2,298.0,398.1,752.3,1097.8000000000004,1217.6,-341.90000000000003,-2.4492935982947064e-16,1.0,0,DEC,0,0.013343428,0,TRUE_NEGATIVE
East Rajasthan,2010,10.0,3,0.8,405.6,629.8000000000001,642.5000000000002,14.394017094017093,-13.594017094017092,-94.44213526512677,13.594017094017092,0,-0.5458400191006629,0,2010-10-01,128.9,275.9,196.2,601.0,629.4,652.6000000000003,-67.29999999999998,-0.8660254037844386,0.5000000000000001,0,OCT,0,0.013341357,0,TRUE_NEGATIVE
Haryana Delhi & Chandigarh,2010,10.0,3,1.1,383.50000000000006,607.8,625.5999999999998,12.64871794871795,-11.54871794871795,-91.30346645043583,11.54871794871795,0,-0.4854149518064651,0,2010-10-01,183.9,198.5,189.3,571.7,607.5,626.9999999999998,-5.400000000000006,-0.8660254037844386,0.5000000000000001,0,OCT,0,0.0133280065,0,TRUE_NEGATIVE
North Interior Karnataka,2006,12.0,3,0.0,72.59999999999985,412.3999999999999,650.5,6.235897435897436,-6.235897435897436,-100.0,6.235897435897436,0,-0.4822462467974214,0,2006-12-01,29.0,43.6,136.8,209.39999999999984,542.5999999999998,650.6,-107.8,-2.4492935982947064e-16,1.0,0,DEC,0,0.013327706,0,TRUE_NEGATIVE
East Rajasthan,2004,12.0,3,0.1,28.0,539.4000000000001,606.2000000000003,3.617948717948718,-3.517948717948718,-97.23600283486888,3.517948717948718,0,-0.5250179588425661,0,2004-12-01,0.4,27.5,24.7,52.6,592.1,608.4000000000002,-24.3,-2.4492935982947064e-16,1.0,0,DEC,0,0.013282534,0,TRUE_NEGATIVE
Saurashtra & Kutch,2000,4.0,1,0.0,0.0,0.0,369.0,1.1632478632478631,-1.1632478632478631,-100.0,1.1632478632478631,0,-0.1904632649251258,0,2000-04-01,0.0,0.0,0.0,0.0,92.90000000000023,369.0,0.0,0.8660254037844387,-0.4999999999999998,0,APR,0,0.013277723,0,TRUE_NEGATIVE
Gujarat Region,2000,2.0,0,0.1,0.1000000000002273,126.79999999999978,566.6999999999997,1.170940170940171,-1.070940170940171,-91.45985401459852,1.070940170940171,0,-0.3757582724382329,0,2000-02-01,0.0,0.0,0.0,0.0,181.79999999999976,568.5999999999997,0.0,0.8660254037844386,0.5000000000000001,0,FEB,0,0.013264867,0,TRUE_NEGATIVE
Haryana Delhi & Chandigarh,2003,11.0,3,0.1,59.0,528.5,595.1999999999998,3.223931623931624,-3.123931623931624,-96.898197242842,3.123931623931624,0,-0.4262862992744616,0,2003-11-01,0.0,58.9,165.3,224.2,535.9,595.0999999999998,-165.3,-0.5000000000000004,0.8660254037844384,0,NOV,0,0.013248941,0,TRUE_NEGATIVE
Punjab,2005,11.0,3,0.0,107.09999999999992,413.7,557.0000000000001,4.117948717948718,-4.117948717948718,-100.0,4.117948717948718,0,-0.5051549854386029,0,2005-11-01,0.4,106.7,95.3,202.39999999999992,418.9,557.8000000000001,-94.9,-0.5000000000000004,0.8660254037844384,0,NOV,0,0.013234343,0,TRUE_NEGATIVE
Saurashtra & Kutch,2011,10.0,3,1.2,502.1999999999999,740.9000000000001,806.5999999999998,14.856410256410255,-13.656410256410258,-91.9226786330687,13.656410256410258,0,-0.4509355941192965,0,2011-10-01,210.1,290.9,212.7,713.6999999999998,739.7000000000002,816.9999999999999,-2.5999999999999943,-0.8660254037844386,0.5000000000000001,0,OCT,0,0.013218536,0,TRUE_NEGATIVE
West Madhya Pradesh,2002,12.0,3,0.8,12.599999999999715,518.2,684.3000000000002,6.205982905982906,-5.405982905982906,-87.1092136069412,5.405982905982906,0,-0.4031068880745807,0,2002-12-01,5.9,5.9,141.0,152.79999999999973,656.3000000000001,683.5000000000002,-135.1,-2.4492935982947064e-16,1.0,0,DEC,0,0.013213287,0,TRUE_NEGATIVE
West Madhya Pradesh,2012,11.0,3,0.0,196.3999999999997,1025.0000000000002,1035.2,12.133333333333333,-12.133333333333333,-100.0,12.133333333333333,0,-0.5191856159450645,0,2012-11-01,2.1,194.3,341.2,537.5999999999997,1028.1,1035.2,-339.1,-0.5000000000000004,0.8660254037844384,0,NOV,0,0.013199778,0,TRUE_NEGATIVE
Telangana,2015,12.0,3,1.7,17.6,440.79999999999967,857.2,5.057264957264958,-3.3572649572649578,-66.38499239479466,3.3572649572649578,0,-0.3256438081533626,0,2015-12-01,0.3,15.6,158.3,174.20000000000002,705.9999999999997,856.2,-158.0,-2.4492935982947064e-16,1.0,0,DEC,0,0.01316884,0,TRUE_NEGATIVE
Saurashtra & Kutch,2000,11.0,3,0.0,6.699999999999887,283.0000000000002,285.8999999999999,5.992307692307692,-5.992307692307692,-100.0,5.992307692307692,0,-0.35082202957252,0,2000-11-01,2.2,4.5,46.2,52.89999999999989,285.9000000000002,285.8999999999999,-44.0,-0.5000000000000004,0.8660254037844384,0,NOV,0,0.013164929,0,TRUE_NEGATIVE
Chhattisgarh,2013,12.0,3,0.0,181.20000000000047,1077.5,1420.0,5.158974358974359,-5.158974358974359,-100.0,5.158974358974359,0,-0.4905879750962075,0,2013-12-01,0.3,180.9,140.9,322.1000000000005,1341.1,1425.0,-140.6,-2.4492935982947064e-16,1.0,0,DEC,0,0.013135073,0,TRUE_NEGATIVE
Matathwada,2009,12.0,3,8.4,130.7000000000001,597.3999999999999,668.9000000000001,7.202564102564103,1.1974358974358976,16.625133499466006,0.0,0,0.0736388571886352,0,2009-12-01,63.3,59.0,159.9,282.2000000000001,652.0999999999999,660.6000000000001,-96.6,-2.4492935982947064e-16,1.0,0,DEC,0,0.013124409,0,TRUE_NEGATIVE
West Madhya Pradesh,2001,12.0,3,0.0,62.19999999999972,557.8,787.0000000000001,6.205982905982906,-6.205982905982906,-100.0,6.205982905982906,0,-0.4627603342781867,0,2001-12-01,0.0,62.2,27.5,89.69999999999972,761.4,787.2000000000002,-27.5,-2.4492935982947064e-16,1.0,0,DEC,0,0.013114443,0,TRUE_NEGATIVE
Vidarbha,2012,12.0,3,0.0,42.19999999999954,978.3000000000004,1107.8,7.792307692307693,-7.792307692307693,-100.0,7.792307692307693,0,-0.4367856286275096,0,2012-12-01,7.3,34.9,249.4,291.5999999999996,1103.8000000000004,1107.8,-242.1,-2.4492935982947064e-16,1.0,0,DEC,0,0.01310778,0,TRUE_NEGATIVE
Haryana Delhi & Chandigarh,2010,12.0,3,12.8,17.4,589.0999999999999,640.3999999999997,7.107692307692308,5.6923076923076925,80.08658008658008,0.0,0,0.5297966227838125,0,2010-12-01,3.5,1.1,183.9,188.5,605.4,627.9999999999998,-180.4,-2.4492935982947064e-16,1.0,0,DEC,0,0.013099936,0,TRUE_NEGATIVE
Chhattisgarh,2012,11.0,3,20.4,285.50000000000045,1305.6,1375.1999999999998,11.572649572649572,8.827350427350426,76.27769571639585,0.0,0,0.4511139471492598,0,2012-11-01,19.8,245.3,442.2,707.3000000000004,1294.6,1354.8,-422.4,-0.5000000000000004,0.8660254037844384,0,NOV,0,0.013098334,0,TRUE_NEGATIVE
Gangetic West Bengal,2010,12.0,3,29.7,132.20000000000022,713.7,1064.9,5.712820512820513,23.987179487179485,419.883303411131,0.0,0,1.9782290647166831,0,2010-12-01,6.3,96.2,192.6,295.10000000000025,873.3,1035.5,-186.3,-2.4492935982947064e-16,1.0,0,DEC,0,0.013094013,0,TRUE_NEGATIVE
Saurashtra & Kutch,2007,10.0,3,1.7,564.0999999999999,887.6000000000003,890.4999999999999,14.856410256410255,-13.156410256410258,-88.55712806351399,13.156410256410258,0,-0.4344255601626193,0,2007-10-01,157.0,405.4,209.2,771.5999999999999,885.9000000000002,890.1999999999998,-52.19999999999999,-0.8660254037844386,0.5000000000000001,0,OCT,0,0.013091734,0,TRUE_NEGATIVE
West Rajasthan,2005,11.0,3,0.1,75.89999999999996,215.5000000000002,262.20000000000005,1.6435897435897435,-1.5435897435897437,-93.9157566302652,1.5435897435897437,0,-0.3428238719961682,0,2005-11-01,0.0,75.8,24.3,100.09999999999997,229.9000000000002,262.1,-24.3,-0.5000000000000004,0.8660254037844384,0,NOV,0,0.013031224,0,TRUE_NEGATIVE
Gangetic West Bengal,2000,12.0,3,0.1,77.90000000000023,1026.2,1572.0,5.712820512820513,-5.612820512820513,-98.2495511669659,5.612820512820513,0,-0.4628907987883292,0,2000-12-01,1.6,76.2,428.4,506.2000000000002,1231.7,1571.9,-426.8,-2.4492935982947064e-16,1.0,0,DEC,0,0.013017715,0,TRUE_NEGATIVE
West Rajasthan,2004,12.0,3,1.6,20.29999999999997,150.10000000000022,196.80000000000007,1.8854700854700848,-0.2854700854700853,-15.140525838621937,0.2854700854700853,0,-0.0751195518156635,0,2004-12-01,0.0,18.7,8.6,27.29999999999997,182.00000000000023,195.30000000000007,-8.6,-2.4492935982947064e-16,1.0,0,DEC,0,0.013007463,0,TRUE_NEGATIVE
Bihar,2004,12.0,3,0.0,59.5000000000004,769.0999999999997,1147.6,3.631623931623932,-3.631623931623932,-100.0,3.631623931623932,0,-0.5000768318591443,0,2004-12-01,3.1,56.4,115.3,174.80000000000038,1015.8999999999996,1150.6,-112.2,-2.4492935982947064e-16,1.0,0,DEC,0,0.012972565,0,TRUE_NEGATIVE
Orissa,2004,12.0,3,0.0,151.39999999999938,973.9,1290.4,5.517948717948718,-5.517948717948718,-100.0,5.517948717948718,0,-0.4892849828808836,0,2004-12-01,1.8,149.6,148.1,299.4999999999994,1190.3,1319.2,-146.29999999999998,-2.4492935982947064e-16,1.0,0,DEC,0,0.012968024,0,TRUE_NEGATIVE
West Madhya Pradesh,2010,12.0,3,0.8,18.99999999999972,705.1000000000003,776.2000000000003,6.205982905982906,-5.405982905982906,-87.1092136069412,5.405982905982906,0,-0.4031068880745807,0,2010-12-01,4.6,13.6,136.1,154.2999999999997,766.5000000000001,794.5000000000002,-131.5,-2.4492935982947064e-16,1.0,0,DEC,0,0.012952836,0,TRUE_NEGATIVE
Chhattisgarh,2010,12.0,3,27.6,102.1000000000005,1171.7,1306.6,5.158974358974359,22.441025641025643,434.9900596421471,0.0,0,2.134008925468195,0,2010-12-01,20.2,54.3,302.5,377.0000000000005,1246.6999999999998,1280.9,-282.3,-2.4492935982947064e-16,1.0,0,DEC,0,0.012947991,0,TRUE_NEGATIVE
Saurashtra & Kutch,2001,4.0,1,0.2,0.1999999999998863,0.3000000000002274,286.19999999999993,1.1632478632478631,-0.9632478632478634,-82.80675973548861,0.9632478632478634,0,-0.1577164581709161,0,2001-04-01,0.0,0.0,0.0,0.0,2.300000000000228,285.99999999999994,0.0,0.8660254037844387,-0.4999999999999998,0,APR,0,0.0129435845,0,TRUE_NEGATIVE
East Uttar Pradesh,2006,12.0,3,1.5,11.80000000000017,479.1,632.1000000000001,5.677777777777777,-4.177777777777777,-73.5812133072407,4.177777777777777,0,-0.4948110306237818,0,2006-12-01,1.2,9.1,51.5,61.80000000000017,584.9999999999999,633.5000000000001,-50.3,-2.4492935982947064e-16,1.0,0,DEC,0,0.012938766,0,TRUE_NEGATIVE
Madhya Maharashtra,2007,12.0,3,0.0,7.3,764.1999999999997,1040.4,5.8,-5.8,-100.0,5.8,0,-0.4958773500475676,0,2007-12-01,3.9,3.4,189.2,196.5,1031.1,1040.4,-185.3,-2.4492935982947064e-16,1.0,0,DEC,0,0.012918509,0,TRUE_NEGATIVE
Saurashtra & Kutch,2000,2.0,0,0.0,0.0,116.80000000000022,369.0,1.588034188034188,-1.588034188034188,-100.0,1.588034188034188,0,-0.3746404279887505,0,2000-02-01,0.0,0.0,0.0,0.0,134.20000000000022,379.5,0.0,0.8660254037844386,0.5000000000000001,0,FEB,0,0.012913275,0,TRUE_NEGATIVE
Jharkhand,2003,11.0,3,6.2,485.69999999999993,1130.7000000000005,1238.3000000000002,11.739316239316238,-5.539316239316238,-47.18602111394248,5.539316239316238,0,-0.2667634046015932,0,2003-11-01,255.5,224.0,245.1,724.5999999999999,1146.0000000000002,1233.4,10.400000000000006,-0.5000000000000004,0.8660254037844384,0,NOV,0,0.01290673,0,TRUE_NEGATIVE
Madhya Maharashtra,2003,12.0,3,0.1,33.1,536.3999999999997,772.5000000000001,5.8,-5.7,-98.27586206896552,5.7,0,-0.4873277405639888,0,2003-12-01,3.5,29.5,116.2,149.2,747.0999999999998,772.4000000000002,-112.7,-2.4492935982947064e-16,1.0,0,DEC,0,0.012897724,0,TRUE_NEGATIVE
Saurashtra & Kutch,2003,2.0,0,0.4,0.9999999999998864,16.500000000000227,308.3999999999999,1.588034188034188,-1.1880341880341878,-74.81162540365985,1.1880341880341878,0,-0.280274593597612,0,2003-02-01,0.0,0.6,0.2,0.7999999999998864,133.60000000000022,307.99999999999994,-0.2,0.8660254037844386,0.5000000000000001,0,FEB,0,0.0128972875,0,TRUE_NEGATIVE
Saurashtra & Kutch,2013,4.0,1,8.5,8.799999999999887,11.50000000000017,334.1,1.1632478632478631,7.336752136752136,630.7127112417339,0.0,0,1.201276022128788,0,2013-04-01,0.1,0.2,1.7,1.9999999999998863,5.40000000000017,325.79999999999995,-1.6,0.8660254037844387,-0.4999999999999998,0,APR,0,0.012883702,0,TRUE_NEGATIVE
West Madhya Pradesh,2007,12.0,3,0.6,11.099999999999715,675.6000000000003,806.5000000000002,6.205982905982906,-5.6059829059829065,-90.3319102052059,5.6059829059829065,0,-0.4180202496254822,0,2007-12-01,10.5,0.0,138.3,148.79999999999973,774.9000000000003,808.9000000000002,-127.8,-2.4492935982947064e-16,1.0,0,DEC,0,0.01287244,0,TRUE_NEGATIVE
Madhya Maharashtra,2002,12.0,3,0.0,42.2,455.0999999999998,740.2,5.8,-5.8,-100.0,5.8,0,-0.4958773500475676,0,2002-12-01,5.9,36.3,95.8,138.0,706.9999999999998,740.7,-89.89999999999999,-2.4492935982947064e-16,1.0,0,DEC,0,0.012864704,0,TRUE_NEGATIVE
Punjab,2010,10.0,3,4.7,214.2,405.8,429.10000000000014,13.616239316239316,-8.916239316239317,-65.48239281903207,8.916239316239317,0,-0.225804132161286,0,2010-10-01,112.8,96.7,143.8,353.29999999999995,401.8,428.4000000000001,-31.00000000000001,-0.8660254037844386,0.5000000000000001,0,OCT,0,0.012856466,0,TRUE_NEGATIVE
West Madhya Pradesh,2010,11.0,3,4.6,154.2999999999997,766.5000000000001,794.5000000000002,12.133333333333333,-7.533333333333333,-62.08791208791209,7.533333333333333,0,-0.3223515088010565,0,2010-11-01,13.6,136.1,291.5,441.1999999999997,762.3000000000003,855.0000000000003,-277.9,-0.5000000000000004,0.8660254037844384,0,NOV,0,0.012820834,0,TRUE_NEGATIVE
Uttarakhand,2009,11.0,3,12.6,300.49999999999983,702.4999999999992,847.3,8.04957264957265,4.55042735042735,56.53004884264175,0.0,0,0.3597652339418836,0,2009-11-01,81.3,206.6,202.6,490.4999999999999,767.4999999999992,846.6,-121.3,-0.5000000000000004,0.8660254037844384,0,NOV,0,0.012806756,0,TRUE_NEGATIVE
West Madhya Pradesh,2014,12.0,3,15.8,25.79999999999972,766.8000000000002,864.8000000000002,6.205982905982906,9.594017094017094,154.59303126291144,0.0,0,0.7153952282430306,0,2014-12-01,3.0,7.0,192.6,202.5999999999997,781.6000000000003,851.4000000000002,-189.6,-2.4492935982947064e-16,1.0,0,DEC,0,0.012799234,0,TRUE_NEGATIVE
West Madhya Pradesh,2000,11.0,3,0.0,32.79999999999972,582.9000000000001,613.3000000000002,12.133333333333333,-12.133333333333333,-100.0,12.133333333333333,0,-0.5191856159450645,0,2000-11-01,1.2,31.6,136.2,168.99999999999972,613.0,613.6000000000003,-135.0,-0.5000000000000004,0.8660254037844384,0,NOV,0,0.0127970595,0,TRUE_NEGATIVE
North Interior Karnataka,2008,12.0,3,5.3,89.19999999999989,469.99999999999983,712.4,6.235897435897436,-0.935897435897436,-15.008223684210533,0.935897435897436,0,-0.0723765954280669,0,2008-12-01,29.8,54.1,152.5,236.3999999999999,536.2999999999997,716.3,-122.7,-2.4492935982947064e-16,1.0,0,DEC,0,0.012774657,0,TRUE_NEGATIVE
Chhattisgarh,2000,12.0,3,0.1,4.600000000000625,711.6999999999998,906.4,5.158974358974359,-5.05897435897436,-98.06163021868788,5.05897435897436,0,-0.4810785660361916,0,2000-12-01,0.2,4.3,169.1,173.60000000000062,892.2999999999998,906.9,-168.9,-2.4492935982947064e-16,1.0,0,DEC,0,0.01274241,0,TRUE_NEGATIVE
Jharkhand,2016,12.0,3,0.0,45.599999999999774,1029.7,1264.1,4.856410256410257,-4.856410256410257,-100.0,4.856410256410257,0,-0.5363958890242204,0,2016-12-01,0.0,45.6,287.5,333.0999999999998,1152.6,1266.8000000000002,-287.5,-2.4492935982947064e-16,1.0,0,DEC,0,0.012737354,0,TRUE_NEGATIVE
West Rajasthan,2014,12.0,3,0.0,0.7000000000000142,249.50000000000023,302.40000000000003,1.8854700854700848,-1.8854700854700848,-100.0,1.8854700854700848,0,-0.4961488961238145,0,2014-12-01,0.2,0.5,84.9,85.60000000000002,263.30000000000024,302.40000000000003,-84.7,-2.4492935982947064e-16,1.0,0,DEC,0,0.0127281295,0,TRUE_NEGATIVE
North Interior Karnataka,2015,12.0,3,1.7,68.59999999999992,336.29999999999984,551.9000000000001,6.235897435897436,-4.535897435897436,-72.73848684210526,4.535897435897436,0,-0.3507786227732888,0,2015-12-01,5.7,61.2,150.8,217.69999999999996,424.1999999999999,564.3,-145.10000000000002,-2.4492935982947064e-16,1.0,0,DEC,0,0.01271921,0,TRUE_NEGATIVE
East Madhya Pradesh,2009,12.0,3,19.0,167.09999999999943,884.7000000000006,944.0000000000002,8.260683760683762,10.739316239316238,130.00517330574235,0.0,0,0.6633228934663644,0,2009-12-01,79.2,68.9,208.7,356.79999999999944,901.0000000000006,925.4000000000002,-129.5,-2.4492935982947064e-16,1.0,0,DEC,0,0.012715803,0,TRUE_NEGATIVE
East Rajasthan,2013,10.0,3,30.6,397.1,807.6999999999999,834.5000000000002,14.394017094017093,16.205982905982907,112.5883261089009,0.0,0,0.6507181768102906,0,2013-10-01,88.0,278.5,319.0,685.5,780.3,804.4000000000003,-231.0,-0.8660254037844386,0.5000000000000001,0,OCT,0,0.01270584,0,TRUE_NEGATIVE
Jharkhand,2015,12.0,3,2.7,25.59999999999977,781.1000000000003,1081.8,4.856410256410257,-2.1564102564102567,-44.40337909186906,2.1564102564102567,0,-0.2381779000366258,0,2015-12-01,0.2,22.7,85.1,107.99999999999976,961.7000000000002,1080.3,-84.89999999999999,-2.4492935982947064e-16,1.0,0,DEC,0,0.012704663,0,TRUE_NEGATIVE
West Madhya Pradesh,2006,12.0,3,3.0,25.29999999999972,1024.3000000000002,1169.2,6.205982905982906,-3.205982905982906,-51.65955102602947,3.205982905982906,0,-0.2390599110146644,0,2006-12-01,8.6,13.7,198.1,220.3999999999997,1095.8000000000002,1167.6,-189.5,-2.4492935982947064e-16,1.0,0,DEC,0,0.012689921,0,TRUE_NEGATIVE
North Interior Karnataka,2010,12.0,3,1.2,155.1999999999999,675.3999999999997,853.1,6.235897435897436,-5.035897435897436,-80.75657894736842,5.035897435897436,0,-0.3894455710156808,0,2010-12-01,71.9,82.1,119.2,273.1999999999999,784.2999999999998,865.8,-47.3,-2.4492935982947064e-16,1.0,0,DEC,0,0.012651624,0,TRUE_NEGATIVE
Punjab,2012,11.0,3,0.4,114.89999999999988,382.1,485.10000000000014,4.117948717948718,-3.71794871794872,-90.28642590286428,3.71794871794872,0,-0.456086381622649,0,2012-11-01,2.2,112.3,135.1,249.5999999999999,383.3,485.7000000000001,-132.9,-0.5000000000000004,0.8660254037844384,0,NOV,0,0.012644639,0,TRUE_NEGATIVE
Chhattisgarh,2011,12.0,3,2.8,18.300000000000512,1052.9,1302.6,5.158974358974359,-2.3589743589743595,-45.72564612326045,2.3589743589743595,0,-0.2243245214157609,0,2011-12-01,0.0,15.5,382.2,397.7000000000005,1233.6,1327.4,-382.2,-2.4492935982947064e-16,1.0,0,DEC,0,0.012605373,0,TRUE_NEGATIVE
Uttarakhand,2010,11.0,3,4.5,402.1999999999998,1266.3999999999992,1405.4,8.04957264957265,-3.5495726495726494,-44.096411127627945,3.5495726495726494,0,-0.280635803260827,0,2010-11-01,8.0,389.7,335.7,733.3999999999999,1308.8999999999992,1413.5,-327.7,-0.5000000000000004,0.8660254037844384,0,NOV,0,0.012597423,0,TRUE_NEGATIVE
West Madhya Pradesh,2004,11.0,3,2.2,101.59999999999972,825.2,849.7000000000002,12.133333333333333,-9.933333333333334,-81.86813186813188,9.933333333333334,0,-0.4250475647022781,0,2004-11-01,43.7,55.7,421.9,521.2999999999997,827.8000000000001,847.7000000000002,-378.2,-0.5000000000000004,0.8660254037844384,0,NOV,0,0.012572364,0,TRUE_NEGATIVE
Gangetic West Bengal,2013,12.0,3,0.0,353.2000000000002,1271.7999999999995,1764.0,5.712820512820513,-5.712820512820513,-100.0,5.712820512820513,0,-0.4711378253542245,0,2013-12-01,0.0,353.2,254.0,607.2000000000003,1505.1999999999998,1788.6,-254.0,-2.4492935982947064e-16,1.0,0,DEC,0,0.012563014,0,TRUE_NEGATIVE
West Rajasthan,2015,10.0,3,1.1,97.29999999999995,400.6000000000002,458.6000000000001,5.194871794871794,-4.0948717948717945,-78.82527147087858,4.0948717948717945,0,-0.3497385226512913,0,2015-10-01,35.7,60.5,234.6,330.8,424.7000000000003,458.00000000000006,-198.9,-0.8660254037844386,0.5000000000000001,0,OCT,0,0.01253221,0,TRUE_NEGATIVE
East Rajasthan,2000,11.0,3,0.0,29.10000000000005,415.4,440.1000000000002,4.794017094017094,-4.794017094017094,-100.0,4.794017094017094,0,-0.4545244092299346,0,2000-11-01,0.4,28.7,95.5,124.60000000000004,436.4,440.1000000000002,-95.1,-0.5000000000000004,0.8660254037844384,0,NOV,0,0.01252631,0,TRUE_NEGATIVE
Chhattisgarh,2010,11.0,3,20.2,377.0000000000005,1246.6999999999998,1280.9,11.572649572649572,8.627350427350427,74.54948301329394,0.0,0,0.4408931237920826,0,2010-11-01,54.3,302.5,340.3,697.1000000000005,1239.0999999999997,1303.2,-286.0,-0.5000000000000004,0.8660254037844384,0,NOV,0,0.012522837,0,TRUE_NEGATIVE
Matathwada,2008,12.0,3,0.1,34.20000000000011,559.2999999999998,646.3000000000002,7.202564102564103,-7.102564102564103,-98.6116055535778,7.102564102564103,0,-0.4367872257227398,0,2008-12-01,0.3,33.8,267.8,301.90000000000015,625.8999999999999,646.2000000000002,-267.5,-2.4492935982947064e-16,1.0,0,DEC,0,0.012518833,0,TRUE_NEGATIVE
Madhya Maharashtra,2000,12.0,3,2.1,61.3,506.5999999999997,701.5000000000001,5.8,-3.7,-63.79310344827586,3.7,0,-0.3163355508924138,0,2000-12-01,2.7,56.5,87.0,146.2,677.4999999999998,699.4000000000001,-84.3,-2.4492935982947064e-16,1.0,0,DEC,0,0.012475881,0,TRUE_NEGATIVE
Chhattisgarh,2002,11.0,3,13.3,193.40000000000057,880.4999999999998,974.5,11.572649572649572,1.7273504273504283,14.926144756277704,0.0,0,0.0882747179694669,0,2002-11-01,57.8,122.3,352.4,532.5000000000006,899.2999999999998,965.7999999999998,-294.6,-0.5000000000000004,0.8660254037844384,0,NOV,0,0.012433214,0,TRUE_NEGATIVE
Telangana,2013,12.0,3,2.7,225.0,1070.7999999999995,1348.7,5.057264957264958,-2.3572649572649578,-46.61145850937976,2.3572649572649578,0,-0.2286470526697999,0,2013-12-01,16.4,205.9,161.4,383.7,1281.4999999999998,1346.0,-145.0,-2.4492935982947064e-16,1.0,0,DEC,0,0.012424593,0,TRUE_NEGATIVE
Orissa,2013,12.0,3,0.0,392.19999999999953,1235.1999999999998,1632.3000000000002,5.517948717948718,-5.517948717948718,-100.0,5.517948717948718,0,-0.4892849828808836,0,2013-12-01,1.2,391.0,208.1,600.2999999999996,1507.8,1635.4,-206.9,-2.4492935982947064e-16,1.0,0,DEC,0,0.012422551,0,TRUE_NEGATIVE
Saurashtra & Kutch,2001,11.0,3,0.0,28.19999999999989,509.1000000000002,510.3,5.992307692307692,-5.992307692307692,-100.0,5.992307692307692,0,-0.35082202957252,0,2001-11-01,7.6,20.6,116.9,145.09999999999988,510.0000000000002,510.3,-109.3,-0.5000000000000004,0.8660254037844384,0,NOV,0,0.012394602,0,TRUE_NEGATIVE
Gangetic West Bengal,2004,12.0,3,0.8,221.50000000000028,1126.4,1569.4,5.712820512820513,-4.912820512820513,-85.99640933572711,4.912820512820513,0,-0.405161612827062,0,2004-12-01,0.0,220.7,264.3,485.0000000000003,1413.1,1586.3,-264.3,-2.4492935982947064e-16,1.0,0,DEC,0,0.012393965,0,TRUE_NEGATIVE
Gujarat Region,2006,12.0,3,0.0,12.100000000000229,1353.4999999999998,1477.9999999999995,1.4102564102564104,-1.4102564102564104,-100.0,1.4102564102564104,0,-0.3910533758777165,0,2006-12-01,2.9,9.2,140.6,152.70000000000022,1476.9999999999998,1477.9999999999995,-137.7,-2.4492935982947064e-16,1.0,0,DEC,0,0.012386946,0,TRUE_NEGATIVE
Punjab,2016,11.0,3,0.5,19.799999999999827,370.3,443.7000000000001,4.117948717948718,-3.6179487179487184,-87.85803237858032,3.6179487179487184,0,-0.4438192306686605,0,2016-11-01,1.9,17.4,144.8,164.09999999999985,394.6,444.0000000000001,-142.9,-0.5000000000000004,0.8660254037844384,0,NOV,0,0.012306186,0,TRUE_NEGATIVE
Haryana Delhi & Chandigarh,2002,12.0,3,8.8,10.7,231.3,357.2999999999998,7.107692307692308,1.6923076923076923,23.80952380952381,0.0,0,0.1575071040708631,0,2002-12-01,0.0,1.9,123.0,124.9,243.7,348.69999999999976,-123.0,-2.4492935982947064e-16,1.0,0,DEC,0,0.012271767,0,TRUE_NEGATIVE
West Uttar Pradesh,2005,11.0,3,0.0,204.9999999999999,666.2999999999997,725.1999999999998,3.898290598290598,-3.898290598290598,-100.0,3.898290598290598,0,-0.544388542234027,0,2005-11-01,2.5,202.5,96.0,300.9999999999999,673.1999999999998,725.8999999999999,-93.5,-0.5000000000000004,0.8660254037844384,0,NOV,0,0.01224391,0,TRUE_NEGATIVE
Bihar,2001,12.0,3,0.0,181.80000000000035,907.1999999999996,1247.1,3.631623931623932,-3.631623931623932,-100.0,3.631623931623932,0,-0.5000768318591443,0,2001-12-01,0.5,181.3,274.8,456.6000000000004,1131.5999999999997,1247.2,-274.3,-2.4492935982947064e-16,1.0,0,DEC,0,0.012239442,0,TRUE_NEGATIVE
Telangana,2001,12.0,3,0.0,153.00000000000023,663.4999999999998,922.2,5.057264957264958,-5.057264957264958,-100.0,5.057264957264958,0,-0.4905382924754191,0,2001-12-01,17.4,135.6,119.9,272.9000000000002,847.3999999999997,924.7,-102.5,-2.4492935982947064e-16,1.0,0,DEC,0,0.012203447,0,TRUE_NEGATIVE
Bihar,2014,12.0,3,1.2,49.0000000000004,782.2999999999994,1061.0,3.631623931623932,-2.431623931623932,-66.95693104259827,2.431623931623932,0,-0.3348360994679373,0,2014-12-01,0.0,47.8,160.3,208.1000000000004,896.2999999999995,1059.8,-160.3,-2.4492935982947064e-16,1.0,0,DEC,0,0.012180121,0,TRUE_NEGATIVE
West Rajasthan,2002,11.0,3,2.5,23.19999999999997,69.70000000000022,86.20000000000006,1.6435897435897435,0.8564102564102563,52.10608424336972,0.0,0,0.1902046067221266,0,2002-11-01,0.1,20.6,17.2,37.89999999999997,78.40000000000022,83.70000000000006,-17.099999999999998,-0.5000000000000004,0.8660254037844384,0,NOV,0,0.012151984,0,TRUE_NEGATIVE
West Uttar Pradesh,2013,11.0,3,1.7,115.0999999999999,826.6999999999998,925.7999999999998,3.898290598290598,-2.1982905982905985,-56.39114229335672,2.1982905982905985,0,-0.3069869174799205,0,2013-11-01,61.2,52.2,287.1,400.4999999999999,827.0999999999998,924.1999999999998,-225.90000000000003,-0.5000000000000004,0.8660254037844384,0,NOV,0,0.012150518,0,TRUE_NEGATIVE
West Madhya Pradesh,2003,11.0,3,0.2,255.9999999999997,920.2000000000002,944.6000000000004,12.133333333333333,-11.933333333333334,-98.35164835164836,11.933333333333334,0,-0.5106276112866294,0,2003-11-01,0.9,254.9,228.0,483.7999999999997,920.3,950.3000000000002,-227.1,-0.5000000000000004,0.8660254037844384,0,NOV,0,0.0121362,0,TRUE_NEGATIVE
Saurashtra & Kutch,2000,1.0,0,0.0,0.0,134.20000000000022,379.5,1.1205128205128203,-1.1205128205128203,-100.0,1.1205128205128203,0,-0.4751109291386094,0,2000-01-01,0.0,0.0,92.9,92.89999999999988,176.50000000000023,380.8,-92.9,0.4999999999999999,0.8660254037844387,0,JAN,0,0.012117937,0,TRUE_NEGATIVE
West Madhya Pradesh,2003,12.0,3,2.5,3.599999999999716,794.0000000000002,946.3000000000004,6.205982905982906,-3.705982905982906,-59.71629252169123,3.705982905982906,0,-0.2763433148919181,0,2003-12-01,0.2,0.9,254.9,255.9999999999997,920.2000000000002,944.6000000000004,-254.7,-2.4492935982947064e-16,1.0,0,DEC,0,0.01211602,0,TRUE_NEGATIVE
Saurashtra & Kutch,2012,11.0,3,0.0,230.8999999999999,322.50000000000017,322.79999999999995,5.992307692307692,-5.992307692307692,-100.0,5.992307692307692,0,-0.35082202957252,0,2012-11-01,2.4,228.5,34.5,265.39999999999986,322.6000000000002,322.9,-32.1,-0.5000000000000004,0.8660254037844384,0,NOV,0,0.012111552,0,TRUE_NEGATIVE
Jharkhand,2012,12.0,3,7.6,93.99999999999984,881.2000000000003,1064.9,4.856410256410257,2.7435897435897427,56.49419218585003,0.0,0,0.3030325244223419,0,2012-12-01,48.6,37.8,217.6,303.99999999999983,994.7000000000002,1057.4,-169.0,-2.4492935982947064e-16,1.0,0,DEC,0,0.012110486,0,TRUE_NEGATIVE
South Interior Karnataka,2009,12.0,3,22.9,176.80000000000007,902.6,1158.4,11.651282051282053,11.248717948717946,96.54489436619716,0.0,0,0.7104615083215651,0,2009-12-01,55.7,98.2,247.9,401.80000000000007,981.3,1140.7,-192.2,-2.4492935982947064e-16,1.0,0,DEC,0,0.01208857,0,TRUE_NEGATIVE
West Madhya Pradesh,2002,11.0,3,5.9,152.79999999999973,656.3000000000001,683.5000000000002,12.133333333333333,-6.2333333333333325,-51.373626373626365,6.2333333333333325,0,-0.2667244785212281,0,2002-11-01,5.9,141.0,317.7,464.5999999999997,654.3000000000001,677.6000000000003,-311.8,-0.5000000000000004,0.8660254037844384,0,NOV,0,0.012069149,0,TRUE_NEGATIVE
Chhattisgarh,2005,12.0,3,1.0,86.1000000000005,988.0999999999998,1287.2999999999995,5.158974358974359,-4.158974358974359,-80.61630218687873,4.158974358974359,0,-0.395493884496048,0,2005-12-01,1.6,83.5,240.5,325.60000000000053,1184.1,1286.4,-238.9,-2.4492935982947064e-16,1.0,0,DEC,0,0.012020136,0,TRUE_NEGATIVE
Chhattisgarh,2008,12.0,3,0.0,11.90000000000051,812.8999999999999,1108.6,5.158974358974359,-5.158974358974359,-100.0,5.158974358974359,0,-0.4905879750962075,0,2008-12-01,1.2,10.7,215.4,227.30000000000047,1049.2999999999995,1109.1,-214.2,-2.4492935982947064e-16,1.0,0,DEC,0,0.01200195,0,TRUE_NEGATIVE
West Rajasthan,2000,10.0,3,1.1,46.39999999999997,230.50000000000023,234.9000000000001,5.194871794871794,-4.0948717948717945,-78.82527147087858,4.0948717948717945,0,-0.3497385226512913,0,2000-10-01,5.7,39.6,171.6,216.9,232.50000000000023,241.4000000000001,-165.9,-0.8660254037844386,0.5000000000000001,0,OCT,0,0.012001718,0,TRUE_NEGATIVE
West Rajasthan,2007,10.0,3,0.0,114.99999999999996,250.50000000000023,312.6,5.194871794871794,-5.194871794871794,-100.0,5.194871794871794,0,-0.4436883199070233,0,2007-10-01,45.6,69.4,90.5,205.5,252.8000000000002,317.90000000000003,-44.9,-0.8660254037844386,0.5000000000000001,0,OCT,0,0.01199983,0,TRUE_NEGATIVE
Uttarakhand,2006,11.0,3,6.8,104.69999999999992,849.1999999999992,1156.2,8.04957264957265,-1.2495726495726496,-15.52346570397112,1.2495726495726496,0,-0.098793533437835,0,2006-11-01,18.8,79.1,294.7,392.5999999999999,962.8999999999992,1151.6,-275.9,-0.5000000000000004,0.8660254037844384,0,NOV,0,0.011983045,0,TRUE_NEGATIVE
Telangana,2008,12.0,3,0.8,32.50000000000006,754.3999999999995,1035.3,5.057264957264958,-4.257264957264958,-84.18117289166808,4.257264957264958,0,-0.412940888088569,0,2008-12-01,7.5,24.2,146.7,178.40000000000003,886.4999999999995,1034.5,-139.2,-2.4492935982947064e-16,1.0,0,DEC,0,0.011965674,0,TRUE_NEGATIVE
East Uttar Pradesh,2015,11.0,3,0.5,34.20000000000023,484.3,606.8000000000002,4.511965811965812,-4.011965811965812,-88.91835574919492,4.011965811965812,0,-0.3856955027685284,0,2015-11-01,11.8,21.9,175.8,209.50000000000023,492.4,606.3000000000002,-164.0,-0.5000000000000004,0.8660254037844384,0,NOV,0,0.011964034,0,TRUE_NEGATIVE
Telangana,2000,12.0,3,2.5,29.10000000000023,741.1999999999998,1077.9,5.057264957264958,-2.557264957264958,-50.56616528646274,2.557264957264958,0,-0.2480464037665124,0,2000-12-01,6.4,20.2,70.7,97.30000000000022,991.8999999999996,1075.4,-64.3,-2.4492935982947064e-16,1.0,0,DEC,0,0.011960569,0,TRUE_NEGATIVE
West Madhya Pradesh,2006,11.0,3,8.6,220.3999999999997,1095.8000000000002,1167.6,12.133333333333333,-3.533333333333333,-29.120879120879124,3.533333333333333,0,-0.1511914156323539,0,2006-11-01,13.7,198.1,501.9,713.6999999999997,1110.0000000000002,1159.0000000000002,-488.2,-0.5000000000000004,0.8660254037844384,0,NOV,0,0.011956917,0,TRUE_NEGATIVE
Saurashtra & Kutch,2016,12.0,3,0.0,64.6999999999999,450.3000000000002,483.0,1.100854700854701,-1.100854700854701,-100.0,1.100854700854701,0,-0.3047739466092675,0,2016-12-01,0.0,64.7,59.6,124.2999999999999,481.6000000000002,483.0,-59.6,-2.4492935982947064e-16,1.0,0,DEC,0,0.011953397,0,TRUE_NEGATIVE
West Rajasthan,2004,10.0,3,18.7,121.59999999999997,188.00000000000023,195.30000000000007,5.194871794871794,13.505128205128203,259.9703849950642,0.0,0,1.1534582334404204,0,2004-10-01,8.6,94.3,26.9,129.79999999999995,174.10000000000022,176.80000000000004,-18.3,-0.8660254037844386,0.5000000000000001,0,OCT,0,0.011927125,0,TRUE_NEGATIVE
Orissa,2014,12.0,3,0.9,114.8999999999996,1278.4999999999998,1537.0,5.517948717948718,-4.6179487179487175,-83.68959107806691,4.6179487179487175,0,-0.4094806013794012,0,2014-12-01,2.2,111.8,281.1,395.0999999999996,1369.8,1536.1,-278.90000000000003,-2.4492935982947064e-16,1.0,0,DEC,0,0.011902728,0,TRUE_NEGATIVE
Bihar,2013,12.0,3,0.0,197.5000000000004,736.3999999999994,1069.8000000000002,3.631623931623932,-3.631623931623932,-100.0,3.631623931623932,0,-0.5000768318591443,0,2013-12-01,0.4,197.1,143.3,340.80000000000035,919.6999999999996,1069.8000000000002,-142.9,-2.4492935982947064e-16,1.0,0,DEC,0,0.0118745295,0,TRUE_NEGATIVE
Saurashtra & Kutch,2004,12.0,3,0.0,19.69999999999989,373.5000000000002,482.3,1.100854700854701,-1.100854700854701,-100.0,1.100854700854701,0,-0.3047739466092675,0,2004-12-01,0.0,19.7,36.1,55.79999999999988,468.50000000000017,482.3,-36.1,-2.4492935982947064e-16,1.0,0,DEC,0,0.011855796,0,TRUE_NEGATIVE
Saurashtra & Kutch,2001,1.0,0,0.0,0.0999999999998863,53.00000000000023,285.99999999999994,1.1205128205128203,-1.1205128205128203,-100.0,1.1205128205128203,0,-0.4751109291386094,0,2001-01-01,0.1,0.0,2.2,2.2999999999998866,277.7000000000002,285.99999999999994,-2.1,0.4999999999999999,0.8660254037844387,0,JAN,0,0.011838653,0,TRUE_NEGATIVE
West Uttar Pradesh,2001,11.0,3,1.1,44.09999999999989,612.5999999999998,661.5999999999999,3.898290598290598,-2.798290598290598,-71.78250383687788,2.798290598290598,0,-0.3907757262166639,0,2001-11-01,16.3,26.7,122.1,165.09999999999988,641.0999999999998,660.4999999999999,-105.8,-0.5000000000000004,0.8660254037844384,0,NOV,0,0.011826899,0,TRUE_NEGATIVE
Chhattisgarh,2016,12.0,3,0.0,79.80000000000045,1093.4999999999998,1315.9,5.158974358974359,-5.158974358974359,-100.0,5.158974358974359,0,-0.4905879750962075,0,2016-12-01,0.0,79.8,295.6,375.4000000000005,1257.6999999999998,1317.4,-295.6,-2.4492935982947064e-16,1.0,0,DEC,0,0.011819513,0,TRUE_NEGATIVE
Saurashtra & Kutch,2001,12.0,3,0.0,7.599999999999886,336.2000000000002,510.19999999999993,1.100854700854701,-1.100854700854701,-100.0,1.100854700854701,0,-0.3047739466092675,0,2001-12-01,0.0,7.6,20.6,28.19999999999989,509.1000000000002,510.3,-20.6,-2.4492935982947064e-16,1.0,0,DEC,0,0.011807328,0,TRUE_NEGATIVE
Chhattisgarh,2008,11.0,3,1.2,227.30000000000047,1049.2999999999995,1109.1,11.572649572649572,-10.372649572649571,-89.63072378138848,10.372649572649571,0,-0.5300850951397578,0,2008-11-01,10.7,215.4,305.1,531.2000000000005,1057.6,1109.9,-294.40000000000003,-0.5000000000000004,0.8660254037844384,0,NOV,0,0.011792432,0,TRUE_NEGATIVE
Saurashtra & Kutch,2003,4.0,1,0.0,0.3999999999998863,1.2000000000002276,308.3999999999999,1.1632478632478631,-1.1632478632478631,-100.0,1.1632478632478631,0,-0.1904632649251258,0,2003-04-01,0.0,0.4,0.0,0.3999999999998863,1.4000000000002273,308.3999999999999,0.0,0.8660254037844387,-0.4999999999999998,0,APR,0,0.011787287,0,TRUE_NEGATIVE
Jharkhand,2005,12.0,3,6.1,90.49999999999994,712.9000000000002,960.5,4.856410256410257,1.2435897435897427,25.607180570221733,0.0,0,0.1373558638736783,0,2005-12-01,1.3,83.1,141.5,225.89999999999995,864.0000000000002,956.0,-140.2,-2.4492935982947064e-16,1.0,0,DEC,0,0.011769476,0,TRUE_NEGATIVE
Punjab,2014,11.0,3,0.7,112.49999999999986,251.3,375.40000000000015,4.117948717948718,-3.4179487179487182,-83.00124533001245,3.4179487179487182,0,-0.4192849287606835,0,2014-11-01,6.0,105.8,41.9,153.69999999999982,271.4,380.80000000000007,-35.9,-0.5000000000000004,0.8660254037844384,0,NOV,0,0.011765795,0,TRUE_NEGATIVE
Gujarat Region,2014,12.0,3,0.0,4.600000000000284,685.7999999999997,705.6999999999997,1.4102564102564104,-1.4102564102564104,-100.0,1.4102564102564104,0,-0.3910533758777165,0,2014-12-01,1.3,3.3,235.1,239.70000000000027,697.3999999999997,705.6999999999997,-233.8,-2.4492935982947064e-16,1.0,0,DEC,0,0.011761359,0,TRUE_NEGATIVE
Matathwada,2016,12.0,3,0.2,101.00000000000016,768.5999999999999,949.1,7.202564102564103,-7.002564102564103,-97.22321110715558,7.002564102564103,0,-0.4306375138804341,0,2016-12-01,0.0,100.8,302.3,403.1000000000002,925.6999999999998,948.9,-302.3,-2.4492935982947064e-16,1.0,0,DEC,0,0.011749865,0,TRUE_NEGATIVE
West Madhya Pradesh,2012,12.0,3,0.0,2.099999999999716,976.8000000000002,1035.2,6.205982905982906,-6.205982905982906,-100.0,6.205982905982906,0,-0.4627603342781867,0,2012-12-01,0.0,2.1,194.3,196.3999999999997,1025.0000000000002,1035.2,-194.3,-2.4492935982947064e-16,1.0,0,DEC,0,0.011724588,0,TRUE_NEGATIVE
Gujarat Region,2016,12.0,3,0.0,66.90000000000029,731.8999999999999,764.6999999999996,1.4102564102564104,-1.4102564102564104,-100.0,1.4102564102564104,0,-0.3910533758777165,0,2016-12-01,0.0,66.9,105.3,172.20000000000027,763.6999999999998,764.6999999999996,-105.3,-2.4492935982947064e-16,1.0,0,DEC,0,0.011714989,0,TRUE_NEGATIVE
West Rajasthan,2016,11.0,3,0.0,29.099999999999973,334.2000000000003,347.0000000000001,1.6435897435897435,-1.6435897435897435,-100.0,1.6435897435897435,0,-0.3650333919427639,0,2016-11-01,18.1,11.0,191.9,221.0,338.2000000000003,347.1000000000001,-173.8,-0.5000000000000004,0.8660254037844384,0,NOV,0,0.011709123,0,TRUE_NEGATIVE
Saurashtra & Kutch,2016,1.0,0,0.0,0.2999999999998863,94.10000000000016,440.7,1.1205128205128203,-1.1205128205128203,-100.0,1.1205128205128203,0,-0.4751109291386094,0,2016-01-01,0.0,0.3,3.3,3.599999999999886,320.8000000000002,441.6,-3.3,0.4999999999999999,0.8660254037844387,0,JAN,0,0.011692458,0,TRUE_NEGATIVE
Saurashtra & Kutch,2015,1.0,0,0.9,3.5999999999998864,226.80000000000013,384.5,1.1205128205128203,-0.2205128205128205,-19.679633867276888,0.2205128205128205,0,-0.0935000913178955,0,2015-01-01,0.0,2.7,5.2,7.899999999999887,363.60000000000014,383.9,-5.2,0.4999999999999999,0.8660254037844387,0,JAN,0,0.011660256,0,TRUE_NEGATIVE
Saurashtra & Kutch,2010,1.0,0,0.1,1.5999999999998864,119.70000000000016,596.9,1.1205128205128203,-1.0205128205128204,-91.07551487414187,1.0205128205128204,0,-0.4327097249363078,0,2010-01-01,0.0,1.5,3.3,4.799999999999886,528.7000000000002,596.8,-3.3,0.4999999999999999,0.8660254037844387,0,JAN,0,0.011650353,0,TRUE_NEGATIVE
Coastal Andhra Pradesh,2007,12.0,3,0.5,180.1,772.6000000000005,1099.4,11.550427350427348,-11.050427350427348,-95.67115583838982,11.050427350427348,0,-0.465789486190542,0,2007-12-01,11.9,167.7,287.1,466.7,1072.2000000000005,1098.9,-275.20000000000005,-2.4492935982947064e-16,1.0,0,DEC,0,0.011636338,0,TRUE_NEGATIVE
North Interior Karnataka,2012,12.0,3,2.9,134.59999999999994,433.79999999999984,583.8,6.235897435897436,-3.335897435897436,-53.495065789473685,3.335897435897436,0,-0.2579779469915482,0,2012-12-01,46.5,85.2,79.2,210.89999999999992,490.8999999999999,580.9,-32.7,-2.4492935982947064e-16,1.0,0,DEC,0,0.0116362395,0,TRUE_NEGATIVE
Chhattisgarh,2003,12.0,3,14.9,178.30000000000055,1528.7,1694.2,5.158974358974359,9.74102564102564,188.8170974155069,0.0,0,0.9263139748461692,0,2003-12-01,5.8,157.6,384.1,547.5000000000006,1642.5,1695.2,-378.3,-2.4492935982947064e-16,1.0,0,DEC,0,0.011608857,0,TRUE_NEGATIVE
Punjab,2009,11.0,3,2.7,61.39999999999995,306.8,361.6000000000001,4.117948717948718,-1.4179487179487182,-34.43337484433376,1.4179487179487182,0,-0.1739419096809137,0,2009-11-01,4.0,54.7,76.8,135.49999999999994,309.7,359.5000000000001,-72.8,-0.5000000000000004,0.8660254037844384,0,NOV,0,0.01160349,0,TRUE_NEGATIVE
West Uttar Pradesh,2010,12.0,3,4.1,21.599999999999888,781.2999999999998,820.5999999999999,7.006837606837607,-2.906837606837607,-41.48572822639668,2.906837606837607,0,-0.2980649682604802,0,2010-12-01,12.8,4.7,263.9,281.39999999999986,789.6999999999998,819.2999999999998,-251.1,-2.4492935982947064e-16,1.0,0,DEC,0,0.011578727,0,TRUE_NEGATIVE
West Rajasthan,2005,10.0,3,0.0,100.09999999999997,229.9000000000002,262.1,5.194871794871794,-5.194871794871794,-100.0,5.194871794871794,0,-0.4436883199070233,0,2005-10-01,75.8,24.3,86.1,186.2,236.20000000000024,280.80000000000007,-10.299999999999995,-0.8660254037844386,0.5000000000000001,0,OCT,0,0.011561091,0,TRUE_NEGATIVE
Bihar,2007,11.0,3,9.1,357.70000000000044,1418.0999999999997,1594.1999999999998,7.055555555555555,2.0444444444444443,28.976377952755904,0.0,0,0.1449655484695201,0,2007-11-01,39.6,309.0,340.6,689.2000000000005,1503.3999999999994,1588.0,-301.0,-0.5000000000000004,0.8660254037844384,0,NOV,0,0.01155742,0,TRUE_NEGATIVE
West Madhya Pradesh,2016,12.0,3,0.0,40.59999999999966,969.1000000000004,1098.0000000000002,6.205982905982906,-6.205982905982906,-100.0,6.205982905982906,0,-0.4627603342781867,0,2016-12-01,0.0,40.6,100.8,141.39999999999966,1080.2,1099.0000000000002,-100.8,-2.4492935982947064e-16,1.0,0,DEC,0,0.011551898,0,TRUE_NEGATIVE
West Rajasthan,2014,10.0,3,0.5,155.0,286.10000000000025,303.20000000000005,5.194871794871794,-4.694871794871794,-90.37512339585388,4.694871794871794,0,-0.4009838666089633,0,2014-10-01,84.9,69.6,94.3,248.8,294.0000000000002,312.80000000000007,-9.399999999999991,-0.8660254037844386,0.5000000000000001,0,OCT,0,0.011543249,0,TRUE_NEGATIVE
Punjab,2006,11.0,3,13.4,158.6999999999999,542.8,641.0000000000001,4.117948717948718,9.28205128205128,225.4047322540473,0.0,0,1.1386432423958546,0,2006-11-01,24.6,120.7,90.8,236.0999999999999,561.5,627.6000000000001,-66.19999999999999,-0.5000000000000004,0.8660254037844384,0,NOV,0,0.0115401205,0,TRUE_NEGATIVE
Saurashtra & Kutch,2011,1.0,0,0.0,64.29999999999988,654.8000000000002,1119.8,1.1205128205128203,-1.1205128205128203,-100.0,1.1205128205128203,0,-0.4751109291386094,0,2011-01-01,0.0,64.3,11.6,75.89999999999988,1048.6,1119.9,-11.6,0.4999999999999999,0.8660254037844387,0,JAN,0,0.011523163,0,TRUE_NEGATIVE
Bihar,2004,11.0,3,3.1,174.80000000000038,1015.8999999999996,1150.6,7.055555555555555,-3.9555555555555553,-56.062992125984245,3.9555555555555553,0,-0.280476822038854,0,2004-11-01,56.4,115.3,175.9,347.6000000000004,1085.4999999999998,1147.7,-119.5,-0.5000000000000004,0.8660254037844384,0,NOV,0,0.011513949,0,TRUE_NEGATIVE
Bihar,2012,12.0,3,0.0,40.7000000000004,868.8999999999995,1032.4,3.631623931623932,-3.631623931623932,-100.0,3.631623931623932,0,-0.5000768318591443,0,2012-12-01,6.4,34.3,233.8,274.5000000000004,965.0999999999996,1033.3,-227.4,-2.4492935982947064e-16,1.0,0,DEC,0,0.011504227,0,TRUE_NEGATIVE
North Interior Karnataka,2014,12.0,3,14.1,119.3999999999999,551.5999999999999,756.6999999999999,6.235897435897436,7.864102564102564,126.11019736842104,0.0,0,0.6081616936380311,0,2014-12-01,25.0,80.3,90.2,195.49999999999991,587.8999999999999,742.7,-65.2,-2.4492935982947064e-16,1.0,0,DEC,0,0.011475778,0,TRUE_NEGATIVE
East Madhya Pradesh,2007,11.0,3,22.8,155.99999999999943,601.2000000000006,655.2000000000003,12.494017094017094,10.305982905982908,82.48734436995485,0.0,0,0.4441082353659837,0,2007-11-01,3.1,130.1,162.6,295.79999999999944,584.6000000000007,644.7000000000002,-159.5,-0.5000000000000004,0.8660254037844384,0,NOV,0,0.011473625,0,TRUE_NEGATIVE
Telangana,2012,12.0,3,0.0,122.30000000000013,854.8999999999996,1008.6,5.057264957264958,-5.057264957264958,-100.0,5.057264957264958,0,-0.4905382924754191,0,2012-12-01,38.7,83.6,202.4,324.70000000000016,979.2999999999996,1008.6,-163.7,-2.4492935982947064e-16,1.0,0,DEC,0,0.011471365,0,TRUE_NEGATIVE
Bihar,2000,12.0,3,0.1,9.70000000000034,790.1999999999998,1207.0,3.631623931623932,-3.5316239316239315,-97.24641092021652,3.5316239316239315,0,-0.4863067708265436,0,2000-12-01,0.0,9.6,314.8,324.4000000000003,1057.2999999999995,1207.5,-314.8,-2.4492935982947064e-16,1.0,0,DEC,0,0.011462576,0,TRUE_NEGATIVE
Telangana,2002,12.0,3,0.0,80.10000000000022,545.8999999999996,765.3,5.057264957264958,-5.057264957264958,-100.0,5.057264957264958,0,-0.4905382924754191,0,2002-12-01,3.9,76.2,52.4,132.50000000000023,689.0999999999996,765.3,-48.5,-2.4492935982947064e-16,1.0,0,DEC,0,0.011424002,0,TRUE_NEGATIVE
East Rajasthan,2015,11.0,3,0.5,25.6,562.4,651.0000000000003,4.794017094017094,-4.294017094017094,-89.57033339276164,4.294017094017094,0,-0.4071190286987326,0,2015-11-01,5.0,20.1,142.8,167.9,565.4,650.5000000000003,-137.8,-0.5000000000000004,0.8660254037844384,0,NOV,0,0.011384145,0,TRUE_NEGATIVE
Madhya Maharashtra,2015,12.0,3,0.1,64.59999999999994,390.0999999999999,644.5000000000001,5.8,-5.7,-98.27586206896552,5.7,0,-0.4873277405639888,0,2015-12-01,16.2,48.3,146.6,211.09999999999997,566.9999999999998,657.5000000000001,-130.4,-2.4492935982947064e-16,1.0,0,DEC,0,0.011380277,0,TRUE_NEGATIVE
Gujarat Region,2012,12.0,3,0.0,7.100000000000227,679.3999999999999,713.8999999999997,1.4102564102564104,-1.4102564102564104,-100.0,1.4102564102564104,0,-0.3910533758777165,0,2012-12-01,0.0,7.1,263.8,270.9000000000003,713.7999999999998,713.8999999999997,-263.8,-2.4492935982947064e-16,1.0,0,DEC,0,0.011368518,0,TRUE_NEGATIVE
Uttarakhand,2012,11.0,3,3.4,228.69999999999987,1081.299999999999,1210.6999999999998,8.04957264957265,-4.649572649572649,-57.76173285198556,4.649572649572649,0,-0.3676038453500839,0,2012-11-01,4.7,220.6,419.5,644.7999999999998,1086.999999999999,1208.5,-414.8,-0.5000000000000004,0.8660254037844384,0,NOV,0,0.011363488,0,TRUE_NEGATIVE
Chhattisgarh,2007,12.0,3,0.5,70.30000000000045,978.0999999999998,1281.1999999999998,5.158974358974359,-4.658974358974359,-90.30815109343936,4.658974358974359,0,-0.4430409297961278,0,2007-12-01,2.0,67.8,259.1,328.9000000000005,1236.9999999999998,1281.4,-257.1,-2.4492935982947064e-16,1.0,0,DEC,0,0.011351857,0,TRUE_NEGATIVE
East Rajasthan,2010,12.0,3,5.0,55.3,656.3000000000001,689.5000000000002,3.617948717948718,1.382051282051282,38.19985825655564,0.0,0,0.2062570552595795,0,2010-12-01,49.5,0.8,128.9,179.2,678.6,685.0000000000002,-79.4,-2.4492935982947064e-16,1.0,0,DEC,0,0.011304631,0,TRUE_NEGATIVE
West Uttar Pradesh,2016,11.0,3,0.0,54.29999999999995,649.6999999999997,695.9999999999999,3.898290598290598,-3.898290598290598,-100.0,3.898290598290598,0,-0.544388542234027,0,2016-11-01,9.6,44.7,182.9,237.2,677.9999999999998,697.9999999999999,-173.3,-0.5000000000000004,0.8660254037844384,0,NOV,0,0.011284812,0,TRUE_NEGATIVE
East Rajasthan,2012,10.0,3,0.5,496.8,688.0,693.5000000000002,14.394017094017093,-13.894017094017093,-96.52633454070424,13.894017094017093,0,-0.5578859069789611,0,2012-10-01,131.3,365.0,170.5,666.8,691.1,693.0000000000002,-39.19999999999999,-0.8660254037844386,0.5000000000000001,0,OCT,0,0.0112707745,0,TRUE_NEGATIVE
West Rajasthan,2001,11.0,3,0.0,10.099999999999971,250.30000000000024,285.30000000000007,1.6435897435897435,-1.6435897435897435,-100.0,1.6435897435897435,0,-0.3650333919427639,0,2001-11-01,7.3,2.8,68.7,78.79999999999997,274.1000000000002,285.80000000000007,-61.400000000000006,-0.5000000000000004,0.8660254037844384,0,NOV,0,0.011267189,0,TRUE_NEGATIVE
Telangana,2003,12.0,3,5.3,114.30000000000022,796.1999999999997,963.3,5.057264957264958,0.2427350427350418,4.799729592698985,0.0,0,0.0235445115874629,0,2003-12-01,7.3,101.7,103.2,212.20000000000024,903.4999999999995,958.0,-95.9,-2.4492935982947064e-16,1.0,0,DEC,0,0.011261225,0,TRUE_NEGATIVE
West Rajasthan,2007,12.0,3,0.9,0.9999999999999716,206.5000000000002,310.70000000000005,1.8854700854700848,-0.9854700854700854,-52.26654578422484,0.9854700854700854,0,-0.2593198899504796,0,2007-12-01,0.1,0.0,45.6,45.69999999999997,246.8000000000002,312.30000000000007,-45.5,-2.4492935982947064e-16,1.0,0,DEC,0,0.0112586925,0,TRUE_NEGATIVE
Gangetic West Bengal,2005,12.0,3,4.9,356.60000000000025,1159.1,1604.8000000000002,5.712820512820513,-0.8128205128205126,-14.22800718132854,0.8128205128205126,0,-0.0670335236253541,0,2005-12-01,0.0,351.7,221.3,573.0000000000002,1354.3,1600.7,-221.3,-2.4492935982947064e-16,1.0,0,DEC,0,0.011245213,0,TRUE_NEGATIVE
West Madhya Pradesh,2005,12.0,3,1.4,2.699999999999716,634.0000000000001,752.3000000000002,6.205982905982906,-4.805982905982907,-77.4411238121471,4.805982905982907,0,-0.3583668034218763,0,2005-12-01,0.0,1.3,155.1,156.39999999999972,713.8000000000002,751.7000000000002,-155.1,-2.4492935982947064e-16,1.0,0,DEC,0,0.0112341,0,TRUE_NEGATIVE
Jharkhand,2000,12.0,3,0.2,19.700000000000003,887.8000000000002,1191.5,4.856410256410257,-4.656410256410257,-95.8817317845829,4.656410256410257,0,-0.5143056676177319,0,2000-12-01,0.4,19.1,356.9,376.4,1072.9000000000003,1191.5,-356.5,-2.4492935982947064e-16,1.0,0,DEC,0,0.011232337,0,TRUE_NEGATIVE
Punjab,2002,11.0,3,0.0,97.59999999999992,231.1,274.80000000000007,4.117948717948718,-4.117948717948718,-100.0,4.117948717948718,0,-0.5051549854386029,0,2002-11-01,2.6,95.0,58.4,155.99999999999991,251.9,275.70000000000005,-55.8,-0.5000000000000004,0.8660254037844384,0,NOV,0,0.011187238,0,TRUE_NEGATIVE
Gangetic West Bengal,2014,12.0,3,0.6,57.600000000000286,878.4,1261.3,5.712820512820513,-5.112820512820513,-89.49730700179533,5.112820512820513,0,-0.4216556659588527,0,2014-12-01,0.1,56.9,229.5,286.5000000000003,1071.4,1260.7,-229.4,-2.4492935982947064e-16,1.0,0,DEC,0,0.011168127,0,TRUE_NEGATIVE
Gangetic West Bengal,2009,12.0,3,0.3,87.00000000000023,991.9,1314.9,5.712820512820513,-5.412820512820513,-94.74865350089767,5.412820512820513,0,-0.4463967456565386,0,2009-12-01,9.4,77.3,294.6,381.3000000000002,1061.3000000000002,1314.8000000000002,-285.20000000000005,-2.4492935982947064e-16,1.0,0,DEC,0,0.011166062,0,TRUE_NEGATIVE
West Rajasthan,2003,12.0,3,0.1,0.2999999999999716,296.2000000000003,368.1000000000001,1.8854700854700848,-1.7854700854700851,-94.69628286491384,1.7854700854700851,0,-0.469834562104555,0,2003-12-01,0.0,0.2,13.9,14.099999999999971,341.30000000000024,374.0000000000001,-13.9,-2.4492935982947064e-16,1.0,0,DEC,0,0.011164057,0,TRUE_NEGATIVE
West Uttar Pradesh,2002,12.0,3,10.5,17.599999999999888,517.5999999999999,625.1999999999999,7.006837606837607,3.493162393162393,49.85362283483777,0.0,0,0.3581862761777661,0,2002-12-01,0.4,6.7,218.1,225.19999999999987,536.0999999999998,614.8,-217.7,-2.4492935982947064e-16,1.0,0,DEC,0,0.011162888,0,TRUE_NEGATIVE
Gangetic West Bengal,2012,12.0,3,24.6,135.80000000000024,959.1,1268.0,5.712820512820513,18.887179487179488,330.61041292639135,0.0,0,1.5576307098560225,0,2012-12-01,47.0,64.2,246.9,358.10000000000025,1081.1,1244.8,-199.9,-2.4492935982947064e-16,1.0,0,DEC,0,0.011149118,0,TRUE_NEGATIVE
Coastal Andhra Pradesh,2013,12.0,3,2.8,467.3999999999999,884.9000000000004,1120.4,11.550427350427348,-8.750427350427348,-75.75847269498297,8.750427350427348,0,-0.3688415778187616,0,2013-12-01,53.1,411.5,132.0,596.5999999999999,1009.6000000000004,1117.6,-78.9,-2.4492935982947064e-16,1.0,0,DEC,0,0.011125543,0,TRUE_NEGATIVE
Haryana Delhi & Chandigarh,2010,11.0,3,3.5,188.5,605.4,627.9999999999998,3.223931623931624,0.276068376068376,8.56309650053022,0.0,0,0.0376718124940221,0,2010-11-01,1.1,183.9,198.5,383.50000000000006,607.8,625.5999999999998,-197.4,-0.5000000000000004,0.8660254037844384,0,NOV,0,0.011118327,0,TRUE_NEGATIVE
Bihar,2003,11.0,3,0.2,326.1000000000004,1224.4,1351.5,7.055555555555555,-6.855555555555555,-97.16535433070868,6.855555555555555,0,-0.4861073011179015,0,2003-11-01,142.0,183.9,310.6,636.5000000000005,1265.5999999999997,1352.7,-168.60000000000002,-0.5000000000000004,0.8660254037844384,0,NOV,0,0.011112032,0,TRUE_NEGATIVE
West Rajasthan,2004,11.0,3,0.0,27.29999999999997,182.00000000000023,195.30000000000007,1.6435897435897435,-1.6435897435897435,-100.0,1.6435897435897435,0,-0.3650333919427639,0,2004-11-01,18.7,8.6,94.3,121.59999999999997,188.00000000000023,195.30000000000007,-75.6,-0.5000000000000004,0.8660254037844384,0,NOV,0,0.0111034,0,TRUE_NEGATIVE
North Interior Karnataka,2011,12.0,3,0.0,79.09999999999992,450.8999999999999,655.1,6.235897435897436,-6.235897435897436,-100.0,6.235897435897436,0,-0.4822462467974214,0,2011-12-01,5.7,73.4,69.0,148.0999999999999,552.1999999999998,656.3000000000001,-63.3,-2.4492935982947064e-16,1.0,0,DEC,0,0.011052478,0,TRUE_NEGATIVE
East Uttar Pradesh,2014,12.0,3,8.4,83.10000000000024,552.4,701.2,5.677777777777777,2.722222222222223,47.94520547945208,0.0,0,0.3224167619756026,0,2014-12-01,0.0,74.7,106.7,181.40000000000023,591.8000000000001,693.9000000000001,-106.7,-2.4492935982947064e-16,1.0,0,DEC,0,0.011048991,0,TRUE_NEGATIVE
West Rajasthan,2000,11.0,3,0.5,7.299999999999972,226.70000000000024,235.4000000000001,1.6435897435897435,-1.1435897435897435,-69.57878315132605,1.1435897435897435,0,-0.2539857922097858,0,2000-11-01,1.1,5.7,39.6,46.39999999999997,230.50000000000023,234.9000000000001,-38.5,-0.5000000000000004,0.8660254037844384,0,NOV,0,0.0110448245,0,TRUE_NEGATIVE
Punjab,2010,12.0,3,24.4,30.199999999999942,383.5,451.5000000000001,12.638461538461538,11.76153846153846,93.06147291539864,0.0,0,0.7648366500181283,0,2010-12-01,1.1,4.7,112.8,118.59999999999994,400.9,427.5000000000001,-111.7,-2.4492935982947064e-16,1.0,0,DEC,0,0.011037425,0,TRUE_NEGATIVE
North Interior Karnataka,2000,12.0,3,0.5,118.3999999999998,544.4999999999999,712.4999999999999,6.235897435897436,-5.735897435897436,-91.98190789473684,5.735897435897436,0,-0.4435792985550295,0,2000-12-01,2.8,115.1,134.4,252.2999999999998,651.4999999999999,711.9999999999999,-131.6,-2.4492935982947064e-16,1.0,0,DEC,0,0.011028467,0,TRUE_NEGATIVE
Bihar,2008,11.0,3,0.1,138.60000000000045,1105.0999999999997,1205.1,7.055555555555555,-6.955555555555556,-98.58267716535434,6.955555555555556,0,-0.4931980072930412,0,2008-11-01,21.4,117.1,278.1,416.6000000000005,1153.8999999999996,1214.1,-256.70000000000005,-0.5000000000000004,0.8660254037844384,0,NOV,0,0.0110235475,0,TRUE_NEGATIVE
West Rajasthan,2000,12.0,3,0.0,1.5999999999999717,218.50000000000023,235.4000000000001,1.8854700854700848,-1.8854700854700848,-100.0,1.8854700854700848,0,-0.4961488961238145,0,2000-12-01,0.5,1.1,5.7,7.299999999999972,226.70000000000024,235.4000000000001,-5.2,-2.4492935982947064e-16,1.0,0,DEC,0,0.011015009,0,TRUE_NEGATIVE
West Rajasthan,2012,12.0,3,0.6,2.5,301.6000000000002,327.30000000000007,1.8854700854700848,-1.2854700854700851,-68.17769718948323,1.2854700854700851,0,-0.338262892008258,0,2012-12-01,0.0,1.9,92.0,93.9,306.30000000000024,326.70000000000005,-92.0,-2.4492935982947064e-16,1.0,0,DEC,0,0.011012225,0,TRUE_NEGATIVE
Orissa,2011,12.0,3,0.4,20.699999999999545,977.6,1346.3000000000002,5.517948717948718,-5.1179487179487175,-92.75092936802972,5.1179487179487175,0,-0.4538163688802247,0,2011-12-01,0.1,20.2,398.7,418.9999999999996,1187.3,1383.1,-398.6,-2.4492935982947064e-16,1.0,0,DEC,0,0.010965327,0,TRUE_NEGATIVE
Telangana,2006,12.0,3,0.0,62.80000000000012,820.6999999999995,1052.9,5.057264957264958,-5.057264957264958,-100.0,5.057264957264958,0,-0.4905382924754191,0,2006-12-01,34.7,28.1,280.2,343.0000000000001,925.4999999999995,1071.6999999999998,-245.5,-2.4492935982947064e-16,1.0,0,DEC,0,0.010911442,0,TRUE_NEGATIVE
Chhattisgarh,2004,12.0,3,0.1,44.70000000000056,845.9999999999998,1144.6999999999998,5.158974358974359,-5.05897435897436,-98.06163021868788,5.05897435897436,0,-0.4810785660361916,0,2004-12-01,0.7,43.9,126.5,171.10000000000056,1058.9999999999998,1159.5,-125.8,-2.4492935982947064e-16,1.0,0,DEC,0,0.010908283,0,TRUE_NEGATIVE
Saurashtra & Kutch,2009,11.0,3,1.5,13.599999999999888,596.8000000000002,604.4999999999999,5.992307692307692,-4.492307692307692,-74.96790757381258,4.492307692307692,0,-0.2630039348785002,0,2009-11-01,3.3,8.8,106.0,118.09999999999988,595.3000000000002,603.5999999999999,-102.7,-0.5000000000000004,0.8660254037844384,0,NOV,0,0.010906241,0,TRUE_NEGATIVE
Gujarat Region,2009,12.0,3,0.0,35.50000000000023,624.1999999999998,641.4999999999997,1.4102564102564104,-1.4102564102564104,-100.0,1.4102564102564104,0,-0.3910533758777165,0,2009-12-01,8.1,27.4,54.9,90.40000000000022,641.1999999999998,643.7999999999996,-46.8,-2.4492935982947064e-16,1.0,0,DEC,0,0.01087134,0,TRUE_NEGATIVE
Gujarat Region,2000,11.0,3,0.0,13.700000000000228,510.6999999999998,546.8999999999996,6.81025641025641,-6.81025641025641,-100.0,6.81025641025641,0,-0.4243098037152985,0,2000-11-01,0.2,13.5,133.0,146.70000000000022,546.7999999999998,546.8999999999997,-132.8,-0.5000000000000004,0.8660254037844384,0,NOV,0,0.010869617,0,TRUE_NEGATIVE
East Uttar Pradesh,2002,12.0,3,2.7,24.700000000000173,565.1999999999999,689.2000000000002,5.677777777777777,-2.977777777777777,-52.44618395303326,2.977777777777777,0,-0.3526844579978019,0,2002-12-01,1.4,20.6,226.7,248.70000000000016,613.1,686.5000000000001,-225.3,-2.4492935982947064e-16,1.0,0,DEC,0,0.010862426,0,TRUE_NEGATIVE
Telangana,2010,12.0,3,9.3,148.5000000000001,1101.8999999999996,1276.5000000000002,5.057264957264958,4.242735042735043,83.89386513435862,0.0,0,0.4115315335217138,0,2010-12-01,40.5,98.7,249.8,389.0000000000001,1219.5999999999997,1268.4,-209.3,-2.4492935982947064e-16,1.0,0,DEC,0,0.010862022,0,TRUE_NEGATIVE
Bihar,2012,11.0,3,6.4,274.5000000000004,965.0999999999996,1033.3,7.055555555555555,-0.655555555555555,-9.291338582677158,0.655555555555555,0,-0.0464835182592482,0,2012-11-01,34.3,233.8,240.4,508.5000000000004,977.4999999999995,1028.9,-206.1,-0.5000000000000004,0.8660254037844384,0,NOV,0,0.010845291,0,TRUE_NEGATIVE
West Rajasthan,2012,11.0,3,0.0,93.9,306.30000000000024,326.70000000000005,1.6435897435897435,-1.6435897435897435,-100.0,1.6435897435897435,0,-0.3650333919427639,0,2012-11-01,1.9,92.0,166.7,260.6,316.7000000000002,326.70000000000005,-164.79999999999998,-0.5000000000000004,0.8660254037844384,0,NOV,0,0.010837126,0,TRUE_NEGATIVE
Saurashtra & Kutch,2016,11.0,3,0.0,124.2999999999999,481.6000000000002,483.0,5.992307692307692,-5.992307692307692,-100.0,5.992307692307692,0,-0.35082202957252,0,2016-11-01,64.7,59.6,216.0,340.2999999999999,482.70000000000016,483.30000000000007,-151.3,-0.5000000000000004,0.8660254037844384,0,NOV,0,0.010808212,0,TRUE_NEGATIVE
Gujarat Region,2004,12.0,3,0.0,22.200000000000227,865.8999999999999,1005.7999999999996,1.4102564102564104,-1.4102564102564104,-100.0,1.4102564102564104,0,-0.3910533758777165,0,2004-12-01,0.0,22.2,51.8,74.00000000000023,1001.4,1005.7999999999996,-51.8,-2.4492935982947064e-16,1.0,0,DEC,0,0.010757899,0,TRUE_NEGATIVE
Madhya Maharashtra,2012,12.0,3,0.0,97.4,617.6999999999998,690.0000000000002,5.8,-5.8,-100.0,5.8,0,-0.4958773500475676,0,2012-12-01,2.2,95.2,129.5,226.9,685.5999999999998,690.0000000000002,-127.3,-2.4492935982947064e-16,1.0,0,DEC,0,0.0107458485,0,TRUE_NEGATIVE
Orissa,2000,12.0,3,0.1,28.29999999999932,732.2,1097.2,5.517948717948718,-5.417948717948718,-98.18773234200744,5.417948717948718,0,-0.4804178293807189,0,2000-12-01,1.6,26.6,158.0,186.1999999999993,965.8,1097.1,-156.4,-2.4492935982947064e-16,1.0,0,DEC,0,0.010739711,0,TRUE_NEGATIVE
Gujarat Region,2011,12.0,3,0.0,0.4000000000002274,873.7999999999997,890.2999999999997,1.4102564102564104,-1.4102564102564104,-100.0,1.4102564102564104,0,-0.3910533758777165,0,2011-12-01,0.0,0.4,162.5,162.90000000000023,890.0999999999998,890.4999999999997,-162.5,-2.4492935982947064e-16,1.0,0,DEC,0,0.010729867,0,TRUE_NEGATIVE
West Uttar Pradesh,2011,11.0,3,0.5,102.89999999999988,726.9999999999998,779.8999999999999,3.898290598290598,-3.398290598290598,-87.17386538039904,3.398290598290598,0,-0.4745645349534074,0,2011-11-01,0.7,101.7,232.3,334.69999999999993,756.0999999999998,792.1999999999998,-231.6,-0.5000000000000004,0.8660254037844384,0,NOV,0,0.010708705,0,TRUE_NEGATIVE
Punjab,2011,11.0,3,1.0,141.1999999999999,618.5,726.9000000000001,4.117948717948718,-3.1179487179487184,-75.71606475716065,3.1179487179487184,0,-0.382483475898718,0,2011-11-01,0.0,140.2,193.5,333.69999999999993,636.4000000000001,727.0000000000001,-193.5,-0.5000000000000004,0.8660254037844384,0,NOV,0,0.010702352,0,TRUE_NEGATIVE
Saurashtra & Kutch,2010,12.0,3,0.0,75.89999999999988,1048.6,1119.9,1.100854700854701,-1.100854700854701,-100.0,1.100854700854701,0,-0.3047739466092675,0,2010-12-01,64.3,11.6,187.6,263.4999999999999,1119.7000000000005,1119.9,-123.3,-2.4492935982947064e-16,1.0,0,DEC,0,0.010680252,0,TRUE_NEGATIVE
East Uttar Pradesh,2005,11.0,3,0.0,144.90000000000018,719.9999999999999,767.3000000000001,4.511965811965812,-4.511965811965812,-100.0,4.511965811965812,0,-0.4337636470206777,0,2005-11-01,25.2,119.7,227.3,372.20000000000016,727.9999999999999,767.4000000000001,-202.1,-0.5000000000000004,0.8660254037844384,0,NOV,0,0.010673164,0,TRUE_NEGATIVE
Madhya Maharashtra,2014,12.0,3,13.1,84.39999999999993,722.9999999999998,838.0000000000001,5.8,7.3,125.86206896551724,0.0,0,0.6241214923012489,0,2014-12-01,32.8,38.5,120.4,191.69999999999996,753.8999999999997,826.2,-87.60000000000001,-2.4492935982947064e-16,1.0,0,DEC,0,0.010673014,0,TRUE_NEGATIVE
Saurashtra & Kutch,2015,12.0,3,0.0,3.599999999999886,320.8000000000002,441.6,1.100854700854701,-1.100854700854701,-100.0,1.100854700854701,0,-0.3047739466092675,0,2015-12-01,0.3,3.3,79.9,83.49999999999989,433.40000000000015,441.6,-79.60000000000001,-2.4492935982947064e-16,1.0,0,DEC,0,0.010668745,0,TRUE_NEGATIVE
Chhattisgarh,2002,12.0,3,15.9,87.00000000000057,700.0999999999998,990.4,5.158974358974359,10.74102564102564,208.2007952286282,0.0,0,1.021408065446329,0,2002-12-01,13.3,57.8,122.3,193.40000000000057,880.4999999999998,974.5,-109.0,-2.4492935982947064e-16,1.0,0,DEC,0,0.010662476,0,TRUE_NEGATIVE
West Rajasthan,2009,10.0,3,0.3,34.899999999999984,147.7000000000002,169.00000000000006,5.194871794871794,-4.894871794871794,-94.22507403751234,4.894871794871794,0,-0.4180656479281873,0,2009-10-01,7.5,27.1,79.1,113.7,149.0000000000002,169.10000000000005,-71.6,-0.8660254037844386,0.5000000000000001,0,OCT,0,0.010661349,0,TRUE_NEGATIVE
North Interior Karnataka,2005,12.0,3,0.1,107.39999999999982,609.7999999999998,807.6,6.235897435897436,-6.135897435897436,-98.39638157894738,6.135897435897436,0,-0.4745128571489431,0,2005-12-01,5.0,102.3,159.7,266.99999999999983,708.3999999999997,807.7,-154.7,-2.4492935982947064e-16,1.0,0,DEC,0,0.010656603,0,TRUE_NEGATIVE
Saurashtra & Kutch,2010,11.0,3,64.3,263.4999999999999,1119.7000000000005,1119.9,5.992307692307692,58.30769230769231,973.0423620025672,0.0,0,3.4136469629777944,0,2010-11-01,11.6,187.6,391.3,590.4999999999999,1055.5000000000002,1057.1,-379.7,-0.5000000000000004,0.8660254037844384,0,NOV,0,0.01063604,0,TRUE_NEGATIVE
Bihar,2010,11.0,3,5.0,144.3000000000004,574.7999999999996,627.9,7.055555555555555,-2.055555555555556,-29.133858267716533,2.055555555555556,0,-0.1457534047112022,0,2010-11-01,33.6,105.7,158.4,297.7000000000004,614.1999999999996,628.0,-124.8,-0.5000000000000004,0.8660254037844384,0,NOV,0,0.010628701,0,TRUE_NEGATIVE
Madhya Maharashtra,2011,12.0,3,0.0,62.8,710.6999999999997,852.5,5.8,-5.8,-100.0,5.8,0,-0.4958773500475676,0,2011-12-01,0.0,62.8,148.4,211.2,843.9999999999997,852.7,-148.4,-2.4492935982947064e-16,1.0,0,DEC,0,0.010627278,0,TRUE_NEGATIVE
West Uttar Pradesh,2008,11.0,3,4.0,99.99999999999989,769.6999999999999,800.9999999999999,3.898290598290598,0.1017094017094017,2.60907695680772,0.0,0,0.0142035160109294,0,2008-11-01,5.1,90.9,217.4,313.3999999999999,790.4999999999999,796.9999999999999,-212.3,-0.5000000000000004,0.8660254037844384,0,NOV,0,0.010594099,0,TRUE_NEGATIVE
East Uttar Pradesh,2016,11.0,3,0.0,176.60000000000022,816.2,876.5,4.511965811965812,-4.511965811965812,-100.0,4.511965811965812,0,-0.4337636470206777,0,2016-11-01,25.9,150.7,224.4,401.0000000000002,855.5,877.0,-198.5,-0.5000000000000004,0.8660254037844384,0,NOV,0,0.010583717,0,TRUE_NEGATIVE
West Rajasthan,2008,10.0,3,0.4,156.70000000000002,294.6000000000002,316.4000000000001,5.194871794871794,-4.794871794871794,-92.30009871668312,4.794871794871794,0,-0.4095247572685752,0,2008-10-01,23.0,133.3,57.1,213.4,312.4000000000002,316.0000000000001,-34.1,-0.8660254037844386,0.5000000000000001,0,OCT,0,0.010583144,0,TRUE_NEGATIVE
Saurashtra & Kutch,2003,12.0,3,0.0,2.9999999999998863,617.6000000000003,686.1999999999999,1.100854700854701,-1.100854700854701,-100.0,1.100854700854701,0,-0.3047739466092675,0,2003-12-01,0.0,3.0,21.7,24.69999999999989,685.8000000000003,686.8,-21.7,-2.4492935982947064e-16,1.0,0,DEC,0,0.010573221,0,TRUE_NEGATIVE
Chhattisgarh,2009,12.0,3,1.9,88.00000000000051,894.7999999999998,956.7,5.158974358974359,-3.2589743589743594,-63.17097415506958,3.2589743589743594,0,-0.3099092029559044,0,2009-12-01,42.5,43.6,104.7,190.80000000000047,938.1999999999998,954.8,-62.2,-2.4492935982947064e-16,1.0,0,DEC,0,0.01056461,0,TRUE_NEGATIVE
Bihar,2002,12.0,3,0.7,35.90000000000034,862.4999999999997,1105.8000000000002,3.631623931623932,-2.931623931623932,-80.72487644151566,2.931623931623932,0,-0.4036864046309402,0,2002-12-01,1.4,33.8,192.8,228.00000000000037,978.3999999999996,1105.1,-191.4,-2.4492935982947064e-16,1.0,0,DEC,0,0.01054115,0,TRUE_NEGATIVE
Saurashtra & Kutch,2014,11.0,3,2.7,107.0999999999999,380.90000000000015,383.9,5.992307692307692,-3.292307692307692,-54.942233632862646,3.292307692307692,0,-0.1927494591232844,0,2014-11-01,5.2,99.2,118.8,223.19999999999987,380.3000000000001,381.2,-113.6,-0.5000000000000004,0.8660254037844384,0,NOV,0,0.010514472,0,TRUE_NEGATIVE
East Rajasthan,2002,11.0,3,0.8,42.8,258.3,286.6000000000002,4.794017094017094,-3.994017094017094,-83.31253342841862,3.994017094017094,0,-0.3786758003800115,0,2002-11-01,0.8,41.2,130.6,172.6,266.1,285.80000000000024,-129.79999999999998,-0.5000000000000004,0.8660254037844384,0,NOV,0,0.010512635,0,TRUE_NEGATIVE
Saurashtra & Kutch,2004,11.0,3,0.0,55.79999999999988,468.50000000000017,482.3,5.992307692307692,-5.992307692307692,-100.0,5.992307692307692,0,-0.35082202957252,0,2004-11-01,19.7,36.1,227.7,283.4999999999999,482.1000000000002,482.3,-208.0,-0.5000000000000004,0.8660254037844384,0,NOV,0,0.010501516,0,TRUE_NEGATIVE
Madhya Maharashtra,2004,12.0,3,0.1,50.2,759.6999999999998,1029.5000000000002,5.8,-5.7,-98.27586206896552,5.7,0,-0.4873277405639888,0,2004-12-01,8.0,42.1,181.2,231.3,975.4999999999998,1029.5,-173.2,-2.4492935982947064e-16,1.0,0,DEC,0,0.010497558,0,TRUE_NEGATIVE
Madhya Maharashtra,2005,12.0,3,0.0,62.7,956.3999999999996,1221.4,5.8,-5.8,-100.0,5.8,0,-0.4958773500475676,0,2005-12-01,0.0,62.7,276.4,339.1,1196.9,1221.5000000000002,-276.4,-2.4492935982947064e-16,1.0,0,DEC,0,0.0104846675,0,TRUE_NEGATIVE
Punjab,2007,11.0,3,0.9,75.19999999999992,450.1,590.9000000000001,4.117948717948718,-3.2179487179487185,-78.14445828144459,3.2179487179487185,0,-0.3947506268527065,0,2007-11-01,0.6,73.7,215.4,289.69999999999993,455.1,603.4,-214.8,-0.5000000000000004,0.8660254037844384,0,NOV,0,0.010444076,0,TRUE_NEGATIVE
West Rajasthan,2013,11.0,3,1.0,69.8,350.1000000000002,390.1000000000001,1.6435897435897435,-0.6435897435897437,-39.157566302652114,0.6435897435897437,0,-0.1429381924768077,0,2013-11-01,10.1,58.7,138.2,207.0,350.8000000000002,389.1000000000001,-128.1,-0.5000000000000004,0.8660254037844384,0,NOV,0,0.010441794,0,TRUE_NEGATIVE
Telangana,2014,12.0,3,0.7,41.09999999999997,539.0999999999997,746.4,5.057264957264958,-4.357264957264958,-86.15852628020957,4.357264957264958,0,-0.4226405636369252,0,2014-12-01,10.8,29.6,146.8,187.2,600.6999999999996,748.4,-136.0,-2.4492935982947064e-16,1.0,0,DEC,0,0.010430252,0,TRUE_NEGATIVE
Madhya Maharashtra,2016,12.0,3,0.9,64.4,788.5999999999998,906.2000000000002,5.8,-4.9,-84.48275862068965,4.9,0,-0.4189308646953588,0,2016-12-01,1.1,62.4,171.9,235.4,888.3999999999997,905.4000000000002,-170.8,-2.4492935982947064e-16,1.0,0,DEC,0,0.010418343,0,TRUE_NEGATIVE
West Rajasthan,2006,10.0,3,5.3,240.2,338.1000000000002,358.50000000000006,5.194871794871794,0.1051282051282056,2.023692003948677,0.0,0,0.0089788850524126,0,2006-10-01,31.3,203.6,52.7,287.5999999999999,336.2000000000002,353.2000000000001,-21.4,-0.8660254037844386,0.5000000000000001,0,OCT,0,0.010377859,0,TRUE_NEGATIVE
Saurashtra & Kutch,2008,11.0,3,0.6,238.0,599.4000000000002,600.1999999999999,5.992307692307692,-5.392307692307693,-89.98716302952504,5.392307692307693,0,-0.3156947916949121,0,2008-11-01,5.8,231.6,115.1,352.49999999999994,598.8000000000002,600.7999999999998,-109.3,-0.5000000000000004,0.8660254037844384,0,NOV,0,0.010376355,0,TRUE_NEGATIVE
Gujarat Region,2001,2.0,0,0.0,9.700000000000228,23.39999999999977,556.4999999999998,1.170940170940171,-1.170940170940171,-100.0,1.170940170940171,0,-0.4108450384999035,0,2001-02-01,6.1,3.6,0.0,9.700000000000228,156.39999999999978,556.5999999999998,6.1,0.8660254037844386,0.5000000000000001,0,FEB,0,0.010363798,0,TRUE_NEGATIVE
Madhya Maharashtra,2010,12.0,3,0.2,150.7,830.3999999999997,1027.6,5.8,-5.6,-96.55172413793105,5.6,0,-0.47877813108041,0,2010-12-01,73.4,77.1,165.6,316.1,1015.7999999999996,1031.7,-92.2,-2.4492935982947064e-16,1.0,0,DEC,0,0.010351114,0,TRUE_NEGATIVE
West Madhya Pradesh,2004,12.0,3,0.8,46.69999999999972,742.3000000000001,848.0000000000001,6.205982905982906,-5.405982905982906,-87.1092136069412,5.405982905982906,0,-0.4031068880745807,0,2004-12-01,2.2,43.7,55.7,101.59999999999972,825.2,849.7000000000002,-53.5,-2.4492935982947064e-16,1.0,0,DEC,0,0.010342721,0,TRUE_NEGATIVE
West Uttar Pradesh,2010,11.0,3,12.8,281.39999999999986,789.6999999999998,819.2999999999998,3.898290598290598,8.901709401709402,228.3490462617847,0.0,0,1.2431060441498336,0,2010-11-01,4.7,263.9,213.8,482.3999999999999,786.1999999999998,820.3999999999999,-209.1,-0.5000000000000004,0.8660254037844384,0,NOV,0,0.010320313,0,TRUE_NEGATIVE
West Uttar Pradesh,2004,11.0,3,0.7,145.19999999999987,579.1999999999998,655.8,3.898290598290598,-3.1982905982905985,-82.04341153255865,3.1982905982905985,0,-0.4466349320411596,0,2004-11-01,60.5,84.0,250.5,394.9999999999999,600.1999999999998,655.8999999999999,-190.0,-0.5000000000000004,0.8660254037844384,0,NOV,0,0.010298663,0,TRUE_NEGATIVE
Madhya Maharashtra,2001,12.0,3,0.5,131.7,609.1999999999998,784.9000000000002,5.8,-5.3,-91.3793103448276,5.3,0,-0.4531293026296738,0,2001-12-01,5.7,125.5,137.3,268.50000000000006,766.5999999999998,786.5000000000001,-131.60000000000002,-2.4492935982947064e-16,1.0,0,DEC,0,0.010284136,0,TRUE_NEGATIVE
East Rajasthan,2001,11.0,3,0.0,16.9,514.9,545.6000000000001,4.794017094017094,-4.794017094017094,-100.0,4.794017094017094,0,-0.4545244092299346,0,2001-11-01,9.2,7.7,126.4,143.3,537.8,545.6000000000001,-117.2,-0.5000000000000004,0.8660254037844384,0,NOV,0,0.010238808,0,TRUE_NEGATIVE
East Rajasthan,2005,11.0,3,0.0,172.5,547.1,567.9000000000003,4.794017094017094,-4.794017094017094,-100.0,4.794017094017094,0,-0.4545244092299346,0,2005-11-01,0.0,172.5,80.0,252.5,551.9,568.3000000000002,-80.0,-0.5000000000000004,0.8660254037844384,0,NOV,0,0.010232257,0,TRUE_NEGATIVE
Saurashtra & Kutch,2003,11.0,3,0.0,24.69999999999989,685.8000000000003,686.8,5.992307692307692,-5.992307692307692,-100.0,5.992307692307692,0,-0.35082202957252,0,2003-11-01,3.0,21.7,190.7,215.39999999999984,685.8000000000003,687.0,-187.7,-0.5000000000000004,0.8660254037844384,0,NOV,0,0.010211271,0,TRUE_NEGATIVE
Chhattisgarh,2014,12.0,3,1.1,81.60000000000046,1078.6999999999998,1278.6,5.158974358974359,-4.058974358974359,-78.67793240556658,4.058974358974359,0,-0.385984475436032,0,2014-12-01,2.6,77.9,252.7,333.20000000000044,1182.5,1277.5,-250.1,-2.4492935982947064e-16,1.0,0,DEC,0,0.010202118,0,TRUE_NEGATIVE
Saurashtra & Kutch,2013,1.0,0,1.7,2.6999999999998865,268.1000000000002,325.49999999999994,1.1205128205128203,0.5794871794871794,51.71624713958809,0.0,0,0.2457095423005166,0,2013-01-01,1.0,0.0,2.4,3.3999999999998862,301.1000000000002,323.79999999999995,-1.4,0.4999999999999999,0.8660254037844387,0,JAN,0,0.010156764,0,TRUE_NEGATIVE
Orissa,2005,12.0,3,7.1,226.39999999999944,1180.5,1503.4,5.517948717948718,1.5820512820512818,28.671003717472114,0.0,0,0.1402829156308109,0,2005-12-01,12.4,206.9,342.8,562.0999999999995,1372.8,1496.3000000000002,-330.40000000000003,-2.4492935982947064e-16,1.0,0,DEC,0,0.010156721,0,TRUE_NEGATIVE
West Rajasthan,2010,10.0,3,0.9,260.79999999999995,443.2000000000002,448.2000000000001,5.194871794871794,-4.294871794871794,-82.675222112537,4.294871794871794,0,-0.3668203039705152,0,2010-10-01,96.5,163.4,129.9,389.8,442.9000000000002,447.6000000000001,-33.400000000000006,-0.8660254037844386,0.5000000000000001,0,OCT,0,0.010148976,0,TRUE_NEGATIVE
Jharkhand,2013,12.0,3,0.0,281.0999999999998,944.1000000000004,1253.5,4.856410256410257,-4.856410256410257,-100.0,4.856410256410257,0,-0.5363958890242204,0,2013-12-01,0.0,281.1,173.8,454.8999999999998,1125.6000000000004,1261.1,-173.8,-2.4492935982947064e-16,1.0,0,DEC,0,0.010145279,0,TRUE_NEGATIVE
Saurashtra & Kutch,2015,11.0,3,0.3,83.49999999999989,433.40000000000015,441.6,5.992307692307692,-5.6923076923076925,-94.99358151476252,5.6923076923076925,0,-0.3332584106337161,0,2015-11-01,3.3,79.9,10.6,93.79999999999988,433.90000000000015,444.0,-7.3,-0.5000000000000004,0.8660254037844384,0,NOV,0,0.010112071,0,TRUE_NEGATIVE
West Rajasthan,2006,12.0,3,2.5,8.19999999999997,295.80000000000024,361.30000000000007,1.8854700854700848,0.6145299145299146,32.59292837715322,0.0,0,0.1617094543576712,0,2006-12-01,0.4,5.3,31.3,36.99999999999997,330.2000000000002,358.80000000000007,-30.9,-2.4492935982947064e-16,1.0,0,DEC,0,0.010107915,0,TRUE_NEGATIVE
Saurashtra & Kutch,2005,11.0,3,0.0,234.79999999999987,631.1000000000003,631.5,5.992307692307692,-5.992307692307692,-100.0,5.992307692307692,0,-0.35082202957252,0,2005-11-01,1.7,233.1,68.4,303.19999999999993,631.3000000000002,631.5,-66.7,-0.5000000000000004,0.8660254037844384,0,NOV,0,0.010088353,0,TRUE_NEGATIVE
Gujarat Region,2010,12.0,3,0.2,53.40000000000023,1029.1999999999998,1088.6999999999996,1.4102564102564104,-1.2102564102564104,-85.81818181818183,1.2102564102564104,0,-0.3355948971168767,0,2010-12-01,41.0,12.2,216.6,269.80000000000024,1088.2999999999995,1088.4999999999995,-175.6,-2.4492935982947064e-16,1.0,0,DEC,0,0.010073982,0,TRUE_NEGATIVE
East Uttar Pradesh,2013,11.0,3,0.5,176.10000000000025,961.9,1040.8000000000002,4.511965811965812,-4.011965811965812,-88.91835574919492,4.011965811965812,0,-0.3856955027685284,0,2013-11-01,97.4,78.2,246.1,421.7000000000002,962.5,1040.6,-148.7,-0.5000000000000004,0.8660254037844384,0,NOV,0,0.010061388,0,TRUE_NEGATIVE
West Rajasthan,2011,10.0,3,0.1,283.2,403.9000000000002,444.00000000000006,5.194871794871794,-5.0948717948717945,-98.07502467917078,5.0948717948717945,0,-0.4351474292474113,0,2011-10-01,116.3,166.8,88.5,371.6,405.3000000000002,444.80000000000007,27.8,-0.8660254037844386,0.5000000000000001,0,OCT,0,0.01005179,0,TRUE_NEGATIVE
Bihar,2005,11.0,3,0.0,139.40000000000032,830.9999999999997,907.6,7.055555555555555,-7.055555555555555,-100.0,7.055555555555555,0,-0.5002887134681807,0,2005-11-01,34.3,105.1,309.1,448.50000000000034,859.5999999999997,910.7,-274.8,-0.5000000000000004,0.8660254037844384,0,NOV,0,0.010049119,0,TRUE_NEGATIVE
Saurashtra & Kutch,2013,11.0,3,0.0,288.7999999999999,671.0000000000001,682.6,5.992307692307692,-5.992307692307692,-100.0,5.992307692307692,0,-0.35082202957252,0,2013-11-01,28.6,260.2,83.3,372.0999999999999,671.1000000000001,682.6,-54.7,-0.5000000000000004,0.8660254037844384,0,NOV,0,0.01002048,0,TRUE_NEGATIVE
North Interior Karnataka,2007,12.0,3,9.2,63.19999999999989,529.1999999999998,836.8000000000001,6.235897435897436,2.964102564102564,47.53289473684209,0.0,0,0.22922560086259,0,2007-12-01,13.5,40.5,205.4,259.39999999999986,735.4999999999998,827.6,-191.9,-2.4492935982947064e-16,1.0,0,DEC,0,0.010016048,0,TRUE_NEGATIVE
Orissa,2016,12.0,3,0.5,104.3999999999996,971.7,1253.5,5.517948717948718,-5.017948717948718,-90.93866171003717,5.017948717948718,0,-0.44494921538006,0,2016-12-01,10.4,93.5,266.2,370.0999999999996,1135.4,1268.6,-255.8,-2.4492935982947064e-16,1.0,0,DEC,0,0.010014185,0,TRUE_NEGATIVE
Gujarat Region,2008,12.0,3,2.3,14.000000000000227,849.6999999999997,911.0999999999996,1.4102564102564104,0.8897435897435895,63.090909090909065,0.0,0,0.246719129871941,0,2008-12-01,0.1,11.6,204.3,216.00000000000023,905.5999999999996,908.7999999999996,-204.2,-2.4492935982947064e-16,1.0,0,DEC,0,0.010009237,0,TRUE_NEGATIVE
North Interior Karnataka,2013,12.0,3,0.1,105.29999999999993,540.8999999999997,723.4000000000001,6.235897435897436,-6.135897435897436,-98.39638157894738,6.135897435897436,0,-0.4745128571489431,0,2013-12-01,4.2,101.0,201.0,306.1999999999999,640.1999999999998,726.2,-196.8,-2.4492935982947064e-16,1.0,0,DEC,0,0.009996751,0,TRUE_NEGATIVE
West Rajasthan,2008,11.0,3,0.4,23.8,270.3000000000002,316.70000000000005,1.6435897435897435,-1.2435897435897436,-75.66302652106084,1.2435897435897436,0,-0.2761953121563814,0,2008-11-01,0.4,23.0,133.3,156.70000000000002,294.6000000000002,316.4000000000001,-132.9,-0.5000000000000004,0.8660254037844384,0,NOV,0,0.009994647,0,TRUE_NEGATIVE
Punjab,2010,11.0,3,1.1,118.59999999999994,400.9,427.5000000000001,4.117948717948718,-3.0179487179487183,-73.28767123287672,3.0179487179487183,0,-0.3702163249447296,0,2010-11-01,4.7,112.8,96.7,214.19999999999996,405.8,429.10000000000014,-92.0,-0.5000000000000004,0.8660254037844384,0,NOV,0,0.0099923685,0,TRUE_NEGATIVE
Chhattisgarh,2015,12.0,3,1.5,19.80000000000045,771.9,1117.7,5.158974358974359,-3.6589743589743593,-70.92445328031809,3.6589743589743593,0,-0.3479468391959683,0,2015-12-01,0.6,17.7,216.9,235.20000000000047,1028.0,1117.3,-216.3,-2.4492935982947064e-16,1.0,0,DEC,0,0.0099919485,0,TRUE_NEGATIVE
East Rajasthan,2010,11.0,3,49.5,179.2,678.6,685.0000000000002,4.794017094017094,44.70598290598291,932.5369941165984,0.0,0,4.238608263359058,0,2010-11-01,0.8,128.9,275.9,405.6,629.8000000000001,642.5000000000002,-275.1,-0.5000000000000004,0.8660254037844384,0,NOV,0,0.0099847205,0,TRUE_NEGATIVE
West Rajasthan,2001,10.0,3,7.3,78.79999999999997,274.1000000000002,285.80000000000007,5.194871794871794,2.1051282051282056,40.523198420533085,0.0,0,0.1797966982446526,0,2001-10-01,2.8,68.7,122.9,194.4,276.30000000000024,279.6000000000001,-120.1,-0.8660254037844386,0.5000000000000001,0,OCT,0,0.00998029,0,TRUE_NEGATIVE
Gujarat Region,2007,12.0,3,0.0,1.4000000000002273,1084.1999999999998,1178.9999999999998,1.4102564102564104,-1.4102564102564104,-100.0,1.4102564102564104,0,-0.3910533758777165,0,2007-12-01,1.4,0.0,169.4,170.80000000000024,1178.1999999999998,1178.9999999999998,-168.0,-2.4492935982947064e-16,1.0,0,DEC,0,0.009956239,0,TRUE_NEGATIVE
Bihar,2006,12.0,3,1.6,22.100000000000342,758.3999999999996,1052.8,3.631623931623932,-2.0316239316239315,-55.94257472346435,2.0316239316239315,0,-0.2797558553375349,0,2006-12-01,2.9,17.6,285.2,305.7000000000003,956.7999999999996,1051.4,-282.3,-2.4492935982947064e-16,1.0,0,DEC,0,0.009894144,0,TRUE_NEGATIVE
Punjab,2013,11.0,3,6.1,46.699999999999854,502.0,591.0000000000001,4.117948717948718,1.9820512820512808,48.13200498132002,0.0,0,0.2431412227546948,0,2013-11-01,16.2,24.4,217.1,257.6999999999999,499.50000000000006,585.3000000000001,-200.9,-0.5000000000000004,0.8660254037844384,0,NOV,0,0.009875761,0,TRUE_NEGATIVE
Gujarat Region,2009,11.0,3,8.1,90.40000000000022,641.1999999999998,643.7999999999996,6.81025641025641,1.2897435897435896,18.9382530120482,0.0,0,0.0803568641825282,0,2009-11-01,27.4,54.9,143.5,225.80000000000024,633.0999999999998,635.7999999999996,-116.1,-0.5000000000000004,0.8660254037844384,0,NOV,0,0.009864661,0,TRUE_NEGATIVE
Gujarat Region,2014,11.0,3,1.3,239.70000000000027,697.3999999999997,705.6999999999997,6.81025641025641,-5.51025641025641,-80.91114457831326,5.51025641025641,0,-0.3433139187440424,0,2014-11-01,3.3,235.1,138.6,377.0000000000003,697.3999999999997,704.4999999999995,-135.29999999999998,-0.5000000000000004,0.8660254037844384,0,NOV,0,0.009858627,0,TRUE_NEGATIVE
Bihar,2009,11.0,3,5.1,205.3000000000004,785.4999999999995,888.6999999999999,7.055555555555555,-1.955555555555556,-27.71653543307087,1.955555555555556,0,-0.1386626985360627,0,2009-11-01,72.6,127.6,298.9,499.1000000000004,878.8999999999995,883.7,-226.3,-0.5000000000000004,0.8660254037844384,0,NOV,0,0.009814135,0,TRUE_NEGATIVE
East Uttar Pradesh,2007,11.0,3,0.0,126.10000000000016,636.2,741.7000000000002,4.511965811965812,-4.511965811965812,-100.0,4.511965811965812,0,-0.4337636470206777,0,2007-11-01,14.6,111.5,180.4,306.50000000000017,664.5,742.9000000000001,-165.8,-0.5000000000000004,0.8660254037844384,0,NOV,0,0.00980097,0,TRUE_NEGATIVE
West Rajasthan,2012,10.0,3,1.9,260.6,316.7000000000002,326.70000000000005,5.194871794871794,-3.2948717948717943,-63.425468904244816,3.2948717948717943,0,-0.2814113973743953,0,2012-10-01,92.0,166.7,40.4,299.1,324.3000000000002,324.90000000000003,51.6,-0.8660254037844386,0.5000000000000001,0,OCT,0,0.009766208,0,TRUE_NEGATIVE
East Uttar Pradesh,2014,11.0,3,0.0,181.40000000000023,591.8000000000001,693.9000000000001,4.511965811965812,-4.511965811965812,-100.0,4.511965811965812,0,-0.4337636470206777,0,2014-11-01,74.7,106.7,138.1,319.5000000000002,602.5,694.4000000000001,-63.39999999999999,-0.5000000000000004,0.8660254037844384,0,NOV,0,0.00975828,0,TRUE_NEGATIVE
Saurashtra & Kutch,2005,12.0,3,0.0,1.6999999999999147,429.9000000000002,631.5,1.100854700854701,-1.100854700854701,-100.0,1.100854700854701,0,-0.3047739466092675,0,2005-12-01,0.0,1.7,233.1,234.79999999999987,631.1000000000003,631.5,-233.1,-2.4492935982947064e-16,1.0,0,DEC,0,0.009754709,0,TRUE_NEGATIVE
North Interior Karnataka,2001,12.0,3,1.4,141.39999999999984,499.3999999999998,597.9,6.235897435897436,-4.8358974358974365,-77.54934210526316,4.8358974358974365,0,-0.3739787917187241,0,2001-12-01,2.5,137.5,187.1,327.0999999999998,558.8999999999997,597.0,-184.6,-2.4492935982947064e-16,1.0,0,DEC,0,0.009735479,0,TRUE_NEGATIVE
Saurashtra & Kutch,2013,12.0,3,0.0,28.599999999999888,543.3000000000002,681.6,1.100854700854701,-1.100854700854701,-100.0,1.100854700854701,0,-0.3047739466092675,0,2013-12-01,0.0,28.6,260.2,288.7999999999999,671.0000000000001,682.6,-260.2,-2.4492935982947064e-16,1.0,0,DEC,0,0.009724054,0,TRUE_NEGATIVE
Orissa,2002,12.0,3,0.0,54.89999999999937,802.8,1102.8,5.517948717948718,-5.517948717948718,-100.0,5.517948717948718,0,-0.4892849828808836,0,2002-12-01,7.8,47.1,206.5,261.3999999999993,985.2,1102.8,-198.7,-2.4492935982947064e-16,1.0,0,DEC,0,0.00970706,0,TRUE_NEGATIVE
Gujarat Region,2005,12.0,3,0.0,1.4000000000002273,948.6999999999996,1316.2999999999995,1.4102564102564104,-1.4102564102564104,-100.0,1.4102564102564104,0,-0.3910533758777165,0,2005-12-01,0.0,1.4,339.2,340.60000000000014,1315.9999999999998,1316.2999999999995,-339.2,-2.4492935982947064e-16,1.0,0,DEC,0,0.009692124,0,TRUE_NEGATIVE
Bihar,2002,11.0,3,1.4,228.0000000000004,978.3999999999996,1105.1,7.055555555555555,-5.655555555555555,-80.15748031496062,5.655555555555555,0,-0.4010188270162267,0,2002-11-01,33.8,192.8,247.7,474.3000000000004,1051.7999999999995,1104.2,-213.9,-0.5000000000000004,0.8660254037844384,0,NOV,0,0.0096772835,0,TRUE_NEGATIVE
West Rajasthan,2006,11.0,3,0.4,36.99999999999997,330.2000000000002,358.80000000000007,1.6435897435897435,-1.2435897435897436,-75.66302652106084,1.2435897435897436,0,-0.2761953121563814,0,2006-11-01,5.3,31.3,203.6,240.19999999999996,338.1000000000002,358.50000000000006,-198.3,-0.5000000000000004,0.8660254037844384,0,NOV,0,0.009656754,0,TRUE_NEGATIVE
East Uttar Pradesh,2009,12.0,3,3.0,88.80000000000024,554.8000000000001,610.0000000000001,5.677777777777777,-2.677777777777777,-47.16242661448141,2.677777777777777,0,-0.3171528148413069,0,2009-12-01,4.9,80.9,139.6,225.40000000000023,581.7,607.0000000000001,-134.7,-2.4492935982947064e-16,1.0,0,DEC,0,0.009654835,0,TRUE_NEGATIVE
Jharkhand,2010,12.0,3,20.0,79.79999999999983,565.6000000000003,697.1,4.856410256410257,15.143589743589745,311.8268215417106,0.0,0,1.6726262516246275,0,2010-12-01,4.7,55.1,160.5,220.29999999999984,638.2000000000003,677.6,-155.8,-2.4492935982947064e-16,1.0,0,DEC,0,0.009619955,0,TRUE_NEGATIVE
Saurashtra & Kutch,2011,12.0,3,0.0,1.2999999999998864,715.0000000000001,742.3999999999999,1.100854700854701,-1.100854700854701,-100.0,1.100854700854701,0,-0.3047739466092675,0,2011-12-01,0.1,1.2,210.1,211.3999999999999,741.0000000000001,742.3999999999999,-210.0,-2.4492935982947064e-16,1.0,0,DEC,0,0.009618792,0,TRUE_NEGATIVE
Telangana,2009,12.0,3,1.2,100.30000000000008,560.6999999999996,666.2,5.057264957264958,-3.8572649572649578,-76.2717593375021,3.8572649572649578,0,-0.3741421858951439,0,2009-12-01,29.6,69.5,149.7,248.80000000000007,645.2999999999996,665.8,-120.1,-2.4492935982947064e-16,1.0,0,DEC,0,0.009607125,0,TRUE_NEGATIVE
East Uttar Pradesh,2004,11.0,3,0.1,159.60000000000016,687.6999999999999,756.1000000000001,4.511965811965812,-4.411965811965812,-97.783671149839,4.411965811965812,0,-0.4241500181702479,0,2004-11-01,33.0,126.5,147.6,307.10000000000014,713.4,756.0000000000001,-114.6,-0.5000000000000004,0.8660254037844384,0,NOV,0,0.0095953215,0,TRUE_NEGATIVE
West Rajasthan,2002,10.0,3,0.1,37.89999999999997,78.40000000000022,83.70000000000006,5.194871794871794,-5.0948717948717945,-98.07502467917078,5.0948717948717945,0,-0.4351474292474113,0,2002-10-01,20.6,17.2,2.4,40.19999999999997,79.70000000000023,90.90000000000006,18.200000000000003,-0.8660254037844386,0.5000000000000001,0,OCT,0,0.009585172,0,TRUE_NEGATIVE
East Uttar Pradesh,2002,11.0,3,1.4,248.70000000000016,613.1,686.5000000000001,4.511965811965812,-3.111965811965812,-68.97139609774578,3.111965811965812,0,-0.2991728431146595,0,2002-11-01,20.6,226.7,212.1,459.40000000000015,640.9,687.9000000000001,-191.5,-0.5000000000000004,0.8660254037844384,0,NOV,0,0.009579045,0,TRUE_NEGATIVE
West Rajasthan,2003,10.0,3,0.2,107.69999999999996,343.10000000000025,376.5000000000001,5.194871794871794,-4.994871794871794,-96.15004935834156,4.994871794871794,0,-0.4266065385877992,0,2003-10-01,13.9,93.6,188.4,295.9,343.30000000000024,376.4,-174.5,-0.8660254037844386,0.5000000000000001,0,OCT,0,0.009575752,0,TRUE_NEGATIVE
East Uttar Pradesh,2000,11.0,3,18.1,242.10000000000025,886.8,948.7,4.511965811965812,13.58803418803419,301.1555218791438,0.0,0,1.3063031749071292,0,2000-11-01,1.3,222.7,204.7,428.7000000000002,907.3,931.6,-203.4,-0.5000000000000004,0.8660254037844384,0,NOV,0,0.00952585,0,TRUE_NEGATIVE
West Rajasthan,2014,11.0,3,0.2,85.60000000000002,263.30000000000024,302.40000000000003,1.6435897435897435,-1.4435897435897438,-87.83151326053043,1.4435897435897438,0,-0.3206143520495726,0,2014-11-01,0.5,84.9,69.6,155.0,286.10000000000025,303.20000000000005,-69.1,-0.5000000000000004,0.8660254037844384,0,NOV,0,0.009466821,0,TRUE_NEGATIVE
Gujarat Region,2015,11.0,3,0.3,95.90000000000028,608.6999999999998,622.9999999999997,6.81025641025641,-6.51025641025641,-95.59487951807228,6.51025641025641,0,-0.4056184456450086,0,2015-11-01,2.2,93.4,37.4,133.00000000000028,609.2999999999997,623.9999999999998,-35.2,-0.5000000000000004,0.8660254037844384,0,NOV,0,0.009455336,0,TRUE_NEGATIVE
Bihar,2014,11.0,3,0.0,208.1000000000004,896.2999999999995,1059.8,7.055555555555555,-7.055555555555555,-100.0,7.055555555555555,0,-0.5002887134681807,0,2014-11-01,47.8,160.3,307.6,515.7000000000004,1000.1999999999996,1060.2,-259.8,-0.5000000000000004,0.8660254037844384,0,NOV,0,0.00943195,0,TRUE_NEGATIVE
East Rajasthan,2007,11.0,3,0.0,86.1,540.0,575.6000000000003,4.794017094017094,-4.794017094017094,-100.0,4.794017094017094,0,-0.4545244092299346,0,2007-11-01,0.0,86.1,167.9,254.0,545.5,575.7000000000003,-167.9,-0.5000000000000004,0.8660254037844384,0,NOV,0,0.009425002,0,TRUE_NEGATIVE
Gujarat Region,2004,11.0,3,0.0,74.00000000000023,1001.4,1005.7999999999996,6.81025641025641,-6.81025641025641,-100.0,6.81025641025641,0,-0.4243098037152985,0,2004-11-01,22.2,51.8,553.7,627.7000000000003,1005.7999999999998,1005.7999999999996,-531.5,-0.5000000000000004,0.8660254037844384,0,NOV,0,0.009419937,0,TRUE_NEGATIVE
Madhya Maharashtra,2009,12.0,3,4.3,221.8,862.3999999999997,941.9,5.8,-1.5,-25.86206896551724,1.5,0,-0.1282441422536812,0,2009-12-01,121.3,96.2,162.6,380.1,926.9999999999998,938.5,-41.3,-2.4492935982947064e-16,1.0,0,DEC,0,0.009365507,0,TRUE_NEGATIVE
Gujarat Region,2010,11.0,3,41.0,269.80000000000024,1088.2999999999995,1088.4999999999995,6.81025641025641,34.18974358974359,502.0331325301205,0.0,0,2.1301757992243187,0,2010-11-01,12.2,216.6,431.0,659.8000000000002,1047.2999999999995,1055.5999999999997,-418.8,-0.5000000000000004,0.8660254037844384,0,NOV,0,0.009359104,0,TRUE_NEGATIVE
East Uttar Pradesh,2008,11.0,3,0.6,123.60000000000024,928.5,954.4000000000002,4.511965811965812,-3.911965811965812,-86.7020268990339,3.911965811965812,0,-0.3760818739180985,0,2008-11-01,10.3,112.7,239.6,362.60000000000025,944.0,953.8000000000002,-229.3,-0.5000000000000004,0.8660254037844384,0,NOV,0,0.009352378,0,TRUE_NEGATIVE
Gujarat Region,2016,11.0,3,0.0,172.20000000000027,763.6999999999998,764.6999999999996,6.81025641025641,-6.81025641025641,-100.0,6.81025641025641,0,-0.4243098037152985,0,2016-11-01,66.9,105.3,303.9,476.10000000000025,764.0999999999998,764.9999999999997,-237.0,-0.5000000000000004,0.8660254037844384,0,NOV,0,0.009347651,0,TRUE_NEGATIVE
Saurashtra & Kutch,2006,12.0,3,0.6,2.299999999999943,633.7000000000003,701.8,1.100854700854701,-0.500854700854701,-45.49689440993789,0.500854700854701,0,-0.1386626806778189,0,2006-12-01,0.3,1.4,68.2,69.89999999999995,699.3000000000003,701.1999999999999,-67.9,-2.4492935982947064e-16,1.0,0,DEC,0,0.009292073,0,TRUE_NEGATIVE
Bihar,2016,12.0,3,0.0,60.8000000000004,925.8999999999996,1158.0,3.631623931623932,-3.631623931623932,-100.0,3.631623931623932,0,-0.5000768318591443,0,2016-12-01,0.0,60.8,357.9,418.7000000000004,1054.5999999999997,1158.0,-357.9,-2.4492935982947064e-16,1.0,0,DEC,0,0.009259506,0,TRUE_NEGATIVE
East Rajasthan,2013,11.0,3,1.3,119.9,808.0,835.8000000000003,4.794017094017094,-3.494017094017094,-72.88286682118024,3.494017094017094,0,-0.3312704198488095,0,2013-11-01,30.6,88.0,278.5,397.1,807.6999999999999,834.5000000000002,-247.9,-0.5000000000000004,0.8660254037844384,0,NOV,0,0.009178699,0,TRUE_NEGATIVE
Jharkhand,2002,12.0,3,0.8,57.099999999999945,774.7000000000003,1034.9,4.856410256410257,-4.056410256410257,-83.52692713833157,4.056410256410257,0,-0.4480350033982664,0,2002-12-01,1.3,55.0,253.4,309.69999999999993,958.8000000000004,1034.1,-252.1,-2.4492935982947064e-16,1.0,0,DEC,0,0.009145877,0,TRUE_NEGATIVE
Orissa,2015,12.0,3,15.6,46.499999999999545,842.3,1210.0,5.517948717948718,10.082051282051282,182.71375464684013,0.0,0,0.8939909631448115,0,2015-12-01,6.2,24.7,237.0,267.8999999999995,1065.3,1195.3,-230.8,-2.4492935982947064e-16,1.0,0,DEC,0,0.009099029,0,TRUE_NEGATIVE
Saurashtra & Kutch,2008,12.0,3,7.7,14.099999999999945,511.1000000000002,607.9,1.100854700854701,6.599145299145299,599.4565217391304,0.0,0,1.8269872995109897,0,2008-12-01,0.6,5.8,231.6,237.99999999999997,599.4000000000002,600.1999999999999,-231.0,-2.4492935982947064e-16,1.0,0,DEC,0,0.009084755,0,TRUE_NEGATIVE
West Rajasthan,2016,10.0,3,18.1,221.0,338.2000000000003,347.1000000000001,5.194871794871794,12.905128205128207,248.4205330700889,0.0,0,1.1022128894827488,0,2016-10-01,11.0,191.9,80.0,282.9,320.5000000000003,330.1000000000001,-69.0,-0.8660254037844386,0.5000000000000001,0,OCT,0,0.009076898,0,TRUE_NEGATIVE
Jharkhand,2014,12.0,3,1.2,46.099999999999774,836.5000000000001,1156.6,4.856410256410257,-3.6564102564102567,-75.29039070749735,3.6564102564102567,0,-0.4038545605852894,0,2014-12-01,0.0,44.9,178.2,223.09999999999977,975.0000000000002,1155.4,-178.2,-2.4492935982947064e-16,1.0,0,DEC,0,0.009041881,0,TRUE_NEGATIVE
East Uttar Pradesh,2001,11.0,3,2.8,230.20000000000016,939.1,974.0,4.511965811965812,-1.711965811965812,-37.94279219549158,1.711965811965812,0,-0.1645820392086413,0,2001-11-01,75.3,152.1,185.9,413.3000000000002,963.0,989.3000000000002,-110.6,-0.5000000000000004,0.8660254037844384,0,NOV,0,0.009038255,0,TRUE_NEGATIVE
Gujarat Region,2003,12.0,3,0.0,1.9000000000002275,944.6999999999998,1160.1999999999998,1.4102564102564104,-1.4102564102564104,-100.0,1.4102564102564104,0,-0.3910533758777165,0,2003-12-01,0.0,1.9,109.5,111.40000000000023,1154.0,1160.3,-109.5,-2.4492935982947064e-16,1.0,0,DEC,0,0.009022722,0,TRUE_NEGATIVE
Gujarat Region,2005,11.0,3,0.0,340.60000000000014,1315.9999999999998,1316.2999999999995,6.81025641025641,-6.81025641025641,-100.0,6.81025641025641,0,-0.4243098037152985,0,2005-11-01,1.4,339.2,229.4,570.0000000000001,1316.2999999999995,1316.2999999999995,-228.0,-0.5000000000000004,0.8660254037844384,0,NOV,0,0.009016623,0,TRUE_NEGATIVE
Bihar,2011,12.0,3,0.9,12.900000000000398,766.7999999999996,1097.3,3.631623931623932,-2.731623931623932,-75.2176982819487,2.731623931623932,0,-0.376146282565739,0,2011-12-01,2.0,10.0,234.1,246.1000000000004,976.8999999999996,1098.5,-232.1,-2.4492935982947064e-16,1.0,0,DEC,0,0.0090147825,0,TRUE_NEGATIVE
West Rajasthan,2009,11.0,3,0.1,7.899999999999986,140.20000000000022,168.70000000000005,1.6435897435897435,-1.5435897435897437,-93.9157566302652,1.5435897435897437,0,-0.3428238719961682,0,2009-11-01,0.3,7.5,27.1,34.899999999999984,147.7000000000002,169.00000000000006,-26.8,-0.5000000000000004,0.8660254037844384,0,NOV,0,0.008984235,0,TRUE_NEGATIVE
East Uttar Pradesh,2010,11.0,3,4.5,204.50000000000023,665.0999999999999,695.0000000000001,4.511965811965812,-0.0119658119658119,-0.2652017427543086,0.0119658119658119,0,-0.0011503487513334,0,2010-11-01,15.5,184.5,215.9,415.90000000000026,675.3,695.4000000000001,-200.4,-0.5000000000000004,0.8660254037844384,0,NOV,0,0.0089488,0,TRUE_NEGATIVE
Saurashtra & Kutch,2014,12.0,3,0.0,7.899999999999887,363.60000000000014,383.9,1.100854700854701,-1.100854700854701,-100.0,1.100854700854701,0,-0.3047739466092675,0,2014-12-01,2.7,5.2,99.2,107.0999999999999,380.90000000000015,383.9,-96.5,-2.4492935982947064e-16,1.0,0,DEC,0,0.008932512,0,TRUE_NEGATIVE
Gujarat Region,2001,11.0,3,0.2,46.90000000000023,840.5999999999999,852.5999999999997,6.81025641025641,-6.61025641025641,-97.0632530120482,6.61025641025641,0,-0.4118488983351052,0,2001-11-01,28.9,17.8,256.8,303.5000000000002,842.4999999999998,852.3999999999996,-227.9,-0.5000000000000004,0.8660254037844384,0,NOV,0,0.008909902,0,TRUE_NEGATIVE
West Rajasthan,2008,12.0,3,8.3,9.1,222.5000000000002,324.1000000000001,1.8854700854700848,6.414529914529915,340.2085222121487,0.0,0,1.6879408274747183,0,2008-12-01,0.4,0.4,23.0,23.8,270.3000000000002,316.70000000000005,-22.6,-2.4492935982947064e-16,1.0,0,DEC,0,0.008891519,0,TRUE_NEGATIVE
East Rajasthan,2008,11.0,3,2.4,118.1,612.6999999999999,644.9000000000002,4.794017094017094,-2.394017094017094,-49.93760028525584,2.394017094017094,0,-0.2269785826801652,0,2008-11-01,3.0,112.7,167.9,283.6,632.4,642.5000000000002,-164.9,-0.5000000000000004,0.8660254037844384,0,NOV,0,0.008889343,0,TRUE_NEGATIVE
Bihar,2006,11.0,3,2.9,305.7000000000003,956.7999999999996,1051.4,7.055555555555555,-4.155555555555555,-58.89763779527558,4.155555555555555,0,-0.2946582343891332,0,2006-11-01,17.6,285.2,160.4,463.20000000000033,1027.0999999999997,1048.5,-142.8,-0.5000000000000004,0.8660254037844384,0,NOV,0,0.008863523,0,TRUE_NEGATIVE
Madhya Maharashtra,2013,12.0,3,1.3,63.09999999999994,732.1999999999998,962.5,5.8,-4.5,-77.58620689655173,4.5,0,-0.3847324267610438,0,2013-12-01,4.0,57.8,210.3,272.1,943.2999999999998,961.2000000000002,-206.3,-2.4492935982947064e-16,1.0,0,DEC,0,0.008850851,0,TRUE_NEGATIVE
Gujarat Region,2001,12.0,3,0.0,29.100000000000225,623.6999999999998,848.9999999999998,1.4102564102564104,-1.4102564102564104,-100.0,1.4102564102564104,0,-0.3910533758777165,0,2001-12-01,0.2,28.9,17.8,46.90000000000023,840.5999999999999,852.5999999999997,-17.6,-2.4492935982947064e-16,1.0,0,DEC,0,0.008831534,0,TRUE_NEGATIVE
Jharkhand,2004,12.0,3,1.6,129.79999999999993,869.0000000000002,1136.8,4.856410256410257,-3.256410256410257,-67.05385427666315,3.256410256410257,0,-0.3596741177723125,0,2004-12-01,0.1,128.1,211.5,339.69999999999993,1051.8000000000004,1142.6,-211.4,-2.4492935982947064e-16,1.0,0,DEC,0,0.008797103,0,TRUE_NEGATIVE
Saurashtra & Kutch,2003,1.0,0,0.0,0.7999999999998864,133.60000000000022,307.99999999999994,1.1205128205128203,-1.1205128205128203,-100.0,1.1205128205128203,0,-0.4751109291386094,0,2003-01-01,0.6,0.2,0.2,0.9999999999998864,141.60000000000022,307.99999999999994,0.3999999999999999,0.4999999999999999,0.8660254037844387,0,JAN,0,0.0087726,0,TRUE_NEGATIVE
West Uttar Pradesh,2002,11.0,3,0.4,225.19999999999987,536.0999999999998,614.8,3.898290598290598,-3.4982905982905983,-89.73909230431923,3.4982905982905983,0,-0.4885293364095313,0,2002-11-01,6.7,218.1,252.3,477.0999999999999,557.1999999999998,615.5,-245.6,-0.5000000000000004,0.8660254037844384,0,NOV,0,0.008768228,0,TRUE_NEGATIVE
Bihar,2013,11.0,3,0.4,340.80000000000035,919.6999999999996,1069.8000000000002,7.055555555555555,-6.655555555555555,-94.33070866141732,6.655555555555555,0,-0.4719258887676224,0,2013-11-01,197.1,143.3,213.6,554.0000000000005,1008.7999999999996,1075.8,-16.5,-0.5000000000000004,0.8660254037844384,0,NOV,0,0.008725354,0,TRUE_NEGATIVE
East Uttar Pradesh,2011,11.0,3,0.0,147.00000000000023,740.8,781.3000000000002,4.511965811965812,-4.511965811965812,-100.0,4.511965811965812,0,-0.4337636470206777,0,2011-11-01,0.6,146.4,232.1,379.10000000000025,773.0,785.8000000000002,-231.5,-0.5000000000000004,0.8660254037844384,0,NOV,0,0.00870008,0,TRUE_NEGATIVE
Madhya Maharashtra,2008,12.0,3,0.9,61.2,789.0999999999998,916.8000000000002,5.8,-4.9,-84.48275862068965,4.9,0,-0.4189308646953588,0,2008-12-01,3.7,56.6,312.4,372.7,896.0999999999998,915.9,-308.7,-2.4492935982947064e-16,1.0,0,DEC,0,0.008687879,0,TRUE_NEGATIVE
Gujarat Region,2007,11.0,3,1.4,170.80000000000024,1178.1999999999998,1178.9999999999998,6.81025641025641,-5.410256410256411,-79.44277108433737,5.410256410256411,0,-0.3370834660539457,0,2007-11-01,0.0,169.4,345.6,515.0000000000002,1177.1,1180.4999999999995,-345.6,-0.5000000000000004,0.8660254037844384,0,NOV,0,0.008557748,0,TRUE_NEGATIVE
Saurashtra & Kutch,2006,11.0,3,0.3,69.89999999999995,699.3000000000003,701.1999999999999,5.992307692307692,-5.6923076923076925,-94.99358151476252,5.6923076923076925,0,-0.3332584106337161,0,2006-11-01,1.4,68.2,189.8,259.4,699.0000000000002,700.8999999999999,-188.4,-0.5000000000000004,0.8660254037844384,0,NOV,0,0.008526007,0,TRUE_NEGATIVE
East Uttar Pradesh,2006,11.0,3,1.2,61.80000000000017,584.9999999999999,633.5000000000001,4.511965811965812,-3.311965811965812,-73.40405379806782,3.311965811965812,0,-0.3184001008155192,0,2006-11-01,9.1,51.5,146.7,207.30000000000013,610.9,632.3000000000002,-137.6,-0.5000000000000004,0.8660254037844384,0,NOV,0,0.00848082,0,TRUE_NEGATIVE
East Rajasthan,2009,11.0,3,7.0,63.4,404.7,413.8000000000002,4.794017094017094,2.205982905982906,46.01533250133714,0.0,0,0.2091509182068927,0,2009-11-01,10.9,45.5,113.3,169.7,403.4,409.2000000000002,-102.4,-0.5000000000000004,0.8660254037844384,0,NOV,0,0.008448411,0,TRUE_NEGATIVE
West Uttar Pradesh,2003,11.0,3,0.8,358.0999999999999,961.9999999999998,1044.3,3.898290598290598,-3.098290598290598,-79.47818460863844,3.098290598290598,0,-0.4326701305850357,0,2003-11-01,0.7,356.6,214.2,571.4999999999999,967.1,1043.9,-213.5,-0.5000000000000004,0.8660254037844384,0,NOV,0,0.008447779,0,TRUE_NEGATIVE
East Rajasthan,2003,11.0,3,0.0,93.7,594.6,628.8000000000003,4.794017094017094,-4.794017094017094,-100.0,4.794017094017094,0,-0.4545244092299346,0,2003-11-01,0.1,93.6,178.5,272.20000000000005,598.1,629.6000000000003,-178.4,-0.5000000000000004,0.8660254037844384,0,NOV,0,0.0084008295,0,TRUE_NEGATIVE
Saurashtra & Kutch,2002,12.0,3,0.6,0.9999999999998864,141.60000000000022,307.99999999999994,1.100854700854701,-0.500854700854701,-45.49689440993789,0.500854700854701,0,-0.1386626806778189,0,2002-12-01,0.2,0.2,15.1,15.499999999999886,307.4000000000002,307.3999999999999,-14.9,-2.4492935982947064e-16,1.0,0,DEC,0,0.008371863,0,TRUE_NEGATIVE
Saurashtra & Kutch,2009,12.0,3,0.0,4.799999999999886,528.7000000000002,596.8,1.100854700854701,-1.100854700854701,-100.0,1.100854700854701,0,-0.3047739466092675,0,2009-12-01,1.5,3.3,8.8,13.599999999999888,596.8000000000002,604.4999999999999,-7.300000000000001,-2.4492935982947064e-16,1.0,0,DEC,0,0.008370533,0,TRUE_NEGATIVE
Gujarat Region,2013,12.0,3,0.0,53.30000000000029,957.0999999999996,1118.3999999999996,1.4102564102564104,-1.4102564102564104,-100.0,1.4102564102564104,0,-0.3910533758777165,0,2013-12-01,0.1,53.2,287.3,340.60000000000025,1112.7999999999995,1118.3999999999996,-287.2,-2.4492935982947064e-16,1.0,0,DEC,0,0.008364495,0,TRUE_NEGATIVE
Jharkhand,2009,12.0,3,0.5,86.69999999999983,850.1000000000003,996.3,4.856410256410257,-4.356410256410257,-89.70432946145723,4.356410256410257,0,-0.4811703355079991,0,2009-12-01,4.0,82.2,248.8,334.99999999999983,912.3000000000004,995.8,-244.8,-2.4492935982947064e-16,1.0,0,DEC,0,0.008322659,0,TRUE_NEGATIVE
Telangana,2007,12.0,3,0.0,53.80000000000011,657.2999999999996,843.3,5.057264957264958,-5.057264957264958,-100.0,5.057264957264958,0,-0.4905382924754191,0,2007-12-01,13.0,40.8,262.3,316.10000000000014,833.8999999999996,843.3,-249.3,-2.4492935982947064e-16,1.0,0,DEC,0,0.008313231,0,TRUE_NEGATIVE
Gujarat Region,2002,11.0,3,0.1,114.40000000000023,632.8999999999997,637.0999999999997,6.81025641025641,-6.71025641025641,-98.53162650602412,6.71025641025641,0,-0.4180793510252019,0,2002-11-01,0.6,113.7,238.5,352.80000000000024,632.7999999999997,637.1999999999996,-237.9,-0.5000000000000004,0.8660254037844384,0,NOV,0,0.008305561,0,TRUE_NEGATIVE
Saurashtra & Kutch,2007,12.0,3,0.0,2.899999999999943,774.5000000000002,890.8,1.100854700854701,-1.100854700854701,-100.0,1.100854700854701,0,-0.3047739466092675,0,2007-12-01,1.2,1.7,157.0,159.89999999999995,888.6000000000001,891.4,-155.8,-2.4492935982947064e-16,1.0,0,DEC,0,0.008289438,0,TRUE_NEGATIVE
Haryana Delhi & Chandigarh,2008,11.0,3,5.5,128.4,620.4,711.4999999999998,3.223931623931624,2.276068376068376,70.59915164369035,0.0,0,0.3105883488284244,0,2008-11-01,8.4,114.5,174.2,297.1,687.8,706.2999999999998,-165.79999999999998,-0.5000000000000004,0.8660254037844384,0,NOV,0,0.008279006,0,TRUE_NEGATIVE
East Uttar Pradesh,2009,11.0,3,4.9,225.40000000000023,581.7,607.0000000000001,4.511965811965812,0.3880341880341884,8.60011365788976,0.0,0,0.037304166650386,0,2009-11-01,80.9,139.6,177.0,397.5000000000002,599.5999999999999,602.7000000000002,-96.1,-0.5000000000000004,0.8660254037844384,0,NOV,0,0.008271782,0,TRUE_NEGATIVE
Jharkhand,2003,12.0,3,7.4,269.1,985.7000000000004,1244.9,4.856410256410257,2.5435897435897434,52.375923970432936,0.0,0,0.2809423030158535,0,2003-12-01,6.2,255.5,224.0,485.69999999999993,1130.7000000000005,1238.3000000000002,-217.8,-2.4492935982947064e-16,1.0,0,DEC,0,0.008254261,0,TRUE_NEGATIVE
Telangana,2016,12.0,3,0.4,71.30000000000001,777.0999999999996,1043.4,5.057264957264958,-4.657264957264958,-92.09058644583403,4.657264957264958,0,-0.451739590281994,0,2016-12-01,0.5,70.4,336.3,407.2000000000001,970.6999999999996,1044.7,-335.8,-2.4492935982947064e-16,1.0,0,DEC,0,0.008248652,0,TRUE_NEGATIVE
West Rajasthan,2013,10.0,3,10.1,207.0,350.8000000000002,389.1000000000001,5.194871794871794,4.9051282051282055,94.42250740375124,0.0,0,0.4189416367137886,0,2013-10-01,58.7,138.2,104.5,301.4,343.80000000000024,380.9,-45.8,-0.8660254037844386,0.5000000000000001,0,OCT,0,0.008227934,0,TRUE_NEGATIVE
East Rajasthan,2011,11.0,3,0.0,166.4,785.0000000000001,807.0000000000002,4.794017094017094,-4.794017094017094,-100.0,4.794017094017094,0,-0.4545244092299346,0,2011-11-01,0.0,166.4,284.1,450.5,790.1,856.5000000000002,-284.1,-0.5000000000000004,0.8660254037844384,0,NOV,0,0.008173197,0,TRUE_NEGATIVE
East Uttar Pradesh,2003,12.0,3,9.3,16.90000000000017,907.2999999999998,1096.3000000000002,5.677777777777777,3.622222222222224,63.79647749510766,0.0,0,0.4290116914450876,0,2003-12-01,0.0,7.6,333.8,341.4000000000002,1022.9,1089.7,-333.8,-2.4492935982947064e-16,1.0,0,DEC,0,0.008162797,0,TRUE_NEGATIVE
Gangetic West Bengal,2003,12.0,3,17.7,368.10000000000025,1015.8000000000002,1496.7,5.712820512820513,11.987179487179484,209.82944344703768,0.0,0,0.9885858768092456,0,2003-12-01,8.9,341.5,155.0,505.4000000000002,1278.6,1479.1,-146.1,-2.4492935982947064e-16,1.0,0,DEC,0,0.008160099,0,TRUE_NEGATIVE
Gujarat Region,2013,11.0,3,0.1,340.60000000000025,1112.7999999999995,1118.3999999999996,6.81025641025641,-6.71025641025641,-98.53162650602412,6.71025641025641,0,-0.4180793510252019,0,2013-11-01,53.2,287.3,211.1,551.6000000000003,1112.6999999999998,1118.2999999999995,-157.89999999999998,-0.5000000000000004,0.8660254037844384,0,NOV,0,0.008157927,0,TRUE_NEGATIVE
Saurashtra & Kutch,2012,12.0,3,1.0,3.3999999999998862,301.1000000000002,323.79999999999995,1.100854700854701,-0.1008547008547009,-9.161490683229822,0.1008547008547009,0,-0.0279218367235198,0,2012-12-01,0.0,2.4,228.5,230.8999999999999,322.50000000000017,322.79999999999995,-228.5,-2.4492935982947064e-16,1.0,0,DEC,0,0.008130748,0,TRUE_NEGATIVE
Gujarat Region,2012,11.0,3,0.0,270.9000000000003,713.7999999999998,713.8999999999997,6.81025641025641,-6.81025641025641,-100.0,6.81025641025641,0,-0.4243098037152985,0,2012-11-01,7.1,263.8,230.3,501.2000000000003,713.7999999999998,713.8999999999997,-223.2,-0.5000000000000004,0.8660254037844384,0,NOV,0,0.00813024,0,TRUE_NEGATIVE
East Uttar Pradesh,2012,11.0,3,0.3,165.40000000000023,574.0999999999999,602.0000000000001,4.511965811965812,-4.211965811965812,-93.35101344951696,4.211965811965812,0,-0.4049227604693881,0,2012-11-01,0.7,164.4,156.0,321.10000000000025,574.0,601.7,-155.3,-0.5000000000000004,0.8660254037844384,0,NOV,0,0.008109027,0,TRUE_NEGATIVE
East Rajasthan,2014,11.0,3,0.0,140.1,621.6999999999999,682.5000000000002,4.794017094017094,-4.794017094017094,-100.0,4.794017094017094,0,-0.4545244092299346,0,2014-11-01,3.2,136.9,261.0,401.1,630.0999999999999,683.8000000000002,-257.8,-0.5000000000000004,0.8660254037844384,0,NOV,0,0.008086819,0,TRUE_NEGATIVE
West Madhya Pradesh,2009,12.0,3,19.1,174.0999999999997,806.7000000000002,876.9000000000002,6.205982905982906,12.894017094017094,207.76752513427903,0.0,0,0.9614656938329053,0,2009-12-01,65.1,89.9,139.6,294.5999999999997,844.4000000000002,857.8000000000002,-74.5,-2.4492935982947064e-16,1.0,0,DEC,0,0.008067343,0,TRUE_NEGATIVE
Bihar,2001,11.0,3,0.5,456.6000000000004,1131.5999999999997,1247.2,7.055555555555555,-6.555555555555555,-92.91338582677166,6.555555555555555,0,-0.4648351825924829,0,2001-11-01,181.3,274.8,225.9,682.0000000000003,1229.4999999999998,1246.7,-44.6,-0.5000000000000004,0.8660254037844384,0,NOV,0,0.008054643,0,TRUE_NEGATIVE
West Uttar Pradesh,2003,12.0,3,13.6,15.099999999999886,901.5,1047.4,7.006837606837607,6.593162393162393,94.0961210051232,0.0,0,0.6760579727025416,0,2003-12-01,0.8,0.7,356.6,358.0999999999999,961.9999999999998,1044.3,-355.8,-2.4492935982947064e-16,1.0,0,DEC,0,0.008025049,0,TRUE_NEGATIVE
Bihar,2011,11.0,3,2.0,246.1000000000004,976.8999999999996,1098.5,7.055555555555555,-5.055555555555555,-71.65354330708661,5.055555555555555,0,-0.3584745899653893,0,2011-11-01,10.0,234.1,278.7,522.8000000000004,1049.3999999999994,1101.5,-268.7,-0.5000000000000004,0.8660254037844384,0,NOV,0,0.0080152275,0,TRUE_NEGATIVE
Gujarat Region,2003,11.0,3,0.0,111.40000000000023,1154.0,1160.3,6.81025641025641,-6.81025641025641,-100.0,6.81025641025641,0,-0.4243098037152985,0,2003-11-01,1.9,109.5,314.6,426.0000000000002,1154.0,1160.4,-312.70000000000005,-0.5000000000000004,0.8660254037844384,0,NOV,0,0.0079617165,0,TRUE_NEGATIVE
Punjab,2008,11.0,3,0.6,70.29999999999994,639.9,726.9,4.117948717948718,-3.5179487179487183,-85.42963885429639,3.5179487179487183,0,-0.431552079714672,0,2008-11-01,9.9,59.8,312.2,381.8999999999999,679.9000000000001,727.2000000000002,-302.3,-0.5000000000000004,0.8660254037844384,0,NOV,0,0.007956103,0,TRUE_NEGATIVE
Bihar,2000,11.0,3,0.0,324.4000000000003,1057.2999999999995,1207.5,7.055555555555555,-7.055555555555555,-100.0,7.055555555555555,0,-0.5002887134681807,0,2000-11-01,9.6,314.8,201.4,525.8000000000003,1153.4999999999995,1214.4,-191.8,-0.5000000000000004,0.8660254037844384,0,NOV,0,0.007932052,0,TRUE_NEGATIVE
West Rajasthan,2009,12.0,3,0.1,0.4999999999999858,114.2000000000002,160.50000000000006,1.8854700854700848,-1.7854700854700851,-94.69628286491384,1.7854700854700851,0,-0.469834562104555,0,2009-12-01,0.1,0.3,7.5,7.899999999999986,140.20000000000022,168.70000000000005,-7.4,-2.4492935982947064e-16,1.0,0,DEC,0,0.007834155,0,TRUE_NEGATIVE
Saurashtra & Kutch,2007,11.0,3,1.2,159.89999999999995,888.6000000000001,891.4,5.992307692307692,-4.792307692307692,-79.97432605905006,4.792307692307692,0,-0.2805675538173042,0,2007-11-01,1.7,157.0,405.4,564.0999999999999,887.6000000000003,890.4999999999999,-403.7,-0.5000000000000004,0.8660254037844384,0,NOV,0,0.007829831,0,TRUE_NEGATIVE
Saurashtra & Kutch,2011,11.0,3,0.1,211.3999999999999,741.0000000000001,742.3999999999999,5.992307692307692,-5.892307692307693,-98.33119383825418,5.892307692307693,0,-0.3449674899262521,0,2011-11-01,1.2,210.1,290.9,502.1999999999999,740.9000000000001,806.5999999999998,-289.7,-0.5000000000000004,0.8660254037844384,0,NOV,0,0.0076271524,0,TRUE_NEGATIVE
East Rajasthan,2004,11.0,3,0.4,52.6,592.1,608.4000000000002,4.794017094017094,-4.3940170940170935,-91.6562667142093,4.3940170940170935,0,-0.416600104804973,0,2004-11-01,27.5,24.7,380.9,433.1,601.0,608.0000000000002,-353.4,-0.5000000000000004,0.8660254037844384,0,NOV,0,0.007611846,0,TRUE_NEGATIVE
Gujarat Region,2008,11.0,3,0.1,216.00000000000023,905.5999999999996,908.7999999999996,6.81025641025641,-6.71025641025641,-98.53162650602412,6.71025641025641,0,-0.4180793510252019,0,2008-11-01,11.6,204.3,369.5,585.4000000000002,905.5999999999996,910.0999999999996,-357.9,-0.5000000000000004,0.8660254037844384,0,NOV,0,0.0075854426,0,TRUE_NEGATIVE
West Rajasthan,2002,12.0,3,6.0,8.599999999999971,48.80000000000023,92.20000000000006,1.8854700854700848,4.114529914529914,218.2230281051677,0.0,0,1.0827111450317517,0,2002-12-01,2.5,0.1,20.6,23.19999999999997,69.70000000000022,86.20000000000006,-18.1,-2.4492935982947064e-16,1.0,0,DEC,0,0.007469996,0,TRUE_NEGATIVE
East Rajasthan,2016,11.0,3,0.0,72.80000000000001,846.3,861.4000000000002,4.794017094017094,-4.794017094017094,-100.0,4.794017094017094,0,-0.4545244092299346,0,2016-11-01,32.6,40.2,385.6,458.4,855.8,861.9000000000002,-353.0,-0.5000000000000004,0.8660254037844384,0,NOV,0,0.0074511548,0,TRUE_NEGATIVE
Bihar,2016,11.0,3,0.0,418.7000000000004,1054.5999999999997,1158.0,7.055555555555555,-7.055555555555555,-100.0,7.055555555555555,0,-0.5002887134681807,0,2016-11-01,60.8,357.9,150.8,569.5000000000003,1138.5999999999997,1158.0,-90.00000000000001,-0.5000000000000004,0.8660254037844384,0,NOV,0,0.007379016,0,TRUE_NEGATIVE
Gujarat Region,2011,11.0,3,0.0,162.90000000000023,890.0999999999998,890.4999999999997,6.81025641025641,-6.81025641025641,-100.0,6.81025641025641,0,-0.4243098037152985,0,2011-11-01,0.4,162.5,451.7,614.6000000000003,890.0999999999998,931.4999999999995,-451.3,-0.5000000000000004,0.8660254037844384,0,NOV,0,0.0072807255,0,TRUE_NEGATIVE
Telangana,2005,12.0,3,18.8,158.80000000000015,932.2999999999996,1163.0,5.057264957264958,13.742735042735042,271.7424370458002,0.0,0,1.333000710615559,0,2005-12-01,3.9,136.1,246.3,386.3000000000002,1028.5999999999997,1144.2,-242.4,-2.4492935982947064e-16,1.0,0,DEC,0,0.0072436975,0,TRUE_NEGATIVE
Saurashtra & Kutch,2000,12.0,3,0.1,2.2999999999998866,277.7000000000002,285.99999999999994,1.100854700854701,-1.0008547008547009,-90.91614906832297,1.0008547008547009,0,-0.2770887356206927,0,2000-12-01,0.0,2.2,4.5,6.699999999999887,283.0000000000002,285.8999999999999,-4.5,-2.4492935982947064e-16,1.0,0,DEC,0,0.0071477783,0,TRUE_NEGATIVE
East Rajasthan,2006,11.0,3,0.1,91.4,722.6,748.0000000000002,4.794017094017094,-4.694017094017094,-97.91406667855232,4.694017094017094,0,-0.4450433331236942,0,2006-11-01,2.4,88.9,341.5,432.8,735.6,747.9000000000002,-339.1,-0.5000000000000004,0.8660254037844384,0,NOV,0,0.0070641157,0,TRUE_NEGATIVE
East Rajasthan,2012,11.0,3,0.0,131.8,678.5,693.5000000000002,4.794017094017094,-4.794017094017094,-100.0,4.794017094017094,0,-0.4545244092299346,0,2012-11-01,0.5,131.3,365.0,496.8,688.0,693.5000000000002,-364.5,-0.5000000000000004,0.8660254037844384,0,NOV,0,0.006765546,0,TRUE_NEGATIVE
East Uttar Pradesh,2003,11.0,3,0.0,341.4000000000002,1022.9,1089.7,4.511965811965812,-4.511965811965812,-100.0,4.511965811965812,0,-0.4337636470206777,0,2003-11-01,7.6,333.8,301.4,642.8000000000002,1024.9,1091.1,-293.79999999999995,-0.5000000000000004,0.8660254037844384,0,NOV,0,0.0060419985,0,TRUE_NEGATIVE
