subdivision,year,month,season,rainfall_mm,rainfall_3m,rainfall_6m,rainfall_12m,historical_monthly_mean,rainfall_anomaly,rainfall_anomaly_pct,rainfall_deficit_mm,rainfall_missing,rainfall_zscore,target_3m_stress,date,rainfall_lag_1m,rainfall_lag_2m,rainfall_lag_3m,rainfall_prev_3m,rainfall_prev_6m,rainfall_prev_12m,rainfall_trend_3m,month_sin,month_cos,target_3m_severe_anomaly,original_month,actual,predicted_probability,predicted,error_type
Assam & Meghalaya,2009,3.0,1,44.9,64.39999999999978,201.5999999999996,2252.3,79.22136752136751,-34.32136752136751,-43.32337170538035,34.32136752136751,0,-0.7090655995307177,0,2009-03-01,11.6,7.9,1.6,21.09999999999977,424.19999999999953,2314.9,10.0,1.0,6.123233995736766e-17,1,MAR,1,0.8157835,1,TRUE_POSITIVE
Naga Mani Mizo Tripura,2005,3.0,1,118.6,140.00000000000023,279.6,2475.2,77.44273504273504,41.15726495726496,53.14541762316794,0.0,0,0.6822691153243974,0,2005-03-01,15.0,6.4,0.5,21.900000000000222,512.0,2367.6,14.5,1.0,6.123233995736766e-17,1,MAR,1,0.70118976,1,TRUE_POSITIVE
Naga Mani Mizo Tripura,2003,4.0,1,158.9,248.40000000000023,330.1,2265.6,171.34444444444443,-12.444444444444429,-7.262823422605528,12.444444444444429,0,-0.1583776194976012,0,2003-04-01,78.0,11.5,3.8,93.30000000000022,270.1000000000001,2250.5,74.2,0.8660254037844387,-0.4999999999999998,1,APR,1,0.6980849,1,TRUE_POSITIVE
Naga Mani Mizo Tripura,2013,3.0,1,19.7,25.60000000000017,218.9,1893.6,77.44273504273504,-57.74273504273504,-74.56184884336923,57.74273504273504,0,-0.9572085218715156,0,2013-03-01,5.7,0.2,0.4,6.30000000000017,447.9,1894.2,5.3,1.0,6.123233995736766e-17,1,MAR,1,0.6931628,1,TRUE_POSITIVE
Assam & Meghalaya,2013,3.0,1,44.0,54.69999999999989,273.49999999999943,2613.2000000000003,79.22136752136751,-35.22136752136751,-44.459428842688986,35.22136752136751,0,-0.7276592362551385,1,2013-03-01,9.6,1.1,2.3,12.999999999999886,641.0999999999995,2598.0000000000005,7.3,1.0,6.123233995736766e-17,1,MAR,1,0.6812946,1,TRUE_POSITIVE
Sub Himalayan West Bengal & Sikkim,2014,5.0,1,308.6,394.2000000000014,423.70000000000095,2357.2000000000003,268.4786324786325,40.12136752136752,14.94397045715013,0.0,0,0.5783414203382959,0,2014-05-01,47.9,37.7,26.6,112.20000000000137,131.2000000000009,2345.1000000000004,21.3,0.4999999999999999,-0.8660254037844387,1,MAY,1,0.6792636,1,TRUE_POSITIVE
Coastal Karnataka,2009,5.0,1,100.7,160.39999999999944,174.30000000000047,3093.3,122.5974358974359,-21.89743589743589,-17.86125112417125,21.89743589743589,0,-0.1761136614799058,0,2009-05-01,24.5,35.2,0.0,59.69999999999944,92.90000000000046,3056.9,24.5,0.4999999999999999,-0.8660254037844387,1,MAY,1,0.67325926,1,TRUE_POSITIVE
Coastal Karnataka,2002,5.0,1,164.0,195.39999999999955,207.80000000000024,3089.2,122.5974358974359,41.4025641025641,33.77115010561981,0.0,0,0.3329868023320889,0,2002-05-01,30.9,0.5,11.2,42.59999999999954,92.40000000000023,3082.1,19.7,0.4999999999999999,-0.8660254037844387,1,MAY,1,0.6701898,1,TRUE_POSITIVE
Kerala,2002,5.0,1,330.8,483.7999999999996,507.30000000000047,2899.8,229.98376068376064,100.81623931623936,43.83624261839373,0.0,0,0.6811404718439633,0,2002-05-01,117.3,35.7,8.7,161.69999999999953,357.50000000000045,2807.6000000000004,108.6,0.4999999999999999,-0.8660254037844387,1,MAY,1,0.6678151,1,TRUE_POSITIVE
Konkan & Goa,2002,5.0,1,9.4,12.300000000000455,12.300000000000228,2339.699999999999,33.36239316239316,-23.962393162393163,-71.82456320131168,23.962393162393163,0,-0.4137931456704194,0,2002-05-01,2.8,0.1,0.0,2.9000000000004547,6.000000000000227,2389.8999999999987,2.8,0.4999999999999999,-0.8660254037844387,1,MAY,1,0.66203576,1,TRUE_POSITIVE
Assam & Meghalaya,2015,4.0,1,250.9,303.89999999999986,320.6999999999994,2412.4,205.1025641025641,45.79743589743589,22.32904113014126,0.0,0,0.6086823482998855,0,2015-04-01,37.5,15.5,13.4,66.39999999999989,104.79999999999944,2213.0,24.1,0.8660254037844387,-0.4999999999999998,1,APR,1,0.6598684,1,TRUE_POSITIVE
Orissa,2009,5.0,1,68.2,71.99999999999949,74.4,1492.4,64.88888888888889,3.311111111111117,5.102739726027407,0.0,0,0.0837679956585015,0,2009-05-01,1.1,2.7,0.5,4.299999999999489,8.9,1461.6,0.6000000000000001,0.4999999999999999,-0.8660254037844387,1,MAY,1,0.6586329,1,TRUE_POSITIVE
Orissa,2011,6.0,2,210.1,343.8999999999995,368.7,1398.1,210.45042735042736,-0.3504273504273669,-0.1665130144135368,0.3504273504273669,0,-0.0045500942696625,0,2011-06-01,75.6,58.2,4.9,138.69999999999953,195.8,1334.4,70.69999999999999,1.2246467991473532e-16,-1.0,1,JUN,1,0.654542,1,TRUE_POSITIVE
Orissa,2005,6.0,2,199.4,265.19999999999936,322.9,1296.8000000000002,210.45042735042736,-11.050427350427356,-5.250845764274432,11.050427350427356,0,-0.143483338566986,0,2005-06-01,44.9,20.9,24.3,90.09999999999935,123.5,1313.8,20.6,1.2246467991473532e-16,-1.0,1,JUN,1,0.64953506,1,TRUE_POSITIVE
Naga Mani Mizo Tripura,2003,5.0,1,265.6,502.5000000000002,523.8000000000001,2092.5,289.9905982905983,-24.39059829059829,-8.41082381096941,24.39059829059829,0,-0.2176970388140241,0,2003-05-01,158.9,78.0,11.5,248.40000000000023,330.1,2265.6,147.4,0.4999999999999999,-0.8660254037844387,1,MAY,1,0.64929503,1,TRUE_POSITIVE
Coastal Karnataka,2014,5.0,1,181.9,224.29999999999976,234.60000000000045,4284.2,122.5974358974359,59.302564102564105,48.37178173300149,0.0,0,0.4769504405980401,0,2014-05-01,40.5,1.9,0.3,42.699999999999775,109.60000000000043,4202.7,40.2,0.4999999999999999,-0.8660254037844387,1,MAY,1,0.6482248,1,TRUE_POSITIVE
Assam & Meghalaya,2006,5.0,1,325.7,515.4999999999999,558.3999999999995,2311.1,340.8495726495727,-15.14957264957269,-4.444650621624208,15.14957264957269,0,-0.144178742832046,1,2006-05-01,169.0,20.8,40.9,230.69999999999987,241.59999999999957,2266.6000000000004,128.1,0.4999999999999999,-0.8660254037844387,1,MAY,1,0.6476848,1,TRUE_POSITIVE
Assam & Meghalaya,2009,4.0,1,134.9,191.3999999999997,203.0999999999996,2231.0000000000005,205.1025641025641,-70.20256410256411,-34.228028503562946,70.20256410256411,0,-0.9330448471027688,0,2009-04-01,44.9,11.6,7.9,64.39999999999978,201.5999999999996,2252.3,37.0,0.8660254037844387,-0.4999999999999998,1,APR,1,0.6470336,1,TRUE_POSITIVE
Gangetic West Bengal,2000,6.0,2,205.6,474.60000000000025,545.8000000000001,2003.2,246.1025641025641,-40.50256410256412,-16.457595332360917,40.50256410256412,0,-0.4084016076063458,0,2000-06-01,215.0,54.0,3.8,272.8000000000003,340.2000000000001,2066.4,211.2,1.2246467991473532e-16,-1.0,1,JUN,1,0.6458118,1,TRUE_POSITIVE
East Madhya Pradesh,2017,6.0,2,119.0,130.39999999999944,143.70000000000056,1326.8000000000002,140.4820512820513,-21.482051282051287,-15.291669708695338,21.482051282051287,0,-0.2726350480582225,0,2017-06-01,11.4,0.0,2.0,13.399999999999434,24.700000000000568,1306.8000000000002,9.4,1.2246467991473532e-16,-1.0,1,JUN,1,0.64535034,1,TRUE_POSITIVE
Sub Himalayan West Bengal & Sikkim,2015,4.0,1,149.0,228.8000000000013,252.2000000000009,2454.6000000000004,110.91111111111113,38.08888888888889,34.341815267481465,0.0,0,0.6885874312630178,0,2015-04-01,64.8,15.0,15.7,95.50000000000124,134.4000000000009,2353.5000000000005,49.1,0.8660254037844387,-0.4999999999999998,1,APR,1,0.64379215,1,TRUE_POSITIVE
Orissa,2002,6.0,2,182.4,274.9999999999993,300.0,1502.6,210.45042735042736,-28.05042735042736,-13.328757609847823,28.05042735042736,0,-0.3642183996001172,0,2002-06-01,67.5,25.1,13.1,105.69999999999932,117.6,1656.3,54.4,1.2246467991473532e-16,-1.0,1,JUN,1,0.6428977,1,TRUE_POSITIVE
Jharkhand,2000,6.0,2,185.3,272.6,303.7000000000003,1552.7,193.30427350427348,-8.00427350427347,-4.140763863710709,8.00427350427347,0,-0.0920680655064222,0,2000-06-01,67.7,19.6,6.3,93.6,118.60000000000028,1607.6,61.400000000000006,1.2246467991473532e-16,-1.0,1,JUN,1,0.64080274,1,TRUE_POSITIVE
Assam & Meghalaya,2009,5.0,1,246.5,426.2999999999998,447.3999999999995,2266.9,340.8495726495727,-94.34957264957268,-27.680707332607817,94.34957264957268,0,-0.8979265016917738,0,2009-05-01,134.9,44.9,11.6,191.39999999999975,203.09999999999957,2231.0000000000005,123.3,0.4999999999999999,-0.8660254037844387,1,MAY,1,0.6345945,1,TRUE_POSITIVE
Gangetic West Bengal,2009,5.0,1,229.0,249.50000000000023,253.5,1598.1999999999998,107.8102564102564,121.1897435897436,112.41021738096372,0.0,0,2.3968784379675245,0,2009-05-01,2.6,17.9,1.4,21.90000000000023,24.5,1463.6,1.2000000000000002,0.4999999999999999,-0.8660254037844387,1,MAY,1,0.6339564,1,TRUE_POSITIVE
Naga Mani Mizo Tripura,2013,5.0,1,348.9,428.90000000000015,435.2,1895.8,289.9905982905983,58.90940170940166,20.31424537783422,0.0,0,0.5257928550029011,0,2013-05-01,60.3,19.7,5.7,85.70000000000016,118.3,1710.4,54.6,0.4999999999999999,-0.8660254037844387,1,MAY,1,0.6338689,1,TRUE_POSITIVE
Chhattisgarh,2015,6.0,2,257.6,307.6000000000005,345.79999999999995,1424.4999999999998,197.85982905982905,59.74017094017097,30.193178283858053,0.0,0,0.6682940163606165,0,2015-06-01,13.0,37.0,21.2,71.20000000000046,89.29999999999995,1271.8,-8.2,1.2246467991473532e-16,-1.0,1,JUN,1,0.6335575,1,TRUE_POSITIVE
Orissa,2011,5.0,1,75.6,138.69999999999953,195.8,1334.4,64.88888888888889,10.711111111111109,16.50684931506849,0.0,0,0.2709810329355546,0,2011-05-01,58.2,4.9,16.2,79.29999999999954,155.8,1351.8,42.0,0.4999999999999999,-0.8660254037844387,1,MAY,1,0.63135177,1,TRUE_POSITIVE
East Madhya Pradesh,2004,6.0,2,208.1,213.69999999999948,233.90000000000063,1488.1,140.4820512820513,67.6179487179487,48.13280280353361,0.0,0,0.8581593282816166,0,2004-06-01,3.9,1.7,0.0,5.599999999999488,28.700000000000625,1399.9000000000003,3.9,1.2246467991473532e-16,-1.0,1,JUN,1,0.62690765,1,TRUE_POSITIVE
Kerala,2016,3.0,1,22.4,41.79999999999954,652.9000000000007,2583.5,37.12735042735042,-14.727350427350425,-39.66711940882616,14.727350427350425,0,-0.4834935813836928,0,2016-03-01,16.4,3.0,79.4,98.79999999999956,923.4000000000004,2611.2000000000003,-63.00000000000001,1.0,6.123233995736766e-17,1,MAR,1,0.6232288,1,TRUE_POSITIVE
Assam & Meghalaya,2006,6.0,2,395.9,890.5999999999998,952.9999999999995,2333.1000000000004,508.7418803418804,-112.84188034188035,-22.18057618257206,112.84188034188035,0,-1.0629723626568024,1,2006-06-01,325.7,169.0,20.8,515.4999999999999,558.3999999999995,2311.1,304.9,1.2246467991473532e-16,-1.0,1,JUN,1,0.62093544,1,TRUE_POSITIVE
Orissa,2002,5.0,1,67.5,105.69999999999932,117.6,1656.3,64.88888888888889,2.6111111111111143,4.023972602739731,0.0,0,0.0660586542944558,0,2002-05-01,25.1,13.1,0.2,38.39999999999933,68.8,1659.8,24.9,0.4999999999999999,-0.8660254037844387,1,MAY,1,0.6193984,1,TRUE_POSITIVE
Sub Himalayan West Bengal & Sikkim,2015,5.0,1,304.6,518.4000000000012,551.5000000000009,2450.6000000000004,268.4786324786325,36.12136752136752,13.454093976824142,0.0,0,0.520682227138534,0,2015-05-01,149.0,64.8,15.0,228.8000000000013,252.2000000000009,2454.6000000000004,134.0,0.4999999999999999,-0.8660254037844387,1,MAY,1,0.6179332,1,TRUE_POSITIVE
Gangetic West Bengal,2000,5.0,1,215.0,272.8000000000003,340.2000000000001,2066.4,107.8102564102564,107.1897435897436,99.42443989915807,0.0,0,2.1199878601217503,0,2000-05-01,54.0,3.8,57.9,115.70000000000029,138.9000000000001,2069.3,-3.899999999999999,0.4999999999999999,-0.8660254037844387,1,MAY,1,0.61771816,1,TRUE_POSITIVE
Konkan & Goa,2015,6.0,2,764.0,778.9000000000004,818.4000000000011,3307.499999999999,690.8752136752137,73.12478632478633,10.58436963395866,0.0,0,0.3724594103639761,0,2015-06-01,11.3,3.6,36.8,51.70000000000045,66.10000000000113,2781.7,-25.5,1.2246467991473532e-16,-1.0,1,JUN,1,0.61730224,1,TRUE_POSITIVE
West Madhya Pradesh,2000,6.0,2,93.4,123.59999999999972,123.8,1013.1000000000004,111.84615384615384,-18.44615384615384,-16.492434662998615,18.44615384615384,0,-0.3059132882052608,0,2000-06-01,30.1,0.1,0.1,30.29999999999972,30.4,1046.7000000000005,30.0,1.2246467991473532e-16,-1.0,1,JUN,1,0.611283,1,TRUE_POSITIVE
Chhattisgarh,2002,6.0,2,196.3,231.70000000000056,290.2999999999998,1501.1,197.85982905982905,-1.559829059829042,-0.788350554653203,1.559829059829042,0,-0.0174493043930712,0,2002-06-01,32.1,3.3,12.2,47.60000000000057,93.99999999999976,1644.1999999999998,19.9,1.2246467991473532e-16,-1.0,1,JUN,1,0.61011416,1,TRUE_POSITIVE
Assam & Meghalaya,2011,5.0,1,238.3,439.39999999999975,469.4999999999994,2287.4000000000005,340.8495726495727,-102.54957264957268,-30.08646067894703,102.54957264957268,0,-0.975966042381796,0,2011-05-01,92.1,109.0,11.4,212.49999999999977,242.79999999999944,2442.5000000000005,80.69999999999999,0.4999999999999999,-0.8660254037844387,1,MAY,1,0.6064925,1,TRUE_POSITIVE
Lakshadweep,2002,5.0,1,189.8,220.40000000000023,264.5999999999999,1311.9,162.97543859649124,26.824561403508767,16.45926627626593,0.0,0,0.2469795939708234,0,2002-05-01,23.4,7.2,16.8,47.40000000000023,176.2999999999999,1309.3999999999996,6.599999999999998,0.4999999999999999,-0.8660254037844387,1,MAY,1,0.60463333,1,TRUE_POSITIVE
Assam & Meghalaya,2013,5.0,1,346.7,503.4999999999999,516.4999999999994,2607.8,340.8495726495727,5.85042735042731,1.7164250214396284,0.0,0,0.0556786174716697,1,2013-05-01,112.8,44.0,9.6,166.3999999999999,186.89999999999944,2446.9,103.2,0.4999999999999999,-0.8660254037844387,1,MAY,1,0.60256773,1,TRUE_POSITIVE
Naga Mani Mizo Tripura,2005,5.0,1,237.0,453.7000000000002,475.6,2257.8,289.9905982905983,-52.99059829059832,-18.27321251204726,52.99059829059832,0,-0.4729648775074705,0,2005-05-01,98.1,118.6,15.0,231.70000000000024,245.0,2231.8,83.1,0.4999999999999999,-0.8660254037844387,1,MAY,1,0.60206467,1,TRUE_POSITIVE
Konkan & Goa,2009,7.0,2,1271.2,1607.4000000000003,1607.8000000000006,3052.699999999999,1075.394017094017,195.805982905983,18.207836364488955,0.0,0,0.7152916355454502,0,2009-07-01,330.6,5.6,0.1,336.30000000000024,336.6000000000007,2548.099999999999,330.5,-0.4999999999999997,-0.8660254037844388,1,JUL,1,0.60171825,1,TRUE_POSITIVE
Coastal Andhra Pradesh,2002,6.0,2,115.2,184.9999999999999,220.30000000000035,979.3,124.47435897435898,-9.274358974358975,-7.450818827891648,9.274358974358975,0,-0.1833580693680054,0,2002-06-01,35.0,34.8,7.3,77.09999999999988,109.20000000000032,981.3,27.7,1.2246467991473532e-16,-1.0,1,JUN,1,0.5984606,1,TRUE_POSITIVE
South Interior Karnataka,2002,6.0,2,131.9,229.70000000000005,245.40000000000003,920.3,141.39145299145298,-9.491452991452974,-6.712890199966136,9.491452991452974,0,-0.2069720671321237,0,2002-06-01,77.2,20.6,2.3,100.1,115.6,915.6,74.9,1.2246467991473532e-16,-1.0,1,JUN,1,0.597986,1,TRUE_POSITIVE
Konkan & Goa,2009,5.0,1,5.6,6.000000000000227,8.40000000000068,3015.9999999999995,33.36239316239316,-27.76239316239316,-83.21463339652611,27.76239316239316,0,-0.479413217208823,0,2009-05-01,0.1,0.3,0.0,0.4000000000002274,3.700000000000682,3021.499999999999,0.1,0.4999999999999999,-0.8660254037844387,1,MAY,1,0.5973223,1,TRUE_POSITIVE
Konkan & Goa,2015,5.0,1,11.3,51.70000000000045,66.10000000000113,2781.7,33.36239316239316,-22.06239316239316,-66.12952810370446,22.06239316239316,0,-0.3809831099012176,0,2015-05-01,3.6,36.8,0.0,40.40000000000045,62.800000000001134,2791.699999999999,3.6,0.4999999999999999,-0.8660254037844387,1,MAY,1,0.5971569,1,TRUE_POSITIVE
Himachal Pradesh,2000,5.0,1,79.9,173.5999999999998,413.3000000000002,1253.4,58.29230769230769,21.60769230769232,37.06782792293483,0.0,0,0.6412059388652823,0,2000-05-01,25.6,68.1,119.0,212.6999999999998,362.3000000000002,1271.8000000000002,-93.4,0.4999999999999999,-0.8660254037844387,1,MAY,1,0.5941634,1,TRUE_POSITIVE
Telangana,2002,6.0,2,143.2,182.9000000000002,219.3999999999997,882.9,143.082905982906,0.11709401709399,0.0818364823454027,0.0,0,0.0020297007285345,0,2002-06-01,32.0,7.7,7.6,47.30000000000023,76.19999999999972,923.6,24.4,1.2246467991473532e-16,-1.0,1,JUN,1,0.5941556,1,TRUE_POSITIVE
Assam & Meghalaya,2011,2.0,0,11.4,30.09999999999977,476.1999999999994,2730.3,31.363247863247864,-19.963247863247865,-63.65172366807468,19.963247863247865,0,-0.9579202108214456,0,2011-02-01,11.1,7.6,11.6,30.29999999999977,851.7999999999995,2722.0000000000005,-0.5,0.8660254037844386,0.5000000000000001,1,FEB,1,0.5934081,1,TRUE_POSITIVE
Jharkhand,2004,6.0,2,184.4,256.49999999999994,267.80000000000024,1253.5,193.30427350427348,-8.904273504273476,-4.60635108725448,8.904273504273476,0,-0.1024201928933164,0,2004-06-01,31.1,41.0,3.1,75.19999999999993,90.80000000000022,1221.5,28.0,1.2246467991473532e-16,-1.0,1,JUN,1,0.5924903,1,TRUE_POSITIVE
Orissa,2005,5.0,1,44.9,90.09999999999935,123.5,1313.8,64.88888888888889,-19.988888888888887,-30.804794520547947,19.988888888888887,0,-0.5057000811733017,0,2005-05-01,20.9,24.3,4.0,49.19999999999938,80.4,1298.6,16.9,0.4999999999999999,-0.8660254037844387,1,MAY,1,0.59167415,1,TRUE_POSITIVE
South Interior Karnataka,2015,6.0,2,218.7,424.5,450.8,1330.4,141.39145299145298,77.30854700854701,54.6769591604807,0.0,0,1.6858019310371686,0,2015-06-01,125.3,80.5,24.4,230.20000000000005,250.79999999999995,1218.5,100.9,1.2246467991473532e-16,-1.0,1,JUN,1,0.59163105,1,TRUE_POSITIVE
Jharkhand,2002,5.0,1,38.7,60.900000000000006,75.30000000000022,1222.5000000000002,48.59145299145299,-9.891452991452988,-20.356363892211345,9.891452991452988,0,-0.3470373093971741,0,2002-05-01,11.5,10.7,5.4,27.6,36.80000000000023,1241.2,6.1,0.4999999999999999,-0.8660254037844387,1,MAY,1,0.58894074,1,TRUE_POSITIVE
Lakshadweep,2000,6.0,2,225.4,477.90000000000015,583.4999999999999,1655.2999999999995,329.2745614035088,-103.8745614035088,-31.546488426178765,103.8745614035088,0,-1.0094286366770613,0,2000-06-01,204.6,47.9,3.4,255.90000000000012,407.0999999999999,1709.4999999999998,201.2,1.2246467991473532e-16,-1.0,1,JUN,1,0.5878632,1,TRUE_POSITIVE
Lakshadweep,2002,6.0,2,261.8,475.0000000000002,509.8,1289.8,329.2745614035088,-67.4745614035088,-20.49188407264242,67.4745614035088,0,-0.6557019698340292,0,2002-06-01,189.8,23.4,7.2,220.40000000000023,264.5999999999999,1311.9,182.6,1.2246467991473532e-16,-1.0,1,JUN,1,0.58742046,1,TRUE_POSITIVE
Jharkhand,2000,7.0,2,358.4,611.4,658.5000000000002,1495.1,337.9940170940171,20.405982905982853,6.037379916197358,0.0,0,0.2267949525040739,0,2000-07-01,185.3,67.7,19.6,272.6,303.7000000000003,1552.7,165.70000000000002,-0.4999999999999997,-0.8660254037844388,1,JUL,1,0.5871381,1,TRUE_POSITIVE
Arunachal Pradesh,2014,3.0,1,80.3,201.2000000000009,393.1999999999992,2070.0,153.9721649484536,-73.67216494845361,-47.84771648376665,73.67216494845361,0,-0.8606407075622367,0,2014-03-01,101.9,19.0,14.6,135.5000000000009,628.9999999999992,2104.8,87.30000000000001,1.0,6.123233995736766e-17,1,MAR,1,0.58497745,1,TRUE_POSITIVE
Lakshadweep,2000,5.0,1,204.6,255.9000000000001,407.0999999999999,1709.4999999999998,162.97543859649124,41.62456140350875,25.5403892524974,0.0,0,0.3832464255429531,0,2000-05-01,47.9,3.4,18.9,70.20000000000016,253.69999999999987,1921.6,29.0,0.4999999999999999,-0.8660254037844387,1,MAY,1,0.58493173,1,TRUE_POSITIVE
Jharkhand,2000,5.0,1,67.7,93.6,118.60000000000028,1607.6,48.59145299145299,19.108547008547013,39.32491381129953,0.0,0,0.6704150286176986,0,2000-05-01,19.6,6.3,21.2,47.1,54.20000000000029,1635.3,-1.599999999999998,0.4999999999999999,-0.8660254037844387,1,MAY,1,0.58440024,1,TRUE_POSITIVE
Bihar,2006,6.0,2,200.0,292.4000000000003,294.39999999999964,1043.1,173.15897435897435,26.84102564102565,15.50079962092046,0.0,0,0.3528202633843705,0,2006-06-01,73.2,19.2,1.9,94.30000000000034,94.59999999999964,925.6,71.3,1.2246467991473532e-16,-1.0,1,JUN,1,0.580953,1,TRUE_POSITIVE
Assam & Meghalaya,2006,7.0,2,350.3,1071.9,1302.5999999999997,2208.9,494.5658119658119,-144.2658119658119,-29.17019504287624,144.2658119658119,0,-1.1751559512446397,1,2006-07-01,395.9,325.7,169.0,890.5999999999998,952.9999999999995,2333.1000000000004,226.9,-0.4999999999999997,-0.8660254037844388,1,JUL,1,0.57891625,1,TRUE_POSITIVE
Jharkhand,2002,6.0,2,184.9,235.1,260.2000000000002,1082.7,193.30427350427348,-8.404273504273476,-4.347691518619054,8.404273504273476,0,-0.0966690110117086,0,2002-06-01,38.7,11.5,10.7,60.900000000000006,75.30000000000022,1222.5000000000002,28.000000000000004,1.2246467991473532e-16,-1.0,1,JUN,1,0.5784299,1,TRUE_POSITIVE
Tamil Nadu,2016,6.0,2,63.0,171.7999999999999,178.20000000000005,1066.9,52.11452991452991,10.88547008547009,20.887591432413824,0.0,0,0.5728617154467454,1,2016-06-01,102.5,6.3,3.1,111.89999999999988,268.00000000000006,1066.3,99.4,1.2246467991473532e-16,-1.0,1,JUN,1,0.5778407,1,TRUE_POSITIVE
Sub Himalayan West Bengal & Sikkim,2016,5.0,1,233.7,434.0000000000013,470.8000000000009,2431.2,268.4786324786325,-34.77863247863252,-12.953966636954044,34.77863247863252,0,-0.501326972327247,0,2016-05-01,101.4,98.9,7.1,207.40000000000128,260.90000000000094,2502.1,94.3,0.4999999999999999,-0.8660254037844387,1,MAY,1,0.5762752,1,TRUE_POSITIVE
Tamil Nadu,2001,7.0,2,37.2,122.09999999999994,239.79999999999995,925.3,71.19658119658119,-33.99658119658119,-47.75030012004801,33.99658119658119,0,-1.0986336946691162,1,2001-07-01,39.9,45.0,93.8,178.69999999999993,224.39999999999995,933.9,-53.9,-0.4999999999999997,-0.8660254037844388,1,JUL,1,0.57610506,1,TRUE_POSITIVE
Sub Himalayan West Bengal & Sikkim,2001,5.0,1,347.2,532.2000000000014,557.9000000000007,2851.2,268.4786324786325,78.72136752136748,29.32127849229592,0.0,0,1.1347526347159982,0,2001-05-01,134.8,50.2,20.5,205.50000000000148,233.3000000000007,2830.5,114.3,0.4999999999999999,-0.8660254037844387,1,MAY,1,0.57562435,1,TRUE_POSITIVE
East Madhya Pradesh,2004,5.0,1,3.9,5.599999999999488,28.700000000000625,1399.9000000000003,9.364957264957264,-5.464957264957265,-58.35538924888199,5.464957264957265,0,-0.4528432474525274,0,2004-05-01,1.7,0.0,0.4,2.0999999999994885,25.300000000000622,1396.4,1.2999999999999998,0.4999999999999999,-0.8660254037844387,1,MAY,1,0.57490045,1,TRUE_POSITIVE
South Interior Karnataka,2015,5.0,1,125.3,230.20000000000005,250.79999999999995,1218.5,92.51623931623932,32.78376068376069,35.435682347289465,0.0,0,0.85920313564486,0,2015-05-01,80.5,24.4,0.2,105.10000000000004,145.69999999999993,1223.7,80.3,0.4999999999999999,-0.8660254037844387,1,MAY,1,0.57487154,1,TRUE_POSITIVE
Sub Himalayan West Bengal & Sikkim,2001,4.0,1,134.8,205.50000000000148,233.3000000000007,2830.5,110.91111111111113,23.8888888888889,21.538769785614114,0.0,0,0.4318736806346233,0,2001-04-01,50.2,20.5,4.0,74.70000000000148,181.4000000000007,2880.8,46.2,0.8660254037844387,-0.4999999999999998,1,APR,1,0.57474613,1,TRUE_POSITIVE
Assam & Meghalaya,2015,5.0,1,332.5,620.8999999999999,650.1999999999994,2393.8,340.8495726495727,-8.349572649572679,-2.449635651489248,8.349572649572679,0,-0.0794630261622713,0,2015-05-01,250.9,37.5,15.5,303.89999999999986,320.6999999999994,2412.4,235.4,0.4999999999999999,-0.8660254037844387,1,MAY,1,0.5741326,1,TRUE_POSITIVE
Kerala,2002,4.0,1,117.3,161.69999999999953,357.50000000000045,2807.6000000000004,109.41965811965812,7.880341880341874,7.20194343115582,0.0,0,0.1744625458280309,0,2002-04-01,35.7,8.7,4.7,49.09999999999955,559.8000000000005,2928.3,31.000000000000004,0.8660254037844387,-0.4999999999999998,1,APR,1,0.5715604,1,TRUE_POSITIVE
Vidarbha,2000,6.0,2,235.9,264.7999999999996,281.4000000000002,1163.0000000000002,173.2888888888889,62.61111111111112,36.13105924596051,0.0,0,0.814331276044092,0,2000-06-01,28.8,0.1,0.1,28.9999999999996,45.50000000000017,1155.9,28.7,1.2246467991473532e-16,-1.0,1,JUN,1,0.5706865,1,TRUE_POSITIVE
Vidarbha,2015,5.0,1,12.8,107.19999999999956,140.50000000000043,981.5,11.522222222222222,1.2777777777777786,11.08968177434909,0.0,0,0.0882231119064755,0,2015-05-01,28.1,66.3,4.7,99.09999999999954,133.90000000000046,972.7,23.4,0.4999999999999999,-0.8660254037844387,1,MAY,1,0.57035077,1,TRUE_POSITIVE
Konkan & Goa,2014,5.0,1,21.3,23.80000000000045,31.90000000000113,3528.3999999999987,33.36239316239316,-12.06239316239316,-36.15565916892965,12.06239316239316,0,-0.2082987111159448,0,2014-05-01,0.7,1.8,5.3,7.800000000000455,12.700000000001136,3525.599999999999,-4.6,0.4999999999999999,-0.8660254037844387,1,MAY,1,0.5699867,1,TRUE_POSITIVE
Konkan & Goa,2009,6.0,2,330.6,336.30000000000024,336.6000000000007,2548.099999999999,690.8752136752137,-360.27521367521365,-52.14765366362992,360.27521367521365,0,-1.8350534804741208,0,2009-06-01,5.6,0.1,0.3,6.000000000000227,8.40000000000068,3015.9999999999995,5.3,1.2246467991473532e-16,-1.0,1,JUN,1,0.5697914,1,TRUE_POSITIVE
Assam & Meghalaya,2011,8.0,2,302.6,1014.4,1453.7999999999993,1930.0,403.3897435897436,-100.78974358974358,-24.98569812232237,100.78974358974358,0,-0.9899582524678888,0,2011-08-01,395.8,316.0,238.3,950.0999999999996,1162.5999999999997,2014.4000000000003,157.5,-0.8660254037844385,-0.5000000000000004,1,AUG,1,0.56927377,1,TRUE_POSITIVE
Assam & Meghalaya,2014,9.0,2,420.2,1279.1999999999998,2108.2,2297.1,310.6931623931624,109.50683760683762,35.24597605024333,0.0,0,1.2744177094069762,0,2014-09-01,484.6,374.4,426.4,1285.4,1717.2999999999995,2106.2000000000003,58.200000000000045,-1.0,-1.8369701987210294e-16,1,SEP,1,0.56912684,1,TRUE_POSITIVE
Konkan & Goa,2002,4.0,1,2.8,2.9000000000004547,6.000000000000227,2389.8999999999987,4.195726495726496,-1.395726495726496,-33.26543084131188,1.395726495726496,0,-0.154390433883496,0,2002-04-01,0.1,0.0,0.0,0.1000000000004547,94.80000000000022,2389.899999999999,0.1,0.8660254037844387,-0.4999999999999998,1,APR,1,0.56724095,1,TRUE_POSITIVE
Uttarakhand,2009,6.0,2,41.9,137.89999999999986,186.0999999999992,971.6,162.7641025641026,-120.86410256410258,-74.25722297488893,120.86410256410258,0,-1.4129549661944318,1,2009-06-01,77.6,18.4,18.8,114.79999999999988,144.7999999999992,1262.1,58.8,1.2246467991473532e-16,-1.0,1,JUN,1,0.56700283,1,TRUE_POSITIVE
Uttarakhand,2002,5.0,1,82.3,258.5999999999998,450.6999999999992,1688.6999999999998,56.16581196581196,26.134188034188035,46.53041969747695,0.0,0,0.7096093669191821,0,2002-05-01,76.3,100.0,123.2,299.49999999999983,369.7999999999992,1715.5,-46.900000000000006,0.4999999999999999,-0.8660254037844387,1,MAY,1,0.5653305,1,TRUE_POSITIVE
Orissa,2001,6.0,2,336.1,435.7999999999993,469.9,1202.1,210.45042735042736,125.64957264957266,59.705068899836334,0.0,0,1.631486240446486,0,2001-06-01,71.0,28.7,32.3,131.99999999999932,133.9,1099.7,38.7,1.2246467991473532e-16,-1.0,1,JUN,1,0.56517786,1,TRUE_POSITIVE
Chhattisgarh,2002,5.0,1,32.1,47.60000000000057,93.99999999999976,1644.1999999999998,20.98974358974359,11.110256410256412,52.93183483997069,0.0,0,0.5430673387149304,0,2002-05-01,3.3,12.2,4.9,20.400000000000567,66.49999999999977,1628.7,-1.6000000000000003,0.4999999999999999,-0.8660254037844387,1,MAY,1,0.56343454,1,TRUE_POSITIVE
Assam & Meghalaya,2014,7.0,2,374.4,1151.9,1260.9999999999995,1911.3,494.5658119658119,-120.16581196581194,-24.29723386826397,120.16581196581194,0,-0.9788429229596892,0,2014-07-01,426.4,351.1,51.5,828.9999999999999,888.5999999999995,1904.7000000000005,374.9,-0.4999999999999997,-0.8660254037844388,1,JUL,1,0.5632135,1,TRUE_POSITIVE
Konkan & Goa,2002,6.0,2,942.0,954.2000000000004,954.3000000000002,2741.599999999999,690.8752136752137,251.1247863247864,36.34879083139929,0.0,0,1.2790982995406752,0,2002-06-01,9.4,2.8,0.1,12.300000000000455,12.300000000000228,2339.699999999999,9.3,1.2246467991473532e-16,-1.0,1,JUN,1,0.5622632,1,TRUE_POSITIVE
Uttarakhand,2009,5.0,1,77.6,114.79999999999988,144.7999999999992,1262.1,56.16581196581196,21.43418803418804,38.16233983626016,0.0,0,0.5819924683127594,1,2009-05-01,18.4,18.8,27.6,64.79999999999988,79.0999999999992,1251.8,-9.200000000000005,0.4999999999999999,-0.8660254037844387,1,MAY,1,0.5597932,1,TRUE_POSITIVE
Tamil Nadu,2016,7.0,2,86.8,252.2999999999999,262.50000000000006,1110.2,71.19658119658119,15.603418803418805,21.915966386554626,0.0,0,0.5042401631606847,1,2016-07-01,63.0,102.5,6.3,171.7999999999999,178.20000000000005,1066.9,56.7,-0.4999999999999997,-0.8660254037844388,1,JUL,1,0.5589547,1,TRUE_POSITIVE
Bihar,2006,7.0,2,290.7,563.9000000000003,584.9999999999995,1033.8000000000002,325.18888888888887,-34.48888888888888,-10.605801756244231,34.48888888888888,0,-0.3577839449456742,0,2006-07-01,200.0,73.2,19.2,292.4000000000003,294.39999999999964,1043.1,180.8,-0.4999999999999997,-0.8660254037844388,1,JUL,1,0.5586928,1,TRUE_POSITIVE
Jharkhand,2010,7.0,2,170.2,291.99999999999983,301.5000000000003,885.2,337.9940170940171,-167.79401709401714,-49.64407906881476,167.79401709401714,0,-1.8648862107077453,1,2010-07-01,92.6,29.2,6.3,128.09999999999982,131.50000000000028,981.6,86.3,-0.4999999999999997,-0.8660254037844388,1,JUL,1,0.5555861,1,TRUE_POSITIVE
Himachal Pradesh,2000,6.0,2,198.0,303.4999999999998,608.8000000000002,1346.7,91.57948717948716,106.42051282051284,116.20562213013775,0.0,0,2.185790895163515,0,2000-06-01,79.9,25.6,68.1,173.5999999999998,413.3000000000002,1253.4,11.800000000000011,1.2246467991473532e-16,-1.0,1,JUN,1,0.55520016,1,TRUE_POSITIVE
Andaman & Nicobar Islands,2003,5.0,1,296.3,464.8999999999997,646.9999999999992,2648.2,354.8297297297297,-58.529729729729695,-16.495159459809415,58.529729729729695,0,-0.3914534810684453,0,2003-05-01,19.4,149.2,7.9,176.49999999999963,657.399999999999,2718.6,11.499999999999998,0.4999999999999999,-0.8660254037844387,1,MAY,1,0.55371153,1,TRUE_POSITIVE
West Madhya Pradesh,2000,7.0,2,320.5,443.9999999999997,444.2000000000001,1049.6000000000004,304.0059829059829,16.494017094017124,5.425556739492879,0.0,0,0.1715534913575006,0,2000-07-01,93.4,30.1,0.1,123.59999999999972,123.8,1013.1000000000004,93.3,-0.4999999999999997,-0.8660254037844388,1,JUL,1,0.55309856,1,TRUE_POSITIVE
Coastal Karnataka,2009,4.0,1,24.5,59.69999999999944,92.90000000000046,3056.9,30.5017094017094,-6.001709401709402,-19.676632947571942,6.001709401709402,0,-0.2486726163658471,0,2009-04-01,35.2,0.0,0.4,35.59999999999943,160.00000000000043,3065.8,34.800000000000004,0.8660254037844387,-0.4999999999999998,1,APR,1,0.5525122,1,TRUE_POSITIVE
Naga Mani Mizo Tripura,2005,4.0,1,98.1,231.70000000000024,245.0,2231.8,171.34444444444443,-73.24444444444444,-42.746903573049735,73.24444444444444,0,-0.9321654176144542,0,2005-04-01,118.6,15.0,6.4,140.00000000000023,279.6,2475.2,112.2,0.8660254037844387,-0.4999999999999998,1,APR,1,0.5523192,1,TRUE_POSITIVE
Jharkhand,2010,6.0,2,92.6,128.09999999999982,131.50000000000028,981.6,193.30427350427348,-100.70427350427347,-52.096247888718906,100.70427350427347,0,-1.1583371863565128,1,2010-06-01,29.2,6.3,0.9,36.39999999999983,39.40000000000028,951.7,28.3,1.2246467991473532e-16,-1.0,1,JUN,1,0.5498886,1,TRUE_POSITIVE
Coastal Andhra Pradesh,2002,7.0,2,74.7,224.89999999999984,267.00000000000034,931.0,173.2863247863248,-98.5863247863248,-56.89215517028781,98.5863247863248,0,-1.842220994969624,0,2002-07-01,115.2,35.0,34.8,184.9999999999999,220.30000000000035,979.3,80.4,-0.4999999999999997,-0.8660254037844388,1,JUL,1,0.54982406,1,TRUE_POSITIVE
Coastal Karnataka,2002,6.0,2,764.5,959.3999999999996,971.7000000000004,2923.7,842.2820512820513,-77.78205128205127,-9.234679898931471,77.78205128205127,0,-0.4047474322465176,0,2002-06-01,164.0,30.9,0.5,195.39999999999955,207.80000000000024,3089.2,163.5,1.2246467991473532e-16,-1.0,1,JUN,1,0.54863465,1,TRUE_POSITIVE
Assam & Meghalaya,2016,5.0,1,334.0,725.8999999999999,775.8999999999994,2581.9,340.8495726495727,-6.849572649572679,-2.0095588198418315,6.849572649572679,0,-0.0651875004262916,0,2016-05-01,327.8,64.1,15.9,407.7999999999999,455.8999999999994,2580.4,311.90000000000003,0.4999999999999999,-0.8660254037844387,1,MAY,1,0.5484813,1,TRUE_POSITIVE
Himachal Pradesh,2005,7.0,2,317.2,422.1999999999998,823.6000000000003,1384.9,278.99829059829057,38.20170940170942,13.69245285330916,0.0,0,0.4026224081554762,0,2005-07-01,52.6,52.4,35.2,140.19999999999982,654.2000000000003,1209.0000000000002,17.4,-0.4999999999999997,-0.8660254037844388,1,JUL,1,0.54814,1,TRUE_POSITIVE
Gangetic West Bengal,2000,7.0,2,341.5,762.1000000000003,877.8000000000001,1939.5,327.8410256410257,13.65897435897432,4.166340784307579,0.0,0,0.1473462158209207,0,2000-07-01,205.6,215.0,54.0,474.60000000000025,545.8000000000001,2003.2,151.6,-0.4999999999999997,-0.8660254037844388,1,JUL,1,0.547814,1,TRUE_POSITIVE
North Interior Karnataka,2015,6.0,2,89.6,185.6999999999999,215.59999999999985,767.2,101.55811965811964,-11.958119658119656,-11.774656421736532,11.958119658119656,0,-0.3513006086776025,0,2015-06-01,45.3,50.8,27.5,123.59999999999992,140.09999999999982,728.0,17.799999999999997,1.2246467991473532e-16,-1.0,1,JUN,1,0.5473465,1,TRUE_POSITIVE
South Interior Karnataka,2016,5.0,1,92.0,104.00000000000006,112.39999999999992,988.4,92.51623931623932,-0.5162393162393073,-0.5579985957651137,0.5162393162393073,0,-0.0135296997661313,1,2016-05-01,8.8,3.2,0.4,12.400000000000055,158.49999999999991,1021.7,8.4,0.4999999999999999,-0.8660254037844387,1,MAY,1,0.54729545,1,TRUE_POSITIVE
Naga Mani Mizo Tripura,2003,6.0,2,590.9,1015.4000000000002,1108.7,2331.8,444.7726495726496,146.1273504273504,32.85439214118804,0.0,0,1.180894401804548,0,2003-06-01,265.6,158.9,78.0,502.5000000000002,523.8000000000001,2092.5,187.6,1.2246467991473532e-16,-1.0,1,JUN,1,0.5464927,1,TRUE_POSITIVE
Chhattisgarh,2000,5.0,1,9.3,11.400000000000626,14.599999999999888,1302.0,20.98974358974359,-11.689743589743587,-55.69264598094307,11.689743589743587,0,-0.5713925680132397,0,2000-05-01,1.5,0.6,0.0,2.1000000000006254,6.599999999999886,1324.2,1.5,0.4999999999999999,-0.8660254037844387,1,MAY,1,0.545944,1,TRUE_POSITIVE
Sub Himalayan West Bengal & Sikkim,2009,7.0,2,456.1,1115.4000000000017,1325.900000000001,2389.2,645.7008547008547,-189.6008547008547,-29.363574993050683,189.6008547008547,0,-1.1535361713553127,0,2009-07-01,350.6,308.7,115.2,774.5000000000014,875.8000000000009,2590.8,235.40000000000003,-0.4999999999999997,-0.8660254037844388,1,JUL,1,0.5453439,1,TRUE_POSITIVE
Orissa,2014,5.0,1,111.9,148.69999999999956,166.29999999999995,1674.1,64.88888888888889,47.01111111111112,72.44863013698631,0.0,0,1.189336877956776,0,2014-05-01,11.7,25.1,17.6,54.39999999999955,55.599999999999945,1619.9,-5.900000000000002,0.4999999999999999,-0.8660254037844387,1,MAY,1,0.5452098,1,TRUE_POSITIVE
Chhattisgarh,2015,5.0,1,13.0,71.20000000000046,89.29999999999995,1271.8,20.98974358974359,-7.98974358974359,-38.06498900561935,7.98974358974359,0,-0.3905372322722647,0,2015-05-01,37.0,21.2,1.2,59.40000000000046,78.89999999999995,1283.8,35.8,0.4999999999999999,-0.8660254037844387,1,MAY,1,0.5449259,1,TRUE_POSITIVE
Tamil Nadu,2001,6.0,2,39.9,178.69999999999993,224.39999999999995,933.9,52.11452991452991,-12.214529914529912,-23.437858759471247,12.214529914529912,0,-0.6428051802331528,1,2001-06-01,45.0,93.8,13.0,151.79999999999995,273.4,946.2,32.0,1.2246467991473532e-16,-1.0,1,JUN,1,0.5431402,1,TRUE_POSITIVE
South Interior Karnataka,2016,6.0,2,172.2,273.00000000000006,280.19999999999993,941.9,141.39145299145298,30.80854700854701,21.78953986024132,0.0,0,0.6718158605893332,1,2016-06-01,92.0,8.8,3.2,104.00000000000006,112.39999999999992,988.4,88.8,1.2246467991473532e-16,-1.0,1,JUN,1,0.5429013,1,TRUE_POSITIVE
Rayalseema,2004,6.0,2,39.8,224.6000000000004,252.0,873.5,65.4948717948718,-25.6948717948718,-39.23188349058452,25.6948717948718,0,-0.7475334703455578,0,2004-06-01,149.7,35.1,12.9,197.7000000000004,221.79999999999995,891.0999999999999,136.79999999999998,1.2246467991473532e-16,-1.0,1,JUN,1,0.5423442,1,TRUE_POSITIVE
Uttarakhand,2002,6.0,2,139.6,298.1999999999998,575.1999999999991,1531.0,162.7641025641026,-23.164102564102592,-14.231702322064352,23.164102564102592,0,-0.2707986330186586,0,2002-06-01,82.3,76.3,100.0,258.5999999999998,450.6999999999992,1688.6999999999998,-17.700000000000003,1.2246467991473532e-16,-1.0,1,JUN,1,0.54106766,1,TRUE_POSITIVE
Vidarbha,2015,6.0,2,254.6,295.49999999999955,392.8000000000004,1172.8000000000002,173.2888888888889,81.3111111111111,46.922287766093866,0.0,0,1.0575468106638268,0,2015-06-01,12.8,28.1,66.3,107.19999999999956,140.50000000000043,981.5,-53.5,1.2246467991473532e-16,-1.0,1,JUN,1,0.5402413,1,TRUE_POSITIVE
Telangana,2002,5.0,1,32.0,47.30000000000023,76.19999999999972,923.6,25.602564102564106,6.397435897435898,24.98748122183275,0.0,0,0.271071857054663,0,2002-05-01,7.7,7.6,10.1,25.400000000000222,61.59999999999972,899.1,-2.3999999999999995,0.4999999999999999,-0.8660254037844387,1,MAY,1,0.5398923,1,TRUE_POSITIVE
Chhattisgarh,2000,6.0,2,180.7,191.50000000000065,194.69999999999987,1260.2,197.85982905982905,-17.159829059829065,-8.672720046998656,17.159829059829065,0,-0.1919614708491486,0,2000-06-01,9.3,1.5,0.6,11.400000000000626,14.599999999999888,1302.0,8.700000000000001,1.2246467991473532e-16,-1.0,1,JUN,1,0.53899527,1,TRUE_POSITIVE
Orissa,2005,7.0,2,410.3,654.5999999999995,703.8000000000001,1379.1,350.55470085470085,59.74529914529916,17.04307458996609,0.0,0,0.6848155669231853,0,2005-07-01,199.4,44.9,20.9,265.19999999999936,322.9,1296.8000000000002,178.5,-0.4999999999999997,-0.8660254037844388,1,JUL,1,0.5384828,1,TRUE_POSITIVE
Madhya Maharashtra,2014,5.0,1,29.8,61.699999999999946,72.29999999999983,1015.6,22.770940170940168,7.0290598290598325,30.86855341190603,0.0,0,0.3162878418834678,0,2014-05-01,7.5,24.4,6.2,38.09999999999994,46.49999999999983,991.8000000000002,1.2999999999999998,0.4999999999999999,-0.8660254037844387,1,MAY,1,0.5379604,1,TRUE_POSITIVE
Sub Himalayan West Bengal & Sikkim,2009,6.0,2,350.6,774.5000000000014,875.8000000000009,2590.8,536.9897435897436,-186.3897435897436,-34.71011240247152,186.3897435897436,0,-1.3951235504982795,0,2009-06-01,308.7,115.2,55.0,478.9000000000013,534.700000000001,2766.7000000000003,253.7,1.2246467991473532e-16,-1.0,1,JUN,1,0.53795815,1,TRUE_POSITIVE
Jharkhand,2015,6.0,2,183.3,264.2999999999998,300.7000000000002,1137.2,193.30427350427348,-10.00427350427347,-5.175402138252417,10.00427350427347,0,-0.1150727930328535,0,2015-06-01,25.5,55.5,21.6,102.59999999999978,118.60000000000022,1093.6,3.899999999999999,1.2246467991473532e-16,-1.0,1,JUN,1,0.5378223,1,TRUE_POSITIVE
Assam & Meghalaya,2014,3.0,1,29.3,59.59999999999989,188.89999999999944,1821.4,79.22136752136751,-49.92136752136752,-63.01502875206335,49.92136752136752,0,-1.0313553027540134,0,2014-03-01,28.3,2.0,2.0,32.29999999999988,388.89999999999947,1836.1,26.3,1.0,6.123233995736766e-17,1,MAR,1,0.5377671,1,TRUE_POSITIVE
West Uttar Pradesh,2014,5.0,1,11.0,38.89999999999989,125.49999999999976,952.2,12.452991452991451,-1.4529914529914532,-11.667810569663692,1.4529914529914532,0,-0.1260800528683215,1,2014-05-01,5.3,22.6,29.4,57.29999999999988,116.19999999999978,943.2999999999998,-24.1,0.4999999999999999,-0.8660254037844387,1,MAY,1,0.53762907,1,TRUE_POSITIVE
Jharkhand,2009,5.0,1,78.1,80.89999999999988,83.50000000000028,1326.1,48.59145299145299,29.508547008547005,60.72785478083445,0.0,0,1.0352944877678596,0,2009-05-01,0.8,2.0,0.8,3.599999999999887,6.400000000000285,1290.9,0.0,0.4999999999999999,-0.8660254037844387,1,MAY,1,0.5361937,1,TRUE_POSITIVE
Punjab,2014,6.0,2,20.6,65.89999999999986,138.1,526.4000000000001,47.06923076923077,-26.46923076923077,-56.23467886909626,26.46923076923077,0,-0.787888232895006,0,2014-06-01,20.8,24.5,30.3,75.59999999999985,124.1,626.1000000000001,-9.5,1.2246467991473532e-16,-1.0,1,JUN,1,0.53540695,1,TRUE_POSITIVE
Sub Himalayan West Bengal & Sikkim,2014,4.0,1,47.9,112.20000000000137,131.2000000000009,2345.1000000000004,110.91111111111113,-63.01111111111111,-56.81226207172912,63.01111111111111,0,-1.139142159478581,0,2014-04-01,37.7,26.6,0.2,64.50000000000136,283.10000000000093,2411.9,37.5,0.8660254037844387,-0.4999999999999998,1,APR,1,0.5325333,1,TRUE_POSITIVE
Assam & Meghalaya,2011,3.0,1,109.0,131.49999999999977,266.8999999999994,2739.7000000000003,79.22136752136751,29.77863247863249,37.58914218515683,0.0,0,0.6152145271752603,0,2011-03-01,11.4,11.1,7.6,30.09999999999977,476.1999999999994,2730.3,3.8000000000000007,1.0,6.123233995736766e-17,1,MAR,1,0.5324768,1,TRUE_POSITIVE
Assam & Meghalaya,2011,4.0,1,92.1,212.49999999999977,242.79999999999944,2442.5000000000005,205.1025641025641,-113.00256410256412,-55.09563695461933,113.00256410256412,0,-1.5018890191996104,0,2011-04-01,109.0,11.4,11.1,131.49999999999977,266.8999999999994,2739.7000000000003,97.9,0.8660254037844387,-0.4999999999999998,1,APR,1,0.5324262,1,TRUE_POSITIVE
Rayalseema,2004,7.0,2,122.9,312.4000000000004,364.69999999999993,813.0,96.0051282051282,26.894871794871804,28.01399497890071,0.0,0,0.5900209710846824,0,2004-07-01,39.8,149.7,35.1,224.6000000000004,251.99999999999997,873.5,4.699999999999996,-0.4999999999999997,-0.8660254037844388,1,JUL,1,0.5323378,1,TRUE_POSITIVE
East Madhya Pradesh,2017,5.0,1,11.4,13.399999999999434,24.700000000000568,1306.8000000000002,9.364957264957264,2.035042735042735,21.73040065711417,0.0,0,0.1686299299631637,0,2017-05-01,0.0,2.0,6.7,8.69999999999943,13.30000000000057,1313.3000000000002,-6.7,0.4999999999999999,-0.8660254037844387,1,MAY,1,0.5321259,1,TRUE_POSITIVE
South Interior Karnataka,2016,7.0,2,196.5,460.7000000000001,473.0999999999999,1026.4,230.15982905982904,-33.659829059829065,-14.624545559198925,33.659829059829065,0,-0.4701306341852391,1,2016-07-01,172.2,92.0,8.8,273.00000000000006,280.19999999999993,941.9,163.39999999999998,-0.4999999999999997,-0.8660254037844388,1,JUL,1,0.53154075,1,TRUE_POSITIVE
Tamil Nadu,2009,7.0,2,42.1,143.89999999999986,226.3,1022.7,71.19658119658119,-29.09658119658119,-40.867947178871546,29.09658119658119,0,-0.940285269198027,0,2009-07-01,27.0,74.8,41.4,143.19999999999987,192.1,1053.7,-14.4,-0.4999999999999997,-0.8660254037844388,1,JUL,1,0.5302699,1,TRUE_POSITIVE
Vidarbha,2002,6.0,2,301.1,312.19999999999965,319.7000000000003,1052.8000000000002,173.2888888888889,127.81111111111112,73.75609130546295,0.0,0,1.6623341026326868,0,2002-06-01,8.2,2.9,1.1,12.1999999999996,18.600000000000225,1090.3000000000002,7.1,1.2246467991473532e-16,-1.0,1,JUN,1,0.52996993,1,TRUE_POSITIVE
Haryana Delhi & Chandigarh,2006,6.0,2,45.4,70.80000000000001,103.6,479.2999999999997,49.136752136752136,-3.7367521367521377,-7.604800834927815,3.7367521367521377,0,-0.1080997294545444,0,2006-06-01,24.8,0.6,30.4,55.8,58.2,487.7999999999997,-5.599999999999998,1.2246467991473532e-16,-1.0,1,JUN,1,0.52891654,1,TRUE_POSITIVE
Coastal Andhra Pradesh,2014,5.0,1,112.9,127.99999999999994,132.40000000000035,1142.0,62.77606837606838,50.123931623931625,79.84560505391569,0.0,0,0.7897607390699198,0,2014-05-01,6.0,9.1,1.2,16.299999999999944,72.60000000000034,1057.3,4.8,0.4999999999999999,-0.8660254037844387,1,MAY,1,0.5279611,1,TRUE_POSITIVE
Sub Himalayan West Bengal & Sikkim,2015,6.0,2,508.2,961.8000000000012,1057.3000000000009,2415.6,536.9897435897436,-28.78974358974364,-5.361320943913372,28.78974358974364,0,-0.2154906623148999,0,2015-06-01,304.6,149.0,64.8,518.4000000000012,551.5000000000009,2450.6000000000004,239.8,1.2246467991473532e-16,-1.0,1,JUN,1,0.5255664,1,TRUE_POSITIVE
East Uttar Pradesh,2004,6.0,2,161.0,195.50000000000017,220.1,1127.4,109.9128205128205,51.0871794871795,46.4797275229786,0.0,0,0.7955620943614744,0,2004-06-01,25.8,8.7,0.0,34.50000000000017,68.39999999999995,1091.3000000000002,25.8,1.2246467991473532e-16,-1.0,1,JUN,1,0.5255061,1,TRUE_POSITIVE
Assam & Meghalaya,2016,6.0,2,369.0,1030.8,1129.6999999999994,2392.4,508.7418803418804,-139.74188034188035,-27.468129859482417,139.74188034188035,0,-1.3163708036331137,0,2016-06-01,334.0,327.8,64.1,725.8999999999999,775.8999999999994,2581.9,269.9,1.2246467991473532e-16,-1.0,1,JUN,1,0.52538687,1,TRUE_POSITIVE
Lakshadweep,2000,4.0,1,47.9,70.20000000000016,253.69999999999987,1921.6,44.40964912280702,3.4903508771929808,7.859442589922369,0.0,0,0.0688530328829624,0,2000-04-01,3.4,18.9,83.3,105.60000000000016,510.7999999999999,1894.3,-79.89999999999999,0.8660254037844387,-0.4999999999999998,1,APR,1,0.5247243,1,TRUE_POSITIVE
Sub Himalayan West Bengal & Sikkim,2016,7.0,2,732.1,1536.6000000000013,1744.000000000001,2832.6,645.7008547008547,86.39914529914529,13.380676929593497,0.0,0,0.5256544831192584,0,2016-07-01,570.8,233.7,101.4,905.9000000000012,1032.6000000000008,2493.8,469.4,-0.4999999999999997,-0.8660254037844388,1,JUL,1,0.5246088,1,TRUE_POSITIVE
Bihar,2010,5.0,1,44.4,51.10000000000039,53.09999999999955,838.5999999999999,53.57350427350428,-9.173504273504278,-17.123211180421507,9.173504273504278,0,-0.3281732612691333,1,2010-05-01,6.5,0.2,1.1,7.800000000000398,13.799999999999546,892.6999999999999,5.4,0.4999999999999999,-0.8660254037844387,1,MAY,1,0.52440345,1,TRUE_POSITIVE
South Interior Karnataka,2003,7.0,2,162.5,290.30000000000007,351.0,768.9000000000001,230.15982905982904,-67.65982905982906,-29.39688882122049,67.65982905982906,0,-0.9450124743124249,0,2003-07-01,118.2,9.6,36.4,164.20000000000005,188.6,699.0,81.80000000000001,-0.4999999999999997,-0.8660254037844388,1,JUL,1,0.5236418,1,TRUE_POSITIVE
East Uttar Pradesh,2015,6.0,2,95.3,127.10000000000022,209.4,761.8000000000002,109.9128205128205,-14.612820512820504,-13.29491905006298,14.612820512820504,0,-0.2275601473482252,1,2015-06-01,8.6,23.2,48.2,80.00000000000024,122.5,714.3000000000001,-39.6,1.2246467991473532e-16,-1.0,1,JUN,1,0.52200055,1,TRUE_POSITIVE
Assam & Meghalaya,2011,7.0,2,395.8,950.0999999999996,1162.5999999999997,2014.4000000000003,494.5658119658119,-98.7658119658119,-19.970206103255546,98.7658119658119,0,-0.8045234704576996,0,2011-07-01,316.0,238.3,92.1,646.3999999999997,777.8999999999994,2033.7000000000005,223.9,-0.4999999999999997,-0.8660254037844388,1,JUL,1,0.52083,1,TRUE_POSITIVE
Coastal Karnataka,2002,4.0,1,30.9,42.59999999999954,92.40000000000023,3082.1,30.5017094017094,0.3982905982905969,1.3057976293888485,0.0,0,0.0165026259223133,0,2002-04-01,0.5,11.2,0.6,12.299999999999544,231.20000000000024,3122.6000000000004,-0.0999999999999999,0.8660254037844387,-0.4999999999999998,1,APR,1,0.5207737,1,TRUE_POSITIVE
Arunachal Pradesh,2014,1.0,0,19.0,46.90000000000091,757.2999999999992,2043.4,46.71632653061224,-27.716326530612243,-59.32899392774452,27.716326530612243,0,-0.8109773061217759,0,2014-01-01,14.6,13.3,164.1,192.0000000000009,1067.8999999999992,2042.9,-149.5,0.4999999999999999,0.8660254037844387,1,JAN,1,0.5202853,1,TRUE_POSITIVE
North Interior Karnataka,2002,6.0,2,108.2,163.49999999999983,175.49999999999983,674.9000000000001,101.55811965811964,6.641880341880352,6.539979633572636,0.0,0,0.1951223665237411,0,2002-06-01,40.6,14.7,0.3,55.59999999999983,68.69999999999983,627.6,40.3,1.2246467991473532e-16,-1.0,1,JUN,1,0.5173618,1,TRUE_POSITIVE
Haryana Delhi & Chandigarh,2004,6.0,2,52.5,111.3,137.0,649.8999999999999,49.136752136752136,3.363247863247864,6.844668638024006,0.0,0,0.0972947016019286,0,2004-06-01,40.7,18.1,0.0,58.8,95.5,623.9999999999998,40.7,1.2246467991473532e-16,-1.0,1,JUN,1,0.51695967,1,TRUE_POSITIVE
Telangana,2002,7.0,2,91.7,266.9000000000002,292.29999999999967,850.8000000000001,246.5076923076923,-154.80769230769232,-62.80034949759721,154.80769230769232,0,-1.617386234403454,0,2002-07-01,143.2,32.0,7.7,182.9000000000002,219.3999999999997,882.9,135.5,-0.4999999999999997,-0.8660254037844388,1,JUL,1,0.51665807,1,TRUE_POSITIVE
East Rajasthan,2002,5.0,1,8.6,9.9,28.3,543.2000000000002,9.862393162393165,-1.2623931623931632,-12.800069330097935,1.2623931623931632,0,-0.103813214979644,0,2002-05-01,1.2,0.1,11.0,12.3,19.7,557.5000000000002,-9.8,0.4999999999999999,-0.8660254037844387,1,MAY,1,0.51656234,1,TRUE_POSITIVE
Himachal Pradesh,2000,7.0,2,265.1,542.9999999999998,755.7000000000003,1307.7,278.99829059829057,-13.898290598290544,-4.981496685333346,13.898290598290544,0,-0.1464793936597496,0,2000-07-01,198.0,79.9,25.6,303.4999999999998,608.8000000000002,1346.7,172.4,-0.4999999999999997,-0.8660254037844388,1,JUL,1,0.51628584,1,TRUE_POSITIVE
Sub Himalayan West Bengal & Sikkim,2016,6.0,2,570.8,905.9000000000012,1032.6000000000008,2493.8,536.9897435897436,33.81025641025633,6.296257389244873,0.0,0,0.2530691016462646,0,2016-06-01,233.7,101.4,98.9,434.0000000000013,470.8000000000009,2431.2,134.79999999999998,1.2246467991473532e-16,-1.0,1,JUN,1,0.51508695,1,TRUE_POSITIVE
Assam & Meghalaya,2002,8.0,2,312.5,1380.1,2030.2,2547.1000000000004,403.3897435897436,-90.8897435897436,-22.53149591284118,90.8897435897436,0,-0.8927203158448476,0,2002-08-01,565.1,502.5,286.9,1354.5,1723.3999999999996,2530.2000000000003,278.20000000000005,-0.8660254037844385,-0.5000000000000004,1,AUG,1,0.5138011,1,TRUE_POSITIVE
Assam & Meghalaya,2005,6.0,2,373.9,862.5999999999999,1088.0999999999997,2893.8,508.7418803418804,-134.84188034188037,-26.50496952428314,134.84188034188037,0,-1.270212723306574,0,2005-06-01,281.2,207.5,172.2,660.8999999999999,720.7999999999995,2917.8,109.0,1.2246467991473532e-16,-1.0,1,JUN,1,0.51360697,1,TRUE_POSITIVE
Coastal Andhra Pradesh,2002,5.0,1,35.0,77.09999999999988,109.20000000000032,981.3,62.77606837606838,-27.77606837606838,-44.2462694695567,27.77606837606838,0,-0.4376442066381492,0,2002-05-01,34.8,7.3,0.0,42.09999999999988,152.20000000000033,997.1,34.8,0.4999999999999999,-0.8660254037844387,1,MAY,1,0.5133887,1,TRUE_POSITIVE
Kerala,2000,6.0,2,633.8,854.5999999999996,945.6000000000004,2641.2,653.1649572649573,-19.364957264957297,-2.964788151839241,19.364957264957297,0,-0.1039881552768386,0,2000-06-01,124.5,96.3,21.5,242.29999999999964,316.70000000000044,2614.7,103.0,1.2246467991473532e-16,-1.0,1,JUN,1,0.513384,1,TRUE_POSITIVE
Assam & Meghalaya,2013,4.0,1,112.8,166.3999999999999,186.89999999999944,2446.9,205.1025641025641,-92.30256410256412,-45.00312539067384,92.30256410256412,0,-1.2267704593303437,1,2013-04-01,44.0,9.6,1.1,54.69999999999989,273.49999999999943,2613.2000000000003,42.9,0.8660254037844387,-0.4999999999999998,1,APR,1,0.5103463,1,TRUE_POSITIVE
North Interior Karnataka,2001,6.0,2,60.9,96.2999999999998,98.49999999999984,642.9999999999999,101.55811965811964,-40.65811965811965,-40.03433678664904,40.65811965811965,0,-1.1944371349291378,1,2001-06-01,13.3,22.1,0.1,35.4999999999998,38.09999999999983,689.5999999999999,13.2,1.2246467991473532e-16,-1.0,1,JUN,1,0.51028347,1,TRUE_POSITIVE
Sub Himalayan West Bengal & Sikkim,2014,6.0,2,543.2,899.7000000000014,964.200000000001,2495.5,536.9897435897436,6.21025641025642,1.1564944180760763,0.0,0,0.0464836466090744,0,2014-06-01,308.6,47.9,37.7,394.2000000000014,423.70000000000095,2357.2000000000003,270.90000000000003,1.2246467991473532e-16,-1.0,1,JUN,1,0.5094989,1,TRUE_POSITIVE
Rayalseema,2016,7.0,2,131.0,340.1000000000005,341.29999999999995,1151.8,96.0051282051282,34.9948717948718,36.45104428182256,0.0,0,0.767719154672871,0,2016-07-01,128.6,80.5,0.4,209.50000000000043,218.19999999999996,1063.9,128.2,-0.4999999999999997,-0.8660254037844388,1,JUL,1,0.50926507,1,TRUE_POSITIVE
East Uttar Pradesh,2014,6.0,2,47.8,60.20000000000022,148.8,802.1,109.9128205128205,-62.112820512820505,-56.51098772920263,62.112820512820505,0,-0.9672603982037918,0,2014-06-01,10.7,1.7,15.4,27.800000000000225,102.1,1064.0,-4.700000000000001,1.2246467991473532e-16,-1.0,1,JUN,1,0.509008,1,TRUE_POSITIVE
East Uttar Pradesh,2004,5.0,1,25.8,34.50000000000017,68.39999999999995,1091.3000000000002,17.473504273504275,8.326495726495725,47.65212287223634,0.0,0,0.5887385631655578,0,2004-05-01,8.7,0.0,1.8,10.50000000000017,42.599999999999945,1067.5000000000002,6.9,0.4999999999999999,-0.8660254037844387,1,MAY,1,0.5089646,1,TRUE_POSITIVE
Matathwada,2015,5.0,1,12.3,83.90000000000018,98.89999999999988,531.8000000000002,15.461538461538462,-3.161538461538461,-20.447761194029848,3.161538461538461,0,-0.1457956843700706,0,2015-05-01,39.6,32.0,1.6,73.20000000000017,106.49999999999989,526.5000000000002,38.0,0.4999999999999999,-0.8660254037844387,1,MAY,1,0.5083639,1,TRUE_POSITIVE
Assam & Meghalaya,2014,8.0,2,484.6,1285.4,1717.2999999999995,2106.2000000000003,403.3897435897436,81.21025641025642,20.13195865803893,0.0,0,0.7976482591880275,0,2014-08-01,374.4,426.4,351.1,1151.9,1260.9999999999995,1911.3,23.299999999999955,-0.8660254037844385,-0.5000000000000004,1,AUG,1,0.5073584,1,TRUE_POSITIVE
Madhya Maharashtra,2015,7.0,2,111.7,313.1,364.6999999999998,811.2000000000002,249.85641025641027,-138.15641025641025,-55.29432289314889,138.15641025641025,0,-1.8800579028326927,0,2015-07-01,177.0,24.4,9.6,210.99999999999997,254.39999999999984,977.4,167.4,-0.4999999999999997,-0.8660254037844388,1,JUL,1,0.50673825,1,TRUE_POSITIVE
Kerala,2000,5.0,1,124.5,242.29999999999964,316.70000000000044,2614.7,229.98376068376064,-105.48376068376066,-45.865743029050726,105.48376068376066,0,-0.7126754480360687,0,2000-05-01,96.3,21.5,57.8,175.59999999999965,260.3000000000004,2943.4,38.5,0.4999999999999999,-0.8660254037844387,1,MAY,1,0.5061197,1,TRUE_POSITIVE
Naga Mani Mizo Tripura,2013,6.0,2,206.6,615.8000000000002,641.4,1706.2,444.7726495726496,-238.1726495726496,-53.54930205386792,238.1726495726496,0,-1.924737208474396,0,2013-06-01,348.9,60.3,19.7,428.90000000000015,435.2,1895.8,329.2,1.2246467991473532e-16,-1.0,1,JUN,1,0.5060213,1,TRUE_POSITIVE
East Rajasthan,2002,6.0,2,71.4,81.2,93.9,514.4000000000002,63.61111111111112,7.788888888888891,12.24454148471616,0.0,0,0.1823956076843934,0,2002-06-01,8.6,1.2,0.1,9.9,28.3,543.2000000000002,8.5,1.2246467991473532e-16,-1.0,1,JUN,1,0.5057957,1,TRUE_POSITIVE
Konkan & Goa,2009,4.0,1,0.1,0.4000000000002274,3.700000000000682,3021.499999999999,4.195726495726496,-4.095726495726496,-97.61662253004684,4.095726495726496,0,-0.4530550882851886,0,2009-04-01,0.3,0.0,0.0,0.3000000000002273,60.90000000000068,3021.699999999999,0.3,0.8660254037844387,-0.4999999999999998,1,APR,1,0.5049268,1,TRUE_POSITIVE
Orissa,2001,7.0,2,584.2,991.2999999999994,1053.7,1514.0,350.55470085470085,233.6452991452992,66.65016859726587,0.0,0,2.678100876254707,0,2001-07-01,336.1,71.0,28.7,435.7999999999993,469.9,1202.1,307.40000000000003,-0.4999999999999997,-0.8660254037844388,1,JUL,1,0.5048187,1,TRUE_POSITIVE
Kerala,2016,7.0,2,441.5,1295.5999999999997,1367.7000000000007,2526.9,695.9794871794873,-254.47948717948725,-36.56422234666511,254.47948717948725,0,-1.1231821449462125,1,2016-07-01,595.7,258.4,33.3,887.3999999999996,929.2000000000006,2491.4,562.4000000000001,-0.4999999999999997,-0.8660254037844388,1,JUL,1,0.5024878,1,TRUE_POSITIVE
Chhattisgarh,2000,7.0,2,322.4,512.4000000000005,514.4999999999999,1272.6,398.082905982906,-75.682905982906,-19.011845232599835,75.682905982906,0,-0.8255087623337324,0,2000-07-01,180.7,9.3,1.5,191.50000000000065,194.69999999999987,1260.2,179.2,-0.4999999999999997,-0.8660254037844388,1,JUL,1,0.50041825,1,TRUE_POSITIVE
West Uttar Pradesh,2006,7.0,2,241.6,342.29999999999984,366.49999999999983,668.5999999999999,246.865811965812,-5.265811965811963,-2.133066512482991,5.265811965811963,0,-0.0623225429885642,0,2006-07-01,66.6,34.1,4.0,104.69999999999987,125.39999999999984,725.1999999999998,62.6,-0.4999999999999997,-0.8660254037844388,1,JUL,1,0.5003869,1,TRUE_POSITIVE
Vidarbha,2001,7.0,2,202.0,548.4999999999995,582.1000000000003,942.7,330.142735042735,-128.142735042735,-38.814343446372575,128.142735042735,0,-1.3734965271509003,0,2001-07-01,338.6,7.9,18.3,364.7999999999996,389.0000000000002,1212.8000000000002,320.3,-0.4999999999999997,-0.8660254037844388,1,JUL,1,0.50012606,1,TRUE_POSITIVE
Sub Himalayan West Bengal & Sikkim,2005,8.0,2,564.5,1715.300000000001,2256.9000000000005,2903.9,520.3042735042735,44.19572649572649,8.494207859963597,0.0,0,0.2654510216891774,0,2005-08-01,704.3,446.5,254.0,1404.800000000001,1713.4000000000008,2695.8,450.3,-0.8660254037844385,-0.5000000000000004,1,AUG,1,0.5000321,1,TRUE_POSITIVE
East Madhya Pradesh,2002,6.0,2,93.5,98.8999999999995,131.50000000000068,1005.2000000000004,140.4820512820513,-46.98205128205129,-33.443454771117764,46.98205128205129,0,-0.5962630682228229,0,2002-06-01,5.2,0.2,1.2,6.599999999999489,38.00000000000068,1167.2,4.0,1.2246467991473532e-16,-1.0,1,JUN,1,0.49917334,1,TRUE_POSITIVE
Jharkhand,2004,5.0,1,31.1,75.19999999999993,90.80000000000022,1221.5,48.59145299145299,-17.491452991452988,-35.99697460071765,17.491452991452988,0,-0.6136799910838304,0,2004-05-01,41.0,3.1,2.7,46.79999999999994,65.90000000000023,1211.9,38.3,0.4999999999999999,-0.8660254037844387,1,MAY,1,0.496219,1,TRUE_POSITIVE
Punjab,2014,5.0,1,20.8,75.59999999999985,124.1,626.1000000000001,14.211965811965811,6.5880341880341895,46.35554486408469,0.0,0,0.4366680637528001,0,2014-05-01,24.5,30.3,20.1,74.89999999999986,109.4,608.9000000000001,4.399999999999999,0.4999999999999999,-0.8660254037844387,1,MAY,1,0.49566233,1,TRUE_POSITIVE
East Uttar Pradesh,2014,5.0,1,10.7,27.800000000000225,102.1,1064.0,17.473504273504275,-6.773504273504276,-38.76442966151439,6.773504273504276,0,-0.4789317504708528,0,2014-05-01,1.7,15.4,25.8,42.90000000000023,91.9,1054.4,-24.1,0.4999999999999999,-0.8660254037844387,1,MAY,1,0.49491382,1,TRUE_POSITIVE
East Madhya Pradesh,2007,5.0,1,6.2,17.69999999999943,54.00000000000063,911.8000000000004,9.364957264957264,-3.1649572649572653,-33.79574701104317,3.1649572649572653,0,-0.2622581397117154,0,2007-05-01,2.9,8.6,26.3,37.79999999999943,60.10000000000063,923.6000000000004,-23.4,0.4999999999999999,-0.8660254037844387,1,MAY,1,0.49480888,1,TRUE_POSITIVE
Assam & Meghalaya,2005,8.0,2,501.9,1350.2999999999995,2011.2,2735.6000000000004,403.3897435897436,98.51025641025636,24.42061504430403,0.0,0,0.9675690979333422,0,2005-08-01,474.5,373.9,281.2,1129.6,1539.7999999999995,2519.9,193.3,-0.8660254037844385,-0.5000000000000004,1,AUG,1,0.49222282,1,TRUE_POSITIVE
North Interior Karnataka,2015,5.0,1,45.3,123.59999999999992,140.09999999999982,728.0,47.041880341880336,-1.7418803418803392,-3.702828903141404,1.7418803418803392,0,-0.0661091296198169,0,2015-05-01,50.8,27.5,0.0,78.29999999999991,119.79999999999984,775.7,50.8,0.4999999999999999,-0.8660254037844387,1,MAY,1,0.49081755,1,TRUE_POSITIVE
Kerala,2000,4.0,1,96.3,175.59999999999965,260.3000000000004,2943.4,109.41965811965812,-13.119658119658126,-11.9902203544731,13.119658119658126,0,-0.2904555399631537,0,2000-04-01,21.5,57.8,11.7,90.99999999999966,731.9000000000003,2958.7,9.8,0.8660254037844387,-0.4999999999999998,1,APR,1,0.49026003,1,TRUE_POSITIVE
West Uttar Pradesh,2009,5.0,1,12.8,22.69999999999989,27.899999999999828,797.5999999999999,12.452991452991451,0.3470085470085475,2.7865477007549804,0.0,0,0.0301108832144346,0,2009-05-01,8.7,1.2,3.9,13.799999999999889,19.09999999999983,809.5999999999999,4.799999999999999,0.4999999999999999,-0.8660254037844387,1,MAY,1,0.49009392,1,TRUE_POSITIVE
North Interior Karnataka,2002,5.0,1,40.6,55.59999999999983,68.69999999999983,627.6,47.041880341880336,-6.441880341880335,-13.693926125111272,6.441880341880335,0,-0.2444870019355058,0,2002-05-01,14.7,0.3,7.9,22.899999999999828,30.59999999999983,600.3,6.799999999999999,0.4999999999999999,-0.8660254037844387,1,MAY,1,0.48901978,1,TRUE_POSITIVE
Jharkhand,2010,5.0,1,29.2,36.39999999999983,39.40000000000028,951.7,48.59145299145299,-19.39145299145299,-39.90712727784423,19.39145299145299,0,-0.6803406615054945,1,2010-05-01,6.3,0.9,2.3,9.49999999999983,14.200000000000284,1000.6,4.0,0.4999999999999999,-0.8660254037844387,1,MAY,1,0.4886071,1,TRUE_POSITIVE
West Uttar Pradesh,2005,6.0,2,67.1,75.19999999999987,125.79999999999984,645.8999999999999,77.5111111111111,-10.411111111111111,-13.431766055045872,10.411111111111111,0,-0.1885107268932147,0,2005-06-01,6.9,1.2,22.6,30.69999999999989,58.89999999999983,638.0999999999999,-15.7,1.2246467991473532e-16,-1.0,1,JUN,1,0.4880501,1,TRUE_POSITIVE
Bihar,2006,5.0,1,73.2,94.30000000000034,94.59999999999964,925.6,53.57350427350428,19.62649572649573,36.634705891737525,0.0,0,0.7021189414444334,0,2006-05-01,19.2,1.9,0.0,21.10000000000034,21.399999999999658,881.0,19.2,0.4999999999999999,-0.8660254037844387,1,MAY,1,0.48740292,1,TRUE_POSITIVE
Assam & Meghalaya,2002,7.0,2,565.1,1354.5,1723.3999999999996,2530.2000000000003,494.5658119658119,70.5341880341881,14.261840654497965,0.0,0,0.5745551888220582,0,2002-07-01,502.5,286.9,279.9,1069.3,1178.4999999999995,2416.2000000000003,222.6,-0.4999999999999997,-0.8660254037844388,1,JUL,1,0.48337686,1,TRUE_POSITIVE
Rayalseema,2004,5.0,1,149.7,197.7000000000004,221.79999999999995,891.0999999999999,50.641880341880345,99.05811965811964,195.60513746603428,0.0,0,2.651397906579225,0,2004-05-01,35.1,12.9,4.3,52.30000000000037,83.79999999999994,745.5,30.8,0.4999999999999999,-0.8660254037844387,1,MAY,1,0.48334125,1,TRUE_POSITIVE
South Interior Karnataka,2002,5.0,1,77.2,100.1,115.6,915.6,92.51623931623932,-15.316239316239304,-16.555190126011592,15.316239316239304,0,-0.4014109599487941,0,2002-05-01,20.6,2.3,11.4,34.3,78.4,868.8000000000001,9.2,0.4999999999999999,-0.8660254037844387,1,MAY,1,0.48278764,1,TRUE_POSITIVE
Tamil Nadu,2001,5.0,1,45.0,151.79999999999995,273.4,946.2,70.22991452991452,-25.229914529914524,-35.924740473901345,25.229914529914524,0,-0.7972726275924251,1,2001-05-01,93.8,13.0,10.9,117.69999999999996,376.9999999999999,955.9,82.89999999999999,0.4999999999999999,-0.8660254037844387,1,MAY,1,0.48138526,1,TRUE_POSITIVE
Matathwada,2015,6.0,2,118.3,170.20000000000016,213.8999999999999,619.7000000000002,137.51880341880343,-19.218803418803432,-13.975400411443353,19.218803418803432,0,-0.3364234125201276,0,2015-06-01,12.3,39.6,32.0,83.90000000000018,98.89999999999988,531.8000000000002,-19.7,1.2246467991473532e-16,-1.0,1,JUN,1,0.48100808,1,TRUE_POSITIVE
East Uttar Pradesh,2002,5.0,1,29.2,32.30000000000017,73.39999999999995,1012.5000000000002,17.473504273504275,11.726495726495724,67.11015456857756,0.0,0,0.8291411503419681,0,2002-05-01,2.5,0.6,26.1,29.200000000000173,46.99999999999994,1010.0,-23.6,0.4999999999999999,-0.8660254037844387,1,MAY,1,0.48066634,1,TRUE_POSITIVE
Uttarakhand,2009,7.0,2,157.5,276.9999999999999,341.7999999999992,815.8,392.3042735042735,-234.8042735042735,-59.85259130798526,234.8042735042735,0,-2.388130122953032,1,2009-07-01,41.9,77.6,18.4,137.89999999999986,186.0999999999992,971.6,23.5,-0.4999999999999997,-0.8660254037844388,1,JUL,1,0.47818238,1,TRUE_POSITIVE
Assam & Meghalaya,2005,7.0,2,474.5,1129.6,1539.7999999999995,2519.9,494.5658119658119,-20.06581196581192,-4.057258201098424,20.06581196581192,0,-0.1634514652284206,0,2005-07-01,373.9,281.2,207.5,862.5999999999999,1088.0999999999997,2893.8,166.39999999999998,-0.4999999999999997,-0.8660254037844388,1,JUL,1,0.47771922,1,TRUE_POSITIVE
Sub Himalayan West Bengal & Sikkim,2001,6.0,2,472.2,954.2000000000014,1028.9000000000003,2673.8,536.9897435897436,-64.78974358974364,-12.065359601959653,64.78974358974364,0,-0.4849499514938446,0,2001-06-01,347.2,134.8,50.2,532.2000000000014,557.9000000000007,2851.2,297.0,1.2246467991473532e-16,-1.0,1,JUN,1,0.4775343,1,TRUE_POSITIVE
Jharkhand,2011,5.0,1,55.0,86.79999999999983,112.60000000000028,750.8,48.59145299145299,6.408547008547011,13.188630127348208,0.0,0,0.2248410736939439,0,2011-05-01,25.4,6.4,2.5,34.29999999999983,62.30000000000028,724.9999999999999,22.9,0.4999999999999999,-0.8660254037844387,1,MAY,1,0.4774145,1,TRUE_POSITIVE
East Uttar Pradesh,2006,6.0,2,107.4,142.30000000000018,152.99999999999994,818.4000000000001,109.9128205128205,-2.512820512820497,-2.2861941865347686,2.512820512820497,0,-0.039131241340807,0,2006-06-01,27.1,7.8,10.7,45.60000000000017,48.49999999999994,768.5000000000001,16.400000000000002,1.2246467991473532e-16,-1.0,1,JUN,1,0.47633672,1,TRUE_POSITIVE
East Madhya Pradesh,2002,5.0,1,5.2,6.599999999999489,38.00000000000068,1167.2,9.364957264957264,-4.164957264957265,-44.47385233184266,4.164957264957265,0,-0.3451212300338076,0,2002-05-01,0.2,1.2,29.6,30.99999999999949,33.800000000000686,1174.4,-29.4,0.4999999999999999,-0.8660254037844387,1,MAY,1,0.4762449,1,TRUE_POSITIVE
Vidarbha,2000,7.0,2,472.1,736.7999999999996,753.4000000000002,1401.1,330.142735042735,141.957264957265,42.99875474736389,0.0,0,1.521567417439775,0,2000-07-01,235.9,28.8,0.1,264.7999999999996,281.4000000000002,1163.0000000000002,235.8,-0.4999999999999997,-0.8660254037844388,1,JUL,1,0.47603464,1,TRUE_POSITIVE
South Interior Karnataka,2003,6.0,2,118.2,164.20000000000005,188.6,699.0,141.39145299145298,-23.191452991452977,-16.4023019077786,23.191452991452977,0,-0.505716350253314,0,2003-06-01,9.6,36.4,20.1,66.10000000000002,70.99999999999997,712.7,-10.500000000000002,1.2246467991473532e-16,-1.0,1,JUN,1,0.47506797,1,TRUE_POSITIVE
Assam & Meghalaya,2015,6.0,2,558.5,1141.9,1208.2999999999993,2525.9,508.7418803418804,49.75811965811965,9.780621879347072,0.0,0,0.4687223028728721,0,2015-06-01,332.5,250.9,37.5,620.8999999999999,650.1999999999994,2393.8,295.0,1.2246467991473532e-16,-1.0,1,JUN,1,0.47494212,1,TRUE_POSITIVE
Vidarbha,2002,5.0,1,8.2,12.1999999999996,18.600000000000225,1090.3000000000002,11.522222222222222,-3.322222222222223,-28.833172613307624,3.322222222222223,0,-0.2293800909568362,0,2002-05-01,2.9,1.1,4.0,7.999999999999601,15.100000000000229,1090.0,-1.1,0.4999999999999999,-0.8660254037844387,1,MAY,1,0.47480533,1,TRUE_POSITIVE
Lakshadweep,2011,5.0,1,107.2,196.2000000000004,285.5999999999999,1794.6999999999998,162.97543859649124,-55.77543859649124,-34.223217361350336,55.77543859649124,0,-0.5135366416952531,0,2011-05-01,85.9,3.1,2.8,91.80000000000037,379.8999999999999,1766.5,83.10000000000001,0.4999999999999999,-0.8660254037844387,1,MAY,1,0.4734496,1,TRUE_POSITIVE
West Uttar Pradesh,2006,6.0,2,66.6,104.69999999999987,125.39999999999984,725.1999999999998,77.5111111111111,-10.911111111111111,-14.076834862385324,10.911111111111111,0,-0.1975640702338706,0,2006-06-01,34.1,4.0,20.2,58.29999999999988,59.39999999999984,725.6999999999998,13.900000000000002,1.2246467991473532e-16,-1.0,1,JUN,1,0.47343937,1,TRUE_POSITIVE
Konkan & Goa,2014,4.0,1,0.7,7.800000000000455,12.700000000001136,3525.599999999999,4.195726495726496,-3.495726495726496,-83.31635771032796,3.495726495726496,0,-0.3866851650848124,0,2014-04-01,1.8,5.3,1.3,8.400000000000455,161.30000000000115,3524.999999999999,0.5,0.8660254037844387,-0.4999999999999998,1,APR,1,0.4734374,1,TRUE_POSITIVE
East Madhya Pradesh,2007,6.0,2,74.8,83.89999999999942,125.80000000000062,930.3000000000002,140.4820512820513,-65.68205128205129,-46.75476381689421,65.68205128205129,0,-0.8335902830101967,0,2007-06-01,6.2,2.9,8.6,17.69999999999943,54.00000000000063,911.8000000000004,-2.3999999999999995,1.2246467991473532e-16,-1.0,1,JUN,1,0.47267485,1,TRUE_POSITIVE
Bihar,2010,7.0,2,191.2,316.5000000000004,324.2999999999996,829.4,325.18888888888887,-133.98888888888888,-41.2034031503058,133.98888888888888,0,-1.3899860154960977,1,2010-07-01,80.9,44.4,6.5,131.8000000000004,133.19999999999956,851.7999999999998,74.4,-0.4999999999999997,-0.8660254037844388,1,JUL,1,0.47137985,1,TRUE_POSITIVE
East Uttar Pradesh,2004,7.0,2,219.5,406.3000000000002,416.8,1091.7,291.30256410256413,-71.80256410256413,-24.64879233856772,71.80256410256413,0,-0.7155044725777724,0,2004-07-01,161.0,25.8,8.7,195.50000000000017,220.1,1127.4,152.3,-0.4999999999999997,-0.8660254037844388,1,JUL,1,0.46957117,1,TRUE_POSITIVE
East Madhya Pradesh,2007,7.0,2,207.8,288.79999999999944,326.60000000000065,764.3000000000002,372.7735042735043,-164.97350427350426,-44.2556947804056,164.97350427350426,0,-1.504667883906642,0,2007-07-01,74.8,6.2,2.9,83.89999999999942,125.80000000000062,930.3000000000002,71.89999999999999,-0.4999999999999997,-0.8660254037844388,1,JUL,1,0.4688946,1,TRUE_POSITIVE
Punjab,2014,7.0,2,76.3,117.69999999999986,192.6,484.8000000000001,168.19059829059827,-91.89059829059828,-54.63480077039174,91.89059829059828,0,-1.3611247540863802,0,2014-07-01,20.6,20.8,24.5,65.89999999999986,138.1,526.4000000000001,-3.899999999999999,-0.4999999999999997,-0.8660254037844388,1,JUL,1,0.46842033,1,TRUE_POSITIVE
Lakshadweep,2002,4.0,1,23.4,47.40000000000023,176.2999999999999,1309.3999999999996,44.40964912280702,-21.00964912280702,-47.3087482963636,21.00964912280702,0,-0.4144506133651255,0,2002-04-01,7.2,16.8,10.8,34.80000000000023,258.0999999999999,1390.6,-3.6000000000000005,0.8660254037844387,-0.4999999999999998,1,APR,1,0.46812496,1,TRUE_POSITIVE
Andaman & Nicobar Islands,2003,3.0,1,149.2,201.39999999999964,806.9999999999992,2799.4,31.59454545454545,117.60545454545452,372.2334119813546,0.0,0,2.4296710516533686,0,2003-03-01,7.9,44.3,129.9,182.09999999999965,1077.799999999999,2661.7,-122.0,1.0,6.123233995736766e-17,1,MAR,1,0.46776512,1,TRUE_POSITIVE
Madhya Maharashtra,2015,6.0,2,177.0,211.0,254.39999999999984,977.4,147.3837606837607,29.6162393162393,20.09464216331571,0.0,0,0.5392539862570543,0,2015-06-01,24.4,9.6,41.2,75.19999999999995,90.49999999999984,844.4000000000001,-16.800000000000004,1.2246467991473532e-16,-1.0,1,JUN,1,0.4673714,1,TRUE_POSITIVE
Matathwada,2014,5.0,1,7.0,97.90000000000018,125.79999999999988,972.8000000000002,15.461538461538462,-8.461538461538462,-54.72636815920397,8.461538461538462,0,-0.3902074277544469,0,2014-05-01,11.9,79.0,13.4,104.30000000000015,126.19999999999987,972.2000000000002,-1.5,0.4999999999999999,-0.8660254037844387,1,MAY,1,0.4652714,1,TRUE_POSITIVE
North Interior Karnataka,2002,7.0,2,54.7,203.49999999999983,226.39999999999984,667.5,138.2094017094017,-83.5094017094017,-60.422374076249966,83.5094017094017,0,-1.667417536462413,0,2002-07-01,108.2,40.6,14.7,163.49999999999983,175.49999999999983,674.9000000000001,93.5,-0.4999999999999997,-0.8660254037844388,1,JUL,1,0.46397588,1,TRUE_POSITIVE
Coastal Karnataka,2014,3.0,1,1.9,2.199999999999773,334.2000000000005,4190.7,6.271794871794872,-4.371794871794872,-69.7056418642682,4.371794871794872,0,-0.2658683018622245,0,2014-03-01,0.3,0.0,10.0,10.299999999999772,711.4000000000005,4207.799999999999,-9.7,1.0,6.123233995736766e-17,1,MAR,1,0.46292293,1,TRUE_POSITIVE
East Uttar Pradesh,2015,7.0,2,179.0,282.9000000000002,358.4,716.3000000000002,291.30256410256413,-112.30256410256412,-38.551862544891215,112.30256410256412,0,-1.1190824158112085,1,2015-07-01,95.3,8.6,23.2,127.10000000000022,209.4,761.8000000000002,72.1,-0.4999999999999997,-0.8660254037844388,1,JUL,1,0.46223685,1,TRUE_POSITIVE
Andaman & Nicobar Islands,2003,4.0,1,19.4,176.49999999999963,657.3999999999992,2718.6,71.91636363636364,-52.51636363636364,-73.02422005359762,52.51636363636364,0,-0.7986752720162903,0,2003-04-01,149.2,7.9,44.3,201.39999999999964,806.999999999999,2799.4,104.9,0.8660254037844387,-0.4999999999999998,1,APR,1,0.46155933,1,TRUE_POSITIVE
Kerala,2002,6.0,2,503.1,951.1999999999996,1000.3000000000004,2687.6000000000004,653.1649572649573,-150.06495726495723,-22.975047206043413,150.06495726495723,0,-0.8058359160915475,0,2002-06-01,330.8,117.3,35.7,483.7999999999996,507.30000000000047,2899.8,295.1,1.2246467991473532e-16,-1.0,1,JUN,1,0.4612193,1,TRUE_POSITIVE
Sub Himalayan West Bengal & Sikkim,2005,7.0,2,704.3,1404.800000000001,1713.4000000000008,2695.8,645.7008547008547,58.59914529914522,9.07527764173295,0.0,0,0.3565186128497179,0,2005-07-01,446.5,254.0,155.5,856.0000000000014,1028.6000000000008,2731.0,291.0,-0.4999999999999997,-0.8660254037844388,1,JUL,1,0.45916095,1,TRUE_POSITIVE
Madhya Maharashtra,2002,6.0,2,251.9,279.3,285.0999999999998,894.3000000000002,147.3837606837607,104.51623931623932,70.91435232169056,0.0,0,1.903036981774196,0,2002-06-01,14.4,13.0,1.0,28.4,33.699999999999775,800.3000000000001,13.4,1.2246467991473532e-16,-1.0,1,JUN,1,0.4573994,1,TRUE_POSITIVE
Coastal Karnataka,2014,4.0,1,40.5,42.699999999999775,109.60000000000043,4202.7,30.5017094017094,9.998290598290598,32.779443494830055,0.0,0,0.4142654893545543,0,2014-04-01,1.9,0.3,0.0,2.199999999999773,334.2000000000005,4190.7,1.9,0.8660254037844387,-0.4999999999999998,1,APR,1,0.4558003,1,TRUE_POSITIVE
Sub Himalayan West Bengal & Sikkim,2005,6.0,2,446.5,856.0000000000014,1028.6000000000008,2731.0,536.9897435897436,-90.48974358974364,-16.851298310620464,90.48974358974364,0,-0.6773139440465912,0,2005-06-01,254.0,155.5,132.1,541.6000000000014,586.5000000000008,2774.0,121.9,1.2246467991473532e-16,-1.0,1,JUN,1,0.4556932,1,TRUE_POSITIVE
Bihar,2016,5.0,1,84.0,93.5000000000004,103.3999999999995,856.0999999999999,53.57350427350428,30.426495726495723,56.79392479379716,0.0,0,1.0884785174620208,0,2016-05-01,3.9,5.6,0.6,10.100000000000398,19.399999999999487,811.6,3.3,0.4999999999999999,-0.8660254037844387,1,MAY,1,0.45412323,1,TRUE_POSITIVE
Jharkhand,2015,7.0,2,429.7,638.4999999999998,718.2000000000003,1245.6,337.9940170940171,91.70598290598286,27.132427873856045,0.0,0,1.0192331402671069,0,2015-07-01,183.3,25.5,55.5,264.2999999999998,300.7000000000002,1137.2,127.8,-0.4999999999999997,-0.8660254037844388,1,JUL,1,0.45406562,1,TRUE_POSITIVE
Jammu & Kashmir,2007,3.0,1,259.3,388.2999999999997,622.8,1518.8,131.49487179487178,127.80512820512824,97.19400191096469,0.0,0,1.789060836035646,0,2007-03-01,116.7,12.3,115.8,244.79999999999973,566.5,1356.3,0.9000000000000057,1.0,6.123233995736766e-17,1,MAR,1,0.45295334,1,TRUE_POSITIVE
Himachal Pradesh,2002,5.0,1,27.0,287.8999999999997,528.4000000000002,1176.7,58.29230769230769,-31.292307692307688,-53.681710213776725,31.292307692307688,0,-0.9285958559287883,0,2002-05-01,124.0,136.9,136.5,397.39999999999975,522.2000000000003,1217.0,-12.5,0.4999999999999999,-0.8660254037844387,1,MAY,1,0.45188642,1,TRUE_POSITIVE
Orissa,2011,4.0,1,58.2,79.29999999999954,155.8,1351.8,33.72393162393162,24.476068376068383,72.57774285931524,0.0,0,1.0513663145797356,0,2011-04-01,4.9,16.2,3.7,24.799999999999542,230.6,1301.4,1.2000000000000002,0.8660254037844387,-0.4999999999999998,1,APR,1,0.45101565,1,TRUE_POSITIVE
Orissa,2009,4.0,1,1.1,4.299999999999489,8.9,1461.6,33.72393162393162,-32.62393162393162,-96.73822135489266,32.62393162393162,0,-1.4013567143034706,0,2009-04-01,2.7,0.5,1.9,5.099999999999488,29.9,1488.7,0.8000000000000003,0.8660254037844387,-0.4999999999999998,1,APR,1,0.45057476,1,TRUE_POSITIVE
West Uttar Pradesh,2014,7.0,2,151.6,184.59999999999988,241.8999999999997,701.2999999999997,246.865811965812,-95.26581196581196,-38.59011955005142,95.26581196581196,0,-1.1275008868768597,1,2014-07-01,22.0,11.0,5.3,38.29999999999988,138.59999999999977,783.5999999999999,16.7,-0.4999999999999997,-0.8660254037844388,1,JUL,1,0.44970942,1,TRUE_POSITIVE
East Madhya Pradesh,2004,4.0,1,1.7,2.0999999999994885,25.300000000000622,1396.4,7.066666666666666,-5.366666666666666,-75.94339622641509,5.366666666666666,0,-0.5148325307746919,0,2004-04-01,0.0,0.4,19.8,20.199999999999488,44.10000000000063,1395.7000000000005,-19.8,0.8660254037844387,-0.4999999999999998,1,APR,1,0.4495859,1,TRUE_POSITIVE
East Uttar Pradesh,2006,7.0,2,269.1,403.6000000000002,422.1,797.2000000000003,291.30256410256413,-22.20256410256411,-7.621822406872758,22.20256410256411,0,-0.2212460532104035,0,2006-07-01,107.4,27.1,7.8,142.30000000000018,152.99999999999994,818.4000000000001,99.6,-0.4999999999999997,-0.8660254037844388,1,JUL,1,0.44883546,1,TRUE_POSITIVE
Matathwada,2001,6.0,2,148.7,159.3000000000001,165.09999999999988,639.9000000000001,137.51880341880343,11.18119658119656,8.130667445632904,0.0,0,0.1957258330778394,0,2001-06-01,0.7,9.9,0.5,11.100000000000112,18.099999999999888,679.5000000000001,0.1999999999999999,1.2246467991473532e-16,-1.0,1,JUN,1,0.4480894,1,TRUE_POSITIVE
Madhya Maharashtra,2002,5.0,1,14.4,28.4,33.699999999999775,800.3000000000001,22.770940170940168,-8.370940170940168,-36.76150439156219,8.370940170940168,0,-0.3766686677294116,0,2002-05-01,13.0,1.0,3.1,17.1,24.999999999999773,794.3000000000001,9.9,0.4999999999999999,-0.8660254037844387,1,MAY,1,0.44771302,1,TRUE_POSITIVE
West Uttar Pradesh,2005,5.0,1,6.9,30.69999999999989,58.89999999999983,638.0999999999999,12.452991452991451,-5.552991452991453,-44.59162663006177,5.552991452991453,0,-0.4818482961679327,0,2005-05-01,1.2,22.6,17.9,41.69999999999989,52.69999999999983,652.8999999999999,-16.7,0.4999999999999999,-0.8660254037844387,1,MAY,1,0.44710267,1,TRUE_POSITIVE
East Madhya Pradesh,2009,5.0,1,3.7,8.19999999999943,24.400000000000627,1005.0000000000002,9.364957264957264,-5.664957264957265,-60.49101031304189,5.664957264957265,0,-0.4694158655169458,0,2009-05-01,2.7,1.8,1.0,5.499999999999432,23.700000000000628,1006.6000000000004,1.7000000000000002,0.4999999999999999,-0.8660254037844387,1,MAY,1,0.44699192,1,TRUE_POSITIVE
West Madhya Pradesh,2002,6.0,2,138.9,144.49999999999972,166.10000000000005,723.9000000000002,111.84615384615384,27.05384615384617,24.188445667125183,0.0,0,0.4486643180224785,0,2002-06-01,3.9,1.7,1.5,7.099999999999715,27.200000000000053,788.6000000000003,2.4,1.2246467991473532e-16,-1.0,1,JUN,1,0.44671237,1,TRUE_POSITIVE
Kerala,2016,8.0,2,231.0,1268.1999999999998,1582.3000000000006,2505.7000000000003,420.6923076923077,-189.69230769230768,-45.09051014810751,189.69230769230768,0,-1.190484096641804,1,2016-08-01,441.5,595.7,258.4,1295.5999999999997,1367.7000000000007,2526.9,183.1,-0.8660254037844385,-0.5000000000000004,1,AUG,1,0.44302002,1,TRUE_POSITIVE
West Uttar Pradesh,2014,6.0,2,22.0,38.29999999999988,138.59999999999977,783.5999999999999,77.5111111111111,-55.51111111111111,-71.61697247706422,55.51111111111111,0,-1.0051222962203847,1,2014-06-01,11.0,5.3,22.6,38.89999999999989,125.49999999999976,952.2,-11.6,1.2246467991473532e-16,-1.0,1,JUN,1,0.4426149,1,TRUE_POSITIVE
Bihar,2010,6.0,2,80.9,131.8000000000004,133.19999999999956,851.7999999999998,173.15897435897435,-92.25897435897434,-53.27992655333768,92.25897435897434,0,-1.21272696759964,1,2010-06-01,44.4,6.5,0.2,51.10000000000039,53.09999999999955,838.5999999999999,44.2,1.2246467991473532e-16,-1.0,1,JUN,1,0.44117624,1,TRUE_POSITIVE
Jharkhand,2011,6.0,2,349.0,429.3999999999998,441.60000000000025,1007.2,193.30427350427348,155.69572649572652,80.54437890752813,0.0,0,1.7908688825319787,0,2011-06-01,55.0,25.4,6.4,86.79999999999983,112.60000000000028,750.8,48.6,1.2246467991473532e-16,-1.0,1,JUN,1,0.4400655,1,TRUE_POSITIVE
East Madhya Pradesh,2017,7.0,2,353.8,484.1999999999995,492.90000000000055,1128.4000000000003,372.7735042735043,-18.97350427350426,-5.089821045753129,18.97350427350426,0,-0.1730509553714583,0,2017-07-01,119.0,11.4,0.0,130.39999999999944,143.70000000000056,1326.8000000000002,119.0,-0.4999999999999997,-0.8660254037844388,1,JUL,1,0.43998066,1,TRUE_POSITIVE
Chhattisgarh,2009,5.0,1,11.2,15.40000000000051,16.599999999999827,1065.9,20.98974358974359,-9.78974358974359,-46.6406059125336,9.78974358974359,0,-0.4785209091192255,0,2009-05-01,1.9,2.3,0.0,4.200000000000511,6.599999999999829,1064.2,1.9,0.4999999999999999,-0.8660254037844387,1,MAY,1,0.4385539,1,TRUE_POSITIVE
Himachal Pradesh,2005,6.0,2,52.6,140.19999999999982,654.2000000000003,1209.0000000000002,91.57948717948716,-38.97948717948717,-42.56355694926643,38.97948717948717,0,-0.8006070062710999,0,2005-06-01,52.4,35.2,143.3,230.8999999999998,651.0000000000002,1232.5,-90.9,1.2246467991473532e-16,-1.0,1,JUN,1,0.43813652,1,TRUE_POSITIVE
Naga Mani Mizo Tripura,2013,4.0,1,60.3,85.70000000000016,118.3,1710.4,171.34444444444443,-111.04444444444444,-64.80772971921405,111.04444444444444,0,-1.4132374368384184,0,2013-04-01,19.7,5.7,0.2,25.60000000000017,218.9,1893.6,19.5,0.8660254037844387,-0.4999999999999998,1,APR,1,0.43778872,1,TRUE_POSITIVE
Haryana Delhi & Chandigarh,2006,5.0,1,24.8,55.8,58.2,487.7999999999997,14.601709401709403,10.198290598290598,69.84312807305079,0.0,0,0.645141151232957,0,2006-05-01,0.6,30.4,0.1,31.1,34.2,470.5999999999997,0.5,0.4999999999999999,-0.8660254037844387,1,MAY,1,0.43607196,1,TRUE_POSITIVE
East Uttar Pradesh,2002,6.0,2,50.6,82.30000000000018,123.99999999999994,834.1000000000001,109.9128205128205,-59.3128205128205,-53.96351420706387,59.3128205128205,0,-0.9236570149954636,0,2002-06-01,29.2,2.5,0.6,32.30000000000017,73.39999999999995,1012.5000000000002,28.6,1.2246467991473532e-16,-1.0,1,JUN,1,0.43385014,1,TRUE_POSITIVE
Bihar,2016,6.0,2,128.7,216.6000000000004,232.09999999999948,862.7,173.15897435897435,-44.45897435897436,-25.675235443937687,44.45897435897436,0,-0.5844049051224302,0,2016-06-01,84.0,3.9,5.6,93.5000000000004,103.3999999999995,856.0999999999999,78.4,1.2246467991473532e-16,-1.0,1,JUN,1,0.43295836,1,TRUE_POSITIVE
Sub Himalayan West Bengal & Sikkim,2009,8.0,2,568.4,1375.1000000000013,1854.000000000001,2321.3,520.3042735042735,48.09572649572647,9.243769260590444,0.0,0,0.2888754354656517,0,2009-08-01,456.1,350.6,308.7,1115.4000000000017,1325.900000000001,2389.2,147.40000000000003,-0.8660254037844385,-0.5000000000000004,1,AUG,1,0.43262786,1,TRUE_POSITIVE
Assam & Meghalaya,2016,7.0,2,498.4,1201.4,1609.1999999999996,2590.7000000000003,494.5658119658119,3.83418803418806,0.7752634616913446,0.0,0,0.031232409294829,0,2016-07-01,369.0,334.0,327.8,1030.8,1129.6999999999994,2392.4,41.19999999999999,-0.4999999999999997,-0.8660254037844388,1,JUL,1,0.43210018,1,TRUE_POSITIVE
Madhya Maharashtra,2015,5.0,1,24.4,75.19999999999995,90.49999999999984,844.4000000000001,22.770940170940168,1.6290598290598304,7.154117558741843,0.0,0,0.073303091759471,0,2015-05-01,9.6,41.2,0.8,51.59999999999995,98.89999999999982,849.8000000000001,8.799999999999999,0.4999999999999999,-0.8660254037844387,1,MAY,1,0.43061838,1,TRUE_POSITIVE
East Uttar Pradesh,2006,5.0,1,27.1,45.60000000000017,48.49999999999994,768.5000000000001,17.473504273504275,9.626495726495726,55.0919585208374,0.0,0,0.6806571994388914,0,2006-05-01,7.8,10.7,0.0,18.50000000000017,21.39999999999994,749.4000000000001,7.8,0.4999999999999999,-0.8660254037844387,1,MAY,1,0.42404872,1,TRUE_POSITIVE
Himachal Pradesh,2005,5.0,1,52.4,230.8999999999998,651.0000000000002,1232.5,58.29230769230769,-5.892307692307689,-10.108207970440745,5.892307692307689,0,-0.1748535952904256,0,2005-05-01,35.2,143.3,222.9,401.3999999999998,607.9000000000003,1237.7,-187.7,0.4999999999999999,-0.8660254037844387,1,MAY,1,0.42353258,1,TRUE_POSITIVE
Uttarakhand,2002,4.0,1,76.3,299.49999999999983,369.7999999999992,1715.5,35.100854700854704,41.19914529914529,117.3736242329794,0.0,0,1.7110563351377794,0,2002-04-01,100.0,123.2,53.8,276.99999999999983,299.7999999999992,1687.4,46.2,0.8660254037844387,-0.4999999999999998,1,APR,1,0.42309618,1,TRUE_POSITIVE
Matathwada,2002,5.0,1,8.5,15.300000000000113,24.899999999999885,740.9000000000001,15.461538461538462,-6.961538461538462,-45.024875621890544,6.961538461538462,0,-0.3210342928343404,0,2002-05-01,6.1,0.7,4.1,10.900000000000112,17.199999999999886,733.1000000000001,2.0,0.4999999999999999,-0.8660254037844387,1,MAY,1,0.42257214,1,TRUE_POSITIVE
Naga Mani Mizo Tripura,2014,3.0,1,25.4,47.600000000000165,174.7,1579.1,77.44273504273504,-52.04273504273504,-67.20157160515627,52.04273504273504,0,-0.8627189108298906,0,2014-03-01,21.0,1.2,1.2,23.40000000000017,390.7,1573.4,19.8,1.0,6.123233995736766e-17,1,MAR,1,0.42233345,1,TRUE_POSITIVE
Himachal Pradesh,2002,6.0,2,56.1,207.09999999999977,547.2000000000003,1079.0,91.57948717948716,-35.47948717948717,-38.74174039646097,35.47948717948717,0,-0.7287198490838843,0,2002-06-01,27.0,124.0,136.9,287.8999999999997,528.4000000000002,1176.7,-109.9,1.2246467991473532e-16,-1.0,1,JUN,1,0.42138174,1,TRUE_POSITIVE
Orissa,2002,4.0,1,25.1,38.39999999999933,68.8,1659.8,33.72393162393162,-8.623931623931618,-25.572141825278138,8.623931623931618,0,-0.3704398545276922,0,2002-04-01,13.1,0.2,11.7,24.99999999999932,130.5,1663.4,1.4000000000000004,0.8660254037844387,-0.4999999999999998,1,APR,1,0.41989297,1,TRUE_POSITIVE
West Madhya Pradesh,2005,6.0,2,81.2,89.19999999999972,118.30000000000013,860.6000000000003,111.84615384615384,-30.64615384615384,-27.40027510316368,30.64615384615384,0,-0.5082395914135778,0,2005-06-01,1.9,6.1,12.3,20.299999999999716,37.90000000000011,863.1000000000001,-10.4,1.2246467991473532e-16,-1.0,1,JUN,1,0.41753405,1,TRUE_POSITIVE
Konkan & Goa,2015,4.0,1,3.6,40.40000000000045,62.800000000001134,2791.699999999999,4.195726495726496,-0.5957264957264958,-14.198411081686698,0.5957264957264958,0,-0.0658972029496612,0,2015-04-01,36.8,0.0,2.7,39.500000000000455,157.90000000000114,2788.7999999999997,34.099999999999994,0.8660254037844387,-0.4999999999999998,1,APR,1,0.41550046,1,TRUE_POSITIVE
Matathwada,2002,6.0,2,241.8,256.40000000000015,266.6999999999999,834.0000000000002,137.51880341880343,104.28119658119658,75.83050025792897,0.0,0,1.8254328977216143,0,2002-06-01,8.5,6.1,0.7,15.300000000000113,24.899999999999885,740.9000000000001,7.8,1.2246467991473532e-16,-1.0,1,JUN,1,0.41378292,1,TRUE_POSITIVE
Haryana Delhi & Chandigarh,2002,6.0,2,21.2,74.3,126.0,396.39999999999975,49.136752136752136,-27.936752136752137,-56.85510523569316,27.936752136752137,0,-0.8081765226329454,0,2002-06-01,52.0,1.1,9.0,62.1,105.0,492.39999999999975,43.0,1.2246467991473532e-16,-1.0,1,JUN,1,0.41359133,1,TRUE_POSITIVE
Chhattisgarh,2009,7.0,2,455.0,511.5000000000005,515.6999999999998,1049.3,398.082905982906,56.91709401709403,14.297799066895402,0.0,0,0.6208212967971423,0,2009-07-01,45.3,11.2,1.9,58.4000000000005,61.89999999999982,874.8,43.4,-0.4999999999999997,-0.8660254037844388,1,JUL,1,0.41191736,1,TRUE_POSITIVE
North Interior Karnataka,2014,5.0,1,93.0,148.5999999999999,154.79999999999984,795.0,47.041880341880336,45.958119658119664,97.69617907302096,0.0,0,1.7442365106904736,0,2014-05-01,26.4,29.2,6.1,61.69999999999992,65.99999999999983,749.4,20.3,0.4999999999999999,-0.8660254037844387,1,MAY,1,0.40742773,1,TRUE_POSITIVE
Gujarat Region,2015,6.0,2,120.7,127.10000000000028,134.99999999999977,820.7999999999996,120.65982905982906,0.0401709401709382,0.0332927209361613,0.0,0,0.0004783343125756,0,2015-06-01,0.9,5.5,6.1,12.500000000000284,14.299999999999772,711.6999999999996,-5.199999999999999,1.2246467991473532e-16,-1.0,1,JUN,1,0.40567085,1,TRUE_POSITIVE
West Madhya Pradesh,2005,5.0,1,1.9,20.29999999999972,37.90000000000011,863.1000000000001,7.670940170940171,-5.770940170940172,-75.23119777158776,5.770940170940172,0,-0.5595171340097638,0,2005-05-01,6.1,12.3,3.1,21.49999999999972,38.20000000000012,866.0000000000002,3.0,0.4999999999999999,-0.8660254037844387,1,MAY,1,0.40542442,1,TRUE_POSITIVE
Uttarakhand,2009,4.0,1,18.4,64.79999999999988,79.0999999999992,1251.8,35.100854700854704,-16.700854700854705,-47.57962403818058,16.700854700854705,0,-0.6936091278259077,1,2009-04-01,18.8,27.6,1.8,48.19999999999989,83.79999999999922,1326.4,17.0,0.8660254037844387,-0.4999999999999998,1,APR,1,0.40453845,1,TRUE_POSITIVE
North Interior Karnataka,2002,8.0,2,118.2,281.09999999999985,336.6999999999998,676.9000000000001,118.91965811965812,-0.7196581196581207,-0.605163293468262,0.7196581196581207,0,-0.0135131467583586,0,2002-08-01,54.7,108.2,40.6,203.49999999999983,226.39999999999984,667.5,14.1,-0.8660254037844385,-0.5000000000000004,1,AUG,1,0.40367255,1,TRUE_POSITIVE
West Uttar Pradesh,2005,7.0,2,298.2,372.1999999999999,413.8999999999998,819.8999999999999,246.865811965812,51.33418803418803,20.794369064476705,0.0,0,0.6075562821678525,0,2005-07-01,67.1,6.9,1.2,75.19999999999987,125.79999999999984,645.8999999999999,65.89999999999999,-0.4999999999999997,-0.8660254037844388,1,JUL,1,0.40291524,1,TRUE_POSITIVE
Arunachal Pradesh,2014,2.0,0,101.9,135.5000000000009,628.9999999999992,2104.8,90.88367346938776,11.016326530612249,12.121348213684236,0.0,0,0.2385795821002238,0,2014-02-01,19.0,14.6,13.3,46.90000000000091,757.2999999999992,2043.4,5.699999999999999,0.8660254037844386,0.5000000000000001,1,FEB,1,0.40209,1,TRUE_POSITIVE
West Uttar Pradesh,2002,5.0,1,21.5,24.19999999999989,78.69999999999983,691.2999999999998,12.452991452991451,9.047008547008549,72.64927934111188,0.0,0,0.7850337409477559,0,2002-05-01,0.7,2.0,37.6,40.29999999999989,58.29999999999984,699.3999999999999,-36.9,0.4999999999999999,-0.8660254037844387,1,MAY,1,0.4006742,1,TRUE_POSITIVE
East Uttar Pradesh,2014,7.0,2,224.5,283.0000000000002,325.9,796.6000000000001,291.30256410256413,-66.80256410256413,-22.93236391803395,66.80256410256413,0,-0.6656800351415457,0,2014-07-01,47.8,10.7,1.7,60.20000000000022,148.8,802.1,46.1,-0.4999999999999997,-0.8660254037844388,1,JUL,1,0.39655888,1,TRUE_POSITIVE
Tamil Nadu,2009,8.0,2,96.9,165.9999999999999,323.2,993.1,96.08205128205128,0.8179487179487239,0.8513023057216117,0.0,0,0.0218985395307319,0,2009-08-01,42.1,27.0,74.8,143.89999999999986,226.3,1022.7,-32.7,-0.8660254037844385,-0.5000000000000004,1,AUG,1,0.3917548,1,TRUE_POSITIVE
South Interior Karnataka,2016,8.0,2,85.9,454.6,558.5999999999999,975.7,173.54529914529914,-87.64529914529913,-50.50283676766084,87.64529914529913,0,-1.530119691126954,1,2016-08-01,196.5,172.2,92.0,460.7000000000001,473.0999999999999,1026.4,104.5,-0.8660254037844385,-0.5000000000000004,1,AUG,1,0.39110067,1,TRUE_POSITIVE
Chhattisgarh,2009,6.0,2,45.3,58.4000000000005,61.89999999999982,874.8,197.85982905982905,-152.55982905982904,-77.10500397415073,152.55982905982904,0,-1.7066375822692024,0,2009-06-01,11.2,1.9,2.3,15.40000000000051,16.599999999999827,1065.9,8.899999999999999,1.2246467991473532e-16,-1.0,1,JUN,1,0.39047685,1,TRUE_POSITIVE
Vidarbha,2001,6.0,2,338.6,364.7999999999996,389.0000000000002,1212.8000000000002,173.2888888888889,165.31111111111113,95.39625545011542,0.0,0,2.150065789704348,0,2001-06-01,7.9,18.3,15.2,41.3999999999996,50.90000000000023,1110.1,-7.299999999999999,1.2246467991473532e-16,-1.0,1,JUN,1,0.3898953,1,TRUE_POSITIVE
Bihar,2016,7.0,2,356.4,569.1000000000004,579.1999999999995,987.6,325.18888888888887,31.21111111111111,9.5978405712919,0.0,0,0.3237806383222935,0,2016-07-01,128.7,84.0,3.9,216.6000000000004,232.09999999999948,862.7,124.79999999999998,-0.4999999999999997,-0.8660254037844388,1,JUL,1,0.38776496,1,TRUE_POSITIVE
Tamil Nadu,2016,10.0,3,65.8,169.89999999999986,422.2000000000001,967.5,181.9564102564103,-116.15641025641028,-63.83749277792653,116.15641025641028,0,-1.7209749350613868,1,2016-10-01,49.0,55.1,86.8,190.8999999999999,362.7000000000001,1034.3,-37.8,-0.8660254037844386,0.5000000000000001,1,OCT,1,0.38693216,1,TRUE_POSITIVE
Assam & Meghalaya,2002,9.0,2,209.7,1087.3000000000002,2156.5999999999995,2490.0000000000005,310.6931623931624,-100.99316239316238,-32.505756359504936,100.99316239316238,0,-1.175337335052623,0,2002-09-01,312.5,565.1,502.5,1380.1,2030.1999999999996,2547.1000000000004,-190.0,-1.0,-1.8369701987210294e-16,1,SEP,1,0.385836,1,TRUE_POSITIVE
Chhattisgarh,2002,4.0,1,3.3,20.400000000000567,66.49999999999977,1628.7,16.53076923076923,-13.23076923076923,-80.03722661703118,13.23076923076923,0,-0.7747074681453429,0,2002-04-01,12.2,4.9,41.5,58.60000000000057,150.09999999999977,1643.0,-29.3,0.8660254037844387,-0.4999999999999998,1,APR,1,0.3832672,1,TRUE_POSITIVE
Coastal Karnataka,2009,3.0,1,35.2,35.59999999999943,160.00000000000043,3065.8,6.271794871794872,28.92820512820513,461.2428454619789,0.0,0,1.7592528924396582,0,2009-03-01,0.0,0.4,13.5,13.899999999999432,508.1000000000005,3192.0,-13.5,1.0,6.123233995736766e-17,1,MAR,1,0.38227153,1,TRUE_POSITIVE
Jammu & Kashmir,2004,2.0,0,70.6,328.2999999999997,501.4,1263.6,114.76581196581196,-44.16581196581197,-38.48342220501058,44.16581196581197,0,-0.6623215492076534,0,2004-02-01,176.0,81.7,33.7,291.3999999999997,616.3,1460.2,142.3,0.8660254037844386,0.5000000000000001,1,FEB,1,0.38195232,1,TRUE_POSITIVE
West Madhya Pradesh,2000,5.0,1,30.1,30.29999999999972,30.4,1046.7000000000005,7.670940170940171,22.42905982905983,292.3899721448468,0.0,0,2.1745925104686346,0,2000-05-01,0.1,0.1,41.5,0.2,0.6,1021.1000000000004,0.4,0.4999999999999999,-0.8660254037844387,1,MAY,1,0.3801446,1,TRUE_POSITIVE
West Uttar Pradesh,2002,6.0,2,29.0,51.19999999999989,107.59999999999984,555.8999999999999,77.5111111111111,-48.51111111111111,-62.58600917431193,48.51111111111111,0,-0.8783754894512008,0,2002-06-01,21.5,0.7,2.0,24.19999999999989,78.69999999999983,691.2999999999998,19.5,1.2246467991473532e-16,-1.0,1,JUN,1,0.37777373,1,TRUE_POSITIVE
Chhattisgarh,2015,4.0,1,37.0,59.40000000000046,78.89999999999995,1283.8,16.53076923076923,20.46923076923077,123.82503489995348,0.0,0,1.1985445190318358,0,2015-04-01,21.2,1.2,15.8,38.20000000000046,119.79999999999995,1264.1,5.399999999999999,0.8660254037844387,-0.4999999999999998,1,APR,1,0.377215,1,TRUE_POSITIVE
Assam & Meghalaya,2011,9.0,2,221.6,919.9999999999998,1566.3999999999994,1833.3000000000004,310.6931623931624,-89.09316239316237,-28.675610916863587,89.09316239316237,0,-1.0368476199501564,0,2011-09-01,302.6,395.8,316.0,1014.4,1453.7999999999993,1930.0,-13.399999999999975,-1.0,-1.8369701987210294e-16,1,SEP,1,0.3761187,1,TRUE_POSITIVE
Tamil Nadu,2016,8.0,2,55.1,204.8999999999999,316.80000000000007,1083.6999999999998,96.08205128205128,-40.98205128205128,-42.653181041844576,40.98205128205128,0,-1.0971923426949424,1,2016-08-01,86.8,63.0,102.5,252.2999999999999,262.50000000000006,1110.2,-15.700000000000005,-0.8660254037844385,-0.5000000000000004,1,AUG,1,0.37547952,1,TRUE_POSITIVE
Jammu & Kashmir,2004,1.0,0,176.0,291.3999999999997,616.3,1460.2,102.76495726495726,73.23504273504274,71.2646068116605,0.0,0,1.085448542888075,0,2004-01-01,81.7,33.7,13.3,128.6999999999997,576.3,1311.1,68.4,0.4999999999999999,0.8660254037844387,1,JAN,1,0.37313256,1,TRUE_POSITIVE
Lakshadweep,2011,4.0,1,85.9,91.80000000000037,379.8999999999999,1766.5,44.40964912280702,41.49035087719299,93.4264325359986,0.0,0,0.8184668515534664,0,2011-04-01,3.1,2.8,5.1,11.00000000000034,449.3999999999999,1716.1999999999998,-2.0,0.8660254037844387,-0.4999999999999998,1,APR,1,0.37310067,1,TRUE_POSITIVE
Gangetic West Bengal,2009,4.0,1,2.6,21.90000000000023,24.5,1463.6,44.38803418803418,-41.78803418803418,-94.14256556398506,41.78803418803418,0,-1.314455692325763,0,2009-04-01,17.9,1.4,2.4,21.700000000000227,94.2,1503.8,15.499999999999998,0.8660254037844387,-0.4999999999999998,1,APR,1,0.37250876,1,TRUE_POSITIVE
South Interior Karnataka,2003,8.0,2,152.2,432.9,499.0,766.0,173.54529914529914,-21.34529914529915,-12.299554785075454,21.34529914529915,0,-0.3726481950968313,0,2003-08-01,162.5,118.2,9.6,290.30000000000007,351.0,768.9000000000001,152.9,-0.8660254037844385,-0.5000000000000004,1,AUG,1,0.37161234,1,TRUE_POSITIVE
Rayalseema,2016,8.0,2,41.5,301.1000000000005,382.8,1069.6999999999998,107.4948717948718,-65.9948717948718,-61.393507144049806,65.9948717948718,0,-1.1753967793466982,0,2016-08-01,131.0,128.6,80.5,340.1000000000005,341.29999999999995,1151.8,50.5,-0.8660254037844385,-0.5000000000000004,1,AUG,1,0.37037942,1,TRUE_POSITIVE
Telangana,2002,4.0,1,7.7,25.400000000000222,61.59999999999972,899.1,17.93846153846154,-10.23846153846154,-57.07547169811321,10.23846153846154,0,-0.6437284916031035,0,2002-04-01,7.6,10.1,18.8,36.50000000000023,189.4999999999997,928.7,-11.2,0.8660254037844387,-0.4999999999999998,1,APR,1,0.36931872,1,TRUE_POSITIVE
Coastal Andhra Pradesh,2002,4.0,1,34.8,42.09999999999988,152.20000000000033,997.1,26.384615384615383,8.415384615384614,31.895043731778426,0.0,0,0.3950280894718178,0,2002-04-01,7.3,0.0,28.0,35.29999999999988,313.4000000000004,1016.4,-20.7,0.8660254037844387,-0.4999999999999998,1,APR,1,0.36847427,1,TRUE_POSITIVE
East Madhya Pradesh,2009,6.0,2,35.3,41.69999999999943,59.30000000000062,732.7000000000002,140.4820512820513,-105.18205128205128,-74.87223479594071,105.18205128205128,0,-1.3348964318926169,0,2009-06-01,3.7,2.7,1.8,8.19999999999943,24.400000000000627,1005.0000000000002,1.9,1.2246467991473532e-16,-1.0,1,JUN,1,0.36774784,1,TRUE_POSITIVE
Coastal Andhra Pradesh,2002,8.0,2,173.5,363.3999999999999,440.50000000000034,933.8,175.89572649572648,-2.3957264957264783,-1.3620151799337117,2.3957264957264783,0,-0.0433452599657783,0,2002-08-01,74.7,115.2,35.0,224.89999999999984,267.00000000000034,931.0,39.7,-0.8660254037844385,-0.5000000000000004,1,AUG,1,0.36423793,1,TRUE_POSITIVE
East Madhya Pradesh,2007,4.0,1,2.9,37.79999999999943,60.10000000000063,923.6000000000004,7.066666666666666,-4.166666666666666,-58.96226415094339,4.166666666666666,0,-0.3997146978064378,0,2007-04-01,8.6,26.3,7.0,41.89999999999943,70.20000000000063,934.9000000000002,1.5999999999999996,0.8660254037844387,-0.4999999999999998,1,APR,1,0.36306682,1,TRUE_POSITIVE
West Madhya Pradesh,2002,5.0,1,3.9,7.099999999999715,27.200000000000053,788.6000000000003,7.670940170940171,-3.7709401709401713,-49.15877437325906,3.7709401709401713,0,-0.3656086485857639,0,2002-05-01,1.7,1.5,19.7,22.899999999999714,23.30000000000005,801.1000000000003,-18.0,0.4999999999999999,-0.8660254037844387,1,MAY,1,0.36246547,1,TRUE_POSITIVE
Haryana Delhi & Chandigarh,2006,7.0,2,135.2,205.4,236.5,438.89999999999975,149.408547008547,-14.208547008547017,-9.509862248867334,14.208547008547017,0,-0.2059036183479606,0,2006-07-01,45.4,24.8,0.6,70.80000000000001,103.6,479.2999999999997,44.8,-0.4999999999999997,-0.8660254037844388,1,JUL,1,0.36116645,1,TRUE_POSITIVE
Chhattisgarh,2009,4.0,1,1.9,4.200000000000511,6.599999999999829,1064.2,16.53076923076923,-14.63076923076923,-88.50628199162401,14.63076923076923,0,-0.8566823281467687,0,2009-04-01,2.3,0.0,1.2,3.500000000000512,15.399999999999828,1073.4999999999998,1.1,0.8660254037844387,-0.4999999999999998,1,APR,1,0.3593108,1,TRUE_POSITIVE
West Madhya Pradesh,2005,7.0,2,345.7,428.7999999999997,450.3000000000001,988.3000000000002,304.0059829059829,41.69401709401711,13.714867285000585,0.0,0,0.4336574989844328,0,2005-07-01,81.2,1.9,6.1,89.19999999999972,118.30000000000013,860.6000000000003,75.10000000000001,-0.4999999999999997,-0.8660254037844388,1,JUL,1,0.35730004,1,TRUE_POSITIVE
Haryana Delhi & Chandigarh,2002,5.0,1,52.0,62.1,105.0,492.39999999999975,14.601709401709403,37.3982905982906,256.12268789510654,0.0,0,2.3658059179809983,0,2002-05-01,1.1,9.0,31.1,41.2,53.1,488.19999999999976,-30.0,0.4999999999999999,-0.8660254037844387,1,MAY,1,0.35549065,1,TRUE_POSITIVE
Tamil Nadu,2001,8.0,2,18.7,95.79999999999994,247.6,807.9,96.08205128205128,-77.38205128205128,-80.5374679760888,77.38205128205128,0,-2.07171167554218,1,2001-08-01,37.2,39.9,45.0,122.09999999999994,239.79999999999995,925.3,-7.799999999999997,-0.8660254037844385,-0.5000000000000004,1,AUG,1,0.3547289,1,TRUE_POSITIVE
Jharkhand,2009,4.0,1,0.8,3.599999999999887,6.400000000000285,1290.9,19.0965811965812,-18.2965811965812,-95.81076847334737,18.2965811965812,0,-1.1332563611269475,0,2009-04-01,2.0,0.8,1.8,4.599999999999886,39.600000000000286,1300.8000000000002,0.1999999999999999,0.8660254037844387,-0.4999999999999998,1,APR,1,0.35353345,1,TRUE_POSITIVE
Haryana Delhi & Chandigarh,2004,5.0,1,40.7,58.8,95.5,623.9999999999998,14.601709401709403,26.0982905982906,178.73448841020837,0.0,0,1.6509709229717018,0,2004-05-01,18.1,0.0,0.3,18.4,54.900000000000006,590.7999999999997,17.8,0.4999999999999999,-0.8660254037844387,1,MAY,1,0.35145268,1,TRUE_POSITIVE
Jharkhand,2002,4.0,1,11.5,27.6,36.80000000000023,1241.2,19.0965811965812,-7.596581196581198,-39.77979680436826,7.596581196581198,0,-0.4705181733870377,0,2002-04-01,10.7,5.4,9.0,25.1,140.80000000000024,1243.7,1.6999999999999993,0.8660254037844387,-0.4999999999999998,1,APR,1,0.34898627,1,TRUE_POSITIVE
Gujarat Region,2002,6.0,2,234.2,234.20000000000024,238.3999999999997,862.0999999999997,120.65982905982906,113.54017094017092,94.09939648088854,0.0,0,1.3519763138548666,0,2002-06-01,0.0,0.0,0.1,0.1000000000002273,4.199999999999772,844.7999999999996,-0.1,1.2246467991473532e-16,-1.0,1,JUN,1,0.3461074,1,TRUE_POSITIVE
Haryana Delhi & Chandigarh,2002,4.0,1,1.1,41.2,53.1,488.19999999999976,7.545299145299145,-6.4452991452991455,-85.42138649750794,6.4452991452991455,0,-0.5052570403386704,0,2002-04-01,9.0,31.1,11.6,51.7,63.10000000000001,506.89999999999975,-2.6,0.8660254037844387,-0.4999999999999998,1,APR,1,0.3423583,1,TRUE_POSITIVE
Gujarat Region,2015,7.0,2,354.7,476.3000000000003,487.89999999999975,867.9999999999998,350.382905982906,4.317094017094007,1.2321074868032014,0.0,0,0.0276926954351787,0,2015-07-01,120.7,0.9,5.5,127.10000000000028,134.99999999999977,820.7999999999996,115.2,-0.4999999999999997,-0.8660254037844388,1,JUL,1,0.3423495,1,TRUE_POSITIVE
East Madhya Pradesh,2009,7.0,2,317.6,356.59999999999945,362.1000000000007,782.1000000000003,372.7735042735043,-55.17350427350425,-14.800811656673806,55.17350427350425,0,-0.5032189883370312,0,2009-07-01,35.3,3.7,2.7,41.69999999999943,59.30000000000062,732.7000000000002,32.599999999999994,-0.4999999999999997,-0.8660254037844388,1,JUL,1,0.34212786,1,TRUE_POSITIVE
North Interior Karnataka,2002,4.0,1,14.7,22.899999999999828,30.59999999999983,600.3,24.06410256410257,-9.364102564102566,-38.91315929675014,9.364102564102566,0,-0.5977452721986288,0,2002-04-01,0.3,7.9,3.8,11.99999999999983,153.39999999999984,607.6999999999999,-3.5,0.8660254037844387,-0.4999999999999998,1,APR,1,0.33924946,1,TRUE_POSITIVE
Arunachal Pradesh,2010,1.0,0,0.6,50.40000000000085,656.0999999999991,1732.6,46.71632653061224,-46.11632653061224,-98.71565243982351,46.11632653061224,0,-1.3493597074172572,0,2010-01-01,15.9,33.9,82.9,132.70000000000087,985.3999999999992,1750.0,-67.0,0.4999999999999999,0.8660254037844387,1,JAN,1,0.33778614,1,TRUE_POSITIVE
Himachal Pradesh,2002,4.0,1,124.0,397.39999999999975,522.2000000000003,1217.0,62.51965811965812,61.48034188034188,98.33761688631267,0.0,0,1.723061127656432,0,2002-04-01,136.9,136.5,66.7,340.0999999999998,403.2000000000003,1159.9,70.2,0.8660254037844387,-0.4999999999999998,1,APR,1,0.337473,1,TRUE_POSITIVE
Assam & Meghalaya,2014,2.0,0,28.3,32.29999999999988,388.89999999999947,1836.1,31.363247863247864,-3.063247863247863,-9.766998228641503,3.063247863247863,0,-0.1469874571042539,0,2014-02-01,2.0,2.0,1.0,4.999999999999886,650.2999999999994,1817.4000000000003,1.0,0.8660254037844386,0.5000000000000001,1,FEB,1,0.33730263,1,TRUE_POSITIVE
Kerala,2016,9.0,2,84.1,756.5999999999997,1644.000000000001,2296.9,245.8615384615385,-161.76153846153846,-65.79375508416244,161.76153846153846,0,-1.3122984526340162,1,2016-09-01,231.0,441.5,595.7,1268.1999999999998,1582.3000000000006,2505.7000000000003,-364.7000000000001,-1.0,-1.8369701987210294e-16,1,SEP,1,0.33394098,1,TRUE_POSITIVE
Assam & Meghalaya,2014,1.0,0,2.0,4.999999999999886,650.2999999999994,1817.4000000000003,16.86068376068376,-14.86068376068376,-88.138084858316,14.86068376068376,0,-0.9527206754804,0,2014-01-01,2.0,1.0,126.3,129.2999999999999,1016.0999999999996,1816.5,-124.3,0.4999999999999999,0.8660254037844387,1,JAN,1,0.33358333,1,TRUE_POSITIVE
Madhya Maharashtra,2014,4.0,1,7.5,38.09999999999994,46.49999999999983,991.8000000000002,9.00940170940171,-1.5094017094017094,-16.753628687980267,1.5094017094017094,0,-0.1609279913518836,0,2014-04-01,24.4,6.2,3.1,33.699999999999946,96.79999999999984,990.0000000000002,21.3,0.8660254037844387,-0.4999999999999998,1,APR,1,0.3323363,1,TRUE_POSITIVE
Tamil Nadu,2009,9.0,2,114.4,253.3999999999999,396.6,1036.8,111.52136752136752,2.8786324786324826,2.5812385039852885,0.0,0,0.0732234511981179,0,2009-09-01,96.9,42.1,27.0,165.9999999999999,323.2,993.1,69.9,-1.0,-1.8369701987210294e-16,1,SEP,1,0.3321712,1,TRUE_POSITIVE
Lakshadweep,2011,3.0,1,3.1,11.00000000000034,449.3999999999999,1716.1999999999998,15.006140350877194,-11.906140350877196,-79.34178991056294,11.906140350877196,0,-0.5259055680739282,0,2011-03-01,2.8,5.1,81.5,89.40000000000035,607.8,1714.2999999999995,-78.7,1.0,6.123233995736766e-17,1,MAR,1,0.3311846,1,TRUE_POSITIVE
Gangetic West Bengal,2009,3.0,1,17.9,21.700000000000227,94.2,1503.8,29.01965811965812,-11.119658119658125,-38.31767443230349,11.119658119658125,0,-0.3643091292035459,0,2009-03-01,1.4,2.4,0.2,4.000000000000227,343.6,1497.4,1.2,1.0,6.123233995736766e-17,1,MAR,1,0.3311653,1,TRUE_POSITIVE
Konkan & Goa,2014,3.0,1,1.8,8.400000000000455,161.30000000000115,3524.999999999999,1.3683760683760684,0.4316239316239316,31.54278575890069,0.0,0,0.0916346058047365,0,2014-03-01,5.3,1.3,1.5,8.100000000000454,500.2000000000011,3523.2999999999997,3.8,1.0,6.123233995736766e-17,1,MAR,1,0.33098102,1,TRUE_POSITIVE
Matathwada,2001,5.0,1,0.7,11.100000000000112,18.099999999999888,679.5000000000001,15.461538461538462,-14.761538461538462,-95.4726368159204,14.761538461538462,0,-0.6807345944188943,0,2001-05-01,9.9,0.5,0.5,10.900000000000114,18.099999999999888,695.1000000000001,9.4,0.4999999999999999,-0.8660254037844387,1,MAY,1,0.33044598,1,TRUE_POSITIVE
Tamil Nadu,2002,4.0,1,9.2,35.19999999999993,117.99999999999994,382.1,44.42820512820513,-35.22820512820513,-79.29243377387893,35.22820512820513,0,-1.2571128066410369,1,2002-04-01,3.9,22.1,2.9,28.899999999999928,178.29999999999995,466.7,1.0,0.8660254037844387,-0.4999999999999998,1,APR,1,0.32870534,1,TRUE_POSITIVE
Tamil Nadu,2016,9.0,2,49.0,190.8999999999999,362.7000000000001,1034.3,111.52136752136752,-62.52136752136752,-56.062231759656655,62.52136752136752,0,-1.5903490068712358,1,2016-09-01,55.1,86.8,63.0,204.8999999999999,316.80000000000007,1083.6999999999998,-7.899999999999999,-1.0,-1.8369701987210294e-16,1,SEP,1,0.32686555,1,TRUE_POSITIVE
West Uttar Pradesh,2006,5.0,1,34.1,58.29999999999988,59.39999999999984,725.6999999999998,12.452991452991451,21.647008547008543,173.82978723404256,0.0,0,1.878370293527049,0,2006-05-01,4.0,20.2,0.0,24.19999999999989,25.29999999999983,698.4999999999998,4.0,0.4999999999999999,-0.8660254037844387,1,MAY,1,0.32340968,1,TRUE_POSITIVE
South Interior Karnataka,2002,4.0,1,20.6,34.3,78.4,868.8000000000001,41.924786324786325,-21.324786324786324,-50.86438881187311,21.324786324786324,0,-0.9649216225795466,0,2002-04-01,2.3,11.4,2.0,15.7,180.5,938.8,0.2999999999999998,0.8660254037844387,-0.4999999999999998,1,APR,1,0.32142612,1,TRUE_POSITIVE
West Uttar Pradesh,2009,6.0,2,17.1,38.599999999999895,44.99999999999983,620.8999999999999,77.5111111111111,-60.411111111111104,-77.93864678899082,60.411111111111104,0,-1.0938450609588133,0,2009-06-01,12.8,8.7,1.2,22.69999999999989,27.899999999999828,797.5999999999999,11.6,1.2246467991473532e-16,-1.0,1,JUN,1,0.3213023,1,TRUE_POSITIVE
Coastal Andhra Pradesh,2014,4.0,1,6.0,16.299999999999944,72.60000000000034,1057.3,26.384615384615383,-20.384615384615383,-77.25947521865889,20.384615384615383,0,-0.9568779132544034,0,2014-04-01,9.1,1.2,0.4,10.699999999999942,478.1000000000004,1099.3,8.7,0.8660254037844387,-0.4999999999999998,1,APR,1,0.3174478,1,TRUE_POSITIVE
Orissa,2014,4.0,1,11.7,54.39999999999955,55.599999999999945,1619.9,33.72393162393162,-22.02393162393162,-65.30653622931291,22.02393162393162,0,-0.9460351012358352,0,2014-04-01,25.1,17.6,0.0,42.69999999999955,434.8999999999999,1661.8,25.1,0.8660254037844387,-0.4999999999999998,1,APR,1,0.3160691,1,TRUE_POSITIVE
Rayalseema,2016,9.0,2,90.8,263.30000000000047,472.7999999999999,1024.1999999999998,131.90769230769232,-41.10769230769232,-31.16398413809191,41.10769230769232,0,-0.7987283596368527,0,2016-09-01,41.5,131.0,128.6,301.1000000000005,382.8,1069.6999999999998,-87.1,-1.0,-1.8369701987210294e-16,1,SEP,1,0.31427,1,TRUE_POSITIVE
Matathwada,2001,4.0,1,9.9,10.900000000000114,18.099999999999888,695.1000000000001,7.490598290598291,2.4094017094017097,32.16567777270653,0.0,0,0.2415366319143772,0,2001-04-01,0.5,0.5,4.8,5.800000000000113,38.999999999999886,685.6000000000001,-4.3,0.8660254037844387,-0.4999999999999998,1,APR,1,0.313734,1,TRUE_POSITIVE
Jammu & Kashmir,2007,2.0,0,116.7,244.79999999999973,566.5,1356.3,114.76581196581196,1.93418803418804,1.6853346837856404,0.0,0,0.0290055669361172,0,2007-02-01,12.3,115.8,72.5,200.5999999999997,781.3000000000001,1331.9,-60.2,0.8660254037844386,0.5000000000000001,1,FEB,1,0.31333366,1,TRUE_POSITIVE
East Uttar Pradesh,2006,8.0,2,146.7,523.2000000000003,568.8,716.6000000000001,274.4025641025641,-127.70256410256412,-46.53840044105142,127.70256410256412,0,-1.5687615741808103,0,2006-08-01,269.1,107.4,27.1,403.6000000000002,422.1,797.2000000000003,242.00000000000003,-0.8660254037844385,-0.5000000000000004,1,AUG,1,0.31321347,1,TRUE_POSITIVE
East Madhya Pradesh,2002,4.0,1,0.2,30.99999999999949,33.800000000000686,1174.4,7.066666666666666,-6.866666666666666,-97.16981132075472,6.866666666666666,0,-0.6587298219850095,0,2002-04-01,1.2,29.6,1.8,32.59999999999949,143.60000000000068,1197.2000000000005,-0.6000000000000001,0.8660254037844387,-0.4999999999999998,1,APR,1,0.31233662,1,TRUE_POSITIVE
South Interior Karnataka,2001,4.0,1,90.6,93.4,120.1,1237.7,41.924786324786325,48.67521367521367,116.10128027399492,0.0,0,2.202496449134476,0,2001-04-01,1.7,1.1,0.5,3.3,235.7,1193.4,1.2,0.8660254037844387,-0.4999999999999998,1,APR,1,0.31039584,1,TRUE_POSITIVE
Vidarbha,2002,4.0,1,2.9,7.999999999999601,15.100000000000229,1090.0,9.31794871794872,-6.417948717948718,-68.87727022564667,6.417948717948718,0,-0.4899774433990209,0,2002-04-01,1.1,4.0,2.4,7.499999999999602,141.4000000000002,1105.4,-1.2999999999999998,0.8660254037844387,-0.4999999999999998,1,APR,1,0.3067013,1,TRUE_POSITIVE
East Uttar Pradesh,2002,4.0,1,2.5,29.200000000000173,46.99999999999994,1010.0,6.337606837606837,-3.837606837606837,-60.552933243425485,3.837606837606837,0,-0.4248545783811716,0,2002-04-01,0.6,26.1,15.0,41.70000000000017,119.79999999999994,1011.7000000000002,-14.4,0.8660254037844387,-0.4999999999999998,1,APR,1,0.30600253,1,TRUE_POSITIVE
Telangana,2002,8.0,2,321.7,556.6000000000001,603.8999999999996,905.7,214.2709401709401,107.4290598290598,50.137017993833176,0.0,0,1.236887400993986,0,2002-08-01,91.7,143.2,32.0,266.9000000000002,292.29999999999967,850.8000000000001,59.7,-0.8660254037844385,-0.5000000000000004,1,AUG,1,0.30079457,1,TRUE_POSITIVE
Saurashtra & Kutch,2002,6.0,2,166.4,166.3999999999999,166.40000000000023,502.5999999999999,74.06666666666666,92.33333333333334,124.66246624662467,0.0,0,1.4738536979819288,0,2002-06-01,0.0,0.0,0.0,0.0,0.0,509.0999999999999,0.0,1.2246467991473532e-16,-1.0,1,JUN,1,0.29713064,1,TRUE_POSITIVE
Jammu & Kashmir,2008,2.0,0,130.8,331.2999999999997,365.9,1178.9,114.76581196581196,16.03418803418805,13.971223450207049,0.0,0,0.2404526892273791,0,2008-02-01,153.5,47.0,0.0,200.4999999999997,431.9,1164.8000000000002,153.5,0.8660254037844386,0.5000000000000001,1,FEB,1,0.29666665,1,TRUE_POSITIVE
Assam & Meghalaya,2011,1.0,0,11.1,30.29999999999977,851.7999999999995,2722.0000000000005,16.86068376068376,-5.76068376068376,-34.166370963653875,5.76068376068376,0,-0.3693183040626845,0,2011-01-01,7.6,11.6,116.2,135.39999999999978,1255.7999999999993,2711.4000000000005,-108.6,0.4999999999999999,0.8660254037844387,1,JAN,1,0.2962613,1,TRUE_POSITIVE
South Interior Karnataka,2003,4.0,1,36.4,60.70000000000003,80.19999999999997,780.3,41.924786324786325,-5.524786324786327,-13.177852075348614,5.524786324786327,0,-0.2499901149640958,0,2003-04-01,20.1,4.2,0.1,24.40000000000003,212.2,764.5,20.0,0.8660254037844387,-0.4999999999999998,1,APR,1,0.29595762,1,TRUE_POSITIVE
Orissa,2009,3.0,1,2.7,5.099999999999488,29.9,1488.7,21.15811965811966,-18.45811965811966,-87.23894162795395,18.45811965811966,0,-0.8356499825413494,0,2009-03-01,0.5,1.9,0.0,2.3999999999994883,382.2,1503.5,0.5,1.0,6.123233995736766e-17,1,MAR,1,0.29235825,1,TRUE_POSITIVE
Matathwada,2002,4.0,1,6.1,10.900000000000112,17.199999999999886,733.1000000000001,7.490598290598291,-1.390598290598291,-18.564582382473763,1.390598290598291,0,-0.1394040795050343,0,2002-04-01,0.7,4.1,5.5,10.300000000000113,181.59999999999988,736.9000000000001,-4.8,0.8660254037844387,-0.4999999999999998,1,APR,1,0.29040408,1,TRUE_POSITIVE
Matathwada,2014,4.0,1,11.9,104.30000000000015,126.19999999999987,972.2000000000002,7.490598290598291,4.40940170940171,58.86581469648563,0.0,0,0.4420317431877517,0,2014-04-01,79.0,13.4,1.4,93.80000000000015,208.59999999999988,968.2000000000002,77.6,0.8660254037844387,-0.4999999999999998,1,APR,1,0.2899435,1,TRUE_POSITIVE
Jammu & Kashmir,2003,12.0,3,81.7,128.6999999999997,576.3,1311.1,55.225,26.475,47.9402444545043,0.0,0,0.5444891124161201,0,2003-12-01,33.7,13.3,126.1,173.0999999999997,535.6,1244.0,-92.4,-2.4492935982947064e-16,1.0,1,DEC,1,0.289242,1,TRUE_POSITIVE
Madhya Maharashtra,2002,4.0,1,13.0,17.1,24.999999999999773,794.3000000000001,9.00940170940171,3.99059829059829,44.29371027416754,0.0,0,0.4254659069206934,0,2002-04-01,1.0,3.1,1.7,5.8,137.49999999999977,786.0000000000001,-0.7,0.8660254037844387,-0.4999999999999998,1,APR,1,0.28841737,1,TRUE_POSITIVE
Jammu & Kashmir,2007,1.0,0,12.3,200.5999999999997,781.3000000000001,1331.9,102.76495726495726,-90.46495726495726,-88.03093941032145,90.46495726495726,0,-1.3408206287383482,0,2007-01-01,115.8,72.5,46.2,234.4999999999997,978.0,1519.9,69.6,0.4999999999999999,0.8660254037844387,1,JAN,1,0.2875408,1,TRUE_POSITIVE
North Interior Karnataka,2001,4.0,1,22.1,22.199999999999804,27.59999999999983,725.3,24.06410256410257,-1.964102564102564,-8.161960575386255,1.964102564102564,0,-0.1253759251106654,1,2001-04-01,0.1,0.0,2.1,2.199999999999801,120.59999999999982,711.6,-2.0,0.8660254037844387,-0.4999999999999998,1,APR,1,0.2870373,1,TRUE_POSITIVE
Jharkhand,2011,4.0,1,25.4,34.29999999999983,62.30000000000028,724.9999999999999,19.0965811965812,6.303418803418801,33.0081009712214,0.0,0,0.3904220891909762,0,2011-04-01,6.4,2.5,3.3,12.199999999999829,92.00000000000028,705.9,3.1000000000000005,0.8660254037844387,-0.4999999999999998,1,APR,1,0.28695452,1,TRUE_POSITIVE
North Interior Karnataka,2001,5.0,1,13.3,35.4999999999998,38.09999999999983,689.5999999999999,47.041880341880336,-33.74188034188033,-71.72732062719162,33.74188034188033,0,-1.2805967709181247,1,2001-05-01,22.1,0.1,0.0,22.199999999999804,27.59999999999983,725.3,22.1,0.4999999999999999,-0.8660254037844387,1,MAY,1,0.28536385,1,TRUE_POSITIVE
Orissa,2014,3.0,1,25.1,42.69999999999955,434.8999999999999,1661.8,21.15811965811966,3.941880341880342,18.63057968087255,0.0,0,0.1784597943823255,0,2014-03-01,17.6,0.0,0.0,17.599999999999547,617.8999999999999,1638.8,17.6,1.0,6.123233995736766e-17,1,MAR,1,0.28526932,1,TRUE_POSITIVE
South Interior Karnataka,2001,3.0,1,1.7,3.3,235.7,1193.4,9.494017094017094,-7.794017094017094,-82.09398631616853,7.794017094017094,0,-0.5621722607055194,0,2001-03-01,1.1,0.5,12.1,13.7,417.5,1191.9999999999998,-11.0,1.0,6.123233995736766e-17,1,MAR,1,0.28381205,1,TRUE_POSITIVE
Kerala,2016,2.0,0,16.4,98.79999999999956,923.4000000000004,2611.2000000000003,15.374358974358977,1.0256410256410238,6.671114076050689,0.0,0,0.0635944390096768,0,2016-02-01,3.0,79.4,223.6,305.99999999999955,1159.2000000000005,2600.6000000000004,-220.6,0.8660254037844386,0.5000000000000001,1,FEB,1,0.28340045,1,TRUE_POSITIVE
Jammu & Kashmir,2008,1.0,0,153.5,200.4999999999997,431.9,1164.8000000000002,102.76495726495726,50.73504273504274,49.36998378176072,0.0,0,0.7519662193597025,0,2008-01-01,47.0,0.0,1.6,48.59999999999972,410.8,1023.6,45.4,0.4999999999999999,0.8660254037844387,1,JAN,1,0.28187388,1,TRUE_POSITIVE
Naga Mani Mizo Tripura,2014,2.0,0,21.0,23.40000000000017,390.7,1573.4,36.41367521367521,-15.413675213675212,-42.32935874565768,15.413675213675212,0,-0.4108054070385425,0,2014-02-01,1.2,1.2,0.3,2.7000000000001707,661.0,1558.1,0.8999999999999999,0.8660254037844386,0.5000000000000001,1,FEB,1,0.2809923,1,TRUE_POSITIVE
South Interior Karnataka,2015,4.0,1,80.5,105.10000000000004,145.69999999999993,1223.7,41.924786324786325,38.57521367521368,92.01051944874828,0.0,0,1.7454832702157388,0,2015-04-01,24.4,0.2,1.7,26.30000000000005,218.09999999999997,1189.9,22.7,0.8660254037844387,-0.4999999999999998,1,APR,1,0.278494,1,TRUE_POSITIVE
Chhattisgarh,2009,8.0,2,247.1,747.4000000000005,762.7999999999998,991.2999999999998,388.8282051282051,-141.72820512820513,-36.450083419610536,141.72820512820513,0,-1.658736438875614,0,2009-08-01,455.0,45.3,11.2,511.5000000000005,515.6999999999998,1049.3,443.8,-0.8660254037844385,-0.5000000000000004,1,AUG,1,0.2779329,1,TRUE_POSITIVE
North Interior Karnataka,2014,4.0,1,26.4,61.69999999999992,65.99999999999983,749.4,24.06410256410257,2.335897435897433,9.706979222163014,0.0,0,0.1491089657647724,0,2014-04-01,29.2,6.1,0.0,35.29999999999991,140.59999999999982,748.4,29.2,0.8660254037844387,-0.4999999999999998,1,APR,1,0.27390558,1,TRUE_POSITIVE
North Interior Karnataka,2003,4.0,1,24.9,41.59999999999984,45.29999999999983,545.6,24.06410256410257,0.8358974358974329,3.47362812999466,0.0,0,0.0533584224361312,0,2003-04-01,15.2,1.5,0.3,16.999999999999844,146.79999999999984,535.4000000000001,14.9,0.8660254037844387,-0.4999999999999998,1,APR,1,0.2701435,1,TRUE_POSITIVE
Gujarat Region,2015,5.0,1,0.9,12.500000000000284,14.299999999999772,711.6999999999996,5.715384615384615,-4.815384615384614,-84.25302826379541,4.815384615384614,0,-0.3469584355520672,0,2015-05-01,5.5,6.1,0.0,11.600000000000284,14.699999999999772,712.0999999999997,5.5,0.4999999999999999,-0.8660254037844387,1,MAY,1,0.2687692,1,TRUE_POSITIVE
Jharkhand,2010,4.0,1,6.3,9.49999999999983,14.200000000000284,1000.6,19.0965811965812,-12.796581196581196,-67.00980172761044,12.796581196581196,0,-0.7925965449989566,1,2010-04-01,0.9,2.3,0.2,3.3999999999998294,90.10000000000028,995.1,0.7,0.8660254037844387,-0.4999999999999998,1,APR,1,0.266105,1,TRUE_POSITIVE
West Madhya Pradesh,2002,4.0,1,1.7,22.899999999999714,23.30000000000005,801.1000000000003,2.3367521367521364,-0.6367521367521365,-27.24945135332845,0.6367521367521365,0,-0.1837292656493362,0,2002-04-01,1.5,19.7,0.4,21.599999999999717,83.80000000000005,805.4000000000002,1.1,0.8660254037844387,-0.4999999999999998,1,APR,1,0.26232517,1,TRUE_POSITIVE
Orissa,2001,8.0,2,380.9,1301.1999999999994,1433.1999999999998,1621.3,354.62820512820514,26.27179487179484,7.40826434329922,0.0,0,0.3248496251545396,0,2001-08-01,584.2,336.1,71.0,991.2999999999994,1053.7,1514.0,513.2,-0.8660254037844385,-0.5000000000000004,1,AUG,1,0.25932178,1,TRUE_POSITIVE
West Uttar Pradesh,2002,4.0,1,0.7,40.29999999999989,58.29999999999984,699.3999999999999,6.162393162393163,-5.4623931623931625,-88.64077669902912,5.4623931623931625,0,-0.5488197605640923,0,2002-04-01,2.0,37.6,16.8,56.399999999999885,73.89999999999984,710.6999999999999,-14.8,0.8660254037844387,-0.4999999999999998,1,APR,1,0.25774017,1,TRUE_POSITIVE
East Uttar Pradesh,2015,8.0,2,175.8,450.1000000000002,530.1,754.0000000000001,274.4025641025641,-98.60256410256407,-35.93354326882645,98.60256410256407,0,-1.2112827551024623,1,2015-08-01,179.0,95.3,8.6,282.9000000000002,358.4,716.3000000000002,170.4,-0.8660254037844385,-0.5000000000000004,1,AUG,1,0.25756177,1,TRUE_POSITIVE
Punjab,2002,4.0,1,3.3,16.699999999999914,23.79999999999997,419.30000000000007,12.555555555555555,-9.255555555555556,-73.71681415929204,9.255555555555556,0,-0.5561260327031927,0,2002-04-01,6.8,6.6,2.4,15.799999999999915,21.99999999999997,440.50000000000006,4.4,0.8660254037844387,-0.4999999999999998,1,APR,1,0.2573413,1,TRUE_POSITIVE
Jammu & Kashmir,2007,12.0,3,47.0,48.59999999999972,410.8,1023.6,55.225,-8.225000000000001,-14.893617021276595,8.225000000000001,0,-0.1691566742067077,0,2007-12-01,0.0,1.6,33.0,34.59999999999972,507.7000000000001,1092.4,-33.0,-2.4492935982947064e-16,1.0,1,DEC,1,0.25668037,1,TRUE_POSITIVE
Jharkhand,2004,4.0,1,41.0,46.79999999999994,65.90000000000023,1211.9,19.0965811965812,21.9034188034188,114.69811574094793,0.0,0,1.3566572040267333,0,2004-04-01,3.1,2.7,5.5,11.299999999999942,280.4000000000002,1188.8,-2.4,0.8660254037844387,-0.4999999999999998,1,APR,1,0.2543407,1,TRUE_POSITIVE
Konkan & Goa,2009,3.0,1,0.3,0.3000000000002273,60.90000000000068,3021.699999999999,1.3683760683760684,-1.0683760683760684,-78.07620237351655,1.0683760683760684,0,-0.2268183311998428,0,2009-03-01,0.0,0.0,2.4,2.4000000000002277,611.8000000000008,3052.899999999999,-2.4,1.0,6.123233995736766e-17,1,MAR,1,0.25116983,1,TRUE_POSITIVE
Chhattisgarh,2009,3.0,1,2.3,3.500000000000512,15.399999999999828,1073.4999999999998,15.245299145299146,-12.945299145299144,-84.91338229522901,12.945299145299144,0,-0.6307971648551439,0,2009-03-01,0.0,1.2,0.0,1.2000000000005115,228.49999999999983,1093.4,0.0,1.0,6.123233995736766e-17,1,MAR,1,0.2483724,1,TRUE_POSITIVE
Coastal Andhra Pradesh,2014,3.0,1,9.1,10.699999999999942,478.1000000000004,1099.3,13.132478632478632,-4.032478632478632,-30.70615034168565,4.032478632478632,0,-0.2028127855795593,0,2014-03-01,1.2,0.4,2.8,4.399999999999944,601.0000000000005,1090.4,-1.6,1.0,6.123233995736766e-17,1,MAR,1,0.2431143,1,TRUE_POSITIVE
Madhya Maharashtra,2015,4.0,1,9.6,51.59999999999995,98.89999999999982,849.8000000000001,9.00940170940171,0.5905982905982903,6.555355279385254,0.0,0,0.0629678607158275,0,2015-04-01,41.2,0.8,1.4,43.39999999999995,127.79999999999984,847.7,39.8,0.8660254037844387,-0.4999999999999998,1,APR,1,0.24196947,1,TRUE_POSITIVE
Matathwada,2014,3.0,1,79.0,93.80000000000015,208.59999999999988,968.2000000000002,7.116239316239317,71.88376068376068,1010.1369204900312,0.0,0,5.7782471977508765,0,2014-03-01,13.4,1.4,13.1,27.90000000000017,283.6999999999999,891.8000000000002,0.3000000000000007,1.0,6.123233995736766e-17,1,MAR,1,0.23925819,1,TRUE_POSITIVE
Vidarbha,2000,8.0,2,286.2,994.1999999999996,1023.2000000000004,1393.2,284.13931623931626,2.0606837606837303,0.7252371083163022,0.0,0,0.0238547376894608,0,2000-08-01,472.1,235.9,28.8,736.7999999999996,753.4000000000002,1401.1,443.3,-0.8660254037844385,-0.5000000000000004,1,AUG,1,0.23110409,1,TRUE_POSITIVE
East Rajasthan,2002,4.0,1,1.2,12.3,19.7,557.5000000000002,3.0965811965811967,-1.8965811965811967,-61.24758487441348,1.8965811965811967,0,-0.3215317422915185,0,2002-04-01,0.1,11.0,1.6,12.7,27.7,562.7000000000002,-1.5,0.8660254037844387,-0.4999999999999998,1,APR,1,0.22791316,1,TRUE_POSITIVE
South Interior Karnataka,2016,9.0,2,62.8,345.20000000000005,618.1999999999998,874.0,137.64273504273504,-74.84273504273504,-54.374635188335965,74.84273504273504,0,-1.446496184829917,1,2016-09-01,85.9,196.5,172.2,454.6,558.5999999999999,975.7,-86.29999999999998,-1.0,-1.8369701987210294e-16,1,SEP,1,0.22355397,1,TRUE_POSITIVE
Vidarbha,2015,4.0,1,28.1,99.09999999999954,133.90000000000046,972.7,9.31794871794872,18.782051282051285,201.5685195376995,0.0,0,1.433913213303167,0,2015-04-01,66.3,4.7,26.3,97.29999999999954,123.10000000000043,947.2,40.0,0.8660254037844387,-0.4999999999999998,1,APR,1,0.22260596,1,TRUE_POSITIVE
Madhya Maharashtra,2014,3.0,1,24.4,33.699999999999946,96.79999999999984,990.0000000000002,3.5991452991452992,20.8008547008547,577.938731892662,0.0,0,3.264750401234641,0,2014-03-01,6.2,3.1,1.3,10.599999999999945,282.6999999999998,966.4000000000002,4.9,1.0,6.123233995736766e-17,1,MAR,1,0.22124182,1,TRUE_POSITIVE
Tamil Nadu,2001,9.0,2,53.8,109.69999999999992,288.4,691.8999999999999,111.52136752136752,-57.721367521367526,-51.75812385039853,57.721367521367526,0,-1.468251945728531,1,2001-09-01,18.7,37.2,39.9,95.79999999999994,247.6,807.9,-21.2,-1.0,-1.8369701987210294e-16,1,SEP,1,0.2190355,1,TRUE_POSITIVE
Jharkhand,2015,8.0,2,240.7,853.6999999999998,956.3000000000002,1195.4,325.44358974358977,-84.74358974358978,-26.039409720854383,84.74358974358978,0,-1.1284207737984184,0,2015-08-01,429.7,183.3,25.5,638.4999999999998,718.2000000000003,1245.6,404.2,-0.8660254037844385,-0.5000000000000004,1,AUG,1,0.21804328,1,TRUE_POSITIVE
Kerala,2016,1.0,0,3.0,305.99999999999955,1159.2000000000005,2600.6000000000004,12.171794871794871,-9.171794871794871,-75.3528544343796,9.171794871794871,0,-0.5944838787616024,0,2016-01-01,79.4,223.6,308.1,611.0999999999997,1562.2000000000005,2600.7000000000003,-228.7,0.4999999999999999,0.8660254037844387,1,JAN,1,0.21592486,1,TRUE_POSITIVE
North Interior Karnataka,2015,4.0,1,50.8,78.29999999999991,119.79999999999984,775.7,24.06410256410257,26.73589743589743,111.10282365476824,0.0,0,1.7066511372440023,0,2015-04-01,27.5,0.0,2.4,29.899999999999917,149.29999999999984,751.3,25.1,0.8660254037844387,-0.4999999999999998,1,APR,1,0.21529455,1,TRUE_POSITIVE
South Interior Karnataka,2003,3.0,1,20.1,24.40000000000003,212.2,764.5,9.494017094017094,10.605982905982907,111.71227943824272,0.0,0,0.7649956774969615,0,2003-03-01,4.2,0.1,0.6,4.900000000000029,267.0,746.7,3.6,1.0,6.123233995736766e-17,1,MAR,1,0.21319033,1,TRUE_POSITIVE
Naga Mani Mizo Tripura,2014,1.0,0,1.2,2.7000000000001707,661.0,1558.1,13.864957264957264,-12.664957264957266,-91.3450869189989,12.664957264957266,0,-0.7658727963839389,0,2014-01-01,1.2,0.3,125.6,127.10000000000016,915.7,1557.1,-124.4,0.4999999999999999,0.8660254037844387,1,JAN,1,0.20724505,1,TRUE_POSITIVE
West Uttar Pradesh,2009,4.0,1,8.7,13.799999999999889,19.09999999999983,809.5999999999999,6.162393162393163,2.5376068376068366,41.17891816920941,0.0,0,0.2549594537810655,0,2009-04-01,1.2,3.9,1.3,6.399999999999887,15.49999999999983,804.8999999999999,-0.1,0.8660254037844387,-0.4999999999999998,1,APR,1,0.204813,1,TRUE_POSITIVE
West Rajasthan,2002,5.0,1,11.2,13.599999999999971,16.500000000000227,266.80000000000007,9.53931623931624,1.66068376068376,17.408834333841046,0.0,0,0.1526209889255584,0,2002-05-01,1.4,1.0,2.6,4.999999999999972,5.300000000000227,279.4000000000001,-1.2000000000000002,0.4999999999999999,-0.8660254037844387,1,MAY,1,0.201641,1,TRUE_POSITIVE
Haryana Delhi & Chandigarh,2004,4.0,1,18.1,18.4,54.900000000000006,590.7999999999997,7.545299145299145,10.554700854700856,139.8844585410059,0.0,0,0.8273994418700757,0,2004-04-01,0.0,0.3,25.4,25.7,36.8,574.4999999999999,-25.4,0.8660254037844387,-0.4999999999999998,1,APR,1,0.1985839,1,TRUE_POSITIVE
Gujarat Region,2002,5.0,1,0.0,0.1000000000002273,4.199999999999772,844.7999999999996,5.715384615384615,-5.715384615384615,-100.0,5.715384615384615,0,-0.4118052997047698,0,2002-05-01,0.0,0.1,0.0,0.1000000000002273,4.399999999999772,846.8999999999996,0.0,0.4999999999999999,-0.8660254037844387,1,MAY,1,0.19488955,1,TRUE_POSITIVE
Punjab,2002,6.0,2,24.7,48.79999999999991,64.59999999999997,334.1000000000001,47.06923076923077,-22.36923076923077,-47.52410524595522,22.36923076923077,0,-0.6658468414003712,0,2002-06-01,20.8,3.3,6.8,30.899999999999917,43.69999999999997,403.2000000000001,14.0,1.2246467991473532e-16,-1.0,1,JUN,1,0.19233902,1,TRUE_POSITIVE
Punjab,2004,4.0,1,15.5,21.19999999999992,60.8,389.0,12.555555555555555,2.9444444444444446,23.45132743362832,0.0,0,0.1769188459379904,0,2004-04-01,0.0,5.7,32.4,38.09999999999992,45.3,376.5,-32.4,0.8660254037844387,-0.4999999999999998,1,APR,1,0.19139552,1,TRUE_POSITIVE
Jharkhand,2009,3.0,1,2.0,4.599999999999886,39.600000000000286,1300.8000000000002,18.2965811965812,-16.296581196581194,-89.06899612276358,16.296581196581194,0,-0.825643585080972,0,2009-03-01,0.8,1.8,0.0,2.5999999999998864,190.50000000000028,1305.0,0.8,1.0,6.123233995736766e-17,1,MAR,1,0.1807501,1,TRUE_POSITIVE
Matathwada,2015,4.0,1,39.6,73.20000000000017,106.49999999999989,526.5000000000002,7.490598290598291,32.10940170940171,428.6627110908261,0.0,0,3.2188890343239884,0,2015-04-01,32.0,1.6,10.1,43.70000000000017,81.09999999999988,498.8000000000002,21.9,0.8660254037844387,-0.4999999999999998,1,APR,1,0.17825279,1,TRUE_POSITIVE
Himachal Pradesh,2006,12.0,3,51.2,95.59999999999982,722.9000000000002,1218.4,39.64017094017094,11.559829059829063,29.16190517259968,0.0,0,0.3166998980132653,0,2006-12-01,26.9,17.5,92.8,137.19999999999982,776.5000000000002,1171.7,-65.9,-2.4492935982947064e-16,1.0,1,DEC,1,0.1742122,1,TRUE_POSITIVE
Tamil Nadu,2003,6.0,2,22.5,59.399999999999935,81.79999999999995,305.4,52.11452991452991,-29.61452991452991,-56.82586020270934,29.61452991452991,0,-1.5585023224335954,1,2003-06-01,19.8,17.1,18.0,54.89999999999993,71.49999999999996,306.6,1.8000000000000007,1.2246467991473532e-16,-1.0,1,JUN,1,0.17275493,1,TRUE_POSITIVE
Punjab,2002,5.0,1,20.8,30.89999999999992,43.69999999999997,403.2000000000001,14.211965811965811,6.5880341880341895,46.35554486408469,0.0,0,0.4366680637528001,0,2002-05-01,3.3,6.8,6.6,16.699999999999914,23.79999999999997,419.30000000000007,-3.3,0.4999999999999999,-0.8660254037844387,1,MAY,1,0.17042883,1,TRUE_POSITIVE
Vidarbha,2001,8.0,2,359.8,900.3999999999996,941.8000000000002,1016.3,284.13931623931626,75.66068376068375,26.628023450636647,0.0,0,0.8758577123534538,0,2001-08-01,202.0,338.6,7.9,548.4999999999995,582.1000000000003,942.7,194.1,-0.8660254037844385,-0.5000000000000004,1,AUG,1,0.15976672,1,TRUE_POSITIVE
Tamil Nadu,2002,6.0,2,23.7,65.49999999999993,94.39999999999996,353.5,52.11452991452991,-28.41452991452991,-54.52323941352052,28.41452991452991,0,-1.495350795385289,1,2002-06-01,32.6,9.2,3.9,45.69999999999993,98.29999999999995,369.7000000000001,28.700000000000003,1.2246467991473532e-16,-1.0,1,JUN,1,0.1507026,1,TRUE_POSITIVE
Tamil Nadu,2002,5.0,1,32.6,45.69999999999993,98.29999999999995,369.7000000000001,70.22991452991452,-37.62991452991452,-53.58103420998186,37.62991452991452,0,-1.1891162293780857,1,2002-05-01,9.2,3.9,22.1,35.19999999999993,117.99999999999994,382.1,-12.900000000000002,0.4999999999999999,-0.8660254037844387,1,MAY,1,0.14996016,1,TRUE_POSITIVE
North Interior Karnataka,2014,3.0,1,29.2,35.29999999999991,140.59999999999982,748.4,7.145299145299146,22.05470085470085,308.6602870813397,0.0,0,1.7550571310988143,0,2014-03-01,6.1,0.0,0.1,6.199999999999914,312.39999999999986,722.1999999999999,6.0,1.0,6.123233995736766e-17,1,MAR,1,0.14638312,1,TRUE_POSITIVE
Punjab,2004,6.0,2,48.8,91.49999999999991,129.6,420.4,47.06923076923077,1.7307692307692264,3.677071416898177,0.0,0,0.0515184110437012,0,2004-06-01,27.2,15.5,0.0,42.69999999999992,85.8,412.30000000000007,27.2,1.2246467991473532e-16,-1.0,1,JUN,1,0.1443939,1,TRUE_POSITIVE
Punjab,2004,5.0,1,27.2,42.69999999999992,85.8,412.30000000000007,14.211965811965811,12.988034188034188,91.38802020687996,0.0,0,0.8608728459765891,0,2004-05-01,15.5,0.0,5.7,21.199999999999918,60.8,389.0,9.8,0.4999999999999999,-0.8660254037844387,1,MAY,1,0.14295085,1,TRUE_POSITIVE
Tamil Nadu,2003,7.0,2,38.7,80.99999999999993,120.19999999999996,332.29999999999995,71.19658119658119,-32.49658119658119,-45.64345738295317,32.49658119658119,0,-1.050159686871844,1,2003-07-01,22.5,19.8,17.1,59.399999999999935,81.79999999999995,305.4,5.399999999999999,-0.4999999999999997,-0.8660254037844388,1,JUL,1,0.13956952,1,TRUE_POSITIVE
West Rajasthan,2002,6.0,2,26.9,39.49999999999997,43.40000000000023,245.10000000000005,29.13162393162393,-2.231623931623933,-7.66048585846732,2.231623931623933,0,-0.0964197214297531,0,2002-06-01,11.2,1.4,1.0,13.599999999999971,16.500000000000227,266.80000000000007,10.2,1.2246467991473532e-16,-1.0,1,JUN,1,0.13955532,1,TRUE_POSITIVE
Saurashtra & Kutch,2002,5.0,1,0.0,0.0,0.0,509.0999999999999,4.593162393162393,-4.593162393162393,-100.0,4.593162393162393,0,-0.2791814256087172,0,2002-05-01,0.0,0.0,0.0,0.0,0.0,510.0,0.0,0.4999999999999999,-0.8660254037844387,1,MAY,1,0.13713932,1,TRUE_POSITIVE
Tamil Nadu,2004,4.0,1,16.2,19.89999999999994,89.29999999999997,331.70000000000005,44.42820512820513,-28.22820512820513,-63.53667686269984,28.22820512820513,0,-1.0073189379366163,0,2004-04-01,3.0,0.7,2.8,6.499999999999943,159.09999999999997,332.6,0.2000000000000001,0.8660254037844387,-0.4999999999999998,1,APR,1,0.13308732,1,TRUE_POSITIVE
Arunachal Pradesh,2009,12.0,3,15.9,132.70000000000087,985.3999999999992,1750.0,24.079381443298967,-8.179381443298967,-33.96840347647386,8.179381443298967,0,-0.3282124099712064,0,2009-12-01,33.9,82.9,152.5,269.30000000000086,1228.599999999999,1736.7,-118.6,-2.4492935982947064e-16,1.0,1,DEC,1,0.13241921,1,TRUE_POSITIVE
South Interior Karnataka,2001,2.0,0,1.1,13.7,417.5,1191.9999999999998,4.095726495726495,-2.995726495726496,-73.14273789649415,2.995726495726496,0,-0.3987515894541403,0,2001-02-01,0.5,12.1,14.1,26.7,717.0,1206.4,-13.6,0.8660254037844386,0.5000000000000001,1,FEB,1,0.13030821,1,TRUE_POSITIVE
South Interior Karnataka,2003,2.0,0,4.2,4.900000000000029,267.0,746.7,4.095726495726495,0.1042735042735047,2.545909849749596,0.0,0,0.0138795132420557,0,2003-02-01,0.1,0.6,18.8,19.50000000000003,417.9,753.9000000000001,-18.7,0.8660254037844386,0.5000000000000001,1,FEB,1,0.12142276,1,TRUE_POSITIVE
Tamil Nadu,2002,7.0,2,11.8,68.09999999999994,103.29999999999995,328.1,71.19658119658119,-59.3965811965812,-83.42617046818728,59.3965811965812,0,-1.9194602267029257,1,2002-07-01,23.7,32.6,9.2,65.49999999999993,94.39999999999996,353.5,14.5,-0.4999999999999997,-0.8660254037844388,1,JUL,1,0.11006301,1,TRUE_POSITIVE
North Interior Karnataka,2003,3.0,1,15.2,16.999999999999844,146.79999999999984,535.4000000000001,7.145299145299146,8.054700854700855,112.72727272727272,0.0,0,0.640972655536941,0,2003-03-01,1.5,0.3,0.0,1.7999999999998435,183.79999999999984,520.5,1.5,1.0,6.123233995736766e-17,1,MAR,1,0.10498706,1,TRUE_POSITIVE
Tamil Nadu,2004,5.0,1,101.1,120.29999999999994,130.89999999999998,413.0,70.22991452991452,30.87008547008547,43.95574973530165,0.0,0,0.9755036675830218,0,2004-05-01,16.2,3.0,0.7,19.89999999999994,89.29999999999997,331.70000000000005,15.5,0.4999999999999999,-0.8660254037844387,1,MAY,1,0.10444835,1,TRUE_POSITIVE
Tamil Nadu,2003,4.0,1,17.1,39.19999999999993,98.89999999999996,319.4,44.42820512820513,-27.328205128205127,-61.51093668840537,27.328205128205127,0,-0.9752025833889052,1,2003-04-01,18.0,4.1,0.3,22.399999999999928,175.49999999999994,311.5,17.7,0.8660254037844387,-0.4999999999999998,1,APR,1,0.10401665,1,TRUE_POSITIVE
Tamil Nadu,2003,5.0,1,19.8,54.89999999999993,71.49999999999996,306.6,70.22991452991452,-50.42991452991453,-71.8068858085166,50.42991452991453,0,-1.59359994735038,1,2003-05-01,17.1,18.0,4.1,39.19999999999993,98.89999999999996,319.4,13.000000000000002,0.4999999999999999,-0.8660254037844387,1,MAY,1,0.09095383,1,TRUE_POSITIVE
Tamil Nadu,2003,3.0,1,18.0,22.399999999999928,175.49999999999994,311.5,19.47179487179487,-1.47179487179487,-7.558598893863569,1.47179487179487,0,-0.066007965280236,1,2003-03-01,4.1,0.3,12.2,16.599999999999927,189.7,297.40000000000003,-8.1,1.0,6.123233995736766e-17,1,MAR,1,0.09021149,1,TRUE_POSITIVE
