subdivision,year,month,actual,raw_probability,isotonic_probability,sigmoid_probability,alert_level,severe_anomaly_alert
0,2000,4,0,0.104847185,0.002302379,0.007050043,LOW,0
1,2000,4,0,0.39807406,0.033492822,0.027199496,LOW,0
2,2000,4,0,0.3335321,0.021466905,0.020259243,LOW,0
3,2000,4,0,0.09414659,0.0023023789,0.006708386,LOW,0
4,2000,4,0,0.107082285,0.0023023789,0.0071235597,LOW,0
5,2000,4,0,0.06053396,0.0023023789,0.0057385983,LOW,0
6,2000,4,0,0.064102255,0.0023023789,0.005834556,LOW,0
7,2000,4,0,0.13253625,0.005141388,0.008016407,LOW,0
8,2000,4,0,0.06837325,0.0023023789,0.005951509,LOW,0
9,2000,4,0,0.17219445,0.005141388,0.009633415,LOW,0
10,2000,4,0,0.07546966,0.0023023789,0.0061510066,LOW,0
11,2000,4,0,0.034164604,0.0,0.0050764857,LOW,0
12,2000,4,0,0.059222884,0.0023023789,0.0057037356,LOW,0
13,2000,4,0,0.41617036,0.033492822,0.029529516,LOW,0
14,2000,4,0,0.36910215,0.021466905,0.02383661,LOW,0
15,2000,4,0,0.2578031,0.021466905,0.014306013,LOW,0
16,2000,4,0,0.15047827,0.0051413877,0.008711623,LOW,0
17,2000,4,0,0.081504464,0.0023023789,0.006325879,LOW,0
18,2000,4,0,0.24611898,0.021466905,0.013555931,LOW,0
19,2000,4,0,0.07616926,0.002302379,0.00617103,LOW,0
20,2000,4,0,0.0457445,0.0,0.005357332,LOW,0
21,2000,4,0,0.2715529,0.021466903,0.015241212,LOW,0
22,2000,4,0,0.05428275,0.0023023789,0.005574258,LOW,0
23,2000,4,0,0.07324675,0.002302379,0.006087811,LOW,0
24,2000,4,0,0.075405225,0.0023023789,0.0061491644,LOW,0
25,2000,4,0,0.035332877,0.0,0.0051041413,LOW,0
26,2000,4,0,0.037993513,0.0,0.005167687,LOW,0
27,2000,4,0,0.06972831,0.002302379,0.005989101,LOW,0
28,2000,4,0,0.41106537,0.033492822,0.02885329,LOW,0
29,2000,4,0,0.0661403,0.0023023789,0.0058900774,LOW,0
30,2000,4,0,0.034709495,0.0,0.0050893654,LOW,0
31,2000,4,0,0.07154996,0.0023023789,0.0060400055,LOW,0
32,2000,4,0,0.031910907,0.0,0.005023554,LOW,0
33,2000,4,0,0.032328025,0.0,0.005033309,LOW,0
34,2000,4,0,0.0635285,0.0023023789,0.005819019,LOW,0
35,2000,4,0,0.03287937,0.0,0.0050462326,LOW,0
0,2000,3,0,0.16578874,0.0051413877,0.009351901,LOW,0
1,2000,3,0,0.5636112,0.06329114,0.05715204,MODERATE,0
2,2000,3,0,0.5953491,0.08091603,0.0656917,MODERATE,0
3,2000,3,0,0.26392308,0.021466905,0.014715072,LOW,0
4,2000,3,0,0.15433484,0.0051413886,0.008868685,LOW,0
5,2000,3,0,0.074110776,0.002302379,0.0061122975,LOW,0
6,2000,3,0,0.100714065,0.0023023789,0.0069160755,LOW,0
7,2000,3,0,0.10814149,0.002302379,0.007158663,LOW,0
8,2000,3,0,0.06527516,0.002302379,0.005866445,LOW,0
9,2000,3,0,0.16729198,0.0051413886,0.009417224,LOW,0
10,2000,3,0,0.46118036,0.039252337,0.036194056,LOW,0
11,2000,3,0,0.041508302,0.0,0.0052528433,LOW,0
12,2000,3,0,0.051326104,0.0,0.005498169,LOW,0
13,2000,3,0,0.39309198,0.030303031,0.026590034,LOW,0
14,2000,3,0,0.32421497,0.021466907,0.019412607,LOW,0
15,2000,3,0,0.33554405,0.021466905,0.020446759,LOW,0
16,2000,3,0,0.45733696,0.039252337,0.03557254,LOW,0
17,2000,3,0,0.083213225,0.0023023789,0.0063762856,LOW,0
18,2000,3,0,0.26818937,0.021466905,0.015007022,LOW,0
19,2000,3,0,0.104857706,0.0023023789,0.0070503866,LOW,0
20,2000,3,0,0.08304498,0.0023023789,0.0063713063,LOW,0
21,2000,3,0,0.43128255,0.033492822,0.031622592,LOW,0
22,2000,3,0,0.10756711,0.002302379,0.0071396045,LOW,0
23,2000,3,0,0.15686442,0.005141388,0.00897323,LOW,0
24,2000,3,0,0.070075355,0.0023023789,0.0059987656,LOW,0
25,2000,3,0,0.057493202,0.0023023789,0.0056580645,LOW,0
26,2000,3,0,0.03549352,0.0,0.0051079565,LOW,0
27,2000,3,0,0.23619652,0.021466903,0.012949495,LOW,0
28,2000,3,0,0.6738577,0.09626719,0.0921341,MODERATE,1
29,2000,3,0,0.08775915,0.0023023789,0.0065123383,LOW,0
30,2000,3,0,0.059342813,0.0023023789,0.005706916,LOW,0
31,2000,3,0,0.11502863,0.0023023789,0.0073911455,LOW,0
32,2000,3,0,0.05710484,0.0023023789,0.005647861,LOW,0
33,2000,3,0,0.04110752,0.0,0.005243063,LOW,0
34,2000,3,0,0.0456986,0.0,0.005356189,LOW,0
35,2000,3,0,0.041838188,0.0,0.005260907,LOW,0
0,2000,7,0,0.42930782,0.033492822,0.031341147,LOW,0
1,2000,7,0,0.4130265,0.033492822,0.029111275,LOW,0
2,2000,7,0,0.6495693,0.08091603,0.08306708,MODERATE,0
3,2000,7,0,0.5032971,0.039252337,0.04372508,LOW,0
4,2000,7,0,0.49050635,0.039252337,0.04129219,LOW,0
5,2000,7,0,0.43871638,0.039252337,0.032704193,LOW,0
6,2000,7,0,0.54963076,0.049689442,0.053730812,MODERATE,0
7,2000,7,0,0.3904826,0.030303031,0.026276149,LOW,0
8,2000,7,0,0.08011666,0.002302379,0.0062852306,LOW,0
9,2000,7,0,0.3638311,0.021466905,0.023269974,LOW,0
10,2000,7,0,0.6798822,0.09626719,0.094516866,MODERATE,1
11,2000,7,0,0.08040588,0.0023023789,0.0062936824,LOW,0
12,2000,7,0,0.103380196,0.002302379,0.0070022,LOW,0
13,2000,7,0,0.42888898,0.033492822,0.03128176,LOW,0
14,2000,7,0,0.45759413,0.039252337,0.035613805,LOW,0
15,2000,7,0,0.52027017,0.039252333,0.047165245,LOW,0
16,2000,7,0,0.62178415,0.08091603,0.07369523,MODERATE,0
17,2000,7,0,0.52197725,0.039252337,0.04752515,LOW,0
18,2000,7,0,0.3939513,0.030303031,0.026694201,LOW,0
19,2000,7,0,0.5768435,0.06329114,0.0605778,MODERATE,0
20,2000,7,0,0.48723635,0.039252337,0.040691316,LOW,0
21,2000,7,0,0.6241003,0.08091603,0.07443774,MODERATE,0
22,2000,7,0,0.54952556,0.049689446,0.053705804,MODERATE,0
23,2000,7,0,0.4318124,0.033492822,0.031698532,LOW,0
24,2000,7,0,0.13743468,0.005141388,0.008200555,LOW,0
25,2000,7,0,0.38388446,0.021466905,0.025498444,LOW,0
26,2000,7,0,0.10408527,0.0023023789,0.0070251543,LOW,0
27,2000,7,0,0.5684867,0.06329114,0.058392555,MODERATE,0
28,2000,7,0,0.75625604,0.13043478,0.12980467,ELEVATED,1
29,2000,7,0,0.31710202,0.021466903,0.018789701,LOW,0
30,2000,7,0,0.41850275,0.033492822,0.029843561,LOW,0
31,2000,7,0,0.2773904,0.021466905,0.015656225,LOW,0
32,2000,7,0,0.3198282,0.021466905,0.01902609,LOW,0
33,2000,7,0,0.3547744,0.021466907,0.02232694,LOW,0
34,2000,7,0,0.092072636,0.0023023789,0.0066440986,LOW,0
35,2000,7,0,0.19207275,0.021466907,0.010561551,LOW,0
0,2000,0,0,0.5853362,0.06329114,0.06287676,MODERATE,0
1,2000,0,0,0.5012191,0.039252337,0.04332072,LOW,0
2,2000,0,0,0.6732183,0.09626719,0.09188442,MODERATE,1
3,2000,0,0,0.6561521,0.080916025,0.08544109,MODERATE,0
4,2000,0,0,0.75858647,0.13043478,0.13104011,ELEVATED,1
5,2000,0,0,0.60297614,0.08091603,0.067914076,MODERATE,0
6,2000,0,0,0.66124225,0.09626719,0.08731876,MODERATE,0
7,2000,0,0,0.7289351,0.119873814,0.11604828,ELEVATED,1
8,2000,0,0,0.14593482,0.005141388,0.008530116,LOW,0
9,2000,0,0,0.6046409,0.08091603,0.06840834,MODERATE,0
10,2000,0,0,0.6357574,0.08091603,0.07828008,MODERATE,0
11,2000,0,0,0.27159852,0.021466905,0.015244411,LOW,0
12,2000,0,0,0.33496758,0.021466905,0.02039286,LOW,0
13,2000,0,0,0.55689394,0.06329114,0.055483405,MODERATE,0
14,2000,0,0,0.54438716,0.049689442,0.05249813,MODERATE,0
15,2000,0,0,0.6623251,0.09626719,0.087722994,MODERATE,0
16,2000,0,1,0.6714793,0.09626719,0.09120838,MODERATE,1
17,2000,0,0,0.72198564,0.10472973,0.11275726,ELEVATED,1
18,2000,0,1,0.5770951,0.06329114,0.060644742,MODERATE,0
19,2000,0,0,0.71942383,0.10472973,0.11156481,ELEVATED,1
20,2000,0,0,0.73021847,0.119873814,0.11666506,ELEVATED,1
21,2000,0,0,0.57037145,0.06329114,0.05887886,MODERATE,0
22,2000,0,0,0.672827,0.09626719,0.09173191,MODERATE,1
23,2000,0,0,0.71097416,0.10472973,0.10770956,ELEVATED,1
24,2000,0,0,0.4932384,0.039252337,0.04180072,LOW,0
25,2000,0,0,0.58793706,0.06329114,0.063596934,MODERATE,0
26,2000,0,0,0.08673076,0.0023023789,0.006481308,LOW,0
27,2000,0,0,0.72318876,0.10472973,0.11332113,ELEVATED,1
28,2000,0,0,0.75810015,0.13043478,0.13078149,ELEVATED,1
29,2000,0,0,0.46787784,0.039252337,0.03730217,LOW,0
30,2000,0,0,0.6485516,0.08091603,0.08270546,MODERATE,0
31,2000,0,0,0.6381707,0.08091603,0.079097904,MODERATE,0
32,2000,0,0,0.7129943,0.10472973,0.10862045,ELEVATED,1
33,2000,0,0,0.47334623,0.039252337,0.038231038,LOW,0
34,2000,0,0,0.1686102,0.005141388,0.009474877,LOW,0
35,2000,0,0,0.5414151,0.049689442,0.05181136,MODERATE,0
0,2000,8,0,0.64435863,0.08091603,0.081230655,MODERATE,0
1,2000,8,0,0.54693305,0.049689442,0.05309326,MODERATE,0
2,2000,8,0,0.67239666,0.09626719,0.09156445,MODERATE,1
3,2000,8,0,0.7605946,0.13043478,0.13211271,ELEVATED,1
4,2000,8,1,0.7996006,0.18128654,0.15445533,HIGH,1
5,2000,8,0,0.7080814,0.10472973,0.10641686,ELEVATED,1
6,2000,8,0,0.7694801,0.18128654,0.13694818,ELEVATED,1
7,2000,8,0,0.7201743,0.10472973,0.111912996,ELEVATED,1
8,2000,8,0,0.18303192,0.021466905,0.0101289395,LOW,0
9,2000,8,0,0.61320674,0.08091603,0.07100457,MODERATE,0
10,2000,8,1,0.7237878,0.10472973,0.11360279,ELEVATED,1
11,2000,8,0,0.3636421,0.021466907,0.023249906,LOW,0
12,2000,8,0,0.39306074,0.030303031,0.026586257,LOW,0
13,2000,8,1,0.5182883,0.039252337,0.046750654,LOW,0
14,2000,8,0,0.59775776,0.08091603,0.06638613,MODERATE,0
15,2000,8,1,0.713799,0.10472973,0.10898521,ELEVATED,1
16,2000,8,1,0.73916984,0.119873814,0.12104676,ELEVATED,1
17,2000,8,0,0.7969137,0.18128654,0.15282215,HIGH,1
18,2000,8,1,0.74873185,0.11987381,0.12588336,ELEVATED,1
19,2000,8,0,0.7378902,0.119873814,0.12041177,ELEVATED,1
20,2000,8,0,0.7270792,0.11987381,0.115161315,ELEVATED,1
21,2000,8,0,0.63438094,0.08091603,0.07781709,MODERATE,0
22,2000,8,0,0.722801,0.10472973,0.113139145,ELEVATED,1
23,2000,8,0,0.7615284,0.13043478,0.13261397,ELEVATED,1
24,2000,8,0,0.5095807,0.039252337,0.044969812,LOW,0
25,2000,8,0,0.6734059,0.09626719,0.0919576,MODERATE,1
26,2000,8,0,0.06296483,0.0023023789,0.0058037974,LOW,0
27,2000,8,0,0.78208923,0.18128654,0.14406478,ELEVATED,1
28,2000,8,0,0.75166684,0.119873814,0.12740077,ELEVATED,1
29,2000,8,0,0.55441767,0.06329114,0.05487992,MODERATE,0
30,2000,8,0,0.63957345,0.08091603,0.07957685,MODERATE,0
31,2000,8,0,0.72278696,0.10472973,0.113132544,ELEVATED,1
32,2000,8,0,0.7037609,0.10000001,0.10451161,ELEVATED,1
33,2000,8,1,0.4758345,0.039252337,0.03866101,LOW,0
34,2000,8,0,0.20596474,0.021466903,0.011262164,LOW,0
35,2000,8,0,0.6144699,0.08091603,0.07139503,MODERATE,0
0,2000,6,0,0.6489756,0.08091603,0.08285597,MODERATE,0
1,2000,6,0,0.4594833,0.039252337,0.035918348,LOW,0
2,2000,6,0,0.64035636,0.08091603,0.079845294,MODERATE,0
3,2000,6,0,0.7607981,0.13043478,0.13222179,ELEVATED,1
4,2000,6,1,0.7755648,0.18128653,0.14034474,ELEVATED,1
5,2000,6,0,0.70901656,0.10472973,0.10683325,ELEVATED,1
6,2000,6,0,0.7379834,0.11987382,0.12045794,ELEVATED,1
7,2000,6,0,0.73897797,0.11987382,0.12095135,ELEVATED,1
8,2000,6,0,0.15526581,0.0051413877,0.008907022,LOW,0
9,2000,6,0,0.66985667,0.09626719,0.090581626,MODERATE,1
10,2000,6,1,0.5969935,0.08091603,0.06616506,MODERATE,0
11,2000,6,0,0.55067885,0.049689442,0.05398045,MODERATE,0
12,2000,6,0,0.2584325,0.021466905,0.01434756,LOW,0
13,2000,6,1,0.64239025,0.08091604,0.0805466,MODERATE,0
14,2000,6,0,0.5908349,0.08091603,0.0644084,MODERATE,0
15,2000,6,1,0.68927103,0.09626719,0.09834033,MODERATE,1
16,2000,6,1,0.6748788,0.09626719,0.092534125,MODERATE,1
17,2000,6,0,0.7579299,0.13043478,0.13069105,ELEVATED,1
18,2000,6,1,0.70999783,0.10472973,0.107271716,ELEVATED,1
19,2000,6,0,0.7240769,0.10472973,0.113738954,ELEVATED,1
20,2000,6,0,0.7149703,0.10472973,0.10951802,ELEVATED,1
21,2000,6,0,0.6960379,0.09626719,0.10118089,ELEVATED,1
22,2000,6,0,0.7464767,0.119873814,0.12472798,ELEVATED,1
23,2000,6,0,0.7571624,0.13043478,0.13028398,ELEVATED,1
24,2000,6,0,0.32735538,0.021466905,0.019694027,LOW,0
25,2000,6,0,0.68282056,0.09626719,0.09569892,MODERATE,1
26,2000,6,0,0.07676774,0.0023023789,0.0061882115,LOW,0
27,2000,6,0,0.7817509,0.18128654,0.14386988,ELEVATED,1
28,2000,6,0,0.67311865,0.09626719,0.09184556,MODERATE,1
29,2000,6,0,0.68303317,0.09626719,0.09578496,MODERATE,1
30,2000,6,0,0.659529,0.09090909,0.08668262,MODERATE,0
31,2000,6,0,0.71274567,0.10472973,0.10850799,ELEVATED,1
32,2000,6,1,0.7437188,0.11987381,0.1233274,ELEVATED,1
33,2000,6,1,0.6719642,0.09626719,0.09139644,MODERATE,1
34,2000,6,0,0.17576544,0.021466905,0.009793985,LOW,0
35,2000,6,0,0.6580606,0.083333336,0.086140774,MODERATE,0
0,2000,5,0,0.7492617,0.11987382,0.12615614,ELEVATED,1
1,2000,5,0,0.49032515,0.039252337,0.041258667,LOW,0
2,2000,5,0,0.7223165,0.10472973,0.11291208,ELEVATED,1
3,2000,5,0,0.61322206,0.08091603,0.0710093,MODERATE,0
4,2000,5,1,0.71876645,0.10472973,0.11126058,ELEVATED,1
5,2000,5,0,0.6808561,0.09626719,0.094907194,MODERATE,1
6,2000,5,0,0.5564739,0.06329114,0.055380598,MODERATE,0
7,2000,5,0,0.6611296,0.095920935,0.087276794,MODERATE,0
8,2000,5,0,0.20583102,0.021466903,0.011255206,LOW,0
9,2000,5,0,0.5947053,0.08091603,0.06550725,MODERATE,0
10,2000,5,1,0.53501636,0.049689442,0.0503615,MODERATE,0
11,2000,5,0,0.49311453,0.039252337,0.041777536,LOW,0
12,2000,5,0,0.12983051,0.005141388,0.007916454,LOW,0
13,2000,5,1,0.53158104,0.04968944,0.049599037,LOW,0
14,2000,5,0,0.57945526,0.06329114,0.061276287,MODERATE,0
15,2000,5,1,0.5555915,0.06329114,0.055165216,MODERATE,0
16,2000,5,0,0.7268756,0.119873814,0.11506436,ELEVATED,1
17,2000,5,0,0.68211573,0.09626719,0.095414184,MODERATE,1
18,2000,5,0,0.64446986,0.08091603,0.08126946,MODERATE,0
19,2000,5,0,0.70136434,0.1,0.10346779,ELEVATED,1
20,2000,5,0,0.688043,0.0962672,0.0978325,MODERATE,1
21,2000,5,0,0.6912612,0.09626719,0.09916828,MODERATE,1
22,2000,5,0,0.7002335,0.09626719,0.1029785,ELEVATED,1
23,2000,5,0,0.5934197,0.08091603,0.06514032,MODERATE,0
24,2000,5,0,0.15450382,0.005141388,0.008875633,LOW,0
25,2000,5,0,0.68679065,0.09626719,0.09731703,MODERATE,1
26,2000,5,0,0.0751034,0.0023023789,0.006140551,LOW,0
27,2000,5,0,0.7472868,0.119873814,0.12514198,ELEVATED,1
28,2000,5,0,0.64137465,0.08091603,0.08019572,MODERATE,0
29,2000,5,0,0.6904913,0.0962672,0.09884728,MODERATE,1
30,2000,5,0,0.5067917,0.039252337,0.044413224,LOW,0
31,2000,5,0,0.5521506,0.04968944,0.054332845,MODERATE,0
32,2000,5,1,0.6213279,0.08091603,0.07354978,MODERATE,0
33,2000,5,1,0.60564303,0.08091603,0.06870747,MODERATE,0
34,2000,5,0,0.14780256,0.005141388,0.008604273,LOW,0
35,2000,5,0,0.62003756,0.08091603,0.07313984,MODERATE,0
0,2000,1,0,0.6586184,0.08385002,0.086346254,MODERATE,0
1,2000,1,0,0.4986727,0.039252337,0.04283009,LOW,0
2,2000,1,0,0.67177325,0.096267186,0.09132233,MODERATE,1
3,2000,1,0,0.3948648,0.030303031,0.02680537,LOW,0
4,2000,1,0,0.41869074,0.03349282,0.029869014,LOW,0
5,2000,1,0,0.49471796,0.039252333,0.042078618,LOW,0
6,2000,1,0,0.5892971,0.08091603,0.063976586,MODERATE,0
7,2000,1,0,0.24992998,0.021466905,0.0137962205,LOW,0
8,2000,1,0,0.24352251,0.021466905,0.013394589,LOW,0
9,2000,1,0,0.33988518,0.021466905,0.020857166,LOW,0
10,2000,1,0,0.42732933,0.033492822,0.031061593,LOW,0
11,2000,1,0,0.27743718,0.021466903,0.015659591,LOW,0
12,2000,1,0,0.11142081,0.0023023789,0.0072684386,LOW,0
13,2000,1,0,0.26679578,0.021466905,0.014911034,LOW,0
14,2000,1,0,0.429662,0.033492822,0.031391446,LOW,0
15,2000,1,0,0.34088314,0.021466905,0.020952646,LOW,0
16,2000,1,0,0.6731877,0.09626719,0.09187247,MODERATE,1
17,2000,1,0,0.51670814,0.03925234,0.04642258,LOW,0
18,2000,1,0,0.4060551,0.033492822,0.028204229,LOW,0
19,2000,1,0,0.47040984,0.039252337,0.03772953,LOW,0
20,2000,1,0,0.4405034,0.039252333,0.03296948,LOW,0
21,2000,1,0,0.5554918,0.06329114,0.055140924,MODERATE,0
22,2000,1,0,0.5686216,0.06329114,0.058427237,MODERATE,0
23,2000,1,0,0.3909157,0.030303031,0.026327996,LOW,0
24,2000,1,0,0.14734915,0.005141388,0.008586212,LOW,0
25,2000,1,0,0.51794535,0.039252337,0.046679262,LOW,0
26,2000,1,0,0.09402228,0.0023023789,0.006704517,LOW,0
27,2000,1,0,0.5394354,0.049689442,0.05135862,MODERATE,0
28,2000,1,0,0.4460269,0.039252337,0.033802655,LOW,0
29,2000,1,0,0.6254089,0.08091603,0.07486026,MODERATE,0
30,2000,1,0,0.19381061,0.021466905,0.010646778,LOW,0
31,2000,1,0,0.31615126,0.021466905,0.018707937,LOW,0
32,2000,1,1,0.26048082,0.021466905,0.014483596,LOW,0
33,2000,1,0,0.21951306,0.021466905,0.011989647,LOW,0
34,2000,1,0,0.11265429,0.0023023789,0.0073101623,LOW,0
35,2000,1,0,0.19594204,0.021466907,0.010752242,LOW,0
0,2000,11,0,0.53633004,0.049689442,0.05065599,MODERATE,0
1,2000,11,0,0.32551137,0.021466907,0.0195283,LOW,0
2,2000,11,0,0.4125145,0.03349282,0.029043704,LOW,0
3,2000,11,0,0.09827252,0.0023023789,0.0068381303,LOW,0
4,2000,11,0,0.10970969,0.002302379,0.0072109518,LOW,0
5,2000,11,0,0.175231,0.005141388,0.009769787,LOW,0
6,2000,11,0,0.46776378,0.03925234,0.037283022,LOW,0
7,2000,11,0,0.07181965,0.0023023789,0.0060475795,LOW,0
8,2000,11,0,0.0764257,0.0023023789,0.0061783865,LOW,0
9,2000,11,0,0.09106043,0.0023023789,0.0066129426,LOW,0
10,2000,11,0,0.16894989,0.005141388,0.0094897915,LOW,0
11,2000,11,0,0.061060354,0.0023023789,0.005752654,LOW,0
12,2000,11,0,0.06721652,0.0023023789,0.005919607,LOW,0
13,2000,11,0,0.11050353,0.0023023789,0.0072375657,LOW,0
14,2000,11,0,0.25472242,0.021466907,0.01410436,LOW,0
15,2000,11,0,0.11505247,0.0023023789,0.007391961,LOW,0
16,2000,11,0,0.41057238,0.033492822,0.028788785,LOW,0
17,2000,11,0,0.27382785,0.021466903,0.015401641,LOW,0
18,2000,11,0,0.16619793,0.005141388,0.009369636,LOW,0
19,2000,11,0,0.17537156,0.019876935,0.009776145,LOW,0
20,2000,11,0,0.16916932,0.005141388,0.009499437,LOW,0
21,2000,11,0,0.32157263,0.021466905,0.019178882,LOW,0
22,2000,11,0,0.21985477,0.021466905,0.012008584,LOW,0
23,2000,11,0,0.08263126,0.0023023789,0.006359074,LOW,0
24,2000,11,0,0.08193237,0.0023023789,0.0063384655,LOW,0
25,2000,11,0,0.31718853,0.021466905,0.018797157,LOW,0
26,2000,11,0,0.0668492,0.002302379,0.0059095114,LOW,0
27,2000,11,0,0.1636769,0.0051413877,0.009260884,LOW,0
28,2000,11,0,0.22732371,0.021466905,0.012429936,LOW,0
29,2000,11,0,0.56820565,0.06329114,0.05832037,MODERATE,0
30,2000,11,0,0.049229614,0.0,0.0054448447,LOW,0
31,2000,11,0,0.07680971,0.0023023789,0.0061894166,LOW,0
32,2000,11,0,0.043540828,0.0,0.005302722,LOW,0
33,2000,11,0,0.07154979,0.0023023789,0.0060400027,LOW,0
34,2000,11,0,0.0833428,0.002302379,0.006380124,LOW,0
35,2000,11,0,0.07715517,0.0023023789,0.0061993585,LOW,0
0,2000,10,0,0.3241146,0.021466905,0.019403677,LOW,0
1,2000,10,0,0.06637993,0.0023023789,0.0058966395,LOW,0
2,2000,10,0,0.074350245,0.002302379,0.0061191,LOW,0
3,2000,10,0,0.04235484,0.0,0.005273559,LOW,0
4,2000,10,0,0.033894442,0.0,0.0050701103,LOW,0
5,2000,10,0,0.03562435,0.0,0.0051110666,LOW,0
6,2000,10,0,0.07777214,0.0023023789,0.006217152,LOW,0
7,2000,10,0,0.031030163,0.0,0.0050030183,LOW,0
8,2000,10,0,0.044407073,0.0,0.005324121,LOW,0
9,2000,10,0,0.032188084,0.0,0.005030034,LOW,0
10,2000,10,0,0.0494589,0.0,0.0054506497,LOW,0
11,2000,10,0,0.045290224,0.0,0.005346029,LOW,0
12,2000,10,0,0.036830645,0.0,0.0051398184,LOW,0
13,2000,10,0,0.20992902,0.021466905,0.011470392,LOW,0
14,2000,10,0,0.30411878,0.021466907,0.017702868,LOW,0
15,2000,10,0,0.047286376,0.0,0.005395875,LOW,0
16,2000,10,0,0.2884935,0.021466905,0.016476503,LOW,0
17,2000,10,0,0.060722265,0.0023023789,0.005743623,LOW,0
18,2000,10,0,0.054731824,0.002302379,0.005585908,LOW,0
19,2000,10,0,0.04419507,0.0,0.005318876,LOW,0
20,2000,10,0,0.05032871,0.0,0.005472736,LOW,0
21,2000,10,0,0.059784215,0.002302379,0.0057186363,LOW,0
22,2000,10,0,0.039831005,0.0,0.0052120322,LOW,0
23,2000,10,0,0.030997574,0.0,0.0050022583,LOW,0
24,2000,10,0,0.04772032,0.0,0.005406772,LOW,0
25,2000,10,0,0.09802876,0.0023023789,0.0068303957,LOW,0
26,2000,10,0,0.048550062,0.0,0.0054276693,LOW,0
27,2000,10,0,0.038632125,0.0,0.005183058,LOW,0
28,2000,10,0,0.03575028,0.0,0.0051140594,LOW,0
29,2000,10,0,0.39331746,0.030303031,0.02661733,LOW,0
30,2000,10,0,0.019691251,0.0,0.0047459747,LOW,0
31,2000,10,0,0.026635626,0.0,0.004901792,LOW,0
32,2000,10,0,0.018552467,0.0,0.004720896,LOW,0
33,2000,10,0,0.023235243,0.0,0.004824868,LOW,0
34,2000,10,0,0.032237478,0.0,0.0050311894,LOW,0
35,2000,10,0,0.022866266,0.0,0.0048165936,LOW,0
0,2000,9,0,0.06407451,0.002302379,0.005833804,LOW,0
1,2000,9,0,0.07113658,0.0023023789,0.006028417,LOW,0
2,2000,9,0,0.07448481,0.0023023789,0.006122929,LOW,0
3,2000,9,0,0.02878246,0.0,0.004950987,LOW,0
4,2000,9,0,0.042336192,0.0,0.0052731037,LOW,0
5,2000,9,0,0.07940142,0.0023023789,0.006264385,LOW,0
6,2000,9,0,0.060824294,0.002302379,0.0057463464,LOW,0
7,2000,9,0,0.03519347,0.0,0.005100834,LOW,0
8,2000,9,0,0.0270795,0.0,0.004911925,LOW,0
9,2000,9,0,0.027678058,0.0,0.004925618,LOW,0
10,2000,9,0,0.059669334,0.002302379,0.005715584,LOW,0
11,2000,9,0,0.027599588,0.0,0.004923821,LOW,0
12,2000,9,0,0.035976533,0.0,0.0051194434,LOW,0
13,2000,9,0,0.28858796,0.021466905,0.01648366,LOW,0
14,2000,9,0,0.46397343,0.039252337,0.036652274,LOW,0
15,2000,9,0,0.034362078,0.0,0.0050811507,LOW,0
16,2000,9,0,0.07837086,0.0023023789,0.0062344666,LOW,0
17,2000,9,0,0.08649612,0.0023023789,0.0064742495,LOW,0
18,2000,9,0,0.03348518,0.0,0.005060469,LOW,0
19,2000,9,0,0.052735314,0.0,0.005534306,LOW,0
20,2000,9,0,0.06608426,0.0023023789,0.0058885417,LOW,0
21,2000,9,0,0.04638887,0.0,0.0053734067,LOW,0
22,2000,9,0,0.046035316,0.0,0.005364581,LOW,0
23,2000,9,0,0.051146846,0.0,0.005493589,LOW,0
24,2000,9,0,0.03709363,0.0,0.005146108,LOW,0
25,2000,9,0,0.065426245,0.0023023789,0.005870565,LOW,0
26,2000,9,0,0.03541315,0.0,0.0051060473,LOW,0
27,2000,9,0,0.027478712,0.0,0.0049210535,LOW,0
28,2000,9,0,0.052043036,0.0,0.0055165235,LOW,0
29,2000,9,0,0.11224743,0.0023023789,0.0072963755,LOW,0
30,2000,9,0,0.0312963,0.0,0.0050092144,LOW,0
31,2000,9,0,0.022228919,0.0,0.0048023337,LOW,0
32,2000,9,0,0.04285828,0.0,0.00528592,LOW,0
33,2000,9,0,0.021268921,0.0,0.0047809365,LOW,0
34,2000,9,0,0.029959852,0.0,0.004978175,LOW,0
35,2000,9,0,0.02816053,0.0,0.004936685,LOW,0
0,2000,2,0,0.09880721,0.0023023789,0.006855124,LOW,0
1,2000,2,0,0.27700567,0.021466905,0.01562853,LOW,0
2,2000,2,0,0.2716677,0.021466905,0.015249266,LOW,0
3,2000,2,0,0.04023877,0.0,0.005221926,LOW,0
4,2000,2,0,0.028225224,0.0,0.0049381703,LOW,0
5,2000,2,0,0.032869704,0.0,0.0050460054,LOW,0
6,2000,2,0,0.071908414,0.0023023789,0.0060500735,LOW,0
7,2000,2,0,0.0344884,0.0,0.0050841356,LOW,0
8,2000,2,0,0.04318428,0.0,0.005293937,LOW,0
9,2000,2,0,0.048710324,0.0,0.0054317145,LOW,0
10,2000,2,0,0.045992993,0.0,0.005363525,LOW,0
11,2000,2,0,0.027250275,0.0,0.004915828,LOW,0
12,2000,2,0,0.046940282,0.0,0.0053871986,LOW,0
13,2000,2,0,0.509382,0.039252337,0.044929944,LOW,0
14,2000,2,0,0.44098926,0.039252337,0.03304197,LOW,0
15,2000,2,0,0.035037477,0.0,0.0050971336,LOW,0
16,2000,2,0,0.10943497,0.0023023789,0.0072017647,LOW,0
17,2000,2,0,0.05789963,0.0023023789,0.005668766,LOW,0
18,2000,2,0,0.11436509,0.0023023789,0.007368423,LOW,0
19,2000,2,0,0.035721947,0.0,0.0051133847,LOW,0
20,2000,2,0,0.036579397,0.0,0.0051338165,LOW,0
21,2000,2,0,0.12306863,0.005141388,0.0076720365,LOW,0
22,2000,2,0,0.030191492,0.0,0.004983539,LOW,0
23,2000,2,0,0.03136429,0.0,0.005010798,LOW,0
24,2000,2,0,0.065456256,0.0023023789,0.0058713835,LOW,0
25,2000,2,0,0.07452923,0.0023023789,0.006124192,LOW,0
26,2000,2,0,0.027508814,0.0,0.0049217422,LOW,0
27,2000,2,0,0.038521875,0.0,0.005180401,LOW,0
28,2000,2,0,0.06216097,0.0023023789,0.005782154,LOW,0
29,2000,2,0,0.10015076,0.0023023789,0.0068980143,LOW,0
30,2000,2,0,0.025620634,0.0,0.004878704,LOW,0
31,2000,2,0,0.08579485,0.0023023789,0.0064532,LOW,0
32,2000,2,0,0.02342476,0.0,0.0048291236,LOW,0
33,2000,2,0,0.022735264,0.0,0.0048136595,LOW,0
34,2000,2,0,0.030050103,0.0,0.0049802633,LOW,0
35,2000,2,0,0.030465487,0.0,0.0049898946,LOW,0
0,2001,4,0,0.109574854,0.0023023789,0.007206441,LOW,0
1,2001,4,0,0.35704333,0.021466907,0.022559626,LOW,0
2,2001,4,0,0.4353013,0.039252337,0.032202944,LOW,0
3,2001,4,0,0.1159571,0.0023023789,0.0074230516,LOW,0
4,2001,4,0,0.16072965,0.005141388,0.009135331,LOW,0
5,2001,4,0,0.06997119,0.0023023789,0.0059958636,LOW,0
6,2001,4,0,0.05893142,0.0023023789,0.0056960145,LOW,0
7,2001,4,0,0.12561642,0.005141388,0.0077632354,LOW,0
8,2001,4,0,0.056769487,0.002302379,0.0056390655,LOW,0
9,2001,4,0,0.21115269,0.021466905,0.0115354275,LOW,0
10,2001,4,0,0.16941066,0.005141388,0.009510058,LOW,0
11,2001,4,0,0.03678646,0.0,0.0051387623,LOW,0
12,2001,4,0,0.056397885,0.002302379,0.005629333,LOW,0
13,2001,4,0,0.52712476,0.039252333,0.048626274,LOW,0
14,2001,4,0,0.4757822,0.039252337,0.03865193,LOW,0
15,2001,4,0,0.1533522,0.005141388,0.008828401,LOW,0
16,2001,4,0,0.13197668,0.005141388,0.007995634,LOW,0
17,2001,4,0,0.099629045,0.0023023789,0.0068813297,LOW,0
18,2001,4,0,0.21374445,0.021466907,0.011674388,LOW,0
19,2001,4,0,0.058993477,0.0023023789,0.0056976564,LOW,0
20,2001,4,0,0.05153552,0.0,0.005503524,LOW,0
21,2001,4,0,0.37967053,0.021466905,0.02501354,LOW,0
22,2001,4,0,0.05351558,0.0023023789,0.0055544167,LOW,0
23,2001,4,0,0.09038301,0.0023023789,0.0065921727,LOW,0
24,2001,4,0,0.09963284,0.0023023789,0.0068814503,LOW,0
25,2001,4,0,0.0685619,0.0023023789,0.0059567275,LOW,0
26,2001,4,0,0.038696185,0.0,0.005184602,LOW,0
27,2001,4,0,0.08288293,0.0023023789,0.0063665113,LOW,0
28,2001,4,0,0.4794804,0.039252337,0.03929943,LOW,0
29,2001,4,0,0.11552754,0.0023023789,0.0074082715,LOW,0
30,2001,4,0,0.041851625,0.0,0.005261234,LOW,0
31,2001,4,0,0.106621146,0.0023023789,0.007108329,LOW,0
32,2001,4,0,0.03497818,0.0,0.0050957287,LOW,0
33,2001,4,0,0.034236643,0.0,0.0050781863,LOW,0
34,2001,4,0,0.07075548,0.0023023789,0.0060177515,LOW,0
35,2001,4,0,0.040670883,0.0,0.0052324296,LOW,0
0,2001,3,0,0.16805877,0.0051413886,0.00945072,LOW,0
1,2001,3,0,0.40744445,0.033492826,0.028382778,LOW,0
2,2001,3,0,0.5852887,0.06329114,0.06286368,MODERATE,0
3,2001,3,0,0.29517606,0.021466905,0.016990421,LOW,0
4,2001,3,0,0.1894982,0.021466905,0.010436528,LOW,0
5,2001,3,0,0.07872252,0.002302379,0.006244661,LOW,0
6,2001,3,0,0.08737316,0.0023023789,0.006500675,LOW,0
7,2001,3,0,0.11890944,0.005141388,0.0075254287,LOW,0
8,2001,3,0,0.0756075,0.002302379,0.006154946,LOW,0
9,2001,3,0,0.21716496,0.021466905,0.011860317,LOW,0
10,2001,3,0,0.2889259,0.021466905,0.01650929,LOW,0
11,2001,3,0,0.041474547,0.0,0.0052520186,LOW,0
12,2001,3,0,0.05634381,0.002302379,0.005627919,LOW,0
13,2001,3,0,0.4689518,0.039252337,0.037482865,LOW,0
14,2001,3,0,0.43831283,0.039252337,0.03264457,LOW,0
15,2001,3,0,0.2875955,0.021466905,0.016408619,LOW,0
16,2001,3,0,0.39566907,0.030303033,0.026903614,LOW,0
17,2001,3,0,0.09325992,0.0023023789,0.0066808285,LOW,0
18,2001,3,0,0.17614403,0.021466907,0.00981116,LOW,0
19,2001,3,0,0.07811739,0.0023023789,0.0062271324,LOW,0
20,2001,3,0,0.07927984,0.0023023789,0.0062608477,LOW,0
21,2001,3,0,0.60219055,0.08091603,0.06768198,MODERATE,0
22,2001,3,0,0.17820959,0.021466907,0.009905408,LOW,0
23,2001,3,0,0.19723426,0.021466905,0.010816678,LOW,0
24,2001,3,0,0.07981659,0.0023023789,0.0062764776,LOW,0
25,2001,3,0,0.061582323,0.002302379,0.005766627,LOW,0
26,2001,3,0,0.034427933,0.0,0.0050827055,LOW,0
27,2001,3,1,0.18015957,0.021466905,0.009995199,LOW,0
28,2001,3,0,0.6210741,0.08091603,0.073468976,MODERATE,0
29,2001,3,0,0.06999104,0.002302379,0.005996415,LOW,0
30,2001,3,0,0.05758914,0.002302379,0.00566059,LOW,0
31,2001,3,0,0.1578863,0.005141388,0.009015805,LOW,0
32,2001,3,0,0.07268616,0.0023023789,0.0060719745,LOW,0
33,2001,3,0,0.07349576,0.0023023789,0.0060948576,LOW,0
34,2001,3,0,0.041269336,0.0,0.005247009,LOW,0
35,2001,3,0,0.04386605,0.0,0.005310747,LOW,0
0,2001,7,0,0.39934814,0.033492822,0.027357526,LOW,0
1,2001,7,0,0.37498045,0.021466905,0.024484403,LOW,0
2,2001,7,0,0.76253545,0.13043478,0.1331564,ELEVATED,1
3,2001,7,0,0.48341796,0.039252333,0.040000256,LOW,0
4,2001,7,0,0.35540625,0.021466903,0.022391504,LOW,0
5,2001,7,0,0.41532245,0.033492826,0.029416144,LOW,0
6,2001,7,0,0.5802547,0.06329114,0.06149159,MODERATE,0
7,2001,7,0,0.27385563,0.021466903,0.015403611,LOW,0
8,2001,7,0,0.08864133,0.0023023789,0.006539073,LOW,0
9,2001,7,0,0.35435066,0.021466905,0.022283744,LOW,0
10,2001,7,0,0.47499606,0.03925234,0.038515612,LOW,0
11,2001,7,0,0.06665566,0.002302379,0.0059041996,LOW,0
12,2001,7,0,0.09289925,0.0023023789,0.0066696485,LOW,0
13,2001,7,0,0.378343,0.021466905,0.024862645,LOW,0
14,2001,7,0,0.5157812,0.039252337,0.046231154,LOW,0
15,2001,7,0,0.29280964,0.021466903,0.016806656,LOW,0
16,2001,7,0,0.64310485,0.08091603,0.08079432,MODERATE,0
17,2001,7,0,0.59012663,0.08091603,0.064209186,MODERATE,0
18,2001,7,0,0.4703264,0.039252337,0.03771537,LOW,0
19,2001,7,0,0.23559023,0.021466905,0.012913323,LOW,0
20,2001,7,0,0.26905853,0.021466905,0.015067194,LOW,0
21,2001,7,0,0.7571251,0.13043478,0.13026422,ELEVATED,1
22,2001,7,0,0.5379162,0.049689442,0.05101374,MODERATE,0
23,2001,7,0,0.32689944,0.021466905,0.019652922,LOW,0
24,2001,7,0,0.1406433,0.0051413877,0.008323451,LOW,0
25,2001,7,0,0.46324652,0.039252333,0.036532484,LOW,0
26,2001,7,0,0.048360094,0.0,0.0054228785,LOW,0
27,2001,7,1,0.5534652,0.06329114,0.054649446,MODERATE,0
28,2001,7,0,0.7441883,0.11987381,0.12356488,ELEVATED,1
29,2001,7,0,0.2695983,0.021466905,0.015104686,LOW,0
30,2001,7,0,0.2770349,0.021466905,0.015630636,LOW,0
31,2001,7,0,0.42978486,0.033492822,0.031408913,LOW,0
32,2001,7,0,0.32640287,0.021466905,0.01960825,LOW,0
33,2001,7,0,0.14149266,0.005141388,0.008356284,LOW,0
34,2001,7,0,0.10123593,0.0023023789,0.0069328514,LOW,0
35,2001,7,0,0.2243348,0.021466905,0.012259595,LOW,0
0,2001,0,0,0.6734551,0.096267186,0.09197684,MODERATE,1
1,2001,0,0,0.5052984,0.039252337,0.044117913,LOW,0
2,2001,0,0,0.71567357,0.10472973,0.10983902,ELEVATED,1
3,2001,0,0,0.73402005,0.11987382,0.118508875,ELEVATED,1
4,2001,0,0,0.65179235,0.08091603,0.08386203,MODERATE,0
5,2001,0,0,0.5776445,0.06329114,0.060791217,MODERATE,0
6,2001,0,0,0.70795655,0.10472973,0.10636138,ELEVATED,1
7,2001,0,0,0.3989021,0.033492822,0.027302101,LOW,0
8,2001,0,0,0.18565133,0.021466905,0.010252443,LOW,0
9,2001,0,0,0.6045461,0.08091603,0.06838011,MODERATE,0
10,2001,0,0,0.6768823,0.09626719,0.09332356,MODERATE,1
11,2001,0,0,0.21831302,0.021466905,0.011923378,LOW,0
12,2001,0,0,0.20868866,0.021466905,0.011404832,LOW,0
13,2001,0,0,0.6201957,0.08091603,0.07318997,MODERATE,0
14,2001,0,0,0.59939927,0.08091603,0.0668633,MODERATE,0
15,2001,0,0,0.65620255,0.08091603,0.085459515,MODERATE,0
16,2001,0,0,0.6127021,0.08091603,0.07084912,MODERATE,0
17,2001,0,0,0.6931582,0.0962672,0.09996327,MODERATE,1
18,2001,0,0,0.69123566,0.09626719,0.09915763,MODERATE,1
19,2001,0,0,0.6953098,0.096267186,0.10087181,ELEVATED,1
20,2001,0,1,0.59043384,0.08091603,0.06429552,MODERATE,0
21,2001,0,0,0.7571672,0.13043478,0.13028656,ELEVATED,1
22,2001,0,1,0.68183655,0.09626719,0.095301606,MODERATE,1
23,2001,0,0,0.71816343,0.10472973,0.110982165,ELEVATED,1
24,2001,0,0,0.25653768,0.021466905,0.01422284,LOW,0
25,2001,0,0,0.6441127,0.08091603,0.08114489,MODERATE,0
26,2001,0,0,0.057885837,0.0023023789,0.0056684,LOW,0
27,2001,0,1,0.72435486,0.10472973,0.11386997,ELEVATED,1
28,2001,0,1,0.78864837,0.18128654,0.1478869,ELEVATED,1
29,2001,0,0,0.4761746,0.039252337,0.03872014,LOW,0
30,2001,0,0,0.6024821,0.08091603,0.06776802,MODERATE,0
31,2001,0,0,0.647211,0.08091603,0.082231306,MODERATE,0
32,2001,0,0,0.61792886,0.08091603,0.07247444,MODERATE,0
33,2001,0,0,0.29132333,0.021466905,0.01669224,LOW,0
34,2001,0,0,0.14118533,0.005141388,0.008344388,LOW,0
35,2001,0,0,0.46026516,0.039252337,0.03604512,LOW,0
0,2001,8,0,0.6576662,0.083333336,0.085995756,MODERATE,0
1,2001,8,0,0.51093197,0.039252337,0.045241874,LOW,0
2,2001,8,0,0.7064892,0.10472973,0.105711184,ELEVATED,1
3,2001,8,0,0.7541622,0.119873814,0.12870312,ELEVATED,1
4,2001,8,0,0.70662844,0.10472973,0.10577273,ELEVATED,1
5,2001,8,0,0.72141784,0.10472973,0.112492,ELEVATED,1
6,2001,8,0,0.7690913,0.18128654,0.13673355,ELEVATED,1
7,2001,8,0,0.685278,0.09626719,0.09669765,MODERATE,1
8,2001,8,0,0.32719895,0.021466907,0.019679915,LOW,0
9,2001,8,0,0.66580695,0.09626719,0.08903426,MODERATE,0
10,2001,8,0,0.7171468,0.10472973,0.11051418,ELEVATED,1
11,2001,8,0,0.39893836,0.033492822,0.027306603,LOW,0
12,2001,8,0,0.26027775,0.021466905,0.014470052,LOW,0
13,2001,8,0,0.6332948,0.08091603,0.077453546,MODERATE,0
14,2001,8,0,0.6082671,0.08091603,0.0694965,MODERATE,0
15,2001,8,0,0.7138385,0.10472973,0.109003134,ELEVATED,1
16,2001,8,0,0.6725163,0.09626719,0.09161097,MODERATE,1
17,2001,8,0,0.77121,0.18128656,0.13790676,ELEVATED,1
18,2001,8,0,0.7743811,0.18128654,0.13967852,ELEVATED,1
19,2001,8,0,0.75200874,0.119873814,0.12757854,ELEVATED,1
20,2001,8,1,0.74008816,0.11987381,0.12150421,ELEVATED,1
21,2001,8,0,0.7694638,0.18128654,0.13693918,ELEVATED,1
22,2001,8,1,0.6476886,0.08091603,0.08239996,MODERATE,0
23,2001,8,0,0.7568273,0.13043478,0.1301066,ELEVATED,1
24,2001,8,0,0.25669396,0.021466905,0.014233085,LOW,0
25,2001,8,0,0.73956615,0.11987382,0.121243976,ELEVATED,1
26,2001,8,0,0.050123304,0.0,0.0054675112,LOW,0
27,2001,8,0,0.8157331,0.18128654,0.16456237,HIGH,1
28,2001,8,1,0.7816291,0.18128654,0.14379977,ELEVATED,1
29,2001,8,1,0.5878245,0.06329114,0.06356562,MODERATE,0
30,2001,8,0,0.7348422,0.119873814,0.118910894,ELEVATED,1
31,2001,8,0,0.6977658,0.09626719,0.10191782,ELEVATED,1
32,2001,8,0,0.76242036,0.13043478,0.1330943,ELEVATED,1
33,2001,8,0,0.5309713,0.039252333,0.049464848,LOW,0
34,2001,8,0,0.22096144,0.021466903,0.01207011,LOW,0
35,2001,8,0,0.6124439,0.08091603,0.070769735,MODERATE,0
0,2001,6,0,0.6985137,0.09626719,0.102238245,ELEVATED,1
1,2001,6,0,0.59735346,0.08091603,0.06626911,MODERATE,0
2,2001,6,0,0.7423684,0.11987382,0.12264653,ELEVATED,1
3,2001,6,0,0.7398433,0.119873814,0.12138208,ELEVATED,1
4,2001,6,0,0.73638856,0.11987382,0.119670324,ELEVATED,1
5,2001,6,0,0.7063677,0.10472973,0.10565749,ELEVATED,1
6,2001,6,0,0.7338956,0.119873814,0.11844812,ELEVATED,1
7,2001,6,0,0.6638493,0.09626719,0.08829484,MODERATE,0
8,2001,6,0,0.5052426,0.039252337,0.044106916,LOW,0
9,2001,6,0,0.6463451,0.08091603,0.081926346,MODERATE,0
10,2001,6,0,0.66563356,0.09626719,0.08896855,MODERATE,0
11,2001,6,0,0.56853193,0.06329114,0.058404185,MODERATE,0
12,2001,6,0,0.36298442,0.021466905,0.023180187,LOW,0
13,2001,6,0,0.6104448,0.08091603,0.07015765,MODERATE,0
14,2001,6,0,0.58893836,0.08091603,0.06387624,MODERATE,0
15,2001,6,0,0.7223468,0.10472973,0.112926275,ELEVATED,1
16,2001,6,0,0.7134076,0.10472973,0.108807646,ELEVATED,1
17,2001,6,0,0.7239541,0.10472973,0.11368109,ELEVATED,1
18,2001,6,0,0.674116,0.09626719,0.092235155,MODERATE,1
19,2001,6,0,0.726831,0.119873814,0.11504314,ELEVATED,1
20,2001,6,1,0.73603857,0.119873814,0.119498074,ELEVATED,1
21,2001,6,0,0.6802642,0.09626719,0.0946698,MODERATE,1
22,2001,6,1,0.7678487,0.16666666,0.13604936,ELEVATED,1
23,2001,6,1,0.7856187,0.18128654,0.14611116,ELEVATED,1
24,2001,6,0,0.39297685,0.030303031,0.02657611,LOW,0
25,2001,6,0,0.7575822,0.13043478,0.13050649,ELEVATED,1
26,2001,6,0,0.098259054,0.0023023789,0.0068377033,LOW,0
27,2001,6,0,0.75611204,0.13043478,0.12972867,ELEVATED,1
28,2001,6,1,0.68021595,0.09626719,0.09465046,MODERATE,1
29,2001,6,1,0.61354995,0.08091603,0.071110465,MODERATE,0
30,2001,6,0,0.71819454,0.10472973,0.11099651,ELEVATED,1
31,2001,6,0,0.67032546,0.09626719,0.0907623,MODERATE,1
32,2001,6,1,0.69666916,0.09626719,0.10144957,ELEVATED,1
33,2001,6,0,0.5809263,0.06329114,0.06167302,MODERATE,0
34,2001,6,0,0.21668498,0.021466905,0.011834051,LOW,0
35,2001,6,0,0.6301508,0.08091603,0.076409906,MODERATE,0
0,2001,5,0,0.6914043,0.09626719,0.099228054,MODERATE,1
1,2001,5,0,0.6627965,0.09626719,0.087899484,MODERATE,0
2,2001,5,0,0.7072894,0.10472973,0.106065325,ELEVATED,1
3,2001,5,0,0.70530534,0.10472973,0.10518917,ELEVATED,1
4,2001,5,0,0.70581716,0.10472973,0.10541458,ELEVATED,1
5,2001,5,0,0.7433547,0.11987381,0.12314349,ELEVATED,1
6,2001,5,0,0.5695822,0.06329114,0.058674764,MODERATE,0
7,2001,5,0,0.5663259,0.06329114,0.05783968,MODERATE,0
8,2001,5,0,0.41788614,0.033492822,0.029760223,LOW,0
9,2001,5,0,0.5608418,0.06329114,0.056458447,MODERATE,0
10,2001,5,0,0.51383746,0.039252337,0.04583216,LOW,0
11,2001,5,0,0.54252404,0.049689442,0.052066613,MODERATE,0
12,2001,5,0,0.4660319,0.039252337,0.036993537,LOW,0
13,2001,5,0,0.5605448,0.06329114,0.05638454,MODERATE,0
14,2001,5,0,0.5598334,0.06329114,0.05620788,MODERATE,0
15,2001,5,0,0.54810756,0.049689446,0.053369943,MODERATE,0
16,2001,5,0,0.63596267,0.08091603,0.07834934,MODERATE,0
17,2001,5,0,0.5855752,0.06329114,0.062942624,MODERATE,0
18,2001,5,0,0.5755869,0.06329114,0.06024439,MODERATE,0
19,2001,5,0,0.72370166,0.104729734,0.11356226,ELEVATED,1
20,2001,5,0,0.72055775,0.10472973,0.11209125,ELEVATED,1
21,2001,5,0,0.7245725,0.10472972,0.113972664,ELEVATED,1
22,2001,5,0,0.78263104,0.18128656,0.14437737,ELEVATED,1
23,2001,5,1,0.64698356,0.08091603,0.08215111,MODERATE,0
24,2001,5,0,0.44971773,0.039252333,0.034370683,LOW,0
25,2001,5,0,0.71392435,0.10472973,0.109042116,ELEVATED,1
26,2001,5,0,0.16364777,0.0051413886,0.0092596365,LOW,0
27,2001,5,0,0.7678646,0.16666667,0.1360581,ELEVATED,1
28,2001,5,0,0.73188615,0.119873814,0.1174708,ELEVATED,1
29,2001,5,1,0.7454236,0.11987382,0.12419157,ELEVATED,1
30,2001,5,0,0.71190226,0.10472973,0.10812721,ELEVATED,1
31,2001,5,0,0.537418,0.049689442,0.050901115,MODERATE,0
32,2001,5,1,0.5626923,0.06329114,0.056921016,MODERATE,0
33,2001,5,0,0.5385933,0.049689442,0.051167183,MODERATE,0
34,2001,5,0,0.13369371,0.005141388,0.008059547,LOW,0
35,2001,5,0,0.578673,0.06329114,0.0610663,MODERATE,0
0,2001,1,0,0.6931651,0.09626719,0.09996618,MODERATE,1
1,2001,1,0,0.4284173,0.033492822,0.031215014,LOW,0
2,2001,1,0,0.686786,0.09626719,0.097315125,MODERATE,1
3,2001,1,0,0.415054,0.033492826,0.029380335,LOW,0
4,2001,1,0,0.50677836,0.039252337,0.04441057,LOW,0
5,2001,1,0,0.45716053,0.03925234,0.035544258,LOW,0
6,2001,1,0,0.620063,0.08091603,0.07314791,MODERATE,0
7,2001,1,0,0.2759063,0.021466905,0.015549669,LOW,0
8,2001,1,0,0.24674913,0.021466905,0.013595374,LOW,0
9,2001,1,0,0.3108967,0.021466905,0.018262321,LOW,0
10,2001,1,0,0.33827078,0.021466905,0.020703606,LOW,0
11,2001,1,0,0.19436967,0.021466905,0.010674343,LOW,0
12,2001,1,0,0.25250664,0.021466905,0.01396106,LOW,0
13,2001,1,0,0.3023229,0.021466905,0.017557478,LOW,0
14,2001,1,0,0.42825773,0.033492822,0.031192468,LOW,0
15,2001,1,0,0.28077394,0.021466905,0.01590184,LOW,0
16,2001,1,0,0.6255726,0.08091603,0.074913286,MODERATE,0
17,2001,1,0,0.61877924,0.08091603,0.0727421,MODERATE,0
18,2001,1,0,0.3584823,0.021466905,0.022708422,LOW,0
19,2001,1,0,0.46712035,0.039252337,0.03717522,LOW,0
20,2001,1,0,0.4591247,0.039252337,0.035860345,LOW,0
21,2001,1,0,0.55238724,0.049689442,0.0543897,MODERATE,0
22,2001,1,0,0.5982475,0.08091603,0.06652818,MODERATE,0
23,2001,1,1,0.41215408,0.033492822,0.028996225,LOW,0
24,2001,1,0,0.23581067,0.021466905,0.012926458,LOW,0
25,2001,1,0,0.5974081,0.08091603,0.06628491,MODERATE,0
26,2001,1,0,0.1587448,0.005141388,0.009051731,LOW,0
27,2001,1,0,0.64944077,0.08091603,0.08302135,MODERATE,0
28,2001,1,0,0.4823984,0.039252337,0.03981765,LOW,0
29,2001,1,1,0.67808884,0.09626719,0.093801856,MODERATE,1
30,2001,1,0,0.17510056,0.005141388,0.009763888,LOW,0
31,2001,1,0,0.30966297,0.021466905,0.018159214,LOW,0
32,2001,1,1,0.16077806,0.005141388,0.009137382,LOW,0
33,2001,1,0,0.13311197,0.005141388,0.008037836,LOW,0
34,2001,1,0,0.1285374,0.0051413886,0.0078691235,LOW,0
35,2001,1,0,0.14372897,0.005141388,0.008443351,LOW,0
0,2001,11,0,0.5182769,0.039252337,0.046748266,LOW,0
1,2001,11,0,0.36547008,0.021466903,0.023444735,LOW,0
2,2001,11,0,0.43074787,0.033492822,0.031546146,LOW,0
3,2001,11,0,0.101420365,0.0023023789,0.0069387895,LOW,0
4,2001,11,0,0.11734233,0.005141388,0.0074709146,LOW,0
5,2001,11,0,0.13151962,0.005141388,0.007978705,LOW,0
6,2001,11,0,0.46584186,0.039252337,0.036961902,LOW,0
7,2001,11,0,0.058881454,0.0023023789,0.0056946916,LOW,0
8,2001,11,0,0.055169005,0.002302379,0.005597269,LOW,0
9,2001,11,0,0.08014329,0.0023023789,0.0062860106,LOW,0
10,2001,11,0,0.07308471,0.0023023789,0.006083228,LOW,0
11,2001,11,0,0.061787114,0.0023023789,0.005772116,LOW,0
12,2001,11,0,0.078621894,0.0023023789,0.0062417416,LOW,0
13,2001,11,0,0.10123994,0.0023023789,0.0069329794,LOW,0
14,2001,11,0,0.14549959,0.005141388,0.008512929,LOW,0
15,2001,11,0,0.062454063,0.0023023789,0.005790035,LOW,0
16,2001,11,0,0.41137573,0.033492822,0.028893966,LOW,0
17,2001,11,0,0.28439826,0.021466907,0.016169151,LOW,0
18,2001,11,0,0.08520077,0.0023023789,0.0064354185,LOW,0
19,2001,11,0,0.12065557,0.0051413886,0.0075866347,LOW,0
20,2001,11,0,0.13414629,0.0051413877,0.00807648,LOW,0
21,2001,11,0,0.20178664,0.021466905,0.011046751,LOW,0
22,2001,11,0,0.25984865,0.021466905,0.0144414725,LOW,0
23,2001,11,0,0.10882383,0.0023023789,0.007181368,LOW,0
24,2001,11,0,0.08555861,0.0023023789,0.006446123,LOW,0
25,2001,11,0,0.28285742,0.021466905,0.016054971,LOW,0
26,2001,11,0,0.07026752,0.0023023789,0.0060041253,LOW,0
27,2001,11,0,0.43064183,0.033492822,0.031531006,LOW,0
28,2001,11,0,0.23328637,0.021466905,0.012776769,LOW,0
29,2001,11,1,0.39346933,0.030303031,0.026635727,LOW,0
30,2001,11,0,0.07396331,0.0023023789,0.0061081103,LOW,0
31,2001,11,0,0.061025284,0.002302379,0.005751716,LOW,0
32,2001,11,0,0.044643953,0.0,0.005329988,LOW,0
33,2001,11,0,0.03547038,0.0,0.005107406,LOW,0
34,2001,11,0,0.08304664,0.0023023789,0.006371354,LOW,0
35,2001,11,0,0.037081786,0.0,0.005145825,LOW,0
0,2001,10,0,0.34066924,0.021466905,0.02093215,LOW,0
1,2001,10,0,0.0825458,0.0023023789,0.0063565494,LOW,0
2,2001,10,0,0.07619921,0.0023023789,0.0061718896,LOW,0
3,2001,10,0,0.046623647,0.0,0.005379274,LOW,0
4,2001,10,0,0.040275436,0.0,0.0052228156,LOW,0
5,2001,10,0,0.060896266,0.002302379,0.0057482678,LOW,0
6,2001,10,0,0.0723083,0.0023023789,0.006061325,LOW,0
7,2001,10,0,0.033836678,0.0,0.0050687487,LOW,0
8,2001,10,0,0.03641066,0.0,0.00512979,LOW,0
9,2001,10,0,0.029660016,0.0,0.0049712355,LOW,0
10,2001,10,0,0.039326582,0.0,0.0051998207,LOW,0
11,2001,10,0,0.035341177,0.0,0.0051043397,LOW,0
12,2001,10,0,0.029867524,0.0,0.004976038,LOW,0
13,2001,10,0,0.12040748,0.005141388,0.007577908,LOW,0
14,2001,10,0,0.27062252,0.021466905,0.015176072,LOW,0
15,2001,10,0,0.03445189,0.0,0.0050832722,LOW,0
16,2001,10,0,0.36658332,0.021466905,0.023564171,LOW,0
17,2001,10,0,0.053163957,0.0018452401,0.0055453447,LOW,0
18,2001,10,0,0.050852817,0.0,0.0054860865,LOW,0
19,2001,10,0,0.036533497,0.0,0.005132721,LOW,0
20,2001,10,0,0.054124214,0.0023023789,0.005570152,LOW,0
21,2001,10,0,0.08014636,0.0023023789,0.0062861,LOW,0
22,2001,10,0,0.046461537,0.0,0.0053752214,LOW,0
23,2001,10,0,0.039485224,0.0,0.00520366,LOW,0
24,2001,10,0,0.042982306,0.0,0.0052889674,LOW,0
25,2001,10,0,0.17648502,0.021466905,0.009826658,LOW,0
26,2001,10,0,0.03586158,0.0,0.0051167067,LOW,0
27,2001,10,0,0.09729481,0.0023023789,0.0068071606,LOW,0
28,2001,10,0,0.05902719,0.002302379,0.0056985505,LOW,0
29,2001,10,0,0.32120013,0.021466903,0.019146152,LOW,0
30,2001,10,0,0.028885515,0.0,0.0049533607,LOW,0
31,2001,10,0,0.020555198,0.0,0.0047650877,LOW,0
32,2001,10,0,0.020531777,0.0,0.0047645676,LOW,0
33,2001,10,0,0.026831424,0.0,0.00490626,LOW,0
34,2001,10,0,0.030766841,0.0,0.0049968953,LOW,0
35,2001,10,0,0.021961069,0.0,0.004796355,LOW,0
0,2001,9,0,0.070249796,0.002302379,0.00600363,LOW,0
1,2001,9,0,0.08474578,0.0023023789,0.0064218347,LOW,0
2,2001,9,0,0.08664263,0.0023023789,0.0064786556,LOW,0
3,2001,9,0,0.024913996,0.0,0.004862694,LOW,0
4,2001,9,0,0.041514333,0.0,0.00525299,LOW,0
5,2001,9,0,0.03928434,0.0,0.0051988,LOW,0
6,2001,9,0,0.07224355,0.002302379,0.006059503,LOW,0
7,2001,9,0,0.028894344,0.0,0.0049535627,LOW,0
8,2001,9,0,0.025477873,0.0,0.004875466,LOW,0
9,2001,9,0,0.026051754,0.0,0.004888499,LOW,0
10,2001,9,0,0.04229138,0.0,0.0052720034,LOW,0
11,2001,9,0,0.027587704,0.0,0.00492355,LOW,0
12,2001,9,0,0.03197827,0.0,0.0050251274,LOW,0
13,2001,9,0,0.33991668,0.021466905,0.020860175,LOW,0
14,2001,9,0,0.4574828,0.039252337,0.03559593,LOW,0
15,2001,9,0,0.040218234,0.0,0.0052214256,LOW,0
16,2001,9,0,0.07703988,0.002302379,0.00619604,LOW,0
17,2001,9,0,0.05892087,0.0023023789,0.005695736,LOW,0
18,2001,9,0,0.0421444,0.0,0.005268401,LOW,0
19,2001,9,0,0.04805461,0.0,0.005415181,LOW,0
20,2001,9,0,0.051371936,0.0,0.005499342,LOW,0
21,2001,9,0,0.064205736,0.0023023789,0.005837362,LOW,0
22,2001,9,0,0.04234611,0.0,0.0052733463,LOW,0
23,2001,9,0,0.052815717,0.0,0.0055363746,LOW,0
24,2001,9,0,0.032451157,0.0,0.0050361925,LOW,0
25,2001,9,0,0.052103326,0.0,0.0055180695,LOW,0
26,2001,9,0,0.026651962,0.0,0.0049021645,LOW,0
27,2001,9,0,0.057091404,0.002302379,0.0056475075,LOW,0
28,2001,9,0,0.050980188,0.0,0.0054893345,LOW,0
29,2001,9,0,0.23920049,0.021466905,0.013130209,LOW,0
30,2001,9,0,0.03031612,0.0,0.0049864296,LOW,0
31,2001,9,0,0.027709901,0.0,0.004926347,LOW,0
32,2001,9,0,0.03052837,0.0,0.0049913554,LOW,0
33,2001,9,0,0.02092767,0.0,0.004773351,LOW,0
34,2001,9,0,0.02891951,0.0,0.004954143,LOW,0
35,2001,9,0,0.02335581,0.0,0.0048275744,LOW,0
0,2001,2,0,0.09448366,0.0023023789,0.0067188954,LOW,0
1,2001,2,0,0.15256135,0.005141388,0.008796114,LOW,0
2,2001,2,0,0.16188128,0.0051413877,0.00918419,LOW,0
3,2001,2,0,0.028490229,0.0,0.0049442616,LOW,0
4,2001,2,0,0.04170218,0.0,0.0052575795,LOW,0
5,2001,2,0,0.026471015,0.0,0.004898042,LOW,0
6,2001,2,0,0.060008787,0.002302379,0.0057246094,LOW,0
7,2001,2,0,0.030450221,0.0,0.0049895416,LOW,0
8,2001,2,0,0.033601504,0.0,0.005063209,LOW,0
9,2001,2,0,0.04690142,0.0,0.005386225,LOW,0
10,2001,2,0,0.039218843,0.0,0.0051972168,LOW,0
11,2001,2,0,0.024768174,0.0,0.0048593977,LOW,0
12,2001,2,0,0.057870533,0.0023023789,0.005667997,LOW,0
13,2001,2,0,0.47261563,0.039252333,0.038105667,LOW,0
14,2001,2,0,0.48403722,0.039252337,0.040111568,LOW,0
15,2001,2,0,0.04217721,0.0,0.0052692057,LOW,0
16,2001,2,0,0.08780666,0.0023023789,0.0065137735,LOW,0
17,2001,2,0,0.056915376,0.0023023789,0.0056428905,LOW,0
18,2001,2,0,0.07954618,0.0023023789,0.006268598,LOW,0
19,2001,2,0,0.033585805,0.0,0.005062839,LOW,0
20,2001,2,0,0.028595308,0.0,0.0049466784,LOW,0
21,2001,2,0,0.14051023,0.0051413886,0.008318315,LOW,0
22,2001,2,0,0.027992647,0.0,0.004932831,LOW,0
23,2001,2,0,0.036783088,0.0,0.005138682,LOW,0
24,2001,2,0,0.06151439,0.0023023789,0.005764806,LOW,0
25,2001,2,0,0.047900148,0.0,0.0054112948,LOW,0
26,2001,2,0,0.027029993,0.0,0.0049107927,LOW,0
27,2001,2,0,0.08222026,0.0023023789,0.006346946,LOW,0
28,2001,2,0,0.04513331,0.0,0.005342131,LOW,0
29,2001,2,0,0.20326078,0.021466905,0.011122285,LOW,0
30,2001,2,0,0.020331793,0.0,0.0047601378,LOW,0
31,2001,2,0,0.062478416,0.0023023789,0.005790691,LOW,0
32,2001,2,0,0.019313788,0.0,0.004737648,LOW,0
33,2001,2,0,0.020995762,0.0,0.0047748643,LOW,0
34,2001,2,0,0.033711653,0.0,0.0050658016,LOW,0
35,2001,2,0,0.027452009,0.0,0.0049204417,LOW,0
0,2002,4,0,0.12940301,0.0051413877,0.0079007745,LOW,0
1,2002,4,0,0.38124996,0.021466907,0.025194226,LOW,0
2,2002,4,0,0.41349867,0.033492822,0.029173715,LOW,0
3,2002,4,0,0.047466446,0.0,0.005400393,LOW,0
4,2002,4,0,0.16446167,0.005141388,0.009294602,LOW,0
5,2002,4,0,0.04974715,0.0,0.0054579596,LOW,0
6,2002,4,0,0.05523735,0.0023023789,0.0055990475,LOW,0
7,2002,4,0,0.120809376,0.005141388,0.0075920504,LOW,0
8,2002,4,0,0.05210401,0.0,0.0055180877,LOW,0
9,2002,4,0,0.15597974,0.005141388,0.008936527,LOW,0
10,2002,4,0,0.08788494,0.0023023789,0.006516143,LOW,0
11,2002,4,0,0.04547805,0.0,0.005350699,LOW,0
12,2002,4,0,0.06459802,0.002302379,0.0058480143,LOW,0
13,2002,4,0,0.48726228,0.039252337,0.040696044,LOW,0
14,2002,4,0,0.59545404,0.08091603,0.065721825,MODERATE,0
15,2002,4,0,0.14578111,0.0051413877,0.00852404,LOW,0
16,2002,4,0,0.13573454,0.005141388,0.008136172,LOW,0
17,2002,4,0,0.11027043,0.0023023789,0.007229741,LOW,0
18,2002,4,0,0.13034064,0.0051413877,0.007935205,LOW,0
19,2002,4,0,0.0652805,0.002302379,0.0058665895,LOW,0
20,2002,4,0,0.03814487,0.0,0.005171326,LOW,0
21,2002,4,0,0.28809503,0.021466903,0.016446348,LOW,0
22,2002,4,0,0.04851098,0.0,0.0054266835,LOW,0
23,2002,4,0,0.066238105,0.002302379,0.0058927527,LOW,0
24,2002,4,0,0.10292561,0.0023023789,0.006987442,LOW,0
25,2002,4,0,0.045966208,0.0,0.005362856,LOW,0
26,2002,4,0,0.04026388,0.0,0.0052225357,LOW,0
27,2002,4,0,0.16971107,0.005141388,0.009523296,LOW,0
28,2002,4,0,0.36150128,0.021466905,0.023023725,LOW,0
29,2002,4,0,0.118678465,0.0051413877,0.0075173695,LOW,0
30,2002,4,0,0.052462753,0.0,0.0055272984,LOW,0
31,2002,4,0,0.12463896,0.005141388,0.00772812,LOW,0
32,2002,4,0,0.041671474,0.0,0.005256829,LOW,0
33,2002,4,0,0.035005417,0.0,0.0050963745,LOW,0
34,2002,4,0,0.05934062,0.0023023789,0.0057068598,LOW,0
35,2002,4,0,0.033050485,0.0,0.0050502494,LOW,0
0,2002,3,0,0.23417902,0.021466905,0.01282951,LOW,0
1,2002,3,0,0.49241242,0.039252337,0.041646346,LOW,0
2,2002,3,0,0.6696728,0.0962672,0.09051085,MODERATE,1
3,2002,3,0,0.22120853,0.021466905,0.012083889,LOW,0
4,2002,3,0,0.2352168,0.021466905,0.01289109,LOW,0
5,2002,3,0,0.10323721,0.0023023789,0.0069975564,LOW,0
6,2002,3,0,0.11531478,0.0023023789,0.0074009644,LOW,0
7,2002,3,0,0.16101614,0.005141388,0.009147463,LOW,0
8,2002,3,0,0.043580838,0.0,0.0053037084,LOW,0
9,2002,3,0,0.17138866,0.005141388,0.009597547,LOW,0
10,2002,3,0,0.31496453,0.021466905,0.018606374,LOW,0
11,2002,3,0,0.05773041,0.0023023789,0.005664308,LOW,0
12,2002,3,0,0.05697223,0.0023023789,0.0056443806,LOW,0
13,2002,3,0,0.4258425,0.033492822,0.030853095,LOW,0
14,2002,3,0,0.5001646,0.039252337,0.043116905,LOW,0
15,2002,3,0,0.29347745,0.021466905,0.016858313,LOW,0
16,2002,3,0,0.37793645,0.021466905,0.024816617,LOW,0
17,2002,3,0,0.119738184,0.005141388,0.0075544165,LOW,0
18,2002,3,0,0.17628683,0.021466907,0.009817648,LOW,0
19,2002,3,0,0.0849735,0.0023023789,0.006428629,LOW,0
20,2002,3,0,0.056342617,0.002302379,0.005627887,LOW,0
21,2002,3,0,0.6646021,0.0962672,0.08857853,MODERATE,0
22,2002,3,0,0.06865248,0.0023023789,0.0059592356,LOW,0
23,2002,3,0,0.23211944,0.021466903,0.01270815,LOW,0
24,2002,3,0,0.10916451,0.002302379,0.0071927328,LOW,0
25,2002,3,0,0.054488216,0.0023023789,0.0055795866,LOW,0
26,2002,3,0,0.047067653,0.0,0.0053903908,LOW,0
27,2002,3,0,0.2648961,0.021466903,0.0147811575,LOW,0
28,2002,3,0,0.6107962,0.08091603,0.070264906,MODERATE,0
29,2002,3,0,0.10435071,0.0023023789,0.0070338147,LOW,0
30,2002,3,0,0.056377515,0.002302379,0.0056287996,LOW,0
31,2002,3,0,0.13952272,0.005141388,0.008280322,LOW,0
32,2002,3,0,0.05034937,0.0,0.00547326,LOW,0
33,2002,3,0,0.07419867,0.0023023789,0.006114795,LOW,0
34,2002,3,0,0.037874248,0.0,0.005164822,LOW,0
35,2002,3,0,0.05409668,0.0023023789,0.005569439,LOW,0
0,2002,7,0,0.44369754,0.039252337,0.03344884,LOW,0
1,2002,7,0,0.34086087,0.021466903,0.020950515,LOW,0
2,2002,7,0,0.7077927,0.10472973,0.10628858,ELEVATED,1
3,2002,7,0,0.4740865,0.039252337,0.038358472,LOW,0
4,2002,7,0,0.57650286,0.06329114,0.060487237,MODERATE,0
5,2002,7,0,0.38689065,0.030303033,0.025849955,LOW,0
6,2002,7,0,0.6002639,0.08091603,0.0671159,MODERATE,0
7,2002,7,0,0.4088215,0.033492822,0.028560828,LOW,0
8,2002,7,0,0.1259402,0.005141388,0.0077749016,LOW,0
9,2002,7,0,0.41039246,0.03349282,0.028765276,LOW,0
10,2002,7,0,0.53377444,0.049689442,0.050084587,MODERATE,0
11,2002,7,0,0.118220516,0.005141388,0.007501416,LOW,0
12,2002,7,0,0.118142724,0.005141388,0.007498708,LOW,0
13,2002,7,0,0.41170493,0.033492822,0.02893717,LOW,0
14,2002,7,0,0.4774273,0.039252337,0.038938686,LOW,0
15,2002,7,0,0.4387197,0.039252337,0.032704685,LOW,0
16,2002,7,0,0.5868394,0.06329114,0.06329205,MODERATE,0
17,2002,7,0,0.6768798,0.09626719,0.09332257,MODERATE,1
18,2002,7,0,0.4110453,0.033492822,0.028850662,LOW,0
19,2002,7,0,0.5204998,0.039252333,0.047213502,LOW,0
20,2002,7,0,0.5030241,0.039252337,0.04367175,LOW,0
21,2002,7,0,0.6914705,0.09626719,0.099255726,MODERATE,1
22,2002,7,0,0.4018037,0.033492822,0.027664619,LOW,0
23,2002,7,0,0.6144042,0.08091603,0.071374685,MODERATE,0
24,2002,7,0,0.19299003,0.021466905,0.010606451,LOW,0
25,2002,7,0,0.335111,0.021466907,0.020406257,LOW,0
26,2002,7,0,0.0756,0.0023023789,0.0061547332,LOW,0
27,2002,7,0,0.57114065,0.06329114,0.059078418,MODERATE,0
28,2002,7,0,0.7239125,0.10472973,0.113661505,ELEVATED,1
29,2002,7,0,0.35341442,0.021466905,0.022188593,LOW,0
30,2002,7,0,0.41760987,0.033492822,0.029722953,LOW,0
31,2002,7,0,0.2900935,0.021466905,0.016598143,LOW,0
32,2002,7,0,0.4047955,0.033492822,0.028043294,LOW,0
33,2002,7,0,0.22321604,0.021466905,0.01219643,LOW,0
34,2002,7,0,0.0735977,0.0023023789,0.006097744,LOW,0
35,2002,7,0,0.16905408,0.005141388,0.009494373,LOW,0
0,2002,0,0,0.62658054,0.08091603,0.07524045,MODERATE,0
1,2002,0,0,0.4385012,0.039252337,0.032672387,LOW,0
2,2002,0,0,0.7146404,0.10472973,0.10936771,ELEVATED,1
3,2002,0,0,0.6627596,0.09626719,0.08788566,MODERATE,0
4,2002,0,1,0.7441513,0.11987382,0.12354612,ELEVATED,1
5,2002,0,1,0.6177447,0.08091603,0.07241659,MODERATE,0
6,2002,0,1,0.731254,0.119873814,0.1171648,ELEVATED,1
7,2002,0,1,0.68603146,0.09626719,0.09700574,MODERATE,1
8,2002,0,1,0.35952798,0.021466903,0.022817153,LOW,0
9,2002,0,1,0.5679402,0.06329114,0.058252256,MODERATE,0
10,2002,0,0,0.66337377,0.09626719,0.088116065,MODERATE,0
11,2002,0,1,0.3735719,0.021466905,0.024327632,LOW,0
12,2002,0,1,0.50203896,0.039252337,0.043479834,LOW,0
13,2002,0,1,0.53093153,0.039252337,0.049456116,LOW,0
14,2002,0,0,0.5442547,0.049689442,0.052467346,MODERATE,0
15,2002,0,1,0.7013194,0.1,0.1034483,ELEVATED,1
16,2002,0,1,0.6743924,0.09626719,0.09234339,MODERATE,1
17,2002,0,1,0.7224544,0.10472973,0.11297669,ELEVATED,1
18,2002,0,1,0.69862336,0.09626719,0.10228531,ELEVATED,1
19,2002,0,1,0.67651373,0.09626719,0.093177885,MODERATE,1
20,2002,0,1,0.65555423,0.08091603,0.08522295,MODERATE,0
21,2002,0,0,0.7212051,0.10472973,0.1123928,ELEVATED,1
22,2002,0,1,0.67128134,0.09626719,0.09113172,MODERATE,1
23,2002,0,1,0.7289774,0.119873814,0.11606852,ELEVATED,1
24,2002,0,1,0.41226864,0.033492822,0.029011307,LOW,0
25,2002,0,0,0.50392073,0.039252337,0.043847136,LOW,0
26,2002,0,1,0.15251282,0.005141388,0.0087941345,LOW,0
27,2002,0,1,0.7259529,0.10472973,0.114625916,ELEVATED,1
28,2002,0,0,0.7055952,0.10472973,0.10531677,ELEVATED,1
29,2002,0,1,0.4817338,0.039252337,0.039699048,LOW,0
30,2002,0,1,0.6559207,0.08091603,0.0853566,MODERATE,0
31,2002,0,1,0.46983948,0.039252337,0.037632857,LOW,0
32,2002,0,1,0.7545759,0.11987381,0.12892017,ELEVATED,1
33,2002,0,1,0.60647106,0.08091603,0.06895555,MODERATE,0
34,2002,0,1,0.17810783,0.021466907,0.009900742,LOW,0
35,2002,0,1,0.5735117,0.06329114,0.059697535,MODERATE,0
0,2002,8,0,0.7029824,0.1,0.104171515,ELEVATED,1
1,2002,8,0,0.48866734,0.039252337,0.04095322,LOW,0
2,2002,8,0,0.6736569,0.09626719,0.09205562,MODERATE,1
3,2002,8,0,0.74890596,0.119873814,0.12597294,ELEVATED,1
4,2002,8,1,0.752282,0.11987382,0.12772079,ELEVATED,1
5,2002,8,1,0.7351611,0.11987382,0.119067185,ELEVATED,1
6,2002,8,1,0.7636209,0.13043478,0.13374314,ELEVATED,1
7,2002,8,1,0.762463,0.13043478,0.1331173,ELEVATED,1
8,2002,8,1,0.512825,0.039252337,0.04562564,LOW,0
9,2002,8,1,0.66414803,0.09626719,0.088407315,MODERATE,0
10,2002,8,0,0.7135127,0.10472973,0.10885532,ELEVATED,1
11,2002,8,1,0.47733593,0.039252337,0.0389227,LOW,0
12,2002,8,1,0.49106264,0.039252337,0.04139526,LOW,0
13,2002,8,1,0.6413513,0.08091603,0.080187656,MODERATE,0
14,2002,8,0,0.59558624,0.08091603,0.065759785,MODERATE,0
15,2002,8,1,0.72058463,0.10472973,0.11210375,ELEVATED,1
16,2002,8,1,0.7011431,0.09626719,0.10337189,ELEVATED,1
17,2002,8,1,0.7952415,0.18128654,0.15181288,HIGH,1
18,2002,8,1,0.7646755,0.13043478,0.13431531,ELEVATED,1
19,2002,8,1,0.75460947,0.11987381,0.12893775,ELEVATED,1
20,2002,8,1,0.73886114,0.11987382,0.120893314,ELEVATED,1
21,2002,8,0,0.7060683,0.104729734,0.105525345,ELEVATED,1
22,2002,8,1,0.7371659,0.11987382,0.12005366,ELEVATED,1
23,2002,8,1,0.7610937,0.13043478,0.13238043,ELEVATED,1
24,2002,8,1,0.29433373,0.021466905,0.01692478,LOW,0
25,2002,8,0,0.7192512,0.104729734,0.11148484,ELEVATED,1
26,2002,8,1,0.1980546,0.021466903,0.010857785,LOW,0
27,2002,8,1,0.7499504,0.119873814,0.12651147,ELEVATED,1
28,2002,8,0,0.76881456,0.18128654,0.13658091,ELEVATED,1
29,2002,8,1,0.40356335,0.033492822,0.027886739,LOW,0
30,2002,8,1,0.7099848,0.10472972,0.10726587,ELEVATED,1
31,2002,8,1,0.54288137,0.049689442,0.052149113,MODERATE,0
32,2002,8,1,0.7743012,0.18128653,0.13963363,ELEVATED,1
33,2002,8,1,0.6603624,0.09090909,0.08699156,MODERATE,0
34,2002,8,1,0.2938057,0.021466905,0.016883764,LOW,0
35,2002,8,1,0.6684265,0.09626719,0.09003242,MODERATE,1
0,2002,6,0,0.6769293,0.09626719,0.09334214,MODERATE,1
1,2002,6,0,0.44348222,0.039252337,0.033416316,LOW,0
2,2002,6,0,0.6571843,0.083333336,0.085818864,MODERATE,0
3,2002,6,0,0.77083063,0.18128654,0.13769607,ELEVATED,1
4,2002,6,1,0.75553864,0.13043478,0.12942638,ELEVATED,1
5,2002,6,1,0.739235,0.11987381,0.12107914,ELEVATED,1
6,2002,6,1,0.75536036,0.13043478,0.12933251,ELEVATED,1
7,2002,6,1,0.7378394,0.119873814,0.12038662,ELEVATED,1
8,2002,6,1,0.6112658,0.08091603,0.070408426,MODERATE,0
9,2002,6,1,0.71220857,0.10472973,0.10826537,ELEVATED,1
10,2002,6,0,0.6871939,0.09626719,0.09748274,MODERATE,1
11,2002,6,1,0.57896423,0.06329114,0.06114439,MODERATE,0
12,2002,6,1,0.47966567,0.039252337,0.039332133,LOW,0
13,2002,6,1,0.62194246,0.08091603,0.07374576,MODERATE,0
14,2002,6,0,0.5801168,0.06329114,0.06145441,MODERATE,0
15,2002,6,1,0.6812258,0.09626719,0.095055744,MODERATE,1
16,2002,6,1,0.6308627,0.08091603,0.07664509,MODERATE,0
17,2002,6,1,0.7678473,0.16666667,0.1360486,ELEVATED,1
18,2002,6,1,0.7145458,0.10472973,0.10932465,ELEVATED,1
19,2002,6,1,0.7460414,0.119873814,0.12450602,ELEVATED,1
20,2002,6,1,0.7212867,0.10472973,0.112430826,ELEVATED,1
21,2002,6,0,0.6175871,0.08091603,0.072367124,MODERATE,0
22,2002,6,1,0.74839336,0.119873814,0.12570937,ELEVATED,1
23,2002,6,1,0.7574817,0.13043478,0.1304532,ELEVATED,1
24,2002,6,1,0.31189603,0.021466903,0.018346256,LOW,0
25,2002,6,0,0.7344012,0.11987381,0.118695125,ELEVATED,1
26,2002,6,1,0.3252744,0.021466905,0.0195071,LOW,0
27,2002,6,1,0.77801955,0.18128654,0.14173484,ELEVATED,1
28,2002,6,0,0.72931826,0.119873814,0.1162321,ELEVATED,1
29,2002,6,1,0.3818198,0.021466905,0.025259724,LOW,0
30,2002,6,1,0.6970688,0.096267186,0.101619974,ELEVATED,1
31,2002,6,1,0.5766947,0.06329114,0.060538236,MODERATE,0
32,2002,6,1,0.6890251,0.09626719,0.09823844,MODERATE,1
33,2002,6,1,0.6615366,0.09626719,0.08742846,MODERATE,0
34,2002,6,1,0.3040883,0.021466907,0.017700389,LOW,0
35,2002,6,1,0.6153081,0.08091603,0.07165523,MODERATE,0
0,2002,5,0,0.6868449,0.09626719,0.09733932,MODERATE,1
1,2002,5,0,0.5467906,0.049689442,0.053059787,MODERATE,0
2,2002,5,1,0.63812244,0.08091603,0.07908146,MODERATE,0
3,2002,5,0,0.7152449,0.10472973,0.109643266,ELEVATED,1
4,2002,5,0,0.7471468,0.11987381,0.12507033,ELEVATED,1
5,2002,5,1,0.7808143,0.18128654,0.14333147,ELEVATED,1
6,2002,5,0,0.7197371,0.10472973,0.11171003,ELEVATED,1
7,2002,5,0,0.6676143,0.09626719,0.08972187,MODERATE,0
8,2002,5,0,0.37576765,0.021466905,0.024572447,LOW,0
9,2002,5,0,0.6612825,0.09626719,0.08733376,MODERATE,0
10,2002,5,0,0.5186354,0.039252337,0.046823002,LOW,0
11,2002,5,0,0.4605051,0.03925234,0.036084108,LOW,0
12,2002,5,0,0.20383394,0.021466905,0.011151793,LOW,0
13,2002,5,0,0.67884284,0.09626719,0.09410188,MODERATE,1
14,2002,5,0,0.5994238,0.08091603,0.06687046,MODERATE,0
15,2002,5,0,0.66872233,0.09626719,0.09014578,MODERATE,1
16,2002,5,0,0.70167017,0.1,0.10360047,ELEVATED,1
17,2002,5,0,0.6360186,0.08091603,0.07836821,MODERATE,0
18,2002,5,0,0.65492356,0.08091603,0.08499341,MODERATE,0
19,2002,5,0,0.7209464,0.10472973,0.11227219,ELEVATED,1
20,2002,5,0,0.71291447,0.10472973,0.10858436,ELEVATED,1
21,2002,5,0,0.66952974,0.09626719,0.090455815,MODERATE,1
22,2002,5,1,0.7731989,0.18128654,0.13901578,ELEVATED,1
23,2002,5,0,0.7109577,0.10472973,0.10770215,ELEVATED,1
24,2002,5,0,0.17415787,0.005141388,0.009721377,LOW,0
25,2002,5,0,0.78297544,0.18128653,0.14457636,ELEVATED,1
26,2002,5,0,0.22334613,0.021466905,0.012203757,LOW,0
27,2002,5,0,0.7810975,0.18128654,0.14349407,ELEVATED,1
28,2002,5,0,0.54972965,0.049689442,0.05375432,MODERATE,0
29,2002,5,1,0.28057882,0.021466905,0.015887577,LOW,0
30,2002,5,1,0.69256115,0.09626719,0.09971247,MODERATE,1
31,2002,5,0,0.6435904,0.08091603,0.08096303,MODERATE,0
32,2002,5,0,0.5314413,0.048843384,0.04956825,LOW,0
33,2002,5,0,0.4771192,0.039252337,0.038884822,LOW,0
34,2002,5,0,0.11437579,0.002302379,0.00736879,LOW,0
35,2002,5,0,0.38357893,0.021466905,0.025462983,LOW,0
0,2002,1,0,0.6685596,0.09626719,0.09008341,MODERATE,1
1,2002,1,0,0.45230877,0.039252337,0.03477493,LOW,0
2,2002,1,1,0.6705619,0.09626719,0.09085356,MODERATE,1
3,2002,1,0,0.45502472,0.039252333,0.035203587,LOW,0
4,2002,1,0,0.51163703,0.03925234,0.045384448,LOW,0
5,2002,1,1,0.5919027,0.08091603,0.06470983,MODERATE,0
6,2002,1,0,0.5810634,0.06329114,0.061710104,MODERATE,0
7,2002,1,0,0.42778435,0.033492822,0.03112567,LOW,0
8,2002,1,0,0.08977994,0.0023023789,0.0065737367,LOW,0
9,2002,1,0,0.45416462,0.039252337,0.035067294,LOW,0
10,2002,1,0,0.32918218,0.021466905,0.019859564,LOW,0
11,2002,1,0,0.24628855,0.021466905,0.013566533,LOW,0
12,2002,1,0,0.21020043,0.021466905,0.011484782,LOW,0
13,2002,1,0,0.4029589,0.033492822,0.027810238,LOW,0
14,2002,1,0,0.4021066,0.033492822,0.027702726,LOW,0
15,2002,1,0,0.3973999,0.033492822,0.027116241,LOW,0
16,2002,1,0,0.62373525,0.08091603,0.07432026,MODERATE,0
17,2002,1,0,0.5663567,0.06329114,0.05784753,MODERATE,0
18,2002,1,0,0.43268692,0.033492822,0.03182424,LOW,0
19,2002,1,0,0.4748435,0.03925234,0.038489215,LOW,0
20,2002,1,0,0.5316018,0.049689442,0.04960361,LOW,0
21,2002,1,0,0.59766954,0.08091603,0.066360585,MODERATE,0
22,2002,1,1,0.6381064,0.08091603,0.07907601,MODERATE,0
23,2002,1,0,0.45611134,0.039252337,0.03537651,LOW,0
24,2002,1,0,0.18514626,0.021466905,0.010228515,LOW,0
25,2002,1,0,0.7143659,0.10472973,0.10924279,ELEVATED,1
26,2002,1,0,0.12070554,0.0051413877,0.0075883935,LOW,0
27,2002,1,0,0.698698,0.09626719,0.10231735,ELEVATED,1
28,2002,1,0,0.6282003,0.08091603,0.075768955,MODERATE,0
29,2002,1,1,0.31276807,0.021466905,0.018419817,LOW,0
30,2002,1,1,0.3384077,0.021466903,0.02071659,LOW,0
31,2002,1,0,0.26381505,0.021466905,0.014707752,LOW,0
32,2002,1,0,0.18978795,0.021466905,0.010450523,LOW,0
33,2002,1,0,0.23605375,0.021466905,0.01294097,LOW,0
34,2002,1,0,0.145131,0.005141388,0.008498396,LOW,0
35,2002,1,0,0.15764517,0.005141388,0.009005739,LOW,0
0,2002,11,0,0.4960379,0.039252337,0.04232801,LOW,0
1,2002,11,0,0.29181838,0.021466905,0.016730264,LOW,0
2,2002,11,1,0.4322425,0.033492822,0.031760294,LOW,0
3,2002,11,0,0.10293809,0.0023023789,0.0069878455,LOW,0
4,2002,11,0,0.15750486,0.005141388,0.00899989,LOW,0
5,2002,11,0,0.29651156,0.021466905,0.017095001,LOW,0
6,2002,11,0,0.4504899,0.039252337,0.03449068,LOW,0
7,2002,11,0,0.14855193,0.005141388,0.008634205,LOW,0
8,2002,11,0,0.08642072,0.0023023789,0.0064719836,LOW,0
9,2002,11,0,0.13713738,0.005141388,0.008189261,LOW,0
10,2002,11,0,0.1092901,0.0023023789,0.007196925,LOW,0
11,2002,11,0,0.091711424,0.0023023789,0.006632964,LOW,0
12,2002,11,0,0.08652189,0.0023023789,0.006475026,LOW,0
13,2002,11,0,0.35100582,0.021466907,0.02194563,LOW,0
14,2002,11,0,0.32329494,0.021466905,0.019330911,LOW,0
15,2002,11,0,0.09786963,0.0023023789,0.006825351,LOW,0
16,2002,11,0,0.36448509,0.021466905,0.023339555,LOW,0
17,2002,11,0,0.26676783,0.021466905,0.014909116,LOW,0
18,2002,11,0,0.19654772,0.021466905,0.0107823955,LOW,0
19,2002,11,0,0.17956898,0.021466905,0.009967921,LOW,0
20,2002,11,0,0.22892758,0.021466907,0.012522305,LOW,0
21,2002,11,0,0.29656532,0.021466905,0.017099224,LOW,0
22,2002,11,0,0.20434569,0.021466903,0.011178199,LOW,0
23,2002,11,0,0.09501867,0.0023023789,0.0067356043,LOW,0
24,2002,11,0,0.1356947,0.005141388,0.008134668,LOW,0
25,2002,11,0,0.47944695,0.039252337,0.03929352,LOW,0
26,2002,11,0,0.112771355,0.0023023789,0.0073141353,LOW,0
27,2002,11,0,0.40449297,0.033492822,0.028004782,LOW,0
28,2002,11,0,0.17501892,0.0051413886,0.009760201,LOW,0
29,2002,11,0,0.16351178,0.005141388,0.009253807,LOW,0
30,2002,11,0,0.096975274,0.0023023789,0.006797071,LOW,0
31,2002,11,0,0.0795031,0.002302379,0.006267345,LOW,0
32,2002,11,0,0.07542333,0.0023023789,0.006149683,LOW,0
33,2002,11,0,0.07963808,0.0023023789,0.006271275,LOW,0
34,2002,11,0,0.118084505,0.005141388,0.007496682,LOW,0
35,2002,11,0,0.09303433,0.0023023789,0.0066738324,LOW,0
0,2002,10,0,0.21731073,0.021466905,0.011868305,LOW,0
1,2002,10,0,0.0733959,0.0023023789,0.0060920306,LOW,0
2,2002,10,0,0.06265559,0.0023023789,0.005795461,LOW,0
3,2002,10,0,0.035120446,0.0,0.005099102,LOW,0
4,2002,10,0,0.030304234,0.0,0.0049861553,LOW,0
5,2002,10,0,0.08636179,0.0023023789,0.006470212,LOW,0
6,2002,10,0,0.08633477,0.0023023789,0.0064693997,LOW,0
7,2002,10,0,0.033265054,0.0,0.0050552906,LOW,0
8,2002,10,0,0.035154823,0.0,0.0050999173,LOW,0
9,2002,10,0,0.03013148,0.0,0.004982149,LOW,0
10,2002,10,0,0.04752793,0.0,0.0054019378,LOW,0
11,2002,10,0,0.037314605,0.0,0.0051513985,LOW,0
12,2002,10,0,0.029609904,0.0,0.0049700774,LOW,0
13,2002,10,0,0.19966786,0.021466905,0.010939077,LOW,0
14,2002,10,0,0.18575744,0.021466905,0.010257476,LOW,0
15,2002,10,0,0.03285517,0.0,0.005045663,LOW,0
16,2002,10,0,0.40213937,0.033492822,0.027706848,LOW,0
17,2002,10,0,0.047221858,0.0,0.0053942576,LOW,0
18,2002,10,0,0.12597679,0.005141388,0.0077762227,LOW,0
19,2002,10,0,0.06148665,0.0023023789,0.005764063,LOW,0
20,2002,10,0,0.057056617,0.002302379,0.005646597,LOW,0
21,2002,10,0,0.051781908,0.0,0.0055098333,LOW,0
22,2002,10,0,0.05409589,0.0023023789,0.0055694203,LOW,0
23,2002,10,0,0.030755997,0.0,0.0049966415,LOW,0
24,2002,10,0,0.051624812,0.0,0.0055058105,LOW,0
25,2002,10,0,0.16610043,0.005141388,0.009365406,LOW,0
26,2002,10,0,0.030240789,0.0,0.004984684,LOW,0
27,2002,10,0,0.08963288,0.0023023789,0.0065692514,LOW,0
28,2002,10,0,0.036576606,0.0,0.005133748,LOW,0
29,2002,10,0,0.239621,0.021466903,0.0131557025,LOW,0
30,2002,10,0,0.03833063,0.0,0.005175795,LOW,0
31,2002,10,0,0.02794372,0.0,0.00493171,LOW,0
32,2002,10,0,0.021517932,0.0,0.004786478,LOW,0
33,2002,10,0,0.022688039,0.0,0.004812602,LOW,0
34,2002,10,0,0.032244615,0.0,0.005031356,LOW,0
35,2002,10,0,0.022207165,0.0,0.0048018484,LOW,0
0,2002,9,0,0.09176391,0.002302379,0.006634579,LOW,0
1,2002,9,0,0.08745,0.0023023789,0.0065029943,LOW,0
2,2002,9,0,0.10454123,0.002302379,0.0070400387,LOW,0
3,2002,9,0,0.030894728,0.0,0.0049998667,LOW,0
4,2002,9,0,0.027097289,0.0,0.0049123303,LOW,0
5,2002,9,0,0.07618628,0.0023023789,0.006171518,LOW,0
6,2002,9,0,0.061259348,0.0023023789,0.0057579777,LOW,0
7,2002,9,0,0.023610635,0.0,0.0048333006,LOW,0
8,2002,9,0,0.032368094,0.0,0.005034248,LOW,0
9,2002,9,0,0.025376443,0.0,0.0048731673,LOW,0
10,2002,9,0,0.050530594,0.0,0.005477874,LOW,0
11,2002,9,0,0.024915678,0.0,0.004862733,LOW,0
12,2002,9,0,0.028811598,0.0,0.004951657,LOW,0
13,2002,9,0,0.3783413,0.021466903,0.024862455,LOW,0
14,2002,9,0,0.4364659,0.039252337,0.032373037,LOW,0
15,2002,9,0,0.026331294,0.0,0.004894859,LOW,0
16,2002,9,0,0.0911793,0.002302379,0.0066165933,LOW,0
17,2002,9,0,0.06587904,0.0023023789,0.0058829286,LOW,0
18,2002,9,0,0.15447837,0.0051413877,0.008874584,LOW,0
19,2002,9,0,0.054167304,0.002302379,0.0055712694,LOW,0
20,2002,9,0,0.035946745,0.0,0.0051187337,LOW,0
21,2002,9,0,0.05753011,0.0023023789,0.005659036,LOW,0
22,2002,9,0,0.06838944,0.0023023789,0.005951958,LOW,0
23,2002,9,0,0.030444995,0.0,0.004989418,LOW,0
24,2002,9,0,0.035924237,0.0,0.0051181973,LOW,0
25,2002,9,0,0.087227285,0.0023023789,0.0064962725,LOW,0
26,2002,9,0,0.03255673,0.0,0.005038666,LOW,0
27,2002,9,0,0.09179907,0.0023023789,0.006635663,LOW,0
28,2002,9,0,0.049588278,0.0,0.005453931,LOW,0
29,2002,9,0,0.17382032,0.005141388,0.009706198,LOW,0
30,2002,9,0,0.03174422,0.0,0.0050196615,LOW,0
31,2002,9,0,0.023362681,0.0,0.004827731,LOW,0
32,2002,9,0,0.026059542,0.0,0.0048886756,LOW,0
33,2002,9,0,0.017379727,0.0,0.004695209,LOW,0
34,2002,9,0,0.030615075,0.0,0.0049933684,LOW,0
35,2002,9,0,0.018394168,0.0,0.004717422,LOW,0
0,2002,2,0,0.091704994,0.0023023789,0.006632766,LOW,0
1,2002,2,0,0.18964985,0.021466907,0.0104438495,LOW,0
2,2002,2,0,0.093974896,0.0023023789,0.006703041,LOW,0
3,2002,2,0,0.03684153,0.0,0.005140079,LOW,0
4,2002,2,0,0.0313652,0.0,0.0050108195,LOW,0
5,2002,2,0,0.02842258,0.0,0.0049427063,LOW,0
6,2002,2,0,0.053664006,0.0023023789,0.0055582495,LOW,0
7,2002,2,0,0.025594154,0.0,0.004878104,LOW,0
8,2002,2,0,0.037767522,0.0,0.00516226,LOW,0
9,2002,2,0,0.02765979,0.0,0.0049252,LOW,0
10,2002,2,0,0.04505111,0.0,0.005340089,LOW,0
11,2002,2,0,0.028954383,0.0,0.0049549467,LOW,0
12,2002,2,0,0.032387827,0.0,0.005034709,LOW,0
13,2002,2,0,0.54670054,0.049689442,0.053038638,MODERATE,0
14,2002,2,0,0.564513,0.06329114,0.05737962,MODERATE,0
15,2002,2,0,0.03622998,0.0,0.0051254793,LOW,0
16,2002,2,0,0.09479803,0.002302379,0.0067287106,LOW,0
17,2002,2,0,0.056311682,0.0023023789,0.0056270785,LOW,0
18,2002,2,0,0.12027747,0.005141388,0.0075733415,LOW,0
19,2002,2,0,0.0333603,0.0,0.0050575314,LOW,0
20,2002,2,0,0.034302223,0.0,0.0050797355,LOW,0
21,2002,2,0,0.093592815,0.0023023789,0.0066911615,LOW,0
22,2002,2,0,0.031233476,0.0,0.005007751,LOW,0
23,2002,2,0,0.029293567,0.0,0.0049627703,LOW,0
24,2002,2,0,0.08316102,0.0023023789,0.0063747396,LOW,0
25,2002,2,0,0.05161801,0.0,0.005505636,LOW,0
26,2002,2,0,0.030668316,0.0,0.004994605,LOW,0
27,2002,2,0,0.062927306,0.0023023789,0.005802785,LOW,0
28,2002,2,0,0.066983506,0.0023023789,0.005913199,LOW,0
29,2002,2,0,0.11750125,0.005141388,0.0074764257,LOW,0
30,2002,2,0,0.02583666,0.0,0.0048836092,LOW,0
31,2002,2,0,0.07652416,0.002302379,0.006181212,LOW,0
32,2002,2,0,0.022560257,0.0,0.0048097433,LOW,0
33,2002,2,0,0.02121066,0.0,0.004779641,LOW,0
34,2002,2,0,0.030657446,0.0,0.004994352,LOW,0
35,2002,2,0,0.020350536,0.0,0.0047605536,LOW,0
0,2003,4,0,0.08907552,0.0023023789,0.0065522697,LOW,0
1,2003,4,0,0.43343732,0.033492822,0.0319325,LOW,0
2,2003,4,0,0.3159337,0.021466903,0.018689279,LOW,0
3,2003,4,0,0.05267905,0.0,0.005532858,LOW,0
4,2003,4,0,0.17068945,0.005141388,0.009566531,LOW,0
5,2003,4,0,0.038720004,0.0,0.005185175,LOW,0
6,2003,4,0,0.06016515,0.002302379,0.005728769,LOW,0
7,2003,4,0,0.13856804,0.005141388,0.008243759,LOW,0
8,2003,4,0,0.0399865,0.0,0.005215804,LOW,0
9,2003,4,0,0.049646664,0.0,0.0054554106,LOW,0
10,2003,4,0,0.16845076,0.005141388,0.009467885,LOW,0
11,2003,4,0,0.03428006,0.0,0.0050792126,LOW,0
12,2003,4,0,0.054731555,0.0023023789,0.0055859005,LOW,0
13,2003,4,0,0.54817474,0.049689442,0.05338581,MODERATE,0
14,2003,4,0,0.51243293,0.039252337,0.0455459,LOW,0
15,2003,4,0,0.19956508,0.021466907,0.010933878,LOW,0
16,2003,4,0,0.3249384,0.021466905,0.01947708,LOW,0
17,2003,4,0,0.1150554,0.0023023789,0.0073920614,LOW,0
18,2003,4,0,0.23033881,0.021466905,0.012604139,LOW,0
19,2003,4,0,0.058794312,0.0023023789,0.005692386,LOW,0
20,2003,4,0,0.046865564,0.0,0.005385329,LOW,0
21,2003,4,0,0.3694158,0.021466905,0.023870746,LOW,0
22,2003,4,0,0.061377507,0.002302379,0.0057611396,LOW,0
23,2003,4,0,0.08945387,0.0023023789,0.0065637925,LOW,0
24,2003,4,0,0.10838105,0.002302379,0.0071666283,LOW,0
25,2003,4,0,0.034624513,0.0,0.005087354,LOW,0
26,2003,4,0,0.029999679,0.0,0.004979096,LOW,0
27,2003,4,0,0.32943654,0.021466905,0.01988272,LOW,0
28,2003,4,0,0.617058,0.08091603,0.07220126,MODERATE,0
29,2003,4,0,0.13489802,0.005141388,0.008104678,LOW,0
30,2003,4,0,0.036446504,0.0,0.005130644,LOW,0
31,2003,4,0,0.12217674,0.005141388,0.0076403585,LOW,0
32,2003,4,0,0.049505364,0.0,0.0054518287,LOW,0
33,2003,4,0,0.028984526,0.0,0.004955643,LOW,0
34,2003,4,0,0.040026393,0.0,0.0052167717,LOW,0
35,2003,4,0,0.029775113,0.0,0.004973899,LOW,0
0,2003,3,0,0.15510252,0.005141388,0.008900286,LOW,0
1,2003,3,0,0.3540312,0.021466905,0.02225123,LOW,0
2,2003,3,0,0.5488912,0.049689442,0.05355531,MODERATE,0
3,2003,3,0,0.32493713,0.021466905,0.019476973,LOW,0
4,2003,3,0,0.15525155,0.005141388,0.008906432,LOW,0
5,2003,3,0,0.048180465,0.0,0.0054183514,LOW,0
6,2003,3,0,0.08041955,0.0023023789,0.006294082,LOW,0
7,2003,3,0,0.15503667,0.005141388,0.008897568,LOW,0
8,2003,3,0,0.035420395,0.0,0.005106219,LOW,0
9,2003,3,0,0.06125239,0.002302379,0.0057577896,LOW,0
10,2003,3,0,0.27511805,0.021466905,0.015493368,LOW,0
11,2003,3,0,0.045194764,0.0,0.005343656,LOW,0
12,2003,3,0,0.054851126,0.002302379,0.0055890055,LOW,0
13,2003,3,0,0.43019095,0.033492822,0.03146672,LOW,0
14,2003,3,0,0.53009075,0.039252337,0.049271688,LOW,0
15,2003,3,0,0.25931224,0.021466905,0.014405829,LOW,0
16,2003,3,0,0.60967124,0.08091603,0.069922134,MODERATE,0
17,2003,3,0,0.14857152,0.005141388,0.008634989,LOW,0
18,2003,3,0,0.21696478,0.021466905,0.011849357,LOW,0
19,2003,3,0,0.068022914,0.0023023789,0.0059418296,LOW,0
20,2003,3,0,0.060785584,0.002302379,0.0057453117,LOW,0
21,2003,3,0,0.65747964,0.083333336,0.08592723,MODERATE,0
22,2003,3,1,0.09955433,0.0023023789,0.006878942,LOW,0
23,2003,3,0,0.18093435,0.021466903,0.010031104,LOW,0
24,2003,3,0,0.08152672,0.0023023789,0.0063265325,LOW,0
25,2003,3,0,0.05000537,0.0,0.0054645147,LOW,0
26,2003,3,0,0.030419754,0.0,0.004988834,LOW,0
27,2003,3,1,0.25775126,0.021466905,0.014302596,LOW,0
28,2003,3,0,0.7413869,0.11987381,0.122153684,ELEVATED,1
29,2003,3,1,0.09648087,0.002302379,0.0067814863,LOW,0
30,2003,3,0,0.04379628,0.0,0.005309024,LOW,0
31,2003,3,0,0.17379962,0.0051413877,0.009705268,LOW,0
32,2003,3,0,0.04497482,0.0,0.005338195,LOW,0
33,2003,3,0,0.039008994,0.0,0.005192148,LOW,0
34,2003,3,0,0.0432901,0.0,0.0052965437,LOW,0
35,2003,3,0,0.02955182,0.0,0.004968736,LOW,0
0,2003,7,1,0.41158623,0.033492822,0.028921595,LOW,0
1,2003,7,0,0.40344542,0.033492822,0.027871793,LOW,0
2,2003,7,0,0.701669,0.1,0.103599966,ELEVATED,1
3,2003,7,0,0.47332242,0.03925234,0.038226947,LOW,0
4,2003,7,0,0.41660896,0.03349282,0.029588327,LOW,0
5,2003,7,0,0.28244907,0.021466907,0.016024847,LOW,0
6,2003,7,0,0.5462504,0.049689442,0.052933056,MODERATE,0
7,2003,7,0,0.4286721,0.033492822,0.031251058,LOW,0
8,2003,7,0,0.07583515,0.0023023789,0.00616146,LOW,0
9,2003,7,0,0.24790332,0.021466905,0.013667914,LOW,0
10,2003,7,0,0.53657395,0.049689446,0.05071085,MODERATE,0
11,2003,7,0,0.07933224,0.0023023789,0.0062623727,LOW,0
12,2003,7,0,0.1491738,0.005141388,0.008659122,LOW,0
13,2003,7,0,0.48454836,0.039252337,0.04020366,LOW,0
14,2003,7,0,0.41936326,0.033492822,0.029960249,LOW,0
15,2003,7,0,0.38333032,0.021466905,0.025434164,LOW,0
16,2003,7,0,0.71031386,0.10472973,0.10741326,ELEVATED,1
17,2003,7,0,0.57430184,0.06329114,0.059905197,MODERATE,0
18,2003,7,0,0.452698,0.039252337,0.03483605,LOW,0
19,2003,7,0,0.24067344,0.021466905,0.0132197235,LOW,0
20,2003,7,0,0.28541842,0.021466905,0.01624518,LOW,0
21,2003,7,0,0.7347481,0.11987381,0.11886485,ELEVATED,1
22,2003,7,1,0.43960539,0.039252333,0.0328359,LOW,0
23,2003,7,0,0.49150106,0.03925234,0.04147665,LOW,0
24,2003,7,0,0.22428013,0.021466905,0.012256499,LOW,0
25,2003,7,0,0.29086784,0.021466905,0.01665732,LOW,0
26,2003,7,0,0.053111404,0.0,0.005543991,LOW,0
27,2003,7,1,0.57934266,0.06329114,0.061246023,MODERATE,0
28,2003,7,0,0.7081379,0.10472973,0.10644199,ELEVATED,1
29,2003,7,1,0.21678554,0.021466905,0.011839551,LOW,0
30,2003,7,0,0.3258426,0.021466905,0.019557966,LOW,0
31,2003,7,0,0.30110022,0.021466905,0.017459163,LOW,0
32,2003,7,0,0.35252118,0.021466905,0.022098182,LOW,0
33,2003,7,0,0.24760109,0.021466903,0.013648886,LOW,0
34,2003,7,0,0.106620766,0.002302379,0.007108318,LOW,0
35,2003,7,0,0.23913895,0.021466905,0.013126484,LOW,0
0,2003,0,1,0.6307265,0.08091603,0.07660005,MODERATE,0
1,2003,0,0,0.5342817,0.049689442,0.050197516,MODERATE,0
2,2003,0,0,0.65440774,0.08091603,0.084806085,MODERATE,0
3,2003,0,0,0.6805333,0.09626719,0.094777666,MODERATE,1
4,2003,0,0,0.6536931,0.080916025,0.084547155,MODERATE,0
5,2003,0,0,0.46213,0.039252337,0.03634923,LOW,0
6,2003,0,0,0.69808686,0.09626719,0.10205525,ELEVATED,1
7,2003,0,0,0.5705751,0.06329113,0.058931634,MODERATE,0
8,2003,0,0,0.20221138,0.021466905,0.011068464,LOW,0
9,2003,0,0,0.51619697,0.039252337,0.046316918,LOW,0
10,2003,0,0,0.67503357,0.09626719,0.09259491,MODERATE,1
11,2003,0,0,0.28161043,0.021466905,0.015963145,LOW,0
12,2003,0,0,0.38353822,0.021466905,0.025458261,LOW,0
13,2003,0,0,0.51590765,0.039252337,0.04625721,LOW,0
14,2003,0,0,0.44408724,0.03925234,0.03350778,LOW,0
15,2003,0,0,0.6175654,0.08091603,0.07236032,MODERATE,0
16,2003,0,0,0.6501541,0.08091603,0.083275534,MODERATE,0
17,2003,0,0,0.7670782,0.16666667,0.13562658,ELEVATED,1
18,2003,0,0,0.63520366,0.08091603,0.07809353,MODERATE,0
19,2003,0,0,0.6604626,0.09090909,0.08702876,MODERATE,0
20,2003,0,0,0.6626951,0.096267186,0.08786151,MODERATE,0
21,2003,0,1,0.71963596,0.10472973,0.11166313,ELEVATED,1
22,2003,0,1,0.6738297,0.09626719,0.09212315,MODERATE,1
23,2003,0,0,0.7165661,0.10472973,0.110247605,ELEVATED,1
24,2003,0,0,0.39220002,0.030303031,0.026482329,LOW,0
25,2003,0,0,0.5802028,0.06329114,0.0614776,MODERATE,0
26,2003,0,0,0.06468964,0.0023023789,0.005850504,LOW,0
27,2003,0,1,0.73572344,0.11987382,0.11934318,ELEVATED,1
28,2003,0,0,0.72648776,0.10943776,0.114879884,ELEVATED,1
29,2003,0,1,0.33415356,0.021466905,0.02031698,LOW,0
30,2003,0,0,0.6164229,0.08091603,0.07200265,MODERATE,0
31,2003,0,0,0.48799673,0.039252337,0.040830277,LOW,0
32,2003,0,0,0.6985604,0.096267186,0.102258295,ELEVATED,1
33,2003,0,0,0.47997886,0.039252333,0.03938749,LOW,0
34,2003,0,0,0.2965263,0.021466905,0.017096154,LOW,0
35,2003,0,0,0.42793396,0.033492822,0.031146765,LOW,0
0,2003,8,1,0.69084847,0.09626719,0.09899608,MODERATE,1
1,2003,8,0,0.6443941,0.08091604,0.08124302,MODERATE,0
2,2003,8,0,0.7034122,0.099999994,0.10435913,ELEVATED,1
3,2003,8,0,0.7460205,0.11987382,0.124495365,ELEVATED,1
4,2003,8,0,0.66846544,0.096267186,0.09004733,MODERATE,1
5,2003,8,0,0.628577,0.08091603,0.07589237,MODERATE,0
6,2003,8,0,0.7171198,0.10472973,0.11050175,ELEVATED,1
7,2003,8,0,0.7189878,0.10472973,0.11136294,ELEVATED,1
8,2003,8,0,0.31664374,0.021466905,0.018750247,LOW,0
9,2003,8,0,0.59643644,0.08091603,0.066004366,MODERATE,0
10,2003,8,0,0.7048751,0.10472973,0.105000034,ELEVATED,1
11,2003,8,0,0.52297974,0.039252337,0.047737714,LOW,0
12,2003,8,0,0.4321116,0.033492822,0.031741485,LOW,0
13,2003,8,0,0.6756566,0.09626719,0.0928399,MODERATE,1
14,2003,8,0,0.59707826,0.08091603,0.06618955,MODERATE,0
15,2003,8,0,0.7373676,0.11987381,0.12015328,ELEVATED,1
16,2003,8,0,0.6437336,0.08091603,0.081012875,MODERATE,0
17,2003,8,0,0.79871523,0.18128654,0.15391561,HIGH,1
18,2003,8,0,0.75598115,0.13043478,0.12965962,ELEVATED,1
19,2003,8,0,0.7506042,0.119873814,0.12684959,ELEVATED,1
20,2003,8,0,0.68656796,0.09626719,0.09722562,MODERATE,1
21,2003,8,1,0.7189657,0.10472973,0.11135273,ELEVATED,1
22,2003,8,0,0.68958086,0.09626719,0.09846882,MODERATE,1
23,2003,8,0,0.76509166,0.13043478,0.13454166,ELEVATED,1
24,2003,8,0,0.46745077,0.039252333,0.037230548,LOW,0
25,2003,8,0,0.66546494,0.09626719,0.088904686,MODERATE,0
26,2003,8,0,0.07711129,0.0023023789,0.0061980956,LOW,0
27,2003,8,0,0.73506683,0.119873814,0.119020976,ELEVATED,1
28,2003,8,0,0.68845236,0.09626719,0.09800153,MODERATE,1
29,2003,8,1,0.2266801,0.021466905,0.012393061,LOW,0
30,2003,8,0,0.7012357,0.1,0.103412025,ELEVATED,1
31,2003,8,0,0.47484264,0.039252337,0.038489066,LOW,0
32,2003,8,0,0.73398095,0.119873814,0.11848978,ELEVATED,1
33,2003,8,0,0.65342593,0.08091603,0.084450565,MODERATE,0
34,2003,8,0,0.32057586,0.021466905,0.01909143,LOW,0
35,2003,8,0,0.6663882,0.09626719,0.08925488,MODERATE,0
0,2003,6,0,0.7463129,0.11987381,0.12464443,ELEVATED,1
1,2003,6,0,0.5323088,0.049689442,0.04975965,LOW,0
2,2003,6,0,0.6673009,0.09626719,0.089602284,MODERATE,0
3,2003,6,0,0.7406667,0.11987381,0.12179316,ELEVATED,1
4,2003,6,0,0.7088914,0.10472972,0.10677743,ELEVATED,1
5,2003,6,0,0.606098,0.08091603,0.06884368,MODERATE,0
6,2003,6,0,0.74766624,0.119873814,0.12533627,ELEVATED,1
7,2003,6,0,0.70767546,0.10472973,0.10623655,ELEVATED,1
8,2003,6,0,0.23299602,0.021466905,0.012759662,LOW,0
9,2003,6,0,0.6666913,0.09626719,0.089370124,MODERATE,0
10,2003,6,0,0.7084468,0.10472973,0.10657939,ELEVATED,1
11,2003,6,0,0.5840311,0.06329114,0.06251825,MODERATE,0
12,2003,6,0,0.30009592,0.021466905,0.017378816,LOW,0
13,2003,6,0,0.6357239,0.08091603,0.078268774,MODERATE,0
14,2003,6,0,0.57824624,0.06329114,0.060952004,MODERATE,0
15,2003,6,0,0.7168476,0.10472973,0.110376745,ELEVATED,1
16,2003,6,0,0.6560787,0.08091603,0.08541426,MODERATE,0
17,2003,6,0,0.75807583,0.13043478,0.13076857,ELEVATED,1
18,2003,6,0,0.7457075,0.11987382,0.124335974,ELEVATED,1
19,2003,6,0,0.7214244,0.10472973,0.11249508,ELEVATED,1
20,2003,6,0,0.6838265,0.09626719,0.09610665,MODERATE,1
21,2003,6,1,0.7187488,0.10472973,0.111252435,ELEVATED,1
22,2003,6,0,0.768108,0.16666667,0.13619189,ELEVATED,1
23,2003,6,0,0.7305493,0.119873814,0.11682452,ELEVATED,1
24,2003,6,0,0.47709593,0.039252337,0.03888076,LOW,0
25,2003,6,0,0.65781724,0.08333334,0.08605126,MODERATE,0
26,2003,6,0,0.099454135,0.0023023789,0.006875743,LOW,0
27,2003,6,1,0.7519464,0.119873814,0.12754609,ELEVATED,1
28,2003,6,0,0.69594,0.09626719,0.101139285,ELEVATED,1
29,2003,6,1,0.28097197,0.021466905,0.015916336,LOW,0
30,2003,6,0,0.6908726,0.09626719,0.09900614,MODERATE,1
31,2003,6,0,0.5904403,0.08091603,0.064297326,MODERATE,0
32,2003,6,0,0.6734949,0.09626719,0.09199234,MODERATE,1
33,2003,6,0,0.6578377,0.083333336,0.08605877,MODERATE,0
34,2003,6,0,0.18091947,0.021466905,0.010030413,LOW,0
35,2003,6,0,0.64671993,0.08091603,0.082058236,MODERATE,0
0,2003,5,0,0.7064203,0.104729734,0.105680734,ELEVATED,1
1,2003,5,0,0.5819945,0.06329114,0.061962593,MODERATE,0
2,2003,5,0,0.6722378,0.09626719,0.09150269,MODERATE,1
3,2003,5,0,0.66659987,0.09626719,0.089335345,MODERATE,0
4,2003,5,0,0.5994522,0.08091603,0.06687873,MODERATE,0
5,2003,5,0,0.5639024,0.06329114,0.05722543,MODERATE,0
6,2003,5,0,0.6488063,0.08091603,0.082795836,MODERATE,0
7,2003,5,0,0.59456533,0.08091603,0.06546721,MODERATE,0
8,2003,5,0,0.17330964,0.005141388,0.009683281,LOW,0
9,2003,5,0,0.5786238,0.06329114,0.061053094,MODERATE,0
10,2003,5,0,0.52919567,0.039252337,0.04907606,LOW,0
11,2003,5,0,0.550977,0.049689442,0.054051656,MODERATE,0
12,2003,5,0,0.25535676,0.021466905,0.014145649,LOW,0
13,2003,5,0,0.58719367,0.06329114,0.06339031,MODERATE,0
14,2003,5,0,0.53559536,0.04968944,0.0504911,MODERATE,0
15,2003,5,0,0.65369433,0.08091603,0.084547624,MODERATE,0
16,2003,5,0,0.5644215,0.06329115,0.057356473,MODERATE,0
17,2003,5,0,0.6932003,0.09626719,0.099980965,MODERATE,1
18,2003,5,0,0.5971587,0.08091603,0.06621279,MODERATE,0
19,2003,5,0,0.65679395,0.083333336,0.08567582,MODERATE,0
20,2003,5,0,0.6810189,0.09626719,0.094972596,MODERATE,1
21,2003,5,0,0.7284801,0.119873814,0.11583027,ELEVATED,1
22,2003,5,0,0.71515316,0.10472973,0.1096014,ELEVATED,1
23,2003,5,0,0.6880173,0.09626719,0.0978219,MODERATE,1
24,2003,5,0,0.21792412,0.021466905,0.0119019775,LOW,0
25,2003,5,0,0.6302939,0.08091603,0.076457135,MODERATE,0
26,2003,5,0,0.17694454,0.021466905,0.009847582,LOW,0
27,2003,5,1,0.7714333,0.18128656,0.1380309,ELEVATED,1
28,2003,5,0,0.6520098,0.08091603,0.08394014,MODERATE,0
29,2003,5,1,0.20666623,0.021466905,0.011298733,LOW,0
30,2003,5,0,0.5782974,0.06329114,0.06096569,MODERATE,0
31,2003,5,0,0.5666965,0.06329114,0.057934154,MODERATE,0
32,2003,5,0,0.58938736,0.08091604,0.06400186,MODERATE,0
33,2003,5,0,0.52505887,0.039252333,0.048181474,LOW,0
34,2003,5,0,0.102218695,0.0023023789,0.0069645504,LOW,0
35,2003,5,0,0.5350734,0.049689442,0.05037425,MODERATE,0
0,2003,1,0,0.6532478,0.08091603,0.0843862,MODERATE,0
1,2003,1,0,0.51644635,0.039252337,0.04636843,LOW,0
2,2003,1,0,0.66702616,0.09626719,0.08949759,MODERATE,0
3,2003,1,0,0.42004317,0.033492822,0.03005275,LOW,0
4,2003,1,0,0.42646623,0.033492822,0.030940397,LOW,0
5,2003,1,0,0.44288975,0.039252337,0.033326983,LOW,0
6,2003,1,0,0.63952583,0.08091603,0.07956054,MODERATE,0
7,2003,1,0,0.270346,0.021466903,0.015156771,LOW,0
8,2003,1,0,0.20566839,0.021466905,0.01124675,LOW,0
9,2003,1,0,0.29114142,0.021466905,0.016678281,LOW,0
10,2003,1,0,0.30094853,0.021466905,0.017447004,LOW,0
11,2003,1,0,0.19352502,0.021466905,0.010632729,LOW,0
12,2003,1,0,0.24743749,0.021466905,0.013638592,LOW,0
13,2003,1,0,0.34986383,0.021466903,0.021831347,LOW,0
14,2003,1,0,0.3523156,0.021466905,0.022077424,LOW,0
15,2003,1,0,0.33163518,0.021466903,0.020083994,LOW,0
16,2003,1,0,0.63716614,0.08091603,0.078756526,MODERATE,0
17,2003,1,0,0.5860428,0.06329114,0.06307166,MODERATE,0
18,2003,1,0,0.2697383,0.021466905,0.015114423,LOW,0
19,2003,1,0,0.3669386,0.021466905,0.023602415,LOW,0
20,2003,1,0,0.42968214,0.033492822,0.03139431,LOW,0
21,2003,1,0,0.6197462,0.08091603,0.07304758,MODERATE,0
22,2003,1,0,0.5198364,0.039252337,0.047074206,LOW,0
23,2003,1,0,0.40735486,0.033492822,0.02837124,LOW,0
24,2003,1,0,0.26153105,0.021466905,0.014553836,LOW,0
25,2003,1,0,0.4290841,0.033492822,0.031309415,LOW,0
26,2003,1,0,0.19147755,0.021466905,0.010532514,LOW,0
27,2003,1,1,0.65686214,0.08333333,0.085700795,MODERATE,0
28,2003,1,0,0.5533039,0.06329114,0.054610502,MODERATE,0
29,2003,1,1,0.27159065,0.021466905,0.01524386,LOW,0
30,2003,1,0,0.1885386,0.021466905,0.010390305,LOW,0
31,2003,1,0,0.35027337,0.021466905,0.021872262,LOW,0
32,2003,1,0,0.19711928,0.021466903,0.010810929,LOW,0
33,2003,1,0,0.13987389,0.005141388,0.008293814,LOW,0
34,2003,1,0,0.1139246,0.002302379,0.0073533794,LOW,0
35,2003,1,0,0.19178016,0.021466905,0.010547269,LOW,0
0,2003,11,0,0.5348188,0.049689442,0.05031736,MODERATE,0
1,2003,11,0,0.28461242,0.021466905,0.01618508,LOW,0
2,2003,11,0,0.4213609,0.033492822,0.030232819,LOW,0
3,2003,11,0,0.09287386,0.0023023789,0.006668862,LOW,0
4,2003,11,0,0.15555339,0.0051413877,0.008918895,LOW,0
5,2003,11,0,0.27905074,0.021466905,0.01577628,LOW,0
6,2003,11,0,0.48353082,0.039252337,0.04002052,LOW,0
7,2003,11,0,0.10950872,0.0023023789,0.00720423,LOW,0
8,2003,11,0,0.07703066,0.0023023789,0.006195773,LOW,0
9,2003,11,0,0.11078796,0.0023023789,0.0072471243,LOW,0
10,2003,11,0,0.07283641,0.0023023789,0.006076215,LOW,0
11,2003,11,0,0.060283568,0.0023023789,0.005731923,LOW,0
12,2003,11,0,0.084497936,0.0023023789,0.0064144465,LOW,0
13,2003,11,0,0.24423254,0.021466907,0.013438517,LOW,0
14,2003,11,0,0.20289505,0.021466905,0.011103499,LOW,0
15,2003,11,0,0.08222688,0.0023023789,0.006347141,LOW,0
16,2003,11,0,0.38855442,0.030303031,0.026046522,LOW,0
17,2003,11,0,0.22233507,0.021466905,0.012146918,LOW,0
18,2003,11,0,0.08842389,0.0023023789,0.006532472,LOW,0
19,2003,11,0,0.11887114,0.005141388,0.0075240927,LOW,0
20,2003,11,0,0.13034786,0.0051413886,0.007935471,LOW,0
21,2003,11,0,0.2598924,0.021466905,0.014444383,LOW,0
22,2003,11,0,0.2012965,0.021466905,0.011021748,LOW,0
23,2003,11,0,0.0885973,0.0023023789,0.006537735,LOW,0
24,2003,11,0,0.1257167,0.005141388,0.0077668466,LOW,0
25,2003,11,0,0.18428929,0.021466905,0.010188038,LOW,0
26,2003,11,0,0.06984188,0.0023023789,0.005992261,LOW,0
27,2003,11,0,0.24305749,0.021466905,0.01336589,LOW,0
28,2003,11,0,0.17536727,0.018572342,0.0097759515,LOW,0
29,2003,11,0,0.16240448,0.005141388,0.009206473,LOW,0
30,2003,11,0,0.061474394,0.0023023789,0.0057637347,LOW,0
31,2003,11,0,0.08491881,0.0023023789,0.006426997,LOW,0
32,2003,11,0,0.056842286,0.0023023789,0.0056409724,LOW,0
33,2003,11,0,0.06481946,0.0023023789,0.005854033,LOW,0
34,2003,11,0,0.0555038,0.0023023789,0.0056059863,LOW,0
35,2003,11,0,0.08025814,0.0023023789,0.0062893624,LOW,0
0,2003,10,0,0.3094155,0.021466905,0.0181386,LOW,0
1,2003,10,0,0.07576501,0.0023023789,0.0061594513,LOW,0
2,2003,10,0,0.08011403,0.0023023789,0.006285156,LOW,0
3,2003,10,0,0.036346015,0.0,0.005128247,LOW,0
4,2003,10,0,0.055833142,0.0023023789,0.0056145764,LOW,0
5,2003,10,0,0.106008396,0.002302379,0.0070881406,LOW,0
6,2003,10,0,0.07860989,0.0023023789,0.0062413956,LOW,0
7,2003,10,0,0.029231092,0.0,0.0049613295,LOW,0
8,2003,10,0,0.031702913,0.0,0.0050186967,LOW,0
9,2003,10,0,0.029234372,0.0,0.004961405,LOW,0
10,2003,10,0,0.05457291,0.0023023789,0.005581783,LOW,0
11,2003,10,0,0.026674783,0.0,0.0049026855,LOW,0
12,2003,10,0,0.02813074,0.0,0.0049360013,LOW,0
13,2003,10,0,0.13962954,0.005141388,0.008284426,LOW,0
14,2003,10,0,0.1495489,0.0051413886,0.008674186,LOW,0
15,2003,10,0,0.055571042,0.0023023789,0.005607738,LOW,0
16,2003,10,0,0.32843468,0.021466905,0.01979166,LOW,0
17,2003,10,0,0.045420777,0.0,0.0053492757,LOW,0
18,2003,10,0,0.045298304,0.0,0.0053462293,LOW,0
19,2003,10,0,0.045418218,0.0,0.005349212,LOW,0
20,2003,10,0,0.03607328,0.0,0.0051217456,LOW,0
21,2003,10,0,0.071192004,0.0023023789,0.006029969,LOW,0
22,2003,10,0,0.054416873,0.002302379,0.005577735,LOW,0
23,2003,10,0,0.056061033,0.002302379,0.0056205266,LOW,0
24,2003,10,0,0.0387959,0.0,0.0051870057,LOW,0
25,2003,10,0,0.059327938,0.0023023789,0.005706521,LOW,0
26,2003,10,0,0.027714506,0.0,0.004926455,LOW,0
27,2003,10,0,0.08481584,0.0023023789,0.0064239227,LOW,0
28,2003,10,0,0.044001166,0.0,0.005314083,LOW,0
29,2003,10,0,0.1867749,0.021466905,0.010305873,LOW,0
30,2003,10,0,0.02349405,0.0,0.004830682,LOW,0
31,2003,10,0,0.02585399,0.0,0.004884003,LOW,0
32,2003,10,0,0.018309902,0.0,0.0047155707,LOW,0
33,2003,10,0,0.017964972,0.0,0.0047080102,LOW,0
34,2003,10,0,0.01970677,0.0,0.004746317,LOW,0
35,2003,10,0,0.018092452,0.0,0.004710804,LOW,0
0,2003,9,0,0.07302745,0.0023023789,0.006081611,LOW,0
1,2003,9,0,0.07584754,0.002302379,0.0061618136,LOW,0
2,2003,9,0,0.07887597,0.002302379,0.006249113,LOW,0
3,2003,9,0,0.02606262,0.0,0.004888745,LOW,0
4,2003,9,0,0.03194592,0.0,0.0050243717,LOW,0
5,2003,9,0,0.05148995,0.0,0.0055023604,LOW,0
6,2003,9,0,0.06854672,0.0023023789,0.0059563094,LOW,0
7,2003,9,0,0.02405146,0.0,0.0048432234,LOW,0
8,2003,9,0,0.025028192,0.0,0.004865279,LOW,0
9,2003,9,0,0.022263438,0.0,0.004803106,LOW,0
10,2003,9,0,0.03604516,0.0,0.005121078,LOW,0
11,2003,9,0,0.028837822,0.0,0.0049522603,LOW,0
12,2003,9,0,0.030420234,0.0,0.0049888454,LOW,0
13,2003,9,0,0.29042974,0.021466905,0.016623816,LOW,0
14,2003,9,0,0.3362201,0.021466905,0.02051015,LOW,0
15,2003,9,0,0.025973022,0.0,0.0048867087,LOW,0
16,2003,9,0,0.11209637,0.002302379,0.007291262,LOW,0
17,2003,9,0,0.054893635,0.002302379,0.0055901106,LOW,0
18,2003,9,0,0.11829547,0.005141388,0.0075040227,LOW,0
19,2003,9,0,0.06116775,0.0023023789,0.0057555265,LOW,0
20,2003,9,0,0.03678426,0.0,0.0051387087,LOW,0
21,2003,9,0,0.06320508,0.0023023789,0.005810281,LOW,0
22,2003,9,0,0.0639034,0.0023023789,0.005829165,LOW,0
23,2003,9,0,0.037822526,0.0,0.00516358,LOW,0
24,2003,9,0,0.039773017,0.0,0.0052106283,LOW,0
25,2003,9,0,0.05414072,0.002302379,0.00557058,LOW,0
26,2003,9,0,0.028354501,0.0,0.00494114,LOW,0
27,2003,9,0,0.095615394,0.0023023789,0.006754292,LOW,0
28,2003,9,0,0.04233444,0.0,0.0052730585,LOW,0
29,2003,9,0,0.20142414,0.021466905,0.011028253,LOW,0
30,2003,9,0,0.026258811,0.0,0.004893208,LOW,0
31,2003,9,0,0.022574235,0.0,0.004810056,LOW,0
32,2003,9,0,0.030732099,0.0,0.004996087,LOW,0
33,2003,9,0,0.017038273,0.0,0.0046877568,LOW,0
34,2003,9,0,0.022929188,0.0,0.0048180036,LOW,0
35,2003,9,0,0.017646248,0.0,0.004701035,LOW,0
0,2003,2,0,0.128602,0.0051413886,0.007871481,LOW,0
1,2003,2,0,0.1329828,0.005141388,0.008033024,LOW,0
2,2003,2,0,0.08002885,0.002302379,0.00628267,LOW,0
3,2003,2,0,0.035540678,0.0,0.005109076,LOW,0
4,2003,2,0,0.043333594,0.0,0.0052976143,LOW,0
5,2003,2,0,0.029026637,0.0,0.004956612,LOW,0
6,2003,2,0,0.07477753,0.0023023789,0.0061312597,LOW,0
7,2003,2,0,0.02829918,0.0,0.0049398695,LOW,0
8,2003,2,0,0.03177959,0.0,0.0050204853,LOW,0
9,2003,2,0,0.025784444,0.0,0.004882423,LOW,0
10,2003,2,0,0.031364474,0.0,0.0050108023,LOW,0
11,2003,2,0,0.025216443,0.0,0.0048695407,LOW,0
12,2003,2,0,0.032903913,0.0,0.0050468077,LOW,0
13,2003,2,0,0.42430747,0.03349282,0.030639268,LOW,0
14,2003,2,1,0.47380385,0.039252333,0.03830977,LOW,0
15,2003,2,0,0.027718054,0.0,0.0049265344,LOW,0
16,2003,2,0,0.12171826,0.0051413877,0.0076241284,LOW,0
17,2003,2,0,0.048439905,0.0,0.0054248897,LOW,0
18,2003,2,0,0.08380313,0.002302379,0.0063937805,LOW,0
19,2003,2,0,0.037763614,0.0,0.005162167,LOW,0
20,2003,2,0,0.034927074,0.0,0.005094518,LOW,0
21,2003,2,0,0.10015043,0.002302379,0.006898005,LOW,0
22,2003,2,0,0.03245917,0.0,0.0050363787,LOW,0
23,2003,2,0,0.03400089,0.0,0.0050726216,LOW,0
24,2003,2,0,0.043247845,0.0,0.005295501,LOW,0
25,2003,2,0,0.056269594,0.002302379,0.0056259767,LOW,0
26,2003,2,0,0.027218087,0.0,0.004915091,LOW,0
27,2003,2,0,0.062371995,0.002302379,0.005787828,LOW,0
28,2003,2,0,0.04860155,0.0,0.0054289694,LOW,0
29,2003,2,0,0.11663978,0.0023023789,0.0074466034,LOW,0
30,2003,2,0,0.022231678,0.0,0.004802397,LOW,0
31,2003,2,0,0.07203492,0.0023023789,0.0060536303,LOW,0
32,2003,2,0,0.020648755,0.0,0.0047671613,LOW,0
33,2003,2,0,0.02059319,0.0,0.0047659287,LOW,0
34,2003,2,0,0.02924765,0.0,0.0049617104,LOW,0
35,2003,2,0,0.020044537,0.0,0.0047537806,LOW,0
0,2004,4,0,0.23085319,0.021466905,0.012634095,LOW,0
1,2004,4,0,0.32382587,0.021466905,0.019378014,LOW,0
2,2004,4,0,0.31273845,0.021466905,0.018417314,LOW,0
3,2004,4,0,0.05841306,0.002302379,0.005682309,LOW,0
4,2004,4,0,0.14734454,0.005141388,0.0085860295,LOW,0
5,2004,4,0,0.037483975,0.0,0.0051554567,LOW,0
6,2004,4,0,0.063161835,0.0023023789,0.005809113,LOW,0
7,2004,4,0,0.09961168,0.002302379,0.0068807756,LOW,0
8,2004,4,0,0.0347892,0.0,0.0050912537,LOW,0
9,2004,4,0,0.09661451,0.0023023789,0.0067856945,LOW,0
10,2004,4,0,0.086835615,0.0023023789,0.006484465,LOW,0
11,2004,4,0,0.03548079,0.0,0.0051076533,LOW,0
12,2004,4,0,0.056665108,0.0023023789,0.005636331,LOW,0
13,2004,4,0,0.46465984,0.039252333,0.036765732,LOW,0
14,2004,4,1,0.45080838,0.039252337,0.03454029,LOW,0
15,2004,4,0,0.14288872,0.005141388,0.008410531,LOW,0
16,2004,4,0,0.38265085,0.021466905,0.025355551,LOW,0
17,2004,4,0,0.07276143,0.0023023789,0.0060740984,LOW,0
18,2004,4,0,0.082123645,0.0023023789,0.0063440986,LOW,0
19,2004,4,0,0.067831464,0.0023023789,0.0059365453,LOW,0
20,2004,4,0,0.043786403,0.0,0.00530878,LOW,0
21,2004,4,0,0.45029077,0.039252333,0.034459695,LOW,0
22,2004,4,0,0.05753138,0.0023023789,0.0056590713,LOW,0
23,2004,4,0,0.055312593,0.0023023789,0.0056010075,LOW,0
24,2004,4,0,0.09135142,0.002302379,0.0066218823,LOW,0
25,2004,4,0,0.034239974,0.0,0.005078266,LOW,0
26,2004,4,0,0.036710847,0.0,0.005136954,LOW,0
27,2004,4,0,0.17588647,0.021466905,0.00979947,LOW,0
28,2004,4,0,0.35785854,0.021466905,0.022643806,LOW,0
29,2004,4,0,0.11392996,0.002302379,0.00735356,LOW,0
30,2004,4,0,0.043966327,0.0,0.005313223,LOW,0
31,2004,4,0,0.09536567,0.002302379,0.0067464653,LOW,0
32,2004,4,0,0.028639313,0.0,0.0049476903,LOW,0
33,2004,4,0,0.038873225,0.0,0.0051888707,LOW,0
34,2004,4,0,0.041506004,0.0,0.005252786,LOW,0
35,2004,4,0,0.045276243,0.0,0.0053456817,LOW,0
0,2004,3,0,0.3329192,0.021466905,0.020202458,LOW,0
1,2004,3,0,0.50144786,0.039252337,0.04336507,LOW,0
2,2004,3,0,0.4677629,0.039252337,0.037282877,LOW,0
3,2004,3,0,0.30319667,0.021466905,0.017628072,LOW,0
4,2004,3,0,0.21958098,0.021466905,0.011993409,LOW,0
5,2004,3,0,0.070250295,0.002302379,0.006003644,LOW,0
6,2004,3,0,0.0789004,0.002302379,0.0062498213,LOW,0
7,2004,3,0,0.10320832,0.0023023789,0.006996616,LOW,0
8,2004,3,0,0.092651516,0.0023023789,0.006661979,LOW,0
9,2004,3,0,0.16471064,0.0051413886,0.009305326,LOW,0
10,2004,3,0,0.21931575,0.021466905,0.011978727,LOW,0
11,2004,3,0,0.06252556,0.002302379,0.005791959,LOW,0
12,2004,3,0,0.07968223,0.0023023789,0.0062725623,LOW,0
13,2004,3,0,0.5172489,0.039252337,0.04653461,LOW,0
14,2004,3,1,0.4402955,0.039252337,0.03293851,LOW,0
15,2004,3,0,0.22618262,0.021466905,0.01236463,LOW,0
16,2004,3,0,0.48366877,0.03925234,0.040045306,LOW,0
17,2004,3,0,0.07581247,0.0023023789,0.006160812,LOW,0
18,2004,3,0,0.21499276,0.021466903,0.0117419055,LOW,0
19,2004,3,0,0.094467945,0.002302379,0.006718405,LOW,0
20,2004,3,0,0.08085398,0.002302379,0.0063067935,LOW,0
21,2004,3,0,0.5730849,0.06329114,0.05958563,MODERATE,0
22,2004,3,0,0.10286381,0.0023023789,0.006985437,LOW,0
23,2004,3,0,0.2167349,0.021466903,0.011836784,LOW,0
24,2004,3,0,0.089686595,0.0023023789,0.006570888,LOW,0
25,2004,3,0,0.053399425,0.0023023786,0.005551417,LOW,0
26,2004,3,0,0.07133775,0.0023023789,0.006034054,LOW,0
27,2004,3,0,0.33674103,0.021466905,0.020559123,LOW,0
28,2004,3,0,0.53619206,0.049689442,0.050624993,MODERATE,0
29,2004,3,0,0.12281074,0.005141388,0.007662861,LOW,0
30,2004,3,0,0.055914115,0.0023023789,0.0056166905,LOW,0
31,2004,3,0,0.17042221,0.005141388,0.009554701,LOW,0
32,2004,3,0,0.060122676,0.0023023789,0.005727639,LOW,0
33,2004,3,0,0.04484238,0.0,0.0053349095,LOW,0
34,2004,3,0,0.041385166,0.0,0.0052498365,LOW,0
35,2004,3,0,0.056087937,0.002302379,0.00562123,LOW,0
0,2004,7,0,0.446632,0.039252337,0.03389516,LOW,0
1,2004,7,0,0.40650344,0.033492822,0.028261725,LOW,0
2,2004,7,0,0.5916984,0.08091603,0.06465206,MODERATE,0
3,2004,7,0,0.495613,0.039252337,0.042247582,LOW,0
4,2004,7,0,0.50211054,0.039252337,0.043493748,LOW,0
5,2004,7,0,0.3413177,0.021466905,0.020994356,LOW,0
6,2004,7,0,0.6028022,0.08091603,0.06786263,MODERATE,0
7,2004,7,0,0.29518893,0.021466903,0.016991425,LOW,0
8,2004,7,0,0.13478002,0.005141388,0.008100244,LOW,0
9,2004,7,0,0.26009274,0.021466905,0.014457722,LOW,0
10,2004,7,0,0.43998948,0.039252337,0.032892972,LOW,0
11,2004,7,0,0.13650355,0.005141388,0.008165234,LOW,0
12,2004,7,0,0.235456,0.021466905,0.012905327,LOW,0
13,2004,7,0,0.43296188,0.033492822,0.031863865,LOW,0
14,2004,7,0,0.37943128,0.021466903,0.02498628,LOW,0
15,2004,7,0,0.4164829,0.033492822,0.029571408,LOW,0
16,2004,7,0,0.6767186,0.09626719,0.09325881,MODERATE,1
17,2004,7,0,0.36911267,0.021466905,0.023837753,LOW,0
18,2004,7,0,0.46224964,0.03925234,0.036368817,LOW,0
19,2004,7,0,0.37118286,0.021466905,0.02406397,LOW,0
20,2004,7,0,0.25739202,0.021466905,0.01427894,LOW,0
21,2004,7,0,0.70792186,0.10472973,0.10634597,ELEVATED,1
22,2004,7,0,0.44947824,0.039252337,0.034333542,LOW,0
23,2004,7,0,0.48967874,0.03925234,0.041139316,LOW,0
24,2004,7,0,0.1288979,0.005141388,0.0078822905,LOW,0
25,2004,7,0,0.371201,0.021466905,0.024065964,LOW,0
26,2004,7,0,0.12739705,0.005141388,0.007827615,LOW,0
27,2004,7,0,0.62156796,0.08091603,0.07362628,MODERATE,0
28,2004,7,0,0.6114292,0.08091603,0.070458435,MODERATE,0
29,2004,7,1,0.25141522,0.021466903,0.013891002,LOW,0
30,2004,7,0,0.399441,0.033492822,0.027369082,LOW,0
31,2004,7,0,0.34310162,0.021466903,0.021166438,LOW,0
32,2004,7,0,0.31590888,0.021466905,0.01868715,LOW,0
33,2004,7,0,0.3290988,0.021466903,0.019851977,LOW,0
34,2004,7,0,0.07631913,0.0023023789,0.006175327,LOW,0
35,2004,7,0,0.22295138,0.021466905,0.012181538,LOW,0
0,2004,0,0,0.72103894,0.10472973,0.112315305,ELEVATED,1
1,2004,0,0,0.49262282,0.039252333,0.041685615,LOW,0
2,2004,0,0,0.6547818,0.08091603,0.084941894,MODERATE,0
3,2004,0,0,0.6351952,0.08091603,0.078090675,MODERATE,0
4,2004,0,0,0.69915336,0.09626719,0.102513015,ELEVATED,1
5,2004,0,0,0.5554296,0.06329114,0.055125773,MODERATE,0
6,2004,0,0,0.7484703,0.11987382,0.12574889,ELEVATED,1
7,2004,0,1,0.70317173,0.099999994,0.104254134,ELEVATED,1
8,2004,0,0,0.4102869,0.03349282,0.028751498,LOW,0
9,2004,0,0,0.5157239,0.039252337,0.046219338,LOW,0
10,2004,0,0,0.5679299,0.06329114,0.05824962,MODERATE,0
11,2004,0,0,0.38232306,0.021466905,0.025317712,LOW,0
12,2004,0,1,0.3944162,0.030303031,0.026750723,LOW,0
13,2004,0,0,0.59595877,0.08091603,0.065866835,MODERATE,0
14,2004,0,0,0.48369676,0.039252337,0.04005034,LOW,0
15,2004,0,1,0.53061527,0.039252337,0.04938666,LOW,0
16,2004,0,0,0.7384228,0.11987381,0.12067573,ELEVATED,1
17,2004,0,0,0.6046751,0.08091603,0.06841853,MODERATE,0
18,2004,0,0,0.6192329,0.08091603,0.072885275,MODERATE,0
19,2004,0,0,0.70849645,0.10472973,0.106601484,ELEVATED,1
20,2004,0,0,0.6833761,0.09626719,0.095923886,MODERATE,1
21,2004,0,0,0.72549444,0.10472973,0.11440859,ELEVATED,1
22,2004,0,0,0.6617839,0.096267186,0.08752074,MODERATE,0
23,2004,0,0,0.66451514,0.09626719,0.08854572,MODERATE,0
24,2004,0,1,0.4321481,0.033492822,0.031746726,LOW,0
25,2004,0,0,0.61615056,0.08091603,0.071917646,MODERATE,0
26,2004,0,0,0.26883367,0.021466907,0.015051604,LOW,0
27,2004,0,0,0.73365235,0.119873814,0.11832941,ELEVATED,1
28,2004,0,0,0.75649714,0.13043478,0.12993203,ELEVATED,1
29,2004,0,1,0.3754382,0.021466905,0.02453557,LOW,0
30,2004,0,0,0.60138005,0.08091603,0.06744331,MODERATE,0
31,2004,0,0,0.62349725,0.08091603,0.07424374,MODERATE,0
32,2004,0,0,0.67108434,0.09626719,0.09105546,MODERATE,1
33,2004,0,0,0.5136048,0.039252337,0.045784626,LOW,0
34,2004,0,0,0.1740769,0.0051413886,0.009717732,LOW,0
35,2004,0,0,0.40738857,0.033492822,0.028375575,LOW,0
0,2004,8,0,0.72100884,0.10472973,0.112301275,ELEVATED,1
1,2004,8,0,0.5517125,0.049689442,0.05422773,MODERATE,0
2,2004,8,0,0.6405751,0.08091603,0.079920456,MODERATE,0
3,2004,8,0,0.75169235,0.11987381,0.12741403,ELEVATED,1
4,2004,8,0,0.7772849,0.18128656,0.14131764,ELEVATED,1
5,2004,8,0,0.7402731,0.11987382,0.12159653,ELEVATED,1
6,2004,8,0,0.7723142,0.18128653,0.13852152,ELEVATED,1
7,2004,8,1,0.7423407,0.119873814,0.12263258,ELEVATED,1
8,2004,8,0,0.59651923,0.08091603,0.06602822,MODERATE,0
9,2004,8,1,0.6708136,0.09626719,0.09095079,MODERATE,1
10,2004,8,0,0.7298101,0.119873814,0.1164685,ELEVATED,1
11,2004,8,0,0.5801639,0.06329114,0.061467107,MODERATE,0
12,2004,8,1,0.53020555,0.039252333,0.049296826,LOW,0
13,2004,8,0,0.666867,0.09626719,0.08943699,MODERATE,0
14,2004,8,0,0.60029495,0.08091603,0.06712499,MODERATE,0
15,2004,8,1,0.71973675,0.10472973,0.11170987,ELEVATED,1
16,2004,8,0,0.74712324,0.11987381,0.12505828,ELEVATED,1
17,2004,8,0,0.77875763,0.18128654,0.14215507,ELEVATED,1
18,2004,8,0,0.7554869,0.1304348,0.1293991,ELEVATED,1
19,2004,8,0,0.65604,0.08091603,0.08540015,MODERATE,0
20,2004,8,0,0.62556607,0.08091603,0.074911155,MODERATE,0
21,2004,8,0,0.6670003,0.096267186,0.08948774,MODERATE,0
22,2004,8,0,0.67717916,0.09626719,0.09344103,MODERATE,1
23,2004,8,0,0.74954677,0.11987381,0.1263031,ELEVATED,1
24,2004,8,1,0.27085873,0.021466905,0.015192588,LOW,0
25,2004,8,1,0.70413804,0.1,0.104676686,ELEVATED,1
26,2004,8,0,0.33452472,0.021466903,0.020351548,LOW,0
27,2004,8,0,0.75087667,0.11987381,0.1269907,ELEVATED,1
28,2004,8,0,0.7629403,0.13043478,0.13337497,ELEVATED,1
29,2004,8,1,0.1838093,0.021466903,0.010165435,LOW,0
30,2004,8,0,0.696606,0.09626719,0.101422645,ELEVATED,1
31,2004,8,0,0.74246687,0.119873814,0.122696064,ELEVATED,1
32,2004,8,0,0.72713023,0.119873814,0.1151856,ELEVATED,1
33,2004,8,0,0.65962195,0.09090909,0.08671704,MODERATE,0
34,2004,8,0,0.16748047,0.005141388,0.009425447,LOW,0
35,2004,8,0,0.69688845,0.0962672,0.10154304,ELEVATED,1
0,2004,6,0,0.7053274,0.10472973,0.10519888,ELEVATED,1
1,2004,6,0,0.44523647,0.03925234,0.03368219,LOW,0
2,2004,6,0,0.693288,0.09626719,0.1000179,ELEVATED,1
3,2004,6,0,0.75429934,0.119873814,0.12877503,ELEVATED,1
4,2004,6,0,0.75625086,0.13043478,0.12980194,ELEVATED,1
5,2004,6,0,0.7240969,0.10472972,0.11374838,ELEVATED,1
6,2004,6,0,0.74541444,0.11987381,0.124186896,ELEVATED,1
7,2004,6,1,0.7292163,0.11987382,0.11618315,ELEVATED,1
8,2004,6,0,0.6179427,0.08091603,0.072478786,MODERATE,0
9,2004,6,1,0.7208266,0.10472973,0.112216406,ELEVATED,1
10,2004,6,0,0.6808211,0.09626719,0.09489316,MODERATE,1
11,2004,6,0,0.70700663,0.10472973,0.10594007,ELEVATED,1
12,2004,6,1,0.60755235,0.08091603,0.06928075,MODERATE,0
13,2004,6,0,0.61990696,0.08091603,0.07309846,MODERATE,0
14,2004,6,0,0.60009056,0.08091603,0.067065194,MODERATE,0
15,2004,6,1,0.67933756,0.09626719,0.09429922,MODERATE,1
16,2004,6,0,0.6943876,0.09626719,0.1004815,ELEVATED,1
17,2004,6,0,0.75508636,0.12330559,0.12918833,ELEVATED,1
18,2004,6,0,0.6521316,0.080916025,0.083983935,MODERATE,0
19,2004,6,0,0.74065465,0.11987382,0.12178713,ELEVATED,1
20,2004,6,0,0.7274903,0.11987382,0.11535726,ELEVATED,1
21,2004,6,0,0.6515621,0.08091603,0.08377936,MODERATE,0
22,2004,6,0,0.73025143,0.11987382,0.11668093,ELEVATED,1
23,2004,6,0,0.74631125,0.11987381,0.12464357,ELEVATED,1
24,2004,6,1,0.23671733,0.021466905,0.012980646,LOW,0
25,2004,6,1,0.7472166,0.11987382,0.12510604,ELEVATED,1
26,2004,6,0,0.61838007,0.08091603,0.072616346,MODERATE,0
27,2004,6,0,0.736424,0.119873814,0.1196878,ELEVATED,1
28,2004,6,0,0.73842067,0.11987381,0.120674655,ELEVATED,1
29,2004,6,0,0.3696131,0.021466907,0.023892244,LOW,0
30,2004,6,0,0.7681737,0.16666667,0.13622802,ELEVATED,1
31,2004,6,0,0.68885773,0.09626719,0.09816917,MODERATE,1
32,2004,6,0,0.6879966,0.09626719,0.097813375,MODERATE,1
33,2004,6,0,0.6679614,0.09626719,0.08985448,MODERATE,0
34,2004,6,0,0.22159095,0.021466905,0.012105249,LOW,0
35,2004,6,0,0.67171824,0.09626719,0.09130101,MODERATE,1
0,2004,5,0,0.6647848,0.09626719,0.0886475,MODERATE,0
1,2004,5,0,0.5403183,0.049689442,0.05156008,MODERATE,0
2,2004,5,0,0.7093012,0.10472973,0.10696028,ELEVATED,1
3,2004,5,0,0.6204089,0.08091603,0.073257595,MODERATE,0
4,2004,5,0,0.68170726,0.09626719,0.095249526,MODERATE,1
5,2004,5,0,0.6575401,0.083333336,0.08594942,MODERATE,0
6,2004,5,0,0.7042263,0.1,0.10471538,ELEVATED,1
7,2004,5,0,0.69981086,0.09626719,0.10279614,ELEVATED,1
8,2004,5,0,0.48788285,0.039252337,0.04080944,LOW,0
9,2004,5,1,0.6152806,0.08091603,0.0716467,MODERATE,0
10,2004,5,0,0.5376372,0.049689442,0.05095063,MODERATE,0
11,2004,5,0,0.59652346,0.08091603,0.066029444,MODERATE,0
12,2004,5,0,0.44396642,0.039252337,0.033489503,LOW,0
13,2004,5,0,0.668684,0.09626719,0.09013109,MODERATE,1
14,2004,5,0,0.62037027,0.08091603,0.07324534,MODERATE,0
15,2004,5,0,0.67331153,0.09626719,0.09192079,MODERATE,1
16,2004,5,0,0.657294,0.083333336,0.08585909,MODERATE,0
17,2004,5,0,0.5847954,0.06329114,0.062727965,MODERATE,0
18,2004,5,0,0.57540804,0.06329114,0.060197063,MODERATE,0
19,2004,5,0,0.7038698,0.1,0.10455926,ELEVATED,1
20,2004,5,0,0.690603,0.09626719,0.09889377,MODERATE,1
21,2004,5,0,0.5859074,0.06329114,0.063034266,MODERATE,0
22,2004,5,0,0.7178885,0.10472972,0.11085543,ELEVATED,1
23,2004,5,0,0.6700205,0.09626719,0.09064473,MODERATE,1
24,2004,5,0,0.24033791,0.021466905,0.013199281,LOW,0
25,2004,5,1,0.71153295,0.10472973,0.10796086,ELEVATED,1
26,2004,5,0,0.23486638,0.021466905,0.012870265,LOW,0
27,2004,5,0,0.6725394,0.09626719,0.09161995,MODERATE,1
28,2004,5,0,0.6193857,0.08091603,0.072933555,MODERATE,0
29,2004,5,0,0.3184987,0.021466905,0.018910445,LOW,0
30,2004,5,0,0.68445253,0.09626719,0.09636114,MODERATE,1
31,2004,5,0,0.57254857,0.06329115,0.059445307,MODERATE,0
32,2004,5,0,0.70990765,0.10472973,0.107231356,ELEVATED,1
33,2004,5,0,0.6078332,0.08091603,0.06936545,MODERATE,0
34,2004,5,0,0.14517641,0.0051413886,0.008500184,LOW,0
35,2004,5,0,0.73064035,0.11987381,0.11686843,ELEVATED,1
0,2004,1,0,0.6600255,0.09090909,0.08686655,MODERATE,0
1,2004,1,0,0.43556106,0.039252333,0.032240808,LOW,0
2,2004,1,0,0.63197076,0.08091603,0.07701246,MODERATE,0
3,2004,1,0,0.36640623,0.021466905,0.023545137,LOW,0
4,2004,1,0,0.48654133,0.039252337,0.040564682,LOW,0
5,2004,1,0,0.5517816,0.049689442,0.054244287,MODERATE,0
6,2004,1,0,0.54051864,0.049689442,0.051605884,MODERATE,0
7,2004,1,0,0.29926157,0.021466905,0.01731234,LOW,0
8,2004,1,0,0.32040188,0.021466905,0.019076206,LOW,0
9,2004,1,0,0.3894688,0.030303031,0.026155168,LOW,0
10,2004,1,0,0.34369263,0.021466905,0.02122375,LOW,0
11,2004,1,0,0.2807452,0.021466905,0.015899742,LOW,0
12,2004,1,0,0.26671848,0.021466905,0.014905727,LOW,0
13,2004,1,0,0.39658374,0.033492822,0.02701578,LOW,0
14,2004,1,0,0.41554096,0.033492822,0.02944532,LOW,0
15,2004,1,0,0.3805681,0.021466905,0.02511607,LOW,0
16,2004,1,0,0.6014089,0.08091603,0.06745179,MODERATE,0
17,2004,1,0,0.6140245,0.08091603,0.071257144,MODERATE,0
18,2004,1,0,0.34063286,0.021466903,0.020928664,LOW,0
19,2004,1,0,0.4228865,0.033492822,0.030442603,LOW,0
20,2004,1,0,0.4414041,0.039252337,0.033103976,LOW,0
21,2004,1,0,0.6143657,0.08091603,0.071362756,MODERATE,0
22,2004,1,0,0.5469345,0.049689442,0.05309359,MODERATE,0
23,2004,1,0,0.40517232,0.03349282,0.028091343,LOW,0
24,2004,1,0,0.17434771,0.005141388,0.009729924,LOW,0
25,2004,1,0,0.48024833,0.039252337,0.039435178,LOW,0
26,2004,1,0,0.18195617,0.021466905,0.010078643,LOW,0
27,2004,1,0,0.5176871,0.03925234,0.046625562,LOW,0
28,2004,1,0,0.47074953,0.039252337,0.03778722,LOW,0
29,2004,1,0,0.48359656,0.03925234,0.040032327,LOW,0
30,2004,1,0,0.22704004,0.021466905,0.012413668,LOW,0
31,2004,1,0,0.3267786,0.021466905,0.019642042,LOW,0
32,2004,1,0,0.18680555,0.021466905,0.010307337,LOW,0
33,2004,1,0,0.19041574,0.021466905,0.010480913,LOW,0
34,2004,1,0,0.14259851,0.005141388,0.008399225,LOW,0
35,2004,1,0,0.3640696,0.021466905,0.023295326,LOW,0
0,2004,11,0,0.455691,0.039252337,0.035309523,LOW,0
1,2004,11,0,0.30975303,0.021466905,0.018166719,LOW,0
2,2004,11,0,0.47562385,0.03925234,0.03862443,LOW,0
3,2004,11,0,0.09004204,0.0023023789,0.0065817446,LOW,0
4,2004,11,0,0.11506792,0.0023023789,0.0073924926,LOW,0
5,2004,11,0,0.24740514,0.021466907,0.013636559,LOW,0
6,2004,11,0,0.5581354,0.06329114,0.055788293,MODERATE,0
7,2004,11,0,0.07434737,0.002302379,0.006119019,LOW,0
8,2004,11,0,0.0905398,0.0023023789,0.0065969736,LOW,0
9,2004,11,0,0.13297594,0.005141388,0.008032766,LOW,0
10,2004,11,0,0.13162963,0.0051413886,0.007982778,LOW,0
11,2004,11,0,0.061742596,0.002302379,0.005770923,LOW,0
12,2004,11,0,0.08855014,0.0023023789,0.0065363045,LOW,0
13,2004,11,0,0.18880047,0.021466905,0.010402898,LOW,0
14,2004,11,0,0.344943,0.021466905,0.021345507,LOW,0
15,2004,11,0,0.081488825,0.0023023789,0.0063254205,LOW,0
16,2004,11,0,0.45104927,0.039252337,0.034577858,LOW,0
17,2004,11,0,0.31278956,0.021466905,0.018421631,LOW,0
18,2004,11,0,0.13386135,0.005141388,0.008065813,LOW,0
19,2004,11,0,0.09059946,0.0023023789,0.0065988023,LOW,0
20,2004,11,0,0.13222738,0.005141388,0.008004933,LOW,0
21,2004,11,0,0.24060653,0.021466905,0.013215643,LOW,0
22,2004,11,0,0.18879837,0.021466907,0.010402795,LOW,0
23,2004,11,0,0.107934475,0.0023023789,0.00715179,LOW,0
24,2004,11,0,0.10069649,0.002302379,0.006915513,LOW,0
25,2004,11,0,0.2432274,0.021466905,0.01337637,LOW,0
26,2004,11,0,0.09343827,0.0023023789,0.0066863615,LOW,0
27,2004,11,0,0.15697399,0.005141388,0.008977785,LOW,0
28,2004,11,0,0.19927864,0.021466907,0.010919407,LOW,0
29,2004,11,0,0.19380805,0.021466903,0.010646653,LOW,0
30,2004,11,0,0.07394063,0.002302379,0.0061074677,LOW,0
31,2004,11,0,0.049374484,0.0,0.0054485127,LOW,0
32,2004,11,0,0.067042775,0.002302379,0.00591483,LOW,0
33,2004,11,0,0.04906547,0.0,0.005440689,LOW,0
34,2004,11,0,0.090442844,0.0023023789,0.006594006,LOW,0
35,2004,11,0,0.09432373,0.0023023789,0.0067139072,LOW,0
0,2004,10,0,0.21528013,0.021466907,0.011757503,LOW,0
1,2004,10,0,0.06621963,0.0023023789,0.005892247,LOW,0
2,2004,10,0,0.09955289,0.0023023789,0.006878896,LOW,0
3,2004,10,0,0.033029072,0.0,0.005049746,LOW,0
4,2004,10,0,0.028750852,0.0,0.004950259,LOW,0
5,2004,10,0,0.13512115,0.005141388,0.008113066,LOW,0
6,2004,10,0,0.07490562,0.0023023789,0.006134911,LOW,0
7,2004,10,0,0.028611597,0.0,0.004947054,LOW,0
8,2004,10,0,0.033914793,0.0,0.005070591,LOW,0
9,2004,10,0,0.035676178,0.0,0.005112298,LOW,0
10,2004,10,0,0.052501947,0.0,0.005528305,LOW,0
11,2004,10,0,0.03271251,0.0,0.005042318,LOW,0
12,2004,10,0,0.03626802,0.0,0.0051263864,LOW,0
13,2004,10,0,0.179443,0.021466903,0.009962111,LOW,0
14,2004,10,0,0.51841176,0.03925234,0.046776377,LOW,0
15,2004,10,0,0.034286756,0.0,0.0050793695,LOW,0
16,2004,10,0,0.3356013,0.021466905,0.020452121,LOW,0
17,2004,10,0,0.060524635,0.0023023789,0.0057383482,LOW,0
18,2004,10,0,0.04533383,0.0,0.0053471117,LOW,0
19,2004,10,0,0.030450856,0.0,0.004989556,LOW,0
20,2004,10,0,0.048057187,0.0,0.0054152454,LOW,0
21,2004,10,0,0.049448326,0.0,0.0054503833,LOW,0
22,2004,10,0,0.06082274,0.0023023789,0.0057463055,LOW,0
23,2004,10,0,0.028847372,0.0,0.0049524815,LOW,0
24,2004,10,0,0.03985346,0.0,0.0052125766,LOW,0
25,2004,10,0,0.07706206,0.002302379,0.0061966777,LOW,0
26,2004,10,0,0.032263994,0.0,0.0050318097,LOW,0
27,2004,10,0,0.044651754,0.0,0.0053301826,LOW,0
28,2004,10,0,0.043978173,0.0,0.0053135157,LOW,0
29,2004,10,0,0.16140817,0.005141388,0.0091640875,LOW,0
30,2004,10,0,0.02556155,0.0,0.004877364,LOW,0
31,2004,10,0,0.01963711,0.0,0.004744779,LOW,0
32,2004,10,0,0.018189084,0.0,0.004712922,LOW,0
33,2004,10,0,0.020630253,0.0,0.0047667525,LOW,0
34,2004,10,0,0.030994078,0.0,0.005002178,LOW,0
35,2004,10,0,0.021520162,0.0,0.0047865277,LOW,0
0,2004,9,0,0.07852901,0.0023023789,0.00623905,LOW,0
1,2004,9,0,0.06941583,0.002302379,0.0059804097,LOW,0
2,2004,9,0,0.069721915,0.0023023789,0.005988922,LOW,0
3,2004,9,0,0.038066484,0.0,0.0051694424,LOW,0
4,2004,9,0,0.038497094,0.0,0.005179804,LOW,0
5,2004,9,0,0.14055175,0.005141388,0.008319916,LOW,0
6,2004,9,0,0.06885462,0.0023023789,0.005964836,LOW,0
7,2004,9,0,0.029895771,0.0,0.0049766893,LOW,0
8,2004,9,0,0.024612745,0.0,0.004855885,LOW,0
9,2004,9,0,0.03045823,0.0,0.0049897265,LOW,0
10,2004,9,0,0.0508306,0.0,0.0054855193,LOW,0
11,2004,9,0,0.026292367,0.0,0.004893972,LOW,0
12,2004,9,0,0.032695573,0.0,0.0050419206,LOW,0
13,2004,9,0,0.24126357,0.021466903,0.013255757,LOW,0
14,2004,9,0,0.4543804,0.039252337,0.035101432,LOW,0
15,2004,9,0,0.030515382,0.0,0.004991052,LOW,0
16,2004,9,0,0.06528156,0.0023023789,0.0058666174,LOW,0
17,2004,9,0,0.0608288,0.0023023789,0.005746466,LOW,0
18,2004,9,0,0.048398588,0.0,0.005423848,LOW,0
19,2004,9,0,0.032671973,0.0,0.0050413655,LOW,0
20,2004,9,0,0.039099276,0.0,0.0051943283,LOW,0
21,2004,9,0,0.049661856,0.0,0.005455796,LOW,0
22,2004,9,0,0.05043381,0.0,0.00547541,LOW,0
23,2004,9,0,0.04238512,0.0,0.005274302,LOW,0
24,2004,9,0,0.031858385,0.0,0.005022327,LOW,0
25,2004,9,0,0.053207695,0.002302379,0.005546473,LOW,0
26,2004,9,0,0.027806235,0.0,0.0049285567,LOW,0
27,2004,9,0,0.069688834,0.0023023789,0.0059880028,LOW,0
28,2004,9,0,0.041602764,0.0,0.005255151,LOW,0
29,2004,9,0,0.050164163,0.0,0.005468551,LOW,0
30,2004,9,0,0.023856161,0.0,0.0048388243,LOW,0
31,2004,9,0,0.026227204,0.0,0.0048924903,LOW,0
32,2004,9,0,0.022801887,0.0,0.0048151514,LOW,0
33,2004,9,0,0.02032012,0.0,0.0047598802,LOW,0
34,2004,9,0,0.027862828,0.0,0.0049298545,LOW,0
35,2004,9,0,0.019707164,0.0,0.004746326,LOW,0
0,2004,2,0,0.13796243,0.005141388,0.008220646,LOW,0
1,2004,2,0,0.14557289,0.005141388,0.008515819,LOW,0
2,2004,2,0,0.06393558,0.0023023789,0.005830039,LOW,0
3,2004,2,0,0.044228625,0.0,0.005319706,LOW,0
4,2004,2,0,0.028091885,0.0,0.004935109,LOW,0
5,2004,2,0,0.04159786,0.0,0.0052550314,LOW,0
6,2004,2,0,0.07282495,0.0023023789,0.006075892,LOW,0
7,2004,2,0,0.031455796,0.0,0.005012931,LOW,0
8,2004,2,0,0.03603995,0.0,0.0051209535,LOW,0
9,2004,2,0,0.057722095,0.0023023789,0.0056640883,LOW,0
10,2004,2,0,0.03872818,0.0,0.005185372,LOW,0
11,2004,2,0,0.02520386,0.0,0.004869256,LOW,0
12,2004,2,0,0.03856143,0.0,0.0051813545,LOW,0
13,2004,2,0,0.23160805,0.021466907,0.012678188,LOW,0
14,2004,2,0,0.43028644,0.033492822,0.031480324,LOW,0
15,2004,2,0,0.030896025,0.0,0.0049998974,LOW,0
16,2004,2,0,0.0998775,0.0023023789,0.006889269,LOW,0
17,2004,2,0,0.053202625,0.0023023789,0.0055463417,LOW,0
18,2004,2,0,0.106255144,0.0023023789,0.007096263,LOW,0
19,2004,2,0,0.031741757,0.0,0.005019604,LOW,0
20,2004,2,0,0.032290634,0.0,0.0050324327,LOW,0
21,2004,2,0,0.22323835,0.021466905,0.012197684,LOW,0
22,2004,2,0,0.033590488,0.0,0.00506295,LOW,0
23,2004,2,0,0.024176277,0.0,0.004846035,LOW,0
24,2004,2,0,0.049861904,0.0,0.0054608723,LOW,0
25,2004,2,0,0.06289193,0.0023023789,0.005801831,LOW,0
26,2004,2,0,0.030169427,0.0,0.0049830284,LOW,0
27,2004,2,0,0.057636246,0.002302379,0.00566183,LOW,0
28,2004,2,0,0.04660181,0.0,0.005378728,LOW,0
29,2004,2,0,0.035590466,0.0,0.005110259,LOW,0
30,2004,2,0,0.02284094,0.0,0.004816027,LOW,0
31,2004,2,0,0.041047584,0.0,0.005241601,LOW,0
32,2004,2,0,0.020622905,0.0,0.0047665895,LOW,0
33,2004,2,0,0.019166337,0.0,0.004734398,LOW,0
34,2004,2,0,0.030275712,0.0,0.0049854927,LOW,0
35,2004,2,0,0.027209515,0.0,0.004914895,LOW,0
0,2005,4,0,0.2320457,0.021466905,0.012703826,LOW,0
1,2005,4,0,0.39669007,0.033492822,0.027028844,LOW,0
2,2005,4,0,0.36660308,0.021466905,0.0235663,LOW,0
3,2005,4,0,0.071580775,0.0023023789,0.00604087,LOW,0
4,2005,4,0,0.09235488,0.002302379,0.006652809,LOW,0
5,2005,4,0,0.050480675,0.0,0.0054766038,LOW,0
6,2005,4,0,0.055831514,0.0023023789,0.005614534,LOW,0
7,2005,4,0,0.13571675,0.0051413886,0.008135502,LOW,0
8,2005,4,0,0.05125086,0.0,0.005496247,LOW,0
9,2005,4,0,0.056732126,0.002302379,0.0056380844,LOW,0
10,2005,4,0,0.086303465,0.0023023789,0.0064684614,LOW,0
11,2005,4,0,0.031243416,0.0,0.0050079813,LOW,0
12,2005,4,0,0.06220666,0.0023023789,0.005783382,LOW,0
13,2005,4,0,0.49299258,0.039252337,0.041754723,LOW,0
14,2005,4,0,0.6142557,0.08091603,0.0713287,MODERATE,0
15,2005,4,0,0.13201831,0.005141388,0.007997178,LOW,0
16,2005,4,0,0.14318144,0.0051413886,0.008421953,LOW,0
17,2005,4,0,0.07462909,0.0023023789,0.0061270334,LOW,0
18,2005,4,0,0.19569173,0.021466905,0.010739801,LOW,0
19,2005,4,0,0.062727354,0.0023023789,0.005797396,LOW,0
20,2005,4,0,0.04371696,0.0,0.0053070653,LOW,0
21,2005,4,0,0.4340923,0.033492822,0.032027274,LOW,0
22,2005,4,0,0.06273126,0.002302379,0.0057975003,LOW,0
23,2005,4,0,0.043921303,0.0,0.0053121094,LOW,0
24,2005,4,0,0.089552,0.0023023789,0.0065667843,LOW,0
25,2005,4,0,0.044911146,0.0,0.0053366153,LOW,0
26,2005,4,0,0.034526464,0.0,0.0050850357,LOW,0
27,2005,4,0,0.18416567,0.021466905,0.010182213,LOW,0
28,2005,4,0,0.5057593,0.039252337,0.044208866,LOW,0
29,2005,4,0,0.04805956,0.0,0.0054153074,LOW,0
30,2005,4,0,0.03925575,0.0,0.0051981094,LOW,0
31,2005,4,0,0.09294281,0.0023023789,0.0066709975,LOW,0
32,2005,4,0,0.029222324,0.0,0.004961127,LOW,0
33,2005,4,0,0.0267374,0.0,0.004904114,LOW,0
34,2005,4,0,0.0504231,0.0,0.005475137,LOW,0
35,2005,4,0,0.033143584,0.0,0.0050524375,LOW,0
0,2005,3,0,0.4975471,0.039252337,0.042614903,LOW,0
1,2005,3,0,0.34960073,0.021466907,0.021805096,LOW,0
2,2005,3,0,0.41390562,0.033492822,0.02922764,LOW,0
3,2005,3,0,0.26966116,0.021466905,0.015109057,LOW,0
4,2005,3,0,0.15293625,0.005141388,0.008811405,LOW,0
5,2005,3,0,0.0677772,0.0023023789,0.0059350487,LOW,0
6,2005,3,0,0.09955734,0.002302379,0.006879039,LOW,0
7,2005,3,0,0.14404945,0.005141388,0.008455903,LOW,0
8,2005,3,0,0.040113512,0.0,0.0052188854,LOW,0
9,2005,3,0,0.07610558,0.0023023789,0.0061692055,LOW,0
10,2005,3,0,0.26584667,0.021466905,0.014846009,LOW,0
11,2005,3,0,0.05295197,0.0,0.0055398834,LOW,0
12,2005,3,0,0.056821603,0.0023023789,0.0056404322,LOW,0
13,2005,3,0,0.4110438,0.033492822,0.028850459,LOW,0
14,2005,3,0,0.39097756,0.030303031,0.026335409,LOW,0
15,2005,3,0,0.21716364,0.021466907,0.011860244,LOW,0
16,2005,3,0,0.43015343,0.033492822,0.03146137,LOW,0
17,2005,3,0,0.11208004,0.0023023789,0.0072907098,LOW,0
18,2005,3,0,0.24638416,0.021466905,0.013572513,LOW,0
19,2005,3,0,0.090287656,0.0023023789,0.006589254,LOW,0
20,2005,3,0,0.07268916,0.002302379,0.0060720607,LOW,0
21,2005,3,0,0.67731106,0.09626719,0.09349327,MODERATE,1
22,2005,3,0,0.1116711,0.0023023789,0.007276887,LOW,0
23,2005,3,0,0.17711756,0.021466905,0.009855472,LOW,0
24,2005,3,0,0.06915367,0.0023023789,0.005973129,LOW,0
25,2005,3,0,0.05836726,0.0023023789,0.0056810994,LOW,0
26,2005,3,0,0.05004864,0.0,0.005465613,LOW,0
27,2005,3,0,0.31743547,0.021466905,0.018818455,LOW,0
28,2005,3,0,0.6341188,0.08091603,0.07772921,MODERATE,0
29,2005,3,0,0.07168473,0.0023023789,0.0060437885,LOW,0
30,2005,3,0,0.06513678,0.0023023789,0.0058626723,LOW,0
31,2005,3,0,0.10318376,0.0023023789,0.0069958204,LOW,0
32,2005,3,0,0.04946384,0.0,0.0054507763,LOW,0
33,2005,3,0,0.03203559,0.0,0.0050264676,LOW,0
34,2005,3,0,0.040099114,0.0,0.005218536,LOW,0
35,2005,3,0,0.033600993,0.0,0.0050631966,LOW,0
0,2005,7,0,0.51021034,0.039252337,0.045096386,LOW,0
1,2005,7,0,0.32316387,0.021466905,0.019319303,LOW,0
2,2005,7,0,0.6821842,0.09626719,0.095441826,MODERATE,1
3,2005,7,0,0.4510495,0.039252333,0.03457789,LOW,0
4,2005,7,0,0.44708988,0.039252337,0.033965316,LOW,0
5,2005,7,0,0.44244897,0.039252337,0.033260666,LOW,0
6,2005,7,0,0.59401774,0.08091603,0.065310776,MODERATE,0
7,2005,7,0,0.30869657,0.021466905,0.018078845,LOW,0
8,2005,7,0,0.11710945,0.002302379,0.007462847,LOW,0
9,2005,7,0,0.16573483,0.0051413877,0.009349564,LOW,0
10,2005,7,0,0.6093652,0.08091603,0.06982917,MODERATE,0
11,2005,7,0,0.1293634,0.005141388,0.007899324,LOW,0
12,2005,7,0,0.1684796,0.005141388,0.009469151,LOW,0
13,2005,7,0,0.34845582,0.021466905,0.021691235,LOW,0
14,2005,7,0,0.31733167,0.021466905,0.018809505,LOW,0
15,2005,7,0,0.39078423,0.03030303,0.026312241,LOW,0
16,2005,7,0,0.6190986,0.08091603,0.072842866,MODERATE,0
17,2005,7,0,0.46976218,0.039252337,0.03761977,LOW,0
18,2005,7,0,0.4842232,0.039252337,0.04014505,LOW,0
19,2005,7,0,0.4163657,0.033492822,0.029555699,LOW,0
20,2005,7,0,0.41522056,0.033492822,0.029402548,LOW,0
21,2005,7,1,0.71296793,0.10472973,0.10860854,ELEVATED,1
22,2005,7,0,0.30703095,0.021466907,0.017941149,LOW,0
23,2005,7,0,0.503667,0.039252337,0.043797433,LOW,0
24,2005,7,0,0.21115215,0.021466907,0.0115354005,LOW,0
25,2005,7,0,0.37344995,0.021466905,0.024314111,LOW,0
26,2005,7,0,0.07566181,0.0023023789,0.006156501,LOW,0
27,2005,7,0,0.63990146,0.08091603,0.079689205,MODERATE,0
28,2005,7,0,0.7709308,0.18128654,0.13775167,ELEVATED,1
29,2005,7,0,0.30327168,0.021466903,0.017634142,LOW,0
30,2005,7,0,0.28572562,0.021466907,0.016268149,LOW,0
31,2005,7,0,0.270651,0.021466905,0.015178069,LOW,0
32,2005,7,0,0.36028394,0.021466905,0.02289608,LOW,0
33,2005,7,0,0.1904633,0.021466905,0.010483223,LOW,0
34,2005,7,0,0.09258936,0.002302379,0.0066600577,LOW,0
35,2005,7,0,0.19906323,0.021466905,0.010908536,LOW,0
0,2005,0,0,0.6554022,0.08091603,0.085167564,MODERATE,0
1,2005,0,0,0.46392107,0.039252337,0.036643628,LOW,0
2,2005,0,0,0.5983115,0.08091603,0.06654675,MODERATE,0
3,2005,0,0,0.70224917,0.1,0.10385209,ELEVATED,1
4,2005,0,0,0.7084311,0.10472973,0.106572405,ELEVATED,1
5,2005,0,0,0.61905736,0.08091603,0.07282984,MODERATE,0
6,2005,0,0,0.7142288,0.10472973,0.10918045,ELEVATED,1
7,2005,0,0,0.58606184,0.06329114,0.06307692,MODERATE,0
8,2005,0,0,0.4109685,0.033492822,0.028840601,LOW,0
9,2005,0,0,0.57556456,0.06329114,0.06023847,MODERATE,0
10,2005,0,0,0.62625796,0.08091603,0.0751356,MODERATE,0
11,2005,0,0,0.3296195,0.021466903,0.019899393,LOW,0
12,2005,0,0,0.48082602,0.03925234,0.039537594,LOW,0
13,2005,0,0,0.5098126,0.039252337,0.045016393,LOW,0
14,2005,0,0,0.4075385,0.033492822,0.028394908,LOW,0
15,2005,0,0,0.66577965,0.09626719,0.08902391,MODERATE,0
16,2005,0,0,0.6548874,0.08091603,0.084980264,MODERATE,0
17,2005,0,0,0.7024422,0.099999994,0.103936106,ELEVATED,1
18,2005,0,0,0.63201964,0.08091603,0.0770287,MODERATE,0
19,2005,0,0,0.65380424,0.08091603,0.08458739,MODERATE,0
20,2005,0,0,0.67719257,0.09626719,0.093446344,MODERATE,1
21,2005,0,1,0.67004925,0.09626719,0.090655796,MODERATE,1
22,2005,0,0,0.51562834,0.039252337,0.046199646,LOW,0
23,2005,0,0,0.74671936,0.119873814,0.12485185,ELEVATED,1
24,2005,0,0,0.47757837,0.039252337,0.03896512,LOW,0
25,2005,0,0,0.58399725,0.06329114,0.06250898,MODERATE,0
26,2005,0,0,0.13873777,0.005141388,0.008250249,LOW,0
27,2005,0,0,0.7594658,0.13043478,0.13150889,ELEVATED,1
28,2005,0,0,0.6428448,0.08091604,0.080704086,MODERATE,0
29,2005,0,0,0.5344386,0.049689442,0.050232504,MODERATE,0
30,2005,0,0,0.52310556,0.039252337,0.047764458,LOW,0
31,2005,0,0,0.58839226,0.08091603,0.06372377,MODERATE,0
32,2005,0,0,0.6768258,0.09626719,0.09330123,MODERATE,1
33,2005,0,0,0.40888178,0.033492822,0.028568652,LOW,0
34,2005,0,0,0.30330542,0.021466907,0.017636877,LOW,0
35,2005,0,0,0.49242526,0.039252337,0.04164874,LOW,0
0,2005,8,0,0.76522183,0.13043478,0.13461252,ELEVATED,1
1,2005,8,0,0.56892645,0.06329114,0.058505688,MODERATE,0
2,2005,8,0,0.6528759,0.08091603,0.084251985,MODERATE,0
3,2005,8,0,0.76570946,0.13043478,0.13487826,ELEVATED,1
4,2005,8,0,0.74286324,0.11987382,0.12289566,ELEVATED,1
5,2005,8,0,0.68201345,0.09626719,0.09537293,MODERATE,1
6,2005,8,0,0.7445123,0.11987381,0.12372896,ELEVATED,1
7,2005,8,0,0.6438311,0.08091603,0.08104679,MODERATE,0
8,2005,8,0,0.6310391,0.08091603,0.07670345,MODERATE,0
9,2005,8,0,0.699727,0.09626719,0.102759995,ELEVATED,1
10,2005,8,0,0.7084474,0.104729734,0.10657964,ELEVATED,1
11,2005,8,0,0.48662877,0.039252333,0.040580586,LOW,0
12,2005,8,0,0.6202258,0.08091603,0.0731995,MODERATE,0
13,2005,8,1,0.60847694,0.08091603,0.069559954,MODERATE,0
14,2005,8,0,0.53394556,0.049689446,0.050122656,MODERATE,0
15,2005,8,0,0.73595196,0.11987381,0.11945548,ELEVATED,1
16,2005,8,0,0.6858629,0.09626719,0.09693673,MODERATE,1
17,2005,8,0,0.7906532,0.18128654,0.1490718,ELEVATED,1
18,2005,8,0,0.74915665,0.119873814,0.12610203,ELEVATED,1
19,2005,8,0,0.7581273,0.13043478,0.1307959,ELEVATED,1
20,2005,8,0,0.73554444,0.11987381,0.119255275,ELEVATED,1
21,2005,8,1,0.6949424,0.09626719,0.100716144,ELEVATED,1
22,2005,8,0,0.72835237,0.119873814,0.11576912,ELEVATED,1
23,2005,8,1,0.76770884,0.16666667,0.13597253,ELEVATED,1
24,2005,8,0,0.54749763,0.049689442,0.05322609,MODERATE,0
25,2005,8,0,0.72148734,0.10472972,0.11252446,ELEVATED,1
26,2005,8,0,0.2036777,0.021466905,0.011143741,LOW,0
27,2005,8,0,0.80826765,0.18128654,0.15982072,HIGH,1
28,2005,8,0,0.724675,0.10472973,0.11402108,ELEVATED,1
29,2005,8,0,0.6252282,0.08091603,0.0748018,MODERATE,0
30,2005,8,0,0.67620534,0.09626719,0.093056135,MODERATE,1
31,2005,8,0,0.69687134,0.0962672,0.10153576,ELEVATED,1
32,2005,8,0,0.7085958,0.10472973,0.106645726,ELEVATED,1
33,2005,8,1,0.6935291,0.09626719,0.10011939,ELEVATED,1
34,2005,8,0,0.35655162,0.021466907,0.022509,LOW,0
35,2005,8,1,0.6461616,0.08091603,0.08186187,MODERATE,0
0,2005,6,0,0.74068755,0.119873814,0.12180357,ELEVATED,1
1,2005,6,0,0.60489637,0.08091603,0.06848446,MODERATE,0
2,2005,6,1,0.6623606,0.09626719,0.08773627,MODERATE,0
3,2005,6,0,0.7877832,0.18128654,0.147378,ELEVATED,1
4,2005,6,0,0.7523357,0.119873814,0.12774877,ELEVATED,1
5,2005,6,0,0.71396536,0.10472973,0.109060735,ELEVATED,1
6,2005,6,0,0.72266614,0.10472973,0.11307589,ELEVATED,1
7,2005,6,0,0.6968458,0.0962672,0.10152488,ELEVATED,1
8,2005,6,0,0.61966306,0.08091603,0.07302125,MODERATE,0
9,2005,6,0,0.6837877,0.09626719,0.09609088,MODERATE,1
10,2005,6,0,0.7036774,0.1,0.10447507,ELEVATED,1
11,2005,6,0,0.6110582,0.08091603,0.07034494,MODERATE,0
12,2005,6,0,0.5985578,0.08091603,0.066618286,MODERATE,0
13,2005,6,1,0.6601793,0.09090909,0.0869236,MODERATE,0
14,2005,6,0,0.53936625,0.049689442,0.05134287,MODERATE,0
15,2005,6,0,0.71372837,0.10472973,0.10895315,ELEVATED,1
16,2005,6,0,0.6759316,0.09626719,0.09294819,MODERATE,1
17,2005,6,0,0.776096,0.18128654,0.14064458,ELEVATED,1
18,2005,6,0,0.7476723,0.11987381,0.12533939,ELEVATED,1
19,2005,6,0,0.7344589,0.11987382,0.11872333,ELEVATED,1
20,2005,6,0,0.7291861,0.11987382,0.11616868,ELEVATED,1
21,2005,6,0,0.6836158,0.09626719,0.09602112,MODERATE,1
22,2005,6,0,0.7207384,0.10472973,0.11217531,ELEVATED,1
23,2005,6,1,0.7518443,0.119873814,0.12749298,ELEVATED,1
24,2005,6,0,0.47950533,0.039252337,0.039303828,LOW,0
25,2005,6,0,0.69548666,0.09626719,0.10094681,ELEVATED,1
26,2005,6,0,0.39074722,0.030303031,0.026307814,LOW,0
27,2005,6,0,0.7651249,0.13043478,0.13455977,ELEVATED,1
28,2005,6,1,0.6375307,0.08091603,0.07888024,MODERATE,0
29,2005,6,0,0.64489436,0.08091603,0.08141774,MODERATE,0
30,2005,6,0,0.6612125,0.09626719,0.08730769,MODERATE,0
31,2005,6,0,0.74711615,0.11987381,0.12505466,ELEVATED,1
32,2005,6,0,0.6836189,0.09626719,0.09602236,MODERATE,1
33,2005,6,1,0.7003982,0.0962672,0.10304961,ELEVATED,1
34,2005,6,0,0.3983667,0.033492822,0.027235718,LOW,0
35,2005,6,1,0.6394666,0.08091603,0.07954025,MODERATE,0
0,2005,5,0,0.7267059,0.119873814,0.11498361,ELEVATED,1
1,2005,5,0,0.5126914,0.039252337,0.045598444,LOW,0
2,2005,5,1,0.6597646,0.09090909,0.086769864,MODERATE,0
3,2005,5,0,0.69294244,0.09626719,0.099872574,MODERATE,1
4,2005,5,0,0.7046987,0.1,0.104922555,ELEVATED,1
5,2005,5,0,0.65956086,0.09090909,0.08669444,MODERATE,0
6,2005,5,0,0.6959583,0.09626719,0.10114707,ELEVATED,1
7,2005,5,0,0.6093266,0.08091603,0.06981744,MODERATE,0
8,2005,5,0,0.56183887,0.06329115,0.05670724,MODERATE,0
9,2005,5,0,0.5923577,0.08091603,0.06483868,MODERATE,0
10,2005,5,0,0.55193657,0.049689442,0.05428147,MODERATE,0
11,2005,5,0,0.47314954,0.039252337,0.03819724,LOW,0
12,2005,5,0,0.5157913,0.039252337,0.046233226,LOW,0
13,2005,5,1,0.56743515,0.06329114,0.058122892,MODERATE,0
14,2005,5,0,0.5612901,0.06329114,0.056570183,MODERATE,0
15,2005,5,0,0.60957986,0.08091603,0.069894366,MODERATE,0
16,2005,5,0,0.5966755,0.08091603,0.06607328,MODERATE,0
17,2005,5,0,0.7157171,0.10472973,0.10985891,ELEVATED,1
18,2005,5,0,0.61466557,0.08091603,0.0714557,MODERATE,0
19,2005,5,0,0.6841644,0.09626719,0.09624393,MODERATE,1
20,2005,5,0,0.66418856,0.09626719,0.08842259,MODERATE,0
21,2005,5,0,0.6673254,0.09626719,0.08961162,MODERATE,0
22,2005,5,0,0.7507383,0.119873814,0.12691903,ELEVATED,1
23,2005,5,1,0.64946914,0.080916025,0.083031446,MODERATE,0
24,2005,5,0,0.3132724,0.021466907,0.01846249,LOW,0
25,2005,5,0,0.681665,0.09626719,0.09523249,MODERATE,1
26,2005,5,0,0.50134254,0.039252337,0.043344647,LOW,0
27,2005,5,0,0.73805815,0.11987381,0.120494954,ELEVATED,1
28,2005,5,1,0.65053105,0.08091603,0.08341016,MODERATE,0
29,2005,5,0,0.5161468,0.039252337,0.046306554,LOW,0
30,2005,5,0,0.5631149,0.06329113,0.05702715,MODERATE,0
31,2005,5,0,0.5771829,0.06329113,0.06066814,MODERATE,0
32,2005,5,0,0.5858776,0.06329114,0.06302605,MODERATE,0
33,2005,5,1,0.5509342,0.049689442,0.054041434,MODERATE,0
34,2005,5,0,0.18452302,0.021466905,0.010199061,LOW,0
35,2005,5,1,0.5598164,0.06329114,0.056203667,MODERATE,0
0,2005,1,0,0.67874545,0.09626719,0.09406309,MODERATE,1
1,2005,1,0,0.52005494,0.039252337,0.04712005,LOW,0
2,2005,1,1,0.63582844,0.08091603,0.078304045,MODERATE,0
3,2005,1,0,0.35374036,0.021466907,0.022221671,LOW,0
4,2005,1,0,0.43146214,0.033492822,0.03164831,LOW,0
5,2005,1,0,0.39150694,0.030303031,0.026398936,LOW,0
6,2005,1,0,0.64691764,0.08091603,0.08212787,MODERATE,0
7,2005,1,0,0.28647208,0.021466905,0.016324079,LOW,0
8,2005,1,0,0.1595718,0.005141388,0.009086471,LOW,0
9,2005,1,0,0.31616473,0.021466905,0.018709091,LOW,0
10,2005,1,0,0.30705652,0.021466905,0.017943257,LOW,0
11,2005,1,0,0.1691191,0.005141388,0.00949723,LOW,0
12,2005,1,0,0.19304204,0.021466905,0.010609004,LOW,0
13,2005,1,0,0.30691612,0.021466905,0.017931698,LOW,0
14,2005,1,0,0.41341192,0.033492822,0.029162236,LOW,0
15,2005,1,0,0.34242597,0.021466903,0.0211011,LOW,0
16,2005,1,0,0.6372276,0.08091603,0.07877737,MODERATE,0
17,2005,1,0,0.5162544,0.039252337,0.04632878,LOW,0
18,2005,1,0,0.30650762,0.021466903,0.0178981,LOW,0
19,2005,1,0,0.34877664,0.021466903,0.02172308,LOW,0
20,2005,1,0,0.35518885,0.021466907,0.02236927,LOW,0
21,2005,1,0,0.5880065,0.06329114,0.06361627,MODERATE,0
22,2005,1,0,0.4616457,0.039252337,0.03627002,LOW,0
23,2005,1,0,0.38112208,0.021466903,0.02517955,LOW,0
24,2005,1,0,0.33944184,0.021466905,0.020814886,LOW,0
25,2005,1,0,0.565574,0.06329114,0.057648446,MODERATE,0
26,2005,1,0,0.1868655,0.021466907,0.0103101935,LOW,0
27,2005,1,0,0.52699226,0.03925234,0.048597626,LOW,0
28,2005,1,1,0.47204173,0.039252337,0.03800746,LOW,0
29,2005,1,0,0.5946964,0.08091603,0.06550471,MODERATE,0
30,2005,1,0,0.20921522,0.021466905,0.011432617,LOW,0
31,2005,1,0,0.27790573,0.021466907,0.015693394,LOW,0
32,2005,1,0,0.18095389,0.021466905,0.010032009,LOW,0
33,2005,1,0,0.1285378,0.005141388,0.007869138,LOW,0
34,2005,1,0,0.17891105,0.021466905,0.009937615,LOW,0
35,2005,1,0,0.14862691,0.0051413886,0.008637206,LOW,0
0,2005,11,0,0.41800195,0.033492822,0.029775864,LOW,0
1,2005,11,0,0.41823268,0.033492822,0.029807039,LOW,0
2,2005,11,0,0.5022052,0.039252337,0.04351216,LOW,0
3,2005,11,0,0.12050754,0.0051413877,0.0075814268,LOW,0
4,2005,11,0,0.088098064,0.0023023789,0.0065225954,LOW,0
5,2005,11,0,0.1740735,0.005141388,0.009717581,LOW,0
6,2005,11,0,0.45868167,0.039252337,0.035788815,LOW,0
7,2005,11,0,0.06813706,0.0023023789,0.0059449817,LOW,0
8,2005,11,0,0.07254794,0.0023023789,0.006068076,LOW,0
9,2005,11,0,0.10190224,0.0023023789,0.0069543277,LOW,0
10,2005,11,0,0.07080232,0.0023023789,0.006019061,LOW,0
11,2005,11,0,0.069989175,0.0023023789,0.0059963637,LOW,0
12,2005,11,0,0.09491567,0.002302379,0.006732386,LOW,0
13,2005,11,0,0.20482892,0.021466905,0.011203194,LOW,0
14,2005,11,0,0.24927755,0.021466905,0.013754786,LOW,0
15,2005,11,0,0.120283805,0.005141388,0.0075735636,LOW,0
16,2005,11,0,0.48601398,0.039252333,0.040468853,LOW,0
17,2005,11,0,0.27591416,0.021466905,0.015550232,LOW,0
18,2005,11,0,0.08232476,0.0023023789,0.0063500265,LOW,0
19,2005,11,0,0.08731802,0.0023023789,0.006499009,LOW,0
20,2005,11,0,0.17348187,0.005141388,0.009691003,LOW,0
21,2005,11,0,0.2964475,0.021466905,0.01708997,LOW,0
22,2005,11,0,0.18566184,0.021466905,0.010252941,LOW,0
23,2005,11,0,0.09828416,0.002302379,0.0068385,LOW,0
24,2005,11,0,0.13618307,0.005141388,0.008153109,LOW,0
25,2005,11,0,0.20432186,0.021466905,0.011176972,LOW,0
26,2005,11,0,0.13677269,0.005141388,0.008175427,LOW,0
27,2005,11,0,0.14901114,0.005141388,0.008652596,LOW,0
28,2005,11,0,0.19519714,0.021466905,0.010715265,LOW,0
29,2005,11,0,0.538976,0.049689442,0.05125411,MODERATE,0
30,2005,11,0,0.06884889,0.0023023789,0.0059646782,LOW,0
31,2005,11,0,0.06294071,0.0023023789,0.0058031455,LOW,0
32,2005,11,0,0.05860046,0.0023023789,0.00568726,LOW,0
33,2005,11,0,0.053670544,0.002302379,0.0055584186,LOW,0
34,2005,11,0,0.10264494,0.0023023789,0.006978346,LOW,0
35,2005,11,0,0.0640942,0.0023023789,0.0058343383,LOW,0
0,2005,10,0,0.24069613,0.021466905,0.01322111,LOW,0
1,2005,10,0,0.090343736,0.0023023789,0.0065909703,LOW,0
2,2005,10,0,0.06578045,0.0023023789,0.0058802348,LOW,0
3,2005,10,0,0.039364684,0.0,0.0052007437,LOW,0
4,2005,10,0,0.029593782,0.0,0.004969705,LOW,0
5,2005,10,0,0.065143056,0.0023023789,0.005862845,LOW,0
6,2005,10,0,0.08348015,0.002302379,0.0063841967,LOW,0
7,2005,10,0,0.027783636,0.0,0.0049280375,LOW,0
8,2005,10,0,0.039457235,0.0,0.0052029816,LOW,0
9,2005,10,0,0.032604225,0.0,0.0050397776,LOW,0
10,2005,10,0,0.06978923,0.0023023789,0.005990796,LOW,0
11,2005,10,0,0.028327629,0.0,0.0049405233,LOW,0
12,2005,10,0,0.03131205,0.0,0.0050095804,LOW,0
13,2005,10,0,0.13825475,0.005141388,0.008231792,LOW,0
14,2005,10,0,0.3095511,0.021466903,0.01814989,LOW,0
15,2005,10,0,0.04392775,0.0,0.0053122705,LOW,0
16,2005,10,0,0.23343284,0.021466905,0.012785408,LOW,0
17,2005,10,0,0.0789188,0.0023023789,0.0062503573,LOW,0
18,2005,10,0,0.04376237,0.0,0.0053081857,LOW,0
19,2005,10,0,0.024828536,0.0,0.0048607606,LOW,0
20,2005,10,0,0.048812404,0.0,0.0054342938,LOW,0
21,2005,10,0,0.047986317,0.0,0.0054134633,LOW,0
22,2005,10,0,0.04554332,0.0,0.0053523234,LOW,0
23,2005,10,0,0.03443483,0.0,0.0050828694,LOW,0
24,2005,10,0,0.033494536,0.0,0.00506069,LOW,0
25,2005,10,0,0.1746746,0.005141388,0.009744654,LOW,0
26,2005,10,0,0.03262294,0.0,0.0050402177,LOW,0
27,2005,10,0,0.031886593,0.0,0.0050229845,LOW,0
28,2005,10,0,0.055539783,0.002302379,0.005606925,LOW,0
29,2005,10,0,0.41159135,0.033492822,0.028922262,LOW,0
30,2005,10,0,0.0230696,0.0,0.0048211534,LOW,0
31,2005,10,0,0.018752396,0.0,0.004725289,LOW,0
32,2005,10,0,0.019930264,0.0,0.004751255,LOW,0
33,2005,10,0,0.021291763,0.0,0.0047814446,LOW,0
34,2005,10,0,0.029339887,0.0,0.004963839,LOW,0
35,2005,10,0,0.021126006,0.0,0.004777759,LOW,0
0,2005,9,0,0.08822093,0.0023023789,0.0065263165,LOW,0
1,2005,9,0,0.1087658,0.002302379,0.007179434,LOW,0
2,2005,9,0,0.078727536,0.002302379,0.006244806,LOW,0
3,2005,9,0,0.034128927,0.0,0.005075643,LOW,0
4,2005,9,0,0.022612864,0.0,0.004810919,LOW,0
5,2005,9,0,0.033713806,0.0,0.005065854,LOW,0
6,2005,9,0,0.074380964,0.0023023789,0.006119976,LOW,0
7,2005,9,0,0.030304095,0.0,0.00498615,LOW,0
8,2005,9,0,0.022126496,0.0,0.0048000463,LOW,0
9,2005,9,0,0.028643044,0.0,0.004947777,LOW,0
10,2005,9,0,0.055744577,0.002302379,0.005612266,LOW,0
11,2005,9,0,0.021273546,0.0,0.0047810385,LOW,0
12,2005,9,0,0.032004014,0.0,0.005025728,LOW,0
13,2005,9,0,0.22584462,0.021466905,0.012345353,LOW,0
14,2005,9,0,0.4568459,0.039252337,0.035493873,LOW,0
15,2005,9,0,0.033034723,0.0,0.0050498806,LOW,0
16,2005,9,0,0.079436556,0.0023023789,0.0062654065,LOW,0
17,2005,9,0,0.07843715,0.0023023789,0.0062363874,LOW,0
18,2005,9,0,0.054676343,0.002302379,0.0055844677,LOW,0
19,2005,9,0,0.0386906,0.0,0.005184467,LOW,0
20,2005,9,0,0.04461498,0.0,0.00532927,LOW,0
21,2005,9,0,0.043045126,0.0,0.005290513,LOW,0
22,2005,9,0,0.049505603,0.0,0.005451834,LOW,0
23,2005,9,0,0.032023925,0.0,0.0050261957,LOW,0
24,2005,9,0,0.03224533,0.0,0.0050313734,LOW,0
25,2005,9,0,0.064657524,0.0023023789,0.00584963,LOW,0
26,2005,9,0,0.023075737,0.0,0.0048212907,LOW,0
27,2005,9,0,0.034778763,0.0,0.0050910045,LOW,0
28,2005,9,0,0.0404799,0.0,0.0052277828,LOW,0
29,2005,9,0,0.12365349,0.005141388,0.0076928767,LOW,0
30,2005,9,0,0.0246627,0.0,0.0048570144,LOW,0
31,2005,9,0,0.015253147,0.0,0.004648983,LOW,0
32,2005,9,0,0.021666301,0.0,0.0047897818,LOW,0
33,2005,9,0,0.018295765,0.0,0.004715262,LOW,0
34,2005,9,0,0.029775841,0.0,0.004973916,LOW,0
35,2005,9,0,0.023694396,0.0,0.0048351865,LOW,0
0,2005,2,0,0.121135496,0.005141388,0.0076035447,LOW,0
1,2005,2,0,0.2747445,0.021466907,0.015466755,LOW,0
2,2005,2,0,0.16961767,0.005141388,0.009519176,LOW,0
3,2005,2,0,0.050279535,0.0,0.0054714847,LOW,0
4,2005,2,0,0.026445622,0.0,0.0048974636,LOW,0
5,2005,2,0,0.02324873,0.0,0.004825172,LOW,0
6,2005,2,0,0.063951135,0.0023023789,0.005830459,LOW,0
7,2005,2,0,0.027124003,0.0,0.0049129413,LOW,0
8,2005,2,0,0.046373967,0.0,0.0053730346,LOW,0
9,2005,2,0,0.033095796,0.0,0.005051313,LOW,0
10,2005,2,0,0.038794287,0.0,0.005186966,LOW,0
11,2005,2,0,0.02465259,0.0,0.004856786,LOW,0
12,2005,2,0,0.0528836,0.0,0.0055381237,LOW,0
13,2005,2,0,0.5102848,0.039252337,0.045111377,LOW,0
14,2005,2,0,0.52482605,0.039252333,0.048131585,LOW,0
15,2005,2,0,0.038860355,0.0,0.0051885606,LOW,0
16,2005,2,0,0.08250134,0.0023023789,0.0063552368,LOW,0
17,2005,2,0,0.052396182,0.0,0.005525587,LOW,0
18,2005,2,0,0.05249375,0.0,0.005528095,LOW,0
19,2005,2,0,0.028423145,0.0,0.0049427184,LOW,0
20,2005,2,0,0.028940355,0.0,0.004954625,LOW,0
21,2005,2,0,0.049358483,0.0,0.0054481067,LOW,0
22,2005,2,0,0.03658936,0.0,0.0051340554,LOW,0
23,2005,2,0,0.024479784,0.0,0.004852883,LOW,0
24,2005,2,0,0.07289027,0.002302379,0.006077735,LOW,0
25,2005,2,0,0.041366212,0.0,0.0052493736,LOW,0
26,2005,2,0,0.029791309,0.0,0.004974272,LOW,0
27,2005,2,0,0.037148457,0.0,0.0051474194,LOW,0
28,2005,2,0,0.08147364,0.0023023789,0.006324974,LOW,0
29,2005,2,0,0.03743684,0.0,0.005154327,LOW,0
30,2005,2,0,0.016817534,0.0,0.0046829446,LOW,0
31,2005,2,0,0.043752246,0.0,0.005307936,LOW,0
32,2005,2,0,0.0179771,0.0,0.004708276,LOW,0
33,2005,2,0,0.02214667,0.0,0.004800497,LOW,0
34,2005,2,0,0.031136883,0.0,0.0050055017,LOW,0
35,2005,2,0,0.028461797,0.0,0.004943607,LOW,0
0,2006,4,0,0.085482195,0.0023023789,0.0064438363,LOW,0
1,2006,4,0,0.5191824,0.03925234,0.046937253,LOW,0
2,2006,4,0,0.68464863,0.09626719,0.09644099,MODERATE,1
3,2006,4,0,0.11015898,0.0023023789,0.007226001,LOW,0
4,2006,4,0,0.109385855,0.0023023789,0.007200125,LOW,0
5,2006,4,0,0.04828499,0.0,0.0054209833,LOW,0
6,2006,4,0,0.056615498,0.002302379,0.0056350296,LOW,0
7,2006,4,0,0.120621584,0.005141388,0.007585439,LOW,0
8,2006,4,0,0.0668604,0.0023023789,0.005909819,LOW,0
9,2006,4,0,0.09988376,0.002302379,0.0068894713,LOW,0
10,2006,4,0,0.15339957,0.005141388,0.008830341,LOW,0
11,2006,4,0,0.03268575,0.0,0.0050416905,LOW,0
12,2006,4,0,0.0852197,0.0023023789,0.006435983,LOW,0
13,2006,4,0,0.46186346,0.039252337,0.036305614,LOW,0
14,2006,4,0,0.5633487,0.06329114,0.057085946,MODERATE,0
15,2006,4,0,0.22992602,0.021466903,0.012580151,LOW,0
16,2006,4,0,0.09222765,0.002302379,0.0066488804,LOW,0
17,2006,4,0,0.09301827,0.002302379,0.0066733356,LOW,0
18,2006,4,0,0.07073117,0.0023023789,0.006017073,LOW,0
19,2006,4,0,0.04609585,0.0,0.0053660898,LOW,0
20,2006,4,0,0.039991364,0.0,0.0052159205,LOW,0
21,2006,4,0,0.22459213,0.021466905,0.012274171,LOW,0
22,2006,4,0,0.06105603,0.002302379,0.0057525397,LOW,0
23,2006,4,0,0.06828893,0.0023023789,0.0059491796,LOW,0
24,2006,4,0,0.08680881,0.0023023789,0.0064836578,LOW,0
25,2006,4,0,0.029154973,0.0,0.004959571,LOW,0
26,2006,4,0,0.039547183,0.0,0.0052051586,LOW,0
27,2006,4,0,0.09016952,0.0023023789,0.00658564,LOW,0
28,2006,4,0,0.5453073,0.049689442,0.05271248,MODERATE,0
29,2006,4,0,0.028702572,0.0,0.0049491483,LOW,0
30,2006,4,0,0.030409105,0.0,0.004988588,LOW,0
31,2006,4,0,0.06684926,0.0023023789,0.0059095114,LOW,0
32,2006,4,0,0.030884275,0.0,0.0049996246,LOW,0
33,2006,4,0,0.03315866,0.0,0.0050527896,LOW,0
34,2006,4,0,0.059213188,0.0023023789,0.005703478,LOW,0
35,2006,4,0,0.03834812,0.0,0.0051762173,LOW,0
0,2006,3,0,0.12446372,0.0051413886,0.007721843,LOW,0
1,2006,3,0,0.5864345,0.06329114,0.06317994,MODERATE,0
2,2006,3,0,0.60770756,0.08091603,0.069327556,MODERATE,0
3,2006,3,0,0.20151658,0.021466907,0.011032971,LOW,0
4,2006,3,0,0.18435127,0.021466907,0.010190963,LOW,0
5,2006,3,0,0.056915294,0.0023023789,0.0056428877,LOW,0
6,2006,3,0,0.0795213,0.0023023789,0.006267874,LOW,0
7,2006,3,0,0.1914396,0.021466903,0.010530666,LOW,0
8,2006,3,0,0.0977467,0.0023023789,0.006821457,LOW,0
9,2006,3,0,0.09434476,0.0023023789,0.006714563,LOW,0
10,2006,3,0,0.3358537,0.021466903,0.020475773,LOW,0
11,2006,3,0,0.05903484,0.0023023789,0.0056987535,LOW,0
12,2006,3,0,0.08163251,0.0023023789,0.0063296417,LOW,0
13,2006,3,0,0.5500921,0.049689442,0.05384056,MODERATE,0
14,2006,3,0,0.43018466,0.033492822,0.031465817,LOW,0
15,2006,3,0,0.28681302,0.021466907,0.016349688,LOW,0
16,2006,3,0,0.47523394,0.039252337,0.038556814,LOW,0
17,2006,3,0,0.109321274,0.0023023789,0.0071979645,LOW,0
18,2006,3,0,0.21747907,0.021466905,0.011877536,LOW,0
19,2006,3,0,0.087785475,0.0023023789,0.0065131346,LOW,0
20,2006,3,0,0.10269,0.0023023789,0.0069798026,LOW,0
21,2006,3,0,0.41015097,0.033492822,0.028733762,LOW,0
22,2006,3,0,0.28896484,0.021466903,0.016512249,LOW,0
23,2006,3,0,0.1651348,0.005141388,0.009323621,LOW,0
24,2006,3,0,0.109960414,0.002302379,0.007219347,LOW,0
25,2006,3,0,0.046942737,0.0,0.0053872596,LOW,0
26,2006,3,0,0.07769047,0.0023023789,0.0062147956,LOW,0
27,2006,3,0,0.29490024,0.021466905,0.0169689,LOW,0
28,2006,3,0,0.6497037,0.08091603,0.083114944,MODERATE,0
29,2006,3,0,0.046151407,0.0,0.005367477,LOW,0
30,2006,3,0,0.05507514,0.002302379,0.0055948277,LOW,0
31,2006,3,0,0.11631519,0.0023023789,0.0074353972,LOW,0
32,2006,3,0,0.05157513,0.0,0.0055045392,LOW,0
33,2006,3,0,0.061276324,0.0023023789,0.005758431,LOW,0
34,2006,3,0,0.039769195,0.0,0.005210534,LOW,0
35,2006,3,0,0.056578554,0.0023023789,0.0056340625,LOW,0
0,2006,7,0,0.37995318,0.021466905,0.025045784,LOW,0
1,2006,7,0,0.50073224,0.039252337,0.043226503,LOW,0
2,2006,7,0,0.75346655,0.119873814,0.1283389,ELEVATED,1
3,2006,7,0,0.41497555,0.03349282,0.02936988,LOW,0
4,2006,7,0,0.46001655,0.03925234,0.036004767,LOW,0
5,2006,7,0,0.35359213,0.021466905,0.022206621,LOW,0
6,2006,7,0,0.5963275,0.080916025,0.06597296,MODERATE,0
7,2006,7,0,0.40232232,0.033492822,0.027729902,LOW,0
8,2006,7,0,0.1353893,0.005141388,0.00812316,LOW,0
9,2006,7,0,0.17296939,0.005141388,0.009668038,LOW,0
10,2006,7,0,0.52323854,0.039252337,0.04779275,LOW,0
11,2006,7,0,0.21034189,0.021466903,0.011492293,LOW,0
12,2006,7,0,0.13840818,0.005141388,0.0082376525,LOW,0
13,2006,7,0,0.39975417,0.033492822,0.02740807,LOW,0
14,2006,7,0,0.41861534,0.033492822,0.029858807,LOW,0
15,2006,7,0,0.43980923,0.039252337,0.03286618,LOW,0
16,2006,7,0,0.63199323,0.08091603,0.077019915,MODERATE,0
17,2006,7,0,0.5874296,0.06329114,0.06345582,MODERATE,0
18,2006,7,0,0.4588666,0.039252337,0.03581866,LOW,0
19,2006,7,0,0.35900214,0.021466903,0.022762412,LOW,0
20,2006,7,0,0.45832136,0.039252337,0.035730742,LOW,0
21,2006,7,0,0.6108786,0.08091603,0.07029006,MODERATE,0
22,2006,7,0,0.5041545,0.039252337,0.04389297,LOW,0
23,2006,7,0,0.45182663,0.039252337,0.034699365,LOW,0
24,2006,7,0,0.1695642,0.005141388,0.00951682,LOW,0
25,2006,7,0,0.3537111,0.021466905,0.022218699,LOW,0
26,2006,7,0,0.17496897,0.005141388,0.009757943,LOW,0
27,2006,7,0,0.6206806,0.08091603,0.073343866,MODERATE,0
28,2006,7,0,0.7301882,0.119873814,0.11665047,ELEVATED,1
29,2006,7,0,0.24854979,0.021466903,0.013708715,LOW,0
30,2006,7,0,0.3390901,0.021466905,0.020781403,LOW,0
31,2006,7,0,0.2647111,0.021466905,0.0147685725,LOW,0
32,2006,7,0,0.3848907,0.021466905,0.025615582,LOW,0
33,2006,7,0,0.17544788,0.021466905,0.0097795995,LOW,0
34,2006,7,0,0.08088597,0.002302379,0.0063077323,LOW,0
35,2006,7,0,0.27033982,0.021466903,0.015156337,LOW,0
0,2006,0,0,0.626138,0.08091603,0.07509663,MODERATE,0
1,2006,0,0,0.48750603,0.039252337,0.04074055,LOW,0
2,2006,0,0,0.7392604,0.11987382,0.12109178,ELEVATED,1
3,2006,0,0,0.6261663,0.08091603,0.075105816,MODERATE,0
4,2006,0,0,0.70765156,0.10472973,0.10622594,ELEVATED,1
5,2006,0,0,0.5631189,0.06329114,0.05702815,MODERATE,0
6,2006,0,0,0.76996017,0.18128654,0.13721363,ELEVATED,1
7,2006,0,0,0.55274975,0.04968944,0.05447693,MODERATE,0
8,2006,0,0,0.46897185,0.039252333,0.037486248,LOW,0
9,2006,0,0,0.55934966,0.06329114,0.05608804,MODERATE,0
10,2006,0,0,0.54414296,0.049689442,0.052441385,MODERATE,0
11,2006,0,0,0.493993,0.03925234,0.041942228,LOW,0
12,2006,0,0,0.5191581,0.03925234,0.04693218,LOW,0
13,2006,0,0,0.5657427,0.06329115,0.05769129,MODERATE,0
14,2006,0,0,0.5481524,0.049689442,0.05338053,MODERATE,0
15,2006,0,0,0.62424314,0.08091603,0.074483745,MODERATE,0
16,2006,0,0,0.7231654,0.10472973,0.113310166,ELEVATED,1
17,2006,0,0,0.7944246,0.18128654,0.15132187,HIGH,1
18,2006,0,0,0.63434756,0.08091603,0.0778059,MODERATE,0
19,2006,0,0,0.75917584,0.13043478,0.13135414,ELEVATED,1
20,2006,0,0,0.71294314,0.10472973,0.10859732,ELEVATED,1
21,2006,0,0,0.7216689,0.10472972,0.11260922,ELEVATED,1
22,2006,0,0,0.7136751,0.10472973,0.10892896,ELEVATED,1
23,2006,0,0,0.6999801,0.096267186,0.102869116,ELEVATED,1
24,2006,0,0,0.56596535,0.06329113,0.057747908,MODERATE,0
25,2006,0,0,0.5097677,0.039252333,0.045007374,LOW,0
26,2006,0,0,0.2818646,0.021466907,0.015981821,LOW,0
27,2006,0,0,0.7365502,0.11987382,0.11974997,ELEVATED,1
28,2006,0,0,0.7727034,0.18128654,0.13873878,ELEVATED,1
29,2006,0,0,0.49084738,0.039252337,0.04135534,LOW,0
30,2006,0,0,0.6214374,0.08091603,0.07358466,MODERATE,0
31,2006,0,0,0.6526232,0.08091603,0.08416088,MODERATE,0
32,2006,0,0,0.6640729,0.096267186,0.08837902,MODERATE,0
33,2006,0,0,0.54801863,0.049689446,0.05334895,MODERATE,0
34,2006,0,0,0.1954873,0.021466905,0.010729655,LOW,0
35,2006,0,0,0.5486697,0.049689442,0.053502847,MODERATE,0
0,2006,8,0,0.6769708,0.09626719,0.09335856,MODERATE,1
1,2006,8,0,0.5317291,0.049689442,0.049631674,LOW,0
2,2006,8,1,0.73007447,0.119873814,0.11659571,ELEVATED,1
3,2006,8,1,0.6806772,0.09626719,0.09483538,MODERATE,1
4,2006,8,0,0.7555253,0.13043478,0.12941933,ELEVATED,1
5,2006,8,0,0.7527837,0.119873814,0.12798229,ELEVATED,1
6,2006,8,0,0.7829808,0.18128654,0.14457944,ELEVATED,1
7,2006,8,0,0.66318876,0.09626719,0.08804661,MODERATE,0
8,2006,8,0,0.5845806,0.06329114,0.062668964,MODERATE,0
9,2006,8,1,0.62783736,0.08091603,0.07565023,MODERATE,0
10,2006,8,0,0.7225827,0.10472972,0.11303678,ELEVATED,1
11,2006,8,0,0.61893654,0.08091603,0.07279171,MODERATE,0
12,2006,8,1,0.51866394,0.039252337,0.04682896,LOW,0
13,2006,8,0,0.6404424,0.08091603,0.07987485,MODERATE,0
14,2006,8,0,0.62379193,0.08091603,0.07433848,MODERATE,0
15,2006,8,0,0.6821712,0.09626719,0.09543658,MODERATE,1
16,2006,8,0,0.704139,0.1,0.10467712,ELEVATED,1
17,2006,8,0,0.750049,0.119873814,0.1265624,ELEVATED,1
18,2006,8,0,0.72714347,0.11987381,0.11519193,ELEVATED,1
19,2006,8,0,0.7478042,0.119873814,0.125407,ELEVATED,1
20,2006,8,0,0.71849394,0.104729734,0.111134686,ELEVATED,1
21,2006,8,0,0.75313747,0.119873814,0.12816696,ELEVATED,1
22,2006,8,0,0.7368486,0.11987382,0.11989705,ELEVATED,1
23,2006,8,0,0.76093876,0.13043478,0.13229725,ELEVATED,1
24,2006,8,0,0.49235287,0.039252337,0.04163524,LOW,0
25,2006,8,0,0.7067676,0.10472973,0.10583429,ELEVATED,1
26,2006,8,0,0.41328394,0.033492822,0.029145299,LOW,0
27,2006,8,0,0.79185575,0.18128654,0.14978622,ELEVATED,1
28,2006,8,0,0.78653234,0.18128654,0.1466448,ELEVATED,1
29,2006,8,0,0.5944038,0.08091603,0.06542103,MODERATE,0
30,2006,8,0,0.6867494,0.09626719,0.097300105,MODERATE,1
31,2006,8,0,0.6916474,0.09626719,0.099329695,MODERATE,1
32,2006,8,0,0.69313747,0.09626719,0.09995456,MODERATE,1
33,2006,8,0,0.5599023,0.06329114,0.056224957,MODERATE,0
34,2006,8,0,0.21876754,0.021466905,0.011948432,LOW,0
35,2006,8,1,0.5615982,0.06329114,0.0566471,MODERATE,0
0,2006,6,0,0.6808589,0.09626719,0.09490832,MODERATE,1
1,2006,6,0,0.5003986,0.039252337,0.04316204,LOW,0
2,2006,6,1,0.73767847,0.11987382,0.12030699,ELEVATED,1
3,2006,6,1,0.7243222,0.10472973,0.11385458,ELEVATED,1
4,2006,6,0,0.8035275,0.18128654,0.15686782,HIGH,1
5,2006,6,0,0.7214243,0.10472973,0.112495035,ELEVATED,1
6,2006,6,0,0.7306865,0.119873814,0.116890706,ELEVATED,1
7,2006,6,0,0.77025354,0.18128654,0.13737607,ELEVATED,1
8,2006,6,0,0.6105024,0.08091603,0.07017524,MODERATE,0
9,2006,6,1,0.67027175,0.09626719,0.09074158,MODERATE,1
10,2006,6,0,0.6466402,0.08091603,0.082030155,MODERATE,0
11,2006,6,0,0.73152393,0.119873814,0.11729539,ELEVATED,1
12,2006,6,1,0.5879726,0.06329114,0.06360683,MODERATE,0
13,2006,6,0,0.602213,0.08091603,0.067688614,MODERATE,0
14,2006,6,0,0.6110922,0.08091603,0.07035534,MODERATE,0
15,2006,6,0,0.6818688,0.09626719,0.095314614,MODERATE,1
16,2006,6,0,0.57997936,0.06329115,0.06141736,MODERATE,0
17,2006,6,0,0.74324125,0.119873814,0.123086244,ELEVATED,1
18,2006,6,0,0.6604915,0.09090909,0.0870395,MODERATE,0
19,2006,6,0,0.77610326,0.18128656,0.14064871,ELEVATED,1
20,2006,6,0,0.7572775,0.13043478,0.13034497,ELEVATED,1
21,2006,6,0,0.6604485,0.09090909,0.087023504,MODERATE,0
22,2006,6,0,0.7451168,0.119873814,0.12403564,ELEVATED,1
23,2006,6,0,0.77122664,0.18128656,0.137916,ELEVATED,1
24,2006,6,0,0.64406645,0.08091603,0.081128776,MODERATE,0
25,2006,6,0,0.7453043,0.11987381,0.12413091,ELEVATED,1
26,2006,6,0,0.4814559,0.039252337,0.03964955,LOW,0
27,2006,6,0,0.80824536,0.18128654,0.15980673,HIGH,1
28,2006,6,0,0.71307594,0.10472973,0.10865741,ELEVATED,1
29,2006,6,0,0.67436403,0.09626719,0.09233228,MODERATE,1
30,2006,6,0,0.74384266,0.11987382,0.12338999,ELEVATED,1
31,2006,6,0,0.6436219,0.08091603,0.08097401,MODERATE,0
32,2006,6,0,0.76031667,0.13043478,0.13196382,ELEVATED,1
33,2006,6,0,0.6835427,0.09626719,0.09599147,MODERATE,1
34,2006,6,0,0.44060573,0.039252337,0.03298473,LOW,0
35,2006,6,1,0.6890042,0.09626719,0.09822978,MODERATE,1
0,2006,5,0,0.752008,0.11987381,0.12757817,ELEVATED,1
1,2006,5,0,0.49782482,0.039252337,0.0426679,LOW,0
2,2006,5,1,0.7301215,0.119873814,0.11661835,ELEVATED,1
3,2006,5,1,0.64225334,0.08091603,0.08049921,MODERATE,0
4,2006,5,0,0.7441512,0.119873814,0.12354607,ELEVATED,1
5,2006,5,0,0.69633013,0.09626719,0.1013052,ELEVATED,1
6,2006,5,0,0.71818244,0.10472973,0.110990934,ELEVATED,1
7,2006,5,0,0.6625618,0.09626719,0.08781156,MODERATE,0
8,2006,5,0,0.51180106,0.039252337,0.045417678,LOW,0
9,2006,5,1,0.60677785,0.08091603,0.069047675,MODERATE,0
10,2006,5,0,0.5719263,0.06329114,0.059282884,MODERATE,0
11,2006,5,0,0.5720997,0.06329114,0.059328113,MODERATE,0
12,2006,5,1,0.3679702,0.021466905,0.023713801,LOW,0
13,2006,5,0,0.5684637,0.06329114,0.058386642,MODERATE,0
14,2006,5,0,0.57674253,0.06329114,0.06055093,MODERATE,0
15,2006,5,0,0.5552518,0.06329114,0.0550825,MODERATE,0
16,2006,5,0,0.61196625,0.08091603,0.070623025,MODERATE,0
17,2006,5,0,0.67830884,0.09626719,0.093889326,MODERATE,1
18,2006,5,0,0.600353,0.08091603,0.067142,MODERATE,0
19,2006,5,0,0.6914726,0.09626719,0.0992566,MODERATE,1
20,2006,5,0,0.7195853,0.10472973,0.11163964,ELEVATED,1
21,2006,5,0,0.65418005,0.08091604,0.08472352,MODERATE,0
22,2006,5,0,0.7249,0.10472973,0.11412735,ELEVATED,1
23,2006,5,0,0.6675147,0.09626719,0.089683846,MODERATE,0
24,2006,5,0,0.62119263,0.08091603,0.073506705,MODERATE,0
25,2006,5,0,0.7893021,0.18128653,0.14827242,ELEVATED,1
26,2006,5,0,0.4278732,0.033492822,0.031138197,LOW,0
27,2006,5,0,0.6901526,0.09626719,0.09870631,MODERATE,1
28,2006,5,0,0.6921387,0.09626719,0.09953531,MODERATE,1
29,2006,5,0,0.7729941,0.18128654,0.13890125,ELEVATED,1
30,2006,5,0,0.683913,0.09626719,0.09614176,MODERATE,1
31,2006,5,0,0.5401255,0.049689442,0.051516015,MODERATE,0
32,2006,5,0,0.6732717,0.09626719,0.09190525,MODERATE,1
33,2006,5,0,0.5920156,0.08091603,0.06474178,MODERATE,0
34,2006,5,0,0.15233804,0.005141388,0.008787017,LOW,0
35,2006,5,1,0.636624,0.08091603,0.07857284,MODERATE,0
0,2006,1,0,0.6303027,0.08091603,0.07646004,MODERATE,0
1,2006,1,0,0.49007416,0.039252337,0.041212283,LOW,0
2,2006,1,0,0.5655115,0.06329114,0.057632577,MODERATE,0
3,2006,1,0,0.42221195,0.033492822,0.03034967,LOW,0
4,2006,1,0,0.49043855,0.039252337,0.04127965,LOW,0
5,2006,1,0,0.57285154,0.06329114,0.059524544,MODERATE,0
6,2006,1,0,0.55345076,0.06329114,0.054645963,MODERATE,0
7,2006,1,0,0.31969333,0.021466905,0.019014327,LOW,0
8,2006,1,0,0.28497827,0.021466905,0.01621233,LOW,0
9,2006,1,1,0.3546371,0.021466905,0.022312934,LOW,0
10,2006,1,0,0.3704005,0.021466905,0.023978233,LOW,0
11,2006,1,0,0.27512044,0.021466905,0.0154935345,LOW,0
12,2006,1,0,0.1582478,0.0051413877,0.009030916,LOW,0
13,2006,1,0,0.33069915,0.021466903,0.019998062,LOW,0
14,2006,1,0,0.35879707,0.021466905,0.022741102,LOW,0
15,2006,1,0,0.32050356,0.021466905,0.019085104,LOW,0
16,2006,1,0,0.619838,0.08091603,0.07307663,MODERATE,0
17,2006,1,0,0.50921243,0.039252337,0.04489594,LOW,0
18,2006,1,0,0.39805526,0.033492822,0.027197175,LOW,0
19,2006,1,0,0.3985089,0.033492826,0.027253332,LOW,0
20,2006,1,0,0.54903835,0.049689442,0.053590186,MODERATE,0
21,2006,1,0,0.52257097,0.039252337,0.047650933,LOW,0
22,2006,1,0,0.6007302,0.08091603,0.067252494,MODERATE,0
23,2006,1,0,0.48497844,0.039252337,0.040281303,LOW,0
24,2006,1,0,0.37146103,0.021466905,0.024094528,LOW,0
25,2006,1,0,0.694336,0.09626719,0.100459695,ELEVATED,1
26,2006,1,0,0.25248685,0.021466905,0.013959786,LOW,0
27,2006,1,0,0.5465305,0.049689442,0.052998725,MODERATE,0
28,2006,1,0,0.49701676,0.039252337,0.042513885,LOW,0
29,2006,1,0,0.6981201,0.09626719,0.1020695,ELEVATED,1
30,2006,1,0,0.24088328,0.021466905,0.013232525,LOW,0
31,2006,1,0,0.26790097,0.021466905,0.014987108,LOW,0
32,2006,1,0,0.22139673,0.021466905,0.012094396,LOW,0
33,2006,1,0,0.20854172,0.021466903,0.011397093,LOW,0
34,2006,1,0,0.104925305,0.0023023789,0.0070525995,LOW,0
35,2006,1,0,0.20167963,0.021466905,0.011041289,LOW,0
0,2006,11,0,0.43562865,0.039252337,0.032250665,LOW,0
1,2006,11,0,0.31193656,0.021466905,0.018349674,LOW,0
2,2006,11,0,0.37661976,0.021466905,0.024668096,LOW,0
3,2006,11,0,0.09603372,0.002302379,0.0067674234,LOW,0
4,2006,11,0,0.108674474,0.002302379,0.0071763922,LOW,0
5,2006,11,0,0.2406427,0.021466905,0.0132178515,LOW,0
6,2006,11,0,0.5053856,0.039252337,0.044135097,LOW,0
7,2006,11,0,0.069578916,0.0023023789,0.0059849434,LOW,0
8,2006,11,0,0.09705167,0.0023023789,0.0067994827,LOW,0
9,2006,11,0,0.070547305,0.0023023789,0.006011933,LOW,0
10,2006,11,0,0.16716565,0.0051413886,0.009411714,LOW,0
11,2006,11,0,0.1055842,0.002302379,0.007074201,LOW,0
12,2006,11,0,0.08580321,0.002302379,0.006453451,LOW,0
13,2006,11,0,0.08951789,0.002302379,0.006565742,LOW,0
14,2006,11,0,0.108482316,0.002302379,0.007169995,LOW,0
15,2006,11,0,0.08229371,0.0023023789,0.0063491114,LOW,0
16,2006,11,0,0.48625574,0.039252337,0.04051276,LOW,0
17,2006,11,0,0.30990896,0.021466905,0.018179724,LOW,0
18,2006,11,0,0.15893596,0.005141388,0.00905975,LOW,0
19,2006,11,0,0.081146605,0.0023023789,0.006315373,LOW,0
20,2006,11,0,0.30209225,0.021466905,0.01753889,LOW,0
21,2006,11,0,0.20113923,0.021466905,0.011013737,LOW,0
22,2006,11,0,0.18620388,0.021466905,0.010278687,LOW,0
23,2006,11,0,0.15897717,0.005141388,0.009061479,LOW,0
24,2006,11,0,0.11041272,0.0023023789,0.007234517,LOW,0
25,2006,11,0,0.55599874,0.06329114,0.055264518,MODERATE,0
26,2006,11,0,0.099951856,0.0023023789,0.006891648,LOW,0
27,2006,11,0,0.17061773,0.005141388,0.009563356,LOW,0
28,2006,11,0,0.20931946,0.021466905,0.011438126,LOW,0
29,2006,11,0,0.58330184,0.06329114,0.06231875,MODERATE,0
30,2006,11,0,0.09588855,0.0023023789,0.006762864,LOW,0
31,2006,11,0,0.05351188,0.0023023789,0.005554319,LOW,0
32,2006,11,0,0.05838347,0.0023023789,0.0056815282,LOW,0
33,2006,11,0,0.055034842,0.0023023789,0.00559378,LOW,0
34,2006,11,0,0.06600373,0.0023023789,0.00588634,LOW,0
35,2006,11,0,0.053554997,0.0023023789,0.005555433,LOW,0
0,2006,10,0,0.22140343,0.021466907,0.012094772,LOW,0
1,2006,10,0,0.08773978,0.002302379,0.006511752,LOW,0
2,2006,10,0,0.08305548,0.0023023789,0.006371617,LOW,0
3,2006,10,0,0.038816076,0.0,0.005187493,LOW,0
4,2006,10,0,0.030872487,0.0,0.00499935,LOW,0
5,2006,10,0,0.037769213,0.0,0.0051623015,LOW,0
6,2006,10,0,0.073178254,0.0023023789,0.0060858727,LOW,0
7,2006,10,0,0.031128626,0.0,0.0050053094,LOW,0
8,2006,10,0,0.026998095,0.0,0.0049100653,LOW,0
9,2006,10,0,0.044984415,0.0,0.0053384327,LOW,0
10,2006,10,0,0.05088013,0.0,0.0054867836,LOW,0
11,2006,10,0,0.031610962,0.0,0.00501655,LOW,0
12,2006,10,0,0.03315824,0.0,0.0050527803,LOW,0
13,2006,10,1,0.056062005,0.002302379,0.005620551,LOW,0
14,2006,10,0,0.055050712,0.0023023789,0.005594194,LOW,0
15,2006,10,0,0.0326497,0.0,0.005040844,LOW,0
16,2006,10,0,0.35991883,0.021466905,0.022857927,LOW,0
17,2006,10,0,0.062791914,0.002302379,0.005799133,LOW,0
18,2006,10,0,0.06762799,0.002302379,0.0059309346,LOW,0
19,2006,10,0,0.02595858,0.0,0.0048863795,LOW,0
20,2006,10,0,0.038258832,0.0,0.005174067,LOW,0
21,2006,10,0,0.06628407,0.0023023789,0.0058940127,LOW,0
22,2006,10,0,0.07698057,0.0023023789,0.006194331,LOW,0
23,2006,10,0,0.041623637,0.0,0.005255659,LOW,0
24,2006,10,0,0.0334648,0.0,0.0050599915,LOW,0
25,2006,10,0,0.19530773,0.021466905,0.010720745,LOW,0
26,2006,10,0,0.025709068,0.0,0.0048807114,LOW,0
27,2006,10,0,0.04584245,0.0,0.0053597717,LOW,0
28,2006,10,0,0.04298171,0.0,0.005288955,LOW,0
29,2006,10,0,0.45588377,0.039252333,0.03534023,LOW,0
30,2006,10,0,0.019186597,0.0,0.0047348454,LOW,0
31,2006,10,0,0.018081235,0.0,0.0047105583,LOW,0
32,2006,10,0,0.018086422,0.0,0.0047106724,LOW,0
33,2006,10,0,0.018976891,0.0,0.004730228,LOW,0
34,2006,10,0,0.020265216,0.0,0.004758663,LOW,0
35,2006,10,0,0.023025714,0.0,0.004820167,LOW,0
0,2006,9,0,0.0792005,0.0023023789,0.00625854,LOW,0
1,2006,9,0,0.13183856,0.005141388,0.007990515,LOW,0
2,2006,9,0,0.09597271,0.0023023789,0.006765507,LOW,0
3,2006,9,0,0.031754244,0.0,0.005019895,LOW,0
4,2006,9,0,0.022702612,0.0,0.0048129284,LOW,0
5,2006,9,0,0.02877184,0.0,0.004950743,LOW,0
6,2006,9,0,0.06354036,0.0023023789,0.0058193393,LOW,0
7,2006,9,0,0.029177617,0.0,0.0049600936,LOW,0
8,2006,9,0,0.025269095,0.0,0.004870733,LOW,0
9,2006,9,0,0.025407836,0.0,0.0048738774,LOW,0
10,2006,9,0,0.051867843,0.0,0.0055120336,LOW,0
11,2006,9,0,0.025701966,0.0,0.0048805512,LOW,0
12,2006,9,0,0.033839475,0.0,0.005068814,LOW,0
13,2006,9,1,0.14394943,0.005141388,0.008451982,LOW,0
14,2006,9,0,0.06269123,0.0023023789,0.00579642,LOW,0
15,2006,9,0,0.02713149,0.0,0.0049131117,LOW,0
16,2006,9,0,0.09719062,0.0023023789,0.00680387,LOW,0
17,2006,9,0,0.05599143,0.0023023789,0.0056187096,LOW,0
18,2006,9,0,0.04654413,0.0,0.0053772866,LOW,0
19,2006,9,0,0.03174408,0.0,0.005019657,LOW,0
20,2006,9,0,0.03517625,0.0,0.0051004253,LOW,0
21,2006,9,0,0.072020575,0.0023023789,0.0060532284,LOW,0
22,2006,9,0,0.042623825,0.0,0.0052801594,LOW,0
23,2006,9,0,0.04070325,0.0,0.005233216,LOW,0
24,2006,9,0,0.030896699,0.0,0.004999912,LOW,0
25,2006,9,0,0.057971317,0.002302379,0.0056706527,LOW,0
26,2006,9,0,0.028119236,0.0,0.004935737,LOW,0
27,2006,9,0,0.10017209,0.0023023789,0.0068986975,LOW,0
28,2006,9,0,0.054632403,0.002302379,0.0055833263,LOW,0
29,2006,9,0,0.16506599,0.0051413877,0.009320649,LOW,0
30,2006,9,0,0.021196745,0.0,0.0047793305,LOW,0
31,2006,9,0,0.019573012,0.0,0.004743365,LOW,0
32,2006,9,0,0.021391446,0.0,0.004783662,LOW,0
33,2006,9,0,0.016580103,0.0,0.0046777735,LOW,0
34,2006,9,0,0.023899868,0.0,0.0048398096,LOW,0
35,2006,9,0,0.021969667,0.0,0.0047965464,LOW,0
0,2006,2,0,0.12183946,0.005141388,0.0076284157,LOW,0
1,2006,2,0,0.309581,0.021466905,0.01815238,LOW,0
2,2006,2,0,0.094438285,0.0023023789,0.00671748,LOW,0
3,2006,2,0,0.03963709,0.0,0.0052073346,LOW,0
4,2006,2,0,0.026776569,0.0,0.004905008,LOW,0
5,2006,2,0,0.023507264,0.0,0.004830978,LOW,0
6,2006,2,0,0.06486143,0.002302379,0.0058551766,LOW,0
7,2006,2,0,0.031837817,0.0,0.0050218455,LOW,0
8,2006,2,0,0.032087613,0.0,0.005027684,LOW,0
9,2006,2,0,0.028006352,0.0,0.004933147,LOW,0
10,2006,2,0,0.041002963,0.0,0.0052405144,LOW,0
11,2006,2,0,0.027874384,0.0,0.004930119,LOW,0
12,2006,2,0,0.034800906,0.0,0.005091529,LOW,0
13,2006,2,1,0.34197477,0.021466905,0.021057582,LOW,0
14,2006,2,0,0.25225332,0.021466905,0.01394477,LOW,0
15,2006,2,0,0.044715915,0.0,0.005331773,LOW,0
16,2006,2,0,0.12720339,0.005141388,0.007820586,LOW,0
17,2006,2,0,0.05024535,0.0,0.005470616,LOW,0
18,2006,2,0,0.121457286,0.005141388,0.0076149055,LOW,0
19,2006,2,0,0.0287708,0.0,0.004950717,LOW,0
20,2006,2,0,0.042547368,0.0,0.0052782837,LOW,0
21,2006,2,0,0.06263345,0.0023023789,0.005794865,LOW,0
22,2006,2,0,0.03202641,0.0,0.005026253,LOW,0
23,2006,2,0,0.0400531,0.0,0.005217417,LOW,0
24,2006,2,0,0.03721766,0.0,0.0051490776,LOW,0
25,2006,2,0,0.04700479,0.0,0.005388816,LOW,0
26,2006,2,0,0.030226283,0.0,0.0049843458,LOW,0
27,2006,2,0,0.06514317,0.0023023789,0.0058628474,LOW,0
28,2006,2,0,0.060343113,0.0023023789,0.00573351,LOW,0
29,2006,2,0,0.06645024,0.0023023789,0.0058985655,LOW,0
30,2006,2,0,0.022525053,0.0,0.004808954,LOW,0
31,2006,2,0,0.05105743,0.0,0.005491308,LOW,0
32,2006,2,0,0.018045396,0.0,0.0047097737,LOW,0
33,2006,2,0,0.019896349,0.0,0.004750504,LOW,0
34,2006,2,0,0.025355116,0.0,0.004872684,LOW,0
35,2006,2,0,0.029959926,0.0,0.004978175,LOW,0
0,2007,4,0,0.32479477,0.021466907,0.019464264,LOW,0
1,2007,4,0,0.55729836,0.06329114,0.05558256,MODERATE,0
2,2007,4,0,0.44202363,0.039252337,0.0331968,LOW,0
3,2007,4,0,0.1203502,0.005141388,0.007575897,LOW,0
4,2007,4,0,0.11519679,0.0023023789,0.007396913,LOW,0
5,2007,4,0,0.054309353,0.002302379,0.005574948,LOW,0
6,2007,4,0,0.051694214,0.0,0.0055075865,LOW,0
7,2007,4,0,0.13588208,0.005141388,0.008141738,LOW,0
8,2007,4,0,0.057845473,0.002302379,0.0056673386,LOW,0
9,2007,4,0,0.089126214,0.0023023789,0.0065538124,LOW,0
10,2007,4,0,0.10848413,0.0023023789,0.0071700555,LOW,0
11,2007,4,0,0.033226416,0.0,0.005054384,LOW,0
12,2007,4,0,0.08062968,0.0023023789,0.0063002286,LOW,0
13,2007,4,0,0.4218078,0.033492822,0.030294128,LOW,0
14,2007,4,1,0.31536615,0.021466905,0.018640686,LOW,0
15,2007,4,0,0.1693329,0.005141388,0.009506636,LOW,0
16,2007,4,0,0.2837876,0.021466907,0.0161238,LOW,0
17,2007,4,0,0.05939429,0.002302379,0.005708283,LOW,0
18,2007,4,0,0.20665608,0.021466905,0.011298206,LOW,0
19,2007,4,0,0.04732045,0.0,0.0053967293,LOW,0
20,2007,4,0,0.06885921,0.0023023789,0.0059649637,LOW,0
21,2007,4,0,0.19954716,0.021466905,0.01093297,LOW,0
22,2007,4,0,0.0782954,0.0023023789,0.006232284,LOW,0
23,2007,4,0,0.10781345,0.0023023789,0.0071477722,LOW,0
24,2007,4,0,0.100682676,0.0023023789,0.0069150706,LOW,0
25,2007,4,0,0.037004605,0.0,0.0051439772,LOW,0
26,2007,4,0,0.038965706,0.0,0.005191104,LOW,0
27,2007,4,0,0.2711359,0.021466905,0.015211984,LOW,0
28,2007,4,0,0.51464653,0.03925234,0.04599784,LOW,0
29,2007,4,0,0.060373526,0.002302379,0.0057343203,LOW,0
30,2007,4,0,0.037242346,0.0,0.0051496685,LOW,0
31,2007,4,0,0.085291274,0.0023023789,0.006438124,LOW,0
32,2007,4,0,0.030914359,0.0,0.0050003245,LOW,0
33,2007,4,0,0.03099319,0.0,0.0050021564,LOW,0
34,2007,4,0,0.06855457,0.0023023789,0.005956527,LOW,0
35,2007,4,0,0.0386379,0.0,0.0051831957,LOW,0
0,2007,3,0,0.40990442,0.03349282,0.028701613,LOW,0
1,2007,3,0,0.46284544,0.03925234,0.036466558,LOW,0
2,2007,3,0,0.51250046,0.039252337,0.045559626,LOW,0
3,2007,3,0,0.2564218,0.021466905,0.014215248,LOW,0
4,2007,3,0,0.1549438,0.005141388,0.008893742,LOW,0
5,2007,3,0,0.054496862,0.0023023789,0.0055798087,LOW,0
6,2007,3,0,0.08251863,0.0023023789,0.006355748,LOW,0
7,2007,3,0,0.15436359,0.005141388,0.008869867,LOW,0
8,2007,3,0,0.049310893,0.0,0.0054469006,LOW,0
9,2007,3,0,0.06508729,0.0023023789,0.0058613247,LOW,0
10,2007,3,0,0.35447013,0.021466903,0.022295913,LOW,0
11,2007,3,0,0.04879141,0.0,0.005433763,LOW,0
12,2007,3,0,0.056231283,0.0023023789,0.0056249765,LOW,0
13,2007,3,0,0.4657989,0.039252337,0.036954757,LOW,0
14,2007,3,1,0.31817546,0.021466907,0.018882435,LOW,0
15,2007,3,0,0.28830978,0.021466905,0.016462592,LOW,0
16,2007,3,0,0.52221745,0.039252333,0.047575995,LOW,0
17,2007,3,0,0.09377888,0.0023023789,0.0066969446,LOW,0
18,2007,3,0,0.20559616,0.021466907,0.011242997,LOW,0
19,2007,3,0,0.06277531,0.002302379,0.005798687,LOW,0
20,2007,3,0,0.07663522,0.0023023789,0.006184403,LOW,0
21,2007,3,0,0.4404881,0.039252337,0.0329672,LOW,0
22,2007,3,0,0.091653354,0.0023023789,0.0066311737,LOW,0
23,2007,3,0,0.24677111,0.021466905,0.013596755,LOW,0
24,2007,3,0,0.13777182,0.0051413886,0.008213382,LOW,0
25,2007,3,0,0.04300849,0.0,0.005289612,LOW,0
26,2007,3,0,0.061872914,0.0023023789,0.0057744207,LOW,0
27,2007,3,0,0.3039732,0.021466907,0.017691039,LOW,0
28,2007,3,0,0.772662,0.18128654,0.13871565,ELEVATED,1
29,2007,3,0,0.08656876,0.002302379,0.006476434,LOW,0
30,2007,3,0,0.06122689,0.0023023789,0.0057571097,LOW,0
31,2007,3,0,0.12069591,0.005141388,0.0075880564,LOW,0
32,2007,3,0,0.050329573,0.0,0.0054727565,LOW,0
33,2007,3,0,0.04002955,0.0,0.0052168486,LOW,0
34,2007,3,0,0.04105635,0.0,0.0052418145,LOW,0
35,2007,3,0,0.054201856,0.0023023789,0.005572162,LOW,0
0,2007,7,0,0.46201327,0.039252337,0.03633012,LOW,0
1,2007,7,0,0.51398605,0.039252337,0.045862548,LOW,0
2,2007,7,0,0.7064069,0.10472973,0.10567482,ELEVATED,1
3,2007,7,0,0.3701582,0.021466905,0.023951743,LOW,0
4,2007,7,0,0.40491375,0.033492822,0.028058369,LOW,0
5,2007,7,0,0.48359138,0.039252337,0.040031392,LOW,0
6,2007,7,0,0.58765334,0.06329114,0.063518,MODERATE,0
7,2007,7,0,0.20898518,0.021466905,0.011420471,LOW,0
8,2007,7,0,0.1602141,0.005141388,0.009113546,LOW,0
9,2007,7,0,0.11853956,0.005141388,0.0075125257,LOW,0
10,2007,7,0,0.56295294,0.06329114,0.05698646,MODERATE,0
11,2007,7,0,0.23331667,0.021466905,0.012778555,LOW,0
12,2007,7,0,0.16048083,0.005141388,0.009124809,LOW,0
13,2007,7,0,0.45312935,0.039252337,0.034903914,LOW,0
14,2007,7,1,0.5445669,0.049689442,0.05253995,MODERATE,0
15,2007,7,0,0.4068049,0.033492822,0.028300446,LOW,0
16,2007,7,0,0.71776646,0.10472972,0.11079923,ELEVATED,1
17,2007,7,0,0.60084593,0.08091603,0.067286454,MODERATE,0
18,2007,7,0,0.49801525,0.039252337,0.04270428,LOW,0
19,2007,7,0,0.6164599,0.08091603,0.07201422,MODERATE,0
20,2007,7,0,0.4813081,0.039252333,0.03962326,LOW,0
21,2007,7,0,0.6809291,0.09626719,0.094936535,MODERATE,1
22,2007,7,0,0.4224624,0.033492826,0.030384144,LOW,0
23,2007,7,0,0.632613,0.08091603,0.07722611,MODERATE,0
24,2007,7,0,0.3702982,0.021466903,0.023967044,LOW,0
25,2007,7,0,0.39928275,0.033492822,0.027349394,LOW,0
26,2007,7,0,0.121730976,0.005141388,0.0076245754,LOW,0
27,2007,7,0,0.64964604,0.080916025,0.08309442,MODERATE,0
28,2007,7,0,0.79873204,0.18128654,0.15392584,HIGH,1
29,2007,7,0,0.31287614,0.021466907,0.01842895,LOW,0
30,2007,7,0,0.35890236,0.021466905,0.02275204,LOW,0
31,2007,7,0,0.32163873,0.021466905,0.019184696,LOW,0
32,2007,7,0,0.3598347,0.021466905,0.022849146,LOW,0
33,2007,7,0,0.3748262,0.021466905,0.024467189,LOW,0
34,2007,7,0,0.095797524,0.0023023789,0.006760008,LOW,0
35,2007,7,0,0.21411137,0.021466905,0.011694194,LOW,0
0,2007,0,0,0.6020761,0.08091603,0.06764825,MODERATE,0
1,2007,0,0,0.556502,0.06329114,0.055387467,MODERATE,0
2,2007,0,0,0.67950463,0.09626719,0.094365925,MODERATE,1
3,2007,0,0,0.6879606,0.09626719,0.09779852,MODERATE,1
4,2007,0,0,0.69635326,0.09626719,0.10131503,ELEVATED,1
5,2007,0,0,0.7188425,0.10472973,0.111295745,ELEVATED,1
6,2007,0,0,0.7254439,0.10472973,0.11438465,ELEVATED,1
7,2007,0,1,0.5817721,0.06329114,0.061902203,MODERATE,0
8,2007,0,0,0.60348815,0.08091603,0.06806573,MODERATE,0
9,2007,0,0,0.4685057,0.039252337,0.037407707,LOW,0
10,2007,0,0,0.6688686,0.09626719,0.09020188,MODERATE,1
11,2007,0,0,0.5280463,0.039252337,0.048825935,LOW,0
12,2007,0,0,0.298095,0.021466905,0.017219812,LOW,0
13,2007,0,0,0.46111512,0.039252337,0.03618342,LOW,0
14,2007,0,0,0.4747012,0.039252333,0.038464606,LOW,0
15,2007,0,0,0.6446072,0.08091604,0.08131741,MODERATE,0
16,2007,0,0,0.69903374,0.09626719,0.102461584,ELEVATED,1
17,2007,0,0,0.6943304,0.09626719,0.100457326,ELEVATED,1
18,2007,0,0,0.6869267,0.09626719,0.09737293,MODERATE,1
19,2007,0,0,0.75789905,0.13043478,0.13067466,ELEVATED,1
20,2007,0,0,0.714831,0.10472973,0.109454535,ELEVATED,1
21,2007,0,0,0.68989974,0.09626719,0.098601215,MODERATE,1
22,2007,0,0,0.6584774,0.083333336,0.08629428,MODERATE,0
23,2007,0,0,0.7411273,0.119873814,0.12202364,ELEVATED,1
24,2007,0,0,0.61874205,0.08091603,0.07273038,MODERATE,0
25,2007,0,0,0.62848216,0.08091603,0.075861275,MODERATE,0
26,2007,0,0,0.32804838,0.021466905,0.019756664,LOW,0
27,2007,0,0,0.73778564,0.11987382,0.12036002,ELEVATED,1
28,2007,0,0,0.7591167,0.13043478,0.1313226,ELEVATED,1
29,2007,0,0,0.50748825,0.039252337,0.04455161,LOW,0
30,2007,0,0,0.5909673,0.08091603,0.064445704,MODERATE,0
31,2007,0,0,0.44912308,0.039252337,0.034278546,LOW,0
32,2007,0,0,0.73083895,0.11987381,0.116964296,ELEVATED,1
33,2007,0,0,0.67587996,0.09626719,0.09292786,MODERATE,1
34,2007,0,0,0.27576178,0.021466905,0.015539329,LOW,0
35,2007,0,0,0.44533667,0.03925234,0.03369744,LOW,0
0,2007,8,0,0.7577738,0.13043478,0.13060819,ELEVATED,1
1,2007,8,0,0.55547255,0.06329114,0.055136245,MODERATE,0
2,2007,8,0,0.6834889,0.09626719,0.09596965,MODERATE,1
3,2007,8,0,0.7658156,0.13043478,0.1349362,ELEVATED,1
4,2007,8,0,0.77615327,0.18128654,0.14067695,ELEVATED,1
5,2007,8,0,0.7727493,0.18128653,0.13876443,ELEVATED,1
6,2007,8,0,0.7683224,0.16666667,0.13630985,ELEVATED,1
7,2007,8,1,0.699204,0.09626719,0.1025348,ELEVATED,1
8,2007,8,0,0.70067906,0.096267186,0.103171036,ELEVATED,1
9,2007,8,0,0.621624,0.08091603,0.07364414,MODERATE,0
10,2007,8,0,0.7086174,0.10472973,0.10665533,ELEVATED,1
11,2007,8,0,0.60781133,0.08091603,0.06935885,MODERATE,0
12,2007,8,0,0.46905658,0.039252337,0.037500538,LOW,0
13,2007,8,0,0.6077815,0.08091603,0.06934986,MODERATE,0
14,2007,8,0,0.6395436,0.08091603,0.07956661,MODERATE,0
15,2007,8,0,0.7203632,0.10472973,0.11200077,ELEVATED,1
16,2007,8,0,0.70402145,0.10000001,0.10462564,ELEVATED,1
17,2007,8,0,0.7774719,0.18128654,0.14142373,ELEVATED,1
18,2007,8,0,0.770583,0.18128656,0.13755865,ELEVATED,1
19,2007,8,0,0.7718994,0.18128654,0.13829032,ELEVATED,1
20,2007,8,0,0.7386976,0.11987382,0.120812066,ELEVATED,1
21,2007,8,0,0.6575776,0.083333336,0.08596319,MODERATE,0
22,2007,8,0,0.72100496,0.10472972,0.11229947,ELEVATED,1
23,2007,8,0,0.75032353,0.11987382,0.12670435,ELEVATED,1
24,2007,8,0,0.7268315,0.119873814,0.11504336,ELEVATED,1
25,2007,8,0,0.67906135,0.09626719,0.09418899,MODERATE,1
26,2007,8,0,0.41616285,0.03349282,0.029528506,LOW,0
27,2007,8,0,0.77234674,0.18128654,0.13853967,ELEVATED,1
28,2007,8,0,0.75436175,0.11987382,0.12880778,ELEVATED,1
29,2007,8,0,0.64426947,0.08091603,0.08119954,MODERATE,0
30,2007,8,0,0.7421113,0.11987382,0.12251729,ELEVATED,1
31,2007,8,0,0.4136273,0.033492822,0.029190747,LOW,0
32,2007,8,0,0.78083754,0.18128654,0.14334482,ELEVATED,1
33,2007,8,0,0.70890874,0.10472973,0.106785156,ELEVATED,1
34,2007,8,0,0.5115286,0.039252337,0.04536249,LOW,0
35,2007,8,0,0.6245086,0.08091603,0.07456934,MODERATE,0
0,2007,6,0,0.71150047,0.10472973,0.10794623,ELEVATED,1
1,2007,6,0,0.5422759,0.049689442,0.052009393,MODERATE,0
2,2007,6,0,0.66292614,0.096267186,0.08794809,MODERATE,0
3,2007,6,0,0.7606595,0.13043478,0.13214748,ELEVATED,1
4,2007,6,0,0.76042783,0.13043478,0.13202335,ELEVATED,1
5,2007,6,0,0.68729645,0.09626719,0.097524926,MODERATE,1
6,2007,6,0,0.73146355,0.11987381,0.11726618,ELEVATED,1
7,2007,6,1,0.69134414,0.09626719,0.09920293,MODERATE,1
8,2007,6,0,0.6852795,0.09626719,0.09669828,MODERATE,1
9,2007,6,0,0.6890546,0.09626719,0.09825065,MODERATE,1
10,2007,6,0,0.7007061,0.09626719,0.103182726,ELEVATED,1
11,2007,6,0,0.71529645,0.10472973,0.109666795,ELEVATED,1
12,2007,6,0,0.5432339,0.049689442,0.052230623,MODERATE,0
13,2007,6,0,0.64708906,0.08091603,0.08218829,MODERATE,0
14,2007,6,0,0.67523235,0.09626719,0.092673,MODERATE,1
15,2007,6,0,0.71491057,0.10472973,0.10949079,ELEVATED,1
16,2007,6,0,0.71291834,0.10472973,0.10858609,ELEVATED,1
17,2007,6,0,0.7704269,0.18128654,0.13747215,ELEVATED,1
18,2007,6,0,0.7528266,0.11987381,0.12800464,ELEVATED,1
19,2007,6,0,0.77881217,0.18128654,0.14218615,ELEVATED,1
20,2007,6,0,0.7149703,0.10472973,0.10951802,ELEVATED,1
21,2007,6,0,0.63571304,0.08091603,0.07826512,MODERATE,0
22,2007,6,0,0.66388965,0.09626719,0.08831004,MODERATE,0
23,2007,6,0,0.7619258,0.13043478,0.1328278,ELEVATED,1
24,2007,6,0,0.7113906,0.104729734,0.10789678,ELEVATED,1
25,2007,6,0,0.6045294,0.08091603,0.06837511,MODERATE,0
26,2007,6,0,0.5903945,0.08091603,0.06428446,MODERATE,0
27,2007,6,0,0.7761315,0.18128654,0.14066464,ELEVATED,1
28,2007,6,0,0.75085586,0.11987382,0.12697995,ELEVATED,1
29,2007,6,0,0.6693716,0.09626719,0.09039502,MODERATE,1
30,2007,6,0,0.6771712,0.09626719,0.09343786,MODERATE,1
31,2007,6,0,0.5933611,0.08091603,0.06512364,MODERATE,0
32,2007,6,0,0.69732445,0.09626719,0.10172915,ELEVATED,1
33,2007,6,0,0.754249,0.119873814,0.12874864,ELEVATED,1
34,2007,6,0,0.4421231,0.039252337,0.033211716,LOW,0
35,2007,6,0,0.66892797,0.096267186,0.09022466,MODERATE,1
0,2007,5,0,0.72625065,0.10472973,0.11476722,ELEVATED,1
1,2007,5,0,0.56772304,0.06329113,0.0581966,MODERATE,0
2,2007,5,0,0.6543691,0.08091604,0.08479208,MODERATE,0
3,2007,5,0,0.6703756,0.09626719,0.090781644,MODERATE,1
4,2007,5,0,0.7362251,0.11987381,0.119589865,ELEVATED,1
5,2007,5,0,0.66184336,0.09626719,0.08754294,MODERATE,0
6,2007,5,0,0.687483,0.09626719,0.09760171,MODERATE,1
7,2007,5,1,0.6966278,0.09626719,0.10143195,ELEVATED,1
8,2007,5,0,0.62595445,0.08091603,0.07503707,MODERATE,0
9,2007,5,0,0.5557868,0.06329114,0.055212818,MODERATE,0
10,2007,5,0,0.5964219,0.08091603,0.06600017,MODERATE,0
11,2007,5,0,0.64397186,0.08091603,0.08109582,MODERATE,0
12,2007,5,0,0.30703473,0.021466905,0.017941458,LOW,0
13,2007,5,0,0.64216053,0.08091603,0.08046711,MODERATE,0
14,2007,5,0,0.5814779,0.06329114,0.061822392,MODERATE,0
15,2007,5,0,0.60193443,0.08091603,0.06760648,MODERATE,0
16,2007,5,0,0.7046961,0.1,0.10492144,ELEVATED,1
17,2007,5,0,0.5756618,0.06329114,0.0602642,MODERATE,0
18,2007,5,0,0.58036494,0.06329114,0.061521348,MODERATE,0
19,2007,5,0,0.6583362,0.083333336,0.086242236,MODERATE,0
20,2007,5,0,0.720003,0.10472973,0.11183343,ELEVATED,1
21,2007,5,0,0.5900206,0.08091603,0.064179406,MODERATE,0
22,2007,5,0,0.68878496,0.096267186,0.09813905,MODERATE,1
23,2007,5,0,0.5947324,0.08091603,0.065515,MODERATE,0
24,2007,5,0,0.6983358,0.09626719,0.102161966,ELEVATED,1
25,2007,5,0,0.63866794,0.08091603,0.07926736,MODERATE,0
26,2007,5,0,0.45248762,0.039252337,0.034803007,LOW,0
27,2007,5,0,0.6985505,0.09626719,0.10225405,ELEVATED,1
28,2007,5,0,0.6520098,0.08091603,0.08394014,MODERATE,0
29,2007,5,0,0.70152026,0.1,0.10353542,ELEVATED,1
30,2007,5,0,0.7030008,0.10000001,0.104179524,ELEVATED,1
31,2007,5,0,0.55062413,0.04968944,0.05396739,MODERATE,0
32,2007,5,0,0.651404,0.08091604,0.08372266,MODERATE,0
33,2007,5,0,0.67482966,0.09626719,0.09251485,MODERATE,1
34,2007,5,0,0.26486242,0.021466905,0.0147788655,LOW,0
35,2007,5,0,0.6162503,0.08091603,0.07194876,MODERATE,0
0,2007,1,0,0.63433313,0.08091603,0.07780106,MODERATE,0
1,2007,1,0,0.5220532,0.039252337,0.047541212,LOW,0
2,2007,1,0,0.6814112,0.09626719,0.09513032,MODERATE,1
3,2007,1,0,0.39681467,0.033492822,0.027044166,LOW,0
4,2007,1,0,0.45916528,0.039252337,0.03586691,LOW,0
5,2007,1,0,0.4421765,0.039252337,0.033219732,LOW,0
6,2007,1,0,0.61101294,0.08091603,0.07033111,MODERATE,0
7,2007,1,0,0.29282853,0.021466907,0.016808113,LOW,0
8,2007,1,0,0.25880888,0.021466905,0.014372464,LOW,0
9,2007,1,0,0.31482708,0.021466905,0.018594645,LOW,0
10,2007,1,0,0.43302634,0.033492826,0.031873163,LOW,0
11,2007,1,0,0.21544892,0.021466905,0.011766676,LOW,0
12,2007,1,0,0.17063248,0.005141388,0.0095640095,LOW,0
13,2007,1,0,0.36804834,0.021466905,0.023722257,LOW,0
14,2007,1,0,0.37280846,0.021466905,0.02424307,LOW,0
15,2007,1,0,0.32553062,0.021466905,0.019530024,LOW,0
16,2007,1,0,0.67407227,0.09626719,0.092218034,MODERATE,1
17,2007,1,0,0.5867024,0.06329114,0.06325411,MODERATE,0
18,2007,1,0,0.42396864,0.033492822,0.030592255,LOW,0
19,2007,1,0,0.38088536,0.021466905,0.025152406,LOW,0
20,2007,1,0,0.51688576,0.03925234,0.046459343,LOW,0
21,2007,1,0,0.5975729,0.08091603,0.06633261,MODERATE,0
22,2007,1,0,0.50857496,0.039252333,0.04476834,LOW,0
23,2007,1,0,0.35724825,0.021466905,0.022580758,LOW,0
24,2007,1,0,0.39743817,0.033492822,0.027120965,LOW,0
25,2007,1,0,0.5668838,0.06329114,0.057981957,MODERATE,0
26,2007,1,0,0.25637868,0.021466905,0.014212422,LOW,0
27,2007,1,0,0.49857765,0.039252337,0.042811885,LOW,0
28,2007,1,0,0.5461681,0.049689442,0.05291377,MODERATE,0
29,2007,1,0,0.6247796,0.08091603,0.07465679,MODERATE,0
30,2007,1,0,0.26389715,0.021466903,0.014713316,LOW,0
31,2007,1,0,0.31878927,0.021466905,0.018935665,LOW,0
32,2007,1,0,0.2017483,0.021466907,0.011044793,LOW,0
33,2007,1,0,0.21005212,0.021466905,0.011476914,LOW,0
34,2007,1,0,0.19767807,0.021466905,0.010838899,LOW,0
35,2007,1,0,0.18132341,0.021466905,0.01004918,LOW,0
0,2007,11,0,0.5448122,0.049689442,0.052597053,MODERATE,0
1,2007,11,0,0.37605026,0.021466905,0.02460413,LOW,0
2,2007,11,0,0.51319313,0.039252337,0.04570063,LOW,0
3,2007,11,0,0.14233175,0.0051413877,0.008388846,LOW,0
4,2007,11,0,0.09007519,0.002302379,0.0065827584,LOW,0
5,2007,11,0,0.22944468,0.021466905,0.01255223,LOW,0
6,2007,11,0,0.38939482,0.03030303,0.026146365,LOW,0
7,2007,11,0,0.08531549,0.0023023789,0.0064388467,LOW,0
8,2007,11,0,0.074881054,0.0023023789,0.00613421,LOW,0
9,2007,11,0,0.09897765,0.0023023789,0.0068605505,LOW,0
10,2007,11,0,0.20441851,0.021466905,0.011181964,LOW,0
11,2007,11,0,0.07005288,0.0023023789,0.005998138,LOW,0
12,2007,11,0,0.09059913,0.0023023789,0.0065987925,LOW,0
13,2007,11,0,0.16753449,0.005141388,0.009427803,LOW,0
14,2007,11,0,0.20509224,0.021466903,0.011216842,LOW,0
15,2007,11,0,0.08735428,0.0023023789,0.0065001054,LOW,0
16,2007,11,0,0.42872348,0.033492822,0.031258326,LOW,0
17,2007,11,0,0.26696998,0.021466907,0.014922996,LOW,0
18,2007,11,0,0.19300829,0.021466905,0.010607347,LOW,0
19,2007,11,0,0.07616851,0.0023023789,0.00617101,LOW,0
20,2007,11,0,0.1678072,0.005141388,0.009439713,LOW,0
21,2007,11,0,0.24322572,0.021466905,0.013376264,LOW,0
22,2007,11,0,0.23363619,0.021466905,0.01279741,LOW,0
23,2007,11,0,0.13322286,0.005141388,0.00804197,LOW,0
24,2007,11,0,0.13373408,0.005141388,0.008061054,LOW,0
25,2007,11,0,0.3357327,0.021466905,0.02046443,LOW,0
26,2007,11,0,0.08143766,0.002302379,0.006323916,LOW,0
27,2007,11,0,0.100581974,0.0023023789,0.006911836,LOW,0
28,2007,11,0,0.20033495,0.021466905,0.010972863,LOW,0
29,2007,11,0,0.5239748,0.039252337,0.0479496,LOW,0
30,2007,11,0,0.14369471,0.005141388,0.00844201,LOW,0
31,2007,11,0,0.07903746,0.0023023789,0.0062538027,LOW,0
32,2007,11,0,0.048587892,0.0,0.005428624,LOW,0
33,2007,11,0,0.06895899,0.0023023789,0.0059677297,LOW,0
34,2007,11,0,0.09307487,0.002302379,0.0066750874,LOW,0
35,2007,11,0,0.060633544,0.002302379,0.0057412544,LOW,0
0,2007,10,0,0.21495311,0.021466905,0.011739753,LOW,0
1,2007,10,0,0.06779324,0.0023023789,0.0059354906,LOW,0
2,2007,10,0,0.062476836,0.0023023789,0.0057906494,LOW,0
3,2007,10,0,0.05793147,0.0023023789,0.0056696045,LOW,0
4,2007,10,0,0.029745543,0.0,0.0049732146,LOW,0
5,2007,10,0,0.036028,0.0,0.0051206695,LOW,0
6,2007,10,0,0.06295868,0.0023023789,0.0058036293,LOW,0
7,2007,10,0,0.032968294,0.0,0.0050483188,LOW,0
8,2007,10,0,0.033639584,0.0,0.005064105,LOW,0
9,2007,10,0,0.033096574,0.0,0.005051332,LOW,0
10,2007,10,0,0.055564612,0.002302379,0.005607571,LOW,0
11,2007,10,0,0.02993203,0.0,0.00497753,LOW,0
12,2007,10,0,0.034944527,0.0,0.005094931,LOW,0
13,2007,10,0,0.16065884,0.005141388,0.009132336,LOW,0
14,2007,10,0,0.3059057,0.021466905,0.017848704,LOW,0
15,2007,10,0,0.032179642,0.0,0.0050298357,LOW,0
16,2007,10,0,0.45748594,0.039252337,0.03559644,LOW,0
17,2007,10,0,0.0669879,0.0023023789,0.005913322,LOW,0
18,2007,10,0,0.058974557,0.0023023789,0.005697157,LOW,0
19,2007,10,0,0.030448643,0.0,0.004989504,LOW,0
20,2007,10,0,0.052358568,0.0,0.0055246227,LOW,0
21,2007,10,0,0.059118096,0.0023023789,0.005700959,LOW,0
22,2007,10,0,0.07136697,0.002302379,0.0060348753,LOW,0
23,2007,10,0,0.040953558,0.0,0.0052393116,LOW,0
24,2007,10,0,0.03376746,0.0,0.005067119,LOW,0
25,2007,10,0,0.07004539,0.0023023789,0.00599793,LOW,0
26,2007,10,0,0.023806382,0.0,0.004837704,LOW,0
27,2007,10,0,0.031410176,0.0,0.0050118677,LOW,0
28,2007,10,0,0.03386952,0.0,0.005069523,LOW,0
29,2007,10,0,0.32833463,0.021466905,0.019782592,LOW,0
30,2007,10,0,0.02363251,0.0,0.0048337937,LOW,0
31,2007,10,0,0.029665157,0.0,0.0049713557,LOW,0
32,2007,10,0,0.016981872,0.0,0.0046865265,LOW,0
33,2007,10,0,0.02307233,0.0,0.0048212125,LOW,0
34,2007,10,0,0.031246018,0.0,0.0050080433,LOW,0
35,2007,10,0,0.023867808,0.0,0.004839086,LOW,0
0,2007,9,0,0.06453495,0.0023023789,0.0058462983,LOW,0
1,2007,9,0,0.06947972,0.0023023789,0.005982187,LOW,0
2,2007,9,0,0.06130969,0.002302379,0.0057593235,LOW,0
3,2007,9,0,0.042757772,0.0,0.0052834484,LOW,0
4,2007,9,0,0.021600634,0.0,0.004788318,LOW,0
5,2007,9,0,0.030947804,0.0,0.0050011026,LOW,0
6,2007,9,0,0.056210272,0.0023023789,0.005624427,LOW,0
7,2007,9,0,0.028286625,0.0,0.004939581,LOW,0
8,2007,9,0,0.024912214,0.0,0.0048626545,LOW,0
9,2007,9,0,0.026766332,0.0,0.004904775,LOW,0
10,2007,9,0,0.06930913,0.002302379,0.005977448,LOW,0
11,2007,9,0,0.023176286,0.0,0.004823547,LOW,0
12,2007,9,0,0.038351413,0.0,0.0051762965,LOW,0
13,2007,9,0,0.32189852,0.021466905,0.019207556,LOW,0
14,2007,9,0,0.47719485,0.039252337,0.03889804,LOW,0
15,2007,9,0,0.02594766,0.0,0.0048861313,LOW,0
16,2007,9,0,0.07863247,0.0023023789,0.006242049,LOW,0
17,2007,9,0,0.06349754,0.0023023789,0.005818183,LOW,0
18,2007,9,0,0.054376096,0.0023023789,0.005576677,LOW,0
19,2007,9,0,0.0519023,0.0,0.0055129174,LOW,0
20,2007,9,0,0.035171244,0.0,0.005100307,LOW,0
21,2007,9,0,0.050920248,0.0,0.0054878066,LOW,0
22,2007,9,0,0.041869793,0.0,0.0052616782,LOW,0
23,2007,9,0,0.0398622,0.0,0.005212789,LOW,0
24,2007,9,0,0.033418037,0.0,0.0050588893,LOW,0
25,2007,9,0,0.0354816,0.0,0.005107673,LOW,0
26,2007,9,0,0.020304078,0.0,0.0047595236,LOW,0
27,2007,9,0,0.029501498,0.0,0.0049675712,LOW,0
28,2007,9,0,0.04783053,0.0,0.005409542,LOW,0
29,2007,9,0,0.118330136,0.005141388,0.00750523,LOW,0
30,2007,9,0,0.023423031,0.0,0.0048290845,LOW,0
31,2007,9,0,0.026582234,0.0,0.004900576,LOW,0
32,2007,9,0,0.020705556,0.0,0.004768422,LOW,0
33,2007,9,0,0.020079968,0.0,0.0047545633,LOW,0
34,2007,9,0,0.027903693,0.0,0.0049307905,LOW,0
35,2007,9,0,0.027718028,0.0,0.0049265344,LOW,0
0,2007,2,0,0.0794034,0.0023023789,0.0062644416,LOW,0
1,2007,2,0,0.17339067,0.005141388,0.009686912,LOW,0
2,2007,2,0,0.054231822,0.0023023789,0.0055729393,LOW,0
3,2007,2,0,0.06861312,0.002302379,0.0059581483,LOW,0
4,2007,2,0,0.025867322,0.0,0.004884307,LOW,0
5,2007,2,0,0.025575688,0.0,0.0048776856,LOW,0
6,2007,2,0,0.05847306,0.0023023789,0.0056838933,LOW,0
7,2007,2,0,0.028697541,0.0,0.004949031,LOW,0
8,2007,2,0,0.030858666,0.0,0.0049990295,LOW,0
9,2007,2,0,0.03841176,0.0,0.0051777475,LOW,0
10,2007,2,0,0.05760589,0.0023023789,0.00566103,LOW,0
11,2007,2,0,0.026458845,0.0,0.004897763,LOW,0
12,2007,2,0,0.053740922,0.002302379,0.0055602374,LOW,0
13,2007,2,0,0.465425,0.039252337,0.03689261,LOW,0
14,2007,2,1,0.4286916,0.033492822,0.031253815,LOW,0
15,2007,2,0,0.046007473,0.0,0.0053638862,LOW,0
16,2007,2,0,0.10140031,0.0023023789,0.0069381455,LOW,0
17,2007,2,0,0.050374992,0.0,0.005473914,LOW,0
18,2007,2,0,0.06455841,0.0023023789,0.005846936,LOW,0
19,2007,2,0,0.032889348,0.0,0.005046465,LOW,0
20,2007,2,0,0.03063419,0.0,0.0049938117,LOW,0
21,2007,2,0,0.053084467,0.0,0.005543297,LOW,0
22,2007,2,0,0.0369137,0.0,0.0051418035,LOW,0
23,2007,2,0,0.039637078,0.0,0.0052073346,LOW,0
24,2007,2,0,0.04099006,0.0,0.0052401987,LOW,0
25,2007,2,0,0.048962086,0.0,0.0054380754,LOW,0
26,2007,2,0,0.028959416,0.0,0.004955062,LOW,0
27,2007,2,0,0.043151535,0.0,0.005293131,LOW,0
28,2007,2,0,0.062839486,0.002302379,0.005800417,LOW,0
29,2007,2,0,0.059039287,0.0023023789,0.0056988723,LOW,0
30,2007,2,0,0.021113807,0.0,0.004777487,LOW,0
31,2007,2,0,0.07647471,0.0023023789,0.006179792,LOW,0
32,2007,2,0,0.018238327,0.0,0.0047140024,LOW,0
33,2007,2,0,0.023550931,0.0,0.004831959,LOW,0
34,2007,2,0,0.033923354,0.0,0.005070793,LOW,0
35,2007,2,0,0.028702226,0.0,0.0049491385,LOW,0
0,2008,4,0,0.12093356,0.005141388,0.0075964276,LOW,0
1,2008,4,0,0.34324247,0.021466905,0.021180086,LOW,0
2,2008,4,0,0.27454644,0.021466903,0.015452661,LOW,0
3,2008,4,0,0.09120239,0.0023023789,0.006617304,LOW,0
4,2008,4,0,0.08842529,0.0023023789,0.006532515,LOW,0
5,2008,4,0,0.045834523,0.0,0.005359576,LOW,0
6,2008,4,0,0.04790065,0.0,0.0054113073,LOW,0
7,2008,4,0,0.07275131,0.0023023789,0.006073814,LOW,0
8,2008,4,0,0.06734742,0.0023023789,0.0059232083,LOW,0
9,2008,4,0,0.07912283,0.0023023789,0.0062562833,LOW,0
10,2008,4,0,0.09015419,0.0023023789,0.006585172,LOW,0
11,2008,4,0,0.0319303,0.0,0.005024007,LOW,0
12,2008,4,0,0.088465236,0.0023023789,0.006533725,LOW,0
13,2008,4,0,0.4792649,0.03925234,0.039261404,LOW,0
14,2008,4,1,0.41783968,0.033492822,0.029753955,LOW,0
15,2008,4,0,0.13497959,0.0051413886,0.008107741,LOW,0
16,2008,4,0,0.29336068,0.021466905,0.016849274,LOW,0
17,2008,4,0,0.0616756,0.0023023789,0.0057691257,LOW,0
18,2008,4,0,0.25643924,0.021466907,0.0142163895,LOW,0
19,2008,4,0,0.07251242,0.0023023789,0.0060670758,LOW,0
20,2008,4,0,0.042260613,0.0,0.005271251,LOW,0
21,2008,4,0,0.22761044,0.021466905,0.012446401,LOW,0
22,2008,4,0,0.061184984,0.0023023789,0.0057559875,LOW,0
23,2008,4,0,0.065931536,0.0023023789,0.0058843647,LOW,0
24,2008,4,0,0.097703986,0.0023023789,0.0068201064,LOW,0
25,2008,4,0,0.04540799,0.0,0.0053489557,LOW,0
26,2008,4,0,0.04111204,0.0,0.0052431724,LOW,0
27,2008,4,0,0.08472881,0.0023023789,0.006421327,LOW,0
28,2008,4,0,0.5565856,0.06329114,0.05540792,MODERATE,0
29,2008,4,0,0.060219035,0.0023023789,0.0057302057,LOW,0
30,2008,4,0,0.036461756,0.0,0.005131009,LOW,0
31,2008,4,0,0.13290702,0.005141388,0.008030201,LOW,0
32,2008,4,0,0.030703016,0.0,0.0049954113,LOW,0
33,2008,4,0,0.03211317,0.0,0.0050282828,LOW,0
34,2008,4,0,0.042303722,0.0,0.0052723056,LOW,0
35,2008,4,0,0.04047402,0.0,0.005227641,LOW,0
0,2008,3,0,0.26747918,0.021466903,0.014958029,LOW,0
1,2008,3,0,0.51136816,0.039252337,0.045330018,LOW,0
2,2008,3,0,0.4441044,0.039252337,0.033510383,LOW,0
3,2008,3,0,0.35111243,0.021466905,0.021956332,LOW,0
4,2008,3,0,0.16845748,0.005141388,0.00946818,LOW,0
5,2008,3,0,0.07526735,0.0023023789,0.006145229,LOW,0
6,2008,3,0,0.07062877,0.0023023789,0.0060142106,LOW,0
7,2008,3,0,0.091663755,0.0023023789,0.0066314936,LOW,0
8,2008,3,0,0.09785736,0.002302379,0.0068249633,LOW,0
9,2008,3,0,0.08708396,0.0023023789,0.00649195,LOW,0
10,2008,3,0,0.4165144,0.033492822,0.029575638,LOW,0
11,2008,3,0,0.05799766,0.0023023789,0.0056713466,LOW,0
12,2008,3,0,0.07517342,0.0023023789,0.0061425474,LOW,0
13,2008,3,0,0.38886073,0.030303031,0.026082866,LOW,0
14,2008,3,1,0.3950697,0.030303031,0.026830364,LOW,0
15,2008,3,0,0.23114187,0.021466905,0.012650939,LOW,0
16,2008,3,0,0.3934546,0.030303031,0.026633946,LOW,0
17,2008,3,0,0.098025225,0.002302379,0.0068302853,LOW,0
18,2008,3,0,0.26413468,0.021466905,0.014729417,LOW,0
19,2008,3,0,0.113723926,0.0023023789,0.007346536,LOW,0
20,2008,3,0,0.060805485,0.0023023789,0.0057458454,LOW,0
21,2008,3,0,0.53569645,0.049689442,0.05051376,MODERATE,0
22,2008,3,0,0.115673944,0.002302379,0.0074133086,LOW,0
23,2008,3,0,0.2351845,0.021466905,0.012889167,LOW,0
24,2008,3,0,0.105285935,0.0023023789,0.0070644137,LOW,0
25,2008,3,0,0.07516036,0.0023023789,0.006142175,LOW,0
26,2008,3,0,0.067155614,0.0023023789,0.005917932,LOW,0
27,2008,3,0,0.22278495,0.021466905,0.012172177,LOW,0
28,2008,3,0,0.63187665,0.08091603,0.07698118,MODERATE,0
29,2008,3,0,0.0550802,0.0023023789,0.0055949604,LOW,0
30,2008,3,0,0.04485486,0.0,0.0053352183,LOW,0
31,2008,3,0,0.15339354,0.005141388,0.008830094,LOW,0
32,2008,3,0,0.044623245,0.0,0.005329475,LOW,0
33,2008,3,0,0.043790724,0.0,0.0053088856,LOW,0
34,2008,3,0,0.038457524,0.0,0.00517885,LOW,0
35,2008,3,0,0.048521202,0.0,0.005426941,LOW,0
0,2008,7,0,0.44266462,0.039252337,0.0332931,LOW,0
1,2008,7,0,0.3969235,0.033492822,0.027057556,LOW,0
2,2008,7,0,0.62442446,0.08091603,0.07454219,MODERATE,0
3,2008,7,0,0.5583973,0.06329114,0.05585282,MODERATE,0
4,2008,7,0,0.42204502,0.033492822,0.030326718,LOW,0
5,2008,7,0,0.42318764,0.03349282,0.030484179,LOW,0
6,2008,7,0,0.587657,0.06329114,0.063519016,MODERATE,0
7,2008,7,0,0.15297951,0.005141388,0.008813171,LOW,0
8,2008,7,0,0.12654687,0.005141388,0.007796813,LOW,0
9,2008,7,0,0.17960958,0.021466905,0.009969794,LOW,0
10,2008,7,0,0.62616664,0.08091603,0.075105935,MODERATE,0
11,2008,7,0,0.16465452,0.005141388,0.009302909,LOW,0
12,2008,7,0,0.14535622,0.0051413886,0.008507272,LOW,0
13,2008,7,0,0.42537817,0.033492822,0.030788269,LOW,0
14,2008,7,0,0.461879,0.039252333,0.036308147,LOW,0
15,2008,7,0,0.34572405,0.021466905,0.021421906,LOW,0
16,2008,7,0,0.6175636,0.08091603,0.072359756,MODERATE,0
17,2008,7,0,0.57407546,0.06329113,0.059845623,MODERATE,0
18,2008,7,0,0.6378308,0.08091603,0.078982234,MODERATE,0
19,2008,7,0,0.2955703,0.021466905,0.01702123,LOW,0
20,2008,7,0,0.37284088,0.021466907,0.024246657,LOW,0
21,2008,7,0,0.60928375,0.08091603,0.06980443,MODERATE,0
22,2008,7,0,0.56277,0.06329114,0.056940515,MODERATE,0
23,2008,7,0,0.4663156,0.039252337,0.037040807,LOW,0
24,2008,7,0,0.19431862,0.021466905,0.010671821,LOW,0
25,2008,7,0,0.3834688,0.021466905,0.025450207,LOW,0
26,2008,7,0,0.20466149,0.021466907,0.01119453,LOW,0
27,2008,7,0,0.5809478,0.06329114,0.061678845,MODERATE,0
28,2008,7,0,0.74704194,0.119873814,0.1250167,ELEVATED,1
29,2008,7,0,0.33350578,0.021466905,0.0202568,LOW,0
30,2008,7,0,0.40226394,0.033492822,0.027722545,LOW,0
31,2008,7,0,0.3474982,0.021466905,0.021596448,LOW,0
32,2008,7,0,0.38954142,0.030303033,0.026163818,LOW,0
33,2008,7,0,0.21576732,0.021466905,0.011783994,LOW,0
34,2008,7,0,0.091393545,0.0023023789,0.006623178,LOW,0
35,2008,7,0,0.22188634,0.021466905,0.012121773,LOW,0
0,2008,0,0,0.59060276,0.08091603,0.06434304,MODERATE,0
1,2008,0,0,0.53127164,0.043752722,0.049530905,LOW,0
2,2008,0,0,0.66172886,0.09626719,0.0875002,MODERATE,0
3,2008,0,0,0.71225935,0.10472973,0.10828828,ELEVATED,1
4,2008,0,0,0.70596933,0.10472973,0.10548169,ELEVATED,1
5,2008,0,0,0.6188203,0.08091603,0.07275506,MODERATE,0
6,2008,0,0,0.5602367,0.06329114,0.056307957,MODERATE,0
7,2008,0,0,0.4507612,0.039252337,0.034532934,LOW,0
8,2008,0,0,0.25627545,0.021466905,0.0142056625,LOW,0
9,2008,0,0,0.46174285,0.039252337,0.03628589,LOW,0
10,2008,0,0,0.6626189,0.09626719,0.08783296,MODERATE,0
11,2008,0,0,0.32579887,0.021466905,0.019554049,LOW,0
12,2008,0,0,0.21917646,0.021466905,0.011971021,LOW,0
13,2008,0,0,0.56728184,0.06329114,0.05808367,MODERATE,0
14,2008,0,0,0.44975927,0.039252337,0.034377124,LOW,0
15,2008,0,0,0.6791008,0.09626719,0.09420473,MODERATE,1
16,2008,0,0,0.5893189,0.08091603,0.06398268,MODERATE,0
17,2008,0,0,0.76760715,0.16666667,0.1359167,ELEVATED,1
18,2008,0,0,0.6225354,0.08091603,0.07393532,MODERATE,0
19,2008,0,0,0.6904064,0.09626719,0.0988119,MODERATE,1
20,2008,0,0,0.65041554,0.08091603,0.08336888,MODERATE,0
21,2008,0,0,0.70508647,0.10472973,0.10509291,ELEVATED,1
22,2008,0,0,0.6435382,0.08091603,0.08094489,MODERATE,0
23,2008,0,0,0.7021279,0.1,0.103799336,ELEVATED,1
24,2008,0,0,0.38434607,0.021466905,0.025552114,LOW,0
25,2008,0,0,0.5563405,0.06329114,0.055347987,MODERATE,0
26,2008,0,0,0.31243315,0.021466905,0.018391533,LOW,0
27,2008,0,0,0.69080764,0.09626719,0.09897905,MODERATE,1
28,2008,0,0,0.7889111,0.18128654,0.14804175,ELEVATED,1
29,2008,0,0,0.4823675,0.039252337,0.039812125,LOW,0
30,2008,0,0,0.5355893,0.049689442,0.050489727,MODERATE,0
31,2008,0,0,0.60442483,0.08091603,0.068344004,MODERATE,0
32,2008,0,0,0.73066425,0.119873814,0.11687997,ELEVATED,1
33,2008,0,0,0.50238466,0.039252337,0.04354709,LOW,0
34,2008,0,0,0.122027986,0.005141388,0.007635089,LOW,0
35,2008,0,0,0.3393219,0.021466905,0.020803465,LOW,0
0,2008,8,0,0.64921236,0.08091603,0.082940094,MODERATE,0
1,2008,8,0,0.63794255,0.08091603,0.07902024,MODERATE,0
2,2008,8,0,0.7123558,0.104729734,0.10833182,ELEVATED,1
3,2008,8,0,0.762445,0.13043478,0.13310759,ELEVATED,1
4,2008,8,0,0.76909053,0.18128654,0.1367331,ELEVATED,1
5,2008,8,0,0.68756646,0.09626719,0.097636074,MODERATE,1
6,2008,8,0,0.62803835,0.08091603,0.07571597,MODERATE,0
7,2008,8,0,0.6319936,0.08091603,0.077020034,MODERATE,0
8,2008,8,0,0.52502084,0.039252333,0.048173316,LOW,0
9,2008,8,0,0.63721174,0.08091603,0.07877199,MODERATE,0
10,2008,8,0,0.7146133,0.10472973,0.10935539,ELEVATED,1
11,2008,8,0,0.67919797,0.09626719,0.094243504,MODERATE,1
12,2008,8,0,0.2066876,0.021466905,0.011299852,LOW,0
13,2008,8,0,0.6628212,0.09626719,0.087908745,MODERATE,0
14,2008,8,0,0.59067583,0.08091603,0.0643636,MODERATE,0
15,2008,8,0,0.7212298,0.10472973,0.11240428,ELEVATED,1
16,2008,8,0,0.6963212,0.09626719,0.101301394,ELEVATED,1
17,2008,8,0,0.78418016,0.18128654,0.1452742,ELEVATED,1
18,2008,8,0,0.6896759,0.09626719,0.09850827,MODERATE,1
19,2008,8,0,0.6565684,0.08091603,0.08559327,MODERATE,0
20,2008,8,0,0.7341662,0.11987382,0.11858025,ELEVATED,1
21,2008,8,0,0.7484277,0.119873814,0.125727,ELEVATED,1
22,2008,8,0,0.74745387,0.119873814,0.12522748,ELEVATED,1
23,2008,8,0,0.769091,0.18128654,0.13673338,ELEVATED,1
24,2008,8,0,0.50024664,0.039252337,0.043132726,LOW,0
25,2008,8,0,0.73813987,0.119873814,0.120535426,ELEVATED,1
26,2008,8,0,0.43064705,0.033492822,0.031531755,LOW,0
27,2008,8,0,0.78170806,0.18128654,0.14384522,ELEVATED,1
28,2008,8,0,0.7984451,0.18128654,0.15375127,HIGH,1
29,2008,8,0,0.575681,0.06329114,0.060269278,MODERATE,0
30,2008,8,0,0.6452304,0.08091603,0.08153531,MODERATE,0
31,2008,8,0,0.7125827,0.10472973,0.10843433,ELEVATED,1
32,2008,8,0,0.7901203,0.18128654,0.14875606,ELEVATED,1
33,2008,8,0,0.6754077,0.09626719,0.09274195,MODERATE,1
34,2008,8,0,0.171552,0.005141388,0.009604811,LOW,0
35,2008,8,0,0.40626016,0.033492822,0.028230516,LOW,0
0,2008,6,0,0.6254941,0.08091603,0.07488786,MODERATE,0
1,2008,6,0,0.51540935,0.03925234,0.046154562,LOW,0
2,2008,6,0,0.6270253,0.08091603,0.07538523,MODERATE,0
3,2008,6,0,0.7672256,0.16666667,0.13570738,ELEVATED,1
4,2008,6,0,0.75498235,0.119897254,0.12913364,ELEVATED,1
5,2008,6,0,0.6728497,0.09626719,0.09174075,MODERATE,1
6,2008,6,0,0.46933225,0.039252337,0.037547078,LOW,0
7,2008,6,0,0.5585737,0.06329114,0.055896323,MODERATE,0
8,2008,6,0,0.5534873,0.06329114,0.05465478,MODERATE,0
9,2008,6,0,0.56974494,0.06329114,0.058716793,MODERATE,0
10,2008,6,0,0.6958567,0.09626719,0.101103894,ELEVATED,1
11,2008,6,0,0.7167349,0.10472973,0.11032502,ELEVATED,1
12,2008,6,0,0.29197416,0.021466905,0.016742246,LOW,0
13,2008,6,0,0.63117886,0.08091603,0.07674975,MODERATE,0
14,2008,6,0,0.6007298,0.08091603,0.06725239,MODERATE,0
15,2008,6,0,0.7146934,0.10472973,0.10939187,ELEVATED,1
16,2008,6,0,0.66571087,0.09626719,0.08899784,MODERATE,0
17,2008,6,0,0.77302414,0.18128654,0.13891804,ELEVATED,1
18,2008,6,0,0.67995125,0.09626719,0.09454451,MODERATE,1
19,2008,6,0,0.71339786,0.10472973,0.10880325,ELEVATED,1
20,2008,6,0,0.6930005,0.09626719,0.09989696,MODERATE,1
21,2008,6,0,0.72021097,0.10472972,0.11193001,ELEVATED,1
22,2008,6,0,0.76329684,0.13043478,0.13356775,ELEVATED,1
23,2008,6,0,0.7655354,0.13043478,0.13478337,ELEVATED,1
24,2008,6,0,0.6003178,0.08091603,0.067131676,MODERATE,0
25,2008,6,0,0.79050004,0.18128654,0.14898096,ELEVATED,1
26,2008,6,0,0.587664,0.06329113,0.063520975,MODERATE,0
27,2008,6,0,0.7223467,0.10472973,0.112926245,ELEVATED,1
28,2008,6,0,0.7226409,0.10472973,0.11306406,ELEVATED,1
29,2008,6,0,0.606884,0.08091603,0.06907958,MODERATE,0
30,2008,6,0,0.6398866,0.08091603,0.079684116,MODERATE,0
31,2008,6,0,0.6337507,0.08091603,0.07760595,MODERATE,0
32,2008,6,0,0.74082357,0.11987382,0.121871606,ELEVATED,1
33,2008,6,0,0.6610963,0.09468018,0.087264396,MODERATE,0
34,2008,6,0,0.2522889,0.021466905,0.013947051,LOW,0
35,2008,6,0,0.48971808,0.039252337,0.04114657,LOW,0
0,2008,5,0,0.6369953,0.08091603,0.07869861,MODERATE,0
1,2008,5,0,0.4880347,0.039252337,0.040837236,LOW,0
2,2008,5,0,0.6716903,0.09626719,0.091290146,MODERATE,1
3,2008,5,0,0.6131447,0.08091603,0.070985444,MODERATE,0
4,2008,5,0,0.74212486,0.11987382,0.122524075,ELEVATED,1
5,2008,5,0,0.6939614,0.09626719,0.100301564,ELEVATED,1
6,2008,5,0,0.6893746,0.09626719,0.09838327,MODERATE,1
7,2008,5,0,0.5584724,0.06329114,0.05587134,MODERATE,0
8,2008,5,0,0.540911,0.049689442,0.051695723,MODERATE,0
9,2008,5,0,0.53373617,0.049689442,0.050076082,MODERATE,0
10,2008,5,0,0.555625,0.06329114,0.05517338,MODERATE,0
11,2008,5,0,0.58167994,0.06329114,0.061877187,MODERATE,0
12,2008,5,0,0.5000139,0.039252337,0.04308784,LOW,0
13,2008,5,0,0.535516,0.049689442,0.050473318,MODERATE,0
14,2008,5,0,0.58304167,0.06329114,0.062247716,MODERATE,0
15,2008,5,0,0.5150207,0.039252333,0.04607466,LOW,0
16,2008,5,0,0.5727827,0.06329114,0.059506536,MODERATE,0
17,2008,5,0,0.7347274,0.119873814,0.11885469,ELEVATED,1
18,2008,5,0,0.6488688,0.08091603,0.08281804,MODERATE,0
19,2008,5,0,0.7546365,0.11987382,0.12895197,ELEVATED,1
20,2008,5,0,0.7492723,0.11987382,0.1261616,ELEVATED,1
21,2008,5,0,0.6804941,0.09626719,0.09476195,MODERATE,1
22,2008,5,0,0.78369623,0.18128654,0.14499354,ELEVATED,1
23,2008,5,0,0.6058502,0.08091603,0.06876947,MODERATE,0
24,2008,5,0,0.7049502,0.10472973,0.10503304,ELEVATED,1
25,2008,5,0,0.72767276,0.119873814,0.11544433,ELEVATED,1
26,2008,5,0,0.56850326,0.06329114,0.058396813,MODERATE,0
27,2008,5,0,0.69365126,0.09626719,0.10017082,ELEVATED,1
28,2008,5,0,0.6865289,0.09626719,0.09720962,MODERATE,1
29,2008,5,0,0.6329154,0.08091603,0.07732691,MODERATE,0
30,2008,5,0,0.5974558,0.08091603,0.06629871,MODERATE,0
31,2008,5,0,0.5911512,0.08091603,0.064497545,MODERATE,0
32,2008,5,0,0.60203385,0.08091603,0.067635775,MODERATE,0
33,2008,5,0,0.5727424,0.06329114,0.059495997,MODERATE,0
34,2008,5,0,0.17738533,0.021466905,0.009867692,LOW,0
35,2008,5,0,0.5194603,0.039252333,0.04699541,LOW,0
0,2008,1,0,0.58789617,0.06329114,0.06358556,MODERATE,0
1,2008,1,0,0.5360743,0.049689442,0.050598525,MODERATE,0
2,2008,1,0,0.63728565,0.08091603,0.078797065,MODERATE,0
3,2008,1,0,0.3744068,0.021466905,0.024420442,LOW,0
4,2008,1,0,0.40727875,0.03349282,0.028361425,LOW,0
5,2008,1,0,0.47335142,0.039252337,0.038231924,LOW,0
6,2008,1,0,0.6609067,0.09090909,0.08719384,MODERATE,0
7,2008,1,0,0.258493,0.021466903,0.014351559,LOW,0
8,2008,1,0,0.27624914,0.021466905,0.015574222,LOW,0
9,2008,1,0,0.33598298,0.021466905,0.020487893,LOW,0
10,2008,1,0,0.3754291,0.021466907,0.024534542,LOW,0
11,2008,1,0,0.23195761,0.021466907,0.012698659,LOW,0
12,2008,1,0,0.25930926,0.021466907,0.014405633,LOW,0
13,2008,1,0,0.31351802,0.021466905,0.01848331,LOW,0
14,2008,1,0,0.3393148,0.021466903,0.02080279,LOW,0
15,2008,1,0,0.32456955,0.021466907,0.019444184,LOW,0
16,2008,1,0,0.64408803,0.08091603,0.08113629,MODERATE,0
17,2008,1,0,0.5788335,0.06329114,0.06110933,MODERATE,0
18,2008,1,0,0.49865168,0.03925234,0.042826064,LOW,0
19,2008,1,0,0.45756805,0.039252337,0.03560961,LOW,0
20,2008,1,0,0.5297476,0.03925234,0.049196605,LOW,0
21,2008,1,0,0.51701206,0.039252337,0.04648551,LOW,0
22,2008,1,0,0.5948365,0.080916025,0.0655448,MODERATE,0
23,2008,1,0,0.39616603,0.030303031,0.0269645,LOW,0
24,2008,1,0,0.4563267,0.039252337,0.035410885,LOW,0
25,2008,1,0,0.6991248,0.09626719,0.10250073,ELEVATED,1
26,2008,1,0,0.2799588,0.021466905,0.015842328,LOW,0
27,2008,1,0,0.56996685,0.06329114,0.058774143,MODERATE,0
28,2008,1,0,0.5967628,0.08091603,0.06609846,MODERATE,0
29,2008,1,0,0.5975379,0.08091603,0.06632246,MODERATE,0
30,2008,1,0,0.20860949,0.021466903,0.0114006605,LOW,0
31,2008,1,0,0.36028147,0.021466905,0.022895819,LOW,0
32,2008,1,0,0.17804134,0.021466905,0.009897699,LOW,0
33,2008,1,0,0.11352485,0.0023023789,0.0073397513,LOW,0
34,2008,1,0,0.14334233,0.005141388,0.008428235,LOW,0
35,2008,1,0,0.1515053,0.005141388,0.008753175,LOW,0
0,2008,11,0,0.50073314,0.039252333,0.043226678,LOW,0
1,2008,11,0,0.32247248,0.021466905,0.019258164,LOW,0
2,2008,11,0,0.4726295,0.039252337,0.038108032,LOW,0
3,2008,11,0,0.08989682,0.0023023789,0.0065773064,LOW,0
4,2008,11,0,0.08507692,0.0023023789,0.006431719,LOW,0
5,2008,11,0,0.12354569,0.005141388,0.00768903,LOW,0
6,2008,11,0,0.5575643,0.06329114,0.05564785,MODERATE,0
7,2008,11,0,0.063930996,0.0023023789,0.005829914,LOW,0
8,2008,11,0,0.070085235,0.0023023789,0.005999042,LOW,0
9,2008,11,0,0.07848041,0.0023023789,0.0062376405,LOW,0
10,2008,11,0,0.12600112,0.005141388,0.0077771023,LOW,0
11,2008,11,0,0.08870151,0.0023023789,0.006540901,LOW,0
12,2008,11,0,0.08636245,0.0023023789,0.006470233,LOW,0
13,2008,11,0,0.116253965,0.0023023789,0.0074332864,LOW,0
14,2008,11,0,0.124586225,0.005141388,0.0077262293,LOW,0
15,2008,11,0,0.07909451,0.002302379,0.006255459,LOW,0
16,2008,11,0,0.41648486,0.033492822,0.029571675,LOW,0
17,2008,11,0,0.2882773,0.021466905,0.016460137,LOW,0
18,2008,11,0,0.12887886,0.005141388,0.007881593,LOW,0
19,2008,11,0,0.16960324,0.0051413886,0.009518542,LOW,0
20,2008,11,0,0.18613493,0.021466905,0.010275409,LOW,0
21,2008,11,0,0.25019836,0.021466905,0.0138133,LOW,0
22,2008,11,0,0.21760052,0.021466905,0.011884202,LOW,0
23,2008,11,0,0.14875154,0.005141388,0.008642192,LOW,0
24,2008,11,0,0.12522122,0.005141388,0.0077490187,LOW,0
25,2008,11,0,0.4507822,0.039252337,0.034536213,LOW,0
26,2008,11,0,0.11503288,0.0023023789,0.007391289,LOW,0
27,2008,11,0,0.17538095,0.021466905,0.009776571,LOW,0
28,2008,11,0,0.22274987,0.021466905,0.012170205,LOW,0
29,2008,11,0,0.52709234,0.03925234,0.04861926,LOW,0
30,2008,11,0,0.066014625,0.0023023789,0.0058866385,LOW,0
31,2008,11,0,0.0497006,0.0,0.0054567796,LOW,0
32,2008,11,0,0.07508348,0.0023023789,0.00613998,LOW,0
33,2008,11,0,0.06436598,0.0023023789,0.0058417106,LOW,0
34,2008,11,0,0.075010054,0.0023023789,0.006137889,LOW,0
35,2008,11,0,0.055231635,0.002302379,0.0055988994,LOW,0
0,2008,10,0,0.29490116,0.021466905,0.016968973,LOW,0
1,2008,10,0,0.07293373,0.0023023789,0.0060789627,LOW,0
2,2008,10,0,0.06869991,0.0023023789,0.0059605488,LOW,0
3,2008,10,0,0.03449959,0.0,0.005084401,LOW,0
4,2008,10,0,0.032351997,0.0,0.0050338707,LOW,0
5,2008,10,0,0.03923961,0.0,0.0051977197,LOW,0
6,2008,10,0,0.10085731,0.0023023789,0.0069206753,LOW,0
7,2008,10,0,0.029824294,0.0,0.0049750367,LOW,0
8,2008,10,0,0.031296834,0.0,0.0050092265,LOW,0
9,2008,10,0,0.032973357,0.0,0.0050484384,LOW,0
10,2008,10,0,0.046412233,0.0,0.00537399,LOW,0
11,2008,10,0,0.02876768,0.0,0.0049506463,LOW,0
12,2008,10,0,0.025351327,0.0,0.0048725964,LOW,0
13,2008,10,0,0.06479977,0.0023023789,0.005853497,LOW,0
14,2008,10,0,0.11506007,0.0023023789,0.0073922225,LOW,0
15,2008,10,0,0.03159408,0.0,0.005016157,LOW,0
16,2008,10,0,0.33300036,0.021466903,0.020209966,LOW,0
17,2008,10,0,0.05885359,0.002302379,0.005693954,LOW,0
18,2008,10,0,0.057580687,0.002302379,0.005660367,LOW,0
19,2008,10,0,0.029587677,0.0,0.0049695633,LOW,0
20,2008,10,0,0.041606195,0.0,0.005255233,LOW,0
21,2008,10,0,0.04836061,0.0,0.0054228916,LOW,0
22,2008,10,0,0.06546486,0.0023023789,0.005871617,LOW,0
23,2008,10,0,0.046423957,0.0,0.0053742835,LOW,0
24,2008,10,0,0.03297823,0.0,0.005048553,LOW,0
25,2008,10,0,0.08273173,0.0023023789,0.006362042,LOW,0
26,2008,10,0,0.025472196,0.0,0.004875337,LOW,0
27,2008,10,0,0.036939938,0.0,0.0051424303,LOW,0
28,2008,10,0,0.039124746,0.0,0.0051949443,LOW,0
29,2008,10,0,0.38597536,0.021466905,0.025742436,LOW,0
30,2008,10,0,0.020432824,0.0,0.004762375,LOW,0
31,2008,10,0,0.019496405,0.0,0.0047416743,LOW,0
32,2008,10,0,0.019887762,0.0,0.0047503146,LOW,0
33,2008,10,0,0.020361362,0.0,0.004760793,LOW,0
34,2008,10,0,0.02226826,0.0,0.0048032133,LOW,0
35,2008,10,0,0.020150045,0.0,0.004756114,LOW,0
0,2008,9,0,0.10370024,0.0023023789,0.0070126117,LOW,0
1,2008,9,0,0.09455332,0.0023023789,0.0067210696,LOW,0
2,2008,9,0,0.069499224,0.0023023789,0.0059827287,LOW,0
3,2008,9,0,0.033736568,0.0,0.0050663906,LOW,0
4,2008,9,0,0.03020902,0.0,0.004983946,LOW,0
5,2008,9,0,0.040223885,0.0,0.005221565,LOW,0
6,2008,9,0,0.065106675,0.002302379,0.005861853,LOW,0
7,2008,9,0,0.029489322,0.0,0.004967291,LOW,0
8,2008,9,0,0.025952632,0.0,0.004886245,LOW,0
9,2008,9,0,0.028645942,0.0,0.0049478426,LOW,0
10,2008,9,0,0.07134029,0.0023023789,0.0060341256,LOW,0
11,2008,9,0,0.021758223,0.0,0.00479183,LOW,0
12,2008,9,0,0.034807034,0.0,0.005091674,LOW,0
13,2008,9,0,0.11623885,0.002302379,0.007432762,LOW,0
14,2008,9,0,0.29596424,0.021466905,0.017052062,LOW,0
15,2008,9,0,0.032374173,0.0,0.0050343885,LOW,0
16,2008,9,0,0.067849666,0.0023023789,0.005937046,LOW,0
17,2008,9,0,0.060383324,0.0023023789,0.0057345815,LOW,0
18,2008,9,0,0.08359469,0.0023023789,0.006387592,LOW,0
19,2008,9,0,0.035719212,0.0,0.005113319,LOW,0
20,2008,9,0,0.040720455,0.0,0.0052336357,LOW,0
21,2008,9,0,0.046826266,0.0,0.005384345,LOW,0
22,2008,9,0,0.042938255,0.0,0.005287886,LOW,0
23,2008,9,0,0.03955805,0.0,0.005205423,LOW,0
24,2008,9,0,0.026795309,0.0,0.0049054357,LOW,0
25,2008,9,0,0.08758888,0.0023023789,0.006507188,LOW,0
26,2008,9,0,0.023185944,0.0,0.004823762,LOW,0
27,2008,9,0,0.042633574,0.0,0.0052803997,LOW,0
28,2008,9,0,0.043972913,0.0,0.0053133843,LOW,0
29,2008,9,0,0.21649183,0.021466903,0.011823495,LOW,0
30,2008,9,0,0.025721788,0.0,0.004881001,LOW,0
31,2008,9,0,0.020811835,0.0,0.0047707804,LOW,0
32,2008,9,0,0.019385686,0.0,0.0047392314,LOW,0
33,2008,9,0,0.019941188,0.0,0.004751496,LOW,0
34,2008,9,0,0.027357329,0.0,0.0049182754,LOW,0
35,2008,9,0,0.023700021,0.0,0.0048353127,LOW,0
0,2008,2,0,0.1152957,0.0023023789,0.007400309,LOW,0
1,2008,2,0,0.465537,0.039252337,0.03691122,LOW,0
2,2008,2,0,0.19538967,0.021466907,0.010724812,LOW,0
3,2008,2,0,0.04321065,0.0,0.005294587,LOW,0
4,2008,2,0,0.027723908,0.0,0.00492667,LOW,0
5,2008,2,0,0.028366728,0.0,0.004941421,LOW,0
6,2008,2,0,0.068304464,0.0023023789,0.005949608,LOW,0
7,2008,2,0,0.032170024,0.0,0.0050296118,LOW,0
8,2008,2,0,0.03590506,0.0,0.005117741,LOW,0
9,2008,2,0,0.04994206,0.0,0.005462908,LOW,0
10,2008,2,0,0.043982536,0.0,0.0053136237,LOW,0
11,2008,2,0,0.023745516,0.0,0.0048363362,LOW,0
12,2008,2,0,0.04906744,0.0,0.0054407404,LOW,0
13,2008,2,0,0.3444393,0.021466905,0.021296374,LOW,0
14,2008,2,0,0.4700186,0.039252337,0.037663184,LOW,0
15,2008,2,0,0.043217875,0.0,0.0052947653,LOW,0
16,2008,2,0,0.09720298,0.002302379,0.00680426,LOW,0
17,2008,2,0,0.058165215,0.0023023789,0.005675766,LOW,0
18,2008,2,0,0.06606207,0.0023023789,0.0058879363,LOW,0
19,2008,2,0,0.034377284,0.0,0.00508151,LOW,0
20,2008,2,0,0.031481035,0.0,0.005013521,LOW,0
21,2008,2,0,0.10808921,0.002302379,0.0071569285,LOW,0
22,2008,2,0,0.035812654,0.0,0.005115542,LOW,0
23,2008,2,0,0.039901998,0.0,0.0052137533,LOW,0
24,2008,2,0,0.061725363,0.0023023789,0.0057704607,LOW,0
25,2008,2,0,0.09119961,0.002302379,0.0066172164,LOW,0
26,2008,2,0,0.030534543,0.0,0.0049914974,LOW,0
27,2008,2,0,0.051770486,0.0,0.0055095404,LOW,0
28,2008,2,0,0.05912425,0.0023023789,0.005701121,LOW,0
29,2008,2,0,0.0416168,0.0,0.0052554924,LOW,0
30,2008,2,0,0.024690403,0.0,0.004857639,LOW,0
31,2008,2,0,0.04518424,0.0,0.0053433953,LOW,0
32,2008,2,0,0.018252645,0.0,0.0047143158,LOW,0
33,2008,2,0,0.021265855,0.0,0.0047808685,LOW,0
34,2008,2,0,0.031230915,0.0,0.0050076917,LOW,0
35,2008,2,0,0.029513765,0.0,0.0049678567,LOW,0
0,2009,4,0,0.104116455,0.002302379,0.0070261727,LOW,0
1,2009,4,0,0.66540134,0.09626719,0.088880606,MODERATE,0
2,2009,4,0,0.56288147,0.06329113,0.056968506,MODERATE,0
3,2009,4,0,0.123241596,0.0051413877,0.0076781916,LOW,0
4,2009,4,0,0.14030722,0.005141388,0.008310491,LOW,0
5,2009,4,0,0.07490403,0.0023023789,0.0061348644,LOW,0
6,2009,4,0,0.05232519,0.0,0.005523764,LOW,0
7,2009,4,0,0.17096561,0.005141388,0.009578768,LOW,0
8,2009,4,0,0.062232055,0.0023023789,0.005784065,LOW,0
9,2009,4,0,0.20337023,0.021466905,0.011127914,LOW,0
10,2009,4,0,0.1195028,0.005141388,0.007546173,LOW,0
11,2009,4,0,0.029414738,0.0,0.0049655684,LOW,0
12,2009,4,0,0.09129118,0.0023023789,0.0066200322,LOW,0
13,2009,4,0,0.49216363,0.039252337,0.04159996,LOW,0
14,2009,4,0,0.45679355,0.039252337,0.0354855,LOW,0
15,2009,4,0,0.15436146,0.005141388,0.008869779,LOW,0
16,2009,4,0,0.3043608,0.021466905,0.017722556,LOW,0
17,2009,4,0,0.09306153,0.002302379,0.0066746757,LOW,0
18,2009,4,0,0.1754084,0.021466905,0.009777812,LOW,0
19,2009,4,0,0.05770202,0.0023023789,0.0056635593,LOW,0
20,2009,4,0,0.040592212,0.0,0.0052305134,LOW,0
21,2009,4,0,0.32778624,0.021466907,0.019732948,LOW,0
22,2009,4,0,0.059006583,0.0023023789,0.005698005,LOW,0
23,2009,4,0,0.11487872,0.002302379,0.007386005,LOW,0
24,2009,4,0,0.11129192,0.0023023789,0.0072640944,LOW,0
25,2009,4,0,0.03563406,0.0,0.005111296,LOW,0
26,2009,4,0,0.030752454,0.0,0.0049965587,LOW,0
27,2009,4,0,0.18033113,0.021466905,0.010003139,LOW,0
28,2009,4,0,0.40282762,0.033492822,0.027793651,LOW,0
29,2009,4,0,0.03656173,0.0,0.005133395,LOW,0
30,2009,4,0,0.04254941,0.0,0.0052783336,LOW,0
31,2009,4,0,0.087921895,0.002302379,0.0065172613,LOW,0
32,2009,4,0,0.0344397,0.0,0.0050829826,LOW,0
33,2009,4,0,0.027292037,0.0,0.004916782,LOW,0
34,2009,4,0,0.041575585,0.0,0.005254485,LOW,0
35,2009,4,0,0.044977818,0.0,0.0053382684,LOW,0
0,2009,3,0,0.25524414,0.021466905,0.01413831,LOW,0
1,2009,3,0,0.5590186,0.06329114,0.05600617,MODERATE,0
2,2009,3,0,0.72152287,0.10472973,0.11254102,ELEVATED,1
3,2009,3,0,0.26772797,0.021466907,0.014975173,LOW,0
4,2009,3,0,0.18294878,0.021466905,0.010125044,LOW,0
5,2009,3,0,0.10817177,0.002302379,0.0071596694,LOW,0
6,2009,3,0,0.06259153,0.0023023789,0.005793736,LOW,0
7,2009,3,0,0.16766329,0.005141388,0.009433429,LOW,0
8,2009,3,0,0.09183275,0.0023023789,0.0066367006,LOW,0
9,2009,3,0,0.19444993,0.021466905,0.010678302,LOW,0
10,2009,3,0,0.22703683,0.021466905,0.012413487,LOW,0
11,2009,3,0,0.05797572,0.0023023789,0.0056707687,LOW,0
12,2009,3,0,0.09303634,0.002302379,0.0066738958,LOW,0
13,2009,3,0,0.5199562,0.039252337,0.047099326,LOW,0
14,2009,3,0,0.33308733,0.021466905,0.020218017,LOW,0
15,2009,3,0,0.2684522,0.021466905,0.015025197,LOW,0
16,2009,3,0,0.5425919,0.049689442,0.052082274,MODERATE,0
17,2009,3,0,0.09178218,0.0023023789,0.006635142,LOW,0
18,2009,3,0,0.18929657,0.021466905,0.010426797,LOW,0
19,2009,3,0,0.085107885,0.0023023789,0.0064326418,LOW,0
20,2009,3,0,0.0595164,0.002302379,0.0057115234,LOW,0
21,2009,3,0,0.39833763,0.033492822,0.027232116,LOW,0
22,2009,3,0,0.26103136,0.021466907,0.014520369,LOW,0
23,2009,3,0,0.17435421,0.005141388,0.009730217,LOW,0
24,2009,3,0,0.081642084,0.0023023789,0.006329924,LOW,0
25,2009,3,0,0.04381642,0.0,0.00530952,LOW,0
26,2009,3,0,0.05478648,0.002302379,0.005587325,LOW,0
27,2009,3,0,0.2996297,0.021466903,0.017341642,LOW,0
28,2009,3,0,0.6182119,0.08091603,0.07256344,MODERATE,0
29,2009,3,0,0.065463856,0.0023023789,0.0058715893,LOW,0
30,2009,3,0,0.06240084,0.002302379,0.0057886047,LOW,0
31,2009,3,0,0.12102583,0.005141388,0.0075996784,LOW,0
32,2009,3,0,0.045074042,0.0,0.005340659,LOW,0
33,2009,3,0,0.035107303,0.0,0.0050987904,LOW,0
34,2009,3,0,0.042773604,0.0,0.0052838395,LOW,0
35,2009,3,0,0.053922676,0.0023023789,0.0055649383,LOW,0
0,2009,7,0,0.43052512,0.033492822,0.031514354,LOW,0
1,2009,7,0,0.5507519,0.049689442,0.053997885,MODERATE,0
2,2009,7,1,0.77881634,0.18128653,0.14218853,ELEVATED,1
3,2009,7,0,0.5104567,0.039252337,0.045146,LOW,0
4,2009,7,1,0.5380487,0.049689442,0.051043723,MODERATE,0
5,2009,7,0,0.4854318,0.039252333,0.040363304,LOW,0
6,2009,7,1,0.5386373,0.049689442,0.05117716,MODERATE,0
7,2009,7,0,0.24773733,0.021466905,0.013657465,LOW,0
8,2009,7,0,0.14090373,0.005141388,0.0083335005,LOW,0
9,2009,7,0,0.31269044,0.021466905,0.018413257,LOW,0
10,2009,7,1,0.45063415,0.03925234,0.03451314,LOW,0
11,2009,7,0,0.1856329,0.021466905,0.010251568,LOW,0
12,2009,7,0,0.17265543,0.005141388,0.009654,LOW,0
13,2009,7,0,0.5179778,0.039252337,0.046686,LOW,0
14,2009,7,0,0.4703634,0.039252333,0.037721653,LOW,0
15,2009,7,1,0.35935837,0.021466905,0.022799486,LOW,0
16,2009,7,0,0.636572,0.08091603,0.07855525,MODERATE,0
17,2009,7,1,0.39689344,0.033492822,0.02705386,LOW,0
18,2009,7,0,0.49283943,0.039252337,0.041726083,LOW,0
19,2009,7,0,0.3496735,0.021466905,0.021812353,LOW,0
20,2009,7,0,0.4643294,0.039252333,0.03671107,LOW,0
21,2009,7,0,0.60538274,0.08091603,0.06862965,MODERATE,0
22,2009,7,0,0.3808347,0.021466905,0.025146594,LOW,0
23,2009,7,1,0.40923378,0.033492822,0.028614355,LOW,0
24,2009,7,0,0.22714071,0.021466907,0.012419439,LOW,0
25,2009,7,0,0.35283113,0.021466903,0.022129515,LOW,0
26,2009,7,0,0.15002978,0.005141388,0.008693536,LOW,0
27,2009,7,0,0.66786605,0.09626719,0.08981803,MODERATE,0
28,2009,7,0,0.7298994,0.119873814,0.116511434,ELEVATED,1
29,2009,7,0,0.348816,0.021466907,0.021726994,LOW,0
30,2009,7,0,0.40576592,0.033492822,0.028167197,LOW,0
31,2009,7,0,0.38857016,0.03030303,0.02604839,LOW,0
32,2009,7,0,0.3674239,0.021466905,0.02365475,LOW,0
33,2009,7,0,0.26107925,0.021466905,0.014523577,LOW,0
34,2009,7,0,0.088190235,0.0023023789,0.006525389,LOW,0
35,2009,7,0,0.25701183,0.021466907,0.014253949,LOW,0
0,2009,0,0,0.6277002,0.08091603,0.075605415,MODERATE,0
1,2009,0,0,0.60216546,0.08091603,0.06767459,MODERATE,0
2,2009,0,1,0.7472112,0.11987382,0.1251033,ELEVATED,1
3,2009,0,0,0.7514041,0.119873814,0.12726429,ELEVATED,1
4,2009,0,1,0.7074743,0.10472972,0.1061473,ELEVATED,1
5,2009,0,0,0.6821894,0.09626719,0.09544392,MODERATE,1
6,2009,0,1,0.7557252,0.13043478,0.12952466,ELEVATED,1
7,2009,0,0,0.60334677,0.08091603,0.06802382,MODERATE,0
8,2009,0,0,0.5381476,0.049689442,0.05106613,MODERATE,0
9,2009,0,0,0.60180336,0.08091603,0.06756787,MODERATE,0
10,2009,0,1,0.6802942,0.09626719,0.09468183,MODERATE,1
11,2009,0,0,0.34773922,0.021466905,0.021620264,LOW,0
12,2009,0,0,0.53383934,0.049689442,0.050099015,MODERATE,0
13,2009,0,0,0.59746534,0.08091603,0.066301465,MODERATE,0
14,2009,0,0,0.49814013,0.039252337,0.04272815,LOW,0
15,2009,0,1,0.6790994,0.09626719,0.094204165,MODERATE,1
16,2009,0,0,0.7311168,0.119873814,0.11709849,ELEVATED,1
17,2009,0,1,0.7852942,0.18128656,0.14592199,ELEVATED,1
18,2009,0,0,0.62683356,0.08091603,0.075322784,MODERATE,0
19,2009,0,0,0.7382804,0.119873814,0.1206051,ELEVATED,1
20,2009,0,0,0.67530864,0.09626719,0.09270299,MODERATE,1
21,2009,0,0,0.72901857,0.11987382,0.11608828,ELEVATED,1
22,2009,0,0,0.69063824,0.0962672,0.098908454,MODERATE,1
23,2009,0,1,0.7464977,0.11987381,0.12473867,ELEVATED,1
24,2009,0,0,0.63675725,0.08091603,0.07861796,MODERATE,0
25,2009,0,0,0.59569633,0.08091603,0.0657914,MODERATE,0
26,2009,0,0,0.23962615,0.021466905,0.013156018,LOW,0
27,2009,0,0,0.76433647,0.13043478,0.13413113,ELEVATED,1
28,2009,0,0,0.78616434,0.18128654,0.14642967,ELEVATED,1
29,2009,0,0,0.5030807,0.039252337,0.043682814,LOW,0
30,2009,0,0,0.6962715,0.09626719,0.10128024,ELEVATED,1
31,2009,0,1,0.6682373,0.09626719,0.08996,MODERATE,0
32,2009,0,0,0.59112144,0.08091603,0.064489156,MODERATE,0
33,2009,0,0,0.4838165,0.039252337,0.040071856,LOW,0
34,2009,0,0,0.33390695,0.021466905,0.020294053,LOW,0
35,2009,0,1,0.52233595,0.039252333,0.0476011,LOW,0
0,2009,8,0,0.6745985,0.09626719,0.09242418,MODERATE,1
1,2009,8,0,0.6235042,0.08091603,0.07424599,MODERATE,0
2,2009,8,1,0.71494836,0.10472973,0.10950802,ELEVATED,1
3,2009,8,0,0.73162967,0.119873814,0.117346585,ELEVATED,1
4,2009,8,1,0.76985705,0.18128654,0.1371566,ELEVATED,1
5,2009,8,0,0.71501625,0.10472973,0.109538965,ELEVATED,1
6,2009,8,1,0.7485813,0.119873814,0.12580593,ELEVATED,1
7,2009,8,1,0.7150514,0.10472973,0.10955499,ELEVATED,1
8,2009,8,0,0.62129945,0.08091603,0.07354071,MODERATE,0
9,2009,8,0,0.7068837,0.10472973,0.105885655,ELEVATED,1
10,2009,8,1,0.7209773,0.10472973,0.11228659,ELEVATED,1
11,2009,8,0,0.5204839,0.039252337,0.047210157,LOW,0
12,2009,8,0,0.62972564,0.08091603,0.07626978,MODERATE,0
13,2009,8,0,0.6568097,0.083333336,0.08568157,MODERATE,0
14,2009,8,0,0.60198414,0.08091603,0.067621134,MODERATE,0
15,2009,8,1,0.7275397,0.119873814,0.115380816,ELEVATED,1
16,2009,8,0,0.73439014,0.11987382,0.1186897,ELEVATED,1
17,2009,8,1,0.7926291,0.18128654,0.15024719,HIGH,1
18,2009,8,0,0.7671149,0.16666667,0.13564669,ELEVATED,1
19,2009,8,0,0.76178455,0.13043478,0.13275178,ELEVATED,1
20,2009,8,0,0.7390243,0.11987382,0.12097436,ELEVATED,1
21,2009,8,0,0.74091256,0.11987381,0.121916145,ELEVATED,1
22,2009,8,0,0.7241617,0.10472973,0.113778904,ELEVATED,1
23,2009,8,1,0.7739264,0.18128654,0.1394233,ELEVATED,1
24,2009,8,0,0.73088807,0.119873814,0.116988,ELEVATED,1
25,2009,8,0,0.71232957,0.10472973,0.10831998,ELEVATED,1
26,2009,8,0,0.32031727,0.021466905,0.019068806,LOW,0
27,2009,8,0,0.7651378,0.13043478,0.13456675,ELEVATED,1
28,2009,8,0,0.79516274,0.18128654,0.15176553,HIGH,1
29,2009,8,0,0.61148995,0.08091603,0.07047704,MODERATE,0
30,2009,8,0,0.7288936,0.119873814,0.116028346,ELEVATED,1
31,2009,8,1,0.7294593,0.119873814,0.11629983,ELEVATED,1
32,2009,8,0,0.7034407,0.099999994,0.104371615,ELEVATED,1
33,2009,8,0,0.61915374,0.08091603,0.07286028,MODERATE,0
34,2009,8,0,0.36388013,0.021466905,0.02327518,LOW,0
35,2009,8,1,0.69892716,0.09626719,0.10241577,ELEVATED,1
0,2009,6,0,0.73611647,0.11987381,0.11953641,ELEVATED,1
1,2009,6,0,0.6128884,0.08091603,0.070906475,MODERATE,0
2,2009,6,0,0.74158114,0.11987382,0.12225109,ELEVATED,1
3,2009,6,0,0.7904375,0.18128654,0.14894392,ELEVATED,1
4,2009,6,1,0.7417349,0.11987381,0.12232825,ELEVATED,1
5,2009,6,0,0.7696111,0.18128654,0.13702059,ELEVATED,1
6,2009,6,0,0.80275637,0.18128654,0.15639168,HIGH,1
7,2009,6,1,0.69196755,0.09626719,0.099463634,MODERATE,1
8,2009,6,0,0.6405513,0.08091603,0.07991228,MODERATE,0
9,2009,6,0,0.641707,0.08091603,0.08031038,MODERATE,0
10,2009,6,0,0.7008664,0.09626719,0.10325209,ELEVATED,1
11,2009,6,0,0.6359886,0.08091603,0.078358084,MODERATE,0
12,2009,6,0,0.5404708,0.049689442,0.05159494,MODERATE,0
13,2009,6,0,0.68020755,0.09626719,0.09464712,MODERATE,1
14,2009,6,0,0.5596382,0.06329114,0.056159485,MODERATE,0
15,2009,6,0,0.7485096,0.119873814,0.1257691,ELEVATED,1
16,2009,6,0,0.7172805,0.10472973,0.110575624,ELEVATED,1
17,2009,6,1,0.8201754,0.18128654,0.16743715,HIGH,1
18,2009,6,0,0.6856062,0.09626719,0.09683174,MODERATE,1
19,2009,6,0,0.752589,0.119873814,0.12788072,ELEVATED,1
20,2009,6,0,0.73014855,0.119873814,0.116631374,ELEVATED,1
21,2009,6,0,0.74071556,0.119873814,0.12181758,ELEVATED,1
22,2009,6,0,0.7550565,0.12232704,0.12917264,ELEVATED,1
23,2009,6,0,0.7975133,0.18128654,0.1531854,HIGH,1
24,2009,6,0,0.6186334,0.08091603,0.072696134,MODERATE,0
25,2009,6,0,0.7053388,0.10472973,0.10520389,ELEVATED,1
26,2009,6,0,0.5166678,0.039252333,0.04641423,LOW,0
27,2009,6,0,0.8123754,0.18128654,0.16241594,HIGH,1
28,2009,6,1,0.7652665,0.13043478,0.13463683,ELEVATED,1
29,2009,6,0,0.7878568,0.18128654,0.14742124,ELEVATED,1
30,2009,6,0,0.7569459,0.13043478,0.13016938,ELEVATED,1
31,2009,6,1,0.77985173,0.18128654,0.14277987,ELEVATED,1
32,2009,6,0,0.7318614,0.11987382,0.11745882,ELEVATED,1
33,2009,6,0,0.6745996,0.09626719,0.092424594,MODERATE,1
34,2009,6,0,0.39112756,0.03030303,0.026353396,LOW,0
35,2009,6,1,0.6469498,0.08091603,0.08213921,MODERATE,0
0,2009,5,0,0.6953125,0.09626719,0.100872934,ELEVATED,1
1,2009,5,0,0.58755416,0.06329114,0.06349043,MODERATE,0
2,2009,5,0,0.67269695,0.09626719,0.09168127,MODERATE,1
3,2009,5,0,0.74854803,0.119873814,0.12578884,ELEVATED,1
4,2009,5,1,0.62787974,0.08091603,0.075664096,MODERATE,0
5,2009,5,0,0.6819341,0.09626719,0.09534094,MODERATE,1
6,2009,5,0,0.72570944,0.10472973,0.114510454,ELEVATED,1
7,2009,5,1,0.5870316,0.06329114,0.06334535,MODERATE,0
8,2009,5,0,0.41724584,0.033492822,0.029673928,LOW,0
9,2009,5,0,0.545422,0.049689442,0.052739277,MODERATE,0
10,2009,5,0,0.583216,0.06329114,0.06229532,MODERATE,0
11,2009,5,0,0.55629027,0.06329114,0.05533571,MODERATE,0
12,2009,5,0,0.4875547,0.039252337,0.04074944,LOW,0
13,2009,5,0,0.6868589,0.09626719,0.097345054,MODERATE,1
14,2009,5,0,0.56935716,0.06329114,0.058616687,MODERATE,0
15,2009,5,0,0.603718,0.08091603,0.06813391,MODERATE,0
16,2009,5,0,0.6612849,0.09626719,0.08733467,MODERATE,0
17,2009,5,1,0.722693,0.10472973,0.113088496,ELEVATED,1
18,2009,5,0,0.541634,0.049689442,0.051861655,MODERATE,0
19,2009,5,0,0.65540606,0.08091603,0.08516898,MODERATE,0
20,2009,5,0,0.6771479,0.09626719,0.09342868,MODERATE,1
21,2009,5,0,0.7016543,0.1,0.10359361,ELEVATED,1
22,2009,5,0,0.7162841,0.10472973,0.11011836,ELEVATED,1
23,2009,5,0,0.7378495,0.11987382,0.12039162,ELEVATED,1
24,2009,5,0,0.60684705,0.08091603,0.06906846,MODERATE,0
25,2009,5,0,0.7672114,0.16666666,0.13569959,ELEVATED,1
26,2009,5,0,0.42803946,0.033492822,0.031161655,LOW,0
27,2009,5,0,0.7695311,0.18128654,0.13697638,ELEVATED,1
28,2009,5,1,0.71981007,0.10472973,0.111743875,ELEVATED,1
29,2009,5,1,0.7472322,0.11987381,0.12511402,ELEVATED,1
30,2009,5,0,0.73556,0.119873814,0.11926291,ELEVATED,1
31,2009,5,1,0.70719695,0.10472973,0.106024355,ELEVATED,1
32,2009,5,0,0.5906585,0.08091603,0.06435872,MODERATE,0
33,2009,5,0,0.5441158,0.049689442,0.05243507,MODERATE,0
34,2009,5,0,0.16950028,0.005141388,0.009514007,LOW,0
35,2009,5,0,0.5798758,0.06329114,0.061389465,MODERATE,0
0,2009,1,0,0.6965827,0.0962672,0.10141271,ELEVATED,1
1,2009,1,0,0.44918224,0.039252333,0.034287702,LOW,0
2,2009,1,0,0.6815381,0.09626719,0.09518139,MODERATE,1
3,2009,1,0,0.33702946,0.021466905,0.020586297,LOW,0
4,2009,1,1,0.4398132,0.039252337,0.032866772,LOW,0
5,2009,1,0,0.4863693,0.039252337,0.040533397,LOW,0
6,2009,1,0,0.6014213,0.08091603,0.06745543,MODERATE,0
7,2009,1,0,0.26476523,0.021466905,0.014772258,LOW,0
8,2009,1,0,0.20818785,0.021466905,0.011378469,LOW,0
9,2009,1,0,0.28633183,0.021466903,0.016313555,LOW,0
10,2009,1,0,0.39016148,0.030303031,0.026237769,LOW,0
11,2009,1,0,0.21845788,0.021466907,0.011931358,LOW,0
12,2009,1,0,0.19564354,0.021466905,0.010737406,LOW,0
13,2009,1,0,0.3719692,0.021466905,0.024150444,LOW,0
14,2009,1,0,0.3083878,0.021466907,0.01805324,LOW,0
15,2009,1,0,0.38423586,0.021466905,0.025539294,LOW,0
16,2009,1,0,0.63123775,0.08091603,0.07676925,MODERATE,0
17,2009,1,0,0.38032582,0.021466907,0.025088355,LOW,0
18,2009,1,0,0.3541277,0.021466905,0.022261046,LOW,0
19,2009,1,0,0.49696076,0.039252337,0.04250323,LOW,0
20,2009,1,0,0.49703625,0.039252337,0.04251759,LOW,0
21,2009,1,0,0.5399627,0.049689442,0.05147885,MODERATE,0
22,2009,1,0,0.5901099,0.08091603,0.064204484,MODERATE,0
23,2009,1,0,0.3844936,0.021466905,0.02556929,LOW,0
24,2009,1,0,0.22398257,0.021466905,0.012239673,LOW,0
25,2009,1,0,0.65424234,0.080916025,0.08474609,MODERATE,0
26,2009,1,0,0.25637007,0.021466905,0.01421186,LOW,0
27,2009,1,0,0.5847396,0.06329114,0.06271265,MODERATE,0
28,2009,1,1,0.4663309,0.039252337,0.03704336,LOW,0
29,2009,1,1,0.66322607,0.09626719,0.0880606,MODERATE,0
30,2009,1,0,0.3258584,0.021466905,0.019559383,LOW,0
31,2009,1,0,0.3135151,0.021466905,0.01848306,LOW,0
32,2009,1,0,0.16947779,0.005141388,0.009513014,LOW,0
33,2009,1,0,0.15771767,0.0051413886,0.009008765,LOW,0
34,2009,1,0,0.15289868,0.005141388,0.008809872,LOW,0
35,2009,1,0,0.21729816,0.021466907,0.011867616,LOW,0
0,2009,11,0,0.45046964,0.039252337,0.03448752,LOW,0
1,2009,11,0,0.3182016,0.021466905,0.0188847,LOW,0
2,2009,11,0,0.4810163,0.039252333,0.039571386,LOW,0
3,2009,11,0,0.13873148,0.005141388,0.0082500065,LOW,0
4,2009,11,0,0.12508471,0.005141388,0.0077441153,LOW,0
5,2009,11,0,0.12158339,0.005141388,0.0076193605,LOW,0
6,2009,11,0,0.5028162,0.039252337,0.043631177,LOW,0
7,2009,11,0,0.09653648,0.0023023789,0.00678324,LOW,0
8,2009,11,0,0.07812038,0.0023023789,0.0062272176,LOW,0
9,2009,11,0,0.10890547,0.002302379,0.0071840887,LOW,0
10,2009,11,0,0.07739237,0.0023023789,0.006206193,LOW,0
11,2009,11,0,0.071231164,0.0023023789,0.0060310666,LOW,0
12,2009,11,0,0.08714318,0.0023023789,0.006493734,LOW,0
13,2009,11,0,0.2560281,0.021466905,0.0141894845,LOW,0
14,2009,11,0,0.20366077,0.021466905,0.011142869,LOW,0
15,2009,11,0,0.13130425,0.005141388,0.007970741,LOW,0
16,2009,11,0,0.42248428,0.033492822,0.03038716,LOW,0
17,2009,11,0,0.23855312,0.021466905,0.013091056,LOW,0
18,2009,11,0,0.13436769,0.005141388,0.008084773,LOW,0
19,2009,11,0,0.190302,0.021466905,0.010475401,LOW,0
20,2009,11,0,0.16795327,0.005141388,0.0094461,LOW,0
21,2009,11,0,0.18535812,0.021466905,0.010238546,LOW,0
22,2009,11,0,0.2514224,0.021466905,0.01389146,LOW,0
23,2009,11,0,0.10758,0.0023023789,0.007140034,LOW,0
24,2009,11,0,0.09843468,0.0023023789,0.0068432814,LOW,0
25,2009,11,0,0.2955621,0.021466903,0.017020583,LOW,0
26,2009,11,0,0.07570012,0.0023023789,0.006157595,LOW,0
27,2009,11,0,0.20396493,0.021466905,0.011158547,LOW,0
28,2009,11,0,0.23643069,0.021466905,0.012963496,LOW,0
29,2009,11,1,0.536291,0.049689442,0.050647214,MODERATE,0
30,2009,11,0,0.08331373,0.0023023789,0.0063792625,LOW,0
31,2009,11,0,0.12457945,0.005141388,0.0077259876,LOW,0
32,2009,11,0,0.051018044,0.0,0.005490303,LOW,0
33,2009,11,0,0.057724077,0.002302379,0.005664142,LOW,0
34,2009,11,0,0.09828107,0.0023023789,0.006838403,LOW,0
35,2009,11,0,0.07707073,0.0023023789,0.0061969273,LOW,0
0,2009,10,0,0.27231464,0.021466905,0.015294745,LOW,0
1,2009,10,0,0.071377434,0.002302379,0.0060351673,LOW,0
2,2009,10,0,0.07458159,0.0023023789,0.0061256806,LOW,0
3,2009,10,0,0.04063694,0.0,0.0052316026,LOW,0
4,2009,10,0,0.029985016,0.0,0.004978756,LOW,0
5,2009,10,0,0.051285326,0.0,0.0054971282,LOW,0
6,2009,10,0,0.108586244,0.002302379,0.007173455,LOW,0
7,2009,10,0,0.030093037,0.0,0.004981258,LOW,0
8,2009,10,0,0.03848738,0.0,0.0051795705,LOW,0
9,2009,10,0,0.03272865,0.0,0.0050426954,LOW,0
10,2009,10,0,0.031605937,0.0,0.005016433,LOW,0
11,2009,10,0,0.03617966,0.0,0.0051242807,LOW,0
12,2009,10,0,0.027225297,0.0,0.0049152565,LOW,0
13,2009,10,0,0.13895425,0.005141388,0.008258532,LOW,0
14,2009,10,0,0.15738761,0.005141388,0.008995004,LOW,0
15,2009,10,0,0.035365187,0.0,0.0051049087,LOW,0
16,2009,10,0,0.20971347,0.021466903,0.011458967,LOW,0
17,2009,10,0,0.07348711,0.0023023789,0.006094612,LOW,0
18,2009,10,0,0.057133723,0.002302379,0.005648619,LOW,0
19,2009,10,0,0.03595659,0.0,0.005118967,LOW,0
20,2009,10,0,0.033887167,0.0,0.005069939,LOW,0
21,2009,10,0,0.041882373,0.0,0.005261988,LOW,0
22,2009,10,0,0.082594566,0.0023023789,0.0063579893,LOW,0
23,2009,10,0,0.027840577,0.0,0.004929343,LOW,0
24,2009,10,0,0.047639962,0.0,0.0054047513,LOW,0
25,2009,10,0,0.11237122,0.002302379,0.0073005664,LOW,0
26,2009,10,0,0.03156335,0.0,0.0050154408,LOW,0
27,2009,10,0,0.039515328,0.0,0.005204389,LOW,0
28,2009,10,0,0.04707169,0.0,0.0053904927,LOW,0
29,2009,10,0,0.26785454,0.021466907,0.0149839055,LOW,0
30,2009,10,0,0.02340256,0.0,0.0048286263,LOW,0
31,2009,10,0,0.023188611,0.0,0.0048238216,LOW,0
32,2009,10,0,0.018459233,0.0,0.0047188485,LOW,0
33,2009,10,0,0.02628424,0.0,0.0048937886,LOW,0
34,2009,10,0,0.03218756,0.0,0.005030022,LOW,0
35,2009,10,0,0.021052614,0.0,0.0047761267,LOW,0
0,2009,9,0,0.06967942,0.0023023789,0.0059877383,LOW,0
1,2009,9,1,0.08946917,0.002302379,0.0065642586,LOW,0
2,2009,9,0,0.09262498,0.0023023789,0.0066611585,LOW,0
3,2009,9,0,0.038332563,0.0,0.0051758415,LOW,0
4,2009,9,0,0.032566894,0.0,0.0050389026,LOW,0
5,2009,9,0,0.044352584,0.0,0.0053227725,LOW,0
6,2009,9,0,0.0592958,0.0023023789,0.005705669,LOW,0
7,2009,9,0,0.041088063,0.0,0.0052425875,LOW,0
8,2009,9,0,0.028569715,0.0,0.0049460893,LOW,0
9,2009,9,0,0.022732964,0.0,0.004813609,LOW,0
10,2009,9,0,0.030237935,0.0,0.0049846177,LOW,0
11,2009,9,0,0.027215794,0.0,0.00491504,LOW,0
12,2009,9,0,0.027331196,0.0,0.0049176784,LOW,0
13,2009,9,0,0.32794988,0.021466905,0.01974775,LOW,0
14,2009,9,0,0.16488902,0.005141388,0.009313017,LOW,0
15,2009,9,0,0.027012935,0.0,0.0049104034,LOW,0
16,2009,9,0,0.088061735,0.0023023789,0.0065214955,LOW,0
17,2009,9,0,0.064629115,0.0023023789,0.005848857,LOW,0
18,2009,9,0,0.059866864,0.0023023789,0.005720833,LOW,0
19,2009,9,0,0.06471703,0.0023023789,0.0058512473,LOW,0
20,2009,9,0,0.04544122,0.0,0.005349783,LOW,0
21,2009,9,0,0.038718313,0.0,0.0051851356,LOW,0
22,2009,9,0,0.048310634,0.0,0.005421631,LOW,0
23,2009,9,0,0.035477635,0.0,0.0051075784,LOW,0
24,2009,9,0,0.03687473,0.0,0.0051408717,LOW,0
25,2009,9,0,0.044118535,0.0,0.0053169844,LOW,0
26,2009,9,0,0.02753442,0.0,0.0049223285,LOW,0
27,2009,9,0,0.04195162,0.0,0.005263683,LOW,0
28,2009,9,0,0.04256156,0.0,0.0052786316,LOW,0
29,2009,9,0,0.18444419,0.021466905,0.01019534,LOW,0
30,2009,9,0,0.022167023,0.0,0.0048009525,LOW,0
31,2009,9,0,0.02017681,0.0,0.0047567077,LOW,0
32,2009,9,0,0.024947617,0.0,0.0048634554,LOW,0
33,2009,9,0,0.022238914,0.0,0.004802557,LOW,0
34,2009,9,0,0.029273331,0.0,0.004962304,LOW,0
35,2009,9,0,0.022069173,0.0,0.004798766,LOW,0
0,2009,2,0,0.107853636,0.002302379,0.0071491054,LOW,0
1,2009,2,1,0.21376456,0.021466905,0.011675472,LOW,0
2,2009,2,0,0.07749528,0.002302379,0.006209161,LOW,0
3,2009,2,0,0.056184024,0.0023023789,0.0056237387,LOW,0
4,2009,2,0,0.028516416,0.0,0.0049448647,LOW,0
5,2009,2,0,0.030737687,0.0,0.0049962173,LOW,0
6,2009,2,0,0.050083295,0.0,0.005466495,LOW,0
7,2009,2,0,0.026837843,0.0,0.004906407,LOW,0
8,2009,2,0,0.03149632,0.0,0.0050138775,LOW,0
9,2009,2,0,0.027344042,0.0,0.004917972,LOW,0
10,2009,2,0,0.024611719,0.0,0.004855862,LOW,0
11,2009,2,0,0.02447351,0.0,0.0048527406,LOW,0
12,2009,2,0,0.0542615,0.002302379,0.005573708,LOW,0
13,2009,2,0,0.47281048,0.039252337,0.038139064,LOW,0
14,2009,2,0,0.13733909,0.005141388,0.008196922,LOW,0
15,2009,2,0,0.032926943,0.0,0.0050473483,LOW,0
16,2009,2,0,0.079027474,0.0023023789,0.006253512,LOW,0
17,2009,2,0,0.038893603,0.0,0.005189363,LOW,0
18,2009,2,0,0.101041466,0.002302379,0.0069265966,LOW,0
19,2009,2,0,0.027654873,0.0,0.0049250876,LOW,0
20,2009,2,0,0.03255943,0.0,0.005038728,LOW,0
21,2009,2,0,0.08260655,0.0023023789,0.0063583446,LOW,0
22,2009,2,0,0.035707287,0.0,0.005113038,LOW,0
23,2009,2,0,0.02672658,0.0,0.0049038674,LOW,0
24,2009,2,0,0.07025918,0.0023023789,0.0060038916,LOW,0
25,2009,2,0,0.06328617,0.0023023789,0.005812471,LOW,0
26,2009,2,0,0.027074296,0.0,0.004911806,LOW,0
27,2009,2,0,0.037879754,0.0,0.0051649543,LOW,0
28,2009,2,0,0.0762783,0.002302379,0.006174157,LOW,0
29,2009,2,0,0.14875281,0.0051413886,0.008642245,LOW,0
30,2009,2,0,0.0221013,0.0,0.0047994833,LOW,0
31,2009,2,0,0.038717035,0.0,0.005185104,LOW,0
32,2009,2,0,0.022361023,0.0,0.004805288,LOW,0
33,2009,2,0,0.01746706,0.0,0.004697117,LOW,0
34,2009,2,0,0.03391702,0.0,0.005070644,LOW,0
35,2009,2,0,0.021522421,0.0,0.004786578,LOW,0
0,2010,4,0,0.22925837,0.021466905,0.012541442,LOW,0
1,2010,4,1,0.46458077,0.039252337,0.03675265,LOW,0
2,2010,4,0,0.469872,0.039252337,0.03763836,LOW,0
3,2010,4,0,0.1184837,0.005141388,0.007510581,LOW,0
4,2010,4,0,0.08435244,0.0023023789,0.006410114,LOW,0
5,2010,4,0,0.041439924,0.0,0.0052511715,LOW,0
6,2010,4,0,0.04583542,0.0,0.005359596,LOW,0
7,2010,4,0,0.10820071,0.0023023789,0.0071606324,LOW,0
8,2010,4,0,0.044968233,0.0,0.0053380304,LOW,0
9,2010,4,0,0.06595019,0.002302379,0.005884875,LOW,0
10,2010,4,0,0.069261186,0.002302379,0.0059761163,LOW,0
11,2010,4,0,0.032208607,0.0,0.0050305137,LOW,0
12,2010,4,0,0.07786439,0.0023023789,0.0062198183,LOW,0
13,2010,4,0,0.51717174,0.03925234,0.046518598,LOW,0
14,2010,4,0,0.169392,0.0051413886,0.009509237,LOW,0
15,2010,4,0,0.1566167,0.0051413886,0.008962936,LOW,0
16,2010,4,0,0.08071132,0.0023023789,0.006302617,LOW,0
17,2010,4,0,0.05658982,0.002302379,0.005634359,LOW,0
18,2010,4,0,0.10487859,0.002302379,0.0070510707,LOW,0
19,2010,4,0,0.041941337,0.0,0.0052634305,LOW,0
20,2010,4,0,0.039347216,0.0,0.005200322,LOW,0
21,2010,4,0,0.2149333,0.021466905,0.01173868,LOW,0
22,2010,4,0,0.06859333,0.0023023789,0.0059575997,LOW,0
23,2010,4,0,0.044435706,0.0,0.0053248308,LOW,0
24,2010,4,0,0.093641676,0.0023023789,0.00669268,LOW,0
25,2010,4,0,0.032057993,0.0,0.0050269924,LOW,0
26,2010,4,0,0.03399209,0.0,0.005072415,LOW,0
27,2010,4,0,0.07706764,0.002302379,0.006196839,LOW,0
28,2010,4,0,0.5136317,0.039252337,0.045790117,LOW,0
29,2010,4,0,0.05281544,0.0,0.0055363667,LOW,0
30,2010,4,0,0.026734564,0.0,0.004904049,LOW,0
31,2010,4,0,0.08850761,0.0023023789,0.006535013,LOW,0
32,2010,4,0,0.027689552,0.0,0.004925882,LOW,0
33,2010,4,0,0.033335734,0.0,0.005056953,LOW,0
34,2010,4,0,0.042406306,0.0,0.005274822,LOW,0
35,2010,4,0,0.033660926,0.0,0.005064607,LOW,0
0,2010,3,0,0.29713103,0.021466905,0.017143719,LOW,0
1,2010,3,0,0.48612693,0.039252333,0.040489357,LOW,0
2,2010,3,0,0.5329769,0.049689442,0.049907528,LOW,0
3,2010,3,0,0.20433466,0.021466907,0.01117763,LOW,0
4,2010,3,0,0.1985137,0.021466907,0.0108808605,LOW,0
5,2010,3,0,0.048533853,0.0,0.00542726,LOW,0
6,2010,3,0,0.06403926,0.0023023789,0.005832847,LOW,0
7,2010,3,0,0.1491502,0.005141388,0.008658173,LOW,0
8,2010,3,0,0.04541373,0.0,0.0053491006,LOW,0
9,2010,3,0,0.051167727,0.0,0.005494124,LOW,0
10,2010,3,0,0.20059022,0.021466905,0.010985823,LOW,0
11,2010,3,0,0.049886774,0.0,0.005461504,LOW,0
12,2010,3,0,0.05870805,0.0023023789,0.005690103,LOW,0
13,2010,3,0,0.505347,0.039252337,0.044127494,LOW,0
14,2010,3,0,0.18280813,0.021466905,0.010118456,LOW,0
15,2010,3,0,0.29380164,0.021466907,0.016883448,LOW,0
16,2010,3,0,0.4436018,0.039252337,0.033434376,LOW,0
17,2010,3,0,0.076062344,0.002302379,0.006167966,LOW,0
18,2010,3,0,0.16896702,0.005141388,0.009490544,LOW,0
19,2010,3,0,0.07233057,0.0023023789,0.006061954,LOW,0
20,2010,3,0,0.053666066,0.0023023786,0.0055583026,LOW,0
21,2010,3,0,0.3903982,0.030303031,0.026266055,LOW,0
22,2010,3,0,0.094959125,0.0023023789,0.0067337444,LOW,0
23,2010,3,0,0.17994174,0.021466907,0.00998513,LOW,0
24,2010,3,0,0.087746054,0.0023023789,0.0065119406,LOW,0
25,2010,3,0,0.037084118,0.0,0.005145881,LOW,0
26,2010,3,0,0.057953354,0.0023023789,0.0056701796,LOW,0
27,2010,3,0,0.21911383,0.021466905,0.011967558,LOW,0
28,2010,3,0,0.7485019,0.11987382,0.12576513,ELEVATED,1
29,2010,3,0,0.07253246,0.0023023789,0.006067642,LOW,0
30,2010,3,0,0.031167895,0.0,0.0050062235,LOW,0
31,2010,3,0,0.06851556,0.002302379,0.0059554456,LOW,0
32,2010,3,0,0.050933525,0.0,0.0054881447,LOW,0
33,2010,3,0,0.054257855,0.002302379,0.005573613,LOW,0
34,2010,3,0,0.035865597,0.0,0.0051168012,LOW,0
35,2010,3,0,0.034148667,0.0,0.0050761076,LOW,0
0,2010,7,0,0.39280933,0.030303031,0.026555855,LOW,0
1,2010,7,0,0.3783745,0.021466905,0.024866218,LOW,0
2,2010,7,0,0.7038179,0.099999994,0.10453653,ELEVATED,1
3,2010,7,0,0.46982032,0.03925234,0.03762961,LOW,0
4,2010,7,0,0.4609582,0.03925234,0.036157854,LOW,0
5,2010,7,0,0.29166624,0.021466907,0.016718565,LOW,0
6,2010,7,0,0.42528522,0.033492822,0.0307753,LOW,0
7,2010,7,0,0.4050743,0.033492822,0.028078841,LOW,0
8,2010,7,0,0.084523395,0.0023023789,0.006415206,LOW,0
9,2010,7,0,0.3334396,0.021466905,0.02025066,LOW,0
10,2010,7,0,0.44018388,0.039252337,0.032921888,LOW,0
11,2010,7,0,0.09616749,0.0023023789,0.006771627,LOW,0
12,2010,7,0,0.14177948,0.005141388,0.0083674025,LOW,0
13,2010,7,0,0.49558637,0.039252337,0.042242542,LOW,0
14,2010,7,0,0.46204612,0.03925234,0.036335494,LOW,0
15,2010,7,0,0.4354881,0.039252337,0.032230165,LOW,0
16,2010,7,0,0.5309306,0.039252337,0.049455903,LOW,0
17,2010,7,0,0.46319,0.039252337,0.036523186,LOW,0
18,2010,7,0,0.46237826,0.039252337,0.0363899,LOW,0
19,2010,7,0,0.52066684,0.039252333,0.04724864,LOW,0
20,2010,7,0,0.380244,0.021466905,0.025078997,LOW,0
21,2010,7,0,0.6086961,0.08091603,0.06962629,MODERATE,0
22,2010,7,0,0.4537154,0.03925234,0.034996312,LOW,0
23,2010,7,0,0.51188904,0.039252337,0.04543551,LOW,0
24,2010,7,0,0.10363475,0.0023023789,0.007010481,LOW,0
25,2010,7,0,0.28224355,0.021466905,0.016009703,LOW,0
26,2010,7,0,0.113983,0.002302379,0.00735537,LOW,0
27,2010,7,0,0.5309319,0.039252337,0.049456194,LOW,0
28,2010,7,0,0.8098963,0.18128654,0.16084562,HIGH,1
29,2010,7,0,0.3209906,0.021466905,0.019127768,LOW,0
30,2010,7,0,0.33126113,0.021466905,0.02004961,LOW,0
31,2010,7,0,0.2816143,0.021466905,0.015963428,LOW,0
32,2010,7,0,0.4146936,0.033492822,0.02933233,LOW,0
33,2010,7,0,0.30623698,0.021466903,0.017875876,LOW,0
34,2010,7,0,0.07630649,0.0023023789,0.0061749676,LOW,0
35,2010,7,0,0.28844598,0.021466905,0.016472902,LOW,0
0,2010,0,0,0.61218774,0.08091603,0.07069102,MODERATE,0
1,2010,0,0,0.37850493,0.021466905,0.024881009,LOW,0
2,2010,0,0,0.69315773,0.0962672,0.09996308,MODERATE,1
3,2010,0,0,0.6833065,0.09626719,0.09589571,MODERATE,1
4,2010,0,0,0.68122584,0.09626719,0.09505577,MODERATE,1
5,2010,0,0,0.59977466,0.08091603,0.06697287,MODERATE,0
6,2010,0,0,0.6019857,0.08091603,0.06762159,MODERATE,0
7,2010,0,0,0.59949917,0.08091604,0.06689243,MODERATE,0
8,2010,0,0,0.17659234,0.021466905,0.009831541,LOW,0
9,2010,0,0,0.5042724,0.039252333,0.0439161,LOW,0
10,2010,0,0,0.6702583,0.09626719,0.0907364,MODERATE,1
11,2010,0,0,0.31529677,0.021466905,0.018634755,LOW,0
12,2010,0,0,0.22123618,0.021466905,0.012085432,LOW,0
13,2010,0,0,0.5249701,0.039252337,0.04816245,LOW,0
14,2010,0,0,0.46111247,0.039252337,0.03618299,LOW,0
15,2010,0,1,0.6767359,0.09626719,0.09326565,MODERATE,1
16,2010,0,0,0.66975015,0.09626719,0.0905406,MODERATE,1
17,2010,0,0,0.62787706,0.08091603,0.075663224,MODERATE,0
18,2010,0,0,0.55604005,0.06329114,0.055274595,MODERATE,0
19,2010,0,0,0.6924923,0.0962672,0.099683575,MODERATE,1
20,2010,0,0,0.6630158,0.09626719,0.087981716,MODERATE,0
21,2010,0,0,0.6739119,0.09626719,0.092155315,MODERATE,1
22,2010,0,0,0.7118634,0.10472973,0.10810969,ELEVATED,1
23,2010,0,0,0.70691764,0.10472973,0.10590067,ELEVATED,1
24,2010,0,0,0.26599535,0.021466907,0.014856173,LOW,0
25,2010,0,0,0.63638043,0.08091603,0.07849046,MODERATE,0
26,2010,0,0,0.23790947,0.021466905,0.01305224,LOW,0
27,2010,0,0,0.74471736,0.11987382,0.12383291,ELEVATED,1
28,2010,0,0,0.7886816,0.18128654,0.14790648,ELEVATED,1
29,2010,0,0,0.4981903,0.039252337,0.042737745,LOW,0
30,2010,0,0,0.6147869,0.08091603,0.07149334,MODERATE,0
31,2010,0,0,0.6180371,0.08091603,0.07250846,MODERATE,0
32,2010,0,0,0.6647459,0.09626719,0.08863282,MODERATE,0
33,2010,0,0,0.61167,0.08091603,0.070532195,MODERATE,0
34,2010,0,0,0.17693101,0.021466905,0.009846964,LOW,0
35,2010,0,0,0.5040718,0.039252337,0.043876745,LOW,0
0,2010,8,0,0.7290782,0.119873814,0.116116874,ELEVATED,1
1,2010,8,0,0.5595997,0.06329114,0.05614995,MODERATE,0
2,2010,8,0,0.6298543,0.08091603,0.07631217,MODERATE,0
3,2010,8,1,0.7018935,0.1,0.10369747,ELEVATED,1
4,2010,8,0,0.75709075,0.13043478,0.13024604,ELEVATED,1
5,2010,8,0,0.64259446,0.08091604,0.080617316,MODERATE,0
6,2010,8,0,0.77303034,0.18128654,0.1389215,ELEVATED,1
7,2010,8,0,0.7177041,0.10472973,0.11077051,ELEVATED,1
8,2010,8,0,0.30674195,0.021466905,0.017917361,LOW,0
9,2010,8,0,0.58660406,0.06329114,0.063226864,MODERATE,0
10,2010,8,0,0.71876925,0.10472973,0.11126188,ELEVATED,1
11,2010,8,0,0.40119788,0.033492822,0.027588544,LOW,0
12,2010,8,0,0.27670902,0.021466907,0.015607214,LOW,0
13,2010,8,0,0.6215967,0.08091603,0.07363544,MODERATE,0
14,2010,8,0,0.5686464,0.06329114,0.058433615,MODERATE,0
15,2010,8,1,0.71417123,0.10472973,0.10915429,ELEVATED,1
16,2010,8,0,0.6766431,0.09626719,0.09322898,MODERATE,1
17,2010,8,0,0.7659356,0.13043478,0.13500166,ELEVATED,1
18,2010,8,0,0.682801,0.09626719,0.09569103,MODERATE,1
19,2010,8,0,0.7649176,0.13043478,0.13444693,ELEVATED,1
20,2010,8,0,0.738486,0.11987381,0.120707035,ELEVATED,1
21,2010,8,0,0.6780534,0.09626719,0.093787774,MODERATE,1
22,2010,8,0,0.737693,0.119873814,0.12031418,ELEVATED,1
23,2010,8,0,0.7654301,0.13043478,0.13472596,ELEVATED,1
24,2010,8,0,0.3088251,0.021466903,0.018089512,LOW,0
25,2010,8,0,0.72069436,0.10472972,0.112154834,ELEVATED,1
26,2010,8,0,0.32116055,0.021466905,0.019142678,LOW,0
27,2010,8,0,0.8017255,0.18128654,0.155757,HIGH,1
28,2010,8,0,0.7386188,0.11987382,0.120772965,ELEVATED,1
29,2010,8,0,0.54071724,0.049689442,0.05165134,MODERATE,0
30,2010,8,0,0.68828917,0.09626719,0.09793411,MODERATE,1
31,2010,8,0,0.66562486,0.09626719,0.08896525,MODERATE,0
32,2010,8,0,0.7388808,0.11987381,0.12090307,ELEVATED,1
33,2010,8,0,0.6586811,0.08626581,0.08636937,MODERATE,0
34,2010,8,0,0.19396512,0.021466905,0.010654391,LOW,0
35,2010,8,0,0.60233575,0.080916025,0.067724824,MODERATE,0
0,2010,6,0,0.7409522,0.119873814,0.12193598,ELEVATED,1
1,2010,6,0,0.45651564,0.039252337,0.035441063,LOW,0
2,2010,6,0,0.62931573,0.08091603,0.07613489,MODERATE,0
3,2010,6,1,0.7444321,0.11987382,0.1236883,ELEVATED,1
4,2010,6,0,0.77879804,0.18128654,0.14217809,ELEVATED,1
5,2010,6,0,0.7148243,0.10472973,0.10945149,ELEVATED,1
6,2010,6,0,0.55996454,0.06329114,0.0562404,MODERATE,0
7,2010,6,0,0.701292,0.1,0.10343643,ELEVATED,1
8,2010,6,0,0.21379186,0.021466905,0.011676947,LOW,0
9,2010,6,0,0.5779478,0.06329115,0.060872216,MODERATE,0
10,2010,6,0,0.6762901,0.09626719,0.09308959,MODERATE,1
11,2010,6,0,0.53591985,0.049689442,0.050563868,MODERATE,0
12,2010,6,0,0.23013872,0.021466903,0.012592507,LOW,0
13,2010,6,0,0.6136396,0.08091603,0.07113816,MODERATE,0
14,2010,6,0,0.426132,0.033492822,0.030893587,LOW,0
15,2010,6,1,0.7329026,0.11987381,0.11796428,ELEVATED,1
16,2010,6,0,0.6975436,0.09626719,0.1018228,ELEVATED,1
17,2010,6,0,0.7651784,0.13043478,0.13458887,ELEVATED,1
18,2010,6,0,0.69023997,0.09626719,0.09874265,MODERATE,1
19,2010,6,0,0.72621155,0.104729734,0.11474865,ELEVATED,1
20,2010,6,0,0.7282615,0.119873814,0.11572562,ELEVATED,1
21,2010,6,0,0.6035518,0.08091603,0.06808461,MODERATE,0
22,2010,6,0,0.7463384,0.11987382,0.12465744,ELEVATED,1
23,2010,6,0,0.75093585,0.11987381,0.12702139,ELEVATED,1
24,2010,6,0,0.29140007,0.021466903,0.016698126,LOW,0
25,2010,6,0,0.73088497,0.11987381,0.116986506,ELEVATED,1
26,2010,6,0,0.5436998,0.049689442,0.05233854,MODERATE,0
27,2010,6,0,0.76954466,0.18128654,0.13698387,ELEVATED,1
28,2010,6,0,0.6822421,0.09626719,0.09546519,MODERATE,1
29,2010,6,0,0.67107487,0.09626719,0.09105181,MODERATE,1
30,2010,6,0,0.698734,0.09626719,0.1023328,ELEVATED,1
31,2010,6,0,0.74101406,0.119873814,0.12196695,ELEVATED,1
32,2010,6,0,0.6718632,0.09626719,0.09135724,MODERATE,1
33,2010,6,0,0.6872943,0.09626719,0.09752405,MODERATE,1
34,2010,6,0,0.18800871,0.021466905,0.010364864,LOW,0
35,2010,6,0,0.5493542,0.049689442,0.05366512,MODERATE,0
0,2010,5,0,0.72254854,0.10472973,0.113020785,ELEVATED,1
1,2010,5,0,0.43056807,0.033492822,0.031520482,LOW,0
2,2010,5,0,0.63641626,0.08091603,0.07850258,MODERATE,0
3,2010,5,1,0.738457,0.119873814,0.1206927,ELEVATED,1
4,2010,5,0,0.7004275,0.0962672,0.103062265,ELEVATED,1
5,2010,5,0,0.64111847,0.08091603,0.08010742,MODERATE,0
6,2010,5,0,0.670555,0.09626719,0.09085088,MODERATE,1
7,2010,5,0,0.5905961,0.08091603,0.064341165,MODERATE,0
8,2010,5,0,0.10991056,0.002302379,0.007217677,LOW,0
9,2010,5,0,0.49855578,0.039252337,0.042807695,LOW,0
10,2010,5,0,0.6626712,0.09626719,0.08785255,MODERATE,0
11,2010,5,0,0.5333799,0.049689442,0.04999692,LOW,0
12,2010,5,0,0.17510995,0.005141388,0.009764313,LOW,0
13,2010,5,0,0.55593985,0.06329114,0.05525015,MODERATE,0
14,2010,5,0,0.49152675,0.039252337,0.041481428,LOW,0
15,2010,5,1,0.7025289,0.10000001,0.103973866,ELEVATED,1
16,2010,5,0,0.67248297,0.096267186,0.09159801,MODERATE,1
17,2010,5,0,0.72604895,0.10472973,0.11467146,ELEVATED,1
18,2010,5,0,0.601291,0.08091603,0.06741714,MODERATE,0
19,2010,5,0,0.6763362,0.09626719,0.0931078,MODERATE,1
20,2010,5,0,0.6553818,0.08091603,0.085160136,MODERATE,0
21,2010,5,0,0.6549605,0.08091603,0.08500684,MODERATE,0
22,2010,5,0,0.7269166,0.11987381,0.11508389,ELEVATED,1
23,2010,5,0,0.68195486,0.09626719,0.095349304,MODERATE,1
24,2010,5,0,0.12735789,0.005141388,0.007826194,LOW,0
25,2010,5,0,0.6759911,0.09626719,0.09297166,MODERATE,1
26,2010,5,0,0.42173132,0.033492822,0.03028363,LOW,0
27,2010,5,0,0.73849034,0.119873814,0.12070922,ELEVATED,1
28,2010,5,0,0.61348444,0.08091603,0.071090244,MODERATE,0
29,2010,5,0,0.66373885,0.09626719,0.08825329,MODERATE,0
30,2010,5,0,0.55251384,0.049689442,0.054420147,MODERATE,0
31,2010,5,0,0.5980737,0.08091603,0.06647774,MODERATE,0
32,2010,5,0,0.53196573,0.049689442,0.049683865,LOW,0
33,2010,5,0,0.54570836,0.049689442,0.052806184,MODERATE,0
34,2010,5,0,0.10703186,0.0023023789,0.0071218903,LOW,0
35,2010,5,0,0.5041659,0.039252337,0.0438952,LOW,0
0,2010,1,0,0.6298269,0.08091603,0.07630313,MODERATE,0
1,2010,1,0,0.46908906,0.039252337,0.03750602,LOW,0
2,2010,1,0,0.6416325,0.08091603,0.08028466,MODERATE,0
3,2010,1,0,0.4320668,0.033492822,0.031735048,LOW,0
4,2010,1,0,0.46471512,0.039252337,0.03677489,LOW,0
5,2010,1,0,0.4249381,0.033492822,0.030726943,LOW,0
6,2010,1,0,0.6790228,0.09626719,0.09417361,MODERATE,1
7,2010,1,0,0.24685335,0.021466905,0.013601911,LOW,0
8,2010,1,0,0.14665838,0.0051413877,0.008558768,LOW,0
9,2010,1,0,0.3950067,0.030303031,0.026822677,LOW,0
10,2010,1,0,0.36279023,0.021466903,0.023159645,LOW,0
11,2010,1,0,0.25234258,0.021466903,0.013950501,LOW,0
12,2010,1,0,0.2673409,0.021466903,0.014948504,LOW,0
13,2010,1,0,0.3341072,0.021466905,0.020312672,LOW,0
14,2010,1,0,0.40729022,0.033492822,0.028362904,LOW,0
15,2010,1,0,0.4468072,0.039252337,0.033921987,LOW,0
16,2010,1,0,0.637287,0.08091603,0.078797534,MODERATE,0
17,2010,1,0,0.4489168,0.039252337,0.034246635,LOW,0
18,2010,1,0,0.33895797,0.021466905,0.020768842,LOW,0
19,2010,1,0,0.37478983,0.021466905,0.02446313,LOW,0
20,2010,1,0,0.3645549,0.021466905,0.023346996,LOW,0
21,2010,1,0,0.67879087,0.09626719,0.09408118,MODERATE,1
22,2010,1,0,0.5702927,0.06329113,0.05885846,MODERATE,0
23,2010,1,0,0.39963594,0.033492822,0.027393343,LOW,0
24,2010,1,0,0.12876582,0.005141388,0.0078774635,LOW,0
25,2010,1,0,0.5435784,0.049689442,0.05231039,MODERATE,0
26,2010,1,0,0.24871954,0.021466903,0.013719448,LOW,0
27,2010,1,0,0.5434952,0.049689442,0.052291118,MODERATE,0
28,2010,1,0,0.42197788,0.033492822,0.030317495,LOW,0
29,2010,1,0,0.60077876,0.08091603,0.067266755,MODERATE,0
30,2010,1,0,0.20046441,0.021466907,0.010979433,LOW,0
31,2010,1,0,0.29876402,0.021466905,0.017272813,LOW,0
32,2010,1,0,0.20947061,0.021466905,0.011446118,LOW,0
33,2010,1,0,0.16234273,0.005141388,0.009203837,LOW,0
34,2010,1,0,0.1140791,0.0023023789,0.00735865,LOW,0
35,2010,1,0,0.24262045,0.021466905,0.013338978,LOW,0
0,2010,11,0,0.48941007,0.039252337,0.0410898,LOW,0
1,2010,11,0,0.32657108,0.021466905,0.01962337,LOW,0
2,2010,11,0,0.43289602,0.033492822,0.031854372,LOW,0
3,2010,11,0,0.08058599,0.0023023789,0.006298948,LOW,0
4,2010,11,0,0.111486875,0.0023023789,0.007270669,LOW,0
5,2010,11,0,0.089395426,0.002302379,0.0065620104,LOW,0
6,2010,11,0,0.46099344,0.039252337,0.036163587,LOW,0
7,2010,11,0,0.10906412,0.002302379,0.0071893823,LOW,0
8,2010,11,0,0.07703924,0.0023023789,0.0061960225,LOW,0
9,2010,11,0,0.11434672,0.002302379,0.007367796,LOW,0
10,2010,11,0,0.08451526,0.0023023789,0.006414963,LOW,0
11,2010,11,0,0.07277459,0.002302379,0.00607447,LOW,0
12,2010,11,0,0.09747034,0.0023023789,0.0068127112,LOW,0
13,2010,11,0,0.082767434,0.0023023789,0.006363097,LOW,0
14,2010,11,0,0.21029502,0.021466905,0.011489802,LOW,0
15,2010,11,0,0.15676048,0.005141388,0.008968909,LOW,0
16,2010,11,0,0.4247253,0.033492822,0.030697327,LOW,0
17,2010,11,0,0.26679283,0.021466907,0.014910832,LOW,0
18,2010,11,0,0.12535413,0.0051413877,0.007753798,LOW,0
19,2010,11,0,0.10571115,0.002302379,0.007078368,LOW,0
20,2010,11,0,0.114470236,0.0023023789,0.0073720203,LOW,0
21,2010,11,0,0.25639167,0.021466905,0.014213277,LOW,0
22,2010,11,0,0.3483974,0.021466905,0.021685438,LOW,0
23,2010,11,0,0.08573772,0.0023023789,0.0064514885,LOW,0
24,2010,11,0,0.11320789,0.002302379,0.007328965,LOW,0
25,2010,11,0,0.32837296,0.021466905,0.019786065,LOW,0
26,2010,11,0,0.074624486,0.0023023789,0.006126903,LOW,0
27,2010,11,0,0.20066562,0.021466905,0.010989653,LOW,0
28,2010,11,0,0.19042408,0.021466905,0.010481319,LOW,0
29,2010,11,0,0.48824918,0.039252333,0.040876523,LOW,0
30,2010,11,0,0.059684746,0.0023023789,0.0057159932,LOW,0
31,2010,11,0,0.09095142,0.0023023789,0.0066095954,LOW,0
32,2010,11,0,0.05771036,0.0023023789,0.0056637796,LOW,0
33,2010,11,0,0.082768954,0.002302379,0.0063631427,LOW,0
34,2010,11,0,0.055095505,0.0023023789,0.0055953586,LOW,0
35,2010,11,0,0.07489171,0.0023023789,0.0061345124,LOW,0
0,2010,10,0,0.37021953,0.021466905,0.023958445,LOW,0
1,2010,10,0,0.0633361,0.0023023789,0.0058138184,LOW,0
2,2010,10,0,0.060089543,0.0023023789,0.0057267565,LOW,0
3,2010,10,0,0.04181997,0.0,0.0052604605,LOW,0
4,2010,10,0,0.027741728,0.0,0.0049270764,LOW,0
5,2010,10,0,0.03709315,0.0,0.005146096,LOW,0
6,2010,10,0,0.09436091,0.0023023789,0.006715065,LOW,0
7,2010,10,0,0.02801084,0.0,0.004933248,LOW,0
8,2010,10,0,0.028730102,0.0,0.0049497797,LOW,0
9,2010,10,0,0.03297661,0.0,0.005048515,LOW,0
10,2010,10,0,0.03259627,0.0,0.0050395913,LOW,0
11,2010,10,0,0.02831807,0.0,0.004940303,LOW,0
12,2010,10,0,0.024669472,0.0,0.004857166,LOW,0
13,2010,10,0,0.04913502,0.0,0.005442449,LOW,0
14,2010,10,0,0.14135271,0.005141388,0.008350865,LOW,0
15,2010,10,0,0.041913785,0.0,0.0052627563,LOW,0
16,2010,10,0,0.4361343,0.039252337,0.03232452,LOW,0
17,2010,10,0,0.0525786,0.0,0.005530277,LOW,0
18,2010,10,0,0.04115542,0.0,0.0052442295,LOW,0
19,2010,10,0,0.02921427,0.0,0.004960941,LOW,0
20,2010,10,0,0.027098699,0.0,0.0049123634,LOW,0
21,2010,10,0,0.06101444,0.0023023789,0.0057514273,LOW,0
22,2010,10,0,0.051120598,0.0,0.00549292,LOW,0
23,2010,10,0,0.029176049,0.0,0.0049600583,LOW,0
24,2010,10,0,0.035136316,0.0,0.005099477,LOW,0
25,2010,10,0,0.10914699,0.0023023789,0.007192147,LOW,0
26,2010,10,0,0.026079915,0.0,0.0048891394,LOW,0
27,2010,10,0,0.029405018,0.0,0.0049653444,LOW,0
28,2010,10,0,0.038945913,0.0,0.0051906263,LOW,0
29,2010,10,0,0.38492593,0.021466905,0.025619693,LOW,0
30,2010,10,0,0.020247009,0.0,0.004758261,LOW,0
31,2010,10,0,0.017857116,0.0,0.0047056493,LOW,0
32,2010,10,0,0.018319327,0.0,0.0047157793,LOW,0
33,2010,10,0,0.022620786,0.0,0.004811097,LOW,0
34,2010,10,0,0.017044919,0.0,0.0046879016,LOW,0
35,2010,10,0,0.019578239,0.0,0.0047434797,LOW,0
0,2010,9,0,0.08542321,0.0023023789,0.006442069,LOW,0
1,2010,9,0,0.06237836,0.0023023789,0.0057879984,LOW,0
2,2010,9,0,0.060089342,0.0023023789,0.005726751,LOW,0
3,2010,9,0,0.036164153,0.0,0.0051239114,LOW,0
4,2010,9,0,0.022177145,0.0,0.0048011784,LOW,0
5,2010,9,0,0.05201661,0.0,0.005515846,LOW,0
6,2010,9,0,0.067532636,0.0023023789,0.005928309,LOW,0
7,2010,9,0,0.026812628,0.0,0.0049058297,LOW,0
8,2010,9,0,0.03101655,0.0,0.0050027,LOW,0
9,2010,9,0,0.024676463,0.0,0.0048573255,LOW,0
10,2010,9,0,0.033555925,0.0,0.0050621354,LOW,0
11,2010,9,0,0.02647217,0.0,0.0048980676,LOW,0
12,2010,9,0,0.027630586,0.0,0.0049245316,LOW,0
13,2010,9,0,0.07160755,0.0023023789,0.006041623,LOW,0
14,2010,9,0,0.3953616,0.030303031,0.026866013,LOW,0
15,2010,9,0,0.030676693,0.0,0.0049948,LOW,0
16,2010,9,0,0.10352015,0.002302379,0.0070067504,LOW,0
17,2010,9,0,0.048022643,0.0,0.0054143774,LOW,0
18,2010,9,0,0.045545213,0.0,0.005352372,LOW,0
19,2010,9,0,0.049145505,0.0,0.005442715,LOW,0
20,2010,9,0,0.043940928,0.0,0.0053125955,LOW,0
21,2010,9,0,0.05615097,0.0023023789,0.0056228754,LOW,0
22,2010,9,0,0.06467225,0.0023023789,0.0058500296,LOW,0
23,2010,9,0,0.028861247,0.0,0.0049528014,LOW,0
24,2010,9,0,0.028766481,0.0,0.0049506184,LOW,0
25,2010,9,0,0.10262042,0.0023023789,0.0069775498,LOW,0
26,2010,9,0,0.02521334,0.0,0.004869471,LOW,0
27,2010,9,0,0.050695002,0.0,0.005482063,LOW,0
28,2010,9,0,0.04580145,0.0,0.00535875,LOW,0
29,2010,9,0,0.25290912,0.021466905,0.013986978,LOW,0
30,2010,9,0,0.02095973,0.0,0.0047740648,LOW,0
31,2010,9,0,0.01727499,0.0,0.004692921,LOW,0
32,2010,9,0,0.021422973,0.0,0.0047843633,LOW,0
33,2010,9,0,0.019935379,0.0,0.0047513675,LOW,0
34,2010,9,0,0.02478276,0.0,0.0048597273,LOW,0
35,2010,9,0,0.025531707,0.0,0.004876688,LOW,0
0,2010,2,0,0.103493385,0.0023023789,0.0070058815,LOW,0
1,2010,2,0,0.13756087,0.0051413886,0.008205353,LOW,0
2,2010,2,0,0.06886259,0.0023023789,0.0059650564,LOW,0
3,2010,2,0,0.043874912,0.0,0.0053109657,LOW,0
4,2010,2,0,0.025695913,0.0,0.0048804125,LOW,0
5,2010,2,0,0.042645145,0.0,0.0052806824,LOW,0
6,2010,2,0,0.0516432,0.0,0.005506281,LOW,0
7,2010,2,0,0.025988389,0.0,0.0048870565,LOW,0
8,2010,2,0,0.030986765,0.0,0.005002007,LOW,0
9,2010,2,0,0.04558394,0.0,0.005353334,LOW,0
10,2010,2,0,0.0277259,0.0,0.004926714,LOW,0
11,2010,2,0,0.025608072,0.0,0.004878419,LOW,0
12,2010,2,0,0.02957525,0.0,0.0049692756,LOW,0
13,2010,2,0,0.20626977,0.021466905,0.011278052,LOW,0
14,2010,2,0,0.455508,0.039252337,0.035280395,LOW,0
15,2010,2,0,0.039902445,0.0,0.005213766,LOW,0
16,2010,2,0,0.09222635,0.002302379,0.00664884,LOW,0
17,2010,2,0,0.04014812,0.0,0.0052197245,LOW,0
18,2010,2,0,0.07178197,0.0023023789,0.006046522,LOW,0
19,2010,2,0,0.028746067,0.0,0.0049501485,LOW,0
20,2010,2,0,0.029557085,0.0,0.004968856,LOW,0
21,2010,2,0,0.08718043,0.0023023789,0.0064948564,LOW,0
22,2010,2,0,0.034530066,0.0,0.00508512,LOW,0
23,2010,2,0,0.025117626,0.0,0.004867302,LOW,0
24,2010,2,0,0.03831072,0.0,0.0051753162,LOW,0
25,2010,2,0,0.122019835,0.005141388,0.0076348,LOW,0
26,2010,2,0,0.027525771,0.0,0.00492213,LOW,0
27,2010,2,0,0.055340547,0.0023023789,0.0056017353,LOW,0
28,2010,2,0,0.06733712,0.0023023789,0.0059229247,LOW,0
29,2010,2,0,0.058750514,0.002302379,0.005691228,LOW,0
30,2010,2,0,0.020759063,0.0,0.0047696102,LOW,0
31,2010,2,0,0.03323643,0.0,0.0050546187,LOW,0
32,2010,2,0,0.020606356,0.0,0.004766223,LOW,0
33,2010,2,0,0.02137748,0.0,0.004783351,LOW,0
34,2010,2,0,0.025494741,0.0,0.004875848,LOW,0
35,2010,2,0,0.021474333,0.0,0.004785506,LOW,0
0,2011,4,0,0.12500763,0.005141388,0.007741345,LOW,0
1,2011,4,0,0.26875407,0.021466905,0.015046092,LOW,0
2,2011,4,1,0.27140346,0.021466905,0.015230731,LOW,0
3,2011,4,0,0.083901435,0.0023023789,0.0063966988,LOW,0
4,2011,4,0,0.11105998,0.002302379,0.0072562792,LOW,0
5,2011,4,0,0.080844164,0.0023023789,0.0063065067,LOW,0
6,2011,4,0,0.058920197,0.002302379,0.0056957174,LOW,0
7,2011,4,0,0.122180924,0.005141388,0.007640507,LOW,0
8,2011,4,0,0.047346845,0.0,0.0053973924,LOW,0
9,2011,4,0,0.07881553,0.0023023789,0.0062473607,LOW,0
10,2011,4,0,0.0967909,0.002302379,0.006791257,LOW,0
11,2011,4,0,0.02904695,0.0,0.00495708,LOW,0
12,2011,4,0,0.06859475,0.0023023789,0.0059576365,LOW,0
13,2011,4,0,0.3408344,0.021466905,0.020947976,LOW,0
14,2011,4,0,0.6043655,0.08091603,0.06832635,MODERATE,0
15,2011,4,0,0.08697505,0.0023023789,0.006488666,LOW,0
16,2011,4,0,0.09398695,0.0023023789,0.0067034187,LOW,0
17,2011,4,0,0.05028942,0.0,0.0054717367,LOW,0
18,2011,4,0,0.08650621,0.0023023789,0.0064745536,LOW,0
19,2011,4,0,0.047194127,0.0,0.005393562,LOW,0
20,2011,4,0,0.041025378,0.0,0.005241061,LOW,0
21,2011,4,0,0.33245036,0.021466907,0.020159122,LOW,0
22,2011,4,0,0.058706015,0.002302379,0.005690049,LOW,0
23,2011,4,0,0.047809795,0.0,0.0054090214,LOW,0
24,2011,4,0,0.08276452,0.0023023789,0.00636301,LOW,0
25,2011,4,0,0.03731814,0.0,0.005151484,LOW,0
26,2011,4,0,0.032414213,0.0,0.0050353273,LOW,0
27,2011,4,0,0.053184703,0.0023023789,0.005545879,LOW,0
28,2011,4,0,0.6132735,0.08091603,0.071025155,MODERATE,0
29,2011,4,0,0.038091537,0.0,0.005170043,LOW,0
30,2011,4,0,0.029893681,0.0,0.004976642,LOW,0
31,2011,4,0,0.06316769,0.002302379,0.00580927,LOW,0
32,2011,4,0,0.030364174,0.0,0.004987544,LOW,0
33,2011,4,0,0.034088198,0.0,0.005074682,LOW,0
34,2011,4,0,0.03922772,0.0,0.0051974314,LOW,0
35,2011,4,0,0.029905818,0.0,0.004976923,LOW,0
0,2011,3,0,0.11385011,0.0023023789,0.007350835,LOW,0
1,2011,3,0,0.367419,0.021466905,0.023654222,LOW,0
2,2011,3,1,0.49041888,0.039252337,0.041276008,LOW,0
3,2011,3,0,0.11067048,0.0023023789,0.0072431765,LOW,0
4,2011,3,0,0.12823799,0.0051413886,0.007858205,LOW,0
5,2011,3,0,0.0955757,0.002302379,0.006753048,LOW,0
6,2011,3,0,0.07992973,0.0023023789,0.006279777,LOW,0
7,2011,3,0,0.1924142,0.021466905,0.010578242,LOW,0
8,2011,3,0,0.042619612,0.0,0.0052800565,LOW,0
9,2011,3,0,0.07896259,0.0023023789,0.0062516276,LOW,0
10,2011,3,0,0.24108388,0.021466905,0.013244778,LOW,0
11,2011,3,0,0.0472816,0.0,0.0053957542,LOW,0
12,2011,3,0,0.058764316,0.002302379,0.0056915926,LOW,0
13,2011,3,0,0.40306982,0.033492822,0.027824262,LOW,0
14,2011,3,0,0.4755256,0.039252337,0.038607385,LOW,0
15,2011,3,0,0.11379129,0.0023023789,0.007348831,LOW,0
16,2011,3,0,0.28981894,0.021466905,0.016577203,LOW,0
17,2011,3,0,0.095022835,0.002302379,0.006735735,LOW,0
18,2011,3,0,0.1956799,0.021466905,0.010739215,LOW,0
19,2011,3,0,0.07988521,0.0023023789,0.0062784795,LOW,0
20,2011,3,0,0.08504438,0.0023023789,0.0064307465,LOW,0
21,2011,3,0,0.50406194,0.039252337,0.04387481,LOW,0
22,2011,3,0,0.11350972,0.002302379,0.007339237,LOW,0
23,2011,3,0,0.14512911,0.005141388,0.008498324,LOW,0
24,2011,3,0,0.10089251,0.0023023789,0.0069218096,LOW,0
25,2011,3,0,0.06920656,0.0023023789,0.005974598,LOW,0
26,2011,3,0,0.07686858,0.0023023789,0.006191112,LOW,0
27,2011,3,0,0.17999068,0.021466905,0.009987393,LOW,0
28,2011,3,0,0.7452815,0.119873814,0.124119334,ELEVATED,1
29,2011,3,0,0.043246564,0.0,0.0052954713,LOW,0
30,2011,3,0,0.049084794,0.0,0.005441179,LOW,0
31,2011,3,0,0.09341547,0.0023023789,0.0066856523,LOW,0
32,2011,3,0,0.047216333,0.0,0.005394117,LOW,0
33,2011,3,0,0.037301905,0.0,0.0051510953,LOW,0
34,2011,3,0,0.04026068,0.0,0.0052224565,LOW,0
35,2011,3,0,0.04114588,0.0,0.005243998,LOW,0
0,2011,7,0,0.3860172,0.021466903,0.025747338,LOW,0
1,2011,7,0,0.37640485,0.021466905,0.02464394,LOW,0
2,2011,7,1,0.6244515,0.08091603,0.07455092,MODERATE,0
3,2011,7,0,0.1375578,0.005141388,0.008205238,LOW,0
4,2011,7,0,0.44272524,0.039252337,0.033302214,LOW,0
5,2011,7,0,0.5075905,0.039252337,0.044571955,LOW,0
6,2011,7,0,0.49996316,0.039252337,0.04307807,LOW,0
7,2011,7,0,0.39949402,0.033492822,0.027375676,LOW,0
8,2011,7,0,0.18158269,0.021466905,0.010061242,LOW,0
9,2011,7,0,0.23823383,0.021466903,0.013071788,LOW,0
10,2011,7,0,0.40475196,0.033492822,0.028037751,LOW,0
11,2011,7,0,0.20745933,0.021466905,0.011340224,LOW,0
12,2011,7,0,0.20634411,0.021466905,0.011281928,LOW,0
13,2011,7,0,0.45349142,0.039252337,0.034960963,LOW,0
14,2011,7,0,0.43903065,0.039252337,0.032750692,LOW,0
15,2011,7,0,0.4205771,0.033492822,0.030125586,LOW,0
16,2011,7,0,0.5316392,0.049689442,0.04961186,LOW,0
17,2011,7,0,0.5195599,0.039252337,0.047016263,LOW,0
18,2011,7,1,0.47371614,0.03925234,0.038294666,LOW,0
19,2011,7,0,0.5590156,0.06329114,0.05600542,MODERATE,0
20,2011,7,0,0.56535,0.06329114,0.057591587,MODERATE,0
21,2011,7,0,0.6383704,0.08091603,0.079165906,MODERATE,0
22,2011,7,0,0.510435,0.039252337,0.045141634,LOW,0
23,2011,7,0,0.44354364,0.039252337,0.033425596,LOW,0
24,2011,7,0,0.2784909,0.021466905,0.015735699,LOW,0
25,2011,7,0,0.43294102,0.033492822,0.031860854,LOW,0
26,2011,7,0,0.30553463,0.021466905,0.017818328,LOW,0
27,2011,7,0,0.5292543,0.039252337,0.049088858,LOW,0
28,2011,7,0,0.7809849,0.18128654,0.1434294,ELEVATED,1
29,2011,7,0,0.32517916,0.021466907,0.019498589,LOW,0
30,2011,7,0,0.32679832,0.021466905,0.019643817,LOW,0
31,2011,7,0,0.29012007,0.021466905,0.016600166,LOW,0
32,2011,7,0,0.38413486,0.021466905,0.02552755,LOW,0
33,2011,7,0,0.26039225,0.021466905,0.014477683,LOW,0
34,2011,7,0,0.12723114,0.0051413886,0.0078215925,LOW,0
35,2011,7,0,0.363684,0.021466905,0.02325435,LOW,0
0,2011,0,0,0.62192595,0.08091603,0.073740505,MODERATE,0
1,2011,0,0,0.48252058,0.039252337,0.039839488,LOW,0
2,2011,0,1,0.7073341,0.10472973,0.10608513,ELEVATED,1
3,2011,0,0,0.34944806,0.021466905,0.02178988,LOW,0
4,2011,0,0,0.6549553,0.08091603,0.08500496,MODERATE,0
5,2011,0,0,0.57806027,0.06329114,0.060902268,MODERATE,0
6,2011,0,0,0.6659178,0.09626719,0.08907631,MODERATE,0
7,2011,0,0,0.5689956,0.06329114,0.058523495,MODERATE,0
8,2011,0,0,0.56166506,0.06329114,0.056663807,MODERATE,0
9,2011,0,0,0.5097123,0.039252337,0.044996236,LOW,0
10,2011,0,0,0.6613599,0.09626719,0.08736261,MODERATE,0
11,2011,0,0,0.42513254,0.033492822,0.030754022,LOW,0
12,2011,0,0,0.47480306,0.039252337,0.03848222,LOW,0
13,2011,0,0,0.5530718,0.06329114,0.054554522,MODERATE,0
14,2011,0,0,0.4928056,0.039252337,0.04171976,LOW,0
15,2011,0,1,0.5626802,0.06329114,0.056917973,MODERATE,0
16,2011,0,0,0.6501906,0.08091603,0.08328857,MODERATE,0
17,2011,0,0,0.63233584,0.08091603,0.077133834,MODERATE,0
18,2011,0,1,0.6088746,0.08091603,0.06968036,MODERATE,0
19,2011,0,0,0.6827659,0.09626719,0.09567682,MODERATE,1
20,2011,0,0,0.6904622,0.09626719,0.09883513,MODERATE,1
21,2011,0,0,0.7515792,0.119873814,0.12735525,ELEVATED,1
22,2011,0,0,0.6816715,0.09626719,0.09523512,MODERATE,1
23,2011,0,1,0.7140576,0.10472973,0.109102644,ELEVATED,1
24,2011,0,0,0.50203943,0.039252337,0.043479923,LOW,0
25,2011,0,0,0.589867,0.08091603,0.06413629,MODERATE,0
26,2011,0,0,0.49098647,0.039252337,0.041381124,LOW,0
27,2011,0,0,0.7181941,0.10472973,0.11099632,ELEVATED,1
28,2011,0,0,0.7861586,0.18128654,0.1464263,ELEVATED,1
29,2011,0,0,0.5680003,0.06329114,0.05826769,MODERATE,0
30,2011,0,0,0.6615097,0.09626719,0.08741844,MODERATE,0
31,2011,0,0,0.6122887,0.08091603,0.07072202,MODERATE,0
32,2011,0,0,0.69312924,0.09626719,0.09995108,MODERATE,1
33,2011,0,0,0.4671203,0.039252337,0.03717521,LOW,0
34,2011,0,0,0.41590497,0.033492822,0.029493984,LOW,0
35,2011,0,0,0.56108385,0.06329114,0.056518756,MODERATE,0
0,2011,8,0,0.56715053,0.06329114,0.0580501,MODERATE,0
1,2011,8,0,0.51929885,0.039252337,0.04696161,LOW,0
2,2011,8,1,0.7458687,0.11987381,0.12441803,ELEVATED,1
3,2011,8,0,0.5360083,0.049689442,0.05058372,MODERATE,0
4,2011,8,0,0.7488609,0.11987382,0.12594974,ELEVATED,1
5,2011,8,0,0.6685072,0.09626719,0.090063326,MODERATE,1
6,2011,8,0,0.71464664,0.10472973,0.109370545,ELEVATED,1
7,2011,8,0,0.72697467,0.119873814,0.1151115,ELEVATED,1
8,2011,8,0,0.67612433,0.09626719,0.09302419,MODERATE,1
9,2011,8,0,0.5823545,0.06329114,0.06206049,MODERATE,0
10,2011,8,0,0.69949704,0.0962672,0.10266092,ELEVATED,1
11,2011,8,0,0.6057098,0.08091603,0.06872743,MODERATE,0
12,2011,8,0,0.547181,0.049689442,0.053151548,MODERATE,0
13,2011,8,0,0.58884513,0.080916025,0.06385019,MODERATE,0
14,2011,8,0,0.61893964,0.08091603,0.07279269,MODERATE,0
15,2011,8,1,0.6754231,0.09626719,0.092748,MODERATE,1
16,2011,8,0,0.674949,0.09626719,0.09256168,MODERATE,1
17,2011,8,0,0.7596966,0.13043478,0.13163215,ELEVATED,1
18,2011,8,1,0.6863199,0.09626719,0.097123906,MODERATE,1
19,2011,8,0,0.73572373,0.11987382,0.119343325,ELEVATED,1
20,2011,8,0,0.76518834,0.13043478,0.13459428,ELEVATED,1
21,2011,8,0,0.7274799,0.119873814,0.11535228,ELEVATED,1
22,2011,8,0,0.7305633,0.11987381,0.116831265,ELEVATED,1
23,2011,8,1,0.7643814,0.13043478,0.13415554,ELEVATED,1
24,2011,8,0,0.59074765,0.08091603,0.064383835,MODERATE,0
25,2011,8,0,0.71428365,0.10472973,0.109205395,ELEVATED,1
26,2011,8,0,0.5074462,0.03925234,0.04454325,LOW,0
27,2011,8,0,0.7737257,0.18128654,0.13931076,ELEVATED,1
28,2011,8,0,0.7762435,0.18128654,0.14072794,ELEVATED,1
29,2011,8,0,0.69438744,0.09626719,0.10048144,ELEVATED,1
30,2011,8,0,0.76690155,0.15467513,0.1355298,ELEVATED,1
31,2011,8,0,0.7246523,0.104729734,0.11401035,ELEVATED,1
32,2011,8,0,0.78438115,0.18128654,0.14539088,ELEVATED,1
33,2011,8,0,0.71087205,0.10472973,0.10766369,ELEVATED,1
34,2011,8,0,0.5430278,0.049689442,0.05218296,MODERATE,0
35,2011,8,0,0.5889387,0.08091603,0.063876346,MODERATE,0
0,2011,6,0,0.509569,0.039252337,0.044967465,LOW,0
1,2011,6,0,0.6001263,0.080916025,0.06707565,MODERATE,0
2,2011,6,0,0.6885938,0.09626719,0.09805998,MODERATE,1
3,2011,6,0,0.59174126,0.08091603,0.06466417,MODERATE,0
4,2011,6,0,0.75419426,0.119873814,0.12871994,ELEVATED,1
5,2011,6,0,0.7120177,0.10472973,0.108179264,ELEVATED,1
6,2011,6,0,0.686235,0.09626719,0.09708912,MODERATE,1
7,2011,6,0,0.6195103,0.08091603,0.07297293,MODERATE,0
8,2011,6,0,0.61066645,0.08091603,0.07022529,MODERATE,0
9,2011,6,0,0.6658633,0.09626719,0.089055605,MODERATE,0
10,2011,6,0,0.64310116,0.08091603,0.08079305,MODERATE,0
11,2011,6,0,0.60703784,0.08091603,0.06912583,MODERATE,0
12,2011,6,0,0.6147311,0.08091603,0.07147601,MODERATE,0
13,2011,6,0,0.5978643,0.08091604,0.06641701,MODERATE,0
14,2011,6,0,0.5951973,0.08091603,0.06564818,MODERATE,0
15,2011,6,1,0.62882787,0.08091603,0.07597464,MODERATE,0
16,2011,6,0,0.6867098,0.09626719,0.097283855,MODERATE,1
17,2011,6,0,0.7089494,0.10472973,0.10680329,ELEVATED,1
18,2011,6,0,0.75924176,0.13043478,0.1313893,ELEVATED,1
19,2011,6,0,0.726661,0.119873814,0.114962265,ELEVATED,1
20,2011,6,0,0.78509927,0.18128654,0.14580849,ELEVATED,1
21,2011,6,0,0.6674745,0.09626719,0.089668505,MODERATE,0
22,2011,6,0,0.7397167,0.11987381,0.12131899,ELEVATED,1
23,2011,6,1,0.72097856,0.10472973,0.112287186,ELEVATED,1
24,2011,6,0,0.57729,0.06329115,0.060696684,MODERATE,0
25,2011,6,0,0.7467379,0.119873814,0.12486134,ELEVATED,1
26,2011,6,0,0.64576864,0.08091603,0.081723906,MODERATE,0
27,2011,6,0,0.77608263,0.18128654,0.14063704,ELEVATED,1
28,2011,6,0,0.6815684,0.09626719,0.095193595,MODERATE,1
29,2011,6,0,0.6395289,0.08091603,0.07956158,MODERATE,0
30,2011,6,0,0.8015795,0.18128654,0.15566725,HIGH,1
31,2011,6,0,0.73000443,0.11987382,0.11656199,ELEVATED,1
32,2011,6,0,0.7330326,0.119873814,0.11802751,ELEVATED,1
33,2011,6,0,0.58604795,0.06329114,0.06307308,MODERATE,0
34,2011,6,0,0.5984193,0.08091603,0.06657806,MODERATE,0
35,2011,6,0,0.6244349,0.08091603,0.07454556,MODERATE,0
0,2011,5,0,0.6252714,0.08091603,0.07481576,MODERATE,0
1,2011,5,0,0.47186956,0.039252333,0.03797804,LOW,0
2,2011,5,1,0.6162367,0.08091603,0.07194451,MODERATE,0
3,2011,5,0,0.5896737,0.08091603,0.064082086,MODERATE,0
4,2011,5,0,0.7529615,0.119873814,0.12807506,ELEVATED,1
5,2011,5,0,0.7102839,0.10472973,0.10739983,ELEVATED,1
6,2011,5,0,0.6036057,0.08091604,0.0681006,MODERATE,0
7,2011,5,0,0.5689165,0.06329114,0.05850312,MODERATE,0
8,2011,5,0,0.6092234,0.08091603,0.06978614,MODERATE,0
9,2011,5,0,0.6234015,0.08091603,0.074213006,MODERATE,0
10,2011,5,0,0.57693654,0.06329113,0.060602542,MODERATE,0
11,2011,5,0,0.5273562,0.039252337,0.04867634,LOW,0
12,2011,5,0,0.6194673,0.08091603,0.072959356,MODERATE,0
13,2011,5,0,0.62465554,0.08091603,0.074616745,MODERATE,0
14,2011,5,0,0.6617115,0.096267186,0.087493725,MODERATE,0
15,2011,5,0,0.5976242,0.08091603,0.06634744,MODERATE,0
16,2011,5,0,0.5497554,0.049689442,0.05376044,MODERATE,0
17,2011,5,0,0.66840804,0.096267186,0.09002536,MODERATE,1
18,2011,5,0,0.66747266,0.09626719,0.08966781,MODERATE,0
19,2011,5,0,0.68960595,0.09626719,0.098479226,MODERATE,1
20,2011,5,0,0.69089854,0.0962672,0.09901695,MODERATE,1
21,2011,5,0,0.7231764,0.10472973,0.113315344,ELEVATED,1
22,2011,5,0,0.7463748,0.11987382,0.12467598,ELEVATED,1
23,2011,5,0,0.67856383,0.09626719,0.09399077,MODERATE,1
24,2011,5,0,0.63053906,0.08091603,0.0765381,MODERATE,0
25,2011,5,0,0.7293891,0.119873814,0.11626612,ELEVATED,1
26,2011,5,0,0.550202,0.049689442,0.05386674,MODERATE,0
27,2011,5,0,0.70008975,0.09626719,0.102916434,ELEVATED,1
28,2011,5,0,0.6692426,0.09626719,0.09034546,MODERATE,1
29,2011,5,0,0.75202733,0.11987381,0.1275882,ELEVATED,1
30,2011,5,0,0.71518886,0.10472973,0.109617695,ELEVATED,1
31,2011,5,0,0.5364161,0.049689442,0.050675344,MODERATE,0
32,2011,5,0,0.6581669,0.08333333,0.086179875,MODERATE,0
33,2011,5,0,0.55428636,0.06329114,0.054848082,MODERATE,0
34,2011,5,0,0.37016228,0.021466905,0.02395219,LOW,0
35,2011,5,0,0.6135947,0.08091603,0.07112429,MODERATE,0
0,2011,1,0,0.6450506,0.08091603,0.081472374,MODERATE,0
1,2011,1,0,0.41912395,0.033492822,0.029927755,LOW,0
2,2011,1,1,0.57665485,0.06329114,0.060527626,MODERATE,0
3,2011,1,0,0.35793507,0.021466905,0.022651726,LOW,0
4,2011,1,0,0.47243518,0.039252337,0.03807476,LOW,0
5,2011,1,0,0.501083,0.039252337,0.043294374,LOW,0
6,2011,1,0,0.504711,0.039252337,0.044002257,LOW,0
7,2011,1,0,0.266117,0.021466905,0.014864501,LOW,0
8,2011,1,0,0.28447536,0.021466903,0.016174879,LOW,0
9,2011,1,0,0.34242824,0.021466905,0.021101324,LOW,0
10,2011,1,0,0.39855793,0.033492822,0.027259415,LOW,0
11,2011,1,0,0.28774977,0.021466905,0.016420258,LOW,0
12,2011,1,0,0.45635113,0.039252337,0.035414785,LOW,0
13,2011,1,0,0.3391557,0.021466903,0.020787643,LOW,0
14,2011,1,0,0.4550391,0.03925234,0.03520587,LOW,0
15,2011,1,0,0.33647567,0.021466905,0.020534165,LOW,0
16,2011,1,0,0.64479285,0.08091603,0.08138226,MODERATE,0
17,2011,1,0,0.28399345,0.021466905,0.016139071,LOW,0
18,2011,1,0,0.3814899,0.021466905,0.025221784,LOW,0
19,2011,1,0,0.36069882,0.021466905,0.022939505,LOW,0
20,2011,1,0,0.39187387,0.030303031,0.026443055,LOW,0
21,2011,1,0,0.6644931,0.09626719,0.0885374,MODERATE,0
22,2011,1,0,0.5940776,0.08091603,0.06532785,MODERATE,0
23,2011,1,0,0.4172994,0.033492822,0.029681135,LOW,0
24,2011,1,0,0.39776856,0.033492822,0.02716174,LOW,0
25,2011,1,0,0.63929945,0.08091603,0.079483084,MODERATE,0
26,2011,1,0,0.3730181,0.021466905,0.024266262,LOW,0
27,2011,1,0,0.5321543,0.049689442,0.049725514,LOW,0
28,2011,1,0,0.5396987,0.049689442,0.05141863,MODERATE,0
29,2011,1,0,0.6820338,0.09626719,0.095381126,MODERATE,1
30,2011,1,0,0.27566323,0.021466905,0.015532283,LOW,0
31,2011,1,0,0.3472287,0.021466905,0.021569848,LOW,0
32,2011,1,0,0.20032687,0.021466905,0.010972454,LOW,0
33,2011,1,0,0.15251818,0.005141388,0.008794354,LOW,0
34,2011,1,0,0.12343313,0.005141388,0.0076850182,LOW,0
35,2011,1,0,0.16906327,0.0051413877,0.009494777,LOW,0
0,2011,11,0,0.38823873,0.030303031,0.026009114,LOW,0
1,2011,11,0,0.3905903,0.030303031,0.026289029,LOW,0
2,2011,11,1,0.41528955,0.03349282,0.029411748,LOW,0
3,2011,11,0,0.08947929,0.0023023789,0.006564566,LOW,0
4,2011,11,0,0.108984984,0.0023023789,0.007186742,LOW,0
5,2011,11,0,0.32750082,0.021466905,0.019707158,LOW,0
6,2011,11,0,0.31266016,0.021466905,0.018410698,LOW,0
7,2011,11,0,0.069015555,0.0023023789,0.0059692995,LOW,0
8,2011,11,0,0.111856006,0.0023023789,0.0072831316,LOW,0
9,2011,11,0,0.119303785,0.005141388,0.007539209,LOW,0
10,2011,11,0,0.10368814,0.002302379,0.0070122173,LOW,0
11,2011,11,0,0.08120532,0.002302379,0.0063170968,LOW,0
12,2011,11,0,0.096568756,0.0023023789,0.006784255,LOW,0
13,2011,11,0,0.087510936,0.0023023789,0.0065048337,LOW,0
14,2011,11,0,0.3307605,0.021466907,0.02000368,LOW,0
15,2011,11,0,0.07662351,0.0023023789,0.006184066,LOW,0
16,2011,11,0,0.5590363,0.06329114,0.05601055,MODERATE,0
17,2011,11,0,0.18694848,0.021466907,0.0103141535,LOW,0
18,2011,11,0,0.13555753,0.005141388,0.008129498,LOW,0
19,2011,11,0,0.17185937,0.005141388,0.009618487,LOW,0
20,2011,11,0,0.16613801,0.005141388,0.009367034,LOW,0
21,2011,11,0,0.295871,0.021466905,0.017044758,LOW,0
22,2011,11,0,0.27255002,0.021466905,0.015311329,LOW,0
23,2011,11,0,0.13060932,0.005141388,0.007945098,LOW,0
24,2011,11,0,0.1392637,0.005141388,0.008270386,LOW,0
25,2011,11,0,0.3344079,0.021466905,0.020340662,LOW,0
26,2011,11,0,0.14859971,0.005141388,0.008636115,LOW,0
27,2011,11,0,0.19590756,0.021466905,0.0107505275,LOW,0
28,2011,11,0,0.1940335,0.021466903,0.010657758,LOW,0
29,2011,11,0,0.5097579,0.039252337,0.045005396,LOW,0
30,2011,11,0,0.11507323,0.002302379,0.0073926747,LOW,0
31,2011,11,0,0.09258849,0.0023023789,0.0066600326,LOW,0
32,2011,11,0,0.06892956,0.0023023789,0.0059669144,LOW,0
33,2011,11,0,0.042759478,0.0,0.005283491,LOW,0
34,2011,11,0,0.07362646,0.002302379,0.006098559,LOW,0
35,2011,11,0,0.07596766,0.002302379,0.006165254,LOW,0
0,2011,10,0,0.20265381,0.021466905,0.011091124,LOW,0
1,2011,10,0,0.06881839,0.0023023789,0.0059638326,LOW,0
2,2011,10,0,0.07309615,0.0023023789,0.006083554,LOW,0
3,2011,10,0,0.036814794,0.0,0.005139438,LOW,0
4,2011,10,0,0.032282893,0.0,0.0050322516,LOW,0
5,2011,10,0,0.06496408,0.0023023789,0.005857969,LOW,0
6,2011,10,0,0.056583926,0.0023023789,0.0056342045,LOW,0
7,2011,10,0,0.028032195,0.0,0.0049337395,LOW,0
8,2011,10,0,0.03250828,0.0,0.0050375303,LOW,0
9,2011,10,0,0.035642188,0.0,0.005111488,LOW,0
10,2011,10,0,0.056358248,0.0023023789,0.0056282952,LOW,0
11,2011,10,0,0.02832612,0.0,0.004940488,LOW,0
12,2011,10,0,0.033138167,0.0,0.00505231,LOW,0
13,2011,10,0,0.052454077,0.0,0.0055270754,LOW,0
14,2011,10,0,0.32614765,0.021466905,0.019585328,LOW,0
15,2011,10,0,0.03327401,0.0,0.0050555016,LOW,0
16,2011,10,0,0.31829172,0.021466905,0.018892502,LOW,0
17,2011,10,0,0.05209611,0.0,0.0055178865,LOW,0
18,2011,10,0,0.042607572,0.0,0.005279761,LOW,0
19,2011,10,0,0.031913806,0.0,0.005023621,LOW,0
20,2011,10,0,0.043489415,0.0,0.0053014546,LOW,0
21,2011,10,0,0.061331164,0.0023023789,0.0057598995,LOW,0
22,2011,10,0,0.04010005,0.0,0.0052185585,LOW,0
23,2011,10,0,0.03249536,0.0,0.005037227,LOW,0
24,2011,10,0,0.034427576,0.0,0.0050826985,LOW,0
25,2011,10,0,0.07642956,0.0023023789,0.006178498,LOW,0
26,2011,10,0,0.026175471,0.0,0.0048913113,LOW,0
27,2011,10,0,0.04604049,0.0,0.0053647105,LOW,0
28,2011,10,0,0.03790452,0.0,0.0051655495,LOW,0
29,2011,10,0,0.38345414,0.021466905,0.025448509,LOW,0
30,2011,10,0,0.024987314,0.0,0.0048643537,LOW,0
31,2011,10,0,0.024875017,0.0,0.0048618126,LOW,0
32,2011,10,0,0.020288832,0.0,0.004759187,LOW,0
33,2011,10,0,0.01851745,0.0,0.004720127,LOW,0
34,2011,10,0,0.017489176,0.0,0.004697601,LOW,0
35,2011,10,0,0.023270883,0.0,0.0048256693,LOW,0
0,2011,9,0,0.07659225,0.0023023789,0.0061831693,LOW,0
1,2011,9,0,0.13928488,0.005141388,0.008271199,LOW,0
2,2011,9,0,0.15153717,0.005141388,0.00875447,LOW,0
3,2011,9,0,0.030002188,0.0,0.004979155,LOW,0
4,2011,9,0,0.03403853,0.0,0.00507351,LOW,0
5,2011,9,0,0.11335257,0.002302379,0.007333886,LOW,0
6,2011,9,0,0.064238176,0.0023023789,0.005838242,LOW,0
7,2011,9,0,0.025814198,0.0,0.0048831,LOW,0
8,2011,9,0,0.025251819,0.0,0.004870342,LOW,0
9,2011,9,0,0.026176851,0.0,0.004891344,LOW,0
10,2011,9,0,0.05995311,0.002302379,0.0057231276,LOW,0
11,2011,9,0,0.021416694,0.0,0.0047842227,LOW,0
12,2011,9,0,0.03246977,0.0,0.0050366274,LOW,0
13,2011,9,0,0.13006696,0.005141388,0.00792514,LOW,0
14,2011,9,0,0.419457,0.033492822,0.029972978,LOW,0
15,2011,9,0,0.031518698,0.0,0.005014398,LOW,0
16,2011,9,0,0.079107895,0.0023023789,0.006255851,LOW,0
17,2011,9,0,0.050661884,0.0,0.005481219,LOW,0
18,2011,9,0,0.0434957,0.0,0.0053016082,LOW,0
19,2011,9,0,0.054788742,0.002302379,0.005587386,LOW,0
20,2011,9,0,0.05497548,0.0023023789,0.0055922368,LOW,0
21,2011,9,0,0.050525617,0.0,0.005477747,LOW,0
22,2011,9,0,0.06071783,0.002302379,0.005743503,LOW,0
23,2011,9,0,0.028165657,0.0,0.004936802,LOW,0
24,2011,9,0,0.026992412,0.0,0.004909935,LOW,0
25,2011,9,0,0.08086837,0.002302379,0.006307215,LOW,0
26,2011,9,0,0.024095818,0.0,0.004844223,LOW,0
27,2011,9,0,0.056390896,0.0023023789,0.0056291493,LOW,0
28,2011,9,0,0.051507056,0.0,0.005502796,LOW,0
29,2011,9,0,0.22911936,0.021466907,0.0125333965,LOW,0
30,2011,9,0,0.032121137,0.0,0.005028469,LOW,0
31,2011,9,0,0.023611113,0.0,0.0048333122,LOW,0
32,2011,9,0,0.023694176,0.0,0.0048351795,LOW,0
33,2011,9,0,0.017448075,0.0,0.0046967026,LOW,0
34,2011,9,0,0.02268388,0.0,0.0048125084,LOW,0
35,2011,9,0,0.022146696,0.0,0.004800497,LOW,0
0,2011,2,0,0.097324505,0.0023023789,0.006808099,LOW,0
1,2011,2,0,0.37791684,0.021466905,0.024814397,LOW,0
2,2011,2,0,0.112121746,0.0023023789,0.007292121,LOW,0
3,2011,2,0,0.039349586,0.0,0.005200378,LOW,0
4,2011,2,0,0.02597721,0.0,0.0048868037,LOW,0
5,2011,2,0,0.053296298,0.0023023789,0.005548756,LOW,0
6,2011,2,0,0.052912854,0.0,0.005538875,LOW,0
7,2011,2,0,0.030227583,0.0,0.0049843765,LOW,0
8,2011,2,0,0.050795875,0.0,0.0054846355,LOW,0
9,2011,2,0,0.052304894,0.0,0.0055232425,LOW,0
10,2011,2,0,0.042549945,0.0,0.005278346,LOW,0
11,2011,2,0,0.025721252,0.0,0.0048809894,LOW,0
12,2011,2,0,0.056755044,0.002302379,0.005638686,LOW,0
13,2011,2,0,0.42971715,0.033492822,0.031399284,LOW,0
14,2011,2,0,0.46135336,0.039252337,0.03622228,LOW,0
15,2011,2,0,0.039880667,0.0,0.005213237,LOW,0
16,2011,2,0,0.083388835,0.0023023789,0.00638149,LOW,0
17,2011,2,0,0.05188153,0.0,0.0055123838,LOW,0
18,2011,2,0,0.11025369,0.0023023789,0.00722918,LOW,0
19,2011,2,0,0.02880406,0.0,0.0049514826,LOW,0
20,2011,2,0,0.0367571,0.0,0.0051380605,LOW,0
21,2011,2,0,0.12624931,0.005141388,0.00778606,LOW,0
22,2011,2,0,0.03247958,0.0,0.005036857,LOW,0
23,2011,2,0,0.026752349,0.0,0.004904456,LOW,0
24,2011,2,0,0.061035488,0.0023023789,0.0057519884,LOW,0
25,2011,2,0,0.05631078,0.0023023789,0.0056270543,LOW,0
26,2011,2,0,0.028751906,0.0,0.0049502826,LOW,0
27,2011,2,0,0.051148906,0.0,0.005493642,LOW,0
28,2011,2,0,0.08075485,0.0023023789,0.006303893,LOW,0
29,2011,2,0,0.06688598,0.0023023789,0.0059105195,LOW,0
30,2011,2,0,0.026885414,0.0,0.0049074916,LOW,0
31,2011,2,0,0.087605104,0.0023023789,0.0065076784,LOW,0
32,2011,2,0,0.020050768,0.0,0.0047539184,LOW,0
33,2011,2,0,0.02307806,0.0,0.004821343,LOW,0
34,2011,2,0,0.02532825,0.0,0.0048720734,LOW,0
35,2011,2,0,0.025941804,0.0,0.004885999,LOW,0
0,2012,4,0,0.10171522,0.0023023789,0.0069482946,LOW,0
1,2012,4,0,0.41321254,0.033492822,0.029135855,LOW,0
2,2012,4,0,0.2800664,0.021466903,0.015850166,LOW,0
3,2012,4,0,0.07570232,0.0023023789,0.0061576595,LOW,0
4,2012,4,0,0.08281729,0.0023023789,0.0063645714,LOW,0
5,2012,4,0,0.06432621,0.0023023789,0.0058406307,LOW,0
6,2012,4,0,0.043778837,0.0,0.005308593,LOW,0
7,2012,4,0,0.09745199,0.0023023789,0.0068121306,LOW,0
8,2012,4,0,0.04581652,0.0,0.005359126,LOW,0
9,2012,4,0,0.06665926,0.0023023789,0.0059042973,LOW,0
10,2012,4,0,0.11433671,0.0023023789,0.007367454,LOW,0
11,2012,4,0,0.035307623,0.0,0.005103543,LOW,0
12,2012,4,0,0.070820704,0.0023023789,0.0060195746,LOW,0
13,2012,4,0,0.44160175,0.039252337,0.03313356,LOW,0
14,2012,4,0,0.5326854,0.049689442,0.049842943,LOW,0
15,2012,4,0,0.1257304,0.005141388,0.007767343,LOW,0
16,2012,4,0,0.08550708,0.0023023789,0.0064445813,LOW,0
17,2012,4,0,0.0936781,0.0023023789,0.006693811,LOW,0
18,2012,4,0,0.095220454,0.0023023789,0.00674192,LOW,0
19,2012,4,0,0.06857395,0.0023023789,0.0059570633,LOW,0
20,2012,4,0,0.040173523,0.0,0.005220341,LOW,0
21,2012,4,0,0.289109,0.021466905,0.016523194,LOW,0
22,2012,4,0,0.07111771,0.0023023789,0.0060278885,LOW,0
23,2012,4,0,0.048976343,0.0,0.0054384368,LOW,0
24,2012,4,0,0.10287992,0.0023023789,0.0069859596,LOW,0
25,2012,4,0,0.032756004,0.0,0.005043337,LOW,0
26,2012,4,0,0.03480636,0.0,0.0050916593,LOW,0
27,2012,4,0,0.10013664,0.002302379,0.0068975636,LOW,0
28,2012,4,0,0.45644042,0.039252337,0.03542904,LOW,0
29,2012,4,0,0.06339363,0.0023023789,0.0058153733,LOW,0
30,2012,4,0,0.026780719,0.0,0.0049051032,LOW,0
31,2012,4,0,0.1182446,0.005141388,0.007502254,LOW,0
32,2012,4,0,0.03462075,0.0,0.005087265,LOW,0
33,2012,4,0,0.04074665,0.0,0.0052342713,LOW,0
34,2012,4,0,0.043477673,0.0,0.005301163,LOW,0
35,2012,4,0,0.034107815,0.0,0.0050751446,LOW,0
0,2012,3,0,0.1332018,0.005141388,0.008041186,LOW,0
1,2012,3,0,0.53702706,0.049689442,0.050812915,MODERATE,0
2,2012,3,0,0.517336,0.039252337,0.04655267,LOW,0
3,2012,3,0,0.2777166,0.021466905,0.015679743,LOW,0
4,2012,3,0,0.1165933,0.0023023789,0.007444996,LOW,0
5,2012,3,0,0.10973172,0.0023023789,0.00721169,LOW,0
6,2012,3,0,0.09449394,0.0023023789,0.0067192167,LOW,0
7,2012,3,0,0.17756437,0.021466905,0.009875873,LOW,0
8,2012,3,0,0.07647935,0.0023023789,0.0061799265,LOW,0
9,2012,3,0,0.0733032,0.002302379,0.006089407,LOW,0
10,2012,3,0,0.26594445,0.021466905,0.014852691,LOW,0
11,2012,3,0,0.055692155,0.0023023789,0.0056108986,LOW,0
12,2012,3,0,0.07335516,0.0023023789,0.006090879,LOW,0
13,2012,3,0,0.44949448,0.03925234,0.034336068,LOW,0
14,2012,3,0,0.3403736,0.021466905,0.020903843,LOW,0
15,2012,3,0,0.1891398,0.021466905,0.010419237,LOW,0
16,2012,3,0,0.3493126,0.021466905,0.021776386,LOW,0
17,2012,3,0,0.096721664,0.0023023789,0.006789074,LOW,0
18,2012,3,0,0.23020309,0.021466905,0.012596249,LOW,0
19,2012,3,0,0.09298644,0.0023023789,0.0066723498,LOW,0
20,2012,3,0,0.08190957,0.0023023789,0.0063377926,LOW,0
21,2012,3,0,0.4840219,0.039252333,0.040108804,LOW,0
22,2012,3,0,0.09501084,0.0023023789,0.0067353616,LOW,0
23,2012,3,0,0.121739395,0.005141388,0.0076248753,LOW,0
24,2012,3,0,0.102623075,0.0023023789,0.006977635,LOW,0
25,2012,3,0,0.044961456,0.0,0.005337863,LOW,0
26,2012,3,0,0.05453272,0.0023023789,0.00558074,LOW,0
27,2012,3,0,0.23853017,0.021466905,0.01308967,LOW,0
28,2012,3,0,0.66353095,0.09626719,0.08817513,MODERATE,0
29,2012,3,0,0.09507986,0.0023023789,0.006737518,LOW,0
30,2012,3,0,0.051268045,0.0,0.0054966854,LOW,0
31,2012,3,0,0.12417979,0.005141388,0.0077116783,LOW,0
32,2012,3,0,0.048854187,0.0,0.005435348,LOW,0
33,2012,3,0,0.0438712,0.0,0.0053108726,LOW,0
34,2012,3,0,0.0433341,0.0,0.0052976264,LOW,0
35,2012,3,0,0.04075929,0.0,0.005234579,LOW,0
0,2012,7,0,0.4092477,0.033492822,0.028616156,LOW,0
1,2012,7,0,0.45607194,0.039252337,0.03537023,LOW,0
2,2012,7,0,0.6295374,0.08091603,0.07620781,MODERATE,0
3,2012,7,0,0.38470238,0.021466905,0.02559362,LOW,0
4,2012,7,0,0.3278039,0.021466905,0.019734547,LOW,0
5,2012,7,0,0.47862425,0.039252337,0.039148606,LOW,0
6,2012,7,0,0.4770407,0.039252337,0.038871113,LOW,0
7,2012,7,0,0.31312087,0.021466905,0.018449659,LOW,0
8,2012,7,0,0.24414696,0.021466905,0.013433214,LOW,0
9,2012,7,0,0.22541693,0.021466905,0.012320998,LOW,0
10,2012,7,0,0.55596274,0.06329114,0.055255726,MODERATE,0
11,2012,7,0,0.14343476,0.005141388,0.008431845,LOW,0
12,2012,7,0,0.17900747,0.021466905,0.009942049,LOW,0
13,2012,7,0,0.5204661,0.039252337,0.047206417,LOW,0
14,2012,7,0,0.3931071,0.030303031,0.026591862,LOW,0
15,2012,7,0,0.288848,0.021466905,0.016503377,LOW,0
16,2012,7,0,0.62108487,0.08091603,0.0734724,MODERATE,0
17,2012,7,0,0.5635401,0.06329114,0.057134133,MODERATE,0
18,2012,7,0,0.48253754,0.039252333,0.039842524,LOW,0
19,2012,7,0,0.43272626,0.033492822,0.03182991,LOW,0
20,2012,7,0,0.38878274,0.030303031,0.026073612,LOW,0
21,2012,7,0,0.6795301,0.09626719,0.094376095,MODERATE,1
22,2012,7,0,0.4215853,0.033492826,0.030263582,LOW,0
23,2012,7,0,0.31337574,0.021466903,0.018471245,LOW,0
24,2012,7,0,0.26008564,0.021466907,0.014457253,LOW,0
25,2012,7,0,0.35965842,0.021466905,0.022830756,LOW,0
26,2012,7,0,0.20466748,0.021466905,0.01119484,LOW,0
27,2012,7,0,0.6267618,0.08091603,0.07529942,MODERATE,0
28,2012,7,0,0.7336083,0.11987382,0.11830796,ELEVATED,1
29,2012,7,0,0.31528667,0.021466905,0.018633893,LOW,0
30,2012,7,0,0.35471284,0.021466905,0.02232066,LOW,0
31,2012,7,0,0.34615123,0.021466905,0.021463806,LOW,0
32,2012,7,0,0.44260576,0.039252337,0.033284243,LOW,0
33,2012,7,0,0.31653285,0.021466905,0.018740712,LOW,0
34,2012,7,0,0.09718893,0.0023023789,0.0068038153,LOW,0
35,2012,7,0,0.23563297,0.021466905,0.012915871,LOW,0
0,2012,0,0,0.598037,0.08091603,0.066467084,MODERATE,0
1,2012,0,0,0.57705235,0.06329114,0.06063337,MODERATE,0
2,2012,0,0,0.69556224,0.09626719,0.10097888,ELEVATED,1
3,2012,0,0,0.6839692,0.09626719,0.09616459,MODERATE,1
4,2012,0,0,0.6933383,0.09626719,0.10003903,ELEVATED,1
5,2012,0,0,0.6308907,0.08091603,0.07665437,MODERATE,0
6,2012,0,0,0.40111592,0.033492822,0.027578266,LOW,0
7,2012,0,0,0.68859226,0.0962672,0.09805935,MODERATE,1
8,2012,0,0,0.50952345,0.039252337,0.044958323,LOW,0
9,2012,0,0,0.56397396,0.06329114,0.057243474,MODERATE,0
10,2012,0,0,0.65636444,0.08091603,0.08551868,MODERATE,0
11,2012,0,0,0.3201611,0.021466905,0.01905516,LOW,0
12,2012,0,0,0.36679026,0.021466903,0.023586443,LOW,0
13,2012,0,0,0.60970765,0.08091603,0.069933206,MODERATE,0
14,2012,0,0,0.48300368,0.039252337,0.039925963,LOW,0
15,2012,0,0,0.6863769,0.09626719,0.097147286,MODERATE,1
16,2012,0,0,0.6692024,0.09626719,0.09033,MODERATE,1
17,2012,0,0,0.76808655,0.16666667,0.13618009,ELEVATED,1
18,2012,0,0,0.638366,0.08091603,0.07916441,MODERATE,0
19,2012,0,0,0.6912753,0.0962672,0.09917418,MODERATE,1
20,2012,0,0,0.6293819,0.08091603,0.076156646,MODERATE,0
21,2012,0,0,0.69065565,0.09626719,0.0989157,MODERATE,1
22,2012,0,0,0.63653266,0.08091603,0.07854195,MODERATE,0
23,2012,0,0,0.69108725,0.09626719,0.09909567,MODERATE,1
24,2012,0,0,0.49051622,0.03925234,0.041294012,LOW,0
25,2012,0,0,0.6447615,0.08091603,0.0813713,MODERATE,0
26,2012,0,0,0.28744653,0.021466905,0.016397387,LOW,0
27,2012,0,0,0.7344954,0.11987381,0.11874118,ELEVATED,1
28,2012,0,0,0.78421444,0.18128654,0.1452941,ELEVATED,1
29,2012,0,0,0.49154174,0.039252337,0.041484214,LOW,0
30,2012,0,0,0.5925963,0.08091603,0.06490634,MODERATE,0
31,2012,0,0,0.64387774,0.08091603,0.08106304,MODERATE,0
32,2012,0,0,0.6037196,0.08091603,0.0681344,MODERATE,0
33,2012,0,0,0.53553605,0.049689442,0.050477806,MODERATE,0
34,2012,0,0,0.111439176,0.002302379,0.0072690584,LOW,0
35,2012,0,0,0.47485155,0.039252337,0.03849061,LOW,0
0,2012,8,0,0.6548321,0.08091603,0.08496017,MODERATE,0
1,2012,8,0,0.5723975,0.06329114,0.059405837,MODERATE,0
2,2012,8,0,0.7342211,0.119873814,0.11860707,ELEVATED,1
3,2012,8,0,0.7066431,0.10472973,0.10577923,ELEVATED,1
4,2012,8,0,0.7747532,0.18128654,0.13988769,ELEVATED,1
5,2012,8,0,0.67470235,0.09626719,0.0924649,MODERATE,1
6,2012,8,0,0.7471368,0.11987382,0.1250652,ELEVATED,1
7,2012,8,0,0.7415721,0.11987381,0.12224655,ELEVATED,1
8,2012,8,0,0.6982448,0.09626719,0.10212294,ELEVATED,1
9,2012,8,0,0.6366921,0.08091603,0.07859591,MODERATE,0
10,2012,8,0,0.7584356,0.13043478,0.13095985,ELEVATED,1
11,2012,8,0,0.44443756,0.039252337,0.033560857,LOW,0
12,2012,8,0,0.5178153,0.039252337,0.046652216,LOW,0
13,2012,8,0,0.73638386,0.11987381,0.119668,ELEVATED,1
14,2012,8,0,0.54206437,0.049689442,0.051960666,MODERATE,0
15,2012,8,0,0.70262957,0.10000001,0.10401769,ELEVATED,1
16,2012,8,0,0.6584504,0.08333333,0.08628432,MODERATE,0
17,2012,8,0,0.7719246,0.18128654,0.13830435,ELEVATED,1
18,2012,8,0,0.71544486,0.10472973,0.109734535,ELEVATED,1
19,2012,8,0,0.6470288,0.08091603,0.08216706,MODERATE,0
20,2012,8,0,0.69986475,0.09626719,0.10281936,ELEVATED,1
21,2012,8,0,0.7512884,0.119873814,0.12720424,ELEVATED,1
22,2012,8,0,0.7123377,0.10472973,0.10832364,ELEVATED,1
23,2012,8,0,0.74942636,0.11987381,0.12624103,ELEVATED,1
24,2012,8,0,0.70935756,0.104729734,0.10698544,ELEVATED,1
25,2012,8,0,0.72188824,0.10472973,0.112711735,ELEVATED,1
26,2012,8,0,0.38654676,0.029340452,0.025809508,LOW,0
27,2012,8,0,0.81957847,0.18128654,0.16704851,HIGH,1
28,2012,8,0,0.7538472,0.119873814,0.12853809,ELEVATED,1
29,2012,8,0,0.6312238,0.08091603,0.07676463,MODERATE,0
30,2012,8,0,0.70386475,0.1,0.10455703,ELEVATED,1
31,2012,8,0,0.77595884,0.18128654,0.14056711,ELEVATED,1
32,2012,8,0,0.5975821,0.08091603,0.06633526,MODERATE,0
33,2012,8,0,0.68614775,0.09626719,0.097053364,MODERATE,1
34,2012,8,0,0.19036359,0.021466905,0.010478387,LOW,0
35,2012,8,0,0.6517502,0.08091603,0.08384688,MODERATE,0
0,2012,6,0,0.6844912,0.09626719,0.096376896,MODERATE,1
1,2012,6,0,0.572474,0.06329114,0.059425823,MODERATE,0
2,2012,6,0,0.7201175,0.10472973,0.111886606,ELEVATED,1
3,2012,6,0,0.7692565,0.18128654,0.1368247,ELEVATED,1
4,2012,6,0,0.7570781,0.13043478,0.13023937,ELEVATED,1
5,2012,6,0,0.6818081,0.09626719,0.095290154,MODERATE,1
6,2012,6,0,0.71064943,0.10472973,0.10756374,ELEVATED,1
7,2012,6,0,0.74042684,0.119873814,0.121673286,ELEVATED,1
8,2012,6,0,0.6489199,0.08091603,0.082836166,MODERATE,0
9,2012,6,0,0.65014875,0.08091603,0.08327363,MODERATE,0
10,2012,6,0,0.72747844,0.11987381,0.115351595,ELEVATED,1
11,2012,6,0,0.5509717,0.049689442,0.054050393,MODERATE,0
12,2012,6,0,0.38565448,0.021466905,0.025704846,LOW,0
13,2012,6,0,0.7449254,0.119873814,0.12393847,ELEVATED,1
14,2012,6,0,0.563726,0.06329114,0.057180967,MODERATE,0
15,2012,6,0,0.7190095,0.10472973,0.111372985,ELEVATED,1
16,2012,6,0,0.73290163,0.119873814,0.11796381,ELEVATED,1
17,2012,6,0,0.7225195,0.10472972,0.11300718,ELEVATED,1
18,2012,6,0,0.74356496,0.11987381,0.123249665,ELEVATED,1
19,2012,6,0,0.7265191,0.112709135,0.11489477,ELEVATED,1
20,2012,6,0,0.7005102,0.09626719,0.10309801,ELEVATED,1
21,2012,6,0,0.6816944,0.09626719,0.095244326,MODERATE,1
22,2012,6,0,0.77026325,0.18128654,0.13738146,ELEVATED,1
23,2012,6,0,0.75981724,0.13043478,0.13169663,ELEVATED,1
24,2012,6,0,0.6728416,0.09626719,0.09173759,MODERATE,1
25,2012,6,0,0.7334315,0.119873814,0.11822178,ELEVATED,1
26,2012,6,0,0.6207993,0.08091603,0.073381595,MODERATE,0
27,2012,6,0,0.8130211,0.18128654,0.16282694,HIGH,1
28,2012,6,0,0.74446696,0.11987382,0.12370599,ELEVATED,1
29,2012,6,0,0.7551198,0.12440134,0.12920593,ELEVATED,1
30,2012,6,0,0.6726579,0.09626719,0.09166608,MODERATE,1
31,2012,6,0,0.7919216,0.18128654,0.14982542,ELEVATED,1
32,2012,6,0,0.63014275,0.08091603,0.07640726,MODERATE,0
33,2012,6,0,0.67732966,0.09626719,0.093500644,MODERATE,1
34,2012,6,0,0.12482425,0.0051413886,0.007734766,LOW,0
35,2012,6,0,0.63059086,0.08091603,0.0765552,MODERATE,0
0,2012,5,0,0.6332431,0.08091603,0.07743627,MODERATE,0
1,2012,5,0,0.49088728,0.039252337,0.041362744,LOW,0
2,2012,5,0,0.71029997,0.10472973,0.10740705,ELEVATED,1
3,2012,5,0,0.70937127,0.10472973,0.10699157,ELEVATED,1
4,2012,5,0,0.7167927,0.10472973,0.11035156,ELEVATED,1
5,2012,5,0,0.6789705,0.09626719,0.09415277,MODERATE,1
6,2012,5,0,0.72825557,0.119873814,0.115722805,ELEVATED,1
7,2012,5,0,0.63747865,0.08091603,0.07886258,MODERATE,0
8,2012,5,0,0.53983724,0.049689442,0.051450223,MODERATE,0
9,2012,5,0,0.5740399,0.06329114,0.059836272,MODERATE,0
10,2012,5,0,0.6046659,0.08091603,0.06841578,MODERATE,0
11,2012,5,0,0.60705316,0.08091603,0.069130436,MODERATE,0
12,2012,5,0,0.18453483,0.021466905,0.010199619,LOW,0
13,2012,5,0,0.6134636,0.08091603,0.07108381,MODERATE,0
14,2012,5,0,0.5839415,0.06329114,0.06249371,MODERATE,0
15,2012,5,0,0.6396031,0.08091603,0.079586975,MODERATE,0
16,2012,5,0,0.7045026,0.1,0.104836516,ELEVATED,1
17,2012,5,0,0.6441981,0.08091603,0.08117468,MODERATE,0
18,2012,5,0,0.60376,0.08091603,0.068146385,MODERATE,0
19,2012,5,0,0.6527044,0.08091603,0.08419016,MODERATE,0
20,2012,5,0,0.68859226,0.0962672,0.09805935,MODERATE,1
21,2012,5,0,0.69351447,0.09626719,0.1001132,ELEVATED,1
22,2012,5,0,0.7525162,0.11987382,0.12784278,ELEVATED,1
23,2012,5,0,0.6870989,0.09626719,0.097443685,MODERATE,1
24,2012,5,0,0.6417134,0.08091603,0.08031259,MODERATE,0
25,2012,5,0,0.7288034,0.119873814,0.11598512,ELEVATED,1
26,2012,5,0,0.38777867,0.030303031,0.025954692,LOW,0
27,2012,5,0,0.7899617,0.18128654,0.1486622,ELEVATED,1
28,2012,5,0,0.63706565,0.08091603,0.078722455,MODERATE,0
29,2012,5,0,0.7182231,0.10472973,0.11100969,ELEVATED,1
30,2012,5,0,0.59351456,0.08091603,0.06516733,MODERATE,0
31,2012,5,0,0.7055187,0.10472973,0.105283104,ELEVATED,1
32,2012,5,0,0.5608516,0.06329114,0.05646089,MODERATE,0
33,2012,5,0,0.5249388,0.039252337,0.04815574,LOW,0
34,2012,5,0,0.14511578,0.005141388,0.008497797,LOW,0
35,2012,5,0,0.52431977,0.039252337,0.048023276,LOW,0
0,2012,1,0,0.6664352,0.09626719,0.08927272,MODERATE,0
1,2012,1,0,0.4757013,0.039252333,0.03863788,LOW,0
2,2012,1,0,0.663285,0.09626719,0.088082746,MODERATE,0
3,2012,1,0,0.43926257,0.039252337,0.03278505,LOW,0
4,2012,1,0,0.4562996,0.039252337,0.035406552,LOW,0
5,2012,1,0,0.39658183,0.03349282,0.027015543,LOW,0
6,2012,1,0,0.6907802,0.09626719,0.098967634,MODERATE,1
7,2012,1,0,0.2594266,0.021466907,0.014413422,LOW,0
8,2012,1,0,0.41795534,0.033492822,0.029769568,LOW,0
9,2012,1,0,0.2844485,0.021466905,0.016172884,LOW,0
10,2012,1,0,0.37414467,0.021466905,0.024391266,LOW,0
11,2012,1,0,0.278417,0.021466907,0.015730346,LOW,0
12,2012,1,0,0.10279569,0.002302379,0.0069832276,LOW,0
13,2012,1,0,0.3374674,0.021466907,0.02062761,LOW,0
14,2012,1,0,0.45095193,0.039252337,0.03456267,LOW,0
15,2012,1,0,0.36135894,0.021466907,0.023008766,LOW,0
16,2012,1,0,0.6282853,0.08091603,0.07579678,MODERATE,0
17,2012,1,0,0.45586932,0.039252337,0.035337925,LOW,0
18,2012,1,0,0.35973132,0.021466905,0.022838358,LOW,0
19,2012,1,0,0.41087532,0.033492822,0.02882841,LOW,0
20,2012,1,0,0.36555135,0.021466907,0.023453439,LOW,0
21,2012,1,0,0.5230549,0.039252333,0.047753695,LOW,0
22,2012,1,0,0.5550792,0.06329114,0.055040535,MODERATE,0
23,2012,1,0,0.40355292,0.033492822,0.027885415,LOW,0
24,2012,1,0,0.33515084,0.021466903,0.020409979,LOW,0
25,2012,1,0,0.6057169,0.08091603,0.068729565,MODERATE,0
26,2012,1,0,0.17778441,0.021466905,0.009885935,LOW,0
27,2012,1,0,0.62755597,0.08091603,0.07555831,MODERATE,0
28,2012,1,0,0.5439328,0.049689442,0.052392587,MODERATE,0
29,2012,1,0,0.6686242,0.09626719,0.09010816,MODERATE,1
30,2012,1,0,0.18743047,0.021466903,0.010337179,LOW,0
31,2012,1,0,0.24387737,0.021466907,0.013416522,LOW,0
32,2012,1,0,0.1586427,0.005141388,0.00904745,LOW,0
33,2012,1,0,0.17930566,0.021466905,0.009955782,LOW,0
34,2012,1,0,0.13070704,0.0051413877,0.007948699,LOW,0
35,2012,1,0,0.13030311,0.005141388,0.007933823,LOW,0
0,2012,11,0,0.45700946,0.039252337,0.035520058,LOW,0
1,2012,11,0,0.38303623,0.021466905,0.025400108,LOW,0
2,2012,11,0,0.46680847,0.039252337,0.037123077,LOW,0
3,2012,11,0,0.12435411,0.005141388,0.0077179163,LOW,0
4,2012,11,0,0.09420164,0.0023023789,0.0067101023,LOW,0
5,2012,11,0,0.20333458,0.021466905,0.011126079,LOW,0
6,2012,11,0,0.5759929,0.06329114,0.06035191,MODERATE,0
7,2012,11,0,0.08740537,0.0023023789,0.006501648,LOW,0
8,2012,11,0,0.07902101,0.0023023789,0.0062533254,LOW,0
9,2012,11,0,0.104134716,0.0023023789,0.007026768,LOW,0
10,2012,11,0,0.06955668,0.002302379,0.0059843254,LOW,0
11,2012,11,0,0.099908195,0.0023023789,0.0068902513,LOW,0
12,2012,11,0,0.07600561,0.0023023789,0.006166341,LOW,0
13,2012,11,0,0.21065196,0.021466905,0.0115087675,LOW,0
14,2012,11,0,0.29407683,0.021466903,0.016904814,LOW,0
15,2012,11,0,0.098878145,0.0023023789,0.006857384,LOW,0
16,2012,11,0,0.43827528,0.039252337,0.032639023,LOW,0
17,2012,11,0,0.2945366,0.021466907,0.016940568,LOW,0
18,2012,11,0,0.13460785,0.005141388,0.00809378,LOW,0
19,2012,11,0,0.13099931,0.0051413886,0.0079594795,LOW,0
20,2012,11,0,0.13351569,0.005141388,0.008052899,LOW,0
21,2012,11,0,0.21865688,0.021466905,0.011942325,LOW,0
22,2012,11,0,0.19914478,0.021466903,0.010912652,LOW,0
23,2012,11,0,0.08732471,0.002302379,0.006499212,LOW,0
24,2012,11,0,0.15534821,0.0051413886,0.008910419,LOW,0
25,2012,11,0,0.19311823,0.021466905,0.010612743,LOW,0
26,2012,11,0,0.090545006,0.0023023789,0.0065971334,LOW,0
27,2012,11,0,0.49361536,0.039252337,0.041871354,LOW,0
28,2012,11,0,0.20353182,0.021466905,0.011136229,LOW,0
29,2012,11,0,0.41263747,0.033492822,0.029059919,LOW,0
30,2012,11,0,0.073979266,0.0023023789,0.006108565,LOW,0
31,2012,11,0,0.06291798,0.0023023789,0.0058025317,LOW,0
32,2012,11,0,0.05587124,0.0023023789,0.005615569,LOW,0
33,2012,11,0,0.056141883,0.002302379,0.005622638,LOW,0
34,2012,11,0,0.068428,0.002302379,0.005953024,LOW,0
35,2012,11,0,0.071528375,0.0023023789,0.0060394015,LOW,0
0,2012,10,0,0.31257242,0.021466905,0.018403288,LOW,0
1,2012,10,0,0.100952215,0.002302379,0.006923727,LOW,0
2,2012,10,0,0.07302621,0.0023023789,0.0060815765,LOW,0
3,2012,10,0,0.03534238,0.0,0.005104366,LOW,0
4,2012,10,0,0.028384682,0.0,0.004941834,LOW,0
5,2012,10,0,0.03320704,0.0,0.0050539286,LOW,0
6,2012,10,0,0.08077933,0.0023023789,0.0063046096,LOW,0
7,2012,10,0,0.027938025,0.0,0.004931579,LOW,0
8,2012,10,0,0.02957775,0.0,0.0049693347,LOW,0
9,2012,10,0,0.03467924,0.0,0.00508865,LOW,0
10,2012,10,0,0.030423405,0.0,0.004988919,LOW,0
11,2012,10,0,0.030111084,0.0,0.0049816766,LOW,0
12,2012,10,0,0.026999077,0.0,0.0049100863,LOW,0
13,2012,10,0,0.08424377,0.0023023789,0.006406877,LOW,0
14,2012,10,0,0.19085015,0.021466905,0.010501997,LOW,0
15,2012,10,0,0.032467887,0.0,0.005036584,LOW,0
16,2012,10,0,0.34783468,0.021466905,0.021629706,LOW,0
17,2012,10,0,0.064403445,0.0023023789,0.005842727,LOW,0
18,2012,10,0,0.041913155,0.0,0.005262742,LOW,0
19,2012,10,0,0.03212587,0.0,0.0050285785,LOW,0
20,2012,10,0,0.04267308,0.0,0.0052813687,LOW,0
21,2012,10,0,0.045303553,0.0,0.0053463588,LOW,0
22,2012,10,0,0.04856387,0.0,0.0054280167,LOW,0
23,2012,10,0,0.026799344,0.0,0.004905527,LOW,0
24,2012,10,0,0.038062815,0.0,0.005169354,LOW,0
25,2012,10,0,0.06431126,0.0023023789,0.0058402237,LOW,0
26,2012,10,0,0.046218842,0.0,0.00536916,LOW,0
27,2012,10,0,0.10358254,0.0023023789,0.007008781,LOW,0
28,2012,10,0,0.04216438,0.0,0.005268891,LOW,0
29,2012,10,0,0.16971876,0.005141388,0.009523632,LOW,0
30,2012,10,0,0.020054974,0.0,0.0047540106,LOW,0
31,2012,10,0,0.01769661,0.0,0.0047021355,LOW,0
32,2012,10,0,0.018309902,0.0,0.0047155707,LOW,0
33,2012,10,0,0.01817719,0.0,0.0047126627,LOW,0
34,2012,10,0,0.022074506,0.0,0.004798887,LOW,0
35,2012,10,0,0.021807984,0.0,0.00479294,LOW,0
0,2012,9,0,0.11309803,0.002302379,0.0073252292,LOW,0
1,2012,9,0,0.07898799,0.0023023789,0.006252365,LOW,0
2,2012,9,0,0.06382913,0.0023023789,0.0058271536,LOW,0
3,2012,9,0,0.031645842,0.0,0.0050173635,LOW,0
4,2012,9,0,0.022445176,0.0,0.004807167,LOW,0
5,2012,9,0,0.050882816,0.0,0.005486851,LOW,0
6,2012,9,0,0.074375436,0.002302379,0.0061198166,LOW,0
7,2012,9,0,0.025782056,0.0,0.0048823697,LOW,0
8,2012,9,0,0.023811687,0.0,0.0048378236,LOW,0
9,2012,9,0,0.022796383,0.0,0.0048150276,LOW,0
10,2012,9,0,0.035082173,0.0,0.0050981953,LOW,0
11,2012,9,0,0.02396068,0.0,0.004841178,LOW,0
12,2012,9,0,0.031154316,0.0,0.0050059077,LOW,0
13,2012,9,0,0.19757922,0.021466905,0.010833947,LOW,0
14,2012,9,0,0.2634769,0.021466903,0.014684862,LOW,0
15,2012,9,0,0.041422136,0.0,0.005250738,LOW,0
16,2012,9,0,0.065212,0.0023023789,0.0058647213,LOW,0
17,2012,9,0,0.05499235,0.0023023789,0.005592677,LOW,0
18,2012,9,0,0.045670487,0.0,0.00535549,LOW,0
19,2012,9,0,0.045550264,0.0,0.005352496,LOW,0
20,2012,9,0,0.047010798,0.0,0.005388967,LOW,0
21,2012,9,0,0.045790065,0.0,0.005358468,LOW,0
22,2012,9,0,0.049114797,0.0,0.0054419376,LOW,0
23,2012,9,0,0.030991059,0.0,0.005002109,LOW,0
24,2012,9,0,0.02818768,0.0,0.0049373084,LOW,0
25,2012,9,0,0.0619207,0.0023023789,0.0057757017,LOW,0
26,2012,9,0,0.025826138,0.0,0.004883371,LOW,0
27,2012,9,0,0.08487847,0.0023023789,0.0064257914,LOW,0
28,2012,9,0,0.04480556,0.0,0.0053339964,LOW,0
29,2012,9,0,0.10163546,0.0023023789,0.0069457223,LOW,0
30,2012,9,0,0.024775395,0.0,0.0048595616,LOW,0
31,2012,9,0,0.015837146,0.0,0.0046616322,LOW,0
32,2012,9,0,0.020028327,0.0,0.004753422,LOW,0
33,2012,9,0,0.016386392,0.0,0.004673559,LOW,0
34,2012,9,0,0.021887176,0.0,0.004794705,LOW,0
35,2012,9,0,0.02808684,0.0,0.0049349945,LOW,0
0,2012,2,0,0.122655444,0.005141388,0.007657344,LOW,0
1,2012,2,0,0.114824176,0.0023023789,0.007384134,LOW,0
2,2012,2,0,0.13147365,0.005141388,0.007977007,LOW,0
3,2012,2,0,0.035052262,0.0,0.005097484,LOW,0
4,2012,2,0,0.028238347,0.0,0.0049384725,LOW,0
5,2012,2,0,0.026302233,0.0,0.004894197,LOW,0
6,2012,2,0,0.06938194,0.0023023789,0.005979468,LOW,0
7,2012,2,0,0.026786389,0.0,0.004905231,LOW,0
8,2012,2,0,0.040570788,0.0,0.0052299923,LOW,0
9,2012,2,0,0.044654053,0.0,0.005330238,LOW,0
10,2012,2,0,0.025650613,0.0,0.004879385,LOW,0
11,2012,2,0,0.026110303,0.0,0.0048898305,LOW,0
12,2012,2,0,0.031306718,0.0,0.0050094575,LOW,0
13,2012,2,0,0.41580623,0.033492822,0.029480772,LOW,0
14,2012,2,0,0.46027574,0.039252337,0.036046837,LOW,0
15,2012,2,0,0.03613653,0.0,0.0051232525,LOW,0
16,2012,2,0,0.2006736,0.021466905,0.010990057,LOW,0
17,2012,2,0,0.0484966,0.0,0.0054263202,LOW,0
18,2012,2,0,0.12543078,0.005141388,0.0077565564,LOW,0
19,2012,2,0,0.03048028,0.0,0.0049902378,LOW,0
20,2012,2,0,0.033266395,0.0,0.005055324,LOW,0
21,2012,2,0,0.08903318,0.0023023789,0.0065509817,LOW,0
22,2012,2,0,0.037292153,0.0,0.005150861,LOW,0
23,2012,2,0,0.028603757,0.0,0.0049468735,LOW,0
24,2012,2,0,0.040046114,0.0,0.005217249,LOW,0
25,2012,2,0,0.05292034,0.0,0.005539069,LOW,0
26,2012,2,0,0.028705828,0.0,0.004949221,LOW,0
27,2012,2,0,0.099235475,0.0023023789,0.0068687685,LOW,0
28,2012,2,0,0.06784027,0.0023023789,0.0059367875,LOW,0
29,2012,2,0,0.07179618,0.0023023789,0.00604692,LOW,0
30,2012,2,0,0.020667423,0.0,0.0047675758,LOW,0
31,2012,2,0,0.040024504,0.0,0.0052167247,LOW,0
32,2012,2,0,0.017724566,0.0,0.004702747,LOW,0
33,2012,2,0,0.019486632,0.0,0.0047414587,LOW,0
34,2012,2,0,0.026420925,0.0,0.004896901,LOW,0
35,2012,2,0,0.024254028,0.0,0.00484779,LOW,0
0,2013,4,0,0.11326528,0.002302379,0.0073309187,LOW,0
1,2013,4,0,0.35292518,0.021466905,0.02213903,LOW,0
2,2013,4,0,0.54809123,0.049689442,0.05336609,MODERATE,0
3,2013,4,0,0.06625915,0.0023023789,0.005893331,LOW,0
4,2013,4,0,0.10270126,0.0023023789,0.00698017,LOW,0
5,2013,4,0,0.024402704,0.0,0.004851143,LOW,0
6,2013,4,0,0.05564746,0.002302379,0.005609733,LOW,0
7,2013,4,0,0.119580865,0.005141388,0.007548906,LOW,0
8,2013,4,0,0.054272495,0.0023023789,0.0055739935,LOW,0
9,2013,4,0,0.06268919,0.0023023789,0.005796365,LOW,0
10,2013,4,0,0.05899342,0.0023023789,0.0056976564,LOW,0
11,2013,4,0,0.029475724,0.0,0.0049669775,LOW,0
12,2013,4,0,0.06178938,0.002302379,0.005772179,LOW,0
13,2013,4,0,0.5029919,0.03925234,0.04366547,LOW,0
14,2013,4,0,0.5496844,0.04968944,0.05374356,MODERATE,0
15,2013,4,0,0.15573958,0.0051413877,0.008926592,LOW,0
16,2013,4,0,0.1884554,0.021466905,0.010386305,LOW,0
17,2013,4,0,0.08986979,0.0023023789,0.006576481,LOW,0
18,2013,4,0,0.13360275,0.0051413877,0.008056148,LOW,0
19,2013,4,0,0.047585223,0.0,0.005403378,LOW,0
20,2013,4,0,0.043448057,0.0,0.005300434,LOW,0
21,2013,4,0,0.3092232,0.021466905,0.0181226,LOW,0
22,2013,4,0,0.05723254,0.002302379,0.0056512146,LOW,0
23,2013,4,0,0.06231247,0.002302379,0.005786226,LOW,0
24,2013,4,0,0.100711696,0.002302379,0.0069160005,LOW,0
25,2013,4,0,0.031913966,0.0,0.0050236257,LOW,0
26,2013,4,0,0.03480347,0.0,0.0050915894,LOW,0
27,2013,4,0,0.13094784,0.005141388,0.007957579,LOW,0
28,2013,4,0,0.51226443,0.03925234,0.04551168,LOW,0
29,2013,4,0,0.08642304,0.002302379,0.006472054,LOW,0
30,2013,4,0,0.028195683,0.0,0.0049374932,LOW,0
31,2013,4,0,0.07094098,0.0023023789,0.0060229423,LOW,0
32,2013,4,0,0.026722308,0.0,0.0049037696,LOW,0
33,2013,4,0,0.029392025,0.0,0.004965043,LOW,0
34,2013,4,0,0.036400415,0.0,0.005129544,LOW,0
35,2013,4,0,0.03204671,0.0,0.0050267274,LOW,0
0,2013,3,0,0.12607476,0.005141388,0.0077797566,LOW,0
1,2013,3,0,0.44102004,0.039252337,0.03304656,LOW,0
2,2013,3,0,0.6940891,0.09626719,0.10035546,ELEVATED,1
3,2013,3,0,0.24466683,0.021466905,0.013465457,LOW,0
4,2013,3,0,0.13357146,0.005141388,0.008054978,LOW,0
5,2013,3,0,0.036876332,0.0,0.005140911,LOW,0
6,2013,3,0,0.11566517,0.002302379,0.007413007,LOW,0
7,2013,3,0,0.157953,0.0051413886,0.009018592,LOW,0
8,2013,3,0,0.046477858,0.0,0.0053756293,LOW,0
9,2013,3,0,0.07089815,0.002302379,0.006021743,LOW,0
10,2013,3,0,0.20635156,0.021466905,0.011282316,LOW,0
11,2013,3,0,0.037765536,0.0,0.005162213,LOW,0
12,2013,3,0,0.05829937,0.002302379,0.005679306,LOW,0
13,2013,3,0,0.41783533,0.033492822,0.02975337,LOW,0
14,2013,3,0,0.48206723,0.039252337,0.039758507,LOW,0
15,2013,3,0,0.26109102,0.021466905,0.014524361,LOW,0
16,2013,3,0,0.57040983,0.06329114,0.058888793,MODERATE,0
17,2013,3,0,0.1319747,0.005141388,0.007995559,LOW,0
18,2013,3,0,0.1719362,0.005141388,0.009621908,LOW,0
19,2013,3,0,0.06616743,0.0023023789,0.005890817,LOW,0
20,2013,3,0,0.07159339,0.002302379,0.0060412255,LOW,0
21,2013,3,0,0.48265997,0.039252337,0.03986442,LOW,0
22,2013,3,0,0.0755645,0.0023023789,0.0061537186,LOW,0
23,2013,3,0,0.1376737,0.005141388,0.00820965,LOW,0
24,2013,3,0,0.091463305,0.0023023789,0.0066253245,LOW,0
25,2013,3,0,0.053874988,0.002302379,0.0055637034,LOW,0
26,2013,3,0,0.03875494,0.0,0.005186019,LOW,0
27,2013,3,0,0.3542278,0.021466905,0.02227124,LOW,0
28,2013,3,0,0.71287924,0.10472973,0.1085684,ELEVATED,1
29,2013,3,0,0.07493079,0.0023023789,0.0061356286,LOW,0
30,2013,3,0,0.062829025,0.0023023789,0.0058001336,LOW,0
31,2013,3,0,0.09392955,0.0023023789,0.006701631,LOW,0
32,2013,3,0,0.055558044,0.002302379,0.005607401,LOW,0
33,2013,3,0,0.058302354,0.0023023789,0.005679384,LOW,0
34,2013,3,0,0.044771664,0.0,0.0053331535,LOW,0
35,2013,3,0,0.041677948,0.0,0.0052569886,LOW,0
0,2013,7,0,0.40849006,0.033492822,0.028517878,LOW,0
1,2013,7,0,0.38686037,0.030303031,0.025846394,LOW,0
2,2013,7,1,0.7400247,0.119873814,0.121472545,ELEVATED,1
3,2013,7,0,0.45075625,0.039252337,0.034532163,LOW,0
4,2013,7,0,0.34052742,0.021466905,0.020918565,LOW,0
5,2013,7,0,0.36839753,0.021466903,0.02376009,LOW,0
6,2013,7,0,0.588024,0.06329114,0.06362114,MODERATE,0
7,2013,7,0,0.3163323,0.021466907,0.01872348,LOW,0
8,2013,7,0,0.15033305,0.0051413886,0.008705761,LOW,0
9,2013,7,0,0.18964149,0.021466903,0.010443445,LOW,0
10,2013,7,0,0.4349667,0.039252337,0.032154232,LOW,0
11,2013,7,0,0.15274547,0.005141388,0.008803621,LOW,0
12,2013,7,0,0.17853056,0.021466905,0.0099201305,LOW,0
13,2013,7,0,0.4016769,0.033492822,0.027648682,LOW,0
14,2013,7,0,0.46866825,0.039252337,0.03743507,LOW,0
15,2013,7,0,0.42037827,0.033492822,0.030098444,LOW,0
16,2013,7,0,0.7363822,0.11987382,0.11966718,ELEVATED,1
17,2013,7,0,0.6191832,0.08091603,0.07286957,MODERATE,0
18,2013,7,0,0.44213235,0.039252337,0.03321311,LOW,0
19,2013,7,0,0.46078715,0.039252337,0.036129996,LOW,0
20,2013,7,0,0.31085268,0.021466905,0.018258631,LOW,0
21,2013,7,1,0.70736426,0.10472973,0.10609852,ELEVATED,1
22,2013,7,0,0.41843718,0.033492822,0.029834691,LOW,0
23,2013,7,0,0.43810862,0.039252337,0.03261444,LOW,0
24,2013,7,0,0.23963669,0.021466905,0.013156656,LOW,0
25,2013,7,0,0.3238671,0.021466907,0.01938168,LOW,0
26,2013,7,0,0.08999965,0.0023023789,0.0065804482,LOW,0
27,2013,7,0,0.6204322,0.08091603,0.07326499,MODERATE,0
28,2013,7,0,0.7364502,0.119873814,0.11970069,ELEVATED,1
29,2013,7,0,0.17932104,0.021466905,0.009956488,LOW,0
30,2013,7,0,0.36380878,0.021466905,0.023267604,LOW,0
31,2013,7,0,0.28730762,0.021466905,0.016386915,LOW,0
32,2013,7,0,0.30464378,0.021466907,0.017745597,LOW,0
33,2013,7,0,0.32237098,0.021466905,0.019249206,LOW,0
34,2013,7,0,0.08661975,0.0023023789,0.0064779683,LOW,0
35,2013,7,0,0.24830821,0.021466905,0.013693457,LOW,0
0,2013,0,0,0.64722127,0.08091603,0.08223492,MODERATE,0
1,2013,0,0,0.48790333,0.03925234,0.040813185,LOW,0
2,2013,0,1,0.741686,0.11987382,0.12230368,ELEVATED,1
3,2013,0,0,0.5868783,0.06329114,0.06330284,MODERATE,0
4,2013,0,0,0.62120837,0.08091603,0.07351172,MODERATE,0
5,2013,0,0,0.6139988,0.08091603,0.07124918,MODERATE,0
6,2013,0,0,0.72399116,0.10472973,0.113698564,ELEVATED,1
7,2013,0,0,0.5860527,0.06329114,0.0630744,MODERATE,0
8,2013,0,0,0.5197101,0.039252337,0.047047734,LOW,0
9,2013,0,0,0.42092147,0.033492822,0.030172657,LOW,0
10,2013,0,0,0.6506283,0.08091603,0.08344493,MODERATE,0
11,2013,0,0,0.20959271,0.021466905,0.01145258,LOW,0
12,2013,0,0,0.4193342,0.033492826,0.029956298,LOW,0
13,2013,0,0,0.5527527,0.049689442,0.05447763,MODERATE,0
14,2013,0,0,0.600348,0.08091603,0.06714052,MODERATE,0
15,2013,0,0,0.6199628,0.08091603,0.07311615,MODERATE,0
16,2013,0,0,0.7171416,0.10472973,0.11051178,ELEVATED,1
17,2013,0,0,0.7945804,0.18128654,0.15141541,HIGH,1
18,2013,0,0,0.7014214,0.1,0.10349254,ELEVATED,1
19,2013,0,0,0.6736538,0.09626719,0.09205442,MODERATE,1
20,2013,0,0,0.5931926,0.08091603,0.06507572,MODERATE,0
21,2013,0,1,0.73918706,0.11987381,0.12105532,ELEVATED,1
22,2013,0,0,0.67990476,0.09626719,0.09452589,MODERATE,1
23,2013,0,0,0.7206163,0.104729734,0.11211848,ELEVATED,1
24,2013,0,0,0.5055813,0.039252337,0.044173717,LOW,0
25,2013,0,0,0.60776967,0.08091603,0.06934627,MODERATE,0
26,2013,0,0,0.057460036,0.0023023789,0.005657193,LOW,0
27,2013,0,0,0.7264752,0.108125485,0.11487389,ELEVATED,1
28,2013,0,0,0.79209644,0.18128654,0.14992955,ELEVATED,1
29,2013,0,0,0.45108008,0.039252337,0.034582667,LOW,0
30,2013,0,0,0.62251854,0.08091603,0.07392992,MODERATE,0
31,2013,0,0,0.49938178,0.039252337,0.04296618,LOW,0
32,2013,0,0,0.6998165,0.09626719,0.10279857,ELEVATED,1
33,2013,0,0,0.6144503,0.08091603,0.07138896,MODERATE,0
34,2013,0,0,0.2891425,0.021466905,0.016525734,LOW,0
35,2013,0,0,0.42499545,0.033492822,0.030734923,LOW,0
0,2013,8,0,0.67741245,0.09626719,0.09353345,MODERATE,1
1,2013,8,0,0.56319135,0.06329114,0.057046372,MODERATE,0
2,2013,8,1,0.7391799,0.119873814,0.12105174,ELEVATED,1
3,2013,8,0,0.7404282,0.119873814,0.121673964,ELEVATED,1
4,2013,8,0,0.76875913,0.18128654,0.13655035,ELEVATED,1
5,2013,8,0,0.6914959,0.09626719,0.099266335,MODERATE,1
6,2013,8,0,0.7420964,0.11987382,0.12250979,ELEVATED,1
7,2013,8,0,0.72526914,0.10472973,0.114301935,ELEVATED,1
8,2013,8,0,0.6955331,0.09626719,0.100966506,ELEVATED,1
9,2013,8,0,0.5455638,0.049689442,0.052772403,MODERATE,0
10,2013,8,0,0.70040643,0.09626719,0.10305318,ELEVATED,1
11,2013,8,0,0.6368899,0.08091603,0.07866287,MODERATE,0
12,2013,8,0,0.5679545,0.06329114,0.05825593,MODERATE,0
13,2013,8,0,0.6062327,0.08091603,0.06888405,MODERATE,0
14,2013,8,0,0.6288639,0.08091603,0.07598646,MODERATE,0
15,2013,8,0,0.6768382,0.09626719,0.093306124,MODERATE,1
16,2013,8,0,0.7191415,0.10472973,0.11143406,ELEVATED,1
17,2013,8,0,0.79986185,0.18128654,0.15461488,HIGH,1
18,2013,8,0,0.7598809,0.13043478,0.13173065,ELEVATED,1
19,2013,8,0,0.74737036,0.11987381,0.12518473,ELEVATED,1
20,2013,8,0,0.6952093,0.09626719,0.1008292,ELEVATED,1
21,2013,8,1,0.7509971,0.119873814,0.12705314,ELEVATED,1
22,2013,8,0,0.7272001,0.11987381,0.11521889,ELEVATED,1
23,2013,8,0,0.75125134,0.11987382,0.127185,ELEVATED,1
24,2013,8,0,0.63604635,0.08091603,0.078377575,MODERATE,0
25,2013,8,0,0.7361546,0.119873814,0.119555175,ELEVATED,1
26,2013,8,0,0.09787938,0.002302379,0.0068256613,LOW,0
27,2013,8,0,0.7778149,0.18128654,0.14161852,ELEVATED,1
28,2013,8,0,0.7876803,0.18128654,0.14731759,ELEVATED,1
29,2013,8,0,0.6946062,0.09626719,0.100573875,ELEVATED,1
30,2013,8,0,0.7383308,0.11987381,0.12063006,ELEVATED,1
31,2013,8,0,0.602057,0.08091603,0.06764261,MODERATE,0
32,2013,8,0,0.78197515,0.18128654,0.14399906,ELEVATED,1
33,2013,8,0,0.7377626,0.11987382,0.12034861,ELEVATED,1
34,2013,8,0,0.4340871,0.033492822,0.03202652,LOW,0
35,2013,8,0,0.6267101,0.08091603,0.07528261,MODERATE,0
0,2013,6,0,0.73324865,0.119873814,0.11813269,ELEVATED,1
1,2013,6,0,0.58780414,0.06329114,0.06355994,MODERATE,0
2,2013,6,0,0.7186082,0.10472973,0.11118748,ELEVATED,1
3,2013,6,0,0.7586577,0.13043478,0.13107805,ELEVATED,1
4,2013,6,0,0.74679327,0.119873814,0.12488962,ELEVATED,1
5,2013,6,0,0.75184894,0.119873814,0.12749542,ELEVATED,1
6,2013,6,0,0.7552416,0.12839173,0.12926997,ELEVATED,1
7,2013,6,0,0.6456699,0.08091603,0.081689276,MODERATE,0
8,2013,6,0,0.67076766,0.09626719,0.09093303,MODERATE,1
9,2013,6,0,0.5602556,0.06329114,0.056312654,MODERATE,0
10,2013,6,0,0.6161345,0.08091603,0.07191263,MODERATE,0
11,2013,6,0,0.6499402,0.08091603,0.08319923,MODERATE,0
12,2013,6,0,0.56769794,0.06329114,0.058190167,MODERATE,0
13,2013,6,0,0.6188219,0.08091603,0.07275556,MODERATE,0
14,2013,6,0,0.58247167,0.06329114,0.06209237,MODERATE,0
15,2013,6,0,0.6894204,0.09626719,0.09840225,MODERATE,1
16,2013,6,0,0.7681399,0.16666667,0.13620943,ELEVATED,1
17,2013,6,0,0.7798911,0.18128654,0.14280237,ELEVATED,1
18,2013,6,0,0.77175623,0.18128654,0.1382106,ELEVATED,1
19,2013,6,0,0.71978134,0.10472973,0.111730546,ELEVATED,1
20,2013,6,0,0.7278557,0.119873814,0.11553166,ELEVATED,1
21,2013,6,1,0.6892956,0.09626719,0.0983505,MODERATE,1
22,2013,6,0,0.7304425,0.119873814,0.11677304,ELEVATED,1
23,2013,6,0,0.74170566,0.11987381,0.12231355,ELEVATED,1
24,2013,6,0,0.61158425,0.08091603,0.070505925,MODERATE,0
25,2013,6,0,0.73381215,0.119873814,0.11840737,ELEVATED,1
26,2013,6,0,0.13255173,0.005141388,0.008016983,LOW,0
27,2013,6,0,0.78226393,0.18128654,0.1441655,ELEVATED,1
28,2013,6,0,0.76869,0.17494908,0.13651225,ELEVATED,1
29,2013,6,0,0.7101474,0.10472973,0.10733868,ELEVATED,1
30,2013,6,0,0.696275,0.0962672,0.10128174,ELEVATED,1
31,2013,6,0,0.64558685,0.08091603,0.08166016,MODERATE,0
32,2013,6,0,0.6448051,0.08091603,0.08138652,MODERATE,0
33,2013,6,0,0.5980171,0.08091603,0.06646132,MODERATE,0
34,2013,6,0,0.35541835,0.021466905,0.022392739,LOW,0
35,2013,6,0,0.5360416,0.049689442,0.050591197,MODERATE,0
0,2013,5,0,0.5405593,0.049689442,0.051615186,MODERATE,0
1,2013,5,0,0.60956126,0.08091603,0.06988871,MODERATE,0
2,2013,5,0,0.710508,0.10472972,0.1075003,ELEVATED,1
3,2013,5,0,0.7323197,0.119873814,0.1176811,ELEVATED,1
4,2013,5,0,0.70677584,0.10472973,0.105837926,ELEVATED,1
5,2013,5,0,0.74067885,0.11987382,0.121799216,ELEVATED,1
6,2013,5,0,0.49335372,0.03925234,0.041822314,LOW,0
7,2013,5,0,0.5632817,0.06329114,0.0570691,MODERATE,0
8,2013,5,0,0.5791217,0.06329114,0.061186668,MODERATE,0
9,2013,5,0,0.49829257,0.039252337,0.042757303,LOW,0
10,2013,5,0,0.5254022,0.039252337,0.04825512,LOW,0
11,2013,5,0,0.5678578,0.06329114,0.05823113,MODERATE,0
12,2013,5,0,0.53064775,0.039252337,0.04939379,LOW,0
13,2013,5,0,0.5440251,0.049689442,0.052414015,MODERATE,0
14,2013,5,0,0.58199716,0.06329114,0.061963335,MODERATE,0
15,2013,5,0,0.63728344,0.08091603,0.07879632,MODERATE,0
16,2013,5,0,0.7001946,0.0962672,0.102961674,ELEVATED,1
17,2013,5,0,0.6294635,0.08091603,0.07618349,MODERATE,0
18,2013,5,0,0.5564469,0.06329114,0.055374,MODERATE,0
19,2013,5,0,0.644877,0.08091604,0.08141168,MODERATE,0
20,2013,5,0,0.6613922,0.09626719,0.08737464,MODERATE,0
21,2013,5,0,0.66442186,0.09626719,0.08851053,MODERATE,0
22,2013,5,0,0.74013484,0.11987381,0.1215275,ELEVATED,1
23,2013,5,0,0.602102,0.08091603,0.06765587,MODERATE,0
24,2013,5,0,0.638428,0.08091603,0.07918553,MODERATE,0
25,2013,5,0,0.7214326,0.10472973,0.11249891,ELEVATED,1
26,2013,5,0,0.44442675,0.039252337,0.033559218,LOW,0
27,2013,5,0,0.7008927,0.096267186,0.10326346,ELEVATED,1
28,2013,5,0,0.6579739,0.083333336,0.08610886,MODERATE,0
29,2013,5,0,0.73173743,0.119873814,0.11739877,ELEVATED,1
30,2013,5,0,0.57763416,0.06329114,0.060788453,MODERATE,0
31,2013,5,0,0.5708657,0.06329114,0.059007008,MODERATE,0
32,2013,5,0,0.51744473,0.039252337,0.04657523,LOW,0
33,2013,5,0,0.58902806,0.08091603,0.06390131,MODERATE,0
34,2013,5,0,0.23971243,0.021466905,0.013161256,LOW,0
35,2013,5,0,0.5177106,0.03925234,0.04663046,LOW,0
0,2013,1,0,0.49994016,0.039252337,0.043073636,LOW,0
1,2013,1,0,0.4721668,0.039252337,0.03802884,LOW,0
2,2013,1,0,0.67718893,0.09626719,0.09344491,MODERATE,1
3,2013,1,0,0.44758436,0.039252337,0.03404124,LOW,0
4,2013,1,0,0.40153545,0.033492822,0.027630907,LOW,0
5,2013,1,0,0.56605166,0.06329114,0.05776986,MODERATE,0
6,2013,1,0,0.4363042,0.039252337,0.03234937,LOW,0
7,2013,1,0,0.24348943,0.021466905,0.01339254,LOW,0
8,2013,1,0,0.2485104,0.021466905,0.013706228,LOW,0
9,2013,1,0,0.25897262,0.021466905,0.014383302,LOW,0
10,2013,1,0,0.39563283,0.030303031,0.026899183,LOW,0
11,2013,1,0,0.23306502,0.021466905,0.012763723,LOW,0
12,2013,1,0,0.2184,0.021466905,0.011928165,LOW,0
13,2013,1,0,0.2598306,0.021466905,0.014440271,LOW,0
14,2013,1,0,0.43127936,0.033492822,0.03162214,LOW,0
15,2013,1,0,0.3640113,0.021466905,0.023289125,LOW,0
16,2013,1,0,0.6739438,0.09626719,0.092167795,MODERATE,1
17,2013,1,0,0.5067282,0.039252333,0.044400617,LOW,0
18,2013,1,0,0.313985,0.021466905,0.01852295,LOW,0
19,2013,1,0,0.40745625,0.033492822,0.0283843,LOW,0
20,2013,1,0,0.37161183,0.021466907,0.02411111,LOW,0
21,2013,1,0,0.48161063,0.039252333,0.039677102,LOW,0
22,2013,1,0,0.5060378,0.039252337,0.044263892,LOW,0
23,2013,1,0,0.34860983,0.021466905,0.02170652,LOW,0
24,2013,1,0,0.30971473,0.021466905,0.018163525,LOW,0
25,2013,1,0,0.61875933,0.08091603,0.07273583,MODERATE,0
26,2013,1,0,0.30188602,0.021466903,0.017522292,LOW,0
27,2013,1,0,0.5499926,0.049689446,0.05381688,MODERATE,0
28,2013,1,0,0.47967717,0.039252333,0.039334167,LOW,0
29,2013,1,0,0.6596527,0.09090909,0.08672842,MODERATE,0
30,2013,1,0,0.25172725,0.021466905,0.013910991,LOW,0
31,2013,1,0,0.34889537,0.021466905,0.02173488,LOW,0
32,2013,1,0,0.26285514,0.021466905,0.014642869,LOW,0
33,2013,1,0,0.29036906,0.021466905,0.01661918,LOW,0
34,2013,1,0,0.14333607,0.0051413877,0.0084279915,LOW,0
35,2013,1,0,0.11369172,0.0023023789,0.0073454375,LOW,0
0,2013,11,0,0.509323,0.039252337,0.04491811,LOW,0
1,2013,11,0,0.3810317,0.021466905,0.025169183,LOW,0
2,2013,11,0,0.48947665,0.039252333,0.04110207,LOW,0
3,2013,11,0,0.15366991,0.0051413886,0.008841407,LOW,0
4,2013,11,0,0.104587875,0.0023023789,0.007041563,LOW,0
5,2013,11,0,0.35517058,0.021466905,0.022367397,LOW,0
6,2013,11,0,0.35883346,0.021466903,0.022744887,LOW,0
7,2013,11,0,0.067912586,0.0023023789,0.005938783,LOW,0
8,2013,11,0,0.09123175,0.0023023789,0.006618204,LOW,0
9,2013,11,0,0.08346652,0.0023023789,0.0063837916,LOW,0
10,2013,11,0,0.09773434,0.0023023789,0.006821066,LOW,0
11,2013,11,0,0.06910817,0.0023023789,0.005971869,LOW,0
12,2013,11,0,0.09561342,0.0023023789,0.006754231,LOW,0
13,2013,11,0,0.10902724,0.0023023789,0.0071881507,LOW,0
14,2013,11,0,0.29802164,0.021466905,0.017214011,LOW,0
15,2013,11,0,0.08923406,0.0023023789,0.006557095,LOW,0
16,2013,11,0,0.52155656,0.039252333,0.047436215,LOW,0
17,2013,11,0,0.24006546,0.021466905,0.013182702,LOW,0
18,2013,11,0,0.07970534,0.0023023789,0.0062732343,LOW,0
19,2013,11,0,0.12514219,0.005141388,0.007746178,LOW,0
20,2013,11,0,0.12887076,0.0051413886,0.007881299,LOW,0
21,2013,11,0,0.29136813,0.021466905,0.016695675,LOW,0
22,2013,11,0,0.20359023,0.021466905,0.011139233,LOW,0
23,2013,11,0,0.07447876,0.0023023789,0.0061227554,LOW,0
24,2013,11,0,0.10597724,0.002302379,0.0070871175,LOW,0
25,2013,11,0,0.2723948,0.021466905,0.01530039,LOW,0
26,2013,11,0,0.11926375,0.005141388,0.007537807,LOW,0
27,2013,11,0,0.14494763,0.005141388,0.008491179,LOW,0
28,2013,11,0,0.23046465,0.021466905,0.012611464,LOW,0
29,2013,11,0,0.27334464,0.021466905,0.015367426,LOW,0
30,2013,11,0,0.054764077,0.0023023789,0.005586745,LOW,0
31,2013,11,0,0.07503211,0.0023023789,0.006138517,LOW,0
32,2013,11,0,0.049256157,0.0,0.0054455157,LOW,0
33,2013,11,0,0.04511143,0.0,0.005341586,LOW,0
34,2013,11,0,0.06699854,0.0023023789,0.0059136134,LOW,0
35,2013,11,0,0.05110929,0.0,0.005492631,LOW,0
0,2013,10,0,0.23990268,0.021466905,0.013172806,LOW,0
1,2013,10,0,0.10425549,0.0023023789,0.0070307082,LOW,0
2,2013,10,0,0.07651938,0.0023023789,0.006181075,LOW,0
3,2013,10,0,0.059012912,0.002302379,0.005698173,LOW,0
4,2013,10,0,0.03594016,0.0,0.005118576,LOW,0
5,2013,10,0,0.16557832,0.005141388,0.0093427915,LOW,0
6,2013,10,0,0.07368693,0.002302379,0.006100273,LOW,0
7,2013,10,0,0.04337518,0.0,0.0052986396,LOW,0
8,2013,10,0,0.031069938,0.0,0.0050039436,LOW,0
9,2013,10,0,0.03920512,0.0,0.0051968866,LOW,0
10,2013,10,0,0.07843792,0.0023023789,0.0062364107,LOW,0
11,2013,10,0,0.028468233,0.0,0.0049437545,LOW,0
12,2013,10,0,0.02683309,0.0,0.004906297,LOW,0
13,2013,10,0,0.09619806,0.0023023789,0.006772589,LOW,0
14,2013,10,0,0.19872522,0.021466905,0.010891505,LOW,0
15,2013,10,0,0.048912782,0.0,0.00543683,LOW,0
16,2013,10,0,0.35552377,0.021466903,0.02240353,LOW,0
17,2013,10,0,0.06253332,0.002302379,0.005792168,LOW,0
18,2013,10,0,0.04381809,0.0,0.0053095627,LOW,0
19,2013,10,0,0.035307404,0.0,0.0051035383,LOW,0
20,2013,10,0,0.036813628,0.0,0.0051394114,LOW,0
21,2013,10,0,0.04341646,0.0,0.005299655,LOW,0
22,2013,10,0,0.056699857,0.0023023789,0.0056372397,LOW,0
23,2013,10,0,0.057705767,0.0023023789,0.0056636585,LOW,0
24,2013,10,0,0.034852147,0.0,0.0050927442,LOW,0
25,2013,10,0,0.11264173,0.0023023789,0.0073097367,LOW,0
26,2013,10,0,0.029497776,0.0,0.0049674865,LOW,0
27,2013,10,0,0.039580666,0.0,0.005205969,LOW,0
28,2013,10,0,0.048272785,0.0,0.0054206774,LOW,0
29,2013,10,0,0.12672813,0.0051413886,0.0078033707,LOW,0
30,2013,10,0,0.023620432,0.0,0.004833521,LOW,0
31,2013,10,0,0.025732247,0.0,0.0048812395,LOW,0
32,2013,10,0,0.026806885,0.0,0.0049056993,LOW,0
33,2013,10,0,0.022031099,0.0,0.0047979164,LOW,0
34,2013,10,0,0.019804455,0.0,0.0047484753,LOW,0
35,2013,10,0,0.020911189,0.0,0.004772986,LOW,0
0,2013,9,0,0.084297486,0.0023023789,0.0064084777,LOW,0
1,2013,9,0,0.09289014,0.0023023789,0.0066693667,LOW,0
2,2013,9,0,0.09062599,0.0023023789,0.0065996153,LOW,0
3,2013,9,0,0.030741418,0.0,0.0049963025,LOW,0
4,2013,9,0,0.04092996,0.0,0.0052387347,LOW,0
5,2013,9,0,0.03993524,0.0,0.00521456,LOW,0
6,2013,9,0,0.046727125,0.0,0.005381864,LOW,0
7,2013,9,0,0.030660726,0.0,0.004994428,LOW,0
8,2013,9,0,0.030329058,0.0,0.00498673,LOW,0
9,2013,9,0,0.027210873,0.0,0.0049149254,LOW,0
10,2013,9,0,0.06890911,0.002302379,0.0059663462,LOW,0
11,2013,9,0,0.024078742,0.0,0.004843837,LOW,0
12,2013,9,0,0.033976644,0.0,0.0050720493,LOW,0
13,2013,9,0,0.24648997,0.021466905,0.013579141,LOW,0
14,2013,9,0,0.39842352,0.03349282,0.027242754,LOW,0
15,2013,9,0,0.029894816,0.0,0.004976668,LOW,0
16,2013,9,0,0.07090585,0.0023023789,0.0060219574,LOW,0
17,2013,9,0,0.063575126,0.0023023789,0.0058202795,LOW,0
18,2013,9,0,0.04926978,0.0,0.0054458594,LOW,0
19,2013,9,0,0.046779614,0.0,0.005383176,LOW,0
20,2013,9,0,0.03769926,0.0,0.005160622,LOW,0
21,2013,9,0,0.052505706,0.0,0.005528402,LOW,0
22,2013,9,0,0.048998937,0.0,0.0054390067,LOW,0
23,2013,9,0,0.047655907,0.0,0.005405154,LOW,0
24,2013,9,0,0.028857576,0.0,0.0049527166,LOW,0
25,2013,9,0,0.06541199,0.0023023789,0.0058701755,LOW,0
26,2013,9,0,0.022624323,0.0,0.004811177,LOW,0
27,2013,9,0,0.04942481,0.0,0.005449787,LOW,0
28,2013,9,0,0.045104016,0.0,0.005341401,LOW,0
29,2013,9,0,0.089987375,0.0023023789,0.0065800734,LOW,0
30,2013,9,0,0.020097412,0.0,0.0047549494,LOW,0
31,2013,9,0,0.032917533,0.0,0.005047128,LOW,0
32,2013,9,0,0.028955406,0.0,0.0049549704,LOW,0
33,2013,9,0,0.017328937,0.0,0.0046940995,LOW,0
34,2013,9,0,0.021531263,0.0,0.004786773,LOW,0
35,2013,9,0,0.023787951,0.0,0.004837291,LOW,0
0,2013,2,0,0.096911065,0.0023023789,0.006795047,LOW,0
1,2013,2,0,0.15667364,0.005141388,0.008965299,LOW,0
2,2013,2,0,0.15000285,0.005141388,0.008692451,LOW,0
3,2013,2,0,0.034088153,0.0,0.00507468,LOW,0
4,2013,2,0,0.023719465,0.0,0.0048357486,LOW,0
5,2013,2,0,0.023833748,0.0,0.004838322,LOW,0
6,2013,2,0,0.04306907,0.0,0.0052911025,LOW,0
7,2013,2,0,0.038151152,0.0,0.005171478,LOW,0
8,2013,2,0,0.033163812,0.0,0.005052912,LOW,0
9,2013,2,0,0.03696881,0.0,0.005143121,LOW,0
10,2013,2,0,0.045417245,0.0,0.0053491867,LOW,0
11,2013,2,0,0.024658302,0.0,0.0048569147,LOW,0
12,2013,2,0,0.0325011,0.0,0.005037361,LOW,0
13,2013,2,0,0.34718242,0.021466905,0.02156528,LOW,0
14,2013,2,0,0.36784324,0.021466903,0.02370006,LOW,0
15,2013,2,0,0.03154192,0.0,0.005014941,LOW,0
16,2013,2,0,0.08668053,0.0023023789,0.006479798,LOW,0
17,2013,2,0,0.0482641,0.0,0.005420459,LOW,0
18,2013,2,0,0.15132067,0.005141388,0.00874569,LOW,0
19,2013,2,0,0.03277051,0.0,0.0050436766,LOW,0
20,2013,2,0,0.032248434,0.0,0.005031447,LOW,0
21,2013,2,0,0.13158707,0.005141388,0.0079812035,LOW,0
22,2013,2,0,0.030496702,0.0,0.004990619,LOW,0
23,2013,2,0,0.030497016,0.0,0.0049906257,LOW,0
24,2013,2,0,0.038622234,0.0,0.0051828194,LOW,0
25,2013,2,0,0.06247532,0.0023023789,0.0057906085,LOW,0
26,2013,2,0,0.028031617,0.0,0.004933725,LOW,0
27,2013,2,0,0.06361819,0.0023023789,0.005821444,LOW,0
28,2013,2,0,0.05176901,0.0,0.005509501,LOW,0
29,2013,2,0,0.054235846,0.002302379,0.005573045,LOW,0
30,2013,2,0,0.018310914,0.0,0.004715593,LOW,0
31,2013,2,0,0.079916514,0.0023023789,0.0062793903,LOW,0
32,2013,2,0,0.021077044,0.0,0.0047766706,LOW,0
33,2013,2,0,0.022742331,0.0,0.0048138173,LOW,0
34,2013,2,0,0.025778653,0.0,0.004882291,LOW,0
35,2013,2,0,0.026360488,0.0,0.004895523,LOW,0
0,2014,4,0,0.08274354,0.0023023789,0.0063623916,LOW,0
1,2014,4,1,0.46936312,0.039252337,0.03755229,LOW,0
2,2014,4,1,0.44214746,0.039252337,0.033215377,LOW,0
3,2014,4,0,0.06636805,0.0023023789,0.0058963127,LOW,0
4,2014,4,0,0.102380514,0.0023023789,0.006969783,LOW,0
5,2014,4,0,0.06698558,0.0023023789,0.0059132576,LOW,0
6,2014,4,0,0.04619321,0.0,0.005368521,LOW,0
7,2014,4,0,0.12888323,0.0051413886,0.007881754,LOW,0
8,2014,4,0,0.04530376,0.0,0.005346366,LOW,0
9,2014,4,0,0.19940412,0.021466903,0.010925743,LOW,0
10,2014,4,0,0.1879352,0.021466905,0.010361344,LOW,0
11,2014,4,0,0.033040162,0.0,0.0050500073,LOW,0
12,2014,4,0,0.06091319,0.002302379,0.00574872,LOW,0
13,2014,4,0,0.48238924,0.039252337,0.039816007,LOW,0
14,2014,4,0,0.32714242,0.021466905,0.019674815,LOW,0
15,2014,4,0,0.1091184,0.002302379,0.0071911933,LOW,0
16,2014,4,0,0.09265813,0.002302379,0.0066621844,LOW,0
17,2014,4,0,0.083774164,0.0023023789,0.0063929204,LOW,0
18,2014,4,0,0.1831441,0.021466905,0.0101342,LOW,0
19,2014,4,0,0.07485378,0.0023023789,0.006133434,LOW,0
20,2014,4,0,0.063121304,0.0023023789,0.0058080168,LOW,0
21,2014,4,1,0.28582054,0.021466905,0.016275248,LOW,0
22,2014,4,0,0.051924165,0.0,0.0055134767,LOW,0
23,2014,4,0,0.16584425,0.0051413877,0.009354304,LOW,0
24,2014,4,0,0.08374163,0.0023023789,0.0063919537,LOW,0
25,2014,4,0,0.04035673,0.0,0.0052247904,LOW,0
26,2014,4,0,0.032184727,0.0,0.005029955,LOW,0
27,2014,4,0,0.1603905,0.005141388,0.009120995,LOW,0
28,2014,4,0,0.5936899,0.08091603,0.06521729,MODERATE,0
29,2014,4,0,0.046360314,0.0,0.005372693,LOW,0
30,2014,4,0,0.028907433,0.0,0.0049538654,LOW,0
31,2014,4,0,0.121941365,0.0051413886,0.0076320223,LOW,0
32,2014,4,0,0.03978072,0.0,0.005210814,LOW,0
33,2014,4,0,0.040632762,0.0,0.005231501,LOW,0
34,2014,4,0,0.051928394,0.0,0.0055135866,LOW,0
35,2014,4,0,0.09620802,0.0023023789,0.0067729033,LOW,0
0,2014,3,0,0.15609188,0.005141388,0.008941174,LOW,0
1,2014,3,1,0.4571849,0.03925234,0.035548165,LOW,0
2,2014,3,1,0.43292543,0.03349282,0.031858616,LOW,0
3,2014,3,0,0.2531332,0.021466905,0.014001434,LOW,0
4,2014,3,0,0.17989662,0.021466907,0.009983047,LOW,0
5,2014,3,0,0.07975132,0.0023023789,0.006274575,LOW,0
6,2014,3,0,0.062234063,0.0023023789,0.0057841195,LOW,0
7,2014,3,0,0.25879502,0.021466907,0.014371545,LOW,0
8,2014,3,0,0.063528195,0.002302379,0.0058190105,LOW,0
9,2014,3,0,0.16086629,0.005141388,0.009141116,LOW,0
10,2014,3,0,0.37612268,0.021466905,0.024612257,LOW,0
11,2014,3,0,0.052570652,0.0,0.005530072,LOW,0
12,2014,3,0,0.054457244,0.0023023786,0.0055787824,LOW,0
13,2014,3,0,0.3874244,0.030303031,0.02591286,LOW,0
14,2014,3,0,0.4320355,0.033492822,0.031730555,LOW,0
15,2014,3,0,0.19332893,0.021466907,0.010623087,LOW,0
16,2014,3,0,0.36635214,0.021466907,0.023539323,LOW,0
17,2014,3,0,0.123436175,0.005141388,0.007685124,LOW,0
18,2014,3,0,0.18650278,0.021466907,0.01029291,LOW,0
19,2014,3,0,0.13045755,0.0051413877,0.007939508,LOW,0
20,2014,3,0,0.12414128,0.005141388,0.0077103027,LOW,0
21,2014,3,1,0.32218346,0.021466905,0.019232666,LOW,0
22,2014,3,0,0.09056105,0.0023023789,0.006597624,LOW,0
23,2014,3,0,0.2357126,0.021466907,0.012920613,LOW,0
24,2014,3,0,0.10655283,0.0023023789,0.007106078,LOW,0
25,2014,3,0,0.054883447,0.0023023789,0.005589845,LOW,0
26,2014,3,0,0.055092912,0.0023023789,0.0055952896,LOW,0
27,2014,3,0,0.3202385,0.021466905,0.019061921,LOW,0
28,2014,3,0,0.7362534,0.11987382,0.11960376,ELEVATED,1
29,2014,3,0,0.043421715,0.0,0.005299785,LOW,0
30,2014,3,0,0.043501426,0.0,0.005301749,LOW,0
31,2014,3,0,0.13475648,0.0051413877,0.008099359,LOW,0
32,2014,3,0,0.06838125,0.002302379,0.005951732,LOW,0
33,2014,3,0,0.056386217,0.0023023789,0.005629029,LOW,0
34,2014,3,0,0.039376553,0.0,0.0052010296,LOW,0
35,2014,3,0,0.07364821,0.002302379,0.0060991747,LOW,0
0,2014,7,0,0.37296426,0.021466905,0.024260307,LOW,0
1,2014,7,1,0.42385092,0.033492822,0.030575942,LOW,0
2,2014,7,1,0.7055808,0.10472973,0.10531041,ELEVATED,1
3,2014,7,0,0.44356045,0.039252337,0.03342813,LOW,0
4,2014,7,0,0.50976837,0.039252337,0.04500751,LOW,0
5,2014,7,1,0.35514912,0.021466905,0.022365203,LOW,0
6,2014,7,1,0.49844566,0.039252333,0.042786606,LOW,0
7,2014,7,0,0.5910133,0.08091603,0.064458676,MODERATE,0
8,2014,7,0,0.2056908,0.021466905,0.011247912,LOW,0
9,2014,7,0,0.40251797,0.033492822,0.027754573,LOW,0
10,2014,7,0,0.59923995,0.08091603,0.066816844,MODERATE,0
11,2014,7,0,0.19402921,0.021466905,0.010657548,LOW,0
12,2014,7,0,0.091037795,0.0023023789,0.0066122473,LOW,0
13,2014,7,0,0.41726372,0.033492826,0.029676331,LOW,0
14,2014,7,0,0.45877203,0.039252337,0.035803396,LOW,0
15,2014,7,0,0.36289272,0.021466903,0.023170484,LOW,0
16,2014,7,0,0.6414734,0.08091603,0.080229774,MODERATE,0
17,2014,7,1,0.61382395,0.08091603,0.07119511,MODERATE,0
18,2014,7,0,0.36368036,0.021466905,0.023253966,LOW,0
19,2014,7,1,0.50424373,0.03925234,0.04391047,LOW,0
20,2014,7,1,0.51448864,0.039252337,0.045965455,LOW,0
21,2014,7,1,0.6421209,0.08091603,0.0804534,MODERATE,0
22,2014,7,1,0.4361299,0.039252333,0.03232387,LOW,0
23,2014,7,1,0.49392623,0.039252337,0.04192969,LOW,0
24,2014,7,0,0.2489791,0.021466905,0.013735872,LOW,0
25,2014,7,0,0.31263864,0.021466905,0.01840888,LOW,0
26,2014,7,0,0.16853149,0.005141388,0.009471428,LOW,0
27,2014,7,0,0.6072458,0.08091603,0.0691884,MODERATE,0
28,2014,7,0,0.7898249,0.18128654,0.14858128,ELEVATED,1
29,2014,7,0,0.21413206,0.021466907,0.011695312,LOW,0
30,2014,7,0,0.4254539,0.033492822,0.030798826,LOW,0
31,2014,7,0,0.38835558,0.03030303,0.026022952,LOW,0
32,2014,7,0,0.5273816,0.03925234,0.048681837,LOW,0
33,2014,7,0,0.35951507,0.021466907,0.022815809,LOW,0
34,2014,7,0,0.088269755,0.0023023789,0.006527798,LOW,0
35,2014,7,0,0.30744287,0.021466905,0.017975105,LOW,0
0,2014,0,0,0.590078,0.08091603,0.06419551,MODERATE,0
1,2014,0,0,0.42779648,0.033492822,0.031127376,LOW,0
2,2014,0,0,0.74820954,0.119873814,0.12561496,ELEVATED,1
3,2014,0,0,0.64332587,0.080916025,0.080871075,MODERATE,0
4,2014,0,0,0.6860539,0.09626719,0.097014904,MODERATE,1
5,2014,0,1,0.5654954,0.06329114,0.057628486,MODERATE,0
6,2014,0,1,0.7371542,0.11987382,0.12004785,ELEVATED,1
7,2014,0,0,0.6190183,0.08091603,0.07281753,MODERATE,0
8,2014,0,0,0.42829823,0.033492822,0.031198192,LOW,0
9,2014,0,0,0.5756954,0.06329114,0.060273103,MODERATE,0
10,2014,0,0,0.55628663,0.06329114,0.055334825,MODERATE,0
11,2014,0,0,0.46003017,0.039252337,0.036006972,LOW,0
12,2014,0,0,0.41133153,0.033492822,0.028888172,LOW,0
13,2014,0,0,0.5171941,0.039252337,0.04652323,LOW,0
14,2014,0,0,0.53095335,0.039252337,0.049460914,LOW,0
15,2014,0,0,0.44678628,0.039252337,0.033918783,LOW,0
16,2014,0,0,0.6863544,0.09626719,0.09713804,MODERATE,1
17,2014,0,1,0.7582284,0.13043478,0.13084964,ELEVATED,1
18,2014,0,0,0.741098,0.11987381,0.122008964,ELEVATED,1
19,2014,0,1,0.6821337,0.09626719,0.095421426,MODERATE,1
20,2014,0,1,0.6592311,0.09090909,0.086572476,MODERATE,0
21,2014,0,0,0.7125469,0.10472973,0.10841815,ELEVATED,1
22,2014,0,1,0.67996895,0.09626719,0.09455159,MODERATE,1
23,2014,0,1,0.6304942,0.08091603,0.07652327,MODERATE,0
24,2014,0,0,0.49271205,0.039252337,0.04170229,LOW,0
25,2014,0,0,0.66707647,0.096267186,0.08951675,MODERATE,0
26,2014,0,0,0.25439987,0.021466903,0.01408341,LOW,0
27,2014,0,0,0.7747814,0.18128653,0.13990352,ELEVATED,1
28,2014,0,1,0.7915452,0.18128654,0.14960146,ELEVATED,1
29,2014,0,0,0.5544907,0.06329114,0.054897618,MODERATE,0
30,2014,0,0,0.6502096,0.08091603,0.083295345,MODERATE,0
31,2014,0,0,0.59152925,0.08091603,0.06460427,MODERATE,0
32,2014,0,0,0.6781875,0.09626719,0.09384106,MODERATE,1
33,2014,0,0,0.67606205,0.09626719,0.09299963,MODERATE,1
34,2014,0,0,0.20654742,0.021466905,0.011292535,LOW,0
35,2014,0,0,0.5399765,0.049689442,0.051481996,MODERATE,0
0,2014,8,0,0.6725534,0.09626719,0.091625415,MODERATE,1
1,2014,8,0,0.51040876,0.039252337,0.045136355,LOW,0
2,2014,8,0,0.75503486,0.121618025,0.12916127,ELEVATED,1
3,2014,8,0,0.74494505,0.11987381,0.12394843,ELEVATED,1
4,2014,8,0,0.7575042,0.13043478,0.13046515,ELEVATED,1
5,2014,8,1,0.7168511,0.10472973,0.11037836,ELEVATED,1
6,2014,8,1,0.7708717,0.18128654,0.13771886,ELEVATED,1
7,2014,8,0,0.73487806,0.119873814,0.11892848,ELEVATED,1
8,2014,8,0,0.6601109,0.09090909,0.08689821,MODERATE,0
9,2014,8,1,0.68766385,0.09626719,0.09767618,MODERATE,1
10,2014,8,0,0.70919967,0.10472973,0.106914945,ELEVATED,1
11,2014,8,0,0.7156735,0.10472973,0.109839,ELEVATED,1
12,2014,8,0,0.5398167,0.049689442,0.051445533,MODERATE,0
13,2014,8,0,0.5877688,0.06329114,0.06355011,MODERATE,0
14,2014,8,0,0.5558376,0.06329114,0.055225194,MODERATE,0
15,2014,8,0,0.69086236,0.09626719,0.09900187,MODERATE,1
16,2014,8,0,0.72581655,0.10472972,0.11456124,ELEVATED,1
17,2014,8,1,0.79986185,0.18128654,0.15461488,HIGH,1
18,2014,8,0,0.79071,0.18128654,0.14910543,ELEVATED,1
19,2014,8,1,0.74176955,0.11987381,0.122345634,ELEVATED,1
20,2014,8,1,0.7333242,0.119873814,0.1181695,ELEVATED,1
21,2014,8,0,0.76183146,0.13043478,0.13277704,ELEVATED,1
22,2014,8,1,0.69541043,0.0962672,0.100914456,ELEVATED,1
23,2014,8,1,0.76245224,0.13043478,0.13311152,ELEVATED,1
24,2014,8,1,0.67319167,0.09626719,0.09187402,MODERATE,1
25,2014,8,0,0.71779543,0.10472973,0.110812545,ELEVATED,1
26,2014,8,0,0.41542175,0.033492822,0.029429397,LOW,0
27,2014,8,0,0.7859693,0.18128656,0.14631575,ELEVATED,1
28,2014,8,1,0.7966956,0.18128654,0.15269022,HIGH,1
29,2014,8,0,0.65703547,0.083333336,0.0857643,MODERATE,0
30,2014,8,0,0.66098225,0.09090909,0.08722195,MODERATE,0
31,2014,8,0,0.6198067,0.08091603,0.07306673,MODERATE,0
32,2014,8,0,0.76217127,0.13043478,0.13296004,ELEVATED,1
33,2014,8,0,0.76882553,0.18128654,0.13658696,ELEVATED,1
34,2014,8,0,0.2946562,0.021466907,0.016949885,LOW,0
35,2014,8,1,0.70234984,0.10000001,0.103895895,ELEVATED,1
0,2014,6,0,0.7119128,0.10472973,0.10813197,ELEVATED,1
1,2014,6,0,0.45671377,0.03925234,0.035472732,LOW,0
2,2014,6,0,0.658049,0.083333336,0.0861365,MODERATE,0
3,2014,6,0,0.7475942,0.11987381,0.12529935,ELEVATED,1
4,2014,6,0,0.79813963,0.18128654,0.15356557,HIGH,1
5,2014,6,0,0.78689957,0.18128654,0.14685972,ELEVATED,1
6,2014,6,0,0.7748394,0.18128654,0.13993613,ELEVATED,1
7,2014,6,0,0.7451737,0.119873814,0.12406456,ELEVATED,1
8,2014,6,0,0.69419324,0.09626719,0.100399405,ELEVATED,1
9,2014,6,1,0.742837,0.11987381,0.12288241,ELEVATED,1
10,2014,6,0,0.7010586,0.09626719,0.10333533,ELEVATED,1
11,2014,6,0,0.71136063,0.10472973,0.1078833,ELEVATED,1
12,2014,6,0,0.54568696,0.049689442,0.052801173,MODERATE,0
13,2014,6,0,0.6050823,0.08091603,0.06853993,MODERATE,0
14,2014,6,0,0.69719744,0.096267186,0.10167489,ELEVATED,1
15,2014,6,0,0.7176804,0.10472973,0.11075959,ELEVATED,1
16,2014,6,0,0.72986865,0.11987381,0.11649664,ELEVATED,1
17,2014,6,0,0.8163068,0.18128654,0.16493143,HIGH,1
18,2014,6,0,0.7341314,0.119873814,0.11856325,ELEVATED,1
19,2014,6,0,0.78762156,0.18128654,0.14728309,ELEVATED,1
20,2014,6,0,0.7896939,0.18128654,0.14850384,ELEVATED,1
21,2014,6,0,0.7700208,0.18128654,0.1372472,ELEVATED,1
22,2014,6,0,0.79739225,0.18128654,0.15311198,HIGH,1
23,2014,6,0,0.7996602,0.18128654,0.15449172,HIGH,1
24,2014,6,1,0.67548674,0.09626719,0.09277305,MODERATE,1
25,2014,6,0,0.7160756,0.10472973,0.11002291,ELEVATED,1
26,2014,6,0,0.5305013,0.03925234,0.049361665,LOW,0
27,2014,6,0,0.78943044,0.18128654,0.1483482,ELEVATED,1
28,2014,6,1,0.75674516,0.13043478,0.13006316,ELEVATED,1
29,2014,6,0,0.690301,0.09626719,0.09876805,MODERATE,1
30,2014,6,0,0.7930114,0.18128654,0.15047547,HIGH,1
31,2014,6,0,0.72061914,0.10472973,0.11211982,ELEVATED,1
32,2014,6,0,0.79846495,0.18128654,0.15376332,HIGH,1
33,2014,6,0,0.7842232,0.18128654,0.1452992,ELEVATED,1
34,2014,6,0,0.35019374,0.021466905,0.021864302,LOW,0
35,2014,6,1,0.7431502,0.119873814,0.123040296,ELEVATED,1
0,2014,5,0,0.7140348,0.10472973,0.10909229,ELEVATED,1
1,2014,5,0,0.49896282,0.03925234,0.04288572,LOW,0
2,2014,5,1,0.67219305,0.09626719,0.091485314,MODERATE,1
3,2014,5,0,0.6574046,0.08333334,0.08589969,MODERATE,0
4,2014,5,0,0.7358478,0.11987381,0.11940428,ELEVATED,1
5,2014,5,0,0.6792084,0.09626719,0.094247654,MODERATE,1
6,2014,5,0,0.7082083,0.10472973,0.10647328,ELEVATED,1
7,2014,5,0,0.6405936,0.08091603,0.0799268,MODERATE,0
8,2014,5,0,0.58307517,0.06329114,0.06225686,MODERATE,0
9,2014,5,1,0.6005747,0.08091603,0.06720693,MODERATE,0
10,2014,5,0,0.5631608,0.06329114,0.05703869,MODERATE,0
11,2014,5,0,0.5763679,0.06329114,0.060451403,MODERATE,0
12,2014,5,0,0.16370328,0.005141388,0.009262017,LOW,0
13,2014,5,0,0.5456781,0.049689442,0.052799102,MODERATE,0
14,2014,5,0,0.6680284,0.09626719,0.08988009,MODERATE,0
15,2014,5,0,0.57976425,0.06329114,0.06135943,MODERATE,0
16,2014,5,0,0.6627138,0.09626719,0.087868504,MODERATE,0
17,2014,5,0,0.72930807,0.11987382,0.116227224,ELEVATED,1
18,2014,5,0,0.6687518,0.09626719,0.09015706,MODERATE,1
19,2014,5,0,0.7062497,0.10472973,0.105605416,ELEVATED,1
20,2014,5,0,0.769428,0.18128656,0.13691942,ELEVATED,1
21,2014,5,0,0.69807637,0.09626719,0.102050774,ELEVATED,1
22,2014,5,0,0.7353018,0.11987381,0.11913618,ELEVATED,1
23,2014,5,0,0.7238743,0.10472973,0.113643505,ELEVATED,1
24,2014,5,1,0.6538096,0.08091603,0.08458933,MODERATE,0
25,2014,5,0,0.7216068,0.10472973,0.11258023,ELEVATED,1
26,2014,5,0,0.45847726,0.039252337,0.035755854,LOW,0
27,2014,5,0,0.7380927,0.11987381,0.12051207,ELEVATED,1
28,2014,5,0,0.7352209,0.11987382,0.11909649,ELEVATED,1
29,2014,5,0,0.6530073,0.08091603,0.084299386,MODERATE,0
30,2014,5,0,0.74087316,0.119873814,0.121896416,ELEVATED,1
31,2014,5,0,0.571082,0.06329114,0.059063178,MODERATE,0
32,2014,5,0,0.6741191,0.09626719,0.09223637,MODERATE,1
33,2014,5,0,0.6830841,0.09626719,0.09580557,MODERATE,1
34,2014,5,0,0.18696547,0.021466905,0.010314963,LOW,0
35,2014,5,1,0.69427854,0.09626719,0.100435436,ELEVATED,1
0,2014,1,0,0.6886595,0.09626719,0.09808715,MODERATE,1
1,2014,1,0,0.5470961,0.049689446,0.053131577,MODERATE,0
2,2014,1,1,0.66565615,0.09626719,0.08897711,MODERATE,0
3,2014,1,0,0.4403549,0.039252333,0.032947358,LOW,0
4,2014,1,0,0.47146568,0.039252337,0.037909128,LOW,0
5,2014,1,0,0.58351356,0.06329114,0.062376603,MODERATE,0
6,2014,1,0,0.62891763,0.08091603,0.07600411,MODERATE,0
7,2014,1,0,0.27485952,0.021466905,0.015474947,LOW,0
8,2014,1,0,0.3251472,0.021466905,0.019495731,LOW,0
9,2014,1,0,0.36572206,0.021466905,0.023471722,LOW,0
10,2014,1,0,0.37097508,0.021466905,0.024041176,LOW,0
11,2014,1,0,0.24718615,0.021466905,0.013622795,LOW,0
12,2014,1,0,0.15819633,0.005141388,0.009028762,LOW,0
13,2014,1,0,0.36079824,0.021466907,0.022949923,LOW,0
14,2014,1,0,0.41682252,0.033492822,0.029617002,LOW,0
15,2014,1,0,0.38211632,0.021466905,0.025293877,LOW,0
16,2014,1,0,0.6619723,0.096267186,0.0875911,MODERATE,0
17,2014,1,0,0.61613226,0.08091603,0.07191193,MODERATE,0
18,2014,1,0,0.45212957,0.039252337,0.034746826,LOW,0
19,2014,1,0,0.4569759,0.039252337,0.035514683,LOW,0
20,2014,1,0,0.53208405,0.049689446,0.04970999,LOW,0
21,2014,1,0,0.48336872,0.039252337,0.03999142,LOW,0
22,2014,1,0,0.6096036,0.08091603,0.06990158,MODERATE,0
23,2014,1,0,0.40520293,0.033492822,0.028095251,LOW,0
24,2014,1,0,0.34240687,0.021466905,0.021099254,LOW,0
25,2014,1,0,0.662482,0.0962672,0.08778171,MODERATE,0
26,2014,1,0,0.29261723,0.021466905,0.016791802,LOW,0
27,2014,1,0,0.53464174,0.049689442,0.050277814,MODERATE,0
28,2014,1,0,0.51613766,0.039252337,0.04630467,LOW,0
29,2014,1,0,0.6048658,0.08091603,0.06847536,MODERATE,0
30,2014,1,0,0.34986115,0.021466905,0.021831073,LOW,0
31,2014,1,0,0.2751299,0.021466905,0.01549421,LOW,0
32,2014,1,0,0.17689615,0.021466905,0.009845374,LOW,0
33,2014,1,0,0.16415334,0.005141388,0.009281342,LOW,0
34,2014,1,0,0.14921263,0.0051413877,0.008660678,LOW,0
35,2014,1,0,0.2136003,0.021466905,0.011666616,LOW,0
0,2014,11,0,0.41758996,0.033492826,0.029720275,LOW,0
1,2014,11,0,0.3910447,0.030303031,0.026343461,LOW,0
2,2014,11,1,0.51279575,0.039252337,0.04561969,LOW,0
3,2014,11,0,0.13072072,0.005141388,0.007949203,LOW,0
4,2014,11,0,0.10370416,0.0023023789,0.007012738,LOW,0
5,2014,11,0,0.44538456,0.039252337,0.033704735,LOW,0
6,2014,11,0,0.58568776,0.06329114,0.06297366,MODERATE,0
7,2014,11,0,0.146759,0.005141388,0.008562762,LOW,0
8,2014,11,0,0.086644575,0.0023023789,0.006478714,LOW,0
9,2014,11,0,0.11336285,0.0023023789,0.0073342365,LOW,0
10,2014,11,0,0.13029584,0.005141388,0.007933557,LOW,0
11,2014,11,0,0.13482612,0.005141388,0.0081019765,LOW,0
12,2014,11,0,0.08353821,0.0023023789,0.006385918,LOW,0
13,2014,11,0,0.27209753,0.021466905,0.01527947,LOW,0
14,2014,11,0,0.29220042,0.021466905,0.016759666,LOW,0
15,2014,11,0,0.077824034,0.0023023789,0.006218652,LOW,0
16,2014,11,0,0.5554713,0.06329114,0.05513593,MODERATE,0
17,2014,11,0,0.33204243,0.021466905,0.020121492,LOW,0
18,2014,11,0,0.108621836,0.002302379,0.0071746395,LOW,0
19,2014,11,0,0.15393929,0.005141388,0.00885245,LOW,0
20,2014,11,0,0.15018536,0.005141388,0.008699805,LOW,0
21,2014,11,0,0.19073744,0.021466905,0.010496522,LOW,0
22,2014,11,0,0.2949939,0.021466903,0.016976204,LOW,0
23,2014,11,0,0.16411681,0.005141388,0.009279773,LOW,0
24,2014,11,0,0.13250136,0.005141388,0.008015109,LOW,0
25,2014,11,0,0.21583526,0.021466905,0.011787693,LOW,0
26,2014,11,0,0.10611505,0.002302379,0.007091652,LOW,0
27,2014,11,0,0.17319426,0.0051413877,0.0096781105,LOW,0
28,2014,11,0,0.20532362,0.021466905,0.011228842,LOW,0
29,2014,11,0,0.27180088,0.021466905,0.015258621,LOW,0
30,2014,11,0,0.21879321,0.021466907,0.01194985,LOW,0
31,2014,11,0,0.053347003,0.0023023789,0.0055500646,LOW,0
32,2014,11,0,0.08459589,0.0023023789,0.0064173643,LOW,0
33,2014,11,0,0.080112055,0.0023023789,0.0062850965,LOW,0
34,2014,11,0,0.09056723,0.002302379,0.0065978146,LOW,0
35,2014,11,0,0.11168792,0.002302379,0.0072774556,LOW,0
0,2014,10,0,0.20959389,0.021466903,0.011452639,LOW,0
1,2014,10,0,0.06901033,0.0023023789,0.005969152,LOW,0
2,2014,10,0,0.07659919,0.0023023789,0.006183369,LOW,0
3,2014,10,0,0.03327129,0.0,0.005055439,LOW,0
4,2014,10,0,0.030511165,0.0,0.004990955,LOW,0
5,2014,10,0,0.0951765,0.0023023789,0.0067405445,LOW,0
6,2014,10,0,0.07689547,0.0023023789,0.0061918837,LOW,0
7,2014,10,0,0.039932944,0.0,0.0052145054,LOW,0
8,2014,10,0,0.029455619,0.0,0.0049665133,LOW,0
9,2014,10,0,0.038795106,0.0,0.0051869857,LOW,0
10,2014,10,0,0.039872278,0.0,0.005213034,LOW,0
11,2014,10,0,0.030238824,0.0,0.004984637,LOW,0
12,2014,10,0,0.036709644,0.0,0.0051369276,LOW,0
13,2014,10,0,0.227376,0.021466905,0.012432939,LOW,0
14,2014,10,0,0.10534083,0.0023023789,0.0070662135,LOW,0
15,2014,10,0,0.030278483,0.0,0.0049855565,LOW,0
16,2014,10,0,0.47046193,0.039252337,0.037738368,LOW,0
17,2014,10,0,0.05015214,0.0,0.005468245,LOW,0
18,2014,10,0,0.038403735,0.0,0.0051775556,LOW,0
19,2014,10,0,0.03464448,0.0,0.0050878273,LOW,0
20,2014,10,0,0.046530794,0.0,0.0053769527,LOW,0
21,2014,10,0,0.052914813,0.0,0.0055389274,LOW,0
22,2014,10,0,0.03629135,0.0,0.0051269433,LOW,0
23,2014,10,0,0.03734515,0.0,0.005152129,LOW,0
24,2014,10,0,0.044685736,0.0,0.0053310245,LOW,0
25,2014,10,0,0.0649271,0.0023023789,0.005856964,LOW,0
26,2014,10,0,0.030894388,0.0,0.0049998597,LOW,0
27,2014,10,0,0.030953495,0.0,0.0050012334,LOW,0
28,2014,10,0,0.044074316,0.0,0.00531589,LOW,0
29,2014,10,0,0.2428659,0.021466907,0.013354086,LOW,0
30,2014,10,0,0.04238051,0.0,0.005274189,LOW,0
31,2014,10,0,0.018732866,0.0,0.004724861,LOW,0
32,2014,10,0,0.020518562,0.0,0.0047642756,LOW,0
33,2014,10,0,0.020495163,0.0,0.004763758,LOW,0
34,2014,10,0,0.027609725,0.0,0.0049240524,LOW,0
35,2014,10,0,0.026040241,0.0,0.004888237,LOW,0
0,2014,9,0,0.08324958,0.0023023789,0.0063773617,LOW,0
1,2014,9,0,0.08303785,0.0023023789,0.006371095,LOW,0
2,2014,9,0,0.077728845,0.0023023789,0.006215903,LOW,0
3,2014,9,0,0.029118938,0.0,0.0049587404,LOW,0
4,2014,9,0,0.02169993,0.0,0.004790532,LOW,0
5,2014,9,0,0.0649002,0.002302379,0.0058562313,LOW,0
6,2014,9,0,0.068958856,0.002302379,0.0059677265,LOW,0
7,2014,9,0,0.040032722,0.0,0.005216925,LOW,0
8,2014,9,0,0.023556745,0.0,0.00483209,LOW,0
9,2014,9,0,0.024348238,0.0,0.0048499135,LOW,0
10,2014,9,0,0.041073307,0.0,0.0052422294,LOW,0
11,2014,9,0,0.023655433,0.0,0.00483431,LOW,0
12,2014,9,0,0.036786914,0.0,0.0051387725,LOW,0
13,2014,9,0,0.3368427,0.021466905,0.020568699,LOW,0
14,2014,9,0,0.13682917,0.005141388,0.00817757,LOW,0
15,2014,9,0,0.04052095,0.0,0.005228782,LOW,0
16,2014,9,0,0.07020289,0.0023023789,0.006002321,LOW,0
17,2014,9,0,0.046030764,0.0,0.0053644665,LOW,0
18,2014,9,0,0.043597545,0.0,0.005304121,LOW,0
19,2014,9,0,0.04873335,0.0,0.005432297,LOW,0
20,2014,9,0,0.045735996,0.0,0.0053571207,LOW,0
21,2014,9,0,0.046337985,0.0,0.005372135,LOW,0
22,2014,9,0,0.040252417,0.0,0.0052222554,LOW,0
23,2014,9,0,0.034927275,0.0,0.0050945226,LOW,0
24,2014,9,0,0.034003146,0.0,0.0050726747,LOW,0
25,2014,9,0,0.08328555,0.0023023789,0.006378428,LOW,0
26,2014,9,0,0.02765763,0.0,0.0049251504,LOW,0
27,2014,9,0,0.033699874,0.0,0.005065525,LOW,0
28,2014,9,0,0.047258064,0.0,0.0053951656,LOW,0
29,2014,9,0,0.10432937,0.002302379,0.0070331185,LOW,0
30,2014,9,0,0.02409635,0.0,0.004844235,LOW,0
31,2014,9,0,0.026472857,0.0,0.004898084,LOW,0
32,2014,9,0,0.02290805,0.0,0.0048175305,LOW,0
33,2014,9,0,0.019033905,0.0,0.004731483,LOW,0
34,2014,9,0,0.024417523,0.0,0.0048514763,LOW,0
35,2014,9,0,0.028324658,0.0,0.0049404553,LOW,0
0,2014,2,0,0.092096314,0.0023023789,0.0066448287,LOW,0
1,2014,2,0,0.29290697,0.021466905,0.016814174,LOW,0
2,2014,2,0,0.29027748,0.021466905,0.016612181,LOW,0
3,2014,2,0,0.039800815,0.0,0.0052113007,LOW,0
4,2014,2,0,0.026416449,0.0,0.004896799,LOW,0
5,2014,2,0,0.035145484,0.0,0.0050996947,LOW,0
6,2014,2,0,0.061670072,0.002302379,0.005768978,LOW,0
7,2014,2,0,0.039711118,0.0,0.0052091284,LOW,0
8,2014,2,0,0.030638674,0.0,0.004993916,LOW,0
9,2014,2,0,0.030081522,0.0,0.004980991,LOW,0
10,2014,2,0,0.025819467,0.0,0.0048832204,LOW,0
11,2014,2,0,0.025477251,0.0,0.0048754523,LOW,0
12,2014,2,0,0.035186548,0.0,0.0051006703,LOW,0
13,2014,2,0,0.46833485,0.039252337,0.03737896,LOW,0
14,2014,2,0,0.4107447,0.033492822,0.028811313,LOW,0
15,2014,2,0,0.034546275,0.0,0.0050855037,LOW,0
16,2014,2,0,0.08972494,0.0023023789,0.006572059,LOW,0
17,2014,2,0,0.053695824,0.0023023789,0.0055590724,LOW,0
18,2014,2,0,0.05668596,0.0023023789,0.005636876,LOW,0
19,2014,2,0,0.03696825,0.0,0.005143109,LOW,0
20,2014,2,0,0.037217304,0.0,0.005149068,LOW,0
21,2014,2,0,0.11266908,0.002302379,0.007310664,LOW,0
22,2014,2,0,0.03445336,0.0,0.005083306,LOW,0
23,2014,2,0,0.03473736,0.0,0.0050900243,LOW,0
24,2014,2,0,0.045256183,0.0,0.0053451825,LOW,0
25,2014,2,0,0.060206186,0.0023023789,0.0057298634,LOW,0
26,2014,2,0,0.02847692,0.0,0.0049439543,LOW,0
27,2014,2,0,0.04383867,0.0,0.005310069,LOW,0
28,2014,2,0,0.091460004,0.0023023789,0.006625224,LOW,0
29,2014,2,0,0.08296652,0.0023023789,0.006368985,LOW,0
30,2014,2,0,0.021864247,0.0,0.0047941953,LOW,0
31,2014,2,0,0.045786813,0.0,0.0053583863,LOW,0
32,2014,2,0,0.019752463,0.0,0.004747326,LOW,0
33,2014,2,0,0.0212653,0.0,0.0047808546,LOW,0
34,2014,2,0,0.02923986,0.0,0.0049615316,LOW,0
35,2014,2,0,0.024966009,0.0,0.004863871,LOW,0
0,2015,4,0,0.081452824,0.002302379,0.006324363,LOW,0
1,2015,4,0,0.35494933,0.021466905,0.0223448,LOW,0
2,2015,4,0,0.5366574,0.049689442,0.050729632,MODERATE,0
3,2015,4,0,0.07201079,0.0023023789,0.006052953,LOW,0
4,2015,4,0,0.08518105,0.0023023789,0.0064348304,LOW,0
5,2015,4,0,0.048741486,0.0,0.0054325005,LOW,0
6,2015,4,0,0.050901126,0.0,0.005487317,LOW,0
7,2015,4,0,0.13480082,0.005141388,0.008101026,LOW,0
8,2015,4,0,0.037006125,0.0,0.0051440136,LOW,0
9,2015,4,0,0.053473566,0.002302379,0.005553331,LOW,0
10,2015,4,0,0.04212814,0.0,0.005268004,LOW,0
11,2015,4,0,0.03213746,0.0,0.0050288504,LOW,0
12,2015,4,0,0.054013163,0.0023023789,0.005567279,LOW,0
13,2015,4,0,0.47660357,0.039252337,0.03879485,LOW,0
14,2015,4,0,0.6488661,0.08091603,0.08281708,MODERATE,0
15,2015,4,0,0.14210458,0.005141388,0.008380017,LOW,0
16,2015,4,0,0.2548812,0.021466903,0.014114682,LOW,0
17,2015,4,0,0.07086047,0.0023023789,0.0060206875,LOW,0
18,2015,4,0,0.14779508,0.0051413886,0.008603972,LOW,0
19,2015,4,0,0.06509923,0.002302379,0.0058616498,LOW,0
20,2015,4,0,0.045435645,0.0,0.0053496435,LOW,0
21,2015,4,0,0.18538168,0.021466907,0.010239663,LOW,0
22,2015,4,0,0.06580175,0.0023023789,0.0058808173,LOW,0
23,2015,4,0,0.06913574,0.0023023789,0.0059726336,LOW,0
24,2015,4,0,0.08326853,0.0023023789,0.0063779233,LOW,0
25,2015,4,0,0.037712947,0.0,0.00516095,LOW,0
26,2015,4,0,0.034345776,0.0,0.005080765,LOW,0
27,2015,4,0,0.09132325,0.0023023789,0.0066210167,LOW,0
28,2015,4,0,0.6563217,0.08091603,0.08550305,MODERATE,0
29,2015,4,0,0.076225884,0.0023023789,0.0061726533,LOW,0
30,2015,4,0,0.028247409,0.0,0.004938681,LOW,0
31,2015,4,0,0.063521974,0.0023023789,0.0058188424,LOW,0
32,2015,4,0,0.0321844,0.0,0.0050299484,LOW,0
33,2015,4,0,0.031180862,0.0,0.005006525,LOW,0
34,2015,4,0,0.043501355,0.0,0.005301749,LOW,0
35,2015,4,0,0.041037574,0.0,0.0052413573,LOW,0
0,2015,3,0,0.14931947,0.005141388,0.008664968,LOW,0
1,2015,3,0,0.51240414,0.039252337,0.045540057,LOW,0
2,2015,3,0,0.7036248,0.1,0.10445207,ELEVATED,1
3,2015,3,0,0.2444322,0.021466905,0.0134508945,LOW,0
4,2015,3,0,0.19083117,0.021466907,0.010501075,LOW,0
5,2015,3,0,0.094263256,0.0023023789,0.006712022,LOW,0
6,2015,3,0,0.06535339,0.0023023789,0.0058685783,LOW,0
7,2015,3,0,0.11891176,0.005141388,0.0075255106,LOW,0
8,2015,3,0,0.060340837,0.0023023789,0.0057334504,LOW,0
9,2015,3,0,0.08477313,0.0023023789,0.0064226505,LOW,0
10,2015,3,0,0.22912477,0.021466905,0.0125337085,LOW,0
11,2015,3,0,0.04094235,0.0,0.005239038,LOW,0
12,2015,3,0,0.051891793,0.0,0.005512648,LOW,0
13,2015,3,0,0.4142302,0.033492822,0.029270723,LOW,0
14,2015,3,0,0.48472017,0.039252337,0.04023466,LOW,0
15,2015,3,0,0.2605764,0.021466905,0.014489969,LOW,0
16,2015,3,0,0.41762835,0.033492822,0.029725451,LOW,0
17,2015,3,0,0.06853522,0.0023023789,0.005955991,LOW,0
18,2015,3,0,0.124344066,0.005141388,0.0077175554,LOW,0
19,2015,3,0,0.08156956,0.0023023789,0.0063277916,LOW,0
20,2015,3,0,0.058042366,0.002302379,0.005672527,LOW,0
21,2015,3,0,0.3675731,0.021466905,0.023670861,LOW,0
22,2015,3,0,0.21708281,0.021466905,0.011855818,LOW,0
23,2015,3,0,0.2284626,0.021466903,0.012495458,LOW,0
24,2015,3,0,0.07854217,0.0023023789,0.0062394314,LOW,0
25,2015,3,0,0.05479809,0.002302379,0.005587627,LOW,0
26,2015,3,0,0.04143382,0.0,0.0052510244,LOW,0
27,2015,3,0,0.22639634,0.021466905,0.012376835,LOW,0
28,2015,3,0,0.7125889,0.10472973,0.10843714,ELEVATED,1
29,2015,3,0,0.082536265,0.0023023789,0.0063562696,LOW,0
30,2015,3,0,0.046538673,0.0,0.005377149,LOW,0
31,2015,3,0,0.09534716,0.002302379,0.0067458875,LOW,0
32,2015,3,0,0.05738301,0.0023023789,0.0056551686,LOW,0
33,2015,3,0,0.055644076,0.0023023789,0.0056096422,LOW,0
34,2015,3,0,0.038005874,0.0,0.005167986,LOW,0
35,2015,3,0,0.04850279,0.0,0.0054264776,LOW,0
0,2015,7,0,0.37671804,0.021466907,0.02467916,LOW,0
1,2015,7,0,0.48277763,0.039252337,0.03988548,LOW,0
2,2015,7,0,0.7597053,0.13043478,0.13163678,ELEVATED,1
3,2015,7,0,0.4831124,0.03925234,0.03994545,LOW,0
4,2015,7,0,0.43190682,0.033492822,0.031712078,LOW,0
5,2015,7,0,0.40508124,0.03349282,0.028079728,LOW,0
6,2015,7,0,0.47818777,0.039252337,0.039071936,LOW,0
7,2015,7,0,0.40330583,0.033492822,0.027854118,LOW,0
8,2015,7,0,0.107444726,0.002302379,0.007135553,LOW,0
9,2015,7,0,0.24806249,0.021466905,0.013677951,LOW,0
10,2015,7,0,0.43227768,0.033492822,0.031765353,LOW,0
11,2015,7,0,0.15068245,0.0051413877,0.008719867,LOW,0
12,2015,7,0,0.13096799,0.005141388,0.007958324,LOW,0
13,2015,7,0,0.4199858,0.033492822,0.030044934,LOW,0
14,2015,7,0,0.50282335,0.039252337,0.043632586,LOW,0
15,2015,7,0,0.3981267,0.03349282,0.027206007,LOW,0
16,2015,7,0,0.5974229,0.08091603,0.066289194,MODERATE,0
17,2015,7,0,0.46300563,0.03925234,0.03649287,LOW,0
18,2015,7,0,0.43439496,0.034059804,0.032071162,LOW,0
19,2015,7,0,0.43052348,0.033492822,0.03151412,LOW,0
20,2015,7,0,0.20328966,0.021466905,0.01112377,LOW,0
21,2015,7,0,0.5908349,0.08091603,0.0644084,MODERATE,0
22,2015,7,0,0.41112244,0.033492822,0.02886076,LOW,0
23,2015,7,0,0.51792765,0.039252337,0.04667557,LOW,0
24,2015,7,0,0.18398103,0.021466905,0.010173517,LOW,0
25,2015,7,0,0.28956854,0.021466905,0.016558139,LOW,0
26,2015,7,0,0.05336634,0.0023023789,0.0055505643,LOW,0
27,2015,7,0,0.5718742,0.06329114,0.05926931,MODERATE,0
28,2015,7,0,0.7499179,0.11987381,0.12649469,ELEVATED,1
29,2015,7,0,0.2984887,0.021466905,0.017250989,LOW,0
30,2015,7,0,0.39090866,0.030303031,0.026327152,LOW,0
31,2015,7,0,0.2925448,0.021466905,0.016786214,LOW,0
32,2015,7,0,0.38954768,0.030303031,0.02616456,LOW,0
33,2015,7,0,0.2631301,0.021466905,0.014661422,LOW,0
34,2015,7,0,0.085282624,0.0023023789,0.0064378646,LOW,0
35,2015,7,0,0.14081773,0.005141388,0.008330179,LOW,0
0,2015,0,0,0.56696266,0.06329114,0.058002092,MODERATE,0
1,2015,0,0,0.60565984,0.08091603,0.068712495,MODERATE,0
2,2015,0,1,0.72252417,0.10472973,0.11300936,ELEVATED,1
3,2015,0,0,0.55528694,0.06329114,0.05509106,MODERATE,0
4,2015,0,1,0.6351657,0.08091603,0.078080736,MODERATE,0
5,2015,0,0,0.62533355,0.08091603,0.07483588,MODERATE,0
6,2015,0,0,0.70144415,0.10000001,0.103502415,ELEVATED,1
7,2015,0,0,0.5328207,0.049689442,0.04987291,LOW,0
8,2015,0,0,0.44448316,0.039252337,0.03356777,LOW,0
9,2015,0,0,0.43288875,0.033492822,0.03185332,LOW,0
10,2015,0,0,0.62532234,0.08091603,0.074832246,MODERATE,0
11,2015,0,0,0.2609322,0.021466905,0.0145137375,LOW,0
12,2015,0,0,0.29888692,0.021466905,0.017282577,LOW,0
13,2015,0,0,0.4947622,0.039252337,0.04208695,LOW,0
14,2015,0,0,0.4288499,0.033492822,0.031276226,LOW,0
15,2015,0,0,0.57951075,0.06329114,0.061291203,MODERATE,0
16,2015,0,0,0.65815115,0.083333336,0.0861741,MODERATE,0
17,2015,0,1,0.75101835,0.11987381,0.12706414,ELEVATED,1
18,2015,0,0,0.65999573,0.09090909,0.08685552,MODERATE,0
19,2015,0,1,0.68791217,0.09626719,0.097778544,MODERATE,1
20,2015,0,1,0.51275045,0.039252337,0.045610473,LOW,0
21,2015,0,0,0.70115244,0.096913256,0.10337596,ELEVATED,1
22,2015,0,1,0.6239986,0.08091603,0.074404985,MODERATE,0
23,2015,0,0,0.67767966,0.09626719,0.09363941,MODERATE,1
24,2015,0,0,0.38650262,0.028241318,0.025804322,LOW,0
25,2015,0,0,0.50081146,0.039252337,0.04324182,LOW,0
26,2015,0,0,0.08922804,0.0023023789,0.006556912,LOW,0
27,2015,0,1,0.7456641,0.119873814,0.12431389,ELEVATED,1
28,2015,0,1,0.79349077,0.18128654,0.15076213,HIGH,1
29,2015,0,0,0.50934213,0.039252337,0.044921942,LOW,0
30,2015,0,0,0.53511107,0.049689442,0.050382677,MODERATE,0
31,2015,0,0,0.501618,0.03925234,0.043398075,LOW,0
32,2015,0,1,0.5812824,0.06329114,0.06176941,MODERATE,0
33,2015,0,0,0.5197862,0.039252337,0.047063675,LOW,0
34,2015,0,0,0.226587,0.021466907,0.012387734,LOW,0
35,2015,0,0,0.3729831,0.021466905,0.02426239,LOW,0
0,2015,8,0,0.70490336,0.10472973,0.10501244,ELEVATED,1
1,2015,8,0,0.5492478,0.049689442,0.05363987,MODERATE,0
2,2015,8,1,0.6801198,0.09626719,0.09461196,MODERATE,1
3,2015,8,0,0.74765086,0.11987381,0.12532839,ELEVATED,1
4,2015,8,1,0.7644844,0.13043478,0.13421148,ELEVATED,1
5,2015,8,0,0.71782106,0.10472973,0.11082436,ELEVATED,1
6,2015,8,0,0.7439794,0.11987381,0.12345914,ELEVATED,1
7,2015,8,0,0.6749472,0.09626719,0.09256098,MODERATE,1
8,2015,8,0,0.64242125,0.08091603,0.080557324,MODERATE,0
9,2015,8,0,0.6464545,0.08091603,0.08196483,MODERATE,0
10,2015,8,0,0.75401944,0.119873814,0.1286283,ELEVATED,1
11,2015,8,1,0.57303923,0.06329115,0.059573673,MODERATE,0
12,2015,8,0,0.32285842,0.021466905,0.019292269,LOW,0
13,2015,8,0,0.59202,0.08091603,0.06474303,MODERATE,0
14,2015,8,0,0.5051645,0.039252337,0.044091526,LOW,0
15,2015,8,0,0.723848,0.104729734,0.11363114,ELEVATED,1
16,2015,8,0,0.6667105,0.09626719,0.08937742,MODERATE,0
17,2015,8,1,0.7854784,0.18128654,0.14602935,ELEVATED,1
18,2015,8,0,0.76005757,0.13043478,0.13182515,ELEVATED,1
19,2015,8,1,0.73474884,0.119873814,0.1188652,ELEVATED,1
20,2015,8,1,0.70045894,0.09626719,0.10307586,ELEVATED,1
21,2015,8,0,0.7039884,0.10000001,0.10461114,ELEVATED,1
22,2015,8,1,0.7231122,0.10472973,0.11328518,ELEVATED,1
23,2015,8,0,0.7639262,0.13043478,0.13390857,ELEVATED,1
24,2015,8,0,0.5649526,0.06329114,0.05749085,MODERATE,0
25,2015,8,0,0.6840285,0.09626719,0.0961887,MODERATE,1
26,2015,8,0,0.08566404,0.0023023789,0.006449279,LOW,0
27,2015,8,1,0.7856573,0.18128654,0.14613365,ELEVATED,1
28,2015,8,1,0.76431745,0.13043478,0.13412082,ELEVATED,1
29,2015,8,0,0.6454771,0.08091603,0.08162169,MODERATE,0
30,2015,8,0,0.6659401,0.09626719,0.08908477,MODERATE,0
31,2015,8,0,0.58556354,0.06329114,0.0629394,MODERATE,0
32,2015,8,1,0.6496675,0.08091603,0.08310207,MODERATE,0
33,2015,8,0,0.67221105,0.0962672,0.09149231,MODERATE,1
34,2015,8,0,0.33810085,0.021466905,0.020687511,LOW,0
35,2015,8,0,0.5445911,0.049689442,0.052545577,MODERATE,0
0,2015,6,0,0.6889887,0.09626719,0.09822336,MODERATE,1
1,2015,6,0,0.52880347,0.039252337,0.048990574,LOW,0
2,2015,6,1,0.6427889,0.08091603,0.0806847,MODERATE,0
3,2015,6,0,0.7622409,0.13043478,0.13299756,ELEVATED,1
4,2015,6,1,0.75128424,0.119873814,0.12720206,ELEVATED,1
5,2015,6,0,0.64254475,0.08091603,0.080600105,MODERATE,0
6,2015,6,0,0.6056855,0.08091603,0.06872017,MODERATE,0
7,2015,6,0,0.6940298,0.09626719,0.10033044,ELEVATED,1
8,2015,6,0,0.67229676,0.09626719,0.09152561,MODERATE,1
9,2015,6,1,0.6699785,0.09626719,0.09062854,MODERATE,1
10,2015,6,0,0.6827063,0.09626719,0.09565272,MODERATE,1
11,2015,6,1,0.66507167,0.09626719,0.08875589,MODERATE,0
12,2015,6,0,0.51529217,0.039252337,0.04613045,LOW,0
13,2015,6,0,0.57498455,0.06329114,0.060085163,MODERATE,0
14,2015,6,0,0.5657112,0.06329114,0.057683293,MODERATE,0
15,2015,6,1,0.6527918,0.08091603,0.08422166,MODERATE,0
16,2015,6,0,0.6551903,0.08091603,0.08509041,MODERATE,0
17,2015,6,1,0.7720731,0.18128654,0.13838708,ELEVATED,1
18,2015,6,0,0.70428705,0.1,0.104742,ELEVATED,1
19,2015,6,1,0.7467212,0.119873814,0.1248528,ELEVATED,1
20,2015,6,1,0.75470006,0.119873814,0.12898535,ELEVATED,1
21,2015,6,0,0.7197026,0.10472973,0.11169402,ELEVATED,1
22,2015,6,1,0.7520528,0.119873814,0.12760144,ELEVATED,1
23,2015,6,0,0.74405843,0.119873814,0.123499125,ELEVATED,1
24,2015,6,0,0.62174237,0.08091603,0.0736819,MODERATE,0
25,2015,6,0,0.68339187,0.09626719,0.095930286,MODERATE,1
26,2015,6,0,0.24412398,0.021466905,0.013431793,LOW,0
27,2015,6,1,0.7826399,0.18128654,0.14438249,ELEVATED,1
28,2015,6,1,0.7186,0.10472973,0.11118366,ELEVATED,1
29,2015,6,0,0.5607154,0.06329114,0.056426972,MODERATE,0
30,2015,6,0,0.5979933,0.08091603,0.06645442,MODERATE,0
31,2015,6,0,0.5579758,0.06329114,0.05574902,MODERATE,0
32,2015,6,1,0.69109464,0.09626719,0.099098764,MODERATE,1
33,2015,6,0,0.6947008,0.09626719,0.1006139,ELEVATED,1
34,2015,6,0,0.46182954,0.039252337,0.036300063,LOW,0
35,2015,6,0,0.6246706,0.08091603,0.07462162,MODERATE,0
0,2015,5,0,0.69010204,0.09626719,0.09868529,MODERATE,1
1,2015,5,0,0.6256456,0.08091603,0.07493692,MODERATE,0
2,2015,5,0,0.70391,0.10000001,0.10457683,ELEVATED,1
3,2015,5,0,0.7670545,0.16666667,0.13561359,ELEVATED,1
4,2015,5,0,0.7594611,0.13043478,0.13150635,ELEVATED,1
5,2015,5,0,0.6878643,0.09626719,0.0977588,MODERATE,1
6,2015,5,0,0.51657814,0.039252337,0.04639568,LOW,0
7,2015,5,0,0.6520733,0.080916025,0.08396298,MODERATE,0
8,2015,5,0,0.6191003,0.08091603,0.072843395,MODERATE,0
9,2015,5,1,0.6939711,0.09626719,0.10030567,ELEVATED,1
10,2015,5,0,0.58891857,0.080916025,0.06387071,MODERATE,0
11,2015,5,1,0.5558794,0.06329114,0.055235405,MODERATE,0
12,2015,5,0,0.19599998,0.021466905,0.010755123,LOW,0
13,2015,5,0,0.5735445,0.06329114,0.059706144,MODERATE,0
14,2015,5,0,0.5724939,0.06329114,0.059431035,MODERATE,0
15,2015,5,1,0.58280075,0.06329114,0.062182017,MODERATE,0
16,2015,5,0,0.6993476,0.09626719,0.102596596,ELEVATED,1
17,2015,5,0,0.6796669,0.09626719,0.09443076,MODERATE,1
18,2015,5,0,0.5941026,0.08091603,0.065335,MODERATE,0
19,2015,5,1,0.7621058,0.13043478,0.13292477,ELEVATED,1
20,2015,5,0,0.74820006,0.119873814,0.12561008,ELEVATED,1
21,2015,5,0,0.6272121,0.08091603,0.07544612,MODERATE,0
22,2015,5,0,0.7794978,0.18128656,0.14257751,ELEVATED,1
23,2015,5,0,0.6250963,0.08091603,0.07475914,MODERATE,0
24,2015,5,0,0.5326851,0.049689442,0.049842875,LOW,0
25,2015,5,0,0.7548584,0.119873814,0.12906851,ELEVATED,1
26,2015,5,0,0.46989727,0.039252337,0.037642643,LOW,0
27,2015,5,0,0.7272249,0.11987381,0.11523072,ELEVATED,1
28,2015,5,0,0.7011046,0.09626719,0.10335523,ELEVATED,1
29,2015,5,0,0.6011813,0.08091603,0.06738491,MODERATE,0
30,2015,5,0,0.5333779,0.049689442,0.049996465,LOW,0
31,2015,5,0,0.58891314,0.08091603,0.06386919,MODERATE,0
32,2015,5,0,0.5903965,0.08091603,0.064285025,MODERATE,0
33,2015,5,0,0.54058504,0.049689442,0.05162108,MODERATE,0
34,2015,5,0,0.2238615,0.021466905,0.012232832,LOW,0
35,2015,5,0,0.6142933,0.08091603,0.07134032,MODERATE,0
0,2015,1,0,0.7010154,0.09626719,0.10331659,ELEVATED,1
1,2015,1,0,0.5165569,0.039252337,0.046391293,LOW,0
2,2015,1,0,0.6845407,0.09626719,0.09639704,MODERATE,1
3,2015,1,0,0.44315788,0.039252337,0.033367377,LOW,0
4,2015,1,0,0.4468759,0.039252337,0.033932514,LOW,0
5,2015,1,0,0.4865004,0.03925234,0.040557243,LOW,0
6,2015,1,0,0.6473289,0.080916025,0.08227292,MODERATE,0
7,2015,1,0,0.2917356,0.021466907,0.016723895,LOW,0
8,2015,1,0,0.25220007,0.021466905,0.013941347,LOW,0
9,2015,1,1,0.35199836,0.021466905,0.022045434,LOW,0
10,2015,1,0,0.37974167,0.021466907,0.025021646,LOW,0
11,2015,1,0,0.20133403,0.021466903,0.011023662,LOW,0
12,2015,1,0,0.20249715,0.021466905,0.0110830935,LOW,0
13,2015,1,0,0.2872493,0.021466905,0.01638252,LOW,0
14,2015,1,0,0.42201144,0.033492822,0.030322105,LOW,0
15,2015,1,1,0.2716509,0.021466905,0.015248092,LOW,0
16,2015,1,0,0.6263053,0.08091603,0.07515098,MODERATE,0
17,2015,1,0,0.5626489,0.06329114,0.05691013,MODERATE,0
18,2015,1,0,0.3258394,0.021466905,0.019557683,LOW,0
19,2015,1,0,0.44001648,0.039252337,0.032896984,LOW,0
20,2015,1,0,0.51455414,0.039252337,0.04597889,LOW,0
21,2015,1,0,0.5192649,0.039252337,0.046954505,LOW,0
22,2015,1,0,0.6228199,0.08091603,0.07402642,MODERATE,0
23,2015,1,0,0.39224032,0.030303031,0.026487187,LOW,0
24,2015,1,0,0.37518567,0.021466905,0.024507327,LOW,0
25,2015,1,0,0.6248431,0.08091603,0.0746773,MODERATE,0
26,2015,1,0,0.24146478,0.021466905,0.0132680675,LOW,0
27,2015,1,0,0.5764709,0.06329113,0.060478758,MODERATE,0
28,2015,1,0,0.45745394,0.039252337,0.0355913,LOW,0
29,2015,1,0,0.5944379,0.08091603,0.06543077,MODERATE,0
30,2015,1,0,0.2483549,0.021466907,0.0136963995,LOW,0
31,2015,1,0,0.2694507,0.021466905,0.015094425,LOW,0
32,2015,1,0,0.20476173,0.021466905,0.011199718,LOW,0
33,2015,1,0,0.2049768,0.021466905,0.011210856,LOW,0
34,2015,1,0,0.22865148,0.021466905,0.012506355,LOW,0
35,2015,1,0,0.1738863,0.005141388,0.0097091645,LOW,0
0,2015,11,0,0.55902606,0.06329114,0.056008015,MODERATE,0
1,2015,11,0,0.3550514,0.021466907,0.022355217,LOW,0
2,2015,11,0,0.46014848,0.039252337,0.036026172,LOW,0
3,2015,11,0,0.12974557,0.0051413877,0.007913335,LOW,0
4,2015,11,0,0.087856755,0.0023023789,0.0065152887,LOW,0
5,2015,11,0,0.22119392,0.021466905,0.012083076,LOW,0
6,2015,11,0,0.47742024,0.039252337,0.038937446,LOW,0
7,2015,11,0,0.0945983,0.0023023789,0.006722473,LOW,0
8,2015,11,0,0.08074603,0.0023023789,0.0063036326,LOW,0
9,2015,11,0,0.07995249,0.0023023789,0.0062804404,LOW,0
10,2015,11,0,0.1049355,0.002302379,0.007052934,LOW,0
11,2015,11,0,0.093252406,0.0023023789,0.0066805943,LOW,0
12,2015,11,0,0.084505185,0.002302379,0.0064146616,LOW,0
13,2015,11,0,0.1498147,0.005141388,0.008684874,LOW,0
14,2015,11,0,0.15275456,0.005141388,0.008803991,LOW,0
15,2015,11,0,0.06741615,0.002302379,0.0059251008,LOW,0
16,2015,11,0,0.41919172,0.033492822,0.029936945,LOW,0
17,2015,11,0,0.216509,0.021466905,0.0118244365,LOW,0
18,2015,11,0,0.082897246,0.0023023789,0.0063669337,LOW,0
19,2015,11,0,0.14821616,0.005141388,0.008620779,LOW,0
20,2015,11,0,0.2056505,0.021466905,0.011245817,LOW,0
21,2015,11,0,0.26626834,0.021466903,0.01487486,LOW,0
22,2015,11,0,0.2371619,0.021466905,0.013007304,LOW,0
23,2015,11,0,0.08160453,0.0023023789,0.00632882,LOW,0
24,2015,11,0,0.11418943,0.002302379,0.00736242,LOW,0
25,2015,11,0,0.22468781,0.021466905,0.012279596,LOW,0
26,2015,11,0,0.09733733,0.0023023789,0.006808505,LOW,0
27,2015,11,0,0.23616691,0.021466903,0.012947728,LOW,0
28,2015,11,0,0.20278102,0.021466905,0.011097648,LOW,0
29,2015,11,0,0.50364935,0.039252337,0.04379398,LOW,0
30,2015,11,0,0.16719793,0.0051413877,0.009413123,LOW,0
31,2015,11,0,0.04619498,0.0,0.0053685643,LOW,0
32,2015,11,0,0.073954314,0.002302379,0.0061078556,LOW,0
33,2015,11,0,0.03775042,0.0,0.0051618484,LOW,0
34,2015,11,0,0.053979255,0.0023023789,0.0055664,LOW,0
35,2015,11,0,0.04719533,0.0,0.0053935926,LOW,0
0,2015,10,0,0.22713146,0.021466905,0.012418907,LOW,0
1,2015,10,0,0.064547926,0.0023023789,0.005846653,LOW,0
2,2015,10,0,0.071878776,0.0023023789,0.006049242,LOW,0
3,2015,10,0,0.045727786,0.0,0.005356915,LOW,0
4,2015,10,0,0.031064551,0.0,0.005003818,LOW,0
5,2015,10,0,0.04988639,0.0,0.005461494,LOW,0
6,2015,10,0,0.07681901,0.0023023789,0.0061896867,LOW,0
7,2015,10,0,0.043324996,0.0,0.005297403,LOW,0
8,2015,10,0,0.034901794,0.0,0.005093918,LOW,0
9,2015,10,0,0.04136746,0.0,0.0052494034,LOW,0
10,2015,10,0,0.043671876,0.0,0.0053059524,LOW,0
11,2015,10,0,0.039894708,0.0,0.005213578,LOW,0
12,2015,10,0,0.033889312,0.0,0.0050699897,LOW,0
13,2015,10,0,0.10683991,0.002302379,0.0071155513,LOW,0
14,2015,10,0,0.13887225,0.005141388,0.008255392,LOW,0
15,2015,10,0,0.03668374,0.0,0.0051363087,LOW,0
16,2015,10,0,0.26507205,0.021466905,0.01479314,LOW,0
17,2015,10,0,0.044479873,0.0,0.005325924,LOW,0
18,2015,10,0,0.0417769,0.0,0.0052594077,LOW,0
19,2015,10,0,0.059129275,0.0023023789,0.005701256,LOW,0
20,2015,10,0,0.060544632,0.0023023789,0.0057388814,LOW,0
21,2015,10,0,0.04896213,0.0,0.0054380754,LOW,0
22,2015,10,0,0.08253562,0.0023023789,0.006356248,LOW,0
23,2015,10,0,0.03010906,0.0,0.004981629,LOW,0
24,2015,10,0,0.03594478,0.0,0.005118688,LOW,0
25,2015,10,0,0.06683587,0.0023023789,0.005909144,LOW,0
26,2015,10,0,0.03996342,0.0,0.0052152425,LOW,0
27,2015,10,0,0.08935187,0.0023023789,0.0065606837,LOW,0
28,2015,10,0,0.040367156,0.0,0.0052250433,LOW,0
29,2015,10,0,0.26248506,0.021466905,0.014617929,LOW,0
30,2015,10,0,0.039109048,0.0,0.005194565,LOW,0
31,2015,10,0,0.018202752,0.0,0.004713222,LOW,0
32,2015,10,0,0.023403749,0.0,0.0048286514,LOW,0
33,2015,10,0,0.019604446,0.0,0.004744058,LOW,0
34,2015,10,0,0.020508492,0.0,0.004764052,LOW,0
35,2015,10,0,0.022779278,0.0,0.0048146467,LOW,0
0,2015,9,0,0.071626626,0.002302379,0.006042159,LOW,0
1,2015,9,0,0.072773814,0.0023023789,0.00607445,LOW,0
2,2015,9,0,0.07908484,0.002302379,0.006255181,LOW,0
3,2015,9,0,0.045077592,0.0,0.005340745,LOW,0
4,2015,9,0,0.036368612,0.0,0.0051287874,LOW,0
5,2015,9,0,0.04131023,0.0,0.005248007,LOW,0
6,2015,9,0,0.07005266,0.0023023789,0.0059981323,LOW,0
7,2015,9,0,0.044514615,0.0,0.0053267856,LOW,0
8,2015,9,0,0.027005455,0.0,0.0049102334,LOW,0
9,2015,9,0,0.02695353,0.0,0.0049090474,LOW,0
10,2015,9,0,0.066034965,0.0023023789,0.0058871936,LOW,0
11,2015,9,0,0.026461132,0.0,0.0048978166,LOW,0
12,2015,9,0,0.040185988,0.0,0.0052206432,LOW,0
13,2015,9,0,0.3663383,0.021466903,0.023537837,LOW,0
14,2015,9,0,0.2489193,0.021466905,0.013732087,LOW,0
15,2015,9,0,0.049569152,0.0,0.005453445,LOW,0
16,2015,9,0,0.07381677,0.0023023789,0.0061039547,LOW,0
17,2015,9,0,0.06366982,0.0023023789,0.0058228434,LOW,0
18,2015,9,0,0.054549716,0.002302379,0.005581179,LOW,0
19,2015,9,0,0.0393101,0.0,0.005199424,LOW,0
20,2015,9,0,0.03430419,0.0,0.0050797816,LOW,0
21,2015,9,0,0.04637285,0.0,0.0053730067,LOW,0
22,2015,9,0,0.050950907,0.0,0.0054885875,LOW,0
23,2015,9,0,0.045179684,0.0,0.005343281,LOW,0
24,2015,9,0,0.03017081,0.0,0.0049830615,LOW,0
25,2015,9,0,0.118834294,0.005141388,0.007522804,LOW,0
26,2015,9,0,0.031257764,0.0,0.0050083166,LOW,0
27,2015,9,0,0.057199076,0.0023023789,0.005650336,LOW,0
28,2015,9,0,0.053889442,0.002302379,0.0055640778,LOW,0
29,2015,9,0,0.23505202,0.021466905,0.012881294,LOW,0
30,2015,9,0,0.03436705,0.0,0.0050812666,LOW,0
31,2015,9,0,0.019740723,0.0,0.004747067,LOW,0
32,2015,9,0,0.027420778,0.0,0.0049197273,LOW,0
33,2015,9,0,0.020955058,0.0,0.0047739604,LOW,0
34,2015,9,0,0.024587767,0.0,0.0048553203,LOW,0
35,2015,9,0,0.026654584,0.0,0.004902225,LOW,0
0,2015,2,0,0.093276076,0.0023023789,0.006681328,LOW,0
1,2015,2,0,0.17358103,0.005141388,0.009695452,LOW,0
2,2015,2,0,0.09605289,0.0023023789,0.006768026,LOW,0
3,2015,2,0,0.058182303,0.0023023789,0.0056762183,LOW,0
4,2015,2,0,0.02866121,0.0,0.0049481946,LOW,0
5,2015,2,0,0.03058292,0.0,0.0049926224,LOW,0
6,2015,2,0,0.0544605,0.002302379,0.005578867,LOW,0
7,2015,2,0,0.040861737,0.0,0.005237075,LOW,0
8,2015,2,0,0.03616328,0.0,0.005123892,LOW,0
9,2015,2,0,0.033892035,0.0,0.005070055,LOW,0
10,2015,2,0,0.039710727,0.0,0.005209118,LOW,0
11,2015,2,0,0.025158625,0.0,0.0048682303,LOW,0
12,2015,2,0,0.06784481,0.0023023789,0.005936914,LOW,0
13,2015,2,0,0.455043,0.039252337,0.035206486,LOW,0
14,2015,2,0,0.35792127,0.021466903,0.022650296,LOW,0
15,2015,2,0,0.040474676,0.0,0.005227656,LOW,0
16,2015,2,0,0.09235642,0.002302379,0.0066528567,LOW,0
17,2015,2,0,0.05228156,0.0,0.005522645,LOW,0
18,2015,2,0,0.06163368,0.0023023789,0.0057680015,LOW,0
19,2015,2,0,0.030066991,0.0,0.0049806554,LOW,0
20,2015,2,0,0.035107885,0.0,0.0050988044,LOW,0
21,2015,2,0,0.06278796,0.0023023789,0.0057990286,LOW,0
22,2015,2,0,0.0335272,0.0,0.005061458,LOW,0
23,2015,2,0,0.030568311,0.0,0.0049922816,LOW,0
24,2015,2,0,0.081654765,0.0023023789,0.0063302955,LOW,0
25,2015,2,0,0.054076277,0.0023023789,0.005568911,LOW,0
26,2015,2,0,0.031113796,0.0,0.005004965,LOW,0
27,2015,2,0,0.043413103,0.0,0.005299572,LOW,0
28,2015,2,0,0.066166416,0.0023023789,0.0058907922,LOW,0
29,2015,2,0,0.06820293,0.0023023789,0.0059467996,LOW,0
30,2015,2,0,0.02910051,0.0,0.004958315,LOW,0
31,2015,2,0,0.050325345,0.0,0.00547265,LOW,0
32,2015,2,0,0.022980336,0.0,0.0048191515,LOW,0
33,2015,2,0,0.023683295,0.0,0.0048349365,LOW,0
34,2015,2,0,0.02402749,0.0,0.004842683,LOW,0
35,2015,2,0,0.024855431,0.0,0.0048613697,LOW,0
0,2016,4,0,0.08712311,0.0023023789,0.0064931284,LOW,0
1,2016,4,0,0.2567323,0.021466905,0.014235602,LOW,0
2,2016,4,0,0.3406859,0.021466905,0.020933747,LOW,0
3,2016,4,0,0.08234931,0.0023023789,0.0063507515,LOW,0
4,2016,4,0,0.11092614,0.0023023789,0.007251774,LOW,0
5,2016,4,0,0.06330331,0.0023023789,0.005812934,LOW,0
6,2016,4,0,0.05470832,0.002302379,0.005585296,LOW,0
7,2016,4,0,0.17400795,0.005141388,0.00971463,LOW,0
8,2016,4,0,0.06773693,0.0023023789,0.005933937,LOW,0
9,2016,4,0,0.06093878,0.0023023789,0.0057494044,LOW,0
10,2016,4,0,0.06032231,0.002302379,0.0057329554,LOW,0
11,2016,4,0,0.037003364,0.0,0.005143948,LOW,0
12,2016,4,0,0.11780014,0.005141388,0.0074868007,LOW,0
13,2016,4,0,0.55880016,0.06329114,0.05595221,MODERATE,0
14,2016,4,0,0.67738384,0.09626719,0.09352211,MODERATE,1
15,2016,4,0,0.16066527,0.005141388,0.009132608,LOW,0
16,2016,4,1,0.21722007,0.021466905,0.01186334,LOW,0
17,2016,4,0,0.045859274,0.0,0.005360191,LOW,0
18,2016,4,0,0.092414975,0.002302379,0.006654666,LOW,0
19,2016,4,0,0.06330852,0.0023023789,0.0058130743,LOW,0
20,2016,4,0,0.056979705,0.002302379,0.005644579,LOW,0
21,2016,4,0,0.24358049,0.021466907,0.013398168,LOW,0
22,2016,4,0,0.06871586,0.0023023789,0.005960992,LOW,0
23,2016,4,0,0.063963555,0.002302379,0.005830796,LOW,0
24,2016,4,0,0.13891932,0.005141388,0.008257192,LOW,0
25,2016,4,0,0.027170226,0.0,0.0049139974,LOW,0
26,2016,4,0,0.035750907,0.0,0.005114074,LOW,0
27,2016,4,0,0.11670868,0.002302379,0.0074489824,LOW,0
28,2016,4,0,0.47226813,0.039252337,0.03804617,LOW,0
29,2016,4,0,0.042444073,0.0,0.0052757477,LOW,0
30,2016,4,0,0.042476475,0.0,0.005276544,LOW,0
31,2016,4,0,0.09820968,0.0023023789,0.0068361363,LOW,0
32,2016,4,0,0.049013637,0.0,0.0054393783,LOW,0
33,2016,4,0,0.041069936,0.0,0.005242145,LOW,0
34,2016,4,0,0.055277225,0.0023023789,0.005600086,LOW,0
35,2016,4,0,0.033325877,0.0,0.0050567226,LOW,0
0,2016,3,0,0.13791019,0.005141388,0.008218655,LOW,0
1,2016,3,0,0.2855687,0.021466907,0.016256416,LOW,0
2,2016,3,0,0.4602796,0.039252337,0.036047466,LOW,0
3,2016,3,0,0.14631224,0.005141388,0.00854505,LOW,0
4,2016,3,0,0.17849389,0.021466905,0.009918449,LOW,0
5,2016,3,0,0.10820782,0.0023023789,0.0071608666,LOW,0
6,2016,3,0,0.06400508,0.002302379,0.0058319215,LOW,0
7,2016,3,0,0.1623694,0.005141388,0.009204976,LOW,0
8,2016,3,0,0.10023609,0.0023023789,0.006900749,LOW,0
9,2016,3,0,0.074851975,0.0023023789,0.0061333817,LOW,0
10,2016,3,0,0.32381052,0.021466905,0.019376654,LOW,0
11,2016,3,0,0.043972302,0.0,0.0053133694,LOW,0
12,2016,3,0,0.098930135,0.0023023789,0.006859037,LOW,0
13,2016,3,0,0.51614165,0.039252337,0.046305493,LOW,0
14,2016,3,0,0.60505384,0.08091603,0.068531446,MODERATE,0
15,2016,3,0,0.28646335,0.021466905,0.016323429,LOW,0
16,2016,3,1,0.40143028,0.033492822,0.0276177,LOW,0
17,2016,3,0,0.0824855,0.0023023789,0.006354769,LOW,0
18,2016,3,0,0.10887581,0.002302379,0.007183103,LOW,0
19,2016,3,0,0.07504168,0.0023023789,0.0061387904,LOW,0
20,2016,3,0,0.07806185,0.0023023789,0.006225524,LOW,0
21,2016,3,0,0.43938977,0.039252337,0.032803915,LOW,0
22,2016,3,0,0.10339812,0.0023023789,0.007002784,LOW,0
23,2016,3,0,0.19216135,0.021466905,0.010565882,LOW,0
24,2016,3,0,0.10769993,0.002302379,0.0071440064,LOW,0
25,2016,3,0,0.04346446,0.0,0.005300839,LOW,0
26,2016,3,0,0.03983697,0.0,0.005212178,LOW,0
27,2016,3,0,0.2134897,0.021466905,0.011660658,LOW,0
28,2016,3,0,0.68667793,0.09626719,0.09727076,MODERATE,1
29,2016,3,0,0.057961997,0.0023023789,0.005670408,LOW,0
30,2016,3,0,0.062178046,0.002302379,0.0057826145,LOW,0
31,2016,3,0,0.126117,0.0051413877,0.0077812835,LOW,0
32,2016,3,0,0.07077096,0.002302379,0.0060181855,LOW,0
33,2016,3,0,0.056214496,0.0023023789,0.0056245364,LOW,0
34,2016,3,0,0.040869642,0.0,0.0052372664,LOW,0
35,2016,3,0,0.060655504,0.002302379,0.0057418393,LOW,0
0,2016,7,0,0.36720708,0.021466905,0.023631357,LOW,0
1,2016,7,0,0.34906822,0.021466905,0.021752067,LOW,0
2,2016,7,0,0.60878175,0.08091603,0.06965222,MODERATE,0
3,2016,7,0,0.3058962,0.021466907,0.017847927,LOW,0
4,2016,7,0,0.374765,0.021466907,0.02446036,LOW,0
5,2016,7,0,0.4756457,0.039252337,0.038628228,LOW,0
6,2016,7,0,0.47928867,0.039252337,0.039265603,LOW,0
7,2016,7,0,0.20976526,0.021466905,0.0114617115,LOW,0
8,2016,7,0,0.12274659,0.005141388,0.007660581,LOW,0
9,2016,7,0,0.11938839,0.005141388,0.007542168,LOW,0
10,2016,7,0,0.5784541,0.06329115,0.061007638,MODERATE,0
11,2016,7,0,0.08557642,0.0023023789,0.0064466544,LOW,0
12,2016,7,0,0.09225978,0.0023023789,0.0066498728,LOW,0
13,2016,7,0,0.40368646,0.033492822,0.02790234,LOW,0
14,2016,7,0,0.43734324,0.039252337,0.032501746,LOW,0
15,2016,7,0,0.22264,0.021466905,0.012164032,LOW,0
16,2016,7,1,0.64065695,0.08091603,0.0799486,MODERATE,0
17,2016,7,0,0.57895344,0.06329114,0.061141502,MODERATE,0
18,2016,7,0,0.4002666,0.033492822,0.027471997,LOW,0
19,2016,7,0,0.29271308,0.021466905,0.016799204,LOW,0
20,2016,7,0,0.254679,0.021466907,0.014101536,LOW,0
21,2016,7,0,0.6283922,0.08091603,0.07583181,MODERATE,0
22,2016,7,0,0.40072757,0.033492822,0.027529625,LOW,0
23,2016,7,0,0.42935768,0.033492822,0.031348217,LOW,0
24,2016,7,0,0.15713905,0.0051413877,0.008984651,LOW,0
25,2016,7,0,0.37316674,0.021466907,0.024282722,LOW,0
26,2016,7,0,0.06935037,0.0023023789,0.0059785927,LOW,0
27,2016,7,0,0.5791496,0.06329114,0.06119415,MODERATE,0
28,2016,7,0,0.7317319,0.11987382,0.11739609,ELEVATED,1
29,2016,7,0,0.32775232,0.021466905,0.019729877,LOW,0
30,2016,7,0,0.32795328,0.021466905,0.019748054,LOW,0
31,2016,7,0,0.3273938,0.021466905,0.019697493,LOW,0
32,2016,7,0,0.35445756,0.021466905,0.022294633,LOW,0
33,2016,7,0,0.27379176,0.021466905,0.015399083,LOW,0
34,2016,7,0,0.10881687,0.0023023789,0.0071811373,LOW,0
35,2016,7,0,0.1534536,0.005141388,0.008832549,LOW,0
0,2016,0,0,0.5613602,0.06329114,0.056587666,MODERATE,0
1,2016,0,0,0.46013242,0.03925234,0.03602356,LOW,0
2,2016,0,0,0.71694785,0.10472973,0.11042279,ELEVATED,1
3,2016,0,0,0.5671981,0.06329114,0.058062248,MODERATE,0
4,2016,0,0,0.7346058,0.11987381,0.11879517,ELEVATED,1
5,2016,0,0,0.6762138,0.09626719,0.09305947,MODERATE,1
6,2016,0,0,0.72320163,0.10472973,0.113327175,ELEVATED,1
7,2016,0,0,0.61960113,0.08091603,0.07300166,MODERATE,0
8,2016,0,0,0.5166024,0.039252337,0.046400703,LOW,0
9,2016,0,0,0.47786346,0.039252337,0.039015055,LOW,0
10,2016,0,0,0.6399594,0.08091603,0.07970907,MODERATE,0
11,2016,0,0,0.2828849,0.021466907,0.016056998,LOW,0
12,2016,0,0,0.2031932,0.021466905,0.011118809,LOW,0
13,2016,0,0,0.58750427,0.06329114,0.06347657,MODERATE,0
14,2016,0,0,0.46666917,0.039252337,0.037099812,LOW,0
15,2016,0,0,0.51152515,0.03925234,0.0453618,LOW,0
16,2016,0,0,0.69566494,0.09626719,0.10102245,ELEVATED,1
17,2016,0,0,0.7832448,0.18128654,0.14473213,ELEVATED,1
18,2016,0,0,0.57117456,0.06329114,0.059087235,MODERATE,0
19,2016,0,0,0.65471816,0.08091603,0.084918775,MODERATE,0
20,2016,0,0,0.6102869,0.08091603,0.070109524,MODERATE,0
21,2016,0,0,0.7439858,0.11987382,0.123462364,ELEVATED,1
22,2016,0,0,0.65776443,0.083333336,0.086031854,MODERATE,0
23,2016,0,0,0.69501334,0.09626719,0.10074618,ELEVATED,1
24,2016,0,0,0.4601057,0.039252333,0.036019225,LOW,0
25,2016,0,0,0.48357743,0.039252337,0.040028892,LOW,0
26,2016,0,0,0.10468292,0.0023023789,0.0070446706,LOW,0
27,2016,0,0,0.7826985,0.18128654,0.14441635,ELEVATED,1
28,2016,0,0,0.78348297,0.18128654,0.14487001,ELEVATED,1
29,2016,0,0,0.59170467,0.08091603,0.064653836,MODERATE,0
30,2016,0,0,0.6381149,0.08091603,0.07907891,MODERATE,0
31,2016,0,0,0.64744,0.08091603,0.08231214,MODERATE,0
32,2016,0,0,0.6713298,0.09626719,0.09115047,MODERATE,1
33,2016,0,0,0.61093926,0.08091603,0.07030859,MODERATE,0
34,2016,0,0,0.2687297,0.021466905,0.015044403,LOW,0
35,2016,0,0,0.44619814,0.039252337,0.033828814,LOW,0
0,2016,8,0,0.67210555,0.09626719,0.09145131,MODERATE,1
1,2016,8,0,0.5155602,0.039252337,0.04618562,LOW,0
2,2016,8,1,0.6307541,0.08091603,0.07660917,MODERATE,0
3,2016,8,1,0.6400166,0.08091603,0.07972869,MODERATE,0
4,2016,8,0,0.7458332,0.11987382,0.12439996,ELEVATED,1
5,2016,8,0,0.7143691,0.10472973,0.10924425,ELEVATED,1
6,2016,8,0,0.7582159,0.13043478,0.13084301,ELEVATED,1
7,2016,8,0,0.60639226,0.08091603,0.06893191,MODERATE,0
8,2016,8,0,0.5779636,0.06329114,0.060876433,MODERATE,0
9,2016,8,0,0.44290125,0.039252333,0.033328712,LOW,0
10,2016,8,0,0.724705,0.10472973,0.114035234,ELEVATED,1
11,2016,8,0,0.42424208,0.033492822,0.030630196,LOW,0
12,2016,8,0,0.2089362,0.021466905,0.011417887,LOW,0
13,2016,8,0,0.6332948,0.08091603,0.077453546,MODERATE,0
14,2016,8,0,0.5673667,0.06329114,0.058105376,MODERATE,0
15,2016,8,0,0.70150536,0.1,0.10352896,ELEVATED,1
16,2016,8,0,0.67498416,0.09626719,0.0925755,MODERATE,1
17,2016,8,0,0.81638324,0.18128654,0.16498064,HIGH,1
18,2016,8,0,0.66849095,0.09626719,0.0900571,MODERATE,1
19,2016,8,0,0.7530133,0.119873814,0.1281021,ELEVATED,1
20,2016,8,0,0.66216856,0.09626719,0.087664455,MODERATE,0
21,2016,8,0,0.746845,0.11987381,0.12491605,ELEVATED,1
22,2016,8,0,0.7024689,0.10000001,0.10394772,ELEVATED,1
23,2016,8,0,0.7569494,0.13043478,0.13017124,ELEVATED,1
24,2016,8,0,0.48232678,0.039252337,0.039804853,LOW,0
25,2016,8,0,0.6628104,0.096267186,0.08790471,MODERATE,0
26,2016,8,0,0.18075483,0.021466905,0.010022773,LOW,0
27,2016,8,1,0.7756119,0.18128656,0.14037132,ELEVATED,1
28,2016,8,1,0.73968816,0.11987382,0.12130475,ELEVATED,1
29,2016,8,0,0.61493605,0.08091603,0.07153964,MODERATE,0
30,2016,8,0,0.6266182,0.08091603,0.075252704,MODERATE,0
31,2016,8,0,0.7042054,0.1,0.10470621,ELEVATED,1
32,2016,8,0,0.71118104,0.10472973,0.107802525,ELEVATED,1
33,2016,8,0,0.67304164,0.09626719,0.09181553,MODERATE,1
34,2016,8,0,0.3021532,0.021466905,0.017543804,LOW,0
35,2016,8,0,0.4789547,0.03925234,0.039206754,LOW,0
0,2016,6,0,0.74224186,0.11987381,0.12258289,ELEVATED,1
1,2016,6,0,0.49436933,0.039252333,0.04201297,LOW,0
2,2016,6,1,0.6984338,0.09626719,0.10220399,ELEVATED,1
3,2016,6,1,0.6960779,0.096267186,0.10119789,ELEVATED,1
4,2016,6,0,0.75845844,0.13043478,0.13097198,ELEVATED,1
5,2016,6,0,0.73553723,0.119873814,0.11925171,ELEVATED,1
6,2016,6,0,0.76498455,0.13043478,0.13448337,ELEVATED,1
7,2016,6,0,0.70759404,0.104729734,0.10620041,ELEVATED,1
8,2016,6,0,0.6131652,0.08091603,0.07099177,MODERATE,0
9,2016,6,0,0.59365976,0.08091603,0.065208696,MODERATE,0
10,2016,6,0,0.70014846,0.09626719,0.102941774,ELEVATED,1
11,2016,6,0,0.56790626,0.06329114,0.058243558,MODERATE,0
12,2016,6,0,0.30207634,0.021466905,0.017537609,LOW,0
13,2016,6,0,0.6225899,0.08091603,0.073952764,MODERATE,0
14,2016,6,0,0.533993,0.049689442,0.050133213,MODERATE,0
15,2016,6,0,0.6891011,0.09626719,0.09826991,MODERATE,1
16,2016,6,0,0.70303917,0.1,0.10419628,ELEVATED,1
17,2016,6,0,0.7673104,0.16666667,0.13575387,ELEVATED,1
18,2016,6,0,0.7078594,0.10472973,0.10631821,ELEVATED,1
19,2016,6,0,0.72980464,0.11987381,0.116465844,ELEVATED,1
20,2016,6,0,0.6339088,0.08091603,0.07765887,MODERATE,0
21,2016,6,0,0.68697083,0.09626719,0.09739105,MODERATE,1
22,2016,6,0,0.70208687,0.1,0.103781514,ELEVATED,1
23,2016,6,0,0.75982165,0.13043478,0.13169897,ELEVATED,1
24,2016,6,0,0.5013697,0.03925234,0.043349918,LOW,0
25,2016,6,0,0.72726625,0.11987382,0.11525042,ELEVATED,1
26,2016,6,0,0.25729603,0.021466905,0.014272626,LOW,0
27,2016,6,1,0.76303947,0.13043478,0.13342859,ELEVATED,1
28,2016,6,1,0.7304582,0.11987381,0.116780594,ELEVATED,1
29,2016,6,1,0.67043054,0.09626719,0.09080284,MODERATE,1
30,2016,6,0,0.67264986,0.09626719,0.09166294,MODERATE,1
31,2016,6,0,0.7283184,0.119873814,0.11575286,ELEVATED,1
32,2016,6,0,0.6835714,0.09626719,0.0960031,MODERATE,1
33,2016,6,0,0.70058286,0.09626719,0.10312944,ELEVATED,1
34,2016,6,0,0.37059128,0.021466905,0.023999112,LOW,0
35,2016,6,0,0.60228425,0.08091603,0.06770963,MODERATE,0
0,2016,5,0,0.70066947,0.09626719,0.10316689,ELEVATED,1
1,2016,5,0,0.55519927,0.06329114,0.05506973,MODERATE,0
2,2016,5,1,0.681888,0.09626719,0.09532234,MODERATE,1
3,2016,5,1,0.6171876,0.08091603,0.07224187,MODERATE,0
4,2016,5,0,0.7014648,0.1,0.10351134,ELEVATED,1
5,2016,5,0,0.6506055,0.08091603,0.083436765,MODERATE,0
6,2016,5,0,0.6940053,0.09626719,0.1003201,ELEVATED,1
7,2016,5,0,0.64160764,0.08091603,0.08027609,MODERATE,0
8,2016,5,0,0.47285625,0.039252337,0.03814691,LOW,0
9,2016,5,0,0.51384616,0.039252337,0.04583394,LOW,0
10,2016,5,0,0.59257746,0.08091603,0.064900994,MODERATE,0
11,2016,5,0,0.24276611,0.021466905,0.013347943,LOW,0
12,2016,5,0,0.115570575,0.002302379,0.0074097514,LOW,0
13,2016,5,0,0.53136516,0.046559207,0.049551494,LOW,0
14,2016,5,0,0.57396847,0.06329114,0.0598175,MODERATE,0
15,2016,5,0,0.5925708,0.08091603,0.0648991,MODERATE,0
16,2016,5,1,0.7492653,0.119873814,0.126158,ELEVATED,1
17,2016,5,0,0.6558403,0.08091603,0.08532725,MODERATE,0
18,2016,5,0,0.60162383,0.08091603,0.067515016,MODERATE,0
19,2016,5,0,0.668651,0.09626719,0.09011842,MODERATE,1
20,2016,5,0,0.66284317,0.09626719,0.087916985,MODERATE,0
21,2016,5,0,0.6456927,0.08091603,0.08169726,MODERATE,0
22,2016,5,0,0.6980614,0.0962672,0.10204435,ELEVATED,1
23,2016,5,0,0.6660665,0.09626719,0.08913272,MODERATE,0
24,2016,5,0,0.22648756,0.021466905,0.012382046,LOW,0
25,2016,5,1,0.71205604,0.10472973,0.10819654,ELEVATED,1
26,2016,5,0,0.060541403,0.0023023789,0.005738797,LOW,0
27,2016,5,1,0.7131236,0.10472973,0.108679004,ELEVATED,1
28,2016,5,1,0.68315345,0.09626719,0.09583369,MODERATE,1
29,2016,5,1,0.66957414,0.09626719,0.090472884,MODERATE,1
30,2016,5,0,0.530867,0.03925234,0.04944193,LOW,0
31,2016,5,0,0.49681476,0.039252337,0.04247546,LOW,0
32,2016,5,0,0.54849696,0.049689442,0.053461984,MODERATE,0
33,2016,5,0,0.5402979,0.049689442,0.051555414,MODERATE,0
34,2016,5,0,0.13209213,0.0051413877,0.007999917,LOW,0
35,2016,5,0,0.47752538,0.039252337,0.03895585,LOW,0
0,2016,1,0,0.6517116,0.08091603,0.08383302,MODERATE,0
1,2016,1,0,0.43634325,0.039252337,0.03235508,LOW,0
2,2016,1,0,0.5603563,0.06329114,0.056337688,MODERATE,0
3,2016,1,0,0.41342738,0.033492822,0.029164283,LOW,0
4,2016,1,0,0.47125456,0.03925234,0.037873145,LOW,0
5,2016,1,0,0.55294275,0.06329113,0.05452342,MODERATE,0
6,2016,1,0,0.6041744,0.08091603,0.06826949,MODERATE,0
7,2016,1,0,0.33851245,0.021466905,0.020726528,LOW,0
8,2016,1,0,0.245559,0.021466905,0.013520969,LOW,0
9,2016,1,0,0.3432228,0.021466905,0.021178178,LOW,0
10,2016,1,0,0.37047833,0.021466905,0.023986751,LOW,0
11,2016,1,0,0.14237793,0.005141388,0.008390644,LOW,0
12,2016,1,0,0.114200726,0.002302379,0.007362807,LOW,0
13,2016,1,0,0.34619483,0.021466905,0.021468088,LOW,0
14,2016,1,0,0.38473144,0.021466905,0.025597008,LOW,0
15,2016,1,0,0.35741597,0.021466905,0.022598067,LOW,0
16,2016,1,1,0.606408,0.08091603,0.06893663,MODERATE,0
17,2016,1,0,0.39398038,0.030303031,0.026697733,LOW,0
18,2016,1,0,0.3616937,0.021466907,0.023043973,LOW,0
19,2016,1,0,0.37595987,0.021466905,0.024593996,LOW,0
20,2016,1,0,0.37954643,0.021466905,0.024999397,LOW,0
21,2016,1,0,0.54693717,0.049689442,0.053094223,MODERATE,0
22,2016,1,0,0.46156365,0.039252337,0.03625661,LOW,0
23,2016,1,0,0.42188695,0.033492822,0.030304998,LOW,0
24,2016,1,0,0.29216704,0.021466905,0.016757088,LOW,0
25,2016,1,1,0.64632756,0.08091603,0.08192018,MODERATE,0
26,2016,1,0,0.119290255,0.005141388,0.007538735,LOW,0
27,2016,1,1,0.568706,0.06329114,0.058448948,MODERATE,0
28,2016,1,0,0.40375656,0.033492822,0.027911233,LOW,0
29,2016,1,1,0.6674904,0.09626719,0.089674585,MODERATE,0
30,2016,1,0,0.15712069,0.005141388,0.008983888,LOW,0
31,2016,1,0,0.24815051,0.021466905,0.013683504,LOW,0
32,2016,1,0,0.2516987,0.021466907,0.013909159,LOW,0
33,2016,1,0,0.17747131,0.021466903,0.009871622,LOW,0
34,2016,1,0,0.10462306,0.002302379,0.007042713,LOW,0
35,2016,1,0,0.15369914,0.005141388,0.008842606,LOW,0
0,2016,11,0,0.38722068,0.030303031,0.025888834,LOW,0
1,2016,11,0,0.36762,0.021466905,0.023675933,LOW,0
2,2016,11,0,0.4962621,0.039252337,0.042370517,LOW,0
3,2016,11,0,0.123506255,0.005141388,0.0076876255,LOW,0
4,2016,11,0,0.0941821,0.0023023789,0.006709495,LOW,0
5,2016,11,0,0.30906242,0.021466905,0.018109228,LOW,0
6,2016,11,0,0.49977,0.039252337,0.043040857,LOW,0
7,2016,11,0,0.08777969,0.0023023789,0.0065129586,LOW,0
8,2016,11,0,0.08161165,0.0023023789,0.0063290303,LOW,0
9,2016,11,0,0.083007395,0.0023023789,0.006370192,LOW,0
10,2016,11,0,0.06392585,0.0023023789,0.0058297734,LOW,0
11,2016,11,0,0.081000224,0.0023023789,0.0063110804,LOW,0
12,2016,11,0,0.06854618,0.002302379,0.0059562926,LOW,0
13,2016,11,0,0.13434692,0.005141388,0.008083994,LOW,0
14,2016,11,0,0.16941679,0.005141388,0.009510327,LOW,0
15,2016,11,0,0.07928384,0.0023023789,0.006260963,LOW,0
16,2016,11,1,0.39499184,0.030303031,0.026820865,LOW,0
17,2016,11,0,0.28708068,0.021466903,0.016369823,LOW,0
18,2016,11,0,0.10765677,0.0023023789,0.007142576,LOW,0
19,2016,11,0,0.14336036,0.005141388,0.00842894,LOW,0
20,2016,11,0,0.14507535,0.005141388,0.008496206,LOW,0
21,2016,11,0,0.22754054,0.021466907,0.012442386,LOW,0
22,2016,11,0,0.16680034,0.005141388,0.009395807,LOW,0
23,2016,11,0,0.08382646,0.0023023789,0.0063944743,LOW,0
24,2016,11,0,0.10272888,0.0023023789,0.0069810622,LOW,0
25,2016,11,1,0.46228108,0.039252337,0.036373977,LOW,0
26,2016,11,0,0.10320369,0.0023023789,0.0069964663,LOW,0
27,2016,11,1,0.33306494,0.021466907,0.020215949,LOW,0
28,2016,11,0,0.19369772,0.021466905,0.01064122,LOW,0
29,2016,11,1,0.57196254,0.06329114,0.05929234,MODERATE,0
30,2016,11,0,0.08318422,0.0023023789,0.006375428,LOW,0
31,2016,11,0,0.045794792,0.0,0.0053585847,LOW,0
32,2016,11,0,0.049937468,0.0,0.0054627913,LOW,0
33,2016,11,0,0.04419762,0.0,0.005318939,LOW,0
34,2016,11,0,0.06574473,0.0023023789,0.0058792597,LOW,0
35,2016,11,0,0.04128912,0.0,0.0052474914,LOW,0
0,2016,10,0,0.25784504,0.021466903,0.014308777,LOW,0
1,2016,10,0,0.0762723,0.0023023789,0.0061739846,LOW,0
2,2016,10,0,0.069544226,0.002302379,0.005983979,LOW,0
3,2016,10,0,0.04631123,0.0,0.005371467,LOW,0
4,2016,10,0,0.030511165,0.0,0.004990955,LOW,0
5,2016,10,0,0.08429632,0.0023023789,0.0064084437,LOW,0
6,2016,10,0,0.06256454,0.0023023789,0.005793008,LOW,0
7,2016,10,0,0.027783636,0.0,0.0049280375,LOW,0
8,2016,10,0,0.03111455,0.0,0.005004981,LOW,0
9,2016,10,0,0.028186485,0.0,0.00493728,LOW,0
10,2016,10,0,0.029699476,0.0,0.0049721487,LOW,0
11,2016,10,0,0.041532695,0.0,0.0052534384,LOW,0
12,2016,10,0,0.028931351,0.0,0.004954416,LOW,0
13,2016,10,0,0.10781961,0.0023023789,0.0071479785,LOW,0
14,2016,10,0,0.21083634,0.021466907,0.011518579,LOW,0
15,2016,10,0,0.03136171,0.0,0.0050107385,LOW,0
16,2016,10,0,0.23820505,0.021466905,0.0130700525,LOW,0
17,2016,10,0,0.05095388,0.0,0.005488663,LOW,0
18,2016,10,0,0.08438775,0.0023023789,0.006411165,LOW,0
19,2016,10,0,0.02905977,0.0,0.004957376,LOW,0
20,2016,10,0,0.050428566,0.0,0.005475277,LOW,0
21,2016,10,0,0.04811211,0.0,0.00541663,LOW,0
22,2016,10,0,0.076723516,0.0023023789,0.0061869416,LOW,0
23,2016,10,0,0.02838922,0.0,0.0049419394,LOW,0
24,2016,10,0,0.03553157,0.0,0.0051088603,LOW,0
25,2016,10,0,0.347627,0.021466905,0.021609172,LOW,0
26,2016,10,0,0.0449767,0.0,0.0053382404,LOW,0
27,2016,10,0,0.17209959,0.005141388,0.00962919,LOW,0
28,2016,10,0,0.042349927,0.0,0.005273439,LOW,0
29,2016,10,1,0.4891686,0.03925234,0.041045353,LOW,0
30,2016,10,0,0.02361835,0.0,0.004833475,LOW,0
31,2016,10,0,0.017293174,0.0,0.00469332,LOW,0
32,2016,10,0,0.019930264,0.0,0.004751255,LOW,0
33,2016,10,0,0.019756252,0.0,0.0047474094,LOW,0
34,2016,10,0,0.02095492,0.0,0.004773958,LOW,0
35,2016,10,0,0.020279558,0.0,0.0047589815,LOW,0
0,2016,9,0,0.08180147,0.0023023789,0.006334613,LOW,0
1,2016,9,0,0.064109035,0.0023023789,0.005834739,LOW,0
2,2016,9,0,0.112015985,0.0023023789,0.007288543,LOW,0
3,2016,9,0,0.025890931,0.0,0.0048848423,LOW,0
4,2016,9,0,0.03187172,0.0,0.005022639,LOW,0
5,2016,9,0,0.05126545,0.0,0.00549662,LOW,0
6,2016,9,0,0.07800982,0.0023023789,0.00622402,LOW,0
7,2016,9,0,0.03277044,0.0,0.0050436766,LOW,0
8,2016,9,0,0.025992634,0.0,0.004887154,LOW,0
9,2016,9,0,0.029195916,0.0,0.0049605174,LOW,0
10,2016,9,0,0.03311036,0.0,0.0050516557,LOW,0
11,2016,9,0,0.025832292,0.0,0.00488351,LOW,0
12,2016,9,0,0.028818097,0.0,0.004951807,LOW,0
13,2016,9,0,0.38589418,0.021466907,0.025732916,LOW,0
14,2016,9,0,0.49148205,0.039252337,0.041473124,LOW,0
15,2016,9,0,0.03137035,0.0,0.0050109406,LOW,0
16,2016,9,0,0.20686623,0.021466907,0.011309183,LOW,0
17,2016,9,0,0.058833115,0.0023023789,0.0056934115,LOW,0
18,2016,9,0,0.19374266,0.021466905,0.010643434,LOW,0
19,2016,9,0,0.05111802,0.0,0.005492855,LOW,0
20,2016,9,0,0.043100808,0.0,0.0052918834,LOW,0
21,2016,9,0,0.045401216,0.0,0.0053487886,LOW,0
22,2016,9,0,0.04539517,0.0,0.0053486386,LOW,0
23,2016,9,0,0.027983459,0.0,0.0049326206,LOW,0
24,2016,9,0,0.032530934,0.0,0.005038061,LOW,0
25,2016,9,0,0.1754114,0.021466905,0.009777946,LOW,0
26,2016,9,0,0.027746448,0.0,0.0049271863,LOW,0
27,2016,9,0,0.12819397,0.005141388,0.007856599,LOW,0
28,2016,9,0,0.052661706,0.0,0.005532412,LOW,0
29,2016,9,0,0.2292459,0.021466905,0.012540716,LOW,0
30,2016,9,0,0.025282666,0.0,0.0048710406,LOW,0
31,2016,9,0,0.024857135,0.0,0.0048614093,LOW,0
32,2016,9,0,0.023223238,0.0,0.0048245997,LOW,0
33,2016,9,0,0.01853891,0.0,0.004720598,LOW,0
34,2016,9,0,0.023360979,0.0,0.0048276917,LOW,0
35,2016,9,0,0.02515728,0.0,0.0048682005,LOW,0
0,2016,2,0,0.10675594,0.0023023789,0.0071127787,LOW,0
1,2016,2,0,0.15970264,0.0051413886,0.009091981,LOW,0
2,2016,2,0,0.1233212,0.005141388,0.0076810266,LOW,0
3,2016,2,0,0.033292588,0.0,0.005055938,LOW,0
4,2016,2,0,0.025234032,0.0,0.00486994,LOW,0
5,2016,2,0,0.04516063,0.0,0.0053428076,LOW,0
6,2016,2,0,0.06667408,0.0023023789,0.0059047034,LOW,0
7,2016,2,0,0.03205001,0.0,0.005026804,LOW,0
8,2016,2,0,0.044392206,0.0,0.005323755,LOW,0
9,2016,2,0,0.062206477,0.002302379,0.0057833767,LOW,0
10,2016,2,0,0.025958616,0.0,0.004886382,LOW,0
11,2016,2,0,0.030367587,0.0,0.0049876245,LOW,0
12,2016,2,0,0.05856589,0.002302379,0.0056863464,LOW,0
13,2016,2,0,0.52811795,0.039252337,0.048841495,LOW,0
14,2016,2,0,0.5723529,0.06329114,0.059394196,MODERATE,0
15,2016,2,0,0.040897224,0.0,0.005237937,LOW,0
16,2016,2,0,0.19201663,0.021466905,0.01055881,LOW,0
17,2016,2,0,0.051399596,0.0,0.005500049,LOW,0
18,2016,2,0,0.1913621,0.021466905,0.010526891,LOW,0
19,2016,2,0,0.03385684,0.0,0.005069225,LOW,0
20,2016,2,0,0.030726403,0.0,0.0049959538,LOW,0
21,2016,2,0,0.09055011,0.0023023789,0.0065972893,LOW,0
22,2016,2,0,0.030125836,0.0,0.0049820193,LOW,0
23,2016,2,0,0.025725687,0.0,0.004881089,LOW,0
24,2016,2,0,0.07152051,0.0023023789,0.0060391813,LOW,0
25,2016,2,0,0.08525175,0.0023023789,0.006436944,LOW,0
26,2016,2,0,0.03287902,0.0,0.0050462233,LOW,0
27,2016,2,0,0.10133777,0.0023023789,0.0069361283,LOW,0
28,2016,2,0,0.10818108,0.0023023789,0.0071599777,LOW,0
29,2016,2,0,0.106714614,0.0023023789,0.0071114153,LOW,0
30,2016,2,0,0.020867048,0.0,0.0047720056,LOW,0
31,2016,2,0,0.04475619,0.0,0.0053327717,LOW,0
32,2016,2,0,0.017653136,0.0,0.004701185,LOW,0
33,2016,2,0,0.019697819,0.0,0.0047461186,LOW,0
34,2016,2,0,0.024953302,0.0,0.004863585,LOW,0
35,2016,2,0,0.02856413,0.0,0.0049459604,LOW,0
0,2017,4,0,0.10863723,0.0023023789,0.0071751527,LOW,0
1,2017,4,0,0.49316984,0.039252337,0.04178788,LOW,0
2,2017,4,0,0.59719837,0.080916025,0.06622426,MODERATE,0
3,2017,4,0,0.08560717,0.0023023789,0.0064475774,LOW,0
4,2017,4,0,0.1070719,0.0023023789,0.0071232156,LOW,0
5,2017,4,0,0.07843292,0.0023023789,0.006236266,LOW,0
6,2017,4,0,0.07359085,0.0023023789,0.006097551,LOW,0
7,2017,4,0,0.12084968,0.0051413886,0.007593469,LOW,0
8,2017,4,0,0.03647236,0.0,0.0051312624,LOW,0
9,2017,4,0,0.078791544,0.0023023789,0.0062466622,LOW,0
10,2017,4,0,0.06271694,0.002302379,0.005797113,LOW,0
11,2017,4,0,0.03302312,0.0,0.0050496073,LOW,0
12,2017,4,0,0.06605206,0.0023023789,0.005887663,LOW,0
13,2017,4,0,0.51500124,0.039252333,0.046070646,LOW,0
14,2017,4,0,0.58173317,0.06329114,0.061891634,MODERATE,0
15,2017,4,0,0.15443128,0.005141388,0.008872651,LOW,0
16,2017,4,0,0.1185716,0.005141388,0.0075136423,LOW,0
17,2017,4,0,0.09043626,0.0023023789,0.006593803,LOW,0
18,2017,4,0,0.24340855,0.021466905,0.013387545,LOW,0
19,2017,4,0,0.06482586,0.0023023789,0.0058542076,LOW,0
20,2017,4,0,0.050550617,0.0,0.0054783835,LOW,0
21,2017,4,0,0.1831787,0.021466905,0.010135821,LOW,0
22,2017,4,0,0.05939803,0.0023023789,0.00570838,LOW,0
23,2017,4,0,0.06646344,0.0023023789,0.0058989264,LOW,0
24,2017,4,0,0.08861242,0.0023023789,0.006538193,LOW,0
25,2017,4,0,0.059100583,0.002302379,0.0057004937,LOW,0
26,2017,4,0,0.03237158,0.0,0.005034329,LOW,0
27,2017,4,0,0.20396282,0.021466905,0.011158436,LOW,0
28,2017,4,0,0.6565965,0.08091603,0.085603535,MODERATE,0
29,2017,4,0,0.13579583,0.005141388,0.008138485,LOW,0
30,2017,4,0,0.043623798,0.0,0.0053047678,LOW,0
31,2017,4,0,0.068175524,0.0023023789,0.0059460443,LOW,0
32,2017,4,0,0.029817278,0.0,0.004974874,LOW,0
33,2017,4,0,0.030455697,0.0,0.0049896673,LOW,0
34,2017,4,0,0.043586228,0.0,0.0053038415,LOW,0
35,2017,4,0,0.040130526,0.0,0.005219296,LOW,0
0,2017,3,0,0.095403776,0.0023023789,0.0067476607,LOW,0
1,2017,3,0,0.40082273,0.033492822,0.027541539,LOW,0
2,2017,3,0,0.6325644,0.08091603,0.07720994,MODERATE,0
3,2017,3,0,0.26536945,0.021466905,0.014813412,LOW,0
4,2017,3,0,0.15316574,0.0051413886,0.00882078,LOW,0
5,2017,3,0,0.12270494,0.0051413877,0.007659102,LOW,0
6,2017,3,0,0.10987497,0.002302379,0.007216484,LOW,0
7,2017,3,0,0.16645804,0.005141388,0.009380929,LOW,0
8,2017,3,0,0.09037195,0.0023023789,0.006591835,LOW,0
9,2017,3,0,0.11086589,0.0023023789,0.007249746,LOW,0
10,2017,3,0,0.17929317,0.021466905,0.009955205,LOW,0
11,2017,3,0,0.051413536,0.0,0.0055004037,LOW,0
12,2017,3,0,0.070498265,0.0023023789,0.006010566,LOW,0
13,2017,3,0,0.47459742,0.039252337,0.038446665,LOW,0
14,2017,3,0,0.36376542,0.021466905,0.023262994,LOW,0
15,2017,3,0,0.21677656,0.021466903,0.01183906,LOW,0
16,2017,3,0,0.3814009,0.021466905,0.025211561,LOW,0
17,2017,3,0,0.09169574,0.0023023789,0.0066324803,LOW,0
18,2017,3,0,0.2625192,0.021466903,0.01462023,LOW,0
19,2017,3,0,0.115085654,0.002302379,0.0073930975,LOW,0
20,2017,3,0,0.09866054,0.002302379,0.0068504605,LOW,0
21,2017,3,0,0.48266447,0.039252333,0.03986522,LOW,0
22,2017,3,0,0.3640286,0.021466905,0.023290964,LOW,0
23,2017,3,0,0.18075037,0.021466905,0.010022565,LOW,0
24,2017,3,0,0.08072036,0.0023023789,0.00630288,LOW,0
25,2017,3,0,0.08046978,0.0023023789,0.0062955497,LOW,0
26,2017,3,0,0.047702894,0.0,0.005406333,LOW,0
27,2017,3,0,0.32984766,0.021466905,0.019920208,LOW,0
28,2017,3,0,0.7505307,0.119873814,0.12681155,ELEVATED,1
29,2017,3,0,0.09364145,0.0023023789,0.006692673,LOW,0
30,2017,3,0,0.055125125,0.002302379,0.0055961283,LOW,0
31,2017,3,0,0.124731846,0.005141388,0.007731451,LOW,0
32,2017,3,0,0.058776584,0.0023023789,0.005691916,LOW,0
33,2017,3,0,0.043190032,0.0,0.00529408,LOW,0
34,2017,3,0,0.04454058,0.0,0.0053274278,LOW,0
35,2017,3,0,0.05795158,0.002302379,0.0056701335,LOW,0
0,2017,7,0,0.35763457,0.021466905,0.022620648,LOW,0
1,2017,7,0,0.39861667,0.033492822,0.027266692,LOW,0
2,2017,7,0,0.7472196,0.119873814,0.1251076,ELEVATED,1
3,2017,7,0,0.42116612,0.033492822,0.030206135,LOW,0
4,2017,7,0,0.43678242,0.039252337,0.032419417,LOW,0
5,2017,7,0,0.4271613,0.033492822,0.031037968,LOW,0
6,2017,7,0,0.6140068,0.08091603,0.07125167,MODERATE,0
7,2017,7,0,0.29472557,0.021466905,0.016955288,LOW,0
8,2017,7,0,0.17434326,0.005141388,0.009729721,LOW,0
9,2017,7,0,0.23319907,0.021466905,0.01277162,LOW,0
10,2017,7,0,0.42572775,0.033492822,0.030837068,LOW,0
11,2017,7,0,0.12391733,0.005141388,0.0077022957,LOW,0
12,2017,7,0,0.13647743,0.005141388,0.008164245,LOW,0
13,2017,7,0,0.41895682,0.033492822,0.029905071,LOW,0
14,2017,7,0,0.424592,0.033492826,0.030678794,LOW,0
15,2017,7,0,0.3719031,0.021466905,0.024143165,LOW,0
16,2017,7,0,0.64813644,0.08091603,0.08255837,MODERATE,0
17,2017,7,0,0.56264377,0.06329114,0.056908835,MODERATE,0
18,2017,7,0,0.5062862,0.039252337,0.044313047,LOW,0
19,2017,7,0,0.43654594,0.039252337,0.032384757,LOW,0
20,2017,7,0,0.45903543,0.039252337,0.035845924,LOW,0
21,2017,7,0,0.6471252,0.08091603,0.082201034,MODERATE,0
22,2017,7,0,0.298292,0.021466905,0.01723541,LOW,0
23,2017,7,0,0.43663827,0.039252337,0.03239828,LOW,0
24,2017,7,0,0.1791665,0.021466905,0.009949369,LOW,0
25,2017,7,0,0.2426943,0.021466907,0.013343523,LOW,0
26,2017,7,0,0.0970085,0.0023023789,0.006798121,LOW,0
27,2017,7,0,0.30096245,0.021466905,0.017448124,LOW,0
28,2017,7,0,0.79903793,0.18128654,0.15411216,HIGH,1
29,2017,7,0,0.30928385,0.021466905,0.01812764,LOW,0
30,2017,7,0,0.32270607,0.021466905,0.0192788,LOW,0
31,2017,7,0,0.3456875,0.021466905,0.021418324,LOW,0
32,2017,7,0,0.4267592,0.033492822,0.030981483,LOW,0
33,2017,7,0,0.2529735,0.021466907,0.013991129,LOW,0
34,2017,7,0,0.090266995,0.0023023789,0.006588623,LOW,0
35,2017,7,0,0.17902142,0.021466905,0.009942693,LOW,0
0,2017,0,0,0.5977773,0.08091603,0.06639181,MODERATE,0
1,2017,0,0,0.43216118,0.03349282,0.03174861,LOW,0
2,2017,0,0,0.67336696,0.09626719,0.091942415,MODERATE,1
3,2017,0,0,0.7021523,0.1,0.10380996,ELEVATED,1
4,2017,0,0,0.7860247,0.18128654,0.1463481,ELEVATED,1
5,2017,0,0,0.6959854,0.09626719,0.101158574,ELEVATED,1
6,2017,0,0,0.7844413,0.18128654,0.14542586,ELEVATED,1
7,2017,0,0,0.73558474,0.11987382,0.11927507,ELEVATED,1
8,2017,0,0,0.639157,0.08091603,0.07943438,MODERATE,0
9,2017,0,0,0.6208084,0.08091603,0.073384486,MODERATE,0
10,2017,0,0,0.7031148,0.1,0.10422929,ELEVATED,1
11,2017,0,0,0.35079837,0.021466905,0.021924825,LOW,0
12,2017,0,0,0.40271723,0.033492822,0.027779715,LOW,0
13,2017,0,0,0.39572182,0.030303031,0.026910068,LOW,0
14,2017,0,0,0.47024423,0.03925234,0.03770143,LOW,0
15,2017,0,0,0.7137429,0.10472973,0.10895975,ELEVATED,1
16,2017,0,0,0.72639555,0.10472973,0.11483606,ELEVATED,1
17,2017,0,0,0.7906211,0.18128654,0.14905274,ELEVATED,1
18,2017,0,0,0.6983378,0.09626719,0.1021628,ELEVATED,1
19,2017,0,0,0.73114794,0.119873814,0.117113546,ELEVATED,1
20,2017,0,0,0.75804543,0.13043478,0.13075241,ELEVATED,1
21,2017,0,0,0.5844706,0.06329114,0.062638775,MODERATE,0
22,2017,0,0,0.6754503,0.09626719,0.092758715,MODERATE,1
23,2017,0,0,0.717868,0.10472973,0.11084599,ELEVATED,1
24,2017,0,0,0.4590448,0.039252337,0.035847437,LOW,0
25,2017,0,0,0.60606426,0.08091603,0.06883356,MODERATE,0
26,2017,0,0,0.1951774,0.021466903,0.010714289,LOW,0
27,2017,0,0,0.69078374,0.0962672,0.098969094,MODERATE,1
28,2017,0,0,0.7914102,0.18128654,0.1495212,ELEVATED,1
29,2017,0,0,0.6467234,0.08091603,0.08205946,MODERATE,0
30,2017,0,0,0.68209374,0.09626719,0.09540532,MODERATE,1
31,2017,0,0,0.6484973,0.08091603,0.08268622,MODERATE,0
32,2017,0,0,0.7344223,0.119873814,0.118705414,ELEVATED,1
33,2017,0,0,0.6810421,0.09626719,0.094981894,MODERATE,1
34,2017,0,0,0.22957927,0.021466907,0.012560028,LOW,0
35,2017,0,0,0.54405063,0.049689442,0.052419934,MODERATE,0
0,2017,8,0,0.6873018,0.09626719,0.09752713,MODERATE,1
1,2017,8,0,0.49949315,0.039252337,0.042987593,LOW,0
2,2017,8,0,0.6445167,0.080916025,0.08128582,MODERATE,0
3,2017,8,0,0.7492724,0.119873814,0.12616165,ELEVATED,1
4,2017,8,0,0.79021335,0.18128654,0.14881113,ELEVATED,1
5,2017,8,0,0.7270844,0.119873814,0.115163766,ELEVATED,1
6,2017,8,0,0.76052535,0.13043478,0.13207558,ELEVATED,1
7,2017,8,1,0.7514118,0.11987381,0.12726828,ELEVATED,1
8,2017,8,0,0.6751487,0.09626719,0.092640124,MODERATE,1
9,2017,8,0,0.62756515,0.08091603,0.07556131,MODERATE,0
10,2017,8,0,0.7122986,0.10472973,0.10830598,ELEVATED,1
11,2017,8,0,0.44127232,0.039252337,0.033084262,LOW,0
12,2017,8,0,0.26823318,0.021466905,0.015010051,LOW,0
13,2017,8,0,0.6209038,0.08091603,0.07341481,MODERATE,0
14,2017,8,0,0.61744565,0.08091603,0.07232275,MODERATE,0
15,2017,8,0,0.7243076,0.10472972,0.113847695,ELEVATED,1
16,2017,8,0,0.7210672,0.10472973,0.11232848,ELEVATED,1
17,2017,8,0,0.7634388,0.13043478,0.13364455,ELEVATED,1
18,2017,8,0,0.7322349,0.119873814,0.11763993,ELEVATED,1
19,2017,8,0,0.73637486,0.119873814,0.11966359,ELEVATED,1
20,2017,8,0,0.7624963,0.13043478,0.13313527,ELEVATED,1
21,2017,8,0,0.63807905,0.08091603,0.07906669,MODERATE,0
22,2017,8,0,0.72733945,0.119873814,0.11528532,ELEVATED,1
23,2017,8,0,0.761284,0.13043478,0.13248262,ELEVATED,1
24,2017,8,0,0.55776453,0.06329114,0.055697046,MODERATE,0
25,2017,8,0,0.6442545,0.080916025,0.081194334,MODERATE,0
26,2017,8,0,0.20136064,0.021466905,0.011025018,LOW,0
27,2017,8,0,0.7637407,0.13043478,0.13380805,ELEVATED,1
28,2017,8,0,0.766778,0.1385123,0.13546216,ELEVATED,1
29,2017,8,0,0.6722058,0.09626719,0.09149027,MODERATE,1
30,2017,8,0,0.7268953,0.119873814,0.1150737,ELEVATED,1
31,2017,8,0,0.69344026,0.096267186,0.10008195,ELEVATED,1
32,2017,8,0,0.7789054,0.18128654,0.14223932,ELEVATED,1
33,2017,8,0,0.7506023,0.11987382,0.1268486,ELEVATED,1
34,2017,8,0,0.2076347,0.021466905,0.011349418,LOW,0
35,2017,8,0,0.68438846,0.09626719,0.09633507,MODERATE,1
0,2017,6,0,0.62403184,0.08091603,0.07441569,MODERATE,0
1,2017,6,0,0.47499064,0.039252337,0.038514677,LOW,0
2,2017,6,0,0.66603786,0.09626719,0.08912184,MODERATE,0
3,2017,6,0,0.7992115,0.18128654,0.15421796,HIGH,1
4,2017,6,0,0.7699671,0.18128656,0.13721748,ELEVATED,1
5,2017,6,0,0.68595344,0.09626719,0.096973784,MODERATE,1
6,2017,6,0,0.7481605,0.11987382,0.12558976,ELEVATED,1
7,2017,6,1,0.7309632,0.119873814,0.11702426,ELEVATED,1
8,2017,6,0,0.673447,0.09626719,0.09197366,MODERATE,1
9,2017,6,0,0.6955305,0.09626719,0.100965396,ELEVATED,1
10,2017,6,0,0.71030784,0.10472973,0.107410565,ELEVATED,1
11,2017,6,0,0.6340123,0.08091603,0.07769353,MODERATE,0
12,2017,6,0,0.39312404,0.030303031,0.026593916,LOW,0
13,2017,6,0,0.5541433,0.06329114,0.054813437,MODERATE,0
14,2017,6,0,0.6342141,0.08091603,0.07776114,MODERATE,0
15,2017,6,0,0.6825859,0.09626719,0.09560404,MODERATE,1
16,2017,6,0,0.63855255,0.08091603,0.079228014,MODERATE,0
17,2017,6,0,0.75564075,0.13043478,0.12948017,ELEVATED,1
18,2017,6,0,0.7003708,0.09626719,0.103037775,ELEVATED,1
19,2017,6,0,0.724525,0.10472973,0.11395026,ELEVATED,1
20,2017,6,0,0.7198181,0.10472973,0.11174761,ELEVATED,1
21,2017,6,0,0.601119,0.08091603,0.06736659,MODERATE,0
22,2017,6,0,0.7465425,0.11987381,0.12476156,ELEVATED,1
23,2017,6,0,0.7609901,0.13043478,0.1323248,ELEVATED,1
24,2017,6,0,0.53346,0.049689442,0.050014704,MODERATE,0
25,2017,6,0,0.6209279,0.08091603,0.07342246,MODERATE,0
26,2017,6,0,0.44168535,0.039252337,0.03314608,LOW,0
27,2017,6,0,0.7811755,0.18128654,0.14353892,ELEVATED,1
28,2017,6,0,0.73630434,0.11987381,0.119628854,ELEVATED,1
29,2017,6,0,0.64092565,0.08091603,0.080041036,MODERATE,0
30,2017,6,0,0.7043419,0.1,0.10476603,ELEVATED,1
31,2017,6,0,0.6644044,0.096267186,0.08850395,MODERATE,0
32,2017,6,0,0.75969,0.13043478,0.13162862,ELEVATED,1
33,2017,6,0,0.7520539,0.119873814,0.12760203,ELEVATED,1
34,2017,6,0,0.3254251,0.021466905,0.019520575,LOW,0
35,2017,6,0,0.67958003,0.09626719,0.09439605,MODERATE,1
0,2017,5,0,0.6943102,0.09626719,0.100448795,ELEVATED,1
1,2017,5,0,0.4858586,0.039252337,0.040440653,LOW,0
2,2017,5,0,0.6445166,0.08091603,0.08128576,MODERATE,0
3,2017,5,0,0.7230174,0.10472973,0.113240674,ELEVATED,1
4,2017,5,0,0.732371,0.11987381,0.11770597,ELEVATED,1
5,2017,5,0,0.6171441,0.08091603,0.07222824,MODERATE,0
6,2017,5,0,0.7277817,0.119873814,0.11549634,ELEVATED,1
7,2017,5,1,0.6444142,0.080916025,0.081250034,MODERATE,0
8,2017,5,0,0.6131024,0.08091603,0.0709724,MODERATE,0
9,2017,5,0,0.60004973,0.08091603,0.06705326,MODERATE,0
10,2017,5,0,0.58311504,0.06329114,0.062267754,MODERATE,0
11,2017,5,0,0.5522613,0.049689442,0.054359436,MODERATE,0
12,2017,5,0,0.3337411,0.021466905,0.020278644,LOW,0
13,2017,5,0,0.5618845,0.06329114,0.056718666,MODERATE,0
14,2017,5,0,0.5280448,0.039252333,0.048825614,LOW,0
15,2017,5,0,0.6514968,0.08091603,0.083755955,MODERATE,0
16,2017,5,0,0.6690188,0.09626719,0.090259515,MODERATE,1
17,2017,5,0,0.68642443,0.09626719,0.097166754,MODERATE,1
18,2017,5,0,0.59719104,0.08091603,0.06622214,MODERATE,0
19,2017,5,0,0.66704273,0.09626719,0.08950391,MODERATE,0
20,2017,5,0,0.7329702,0.119873814,0.11799716,ELEVATED,1
21,2017,5,0,0.67862517,0.09626719,0.09401518,MODERATE,1
22,2017,5,0,0.74442524,0.11987382,0.12368486,ELEVATED,1
23,2017,5,0,0.65478075,0.08091603,0.08494151,MODERATE,0
24,2017,5,0,0.5507912,0.049689442,0.05400728,MODERATE,0
25,2017,5,0,0.4676285,0.039252337,0.037260335,LOW,0
26,2017,5,0,0.41845322,0.033492822,0.02983686,LOW,0
27,2017,5,0,0.7810741,0.18128654,0.14348066,ELEVATED,1
28,2017,5,0,0.6763288,0.09626719,0.09310486,MODERATE,1
29,2017,5,0,0.6685917,0.09626719,0.09009569,MODERATE,1
30,2017,5,0,0.6973889,0.096267186,0.10175667,ELEVATED,1
31,2017,5,0,0.48163673,0.039252337,0.039681755,LOW,0
32,2017,5,0,0.64763266,0.08091603,0.082380176,MODERATE,0
33,2017,5,0,0.6441844,0.08091603,0.081169896,MODERATE,0
34,2017,5,0,0.2448532,0.021466907,0.013477034,LOW,0
35,2017,5,0,0.5032522,0.039252337,0.04371631,LOW,0
0,2017,1,0,0.6448781,0.08091603,0.081412055,MODERATE,0
1,2017,1,0,0.52640754,0.039252337,0.04847141,LOW,0
2,2017,1,0,0.6802834,0.09626719,0.0946775,MODERATE,1
3,2017,1,0,0.43290764,0.033492822,0.031856045,LOW,0
4,2017,1,0,0.4522901,0.03925234,0.034772,LOW,0
5,2017,1,0,0.42611873,0.033492822,0.03089173,LOW,0
6,2017,1,0,0.67323506,0.09626719,0.09189095,MODERATE,1
7,2017,1,0,0.31405205,0.021466905,0.01852865,LOW,0
8,2017,1,0,0.2537702,0.021466903,0.014042605,LOW,0
9,2017,1,0,0.31546178,0.021466905,0.018648861,LOW,0
10,2017,1,0,0.29552582,0.021466905,0.017017752,LOW,0
11,2017,1,0,0.17270742,0.005141388,0.009656321,LOW,0
12,2017,1,0,0.112312496,0.0023023789,0.0072985757,LOW,0
13,2017,1,0,0.33619982,0.021466905,0.020508248,LOW,0
14,2017,1,0,0.3544587,0.021466905,0.022294749,LOW,0
15,2017,1,0,0.3166442,0.021466903,0.018750286,LOW,0
16,2017,1,0,0.5525253,0.049689442,0.05442291,MODERATE,0
17,2017,1,0,0.60563725,0.08091603,0.06870574,MODERATE,0
18,2017,1,0,0.30733508,0.021466905,0.01796621,LOW,0
19,2017,1,0,0.42961952,0.033492822,0.031385407,LOW,0
20,2017,1,0,0.49354288,0.039252337,0.041857764,LOW,0
21,2017,1,0,0.5942921,0.08091603,0.06538911,MODERATE,0
22,2017,1,0,0.5187277,0.03925234,0.046842273,LOW,0
23,2017,1,0,0.42811865,0.033492822,0.031172829,LOW,0
24,2017,1,0,0.28044733,0.021466903,0.015877971,LOW,0
25,2017,1,0,0.38385895,0.021466903,0.025495483,LOW,0
26,2017,1,0,0.23343833,0.021466905,0.012785734,LOW,0
27,2017,1,0,0.5168923,0.039252337,0.046460703,LOW,0
28,2017,1,0,0.5684342,0.06329114,0.05837907,MODERATE,0
29,2017,1,0,0.57970065,0.06329114,0.061342303,MODERATE,0
30,2017,1,0,0.23199016,0.021466905,0.012700566,LOW,0
31,2017,1,0,0.2611124,0.021466905,0.014525795,LOW,0
32,2017,1,0,0.17090061,0.005141388,0.009575888,LOW,0
33,2017,1,0,0.15618142,0.0051413877,0.00894488,LOW,0
34,2017,1,0,0.1528464,0.0051413877,0.008807736,LOW,0
35,2017,1,0,0.21775135,0.021466905,0.011892487,LOW,0
0,2017,11,0,0.52400607,0.03925234,0.047956288,LOW,0
1,2017,11,0,0.38951516,0.030303031,0.02616069,LOW,0
2,2017,11,0,0.4501594,0.039252337,0.034439266,LOW,0
3,2017,11,0,0.10542719,0.0023023789,0.007069048,LOW,0
4,2017,11,0,0.09063671,0.002302379,0.0065999436,LOW,0
5,2017,11,0,0.2775905,0.021466905,0.015670642,LOW,0
6,2017,11,0,0.4614866,0.039252337,0.036244035,LOW,0
7,2017,11,0,0.110423975,0.0023023789,0.007234894,LOW,0
8,2017,11,0,0.07555596,0.0023023789,0.0061534736,LOW,0
9,2017,11,0,0.089133374,0.0023023789,0.00655403,LOW,0
10,2017,11,0,0.07075,0.0023023789,0.0060175983,LOW,0
11,2017,11,0,0.05622937,0.0023023789,0.0056249257,LOW,0
12,2017,11,0,0.08101043,0.0023023789,0.0063113794,LOW,0
13,2017,11,0,0.095337294,0.002302379,0.0067455773,LOW,0
14,2017,11,0,0.1399682,0.005141388,0.008297442,LOW,0
15,2017,11,0,0.07992586,0.0023023789,0.006279664,LOW,0
16,2017,11,0,0.34973085,0.021466905,0.021818072,LOW,0
17,2017,11,0,0.23461692,0.021466905,0.012855455,LOW,0
18,2017,11,0,0.0895314,0.0023023789,0.0065661557,LOW,0
19,2017,11,0,0.13430567,0.005141388,0.0080824485,LOW,0
20,2017,11,0,0.2836143,0.021466903,0.016110953,LOW,0
21,2017,11,0,0.29330388,0.021466905,0.016844874,LOW,0
22,2017,11,0,0.19144206,0.021466905,0.010530786,LOW,0
23,2017,11,0,0.08033601,0.0023023789,0.00629164,LOW,0
24,2017,11,0,0.10373635,0.0023023789,0.007013788,LOW,0
25,2017,11,0,0.18950692,0.021466905,0.010436947,LOW,0
26,2017,11,0,0.07987075,0.0023023789,0.006278057,LOW,0
27,2017,11,0,0.3458128,0.021466905,0.021430604,LOW,0
28,2017,11,0,0.22331147,0.021466905,0.012201803,LOW,0
29,2017,11,0,0.23131533,0.021466905,0.012661074,LOW,0
30,2017,11,0,0.11660217,0.002302379,0.0074453033,LOW,0
31,2017,11,0,0.05525804,0.002302379,0.0055995868,LOW,0
32,2017,11,0,0.06372963,0.0023023789,0.005824461,LOW,0
33,2017,11,0,0.05344359,0.0023023789,0.0055525573,LOW,0
34,2017,11,0,0.051079202,0.0,0.0054918625,LOW,0
35,2017,11,0,0.06291838,0.0023023789,0.0058025434,LOW,0
